BOSS ZMAT generated by LigParGen2.1 (israel.cabezadevaca@yale.edu) 
   1 DUM   -1   -1    0    0.000000   0    0.000000   0    0.000000 MOL    1
   2 DUM   -1   -1    1    1.000000   0    0.000000   0    0.000000 MOL    1
   3 DUM   -1   -1    2    1.000000   1   90.000000   0    0.000000 MOL    1
   4 C      6    6    3   21.416012   2  173.806224   1   95.986941 MOL    1
   5 C      6    6    4    1.388909   3   48.503365   2  -39.090261 MOL    1
   6 C      6    6    4    1.396900   5  119.405236   3   25.697244 MOL    1
   7 C      6    6    4    1.479839   5  119.617522   3 -154.983279 MOL    1
   8 C      6    6    7    1.389909   4  121.328291   5   70.771612 MOL    1
   9 C      6    6    7    1.389767   4  120.191525   5 -108.930219 MOL    1
  10 C      6    6    9    1.382476   7  120.886054   4  179.956381 MOL    1
  11 C      6    6   10    1.389132   9  120.790238   7    0.312034 MOL    1
  12 C      6    6   11    1.391397  10  118.234251   9   -0.425334 MOL    1
  13 C      6    6   11    1.514080  10  121.717868   9 -178.546775 MOL    1
  14 C      6    6   13    1.503866  11  112.597601  10  -22.597298 MOL    1
  15 C      6    6   14    1.399512  13  122.906700  11  -88.985894 MOL    1
  16 C      6    6   15    1.397570  14  118.073462  13  174.946496 MOL    1
  17 C      6    6   15    1.473471  14  124.070676  13  -12.504113 MOL    1
  18 C      6    6   17    1.391729  15  125.419549  14   47.025308 MOL    1
  19 C      6    6   18    1.386043  17  120.521638  15 -175.470616 MOL    1
  20 C      6    6   19    1.386416  18  121.112634  17   -2.337217 MOL    1
  21 C      6    6   20    1.393587  19  118.689667  18   -1.063087 MOL    1
  22 C      6    6   17    1.395554  15  116.683737  14 -131.395519 MOL    1
  23 C      6    6    6    1.508547   4  120.790716   5 -172.102495 MOL    1
  24 C      6    6   21    1.499835  20  118.574974  19 -176.162894 MOL    1
  25 C      6    6   20    1.504319  19  122.886205  18  179.516048 MOL    1
  26 C      6    6    5    1.385886   4  121.519760   6    0.340719 MOL    1
  27 C      6    6   26    1.390869   5  119.144657   4   -1.493683 MOL    1
  28 C      6    6   27    1.385593  26  119.339226   5    1.116240 MOL    1
  29 C      6    6   14    1.390942  13  118.163876  11   91.345020 MOL    1
  30 C      6    6   16    1.377378  15  122.014607  14    4.844521 MOL    1
  31 C      6    6   30    1.389347  16  120.006018  15    0.384182 MOL    1
  32 C      6    6   23    1.508101   6  106.401881   4   76.375186 MOL    1
  33 C      6    6   25    1.506769  20  111.288069  19 -145.060826 MOL    1
  34 C      6    6   33    1.393417  25  118.284798  20  -37.083864 MOL    1
  35 C      6    6   34    1.385312  33  119.711461  25 -179.919709 MOL    1
  36 C      6    6   31    1.506885  30  120.373194  16  172.591247 MOL    1
  37 C      6    6   27    1.501095  26  119.431475   5  179.019043 MOL    1
  38 C      6    6   26    1.502106   5  121.748429   4  177.723410 MOL    1
  39 C      6    6   32    1.387256  23  122.285514   6 -112.415849 MOL    1
  40 C      6    6   32    1.386228  23  119.067655   6   62.836983 MOL    1
  41 C      6    6   33    1.385305  25  122.177550  20  144.019560 MOL    1
  42 C      6    6   35    1.379332  34  120.510157  33    1.216324 MOL    1
  43 C      6    6   37    1.501032  27  112.023528  26   33.700664 MOL    1
  44 C      6    6   43    1.392565  37  119.377216  27  -32.237329 MOL    1
  45 C      6    6   36    1.508321  31  112.474623  30   73.267891 MOL    1
  46 C      6    6   40    1.387094  32  122.128719  23 -171.908627 MOL    1
  47 C      6    6   46    1.396728  40  118.993481  32   -1.309782 MOL    1
  48 C      6    6   39    1.382115  32  120.012849  23  173.015457 MOL    1
  49 C      6    6   47    1.475087  46  121.406101  40  177.683799 MOL    1
  50 C      6    6   49    1.394463  47  120.782862  46  -59.009014 MOL    1
  51 C      6    6   50    1.380144  49  120.628600  47  177.921681 MOL    1
  52 C      6    6   51    1.389958  50  120.695325  49   -0.139234 MOL    1
  53 C      6    6   52    1.387979  51  118.686785  50    1.645311 MOL    1
  54 C      6    6   53    1.383166  52  120.765985  51   -1.387127 MOL    1
  55 C      6    6   52    1.505076  51  119.638456  50  179.593407 MOL    1
  56 C      6    6   55    1.509273  52  108.290382  51  -75.765798 MOL    1
  57 C      6    6   56    1.389213  55  118.098367  52  -70.893753 MOL    1
  58 C      6    6   57    1.380835  56  121.616588  55  175.682576 MOL    1
  59 C      6    6   58    1.395555  57  119.551843  56   -0.139763 MOL    1
  60 C      6    6   59    1.380285  58  119.205641  57   -0.203663 MOL    1
  61 C      6    6   56    1.396621  55  122.784162  52  104.426073 MOL    1
  62 C      6    6   61    1.472233  56  122.619327  55    5.263005 MOL    1
  63 C      6    6   62    1.395926  61  121.370664  56   59.936650 MOL    1
  64 C      6    6   63    1.379023  62  120.745275  61  178.869367 MOL    1
  65 C      6    6   64    1.394576  63  120.670244  62   -0.100418 MOL    1
  66 C      6    6   65    1.394074  64  118.677068  63    0.024586 MOL    1
  67 C      6    6   66    1.378891  65  120.611074  64   -0.546856 MOL    1
  68 C      6    6   65    1.486513  64  120.543952  63  178.354777 MOL    1
  69 Cl    17   17   68    1.815388  65  110.125270  64  -85.610719 MOL    1
  70 C      6    6   59    1.503170  58  117.694829  57  178.222300 MOL    1
  71 C      6    6   70    1.503379  59  108.895911  58  -42.447210 MOL    1
  72 C      6    6   71    1.395009  70  117.757475  59   42.083086 MOL    1
  73 C      6    6   72    1.502345  71  117.617591  70    0.973097 MOL    1
  74 C      6    6   71    1.386798  70  123.239181  59 -136.083005 MOL    1
  75 C      6    6   74    1.381304  71  120.690943  70  178.155386 MOL    1
  76 C      6    6   75    1.398695  74  120.987232  71   -0.871764 MOL    1
  77 C      6    6   76    1.399585  75  117.728653  74    0.657420 MOL    1
  78 C      6    6   76    1.458373  75  122.052221  74 -178.198782 MOL    1
  79 C      6    6   78    1.399447  76  122.148130  75   29.152250 MOL    1
  80 C      6    6   79    1.375508  78  120.494328  76  177.861187 MOL    1
  81 C      6    6   78    1.399772  76  120.297923  75 -152.373413 MOL    1
  82 C      6    6   81    1.378624  78  122.583121  76 -176.658663 MOL    1
  83 C      6    6   82    1.404906  81  119.148953  78   -1.306803 MOL    1
  84 C      6    6   83    1.483465  82  122.011363  81 -178.903243 MOL    1
  85 Cl    17   17   84    1.823968  83  110.921097  82   76.865984 MOL    1
  86 C      6    6   82    1.512610  81  120.753561  78  178.457619 MOL    1
  87 C      6    6   86    1.500503  82  113.574596  81   -1.081276 MOL    1
  88 C      6    6   87    1.390218  86  120.843297  82  -84.197423 MOL    1
  89 C      6    6   88    1.381220  87  120.999989  86 -179.831498 MOL    1
  90 C      6    6   89    1.394369  88  120.699085  87    0.381270 MOL    1
  91 C      6    6   90    1.393539  89  118.174173  88   -1.557534 MOL    1
  92 C      6    6   91    1.381302  90  120.896563  89    1.205264 MOL    1
  93 C      6    6   42    1.393598  35  120.574106  34   -0.301055 MOL    1
  94 C      6    6   43    1.381890  37  121.569810  27  148.673004 MOL    1
  95 C      6    6   44    1.383510  43  119.062182  37  177.673813 MOL    1
  96 C      6    6   45    1.387381  36  118.531560  31   85.404628 MOL    1
  97 C      6    6   45    1.399652  36  122.746404  31  -93.205558 MOL    1
  98 C      6    6   97    1.472376  45  123.335111  36   -2.225344 MOL    1
  99 C      6    6   98    1.396293  97  119.940931  45  122.024670 MOL    1
 100 C      6    6   99    1.377591  98  120.932691  97  179.414994 MOL    1
 101 C      6    6   98    1.397377  97  121.691587  45  -60.488480 MOL    1
 102 C      6    6  101    1.377318  98  120.763287  97 -179.106304 MOL    1
 103 C      6    6  102    1.395519 101  120.785288  98    0.512078 MOL    1
 104 C      6    6  103    1.485283 102  120.728598 101 -178.115177 MOL    1
 105 Cl    17   17  104    1.819168 103  110.062600 102   89.258291 MOL    1
 106 C      6    6   46    1.505097  40  117.751804  32  177.681759 MOL    1
 107 C      6    6  106    1.506761  46  111.226738  40  -56.031577 MOL    1
 108 C      6    6  107    1.389763 106  121.201228  46  -30.359218 MOL    1
 109 C      6    6  108    1.378792 107  120.916996 106  176.155384 MOL    1
 110 C      6    6   94    1.394428  43  122.137343  37  179.175967 MOL    1
 111 C      6    6  110    1.399656  94  118.595272  43    3.340656 MOL    1
 112 C      6    6  111    1.509477 110  122.635899  94  168.719722 MOL    1
 113 C      6    6  112    1.506667 111  106.261303 110  -96.025516 MOL    1
 114 C      6    6  113    1.386100 112  122.104085 111 -106.148514 MOL    1
 115 C      6    6  114    1.381336 113  120.054997 112  175.025625 MOL    1
 116 C      6    6  115    1.392920 114  121.449478 113   -0.348881 MOL    1
 117 C      6    6  116    1.402207 115  118.841773 114    0.274142 MOL    1
 118 C      6    6  117    1.383900 116  118.865868 115    0.243120 MOL    1
 119 C      6    6  116    1.472539 115  118.064726 114 -176.908249 MOL    1
 120 C      6    6  119    1.393325 116  122.476103 115 -123.378454 MOL    1
 121 C      6    6  120    1.379930 119  120.716536 116  179.841190 MOL    1
 122 C      6    6  121    1.391462 120  120.790117 119   -0.604280 MOL    1
 123 C      6    6  122    1.393665 121  118.579739 120   -0.352181 MOL    1
 124 C      6    6  119    1.395928 116  119.164801 115   54.821286 MOL    1
 125 C      6    6  122    1.487801 121  121.212805 120  178.555295 MOL    1
 126 Cl    17   17  125    1.814417 122  110.324170 121 -100.249376 MOL    1
 127 C      6    6  117    1.508566 116  121.795598 115 -175.009219 MOL    1
 128 C      6    6  127    1.503788 117  110.756948 116   46.005140 MOL    1
 129 C      6    6  128    1.390277 127  119.926112 117   44.792998 MOL    1
 130 C      6    6  129    1.379045 128  120.574879 127 -171.952154 MOL    1
 131 C      6    6  130    1.392432 129  120.644052 128   -1.222902 MOL    1
 132 C      6    6  128    1.388096 127  121.336265 117 -132.346915 MOL    1
 133 C      6    6  132    1.380891 128  120.708186 127  172.775552 MOL    1
 134 C      6    6  131    1.468019 130  121.222394 129  171.444482 MOL    1
 135 C      6    6  134    1.391460 131  118.980377 130  -44.133987 MOL    1
 136 C      6    6  135    1.382566 134  121.135534 131 -173.467209 MOL    1
 137 C      6    6  134    1.391177 131  122.188961 130  140.032634 MOL    1
 138 C      6    6  137    1.382408 134  120.316704 131  175.188802 MOL    1
 139 C      6    6  138    1.386811 137  120.715532 134   -1.589408 MOL    1
 140 C      6    6  136    1.502353 135  121.250886 134  175.996863 MOL    1
 141 C      6    6  140    1.500391 136  111.327922 135  145.685075 MOL    1
 142 C      6    6  141    1.393247 140  118.856466 136   36.044257 MOL    1
 143 C      6    6  139    1.502180 138  121.790230 137 -176.517276 MOL    1
 144 C      6    6  142    1.381416 141  119.138912 140  178.307425 MOL    1
 145 C      6    6  109    1.394895 108  121.007839 107    0.089890 MOL    1
 146 C      6    6  145    1.393685 109  117.911622 108    2.533259 MOL    1
 147 C      6    6  146    1.380609 145  120.887605 109   -2.614468 MOL    1
 148 C      6    6  110    1.473889  94  118.200864  43 -174.892152 MOL    1
 149 C      6    6  145    1.467289 109  120.561167 108 -173.182868 MOL    1
 150 C      6    6  148    1.394162 110  121.127300  94  128.164137 MOL    1
 151 C      6    6  148    1.393170 110  120.955707  94  -48.154127 MOL    1
 152 C      6    6  149    1.393385 145  122.000894 109  -36.898865 MOL    1
 153 C      6    6  149    1.393586 145  119.759884 109  138.788293 MOL    1
 154 C      6    6  150    1.380108 148  121.070582 110 -175.749549 MOL    1
 155 C      6    6  151    1.381872 148  120.919192 110  175.053557 MOL    1
 156 C      6    6  153    1.383088 149  121.591716 145 -173.281859 MOL    1
 157 C      6    6  152    1.380445 149  120.494439 145  174.268442 MOL    1
 158 C      6    6  155    1.390378 151  121.097482 148    0.239544 MOL    1
 159 C      6    6  157    1.388141 152  121.004842 149   -0.876344 MOL    1
 160 C      6    6  156    1.499456 153  120.536062 149  176.711766 MOL    1
 161 C      6    6  158    1.509078 155  120.706117 151 -176.675848 MOL    1
 162 C      6    6  160    1.498587 156  112.398943 153  150.814741 MOL    1
 163 C      6    6  162    1.390822 160  119.509955 156   33.331351 MOL    1
 164 C      6    6  163    1.385962 162  118.842950 160  175.539281 MOL    1
 165 C      6    6  161    1.505229 158  111.664843 155  153.875278 MOL    1
 166 C      6    6  165    1.385540 161  117.322515 158  -55.580924 MOL    1
 167 C      6    6  163    1.503109 162  119.883215 160   -2.977886 MOL    1
 168 C      6    6  162    1.386295 160  120.847115 156 -149.691990 MOL    1
 169 C      6    6  168    1.386502 162  121.903402 160 -174.976110 MOL    1
 170 C      6    6  169    1.396964 168  118.494822 162   -0.625222 MOL    1
 171 C      6    6  169    1.509598 168  119.990024 162  171.728118 MOL    1
 172 C      6    6  171    1.507515 169  106.664066 168 -102.073142 MOL    1
 173 C      6    6  172    1.389726 171  122.470786 169 -115.301953 MOL    1
 174 C      6    6  173    1.379421 172  120.054951 171  172.088147 MOL    1
 175 C      6    6  174    1.397446 173  121.594545 172   -2.014135 MOL    1
 176 C      6    6  175    1.467784 174  118.520143 173 -174.519284 MOL    1
 177 C      6    6  176    1.397726 175  120.363399 174  -52.245651 MOL    1
 178 C      6    6  177    1.377360 176  120.967761 175  179.220951 MOL    1
 179 C      6    6  178    1.396665 177  120.683761 176   -0.375024 MOL    1
 180 C      6    6  176    1.399324 175  121.385218 174  125.342783 MOL    1
 181 C      6    6  180    1.377618 176  120.788724 175 -178.812621 MOL    1
 182 C      6    6  179    1.482966 178  120.615285 177 -179.003418 MOL    1
 183 Cl    17   17  182    1.821684 179  110.336541 178   85.495965 MOL    1
 184 C      6    6  170    1.474749 169  121.294123 168  176.182167 MOL    1
 185 C      6    6  184    1.393043 170  119.637366 169 -112.714742 MOL    1
 186 C      6    6  185    1.379270 184  120.756283 170  178.165157 MOL    1
 187 C      6    6  186    1.392621 185  120.473446 184    0.318413 MOL    1
 188 C      6    6  187    1.392391 186  118.814339 185    1.389146 MOL    1
 189 C      6    6  188    1.379958 187  120.669332 186   -1.740822 MOL    1
 190 C      6    6  187    1.488665 186  120.630055 185  179.555800 MOL    1
 191 Cl    17   17  190    1.810654 187  110.045873 186  -92.394674 MOL    1
 192 H      1    1  189    1.080838 188  119.991464 187  179.519694 MOL    1
 193 H      1    1  188    1.081390 187  119.425522 186  178.417277 MOL    1
 194 H      1    1  185    1.080709 184  119.188724 170   -0.616547 MOL    1
 195 H      1    1  186    1.079900 185  119.899302 184 -179.161638 MOL    1
 196 H      1    1  190    1.088899 187  112.321914 186  150.323763 MOL    1
 197 H      1    1  190    1.088938 187  112.204864 186   25.000944 MOL    1
 198 H      1    1  168    1.081998 162  118.816765 160    3.357986 MOL    1
 199 H      1    1  164    1.081557 163  119.685919 162 -179.367156 MOL    1
 200 H      1    1  171    1.089841 169  111.595443 168  137.884140 MOL    1
 201 H      1    1  171    1.091928 169  109.522199 168   17.442272 MOL    1
 202 H      1    1  173    1.080541 172  120.052577 171   -6.480519 MOL    1
 203 H      1    1  174    1.080432 173  119.567637 172 -178.410780 MOL    1
 204 H      1    1  166    1.081613 165  118.554407 161    0.225779 MOL    1
 205 H      1    1  177    1.080419 176  119.059345 175   -1.909238 MOL    1
 206 H      1    1  178    1.080337 177  120.003985 176  179.531524 MOL    1
 207 H      1    1  180    1.080125 176  119.520520 175   -0.618575 MOL    1
 208 H      1    1  181    1.080783 180  119.800664 176  179.445030 MOL    1
 209 H      1    1  182    1.088425 179  112.605905 178  -31.453036 MOL    1
 210 H      1    1  182    1.088888 179  112.477711 178 -157.367465 MOL    1
 211 H      1    1  167    1.092229 163  110.256033 162 -153.352551 MOL    1
 212 H      1    1  167    1.097879 163  109.033464 162   89.293241 MOL    1
 213 H      1    1  160    1.097023 156  108.186490 153  -90.416800 MOL    1
 214 H      1    1  160    1.093073 156  110.403694 153   26.838140 MOL    1
 215 H      1    1  153    1.081313 149  119.479298 145    3.982923 MOL    1
 216 H      1    1  157    1.081415 152  119.654640 149 -179.890464 MOL    1
 217 H      1    1  152    1.080878 149  119.681289 145   -6.550128 MOL    1
 218 H      1    1  146    1.080874 145  119.601088 109  177.330673 MOL    1
 219 H      1    1  147    1.080962 146  119.603464 145 -179.013349 MOL    1
 220 H      1    1  108    1.080404 107  119.766719 106   -1.625526 MOL    1
 221 H      1    1  109    1.079576 108  119.143830 107 -177.357245 MOL    1
 222 H      1    1  161    1.092768 158  110.024710 155  -82.674034 MOL    1
 223 H      1    1  161    1.095965 158  108.346571 155   33.989208 MOL    1
 224 H      1    1  154    1.080347 150  119.069572 148  179.052963 MOL    1
 225 H      1    1  150    1.078819 148  120.151360 110    1.875603 MOL    1
 226 H      1    1  155    1.081968 151  119.489103 148 -178.884052 MOL    1
 227 H      1    1  151    1.081600 148  119.349581 110   -4.792778 MOL    1
 228 H      1    1   94    1.082383  43  119.027106  37    0.246149 MOL    1
 229 H      1    1   95    1.082548  44  119.060541  43 -176.741475 MOL    1
 230 H      1    1  112    1.092152 111  110.356902 110  144.542938 MOL    1
 231 H      1    1  112    1.088021 111  111.558333 110   23.049486 MOL    1
 232 H      1    1  114    1.081441 113  120.138232 112   -4.693274 MOL    1
 233 H      1    1  115    1.081003 114  119.805220 113  179.736752 MOL    1
 234 H      1    1  118    1.081435 117  119.147971 116 -179.152855 MOL    1
 235 H      1    1  120    1.080051 119  119.546408 116    0.612270 MOL    1
 236 H      1    1  124    1.080452 119  118.999438 116    1.579131 MOL    1
 237 H      1    1  123    1.081241 122  119.151815 121  179.858604 MOL    1
 238 H      1    1  121    1.081275 120  119.821209 119  179.698298 MOL    1
 239 H      1    1  125    1.089395 122  112.242100 121  142.776587 MOL    1
 240 H      1    1  125    1.089034 122  112.301806 121   17.582639 MOL    1
 241 H      1    1  127    1.092766 117  110.600179 116  -75.640270 MOL    1
 242 H      1    1  127    1.095237 117  108.560649 116  166.826364 MOL    1
 243 H      1    1  129    1.080663 128  119.424735 127    5.346044 MOL    1
 244 H      1    1  130    1.080295 129  119.805505 128  178.188260 MOL    1
 245 H      1    1  132    1.080865 128  119.722785 127   -4.745222 MOL    1
 246 H      1    1  133    1.079891 132  119.890569 128 -176.815694 MOL    1
 247 H      1    1  135    1.081228 134  119.124081 131    3.619969 MOL    1
 248 H      1    1  137    1.080435 134  119.679273 131   -5.231202 MOL    1
 249 H      1    1  138    1.081463 137  119.735686 134  179.744992 MOL    1
 250 H      1    1  143    1.098642 139  108.174729 138   95.433804 MOL    1
 251 H      1    1  143    1.091864 139  110.791147 138  -22.023707 MOL    1
 252 H      1    1  140    1.091980 136  110.679555 135   22.062809 MOL    1
 253 H      1    1  140    1.098597 136  108.159629 135  -95.425743 MOL    1
 254 H      1    1   96    1.082207  45  118.900365  36    0.376399 MOL    1
 255 H      1    1  144    1.081483 142  119.649904 141 -179.848046 MOL    1
 256 H      1    1   99    1.081171  98  118.967519  97   -1.899339 MOL    1
 257 H      1    1  100    1.080324  99  120.011743  98  178.832471 MOL    1
 258 H      1    1  101    1.081296  98  119.473377  97   -0.759337 MOL    1
 259 H      1    1  102    1.081222 101  119.911240  98 -179.864505 MOL    1
 260 H      1    1  104    1.088700 103  112.501212 102  -27.853654 MOL    1
 261 H      1    1  104    1.088762 103  112.446477 102 -153.656168 MOL    1
 262 H      1    1   38    1.098214  26  108.645341   5  -95.298510 MOL    1
 263 H      1    1   38    1.091874  26  110.654608   5   22.532112 MOL    1
 264 H      1    1   37    1.093019  27  110.516816  26  157.303932 MOL    1
 265 H      1    1   37    1.096621  27  107.920027  26  -85.595329 MOL    1
 266 H      1    1   28    1.082256  27  118.910598  26  179.713775 MOL    1
 267 H      1    1    5    1.082052   4  118.813053   6  179.907136 MOL    1
 268 H      1    1   12    1.081560  11  119.373090  10  179.742304 MOL    1
 269 H      1    1    8    1.080101   7  119.409282   4    0.616105 MOL    1
 270 H      1    1    9    1.082390   7  119.419581   4    0.565387 MOL    1
 271 H      1    1   10    1.080719   9  119.331136   7 -179.975908 MOL    1
 272 H      1    1   36    1.093022  31  109.095561  30 -165.863318 MOL    1
 273 H      1    1   36    1.089783  31  107.753730  30  -48.290830 MOL    1
 274 H      1    1   30    1.079901  16  120.007924  15  177.808866 MOL    1
 275 H      1    1   16    1.080993  15  118.859942  14 -176.117328 MOL    1
 276 H      1    1   29    1.082904  14  118.381132  13    2.645045 MOL    1
 277 H      1    1   13    1.092694  11  109.409763  10 -146.005803 MOL    1
 278 H      1    1   13    1.095446  11  107.693156  10   97.529727 MOL    1
 279 H      1    1   18    1.079253  17  120.171782  15    5.266913 MOL    1
 280 H      1    1   19    1.080717  18  119.420745  17  178.115831 MOL    1
 281 H      1    1   22    1.080888  17  119.313912  15   -0.895172 MOL    1
 282 H      1    1  106    1.094692  46  109.058973  40   63.827799 MOL    1
 283 H      1    1  106    1.092715  46  110.711175  40 -178.441806 MOL    1
 284 H      1    1   40    1.080019  32  119.339619  23    5.549441 MOL    1
 285 H      1    1   48    1.080975  39  119.795987  32 -178.575541 MOL    1
 286 H      1    1   39    1.079760  32  119.962141  23   -6.183809 MOL    1
 287 H      1    1   23    1.092405   6  109.784585   4 -164.328814 MOL    1
 288 H      1    1   23    1.089948   6  111.435891   4  -43.545249 MOL    1
 289 H      1    1   50    1.081048  49  119.529427  47   -2.299858 MOL    1
 290 H      1    1   51    1.080010  50  119.923492  49 -179.515566 MOL    1
 291 H      1    1   53    1.081541  52  119.734027  51  179.551898 MOL    1
 292 H      1    1   54    1.081281  53  120.091060  52 -178.854009 MOL    1
 293 H      1    1   55    1.092261  52  109.958533  51  164.362557 MOL    1
 294 H      1    1   55    1.089321  52  109.328323  51   44.865300 MOL    1
 295 H      1    1   60    1.082098  59  119.838137  58  179.253881 MOL    1
 296 H      1    1   57    1.080615  56  119.009486  55   -3.981706 MOL    1
 297 H      1    1   63    1.081274  62  119.331239  61    0.264084 MOL    1
 298 H      1    1   64    1.079972  63  119.977078  62 -179.891729 MOL    1
 299 H      1    1   66    1.080630  65  119.430403  64  179.486818 MOL    1
 300 H      1    1   67    1.081653  66  120.076865  65  179.944727 MOL    1
 301 H      1    1   68    1.089556  65  112.341673  64  157.023836 MOL    1
 302 H      1    1   68    1.089514  65  112.371810  64   31.596659 MOL    1
 303 H      1    1   70    1.090546  59  111.127225  58 -165.210797 MOL    1
 304 H      1    1   70    1.098659  59  108.655272  58   76.159464 MOL    1
 305 H      1    1   73    1.091181  72  111.201628  71 -166.412150 MOL    1
 306 H      1    1   73    1.097740  72  108.830256  71   74.853446 MOL    1
 307 H      1    1   77    1.080047  76  119.742221  75 -178.056716 MOL    1
 308 H      1    1   75    1.079497  74  119.280654  71  178.160811 MOL    1
 309 H      1    1   74    1.081989  71  119.591772  70   -2.157823 MOL    1
 310 H      1    1   80    1.081468  79  119.578867  78  179.923390 MOL    1
 311 H      1    1   79    1.079269  78  120.009466  76   -0.553414 MOL    1
 312 H      1    1   81    1.079147  78  118.756816  76    4.515209 MOL    1
 313 H      1    1   84    1.089356  83  113.388111  82  -40.665561 MOL    1
 314 H      1    1   84    1.088952  83  111.859373  82 -166.202779 MOL    1
 315 H      1    1   86    1.096132  82  108.410620  81 -122.337210 MOL    1
 316 H      1    1   86    1.094560  82  108.574967  81  121.106880 MOL    1
 317 H      1    1   88    1.082164  87  119.340756  86   -0.195980 MOL    1
 318 H      1    1   41    1.081936  33  119.572796  25   -1.867365 MOL    1
 319 H      1    1   42    1.080232  35  119.842529  34  177.894619 MOL    1
 320 H      1    1   35    1.082024  34  119.546861  33 -179.583327 MOL    1
 321 H      1    1   24    1.091533  21  110.964797  20 -163.769489 MOL    1
 322 H      1    1   24    1.098448  21  108.258695  20   78.431141 MOL    1
 323 H      1    1   25    1.098338  20  108.429224  19   96.071863 MOL    1
 324 H      1    1   25    1.092208  20  110.617726  19  -21.503423 MOL    1
 325 H      1    1   92    1.080530  91  119.738630  90 -179.777879 MOL    1
 326 H      1    1   91    1.080315  90  119.453026  89 -178.017231 MOL    1
 327 H      1    1   89    1.081067  88  119.846219  87  178.503491 MOL    1
                    Geometry Variations follow    (2I4,F12.6)
                    Variable Bonds follow         (I4)
   5                            
   6                            
   7                            
   8                            
   9                            
  10                            
  11                            
  12                            
  13                            
  14                            
  15                            
  16                            
  17                            
  18                            
  19                            
  20                            
  21                            
  22                            
  23                            
  24                            
  25                            
  26                            
  27                            
  28                            
  29                            
  30                            
  31                            
  32                            
  33                            
  34                            
  35                            
  36                            
  37                            
  38                            
  39                            
  40                            
  41                            
  42                            
  43                            
  44                            
  45                            
  46                            
  47                            
  48                            
  49                            
  50                            
  51                            
  52                            
  53                            
  54                            
  55                            
  56                            
  57                            
  58                            
  59                            
  60                            
  61                            
  62                            
  63                            
  64                            
  65                            
  66                            
  67                            
  68                            
  69                            
  70                            
  71                            
  72                            
  73                            
  74                            
  75                            
  76                            
  77                            
  78                            
  79                            
  80                            
  81                            
  82                            
  83                            
  84                            
  85                            
  86                            
  87                            
  88                            
  89                            
  90                            
  91                            
  92                            
  93                            
  94                            
  95                            
  96                            
  97                            
  98                            
  99                            
 100                            
 101                            
 102                            
 103                            
 104                            
 105                            
 106                            
 107                            
 108                            
 109                            
 110                            
 111                            
 112                            
 113                            
 114                            
 115                            
 116                            
 117                            
 118                            
 119                            
 120                            
 121                            
 122                            
 123                            
 124                            
 125                            
 126                            
 127                            
 128                            
 129                            
 130                            
 131                            
 132                            
 133                            
 134                            
 135                            
 136                            
 137                            
 138                            
 139                            
 140                            
 141                            
 142                            
 143                            
 144                            
 145                            
 146                            
 147                            
 148                            
 149                            
 150                            
 151                            
 152                            
 153                            
 154                            
 155                            
 156                            
 157                            
 158                            
 159                            
 160                            
 161                            
 162                            
 163                            
 164                            
 165                            
 166                            
 167                            
 168                            
 169                            
 170                            
 171                            
 172                            
 173                            
 174                            
 175                            
 176                            
 177                            
 178                            
 179                            
 180                            
 181                            
 182                            
 183                            
 184                            
 185                            
 186                            
 187                            
 188                            
 189                            
 190                            
 191                            
 192                            
 193                            
 194                            
 195                            
 196                            
 197                            
 198                            
 199                            
 200                            
 201                            
 202                            
 203                            
 204                            
 205                            
 206                            
 207                            
 208                            
 209                            
 210                            
 211                            
 212                            
 213                            
 214                            
 215                            
 216                            
 217                            
 218                            
 219                            
 220                            
 221                            
 222                            
 223                            
 224                            
 225                            
 226                            
 227                            
 228                            
 229                            
 230                            
 231                            
 232                            
 233                            
 234                            
 235                            
 236                            
 237                            
 238                            
 239                            
 240                            
 241                            
 242                            
 243                            
 244                            
 245                            
 246                            
 247                            
 248                            
 249                            
 250                            
 251                            
 252                            
 253                            
 254                            
 255                            
 256                            
 257                            
 258                            
 259                            
 260                            
 261                            
 262                            
 263                            
 264                            
 265                            
 266                            
 267                            
 268                            
 269                            
 270                            
 271                            
 272                            
 273                            
 274                            
 275                            
 276                            
 277                            
 278                            
 279                            
 280                            
 281                            
 282                            
 283                            
 284                            
 285                            
 286                            
 287                            
 288                            
 289                            
 290                            
 291                            
 292                            
 293                            
 294                            
 295                            
 296                            
 297                            
 298                            
 299                            
 300                            
 301                            
 302                            
 303                            
 304                            
 305                            
 306                            
 307                            
 308                            
 309                            
 310                            
 311                            
 312                            
 313                            
 314                            
 315                            
 316                            
 317                            
 318                            
 319                            
 320                            
 321                            
 322                            
 323                            
 324                            
 325                            
 326                            
 327                            
                    Additional Bonds follow       (2I4)
  12   8                        
  22  21                        
  28   6                        
  31  29                        
  34  24                        
  44  38                        
  48  47                        
  54  49                        
  61  60                        
  67  62                        
  73  58                        
  77  72                        
  83  80                        
  92  87                        
  93  41                        
  93  90                        
 103 100                        
 111  95                        
 118 113                        
 124 123                        
 133 131                        
 139 136                        
 141  96                        
 143 142                        
 144  97                        
 147 107                        
 158 154                        
 159 156                        
 167 159                        
 170 164                        
 172 166                        
 175 165                        
 181 179                        
 189 184                        
                    Harmonic Constraints follow   (2I4,4F10.4)
                    Variable Bond Angles follow   (I4)
   6                         
   7                         
   8                         
   9                         
  10                         
  11                         
  12                         
  13                         
  14                         
  15                         
  16                         
  17                         
  18                         
  19                         
  20                         
  21                         
  22                         
  23                         
  24                         
  25                         
  26                         
  27                         
  28                         
  29                         
  30                         
  31                         
  32                         
  33                         
  34                         
  35                         
  36                         
  37                         
  38                         
  39                         
  40                         
  41                         
  42                         
  43                         
  44                         
  45                         
  46                         
  47                         
  48                         
  49                         
  50                         
  51                         
  52                         
  53                         
  54                         
  55                         
  56                         
  57                         
  58                         
  59                         
  60                         
  61                         
  62                         
  63                         
  64                         
  65                         
  66                         
  67                         
  68                         
  69                         
  70                         
  71                         
  72                         
  73                         
  74                         
  75                         
  76                         
  77                         
  78                         
  79                         
  80                         
  81                         
  82                         
  83                         
  84                         
  85                         
  86                         
  87                         
  88                         
  89                         
  90                         
  91                         
  92                         
  93                         
  94                         
  95                         
  96                         
  97                         
  98                         
  99                         
 100                         
 101                         
 102                         
 103                         
 104                         
 105                         
 106                         
 107                         
 108                         
 109                         
 110                         
 111                         
 112                         
 113                         
 114                         
 115                         
 116                         
 117                         
 118                         
 119                         
 120                         
 121                         
 122                         
 123                         
 124                         
 125                         
 126                         
 127                         
 128                         
 129                         
 130                         
 131                         
 132                         
 133                         
 134                         
 135                         
 136                         
 137                         
 138                         
 139                         
 140                         
 141                         
 142                         
 143                         
 144                         
 145                         
 146                         
 147                         
 148                         
 149                         
 150                         
 151                         
 152                         
 153                         
 154                         
 155                         
 156                         
 157                         
 158                         
 159                         
 160                         
 161                         
 162                         
 163                         
 164                         
 165                         
 166                         
 167                         
 168                         
 169                         
 170                         
 171                         
 172                         
 173                         
 174                         
 175                         
 176                         
 177                         
 178                         
 179                         
 180                         
 181                         
 182                         
 183                         
 184                         
 185                         
 186                         
 187                         
 188                         
 189                         
 190                         
 191                         
 192                         
 193                         
 194                         
 195                         
 196                         
 197                         
 198                         
 199                         
 200                         
 201                         
 202                         
 203                         
 204                         
 205                         
 206                         
 207                         
 208                         
 209                         
 210                         
 211                         
 212                         
 213                         
 214                         
 215                         
 216                         
 217                         
 218                         
 219                         
 220                         
 221                         
 222                         
 223                         
 224                         
 225                         
 226                         
 227                         
 228                         
 229                         
 230                         
 231                         
 232                         
 233                         
 234                         
 235                         
 236                         
 237                         
 238                         
 239                         
 240                         
 241                         
 242                         
 243                         
 244                         
 245                         
 246                         
 247                         
 248                         
 249                         
 250                         
 251                         
 252                         
 253                         
 254                         
 255                         
 256                         
 257                         
 258                         
 259                         
 260                         
 261                         
 262                         
 263                         
 264                         
 265                         
 266                         
 267                         
 268                         
 269                         
 270                         
 271                         
 272                         
 273                         
 274                         
 275                         
 276                         
 277                         
 278                         
 279                         
 280                         
 281                         
 282                         
 283                         
 284                         
 285                         
 286                         
 287                         
 288                         
 289                         
 290                         
 291                         
 292                         
 293                         
 294                         
 295                         
 296                         
 297                         
 298                         
 299                         
 300                         
 301                         
 302                         
 303                         
 304                         
 305                         
 306                         
 307                         
 308                         
 309                         
 310                         
 311                         
 312                         
 313                         
 314                         
 315                         
 316                         
 317                         
 318                         
 319                         
 320                         
 321                         
 322                         
 323                         
 324                         
 325                         
 326                         
 327                         
                    Additional Bond Angles follow (3I4)
   6   4   7                               
   8   7   9                               
  10   9 270                               
  11  10 271                               
  12  11  13                               
  12   8   7                               
  12   8 269                               
  14  13 277                               
  14  13 278                               
  15  14  29                               
  16  15  17                               
  18  17  22                               
  19  18 279                               
  20  19 280                               
  21  20  25                               
  22  21  20                               
  22  21  24                               
  23   6  28                               
  26   5 267                               
  27  26  38                               
  28  27  37                               
  28   6   4                               
  30  16 275                               
  31  30 274                               
  31  29  14                               
  31  29 276                               
  32  23 287                               
  32  23 288                               
  33  25 323                               
  33  25 324                               
  34  33  41                               
  34  24  21                               
  34  24 321                               
  34  24 322                               
  35  34  24                               
  36  31  29                               
  39  32  40                               
  42  35 320                               
  43  37 264                               
  43  37 265                               
  44  43  94                               
  44  38  26                               
  44  38 262                               
  44  38 263                               
  45  36 272                               
  45  36 273                               
  46  40 284                               
  47  46 106                               
  48  39 286                               
  48  47  46                               
  48  47  49                               
  50  49  54                               
  51  50 289                               
  52  51 290                               
  53  52  55                               
  54  53 291                               
  54  49  47                               
  56  55 293                               
  56  55 294                               
  57  56  61                               
  58  57 296                               
  59  58  73                               
  60  59  70                               
  61  60  59                               
  61  60 295                               
  62  61  60                               
  63  62  67                               
  64  63 297                               
  65  64 298                               
  66  65  68                               
  67  66 299                               
  67  62  61                               
  69  68 301                               
  69  68 302                               
  71  70 303                               
  71  70 304                               
  72  71  74                               
  73  72  77                               
  73  58  57                               
  75  74 309                               
  76  75 308                               
  77  76  78                               
  77  72  71                               
  79  78  81                               
  80  79 311                               
  82  81 312                               
  83  82  86                               
  83  80  79                               
  83  80 310                               
  84  83  80                               
  85  84 313                               
  85  84 314                               
  87  86 315                               
  87  86 316                               
  88  87  92                               
  89  88 317                               
  90  89 327                               
  91  90  93                               
  92  91 326                               
  92  87  86                               
  93  42 319                               
  93  41  33                               
  93  41 318                               
  93  90  89                               
  95  44  38                               
  96  45  97                               
  98  97 144                               
  99  98 101                               
 100  99 256                               
 102 101 258                               
 103 102 259                               
 103 100  99                               
 103 100 257                               
 104 103 100                               
 105 104 260                               
 105 104 261                               
 107 106 282                               
 107 106 283                               
 108 107 147                               
 109 108 220                               
 110  94 228                               
 111 110 148                               
 111  95  44                               
 111  95 229                               
 112 111  95                               
 113 112 230                               
 113 112 231                               
 114 113 118                               
 115 114 232                               
 116 115 233                               
 117 116 119                               
 118 117 127                               
 118 113 112                               
 120 119 124                               
 121 120 235                               
 122 121 238                               
 123 122 125                               
 124 123 122                               
 124 123 237                               
 126 125 239                               
 126 125 240                               
 128 127 241                               
 128 127 242                               
 129 128 132                               
 130 129 243                               
 131 130 244                               
 133 132 245                               
 133 131 130                               
 133 131 134                               
 135 134 137                               
 136 135 247                               
 138 137 248                               
 139 138 249                               
 139 136 135                               
 139 136 140                               
 141 140 252                               
 141 140 253                               
 141  96  45                               
 141  96 254                               
 142 141  96                               
 143 139 136                               
 143 142 141                               
 143 142 144                               
 144  97  45                               
 145 109 221                               
 146 145 149                               
 147 146 218                               
 147 107 106                               
 150 148 151                               
 152 149 153                               
 154 150 225                               
 155 151 227                               
 156 153 215                               
 157 152 217                               
 158 155 226                               
 158 154 150                               
 158 154 224                               
 159 157 216                               
 159 156 153                               
 159 156 160                               
 161 158 154                               
 162 160 213                               
 162 160 214                               
 163 162 168                               
 164 163 167                               
 165 161 222                               
 165 161 223                               
 166 165 175                               
 167 159 157                               
 167 159 156                               
 169 168 198                               
 170 169 171                               
 170 164 163                               
 170 164 199                               
 172 171 200                               
 172 171 201                               
 172 166 165                               
 172 166 204                               
 173 172 166                               
 174 173 202                               
 175 174 203                               
 175 165 161                               
 176 175 165                               
 177 176 180                               
 178 177 205                               
 179 178 206                               
 181 180 207                               
 181 179 178                               
 181 179 182                               
 183 182 209                               
 183 182 210                               
 184 170 164                               
 185 184 189                               
 186 185 194                               
 187 186 195                               
 188 187 190                               
 189 188 193                               
 189 184 170                               
 191 190 196                               
 191 190 197                               
 192 189 184                               
 196 190 197                               
 200 171 201                               
 208 181 179                               
 209 182 210                               
 211 167 159                               
 211 167 212                               
 212 167 159                               
 213 160 214                               
 219 147 107                               
 222 161 223                               
 230 112 231                               
 234 118 113                               
 236 124 123                               
 239 125 240                               
 241 127 242                               
 246 133 131                               
 250 143 142                               
 250 143 251                               
 251 143 142                               
 252 140 253                               
 255 144  97                               
 260 104 261                               
 262  38 263                               
 264  37 265                               
 266  28   6                               
 268  12   8                               
 272  36 273                               
 277  13 278                               
 281  22  21                               
 282 106 283                               
 285  48  47                               
 287  23 288                               
 292  54  49                               
 293  55 294                               
 300  67  62                               
 301  68 302                               
 303  70 304                               
 305  73  58                               
 305  73 306                               
 306  73  58                               
 307  77  72                               
 313  84 314                               
 315  86 316                               
 321  24 322                               
 323  25 324                               
 325  92  87                               
   8  12  11                               
  21  22  17                               
   6  28  27                               
  29  31  30                               
  24  34  33                               
  38  44  43                               
  47  48  39                               
  49  54  53                               
  60  61  56                               
  62  67  66                               
  58  73  72                               
  72  77  76                               
  80  83  82                               
  87  92  91                               
  41  93  42                               
  90  93  42                               
  90  93  41                               
 100 103 102                               
  95 111 110                               
 113 118 117                               
 123 124 119                               
 131 133 132                               
 136 139 138                               
  96 141 140                               
 142 143 139                               
  97 144 142                               
 107 147 146                               
 154 158 155                               
 156 159 157                               
 159 167 163                               
 164 170 169                               
 166 172 171                               
 165 175 174                               
 179 181 180                               
 184 189 188                               
                    Variable Dihedrals follow     (3I4,F12.6)
   8  -1  -1    0.000000                         
   9  -1  -1    0.000000                         
  10  -1  -1    0.000000                         
  11  -1  -1    0.000000                         
  12  -1  -1    0.000000                         
  13  -1  -1    0.000000                         
  14  -1  -1    0.000000                         
  15  -1  -1    0.000000                         
  16  -1  -1    0.000000                         
  17  -1  -1    0.000000                         
  18  -1  -1    0.000000                         
  19  -1  -1    0.000000                         
  20  -1  -1    0.000000                         
  21  -1  -1    0.000000                         
  22  -1  -1    0.000000                         
  23  -1  -1    0.000000                         
  24  -1  -1    0.000000                         
  25  -1  -1    0.000000                         
  26  -1  -1    0.000000                         
  27  -1  -1    0.000000                         
  28  -1  -1    0.000000                         
  29  -1  -1    0.000000                         
  30  -1  -1    0.000000                         
  31  -1  -1    0.000000                         
  32  -1  -1    0.000000                         
  33  -1  -1    0.000000                         
  34  -1  -1    0.000000                         
  35  -1  -1    0.000000                         
  36  -1  -1    0.000000                         
  37  -1  -1    0.000000                         
  38  -1  -1    0.000000                         
  39  -1  -1    0.000000                         
  40  -1  -1    0.000000                         
  41  -1  -1    0.000000                         
  42  -1  -1    0.000000                         
  43  -1  -1    0.000000                         
  44  -1  -1    0.000000                         
  45  -1  -1    0.000000                         
  46  -1  -1    0.000000                         
  47  -1  -1    0.000000                         
  48  -1  -1    0.000000                         
  49  -1  -1    0.000000                         
  50  -1  -1    0.000000                         
  51  -1  -1    0.000000                         
  52  -1  -1    0.000000                         
  53  -1  -1    0.000000                         
  54  -1  -1    0.000000                         
  55  -1  -1    0.000000                         
  56  -1  -1    0.000000                         
  57  -1  -1    0.000000                         
  58  -1  -1    0.000000                         
  59  -1  -1    0.000000                         
  60  -1  -1    0.000000                         
  61  -1  -1    0.000000                         
  62  -1  -1    0.000000                         
  63  -1  -1    0.000000                         
  64  -1  -1    0.000000                         
  65  -1  -1    0.000000                         
  66  -1  -1    0.000000                         
  67  -1  -1    0.000000                         
  68  -1  -1    0.000000                         
  69  -1  -1    0.000000                         
  70  -1  -1    0.000000                         
  71  -1  -1    0.000000                         
  72  -1  -1    0.000000                         
  73  -1  -1    0.000000                         
  74  -1  -1    0.000000                         
  75  -1  -1    0.000000                         
  76  -1  -1    0.000000                         
  77  -1  -1    0.000000                         
  78  -1  -1    0.000000                         
  79  -1  -1    0.000000                         
  80  -1  -1    0.000000                         
  81  -1  -1    0.000000                         
  82  -1  -1    0.000000                         
  83  -1  -1    0.000000                         
  84  -1  -1    0.000000                         
  85  -1  -1    0.000000                         
  86  -1  -1    0.000000                         
  87  -1  -1    0.000000                         
  88  -1  -1    0.000000                         
  89  -1  -1    0.000000                         
  90  -1  -1    0.000000                         
  91  -1  -1    0.000000                         
  92  -1  -1    0.000000                         
  93  -1  -1    0.000000                         
  94  -1  -1    0.000000                         
  95  -1  -1    0.000000                         
  96  -1  -1    0.000000                         
  97  -1  -1    0.000000                         
  98  -1  -1    0.000000                         
  99  -1  -1    0.000000                         
 100  -1  -1    0.000000                         
 101  -1  -1    0.000000                         
 102  -1  -1    0.000000                         
 103  -1  -1    0.000000                         
 104  -1  -1    0.000000                         
 105  -1  -1    0.000000                         
 106  -1  -1    0.000000                         
 107  -1  -1    0.000000                         
 108  -1  -1    0.000000                         
 109  -1  -1    0.000000                         
 110  -1  -1    0.000000                         
 111  -1  -1    0.000000                         
 112  -1  -1    0.000000                         
 113  -1  -1    0.000000                         
 114  -1  -1    0.000000                         
 115  -1  -1    0.000000                         
 116  -1  -1    0.000000                         
 117  -1  -1    0.000000                         
 118  -1  -1    0.000000                         
 119  -1  -1    0.000000                         
 120  -1  -1    0.000000                         
 121  -1  -1    0.000000                         
 122  -1  -1    0.000000                         
 123  -1  -1    0.000000                         
 124  -1  -1    0.000000                         
 125  -1  -1    0.000000                         
 126  -1  -1    0.000000                         
 127  -1  -1    0.000000                         
 128  -1  -1    0.000000                         
 129  -1  -1    0.000000                         
 130  -1  -1    0.000000                         
 131  -1  -1    0.000000                         
 132  -1  -1    0.000000                         
 133  -1  -1    0.000000                         
 134  -1  -1    0.000000                         
 135  -1  -1    0.000000                         
 136  -1  -1    0.000000                         
 137  -1  -1    0.000000                         
 138  -1  -1    0.000000                         
 139  -1  -1    0.000000                         
 140  -1  -1    0.000000                         
 141  -1  -1    0.000000                         
 142  -1  -1    0.000000                         
 143  -1  -1    0.000000                         
 144  -1  -1    0.000000                         
 145  -1  -1    0.000000                         
 146  -1  -1    0.000000                         
 147  -1  -1    0.000000                         
 148  -1  -1    0.000000                         
 149  -1  -1    0.000000                         
 150  -1  -1    0.000000                         
 151  -1  -1    0.000000                         
 152  -1  -1    0.000000                         
 153  -1  -1    0.000000                         
 154  -1  -1    0.000000                         
 155  -1  -1    0.000000                         
 156  -1  -1    0.000000                         
 157  -1  -1    0.000000                         
 158  -1  -1    0.000000                         
 159  -1  -1    0.000000                         
 160  -1  -1    0.000000                         
 161  -1  -1    0.000000                         
 162  -1  -1    0.000000                         
 163  -1  -1    0.000000                         
 164  -1  -1    0.000000                         
 165  -1  -1    0.000000                         
 166  -1  -1    0.000000                         
 167  -1  -1    0.000000                         
 168  -1  -1    0.000000                         
 169  -1  -1    0.000000                         
 170  -1  -1    0.000000                         
 171  -1  -1    0.000000                         
 172  -1  -1    0.000000                         
 173  -1  -1    0.000000                         
 174  -1  -1    0.000000                         
 175  -1  -1    0.000000                         
 176  -1  -1    0.000000                         
 177  -1  -1    0.000000                         
 178  -1  -1    0.000000                         
 179  -1  -1    0.000000                         
 180  -1  -1    0.000000                         
 181  -1  -1    0.000000                         
 182  -1  -1    0.000000                         
 183  -1  -1    0.000000                         
 184  -1  -1    0.000000                         
 185  -1  -1    0.000000                         
 186  -1  -1    0.000000                         
 187  -1  -1    0.000000                         
 188  -1  -1    0.000000                         
 189  -1  -1    0.000000                         
 190  -1  -1    0.000000                         
 191  -1  -1    0.000000                         
 192  -1  -1    0.000000                         
 193  -1  -1    0.000000                         
 194  -1  -1    0.000000                         
 195  -1  -1    0.000000                         
 196  -1  -1    0.000000                         
 197  -1  -1    0.000000                         
 198  -1  -1    0.000000                         
 199  -1  -1    0.000000                         
 200  -1  -1    0.000000                         
 201  -1  -1    0.000000                         
 202  -1  -1    0.000000                         
 203  -1  -1    0.000000                         
 204  -1  -1    0.000000                         
 205  -1  -1    0.000000                         
 206  -1  -1    0.000000                         
 207  -1  -1    0.000000                         
 208  -1  -1    0.000000                         
 209  -1  -1    0.000000                         
 210  -1  -1    0.000000                         
 211  -1  -1    0.000000                         
 212  -1  -1    0.000000                         
 213  -1  -1    0.000000                         
 214  -1  -1    0.000000                         
 215  -1  -1    0.000000                         
 216  -1  -1    0.000000                         
 217  -1  -1    0.000000                         
 218  -1  -1    0.000000                         
 219  -1  -1    0.000000                         
 220  -1  -1    0.000000                         
 221  -1  -1    0.000000                         
 222  -1  -1    0.000000                         
 223  -1  -1    0.000000                         
 224  -1  -1    0.000000                         
 225  -1  -1    0.000000                         
 226  -1  -1    0.000000                         
 227  -1  -1    0.000000                         
 228  -1  -1    0.000000                         
 229  -1  -1    0.000000                         
 230  -1  -1    0.000000                         
 231  -1  -1    0.000000                         
 232  -1  -1    0.000000                         
 233  -1  -1    0.000000                         
 234  -1  -1    0.000000                         
 235  -1  -1    0.000000                         
 236  -1  -1    0.000000                         
 237  -1  -1    0.000000                         
 238  -1  -1    0.000000                         
 239  -1  -1    0.000000                         
 240  -1  -1    0.000000                         
 241  -1  -1    0.000000                         
 242  -1  -1    0.000000                         
 243  -1  -1    0.000000                         
 244  -1  -1    0.000000                         
 245  -1  -1    0.000000                         
 246  -1  -1    0.000000                         
 247  -1  -1    0.000000                         
 248  -1  -1    0.000000                         
 249  -1  -1    0.000000                         
 250  -1  -1    0.000000                         
 251  -1  -1    0.000000                         
 252  -1  -1    0.000000                         
 253  -1  -1    0.000000                         
 254  -1  -1    0.000000                         
 255  -1  -1    0.000000                         
 256  -1  -1    0.000000                         
 257  -1  -1    0.000000                         
 258  -1  -1    0.000000                         
 259  -1  -1    0.000000                         
 260  -1  -1    0.000000                         
 261  -1  -1    0.000000                         
 262  -1  -1    0.000000                         
 263  -1  -1    0.000000                         
 264  -1  -1    0.000000                         
 265  -1  -1    0.000000                         
 266  -1  -1    0.000000                         
 267  -1  -1    0.000000                         
 268  -1  -1    0.000000                         
 269  -1  -1    0.000000                         
 270  -1  -1    0.000000                         
 271  -1  -1    0.000000                         
 272  -1  -1    0.000000                         
 273  -1  -1    0.000000                         
 274  -1  -1    0.000000                         
 275  -1  -1    0.000000                         
 276  -1  -1    0.000000                         
 277  -1  -1    0.000000                         
 278  -1  -1    0.000000                         
 279  -1  -1    0.000000                         
 280  -1  -1    0.000000                         
 281  -1  -1    0.000000                         
 282  -1  -1    0.000000                         
 283  -1  -1    0.000000                         
 284  -1  -1    0.000000                         
 285  -1  -1    0.000000                         
 286  -1  -1    0.000000                         
 287  -1  -1    0.000000                         
 288  -1  -1    0.000000                         
 289  -1  -1    0.000000                         
 290  -1  -1    0.000000                         
 291  -1  -1    0.000000                         
 292  -1  -1    0.000000                         
 293  -1  -1    0.000000                         
 294  -1  -1    0.000000                         
 295  -1  -1    0.000000                         
 296  -1  -1    0.000000                         
 297  -1  -1    0.000000                         
 298  -1  -1    0.000000                         
 299  -1  -1    0.000000                         
 300  -1  -1    0.000000                         
 301  -1  -1    0.000000                         
 302  -1  -1    0.000000                         
 303  -1  -1    0.000000                         
 304  -1  -1    0.000000                         
 305  -1  -1    0.000000                         
 306  -1  -1    0.000000                         
 307  -1  -1    0.000000                         
 308  -1  -1    0.000000                         
 309  -1  -1    0.000000                         
 310  -1  -1    0.000000                         
 311  -1  -1    0.000000                         
 312  -1  -1    0.000000                         
 313  -1  -1    0.000000                         
 314  -1  -1    0.000000                         
 315  -1  -1    0.000000                         
 316  -1  -1    0.000000                         
 317  -1  -1    0.000000                         
 318  -1  -1    0.000000                         
 319  -1  -1    0.000000                         
 320  -1  -1    0.000000                         
 321  -1  -1    0.000000                         
 322  -1  -1    0.000000                         
 323  -1  -1    0.000000                         
 324  -1  -1    0.000000                         
 325  -1  -1    0.000000                         
 326  -1  -1    0.000000                         
 327  -1  -1    0.000000                         
                    Additional Dihedrals follow   (6I4)
   5   4   6  28  -1  -1                       
   6   4   7   8  -1  -1                       
   6   4   7   9  -1  -1                       
   7   4   5  26  -1  -1                       
   7   4   5 267  -1  -1                       
   7   4   6  23  -1  -1                       
   7   4   6  28  -1  -1                       
   8   7   9  10  -1  -1                       
   8   7   9 270  -1  -1                       
   9   7   8  12  -1  -1                       
   9   7   8 269  -1  -1                       
  11  10   9 270  -1  -1                       
  12  11  10 271  -1  -1                       
  12  11  13  14  -1  -1                       
  12  11  13 277  -1  -1                       
  12  11  13 278  -1  -1                       
  12   8   7   4  -1  -1                       
  13  11  10 271  -1  -1                       
  13  11  12   8  -1  -1                       
  13  11  12 268  -1  -1                       
  15  14  13 277  -1  -1                       
  15  14  13 278  -1  -1                       
  15  14  29  31  -1  -1                       
  15  14  29 276  -1  -1                       
  16  15  14  29  -1  -1                       
  16  15  17  18  -1  -1                       
  16  15  17  22  -1  -1                       
  17  15  14  29  -1  -1                       
  17  15  16  30  -1  -1                       
  17  15  16 275  -1  -1                       
  18  17  22  21  -1  -1                       
  18  17  22 281  -1  -1                       
  19  18  17  22  -1  -1                       
  20  19  18 279  -1  -1                       
  21  20  19 280  -1  -1                       
  21  20  25  33  -1  -1                       
  21  20  25 323  -1  -1                       
  21  20  25 324  -1  -1                       
  22  17  18 279  -1  -1                       
  22  21  20  19  -1  -1                       
  22  21  20  25  -1  -1                       
  22  21  24  34  -1  -1                       
  22  21  24 321  -1  -1                       
  22  21  24 322  -1  -1                       
  23   6  28  27  -1  -1                       
  23   6  28 266  -1  -1                       
  24  21  20  25  -1  -1                       
  24  21  22  17  -1  -1                       
  24  21  22 281  -1  -1                       
  25  20  19 280  -1  -1                       
  27  26   5 267  -1  -1                       
  27  26  38  44  -1  -1                       
  27  26  38 262  -1  -1                       
  27  26  38 263  -1  -1                       
  28  27  26  38  -1  -1                       
  28  27  37  43  -1  -1                       
  28  27  37 264  -1  -1                       
  28  27  37 265  -1  -1                       
  28   6  23  32  -1  -1                       
  28   6  23 287  -1  -1                       
  28   6  23 288  -1  -1                       
  29  14  13 277  -1  -1                       
  29  14  13 278  -1  -1                       
  31  30  16 275  -1  -1                       
  31  29  14  13  -1  -1                       
  34  33  25 323  -1  -1                       
  34  33  25 324  -1  -1                       
  34  33  41  93  -1  -1                       
  34  33  41 318  -1  -1                       
  34  24  21  20  -1  -1                       
  35  34  33  41  -1  -1                       
  35  34  24  21  -1  -1                       
  35  34  24 321  -1  -1                       
  35  34  24 322  -1  -1                       
  36  31  30 274  -1  -1                       
  36  31  29  14  -1  -1                       
  36  31  29 276  -1  -1                       
  37  27  26  38  -1  -1                       
  37  27  28   6  -1  -1                       
  37  27  28 266  -1  -1                       
  38  26   5 267  -1  -1                       
  39  32  23 287  -1  -1                       
  39  32  23 288  -1  -1                       
  39  32  40  46  -1  -1                       
  39  32  40 284  -1  -1                       
  40  32  23 287  -1  -1                       
  40  32  23 288  -1  -1                       
  40  32  39  48  -1  -1                       
  40  32  39 286  -1  -1                       
  41  33  25 323  -1  -1                       
  41  33  25 324  -1  -1                       
  41  33  34  24  -1  -1                       
  42  35  34  24  -1  -1                       
  44  43  37 264  -1  -1                       
  44  43  37 265  -1  -1                       
  44  43  94 110  -1  -1                       
  44  43  94 228  -1  -1                       
  44  38  26   5  -1  -1                       
  45  36  31  29  -1  -1                       
  47  46  40 284  -1  -1                       
  47  46 106 107  -1  -1                       
  47  46 106 282  -1  -1                       
  47  46 106 283  -1  -1                       
  48  47  46  40  -1  -1                       
  48  47  46 106  -1  -1                       
  48  47  49  50  -1  -1                       
  48  47  49  54  -1  -1                       
  49  47  46 106  -1  -1                       
  49  47  48  39  -1  -1                       
  49  47  48 285  -1  -1                       
  50  49  54  53  -1  -1                       
  50  49  54 292  -1  -1                       
  51  50  49  54  -1  -1                       
  52  51  50 289  -1  -1                       
  53  52  51 290  -1  -1                       
  53  52  55  56  -1  -1                       
  53  52  55 293  -1  -1                       
  53  52  55 294  -1  -1                       
  54  53  52  55  -1  -1                       
  54  49  47  46  -1  -1                       
  54  49  50 289  -1  -1                       
  55  52  51 290  -1  -1                       
  55  52  53 291  -1  -1                       
  57  56  55 293  -1  -1                       
  57  56  55 294  -1  -1                       
  57  56  61  60  -1  -1                       
  57  56  61  62  -1  -1                       
  58  57  56  61  -1  -1                       
  59  58  57 296  -1  -1                       
  59  58  73  72  -1  -1                       
  59  58  73 305  -1  -1                       
  59  58  73 306  -1  -1                       
  60  59  58  73  -1  -1                       
  60  59  70  71  -1  -1                       
  60  59  70 303  -1  -1                       
  60  59  70 304  -1  -1                       
  61  56  55 293  -1  -1                       
  61  56  55 294  -1  -1                       
  61  56  57 296  -1  -1                       
  61  60  59  58  -1  -1                       
  61  60  59  70  -1  -1                       
  62  61  60  59  -1  -1                       
  62  61  60 295  -1  -1                       
  63  62  61  60  -1  -1                       
  63  62  67  66  -1  -1                       
  63  62  67 300  -1  -1                       
  64  63  62  67  -1  -1                       
  65  64  63 297  -1  -1                       
  66  65  64 298  -1  -1                       
  66  65  68  69  -1  -1                       
  66  65  68 301  -1  -1                       
  66  65  68 302  -1  -1                       
  67  66  65  68  -1  -1                       
  67  62  61  56  -1  -1                       
  67  62  61  60  -1  -1                       
  67  62  63 297  -1  -1                       
  68  65  64 298  -1  -1                       
  68  65  66 299  -1  -1                       
  70  59  58  73  -1  -1                       
  70  59  60 295  -1  -1                       
  72  71  70 303  -1  -1                       
  72  71  70 304  -1  -1                       
  72  71  74  75  -1  -1                       
  72  71  74 309  -1  -1                       
  73  72  71  74  -1  -1                       
  73  72  77  76  -1  -1                       
  73  72  77 307  -1  -1                       
  73  58  57  56  -1  -1                       
  73  58  57 296  -1  -1                       
  74  71  70 303  -1  -1                       
  74  71  70 304  -1  -1                       
  74  71  72  77  -1  -1                       
  76  75  74 309  -1  -1                       
  77  76  75 308  -1  -1                       
  77  76  78  79  -1  -1                       
  77  76  78  81  -1  -1                       
  77  72  71  70  -1  -1                       
  77  72  73  58  -1  -1                       
  77  72  73 305  -1  -1                       
  77  72  73 306  -1  -1                       
  78  76  75 308  -1  -1                       
  78  76  77  72  -1  -1                       
  78  76  77 307  -1  -1                       
  79  78  81  82  -1  -1                       
  79  78  81 312  -1  -1                       
  80  79  78  81  -1  -1                       
  81  78  79 311  -1  -1                       
  83  82  81 312  -1  -1                       
  83  82  86  87  -1  -1                       
  83  82  86 315  -1  -1                       
  83  82  86 316  -1  -1                       
  83  80  79  78  -1  -1                       
  83  80  79 311  -1  -1                       
  84  83  82  86  -1  -1                       
  84  83  80  79  -1  -1                       
  84  83  80 310  -1  -1                       
  85  84  83  80  -1  -1                       
  86  82  81 312  -1  -1                       
  86  82  83  80  -1  -1                       
  88  87  86 315  -1  -1                       
  88  87  86 316  -1  -1                       
  88  87  92  91  -1  -1                       
  88  87  92 325  -1  -1                       
  89  88  87  92  -1  -1                       
  90  89  88 317  -1  -1                       
  91  90  89 327  -1  -1                       
  91  90  93  42  -1  -1                       
  91  90  93  41  -1  -1                       
  92  91  90  93  -1  -1                       
  92  87  86  82  -1  -1                       
  92  87  86 315  -1  -1                       
  92  87  86 316  -1  -1                       
  92  87  88 317  -1  -1                       
  93  42  35 320  -1  -1                       
  93  41  33  25  -1  -1                       
  93  90  89  88  -1  -1                       
  93  90  89 327  -1  -1                       
  93  90  91 326  -1  -1                       
  94  43  37 264  -1  -1                       
  94  43  37 265  -1  -1                       
  94  43  44  38  -1  -1                       
  94  43  44  95  -1  -1                       
  95  44  38  26  -1  -1                       
  95  44  38 262  -1  -1                       
  95  44  38 263  -1  -1                       
  96  45  36 272  -1  -1                       
  96  45  36 273  -1  -1                       
  96  45  97  98  -1  -1                       
  96  45  97 144  -1  -1                       
  97  45  36 272  -1  -1                       
  97  45  36 273  -1  -1                       
  97  45  96 141  -1  -1                       
  97  45  96 254  -1  -1                       
  98  97 144 142  -1  -1                       
  98  97 144 255  -1  -1                       
  99  98  97 144  -1  -1                       
  99  98 101 102  -1  -1                       
  99  98 101 258  -1  -1                       
 100  99  98 101  -1  -1                       
 101  98  97 144  -1  -1                       
 101  98  99 256  -1  -1                       
 103 102 101 258  -1  -1                       
 103 100  99  98  -1  -1                       
 103 100  99 256  -1  -1                       
 104 103 102 259  -1  -1                       
 104 103 100  99  -1  -1                       
 104 103 100 257  -1  -1                       
 105 104 103 100  -1  -1                       
 106  46  40 284  -1  -1                       
 108 107 106 282  -1  -1                       
 108 107 106 283  -1  -1                       
 108 107 147 146  -1  -1                       
 108 107 147 219  -1  -1                       
 109 108 107 147  -1  -1                       
 111 110  94 228  -1  -1                       
 111 110 148 150  -1  -1                       
 111 110 148 151  -1  -1                       
 111  95  44  43  -1  -1                       
 111  95  44  38  -1  -1                       
 112 111 110 148  -1  -1                       
 112 111  95  44  -1  -1                       
 112 111  95 229  -1  -1                       
 113 112 111  95  -1  -1                       
 114 113 112 230  -1  -1                       
 114 113 112 231  -1  -1                       
 114 113 118 117  -1  -1                       
 114 113 118 234  -1  -1                       
 115 114 113 118  -1  -1                       
 116 115 114 232  -1  -1                       
 117 116 115 233  -1  -1                       
 117 116 119 120  -1  -1                       
 117 116 119 124  -1  -1                       
 118 117 116 119  -1  -1                       
 118 117 127 128  -1  -1                       
 118 117 127 241  -1  -1                       
 118 117 127 242  -1  -1                       
 118 113 112 111  -1  -1                       
 118 113 112 230  -1  -1                       
 118 113 112 231  -1  -1                       
 118 113 114 232  -1  -1                       
 119 116 115 233  -1  -1                       
 119 116 117 127  -1  -1                       
 120 119 124 123  -1  -1                       
 120 119 124 236  -1  -1                       
 121 120 119 124  -1  -1                       
 122 121 120 235  -1  -1                       
 123 122 121 238  -1  -1                       
 123 122 125 126  -1  -1                       
 123 122 125 239  -1  -1                       
 123 122 125 240  -1  -1                       
 124 119 120 235  -1  -1                       
 124 123 122 121  -1  -1                       
 124 123 122 125  -1  -1                       
 125 122 121 238  -1  -1                       
 125 122 123 237  -1  -1                       
 127 117 118 113  -1  -1                       
 127 117 118 234  -1  -1                       
 129 128 127 241  -1  -1                       
 129 128 127 242  -1  -1                       
 129 128 132 133  -1  -1                       
 129 128 132 245  -1  -1                       
 130 129 128 132  -1  -1                       
 131 130 129 243  -1  -1                       
 132 128 127 241  -1  -1                       
 132 128 127 242  -1  -1                       
 132 128 129 243  -1  -1                       
 133 131 130 129  -1  -1                       
 133 131 130 244  -1  -1                       
 133 131 134 135  -1  -1                       
 133 131 134 137  -1  -1                       
 134 131 130 244  -1  -1                       
 134 131 133 132  -1  -1                       
 134 131 133 246  -1  -1                       
 135 134 137 138  -1  -1                       
 135 134 137 248  -1  -1                       
 136 135 134 137  -1  -1                       
 137 134 135 247  -1  -1                       
 139 138 137 248  -1  -1                       
 139 136 135 134  -1  -1                       
 139 136 135 247  -1  -1                       
 139 136 140 141  -1  -1                       
 139 136 140 252  -1  -1                       
 139 136 140 253  -1  -1                       
 140 136 135 247  -1  -1                       
 140 136 139 138  -1  -1                       
 140 136 139 143  -1  -1                       
 141  96  45  36  -1  -1                       
 142 141 140 252  -1  -1                       
 142 141 140 253  -1  -1                       
 142 141  96  45  -1  -1                       
 142 141  96 254  -1  -1                       
 143 139 138 249  -1  -1                       
 143 139 136 135  -1  -1                       
 143 142 141 140  -1  -1                       
 143 142 141  96  -1  -1                       
 143 142 144  97  -1  -1                       
 143 142 144 255  -1  -1                       
 144 142 141  96  -1  -1                       
 144 142 143 139  -1  -1                       
 144 142 143 250  -1  -1                       
 144 142 143 251  -1  -1                       
 144  97  45  36  -1  -1                       
 145 109 108 220  -1  -1                       
 146 145 109 221  -1  -1                       
 146 145 149 152  -1  -1                       
 146 145 149 153  -1  -1                       
 147 146 145 149  -1  -1                       
 147 107 106  46  -1  -1                       
 147 107 106 282  -1  -1                       
 147 107 106 283  -1  -1                       
 147 107 108 220  -1  -1                       
 148 110  94 228  -1  -1                       
 148 110 111  95  -1  -1                       
 149 145 109 221  -1  -1                       
 149 145 146 218  -1  -1                       
 150 148 151 155  -1  -1                       
 150 148 151 227  -1  -1                       
 151 148 150 154  -1  -1                       
 151 148 150 225  -1  -1                       
 152 149 153 156  -1  -1                       
 152 149 153 215  -1  -1                       
 153 149 152 157  -1  -1                       
 153 149 152 217  -1  -1                       
 158 155 151 227  -1  -1                       
 158 154 150 148  -1  -1                       
 158 154 150 225  -1  -1                       
 159 157 152 217  -1  -1                       
 159 156 153 149  -1  -1                       
 159 156 153 215  -1  -1                       
 159 156 160 162  -1  -1                       
 159 156 160 213  -1  -1                       
 159 156 160 214  -1  -1                       
 160 156 153 215  -1  -1                       
 160 156 159 157  -1  -1                       
 160 156 159 167  -1  -1                       
 161 158 155 226  -1  -1                       
 161 158 154 150  -1  -1                       
 161 158 154 224  -1  -1                       
 163 162 160 213  -1  -1                       
 163 162 160 214  -1  -1                       
 163 162 168 169  -1  -1                       
 163 162 168 198  -1  -1                       
 164 163 162 168  -1  -1                       
 164 163 167 159  -1  -1                       
 164 163 167 211  -1  -1                       
 164 163 167 212  -1  -1                       
 165 161 158 154  -1  -1                       
 166 165 161 222  -1  -1                       
 166 165 161 223  -1  -1                       
 166 165 175 174  -1  -1                       
 166 165 175 176  -1  -1                       
 167 163 162 168  -1  -1                       
 167 163 164 170  -1  -1                       
 167 163 164 199  -1  -1                       
 167 159 157 152  -1  -1                       
 167 159 157 216  -1  -1                       
 167 159 156 153  -1  -1                       
 168 162 160 213  -1  -1                       
 168 162 160 214  -1  -1                       
 170 169 168 198  -1  -1                       
 170 169 171 172  -1  -1                       
 170 169 171 200  -1  -1                       
 170 169 171 201  -1  -1                       
 170 164 163 162  -1  -1                       
 171 169 168 198  -1  -1                       
 171 169 170 164  -1  -1                       
 171 169 170 184  -1  -1                       
 172 166 165 161  -1  -1                       
 172 166 165 175  -1  -1                       
 173 172 171 200  -1  -1                       
 173 172 171 201  -1  -1                       
 173 172 166 165  -1  -1                       
 173 172 166 204  -1  -1                       
 174 173 172 166  -1  -1                       
 175 174 173 202  -1  -1                       
 175 165 161 158  -1  -1                       
 175 165 161 222  -1  -1                       
 175 165 161 223  -1  -1                       
 175 165 166 204  -1  -1                       
 176 175 174 203  -1  -1                       
 176 175 165 161  -1  -1                       
 177 176 175 165  -1  -1                       
 177 176 180 181  -1  -1                       
 177 176 180 207  -1  -1                       
 178 177 176 180  -1  -1                       
 179 178 177 205  -1  -1                       
 180 176 175 165  -1  -1                       
 180 176 177 205  -1  -1                       
 181 179 178 177  -1  -1                       
 181 179 178 206  -1  -1                       
 181 179 182 183  -1  -1                       
 181 179 182 209  -1  -1                       
 181 179 182 210  -1  -1                       
 182 179 178 206  -1  -1                       
 182 179 181 180  -1  -1                       
 182 179 181 208  -1  -1                       
 184 170 164 163  -1  -1                       
 184 170 164 199  -1  -1                       
 185 184 170 164  -1  -1                       
 185 184 189 188  -1  -1                       
 185 184 189 192  -1  -1                       
 186 185 184 189  -1  -1                       
 187 186 185 194  -1  -1                       
 188 187 186 195  -1  -1                       
 188 187 190 191  -1  -1                       
 188 187 190 196  -1  -1                       
 188 187 190 197  -1  -1                       
 189 188 187 190  -1  -1                       
 189 184 170 169  -1  -1                       
 189 184 170 164  -1  -1                       
 189 184 185 194  -1  -1                       
 190 187 186 195  -1  -1                       
 190 187 188 193  -1  -1                       
 192 189 188 193  -1  -1                       
 192 189 184 170  -1  -1                       
 193 188 189 184  -1  -1                       
 194 185 186 195  -1  -1                       
 199 164 170 169  -1  -1                       
 200 171 172 166  -1  -1                       
 201 171 172 166  -1  -1                       
 202 173 172 166  -1  -1                       
 202 173 174 203  -1  -1                       
 203 174 175 165  -1  -1                       
 204 166 172 171  -1  -1                       
 205 177 178 206  -1  -1                       
 207 180 181 179  -1  -1                       
 207 180 181 208  -1  -1                       
 208 181 179 178  -1  -1                       
 211 167 159 157  -1  -1                       
 211 167 159 156  -1  -1                       
 212 167 159 157  -1  -1                       
 212 167 159 156  -1  -1                       
 216 157 152 217  -1  -1                       
 216 157 159 156  -1  -1                       
 218 146 147 107  -1  -1                       
 218 146 147 219  -1  -1                       
 219 147 107 106  -1  -1                       
 220 108 109 221  -1  -1                       
 222 161 158 154  -1  -1                       
 223 161 158 154  -1  -1                       
 224 154 150 225  -1  -1                       
 224 154 158 155  -1  -1                       
 226 155 151 227  -1  -1                       
 226 155 158 154  -1  -1                       
 229  95  44  38  -1  -1                       
 229  95 111 110  -1  -1                       
 230 112 111  95  -1  -1                       
 231 112 111  95  -1  -1                       
 232 114 115 233  -1  -1                       
 234 118 113 112  -1  -1                       
 235 120 121 238  -1  -1                       
 236 124 123 122  -1  -1                       
 236 124 123 237  -1  -1                       
 237 123 124 119  -1  -1                       
 243 129 130 244  -1  -1                       
 245 132 133 131  -1  -1                       
 245 132 133 246  -1  -1                       
 246 133 131 130  -1  -1                       
 248 137 138 249  -1  -1                       
 249 138 139 136  -1  -1                       
 250 143 139 136  -1  -1                       
 250 143 142 141  -1  -1                       
 251 143 139 136  -1  -1                       
 251 143 142 141  -1  -1                       
 252 140 141  96  -1  -1                       
 253 140 141  96  -1  -1                       
 254  96 141 140  -1  -1                       
 255 144  97  45  -1  -1                       
 256  99 100 257  -1  -1                       
 257 100 103 102  -1  -1                       
 258 101 102 259  -1  -1                       
 259 102 103 100  -1  -1                       
 260 104 103 100  -1  -1                       
 261 104 103 100  -1  -1                       
 262  38  44  43  -1  -1                       
 263  38  44  43  -1  -1                       
 266  28   6   4  -1  -1                       
 268  12   8   7  -1  -1                       
 268  12   8 269  -1  -1                       
 269   8  12  11  -1  -1                       
 270   9  10 271  -1  -1                       
 272  36  31  29  -1  -1                       
 273  36  31  29  -1  -1                       
 274  30  16 275  -1  -1                       
 274  30  31  29  -1  -1                       
 276  29  31  30  -1  -1                       
 279  18  19 280  -1  -1                       
 281  22  21  20  -1  -1                       
 285  48  39 286  -1  -1                       
 285  48  47  46  -1  -1                       
 286  39  48  47  -1  -1                       
 289  50  51 290  -1  -1                       
 291  53  54  49  -1  -1                       
 291  53  54 292  -1  -1                       
 292  54  49  47  -1  -1                       
 295  60  61  56  -1  -1                       
 297  63  64 298  -1  -1                       
 299  66  67  62  -1  -1                       
 299  66  67 300  -1  -1                       
 300  67  62  61  -1  -1                       
 305  73  58  57  -1  -1                       
 306  73  58  57  -1  -1                       
 307  77  72  71  -1  -1                       
 308  75  74 309  -1  -1                       
 310  80  79 311  -1  -1                       
 310  80  83  82  -1  -1                       
 313  84  83  80  -1  -1                       
 314  84  83  80  -1  -1                       
 317  88  89 327  -1  -1                       
 318  41  93  42  -1  -1                       
 318  41  93  90  -1  -1                       
 319  42  35 320  -1  -1                       
 319  42  93  41  -1  -1                       
 319  42  93  90  -1  -1                       
 320  35  34  24  -1  -1                       
 321  24  34  33  -1  -1                       
 322  24  34  33  -1  -1                       
 325  92  91 326  -1  -1                       
 325  92  87  86  -1  -1                       
 326  91  92  87  -1  -1                       
   8  12  11  10  -1  -1                       
  11  12   8   7  -1  -1                       
  21  22  17  15  -1  -1                       
  17  22  21  20  -1  -1                       
   6  28  27  26  -1  -1                       
  27  28   6   4  -1  -1                       
  29  31  30  16  -1  -1                       
  30  31  29  14  -1  -1                       
  24  34  33  25  -1  -1                       
  33  34  24  21  -1  -1                       
  38  44  43  37  -1  -1                       
  43  44  38  26  -1  -1                       
  47  48  39  32  -1  -1                       
  39  48  47  46  -1  -1                       
  49  54  53  52  -1  -1                       
  53  54  49  47  -1  -1                       
  60  61  56  55  -1  -1                       
  56  61  60  59  -1  -1                       
  62  67  66  65  -1  -1                       
  66  67  62  61  -1  -1                       
  58  73  72  71  -1  -1                       
  72  73  58  57  -1  -1                       
  72  77  76  75  -1  -1                       
  76  77  72  71  -1  -1                       
  80  83  82  81  -1  -1                       
  82  83  80  79  -1  -1                       
  87  92  91  90  -1  -1                       
  91  92  87  86  -1  -1                       
  41  93  42  35  -1  -1                       
  90  93  42  35  -1  -1                       
  42  93  41  33  -1  -1                       
  90  93  41  33  -1  -1                       
  42  93  90  89  -1  -1                       
  41  93  90  89  -1  -1                       
 100 103 102 101  -1  -1                       
 102 103 100  99  -1  -1                       
  95 111 110  94  -1  -1                       
 110 111  95  44  -1  -1                       
 113 118 117 116  -1  -1                       
 117 118 113 112  -1  -1                       
 123 124 119 116  -1  -1                       
 119 124 123 122  -1  -1                       
 131 133 132 128  -1  -1                       
 132 133 131 130  -1  -1                       
 136 139 138 137  -1  -1                       
 138 139 136 135  -1  -1                       
  96 141 140 136  -1  -1                       
 140 141  96  45  -1  -1                       
 142 143 139 138  -1  -1                       
 142 143 139 136  -1  -1                       
 139 143 142 141  -1  -1                       
  97 144 142 141  -1  -1                       
 142 144  97  45  -1  -1                       
 107 147 146 145  -1  -1                       
 146 147 107 106  -1  -1                       
 154 158 155 151  -1  -1                       
 155 158 154 150  -1  -1                       
 156 159 157 152  -1  -1                       
 157 159 156 153  -1  -1                       
 159 167 163 162  -1  -1                       
 163 167 159 157  -1  -1                       
 163 167 159 156  -1  -1                       
 164 170 169 168  -1  -1                       
 169 170 164 163  -1  -1                       
 166 172 171 169  -1  -1                       
 171 172 166 165  -1  -1                       
 165 175 174 173  -1  -1                       
 174 175 165 161  -1  -1                       
 179 181 180 176  -1  -1                       
 180 181 179 178  -1  -1                       
 184 189 188 187  -1  -1                       
 188 189 184 170  -1  -1                       
   7   6   4   5  -1  -1                       
 267  26   5   4  -1  -1                       
  28  23   6   4  -1  -1                       
   9   8   7   4  -1  -1                       
 269  12   8   7  -1  -1                       
 270  10   9   7  -1  -1                       
 271  11  10   9  -1  -1                       
  13  12  11  10  -1  -1                       
 268   8  12  11  -1  -1                       
  29  15  14  13  -1  -1                       
  17  16  15  14  -1  -1                       
 275  30  16  15  -1  -1                       
  22  18  17  15  -1  -1                       
 279  19  18  17  -1  -1                       
 280  20  19  18  -1  -1                       
  25  21  20  19  -1  -1                       
  24  22  21  20  -1  -1                       
 281  21  22  17  -1  -1                       
  38  27  26   5  -1  -1                       
  37  28  27  26  -1  -1                       
 266   6  28  27  -1  -1                       
 276  31  29  14  -1  -1                       
 274  31  30  16  -1  -1                       
  36  29  31  30  -1  -1                       
  40  39  32  23  -1  -1                       
  41  34  33  25  -1  -1                       
  35  24  34  33  -1  -1                       
 320  42  35  34  -1  -1                       
 286  48  39  32  -1  -1                       
 284  46  40  32  -1  -1                       
 318  93  41  33  -1  -1                       
 319  93  42  35  -1  -1                       
  94  44  43  37  -1  -1                       
  95  38  44  43  -1  -1                       
  97  96  45  36  -1  -1                       
 106  47  46  40  -1  -1                       
  49  48  47  46  -1  -1                       
 285  47  48  39  -1  -1                       
  54  50  49  47  -1  -1                       
 289  51  50  49  -1  -1                       
 290  52  51  50  -1  -1                       
  55  53  52  51  -1  -1                       
 291  54  53  52  -1  -1                       
 292  49  54  53  -1  -1                       
  61  57  56  55  -1  -1                       
 296  58  57  56  -1  -1                       
  73  59  58  57  -1  -1                       
  70  60  59  58  -1  -1                       
 295  61  60  59  -1  -1                       
  62  60  61  56  -1  -1                       
  67  63  62  61  -1  -1                       
 297  64  63  62  -1  -1                       
 298  65  64  63  -1  -1                       
  68  66  65  64  -1  -1                       
 299  67  66  65  -1  -1                       
 300  62  67  66  -1  -1                       
  74  72  71  70  -1  -1                       
  77  73  72  71  -1  -1                       
 309  75  74  71  -1  -1                       
 308  76  75  74  -1  -1                       
  78  77  76  75  -1  -1                       
 307  72  77  76  -1  -1                       
  81  79  78  76  -1  -1                       
 311  80  79  78  -1  -1                       
 310  83  80  79  -1  -1                       
 312  82  81  78  -1  -1                       
  86  83  82  81  -1  -1                       
  84  80  83  82  -1  -1                       
  92  88  87  86  -1  -1                       
 317  89  88  87  -1  -1                       
 327  90  89  88  -1  -1                       
  93  91  90  89  -1  -1                       
 326  92  91  90  -1  -1                       
 325  87  92  91  -1  -1                       
  90  41  93  42  -1  -1                       
 228 110  94  43  -1  -1                       
 229 111  95  44  -1  -1                       
 254 141  96  45  -1  -1                       
 144  98  97  45  -1  -1                       
 101  99  98  97  -1  -1                       
 256 100  99  98  -1  -1                       
 257 103 100  99  -1  -1                       
 258 102 101  98  -1  -1                       
 259 103 102 101  -1  -1                       
 104 100 103 102  -1  -1                       
 147 108 107 106  -1  -1                       
 220 109 108 107  -1  -1                       
 221 145 109 108  -1  -1                       
 148 111 110  94  -1  -1                       
 112  95 111 110  -1  -1                       
 118 114 113 112  -1  -1                       
 232 115 114 113  -1  -1                       
 233 116 115 114  -1  -1                       
 119 117 116 115  -1  -1                       
 127 118 117 116  -1  -1                       
 234 113 118 117  -1  -1                       
 124 120 119 116  -1  -1                       
 235 121 120 119  -1  -1                       
 238 122 121 120  -1  -1                       
 125 123 122 121  -1  -1                       
 237 124 123 122  -1  -1                       
 236 123 124 119  -1  -1                       
 132 129 128 127  -1  -1                       
 243 130 129 128  -1  -1                       
 244 131 130 129  -1  -1                       
 134 133 131 130  -1  -1                       
 245 133 132 128  -1  -1                       
 246 131 133 132  -1  -1                       
 137 135 134 131  -1  -1                       
 247 136 135 134  -1  -1                       
 140 139 136 135  -1  -1                       
 248 138 137 134  -1  -1                       
 249 139 138 137  -1  -1                       
 143 136 139 138  -1  -1                       
 142  96 141 140  -1  -1                       
 144 143 142 141  -1  -1                       
 255  97 144 142  -1  -1                       
 149 146 145 109  -1  -1                       
 218 147 146 145  -1  -1                       
 219 107 147 146  -1  -1                       
 151 150 148 110  -1  -1                       
 153 152 149 145  -1  -1                       
 225 154 150 148  -1  -1                       
 227 155 151 148  -1  -1                       
 217 157 152 149  -1  -1                       
 215 156 153 149  -1  -1                       
 224 158 154 150  -1  -1                       
 226 158 155 151  -1  -1                       
 160 159 156 153  -1  -1                       
 216 159 157 152  -1  -1                       
 161 154 158 155  -1  -1                       
 167 156 159 157  -1  -1                       
 168 163 162 160  -1  -1                       
 167 164 163 162  -1  -1                       
 199 170 164 163  -1  -1                       
 175 166 165 161  -1  -1                       
 204 172 166 165  -1  -1                       
 198 169 168 162  -1  -1                       
 171 170 169 168  -1  -1                       
 184 164 170 169  -1  -1                       
 173 166 172 171  -1  -1                       
 202 174 173 172  -1  -1                       
 203 175 174 173  -1  -1                       
 176 165 175 174  -1  -1                       
 180 177 176 175  -1  -1                       
 205 178 177 176  -1  -1                       
 206 179 178 177  -1  -1                       
 182 181 179 178  -1  -1                       
 207 181 180 176  -1  -1                       
 208 179 181 180  -1  -1                       
 189 185 184 170  -1  -1                       
 194 186 185 184  -1  -1                       
 195 187 186 185  -1  -1                       
 190 188 187 186  -1  -1                       
 193 189 188 187  -1  -1                       
 192 184 189 188  -1  -1                       
                    Domain Definitions follow     (4I4)
                    Conformational Search (2I4,2F12.6)
                    Local Heating Residues follow (I4 or I4-I4)
                    Final blank line         
                                                                         
                                                                 
 Final Non-Bonded Parameters for QM (AM1 CM1Lx1.14) Atoms:               
                  
   6  0  0   0.000000  0.000000  0.000000                              
   6  0  0   0.000000  0.000000  0.000000                              
   6  0  0   0.000000  0.000000  0.000000                              
   6  0  0   0.000000  0.000000  0.000000                              
   6  0  0   0.000000  0.000000  0.000000                              
   6  0  0   0.000000  0.000000  0.000000                              
   6  0  0   0.000000  0.000000  0.000000                              
   6  0  0   0.000000  0.000000  0.000000                              
   6  0  0   0.000000  0.000000  0.000000                              
   6  0  0   0.000000  0.000000  0.000000                              
   6  0  0   0.000000  0.000000  0.000000                              
   6  0  0   0.000000  0.000000  0.000000                              
   6  0  0   0.000000  0.000000  0.000000                              
   6  0  0   0.000000  0.000000  0.000000                              
   6  0  0   0.000000  0.000000  0.000000                              
   6  0  0   0.000000  0.000000  0.000000                              
   6  0  0   0.000000  0.000000  0.000000                              
   6  0  0   0.000000  0.000000  0.000000                              
   6  0  0   0.000000  0.000000  0.000000                              
   6  0  0   0.000000  0.000000  0.000000                              
   6  0  0   0.000000  0.000000  0.000000                              
   6  0  0   0.000000  0.000000  0.000000                              
   6  0  0   0.000000  0.000000  0.000000                              
   6  0  0   0.000000  0.000000  0.000000                              
   6  0  0   0.000000  0.000000  0.000000                              
   6  0  0   0.000000  0.000000  0.000000                              
   6  0  0   0.000000  0.000000  0.000000                              
   6  0  0   0.000000  0.000000  0.000000                              
   6  0  0   0.000000  0.000000  0.000000                              
   6  0  0   0.000000  0.000000  0.000000                              
   6  0  0   0.000000  0.000000  0.000000                              
   6  0  0   0.000000  0.000000  0.000000                              
   6  0  0   0.000000  0.000000  0.000000                              
   6  0  0   0.000000  0.000000  0.000000                              
   6  0  0   0.000000  0.000000  0.000000                              
   6  0  0   0.000000  0.000000  0.000000                              
   6  0  0   0.000000  0.000000  0.000000                              
   6  0  0   0.000000  0.000000  0.000000                              
   6  0  0   0.000000  0.000000  0.000000                              
   6  0  0   0.000000  0.000000  0.000000                              
   6  0  0   0.000000  0.000000  0.000000                              
   6  0  0   0.000000  0.000000  0.000000                              
   6  0  0   0.000000  0.000000  0.000000                              
   6  0  0   0.000000  0.000000  0.000000                              
   6  0  0   0.000000  0.000000  0.000000                              
   6  0  0   0.000000  0.000000  0.000000                              
   6  0  0   0.000000  0.000000  0.000000                              
   6  0  0   0.000000  0.000000  0.000000                              
   6  0  0   0.000000  0.000000  0.000000                              
   6  0  0   0.000000  0.000000  0.000000                              
   6  0  0   0.000000  0.000000  0.000000                              
   6  0  0   0.000000  0.000000  0.000000                              
   6  0  0   0.000000  0.000000  0.000000                              
   6  0  0   0.000000  0.000000  0.000000                              
   6  0  0   0.000000  0.000000  0.000000                              
   6  0  0   0.000000  0.000000  0.000000                              
   6  0  0   0.000000  0.000000  0.000000                              
   6  0  0   0.000000  0.000000  0.000000                              
   6  0  0   0.000000  0.000000  0.000000                              
   6  0  0   0.000000  0.000000  0.000000                              
   6  0  0   0.000000  0.000000  0.000000                              
   6  0  0   0.000000  0.000000  0.000000                              
   6  0  0   0.000000  0.000000  0.000000                              
   6  0  0   0.000000  0.000000  0.000000                              
   6  0  0   0.000000  0.000000  0.000000                              
  17  0  0   0.000000  0.000000  0.000000                              
   6  0  0   0.000000  0.000000  0.000000                              
   6  0  0   0.000000  0.000000  0.000000                              
   6  0  0   0.000000  0.000000  0.000000                              
   6  0  0   0.000000  0.000000  0.000000                              
   6  0  0   0.000000  0.000000  0.000000                              
   6  0  0   0.000000  0.000000  0.000000                              
   6  0  0   0.000000  0.000000  0.000000                              
   6  0  0   0.000000  0.000000  0.000000                              
   6  0  0   0.000000  0.000000  0.000000                              
   6  0  0   0.000000  0.000000  0.000000                              
   6  0  0   0.000000  0.000000  0.000000                              
   6  0  0   0.000000  0.000000  0.000000                              
   6  0  0   0.000000  0.000000  0.000000                              
   6  0  0   0.000000  0.000000  0.000000                              
   6  0  0   0.000000  0.000000  0.000000                              
  17  0  0   0.000000  0.000000  0.000000                              
   6  0  0   0.000000  0.000000  0.000000                              
   6  0  0   0.000000  0.000000  0.000000                              
   6  0  0   0.000000  0.000000  0.000000                              
   6  0  0   0.000000  0.000000  0.000000                              
   6  0  0   0.000000  0.000000  0.000000                              
   6  0  0   0.000000  0.000000  0.000000                              
   6  0  0   0.000000  0.000000  0.000000                              
   6  0  0   0.000000  0.000000  0.000000                              
   6  0  0   0.000000  0.000000  0.000000                              
   6  0  0   0.000000  0.000000  0.000000                              
   6  0  0   0.000000  0.000000  0.000000                              
   6  0  0   0.000000  0.000000  0.000000                              
   6  0  0   0.000000  0.000000  0.000000                              
   6  0  0   0.000000  0.000000  0.000000                              
   6  0  0   0.000000  0.000000  0.000000                              
   6  0  0   0.000000  0.000000  0.000000                              
   6  0  0   0.000000  0.000000  0.000000                              
   6  0  0   0.000000  0.000000  0.000000                              
   6  0  0   0.000000  0.000000  0.000000                              
  17  0  0   0.000000  0.000000  0.000000                              
   6  0  0   0.000000  0.000000  0.000000                              
   6  0  0   0.000000  0.000000  0.000000                              
   6  0  0   0.000000  0.000000  0.000000                              
   6  0  0   0.000000  0.000000  0.000000                              
   6  0  0   0.000000  0.000000  0.000000                              
   6  0  0   0.000000  0.000000  0.000000                              
   6  0  0   0.000000  0.000000  0.000000                              
   6  0  0   0.000000  0.000000  0.000000                              
   6  0  0   0.000000  0.000000  0.000000                              
   6  0  0   0.000000  0.000000  0.000000                              
   6  0  0   0.000000  0.000000  0.000000                              
   6  0  0   0.000000  0.000000  0.000000                              
   6  0  0   0.000000  0.000000  0.000000                              
   6  0  0   0.000000  0.000000  0.000000                              
   6  0  0   0.000000  0.000000  0.000000                              
   6  0  0   0.000000  0.000000  0.000000                              
   6  0  0   0.000000  0.000000  0.000000                              
   6  0  0   0.000000  0.000000  0.000000                              
   6  0  0   0.000000  0.000000  0.000000                              
   6  0  0   0.000000  0.000000  0.000000                              
  17  0  0   0.000000  0.000000  0.000000                              
   6  0  0   0.000000  0.000000  0.000000                              
   6  0  0   0.000000  0.000000  0.000000                              
   6  0  0   0.000000  0.000000  0.000000                              
   6  0  0   0.000000  0.000000  0.000000                              
   6  0  0   0.000000  0.000000  0.000000                              
   6  0  0   0.000000  0.000000  0.000000                              
   6  0  0   0.000000  0.000000  0.000000                              
   6  0  0   0.000000  0.000000  0.000000                              
   6  0  0   0.000000  0.000000  0.000000                              
   6  0  0   0.000000  0.000000  0.000000                              
   6  0  0   0.000000  0.000000  0.000000                              
   6  0  0   0.000000  0.000000  0.000000                              
   6  0  0   0.000000  0.000000  0.000000                              
   6  0  0   0.000000  0.000000  0.000000                              
   6  0  0   0.000000  0.000000  0.000000                              
   6  0  0   0.000000  0.000000  0.000000                              
   6  0  0   0.000000  0.000000  0.000000                              
   6  0  0   0.000000  0.000000  0.000000                              
   6  0  0   0.000000  0.000000  0.000000                              
   6  0  0   0.000000  0.000000  0.000000                              
   6  0  0   0.000000  0.000000  0.000000                              
   6  0  0   0.000000  0.000000  0.000000                              
   6  0  0   0.000000  0.000000  0.000000                              
   6  0  0   0.000000  0.000000  0.000000                              
   6  0  0   0.000000  0.000000  0.000000                              
   6  0  0   0.000000  0.000000  0.000000                              
   6  0  0   0.000000  0.000000  0.000000                              
   6  0  0   0.000000  0.000000  0.000000                              
   6  0  0   0.000000  0.000000  0.000000                              
   6  0  0   0.000000  0.000000  0.000000                              
   6  0  0   0.000000  0.000000  0.000000                              
   6  0  0   0.000000  0.000000  0.000000                              
   6  0  0   0.000000  0.000000  0.000000                              
   6  0  0   0.000000  0.000000  0.000000                              
   6  0  0   0.000000  0.000000  0.000000                              
   6  0  0   0.000000  0.000000  0.000000                              
   6  0  0   0.000000  0.000000  0.000000                              
   6  0  0   0.000000  0.000000  0.000000                              
   6  0  0   0.000000  0.000000  0.000000                              
   6  0  0   0.000000  0.000000  0.000000                              
   6  0  0   0.000000  0.000000  0.000000                              
   6  0  0   0.000000  0.000000  0.000000                              
   6  0  0   0.000000  0.000000  0.000000                              
   6  0  0   0.000000  0.000000  0.000000                              
   6  0  0   0.000000  0.000000  0.000000                              
   6  0  0   0.000000  0.000000  0.000000                              
   6  0  0   0.000000  0.000000  0.000000                              
   6  0  0   0.000000  0.000000  0.000000                              
   6  0  0   0.000000  0.000000  0.000000                              
   6  0  0   0.000000  0.000000  0.000000                              
   6  0  0   0.000000  0.000000  0.000000                              
   6  0  0   0.000000  0.000000  0.000000                              
   6  0  0   0.000000  0.000000  0.000000                              
   6  0  0   0.000000  0.000000  0.000000                              
   6  0  0   0.000000  0.000000  0.000000                              
   6  0  0   0.000000  0.000000  0.000000                              
  17  0  0   0.000000  0.000000  0.000000                              
   6  0  0   0.000000  0.000000  0.000000                              
   6  0  0   0.000000  0.000000  0.000000                              
   6  0  0   0.000000  0.000000  0.000000                              
   6  0  0   0.000000  0.000000  0.000000                              
   6  0  0   0.000000  0.000000  0.000000                              
   6  0  0   0.000000  0.000000  0.000000                              
   6  0  0   0.000000  0.000000  0.000000                              
  17  0  0   0.000000  0.000000  0.000000                              
   1  0  0   0.000000  0.000000  0.000000                              
   1  0  0   0.000000  0.000000  0.000000                              
   1  0  0   0.000000  0.000000  0.000000                              
   1  0  0   0.000000  0.000000  0.000000                              
   1  0  0   0.000000  0.000000  0.000000                              
   1  0  0   0.000000  0.000000  0.000000                              
   1  0  0   0.000000  0.000000  0.000000                              
   1  0  0   0.000000  0.000000  0.000000                              
   1  0  0   0.000000  0.000000  0.000000                              
   1  0  0   0.000000  0.000000  0.000000                              
   1  0  0   0.000000  0.000000  0.000000                              
   1  0  0   0.000000  0.000000  0.000000                              
   1  0  0   0.000000  0.000000  0.000000                              
   1  0  0   0.000000  0.000000  0.000000                              
   1  0  0   0.000000  0.000000  0.000000                              
   1  0  0   0.000000  0.000000  0.000000                              
   1  0  0   0.000000  0.000000  0.000000                              
   1  0  0   0.000000  0.000000  0.000000                              
   1  0  0   0.000000  0.000000  0.000000                              
   1  0  0   0.000000  0.000000  0.000000                              
   1  0  0   0.000000  0.000000  0.000000                              
   1  0  0   0.000000  0.000000  0.000000                              
   1  0  0   0.000000  0.000000  0.000000                              
   1  0  0   0.000000  0.000000  0.000000                              
   1  0  0   0.000000  0.000000  0.000000                              
   1  0  0   0.000000  0.000000  0.000000                              
   1  0  0   0.000000  0.000000  0.000000                              
   1  0  0   0.000000  0.000000  0.000000                              
   1  0  0   0.000000  0.000000  0.000000                              
   1  0  0   0.000000  0.000000  0.000000                              
   1  0  0   0.000000  0.000000  0.000000                              
   1  0  0   0.000000  0.000000  0.000000                              
   1  0  0   0.000000  0.000000  0.000000                              
   1  0  0   0.000000  0.000000  0.000000                              
   1  0  0   0.000000  0.000000  0.000000                              
   1  0  0   0.000000  0.000000  0.000000                              
   1  0  0   0.000000  0.000000  0.000000                              
   1  0  0   0.000000  0.000000  0.000000                              
   1  0  0   0.000000  0.000000  0.000000                              
   1  0  0   0.000000  0.000000  0.000000                              
   1  0  0   0.000000  0.000000  0.000000                              
   1  0  0   0.000000  0.000000  0.000000                              
   1  0  0   0.000000  0.000000  0.000000                              
   1  0  0   0.000000  0.000000  0.000000                              
   1  0  0   0.000000  0.000000  0.000000                              
   1  0  0   0.000000  0.000000  0.000000                              
   1  0  0   0.000000  0.000000  0.000000                              
   1  0  0   0.000000  0.000000  0.000000                              
   1  0  0   0.000000  0.000000  0.000000                              
   1  0  0   0.000000  0.000000  0.000000                              
   1  0  0   0.000000  0.000000  0.000000                              
   1  0  0   0.000000  0.000000  0.000000                              
   1  0  0   0.000000  0.000000  0.000000                              
   1  0  0   0.000000  0.000000  0.000000                              
   1  0  0   0.000000  0.000000  0.000000                              
   1  0  0   0.000000  0.000000  0.000000                              
   1  0  0   0.000000  0.000000  0.000000                              
   1  0  0   0.000000  0.000000  0.000000                              
   1  0  0   0.000000  0.000000  0.000000                              
   1  0  0   0.000000  0.000000  0.000000                              
   1  0  0   0.000000  0.000000  0.000000                              
   1  0  0   0.000000  0.000000  0.000000                              
   1  0  0   0.000000  0.000000  0.000000                              
   1  0  0   0.000000  0.000000  0.000000                              
   1  0  0   0.000000  0.000000  0.000000                              
   1  0  0   0.000000  0.000000  0.000000                              
   1  0  0   0.000000  0.000000  0.000000                              
   1  0  0   0.000000  0.000000  0.000000                              
   1  0  0   0.000000  0.000000  0.000000                              
   1  0  0   0.000000  0.000000  0.000000                              
   1  0  0   0.000000  0.000000  0.000000                              
   1  0  0   0.000000  0.000000  0.000000                              
   1  0  0   0.000000  0.000000  0.000000                              
   1  0  0   0.000000  0.000000  0.000000                              
   1  0  0   0.000000  0.000000  0.000000                              
   1  0  0   0.000000  0.000000  0.000000                              
   1  0  0   0.000000  0.000000  0.000000                              
   1  0  0   0.000000  0.000000  0.000000                              
   1  0  0   0.000000  0.000000  0.000000                              
   1  0  0   0.000000  0.000000  0.000000                              
   1  0  0   0.000000  0.000000  0.000000                              
   1  0  0   0.000000  0.000000  0.000000                              
   1  0  0   0.000000  0.000000  0.000000                              
   1  0  0   0.000000  0.000000  0.000000                              
   1  0  0   0.000000  0.000000  0.000000                              
   1  0  0   0.000000  0.000000  0.000000                              
   1  0  0   0.000000  0.000000  0.000000                              
   1  0  0   0.000000  0.000000  0.000000                              
   1  0  0   0.000000  0.000000  0.000000                              
   1  0  0   0.000000  0.000000  0.000000                              
   1  0  0   0.000000  0.000000  0.000000                              
   1  0  0   0.000000  0.000000  0.000000                              
   1  0  0   0.000000  0.000000  0.000000                              
   1  0  0   0.000000  0.000000  0.000000                              
   1  0  0   0.000000  0.000000  0.000000                              
   1  0  0   0.000000  0.000000  0.000000                              
   1  0  0   0.000000  0.000000  0.000000                              
   1  0  0   0.000000  0.000000  0.000000                              
   1  0  0   0.000000  0.000000  0.000000                              
   1  0  0   0.000000  0.000000  0.000000                              
   1  0  0   0.000000  0.000000  0.000000                              
   1  0  0   0.000000  0.000000  0.000000                              
   1  0  0   0.000000  0.000000  0.000000                              
   1  0  0   0.000000  0.000000  0.000000                              
   1  0  0   0.000000  0.000000  0.000000                              
   1  0  0   0.000000  0.000000  0.000000                              
   1  0  0   0.000000  0.000000  0.000000                              
   1  0  0   0.000000  0.000000  0.000000                              
   1  0  0   0.000000  0.000000  0.000000                              
   1  0  0   0.000000  0.000000  0.000000                              
   1  0  0   0.000000  0.000000  0.000000                              
   1  0  0   0.000000  0.000000  0.000000                              
   1  0  0   0.000000  0.000000  0.000000                              
   1  0  0   0.000000  0.000000  0.000000                              
   1  0  0   0.000000  0.000000  0.000000                              
   1  0  0   0.000000  0.000000  0.000000                              
   1  0  0   0.000000  0.000000  0.000000                              
   1  0  0   0.000000  0.000000  0.000000                              
   1  0  0   0.000000  0.000000  0.000000                              
   1  0  0   0.000000  0.000000  0.000000                              
   1  0  0   0.000000  0.000000  0.000000                              
   1  0  0   0.000000  0.000000  0.000000                              
   1  0  0   0.000000  0.000000  0.000000                              
   1  0  0   0.000000  0.000000  0.000000                              
   1  0  0   0.000000  0.000000  0.000000                              
   1  0  0   0.000000  0.000000  0.000000                              
   1  0  0   0.000000  0.000000  0.000000                              
   1  0  0   0.000000  0.000000  0.000000                              
   1  0  0   0.000000  0.000000  0.000000                              
   1  0  0   0.000000  0.000000  0.000000                              
   1  0  0   0.000000  0.000000  0.000000                              
   1  0  0   0.000000  0.000000  0.000000                              
   1  0  0   0.000000  0.000000  0.000000                              
   1  0  0   0.000000  0.000000  0.000000                              
   1  0  0   0.000000  0.000000  0.000000                              
   1  0  0   0.000000  0.000000  0.000000                              
                      
