Atom_Index,Charge,Info,DataMass,Source,ElementGuess,AtomicNumber,prompt,gpt_output
323,-0.07,C  - CM   | Uracil C5,12.011,oplsaa2024.lt,C,6,"Convert the following OPLS-AA atom type rows:

Atom Type Data:
- Atom index: 323
- Force field raw info: C  - CM   | Uracil C5
- Partial charge: -0.07
- Atomic mass: 12.011
- Element guess: C
- Atomic number: 6
- Source file: oplsaa2024.lt


Atom Type Data:
- Atom index: 324
- Force field raw info: C  - CM   | Uracil C6
- Partial charge: 0.08
- Atomic mass: 12.011
- Element guess: C
- Atomic number: 6
- Source file: oplsaa2024.lt


Atom Type Data:
- Atom index: 331
- Force field raw info: C  - CT   | Thymine C-C5
- Partial charge: -0.14
- Atomic mass: 12.011
- Element guess: C
- Atomic number: 6
- Source file: oplsaa2024.lt


Atom Type Data:
- Atom index: 334
- Force field raw info: C  - C~   | Cytosine C2
- Partial charge: 0.55
- Atomic mass: 12.011
- Element guess: C
- Atomic number: 6
- Source file: oplsaa2024.lt


Atom Type Data:
- Atom index: 336
- Force field raw info: C  - CA   | Cytosine C4 Nucleotide base
- Partial charge: 0.46
- Atomic mass: 12.011
- Element guess: C
- Atomic number: 6
- Source file: oplsaa2024.lt


Atom Type Data:
- Atom index: 337
- Force field raw info: C  - CM   | Cytosine C5 parameters:
- Partial charge: -0.06
- Atomic mass: 12.011
- Element guess: C
- Atomic number: 6
- Source file: oplsaa2024.lt


Atom Type Data:
- Atom index: 338
- Force field raw info: C  - CM   | Cytosine C6 JACS,113,2810(1991)
- Partial charge: 0.1
- Atomic mass: 12.011
- Element guess: C
- Atomic number: 6
- Source file: oplsaa2024.lt


Atom Type Data:
- Atom index: 347
- Force field raw info: C  - CQ   | Adenine C2
- Partial charge: 0.22
- Atomic mass: 12.011
- Element guess: C
- Atomic number: 6
- Source file: oplsaa2024.lt


Atom Type Data:
- Atom index: 349
- Force field raw info: C  - CB   | Adenine C4
- Partial charge: 0.38
- Atomic mass: 12.011
- Element guess: C
- Atomic number: 6
- Source file: oplsaa2024.lt


Atom Type Data:
- Atom index: 350
- Force field raw info: C  - CB   | Adenine C5
- Partial charge: 0.15
- Atomic mass: 12.011
- Element guess: C
- Atomic number: 6
- Source file: oplsaa2024.lt


Atom Type Data:
- Atom index: 351
- Force field raw info: C  - CA   | Adenine C6
- Partial charge: 0.44
- Atomic mass: 12.011
- Element guess: C
- Atomic number: 6
- Source file: oplsaa2024.lt


Atom Type Data:
- Atom index: 353
- Force field raw info: C  - CR   | Adenine C8 Guanine
- Partial charge: 0.2
- Atomic mass: 12.011
- Element guess: C
- Atomic number: 6
- Source file: oplsaa2024.lt


Atom Type Data:
- Atom index: 362
- Force field raw info: C  - CA   | Guanine C2
- Partial charge: 0.46
- Atomic mass: 12.011
- Element guess: C
- Atomic number: 6
- Source file: oplsaa2024.lt


Atom Type Data:
- Atom index: 364
- Force field raw info: C  - CB   | Guanine C4
- Partial charge: 0.34
- Atomic mass: 12.011
- Element guess: C
- Atomic number: 6
- Source file: oplsaa2024.lt


Atom Type Data:
- Atom index: 365
- Force field raw info: C  - CB   | Guanine C5
- Partial charge: 0.12
- Atomic mass: 12.011
- Element guess: C
- Atomic number: 6
- Source file: oplsaa2024.lt


Atom Type Data:
- Atom index: 366
- Force field raw info: C  - C~   | Guanine C6
- Partial charge: 0.52
- Atomic mass: 12.011
- Element guess: C
- Atomic number: 6
- Source file: oplsaa2024.lt


Atom Type Data:
- Atom index: 371
- Force field raw info: C  - CT   | 9-Me A or G C-N9
- Partial charge: -0.01
- Atomic mass: 12.011
- Element guess: C
- Atomic number: 6
- Source file: oplsaa2024.lt


Atom Type Data:
- Atom index: 373
- Force field raw info: C  - CT   | 1-Me U or T C-N1
- Partial charge: -0.01
- Atomic mass: 12.011
- Element guess: C
- Atomic number: 6
- Source file: oplsaa2024.lt


Atom Type Data:
- Atom index: 375
- Force field raw info: C  - CT   | 1-Me Cytosine C-N1
- Partial charge: -0.01
- Atomic mass: 12.011
- Element guess: C
- Atomic number: 6
- Source file: oplsaa2024.lt


Atom Type Data:
- Atom index: 378
- Force field raw info: C  - C~   | CytH+ C2
- Partial charge: 0.65
- Atomic mass: 12.011
- Element guess: C
- Atomic number: 6
- Source file: oplsaa2024.lt
","{
  ""atoms"": [
    {
      ""atom_type"": 323,
      ""element"": ""C"",
      ""chemical_environment"": ""Uracil ring C5 (pyrimidine-2,4-dione): sp2 vinylic/aromatic carbon between C4(=O) and C6"",
      ""functional_group"": ""pyrimidine-2,4-dione (uracil) ring"",
      ""hybridization"": ""sp2"",
      ""example_molecule_smiles"": ""O=c1[nH]cc(=O)[nH]1"",
      ""group_smarts"": ""[cX3;r6;$([c]-C(=O));$([c]-[c]-[nH])]"",
      ""atom_specific_smarts"": ""[cX3;r6:1;$([c]-C(=O));$([c]-[c]-[nH])]"",
      ""description"": ""C5 of uracil: ring sp2 carbon adjacent to a carbonyl carbon (C4) and to C6 which is bonded to N1([nH])."",
      ""uncertainty"": ""25""
    },
    {
      ""atom_type"": 324,
      ""element"": ""C"",
      ""chemical_environment"": ""Uracil ring C6: sp2 vinylic/aromatic carbon adjacent to N1([nH]) and C5"",
      ""functional_group"": ""pyrimidine-2,4-dione (uracil) ring"",
      ""hybridization"": ""sp2"",
      ""example_molecule_smiles"": ""O=c1[nH]cc(=O)[nH]1"",
      ""group_smarts"": ""[cX3;r6;$([c]-[nH]);$([c]-[c]-C(=O))]"",
      ""atom_specific_smarts"": ""[cX3;r6:1;$([c]-[nH]);$([c]-[c]-C(=O))]"",
      ""description"": ""C6 of uracil: ring sp2 carbon bonded to N1([nH]) and to C5 which is adjacent to a carbonyl."",
      ""uncertainty"": ""25""
    },
    {
      ""atom_type"": 331,
      ""element"": ""C"",
      ""chemical_environment"": ""Thymine 5-methyl carbon attached to ring C5 (aliphatic sp3)"",
      ""functional_group"": ""5-methyluracil (thymine) substituent"",
      ""hybridization"": ""sp3"",
      ""example_molecule_smiles"": ""O=c1[nH]c(C)c(=O)[nH]1"",
      ""group_smarts"": ""[CH3X4]-[c;r6;$([c]-C(=O))]"",
      ""atom_specific_smarts"": ""O=C1[nH]c([CH3X4:1])c(=O)[nH]1"",
      ""description"": ""Methyl carbon directly bonded to the uracil/thymine C5 ring carbon."",
      ""uncertainty"": ""20""
    },
    {
      ""atom_type"": 334,
      ""element"": ""C"",
      ""chemical_environment"": ""Cytosine C2 carbonyl carbon within pyrimidin-2-one (between two ring nitrogens)"",
      ""functional_group"": ""pyrimidin-2-one (cytosine) ring carbonyl"",
      ""hybridization"": ""sp2"",
      ""example_molecule_smiles"": ""O=c1[nH]cnc(N)n1"",
      ""group_smarts"": ""[C;X3;r6](=O)(-[n;r6])-[n;r6]"",
      ""atom_specific_smarts"": ""[C;X3;r6:1](=O)(-[n;r6])-[n;r6]"",
      ""description"": ""Carbonyl carbon at C2 of cytosine conjugated to two ring nitrogens (N1 and N3)."",
      ""uncertainty"": ""20""
    },
    {
      ""atom_type"": 336,
      ""element"": ""C"",
      ""chemical_environment"": ""Cytosine C4 ring carbon bearing an exocyclic amino substituent"",
      ""functional_group"": ""pyrimidin-2-one (cytosine) ring, C4–NH2"",
      ""hybridization"": ""sp2"",
      ""example_molecule_smiles"": ""O=c1[nH]cnc(N)n1"",
      ""group_smarts"": ""[cX3;r6;$([c]-[NH2]);$([c]-[n;r6])]"",
      ""atom_specific_smarts"": ""[cX3;r6:1;$([c]-[NH2]);$([c]-[n;r6])]"",
      ""description"": ""C4 of cytosine: sp2 ring carbon bonded to exocyclic –NH2 and to N3 in the ring."",
      ""uncertainty"": ""25""
    },
    {
      ""atom_type"": 337,
      ""element"": ""C"",
      ""chemical_environment"": ""Cytosine C5 ring sp2 carbon between C4(–NH2) and C6"",
      ""functional_group"": ""pyrimidin-2-one (cytosine) ring"",
      ""hybridization"": ""sp2"",
      ""example_molecule_smiles"": ""O=c1[nH]cnc(N)n1"",
      ""group_smarts"": ""[cX3;r6;$([c]-[c;$([c]-[NH2])]);$([c]-[n;r6])]"",
      ""atom_specific_smarts"": ""[cX3;r6:1;$([c]-[c;$([c]-[NH2])]);$([c]-[n;r6])]"",
      ""description"": ""C5 of cytosine: ring sp2 carbon adjacent to C4 bearing –NH2 and adjacent to C6 (which is bonded to N1)."",
      ""uncertainty"": ""30""
    },
    {
      ""atom_type"": 338,
      ""element"": ""C"",
      ""chemical_environment"": ""Cytosine C6 ring sp2 carbon adjacent to N1 and C5 (which is adjacent to C4–NH2)"",
      ""functional_group"": ""pyrimidin-2-one (cytosine) ring"",
      ""hybridization"": ""sp2"",
      ""example_molecule_smiles"": ""O=c1[nH]cnc(N)n1"",
      ""group_smarts"": ""[cX3;r6;$([c]-[n;r6]);$([c]-[c;$([c]-[NH2])])]"",
      ""atom_specific_smarts"": ""[cX3;r6:1;$([c]-[n;r6]);$([c]-[c;$([c]-[NH2])])]"",
      ""description"": ""C6 of cytosine: ring sp2 carbon bonded to N1 and to C5 (which is alpha to the exocyclic amino at C4)."",
      ""uncertainty"": ""30""
    },
    {
      ""atom_type"": 347,
      ""element"": ""C"",
      ""chemical_environment"": ""Adenine C2 ring sp2 carbon flanked by two ring nitrogens (N1 and N3)"",
      ""functional_group"": ""purine (adenine) six-membered ring"",
      ""hybridization"": ""sp2"",
      ""example_molecule_smiles"": ""Nc1ncnc2ncnc12"",
      ""group_smarts"": ""[cX3;r6;$([c]-[n;r6]);$([c]-[n;r6])]"",
      ""atom_specific_smarts"": ""[cX3;r6:1;$([c]-[n;r6]);$([c]-[n;r6])]"",
      ""description"": ""C2 of adenine: six-membered ring carbon with two ring N neighbors (N1 and N3)."",
      ""uncertainty"": ""40""
    },
    {
      ""atom_type"": 349,
      ""element"": ""C"",
      ""chemical_environment"": ""Adenine C4 ring sp2 carbon adjacent to N3; not bonded to exocyclic substituents"",
      ""functional_group"": ""purine (adenine) six-membered ring"",
      ""hybridization"": ""sp2"",
      ""example_molecule_smiles"": ""Nc1ncnc2ncnc12"",
      ""group_smarts"": ""[cX3;r6;$([c]-[n;r6]);!$([c]-N)]"",
      ""atom_specific_smarts"": ""[cX3;r6:1;$([c]-[n;r6]);!$([c]-N)]"",
      ""description"": ""C4 of adenine: ring sp2 carbon adjacent to N3, not bearing an exocyclic amino or carbonyl."",
      ""uncertainty"": ""50""
    },
    {
      ""atom_type"": 350,
      ""element"": ""C"",
      ""chemical_environment"": ""Adenine C5 ring sp2 carbon between C4 (adjacent to N3) and C6 (bearing exocyclic –NH2)"",
      ""functional_group"": ""purine (adenine) six-membered ring"",
      ""hybridization"": ""sp2"",
      ""example_molecule_smiles"": ""Nc1ncnc2ncnc12"",
      ""group_smarts"": ""[cX3;r6;$([c]-[c;$([c]-N)])]"",
      ""atom_specific_smarts"": ""[cX3;r6:1;$([c]-[c;$([c]-N)])]"",
      ""description"": ""C5 of adenine: ring sp2 carbon adjacent to the C6 carbon that carries the exocyclic –NH2."",
      ""uncertainty"": ""50""
    },
    {
      ""atom_type"": 351,
      ""element"": ""C"",
      ""chemical_environment"": ""Adenine C6 ring sp2 carbon bound to an exocyclic amino group"",
      ""functional_group"": ""purine (adenine) exocyclic amine attachment site"",
      ""hybridization"": ""sp2"",
      ""example_molecule_smiles"": ""Nc1ncnc2ncnc12"",
      ""group_smarts"": ""[cX3;r6]-N"",
      ""atom_specific_smarts"": ""[cX3;r6:1]-N"",
      ""description"": ""C6 of adenine: ring sp2 carbon directly attached to –NH2."",
      ""uncertainty"": ""30""
    },
    {
      ""atom_type"": 353,
      ""element"": ""C"",
      ""chemical_environment"": ""Purine C8 (adenine/guanine) five-membered ring sp2 carbon adjacent to N7 and fused to six-membered ring"",
      ""functional_group"": ""purine imidazole ring (fused five-membered ring)"",
      ""hybridization"": ""sp2"",
      ""example_molecule_smiles"": ""Nc1ncnc2ncnc12"",
      ""group_smarts"": ""[cX3;r5;$([c]-[n;r5]);$([c]-[c;r6])]"",
      ""atom_specific_smarts"": ""[cX3;r5:1;$([c]-[n;r5]);$([c]-[c;r6])]"",
      ""description"": ""C8 of purines: sp2 carbon in the five-membered ring adjacent to N7 and fused to the six-membered ring."",
      ""uncertainty"": ""40""
    },
    {
      ""atom_type"": 362,
      ""element"": ""C"",
      ""chemical_environment"": ""Guanine C2 ring sp2 carbon bearing an exocyclic amino group and flanked by two ring nitrogens"",
      ""functional_group"": ""purine (guanine) six-membered ring, C2–NH2"",
      ""hybridization"": ""sp2"",
      ""example_molecule_smiles"": ""O=c1[nH]c2ncnc(N)c2[nH]1"",
      ""group_smarts"": ""[cX3;r6](-N)(-[n;r6])-[n;r6]"",
      ""atom_specific_smarts"": ""[cX3;r6:1](-N)(-[n;r6])-[n;r6]"",
      ""description"": ""C2 of guanine: ring sp2 carbon with exocyclic –NH2, bonded to both N1 and N3 in the ring."",
      ""uncertainty"": ""30""
    },
    {
      ""atom_type"": 364,
      ""element"": ""C"",
      ""chemical_environment"": ""Guanine C4 ring sp2 carbon adjacent to N3; not directly attached to exocyclic groups"",
      ""functional_group"": ""purine (guanine) six-membered ring"",
      ""hybridization"": ""sp2"",
      ""example_molecule_smiles"": ""O=c1[nH]c2ncnc(N)c2[nH]1"",
      ""group_smarts"": ""[cX3;r6;$([c]-[n;r6]);!$([c]-N);!$([c]-C(=O))]"",
      ""atom_specific_smarts"": ""[cX3;r6:1;$([c]-[n;r6]);!$([c]-N);!$([c]-C(=O))]"",
      ""description"": ""C4 of guanine: ring sp2 carbon next to N3, not bonded to exocyclic amine or carbonyl."",
      ""uncertainty"": ""45""
    },
    {
      ""atom_type"": 365,
      ""element"": ""C"",
      ""chemical_environment"": ""Guanine C5 ring sp2 carbon adjacent to the C6 carbonyl carbon"",
      ""functional_group"": ""purine (guanine) six-membered ring"",
      ""hybridization"": ""sp2"",
      ""example_molecule_smiles"": ""O=c1[nH]c2ncnc(N)c2[nH]1"",
      ""group_smarts"": ""[cX3;r6]-[C;r6](=O)"",
      ""atom_specific_smarts"": ""[cX3;r6:1]-[C;r6](=O)"",
      ""description"": ""C5 of guanine: ring sp2 carbon alpha to the C6(=O) carbonyl."",
      ""uncertainty"": ""30""
    },
    {
      ""atom_type"": 366,
      ""element"": ""C"",
      ""chemical_environment"": ""Guanine C6 carbonyl carbon (conjugated to ring N1)"",
      ""functional_group"": ""purine ring amide-like carbonyl"",
      ""hybridization"": ""sp2"",
      ""example_molecule_smiles"": ""O=c1[nH]c2ncnc(N)c2[nH]1"",
      ""group_smarts"": ""[C;X3;r6](=O)-[n;r6]"",
      ""atom_specific_smarts"": ""[C;X3;r6:1](=O)-[n;r6]"",
      ""description"": ""Carbonyl carbon at C6 of guanine conjugated into the purine ring."",
      ""uncertainty"": ""20""
    },
    {
      ""atom_type"": 371,
      ""element"": ""C"",
      ""chemical_environment"": ""Methyl carbon attached to N9 of a purine (adenine or guanine) imidazole nitrogen"",
      ""functional_group"": ""N-alkylated purine (N9-alkyl)"",
      ""hybridization"": ""sp3"",
      ""example_molecule_smiles"": ""Cn1c2ncnc(N)c2n1"",
      ""group_smarts"": ""[CH3X4:1]-[nX2;r5]"",
      ""atom_specific_smarts"": ""[CH3X4:1]-[nX2;r5]"",
      ""description"": ""Aliphatic methyl carbon bound to the ring imidazole nitrogen (N9) of a purine."",
      ""uncertainty"": ""40""
    },
    {
      ""atom_type"": 373,
      ""element"": ""C"",
      ""chemical_environment"": ""Methyl carbon attached to N1 of a pyrimidine (uracil or thymine)"",
      ""functional_group"": ""N-alkylated pyrimidine (N1-alkyl)"",
      ""hybridization"": ""sp3"",
      ""example_molecule_smiles"": ""O=C1n(C)cc(=O)[nH]1"",
      ""group_smarts"": ""[CH3X4:1]-[nX2;r6]-[c;r6]-C(=O)"",
      ""atom_specific_smarts"": ""[CH3X4:1]-[nX2;r6]-[c;r6]-C(=O)"",
      ""description"": ""Methyl carbon bound to N1 of a 1,3-dione pyrimidine ring (U/T)."",
      ""uncertainty"": ""35""
    },
    {
      ""atom_type"": 375,
      ""element"": ""C"",
      ""chemical_environment"": ""Methyl carbon attached to N1 of cytosine (pyrimidin-2-one)"",
      ""functional_group"": ""N-alkylated cytosine (N1-alkyl)"",
      ""hybridization"": ""sp3"",
      ""example_molecule_smiles"": ""O=c1n(C)cnc(N)n1"",
      ""group_smarts"": ""[CH3X4:1]-[nX2;r6]-[c;r6]-C(=O)"",
      ""atom_specific_smarts"": ""[CH3X4:1]-[nX2;r6]-[c;r6]-C(=O)"",
      ""description"": ""Methyl carbon bound to N1 of cytosine (adjacent ring carbon is C2=O)."",
      ""uncertainty"": ""35""
    },
    {
      ""atom_type"": 378,
      ""element"": ""C"",
      ""chemical_environment"": ""Cytosine C2 carbonyl carbon in protonated cytosine (CytH+), adjacent to a protonated ring nitrogen"",
      ""functional_group"": ""protonated pyrimidin-2-one (cytosinium)"",
      ""hybridization"": ""sp2"",
      ""example_molecule_smiles"": ""O=c1[nH+]cnc(N)n1"",
      ""group_smarts"": ""[C;X3;r6](=O)(-[n;r6])-[nH+;r6]"",
      ""atom_specific_smarts"": ""[C;X3;r6:1](=O)(-[n;r6])-[nH+;r6]"",
      ""description"": ""C2 carbonyl carbon of cytosine when N3 is protonated (cytosinium)."",
      ""uncertainty"": ""35""
    }
  ]
}"
324,0.08,C  - CM   | Uracil C6,12.011,oplsaa2024.lt,C,6,"Convert the following OPLS-AA atom type rows:

Atom Type Data:
- Atom index: 323
- Force field raw info: C  - CM   | Uracil C5
- Partial charge: -0.07
- Atomic mass: 12.011
- Element guess: C
- Atomic number: 6
- Source file: oplsaa2024.lt


Atom Type Data:
- Atom index: 324
- Force field raw info: C  - CM   | Uracil C6
- Partial charge: 0.08
- Atomic mass: 12.011
- Element guess: C
- Atomic number: 6
- Source file: oplsaa2024.lt


Atom Type Data:
- Atom index: 331
- Force field raw info: C  - CT   | Thymine C-C5
- Partial charge: -0.14
- Atomic mass: 12.011
- Element guess: C
- Atomic number: 6
- Source file: oplsaa2024.lt


Atom Type Data:
- Atom index: 334
- Force field raw info: C  - C~   | Cytosine C2
- Partial charge: 0.55
- Atomic mass: 12.011
- Element guess: C
- Atomic number: 6
- Source file: oplsaa2024.lt


Atom Type Data:
- Atom index: 336
- Force field raw info: C  - CA   | Cytosine C4 Nucleotide base
- Partial charge: 0.46
- Atomic mass: 12.011
- Element guess: C
- Atomic number: 6
- Source file: oplsaa2024.lt


Atom Type Data:
- Atom index: 337
- Force field raw info: C  - CM   | Cytosine C5 parameters:
- Partial charge: -0.06
- Atomic mass: 12.011
- Element guess: C
- Atomic number: 6
- Source file: oplsaa2024.lt


Atom Type Data:
- Atom index: 338
- Force field raw info: C  - CM   | Cytosine C6 JACS,113,2810(1991)
- Partial charge: 0.1
- Atomic mass: 12.011
- Element guess: C
- Atomic number: 6
- Source file: oplsaa2024.lt


Atom Type Data:
- Atom index: 347
- Force field raw info: C  - CQ   | Adenine C2
- Partial charge: 0.22
- Atomic mass: 12.011
- Element guess: C
- Atomic number: 6
- Source file: oplsaa2024.lt


Atom Type Data:
- Atom index: 349
- Force field raw info: C  - CB   | Adenine C4
- Partial charge: 0.38
- Atomic mass: 12.011
- Element guess: C
- Atomic number: 6
- Source file: oplsaa2024.lt


Atom Type Data:
- Atom index: 350
- Force field raw info: C  - CB   | Adenine C5
- Partial charge: 0.15
- Atomic mass: 12.011
- Element guess: C
- Atomic number: 6
- Source file: oplsaa2024.lt


Atom Type Data:
- Atom index: 351
- Force field raw info: C  - CA   | Adenine C6
- Partial charge: 0.44
- Atomic mass: 12.011
- Element guess: C
- Atomic number: 6
- Source file: oplsaa2024.lt


Atom Type Data:
- Atom index: 353
- Force field raw info: C  - CR   | Adenine C8 Guanine
- Partial charge: 0.2
- Atomic mass: 12.011
- Element guess: C
- Atomic number: 6
- Source file: oplsaa2024.lt


Atom Type Data:
- Atom index: 362
- Force field raw info: C  - CA   | Guanine C2
- Partial charge: 0.46
- Atomic mass: 12.011
- Element guess: C
- Atomic number: 6
- Source file: oplsaa2024.lt


Atom Type Data:
- Atom index: 364
- Force field raw info: C  - CB   | Guanine C4
- Partial charge: 0.34
- Atomic mass: 12.011
- Element guess: C
- Atomic number: 6
- Source file: oplsaa2024.lt


Atom Type Data:
- Atom index: 365
- Force field raw info: C  - CB   | Guanine C5
- Partial charge: 0.12
- Atomic mass: 12.011
- Element guess: C
- Atomic number: 6
- Source file: oplsaa2024.lt


Atom Type Data:
- Atom index: 366
- Force field raw info: C  - C~   | Guanine C6
- Partial charge: 0.52
- Atomic mass: 12.011
- Element guess: C
- Atomic number: 6
- Source file: oplsaa2024.lt


Atom Type Data:
- Atom index: 371
- Force field raw info: C  - CT   | 9-Me A or G C-N9
- Partial charge: -0.01
- Atomic mass: 12.011
- Element guess: C
- Atomic number: 6
- Source file: oplsaa2024.lt


Atom Type Data:
- Atom index: 373
- Force field raw info: C  - CT   | 1-Me U or T C-N1
- Partial charge: -0.01
- Atomic mass: 12.011
- Element guess: C
- Atomic number: 6
- Source file: oplsaa2024.lt


Atom Type Data:
- Atom index: 375
- Force field raw info: C  - CT   | 1-Me Cytosine C-N1
- Partial charge: -0.01
- Atomic mass: 12.011
- Element guess: C
- Atomic number: 6
- Source file: oplsaa2024.lt


Atom Type Data:
- Atom index: 378
- Force field raw info: C  - C~   | CytH+ C2
- Partial charge: 0.65
- Atomic mass: 12.011
- Element guess: C
- Atomic number: 6
- Source file: oplsaa2024.lt
","{
  ""atoms"": [
    {
      ""atom_type"": 323,
      ""element"": ""C"",
      ""chemical_environment"": ""Uracil ring C5 (pyrimidine-2,4-dione): sp2 vinylic/aromatic carbon between C4(=O) and C6"",
      ""functional_group"": ""pyrimidine-2,4-dione (uracil) ring"",
      ""hybridization"": ""sp2"",
      ""example_molecule_smiles"": ""O=c1[nH]cc(=O)[nH]1"",
      ""group_smarts"": ""[cX3;r6;$([c]-C(=O));$([c]-[c]-[nH])]"",
      ""atom_specific_smarts"": ""[cX3;r6:1;$([c]-C(=O));$([c]-[c]-[nH])]"",
      ""description"": ""C5 of uracil: ring sp2 carbon adjacent to a carbonyl carbon (C4) and to C6 which is bonded to N1([nH])."",
      ""uncertainty"": ""25""
    },
    {
      ""atom_type"": 324,
      ""element"": ""C"",
      ""chemical_environment"": ""Uracil ring C6: sp2 vinylic/aromatic carbon adjacent to N1([nH]) and C5"",
      ""functional_group"": ""pyrimidine-2,4-dione (uracil) ring"",
      ""hybridization"": ""sp2"",
      ""example_molecule_smiles"": ""O=c1[nH]cc(=O)[nH]1"",
      ""group_smarts"": ""[cX3;r6;$([c]-[nH]);$([c]-[c]-C(=O))]"",
      ""atom_specific_smarts"": ""[cX3;r6:1;$([c]-[nH]);$([c]-[c]-C(=O))]"",
      ""description"": ""C6 of uracil: ring sp2 carbon bonded to N1([nH]) and to C5 which is adjacent to a carbonyl."",
      ""uncertainty"": ""25""
    },
    {
      ""atom_type"": 331,
      ""element"": ""C"",
      ""chemical_environment"": ""Thymine 5-methyl carbon attached to ring C5 (aliphatic sp3)"",
      ""functional_group"": ""5-methyluracil (thymine) substituent"",
      ""hybridization"": ""sp3"",
      ""example_molecule_smiles"": ""O=c1[nH]c(C)c(=O)[nH]1"",
      ""group_smarts"": ""[CH3X4]-[c;r6;$([c]-C(=O))]"",
      ""atom_specific_smarts"": ""O=C1[nH]c([CH3X4:1])c(=O)[nH]1"",
      ""description"": ""Methyl carbon directly bonded to the uracil/thymine C5 ring carbon."",
      ""uncertainty"": ""20""
    },
    {
      ""atom_type"": 334,
      ""element"": ""C"",
      ""chemical_environment"": ""Cytosine C2 carbonyl carbon within pyrimidin-2-one (between two ring nitrogens)"",
      ""functional_group"": ""pyrimidin-2-one (cytosine) ring carbonyl"",
      ""hybridization"": ""sp2"",
      ""example_molecule_smiles"": ""O=c1[nH]cnc(N)n1"",
      ""group_smarts"": ""[C;X3;r6](=O)(-[n;r6])-[n;r6]"",
      ""atom_specific_smarts"": ""[C;X3;r6:1](=O)(-[n;r6])-[n;r6]"",
      ""description"": ""Carbonyl carbon at C2 of cytosine conjugated to two ring nitrogens (N1 and N3)."",
      ""uncertainty"": ""20""
    },
    {
      ""atom_type"": 336,
      ""element"": ""C"",
      ""chemical_environment"": ""Cytosine C4 ring carbon bearing an exocyclic amino substituent"",
      ""functional_group"": ""pyrimidin-2-one (cytosine) ring, C4–NH2"",
      ""hybridization"": ""sp2"",
      ""example_molecule_smiles"": ""O=c1[nH]cnc(N)n1"",
      ""group_smarts"": ""[cX3;r6;$([c]-[NH2]);$([c]-[n;r6])]"",
      ""atom_specific_smarts"": ""[cX3;r6:1;$([c]-[NH2]);$([c]-[n;r6])]"",
      ""description"": ""C4 of cytosine: sp2 ring carbon bonded to exocyclic –NH2 and to N3 in the ring."",
      ""uncertainty"": ""25""
    },
    {
      ""atom_type"": 337,
      ""element"": ""C"",
      ""chemical_environment"": ""Cytosine C5 ring sp2 carbon between C4(–NH2) and C6"",
      ""functional_group"": ""pyrimidin-2-one (cytosine) ring"",
      ""hybridization"": ""sp2"",
      ""example_molecule_smiles"": ""O=c1[nH]cnc(N)n1"",
      ""group_smarts"": ""[cX3;r6;$([c]-[c;$([c]-[NH2])]);$([c]-[n;r6])]"",
      ""atom_specific_smarts"": ""[cX3;r6:1;$([c]-[c;$([c]-[NH2])]);$([c]-[n;r6])]"",
      ""description"": ""C5 of cytosine: ring sp2 carbon adjacent to C4 bearing –NH2 and adjacent to C6 (which is bonded to N1)."",
      ""uncertainty"": ""30""
    },
    {
      ""atom_type"": 338,
      ""element"": ""C"",
      ""chemical_environment"": ""Cytosine C6 ring sp2 carbon adjacent to N1 and C5 (which is adjacent to C4–NH2)"",
      ""functional_group"": ""pyrimidin-2-one (cytosine) ring"",
      ""hybridization"": ""sp2"",
      ""example_molecule_smiles"": ""O=c1[nH]cnc(N)n1"",
      ""group_smarts"": ""[cX3;r6;$([c]-[n;r6]);$([c]-[c;$([c]-[NH2])])]"",
      ""atom_specific_smarts"": ""[cX3;r6:1;$([c]-[n;r6]);$([c]-[c;$([c]-[NH2])])]"",
      ""description"": ""C6 of cytosine: ring sp2 carbon bonded to N1 and to C5 (which is alpha to the exocyclic amino at C4)."",
      ""uncertainty"": ""30""
    },
    {
      ""atom_type"": 347,
      ""element"": ""C"",
      ""chemical_environment"": ""Adenine C2 ring sp2 carbon flanked by two ring nitrogens (N1 and N3)"",
      ""functional_group"": ""purine (adenine) six-membered ring"",
      ""hybridization"": ""sp2"",
      ""example_molecule_smiles"": ""Nc1ncnc2ncnc12"",
      ""group_smarts"": ""[cX3;r6;$([c]-[n;r6]);$([c]-[n;r6])]"",
      ""atom_specific_smarts"": ""[cX3;r6:1;$([c]-[n;r6]);$([c]-[n;r6])]"",
      ""description"": ""C2 of adenine: six-membered ring carbon with two ring N neighbors (N1 and N3)."",
      ""uncertainty"": ""40""
    },
    {
      ""atom_type"": 349,
      ""element"": ""C"",
      ""chemical_environment"": ""Adenine C4 ring sp2 carbon adjacent to N3; not bonded to exocyclic substituents"",
      ""functional_group"": ""purine (adenine) six-membered ring"",
      ""hybridization"": ""sp2"",
      ""example_molecule_smiles"": ""Nc1ncnc2ncnc12"",
      ""group_smarts"": ""[cX3;r6;$([c]-[n;r6]);!$([c]-N)]"",
      ""atom_specific_smarts"": ""[cX3;r6:1;$([c]-[n;r6]);!$([c]-N)]"",
      ""description"": ""C4 of adenine: ring sp2 carbon adjacent to N3, not bearing an exocyclic amino or carbonyl."",
      ""uncertainty"": ""50""
    },
    {
      ""atom_type"": 350,
      ""element"": ""C"",
      ""chemical_environment"": ""Adenine C5 ring sp2 carbon between C4 (adjacent to N3) and C6 (bearing exocyclic –NH2)"",
      ""functional_group"": ""purine (adenine) six-membered ring"",
      ""hybridization"": ""sp2"",
      ""example_molecule_smiles"": ""Nc1ncnc2ncnc12"",
      ""group_smarts"": ""[cX3;r6;$([c]-[c;$([c]-N)])]"",
      ""atom_specific_smarts"": ""[cX3;r6:1;$([c]-[c;$([c]-N)])]"",
      ""description"": ""C5 of adenine: ring sp2 carbon adjacent to the C6 carbon that carries the exocyclic –NH2."",
      ""uncertainty"": ""50""
    },
    {
      ""atom_type"": 351,
      ""element"": ""C"",
      ""chemical_environment"": ""Adenine C6 ring sp2 carbon bound to an exocyclic amino group"",
      ""functional_group"": ""purine (adenine) exocyclic amine attachment site"",
      ""hybridization"": ""sp2"",
      ""example_molecule_smiles"": ""Nc1ncnc2ncnc12"",
      ""group_smarts"": ""[cX3;r6]-N"",
      ""atom_specific_smarts"": ""[cX3;r6:1]-N"",
      ""description"": ""C6 of adenine: ring sp2 carbon directly attached to –NH2."",
      ""uncertainty"": ""30""
    },
    {
      ""atom_type"": 353,
      ""element"": ""C"",
      ""chemical_environment"": ""Purine C8 (adenine/guanine) five-membered ring sp2 carbon adjacent to N7 and fused to six-membered ring"",
      ""functional_group"": ""purine imidazole ring (fused five-membered ring)"",
      ""hybridization"": ""sp2"",
      ""example_molecule_smiles"": ""Nc1ncnc2ncnc12"",
      ""group_smarts"": ""[cX3;r5;$([c]-[n;r5]);$([c]-[c;r6])]"",
      ""atom_specific_smarts"": ""[cX3;r5:1;$([c]-[n;r5]);$([c]-[c;r6])]"",
      ""description"": ""C8 of purines: sp2 carbon in the five-membered ring adjacent to N7 and fused to the six-membered ring."",
      ""uncertainty"": ""40""
    },
    {
      ""atom_type"": 362,
      ""element"": ""C"",
      ""chemical_environment"": ""Guanine C2 ring sp2 carbon bearing an exocyclic amino group and flanked by two ring nitrogens"",
      ""functional_group"": ""purine (guanine) six-membered ring, C2–NH2"",
      ""hybridization"": ""sp2"",
      ""example_molecule_smiles"": ""O=c1[nH]c2ncnc(N)c2[nH]1"",
      ""group_smarts"": ""[cX3;r6](-N)(-[n;r6])-[n;r6]"",
      ""atom_specific_smarts"": ""[cX3;r6:1](-N)(-[n;r6])-[n;r6]"",
      ""description"": ""C2 of guanine: ring sp2 carbon with exocyclic –NH2, bonded to both N1 and N3 in the ring."",
      ""uncertainty"": ""30""
    },
    {
      ""atom_type"": 364,
      ""element"": ""C"",
      ""chemical_environment"": ""Guanine C4 ring sp2 carbon adjacent to N3; not directly attached to exocyclic groups"",
      ""functional_group"": ""purine (guanine) six-membered ring"",
      ""hybridization"": ""sp2"",
      ""example_molecule_smiles"": ""O=c1[nH]c2ncnc(N)c2[nH]1"",
      ""group_smarts"": ""[cX3;r6;$([c]-[n;r6]);!$([c]-N);!$([c]-C(=O))]"",
      ""atom_specific_smarts"": ""[cX3;r6:1;$([c]-[n;r6]);!$([c]-N);!$([c]-C(=O))]"",
      ""description"": ""C4 of guanine: ring sp2 carbon next to N3, not bonded to exocyclic amine or carbonyl."",
      ""uncertainty"": ""45""
    },
    {
      ""atom_type"": 365,
      ""element"": ""C"",
      ""chemical_environment"": ""Guanine C5 ring sp2 carbon adjacent to the C6 carbonyl carbon"",
      ""functional_group"": ""purine (guanine) six-membered ring"",
      ""hybridization"": ""sp2"",
      ""example_molecule_smiles"": ""O=c1[nH]c2ncnc(N)c2[nH]1"",
      ""group_smarts"": ""[cX3;r6]-[C;r6](=O)"",
      ""atom_specific_smarts"": ""[cX3;r6:1]-[C;r6](=O)"",
      ""description"": ""C5 of guanine: ring sp2 carbon alpha to the C6(=O) carbonyl."",
      ""uncertainty"": ""30""
    },
    {
      ""atom_type"": 366,
      ""element"": ""C"",
      ""chemical_environment"": ""Guanine C6 carbonyl carbon (conjugated to ring N1)"",
      ""functional_group"": ""purine ring amide-like carbonyl"",
      ""hybridization"": ""sp2"",
      ""example_molecule_smiles"": ""O=c1[nH]c2ncnc(N)c2[nH]1"",
      ""group_smarts"": ""[C;X3;r6](=O)-[n;r6]"",
      ""atom_specific_smarts"": ""[C;X3;r6:1](=O)-[n;r6]"",
      ""description"": ""Carbonyl carbon at C6 of guanine conjugated into the purine ring."",
      ""uncertainty"": ""20""
    },
    {
      ""atom_type"": 371,
      ""element"": ""C"",
      ""chemical_environment"": ""Methyl carbon attached to N9 of a purine (adenine or guanine) imidazole nitrogen"",
      ""functional_group"": ""N-alkylated purine (N9-alkyl)"",
      ""hybridization"": ""sp3"",
      ""example_molecule_smiles"": ""Cn1c2ncnc(N)c2n1"",
      ""group_smarts"": ""[CH3X4:1]-[nX2;r5]"",
      ""atom_specific_smarts"": ""[CH3X4:1]-[nX2;r5]"",
      ""description"": ""Aliphatic methyl carbon bound to the ring imidazole nitrogen (N9) of a purine."",
      ""uncertainty"": ""40""
    },
    {
      ""atom_type"": 373,
      ""element"": ""C"",
      ""chemical_environment"": ""Methyl carbon attached to N1 of a pyrimidine (uracil or thymine)"",
      ""functional_group"": ""N-alkylated pyrimidine (N1-alkyl)"",
      ""hybridization"": ""sp3"",
      ""example_molecule_smiles"": ""O=C1n(C)cc(=O)[nH]1"",
      ""group_smarts"": ""[CH3X4:1]-[nX2;r6]-[c;r6]-C(=O)"",
      ""atom_specific_smarts"": ""[CH3X4:1]-[nX2;r6]-[c;r6]-C(=O)"",
      ""description"": ""Methyl carbon bound to N1 of a 1,3-dione pyrimidine ring (U/T)."",
      ""uncertainty"": ""35""
    },
    {
      ""atom_type"": 375,
      ""element"": ""C"",
      ""chemical_environment"": ""Methyl carbon attached to N1 of cytosine (pyrimidin-2-one)"",
      ""functional_group"": ""N-alkylated cytosine (N1-alkyl)"",
      ""hybridization"": ""sp3"",
      ""example_molecule_smiles"": ""O=c1n(C)cnc(N)n1"",
      ""group_smarts"": ""[CH3X4:1]-[nX2;r6]-[c;r6]-C(=O)"",
      ""atom_specific_smarts"": ""[CH3X4:1]-[nX2;r6]-[c;r6]-C(=O)"",
      ""description"": ""Methyl carbon bound to N1 of cytosine (adjacent ring carbon is C2=O)."",
      ""uncertainty"": ""35""
    },
    {
      ""atom_type"": 378,
      ""element"": ""C"",
      ""chemical_environment"": ""Cytosine C2 carbonyl carbon in protonated cytosine (CytH+), adjacent to a protonated ring nitrogen"",
      ""functional_group"": ""protonated pyrimidin-2-one (cytosinium)"",
      ""hybridization"": ""sp2"",
      ""example_molecule_smiles"": ""O=c1[nH+]cnc(N)n1"",
      ""group_smarts"": ""[C;X3;r6](=O)(-[n;r6])-[nH+;r6]"",
      ""atom_specific_smarts"": ""[C;X3;r6:1](=O)(-[n;r6])-[nH+;r6]"",
      ""description"": ""C2 carbonyl carbon of cytosine when N3 is protonated (cytosinium)."",
      ""uncertainty"": ""35""
    }
  ]
}"
331,-0.14,C  - CT   | Thymine C-C5,12.011,oplsaa2024.lt,C,6,"Convert the following OPLS-AA atom type rows:

Atom Type Data:
- Atom index: 323
- Force field raw info: C  - CM   | Uracil C5
- Partial charge: -0.07
- Atomic mass: 12.011
- Element guess: C
- Atomic number: 6
- Source file: oplsaa2024.lt


Atom Type Data:
- Atom index: 324
- Force field raw info: C  - CM   | Uracil C6
- Partial charge: 0.08
- Atomic mass: 12.011
- Element guess: C
- Atomic number: 6
- Source file: oplsaa2024.lt


Atom Type Data:
- Atom index: 331
- Force field raw info: C  - CT   | Thymine C-C5
- Partial charge: -0.14
- Atomic mass: 12.011
- Element guess: C
- Atomic number: 6
- Source file: oplsaa2024.lt


Atom Type Data:
- Atom index: 334
- Force field raw info: C  - C~   | Cytosine C2
- Partial charge: 0.55
- Atomic mass: 12.011
- Element guess: C
- Atomic number: 6
- Source file: oplsaa2024.lt


Atom Type Data:
- Atom index: 336
- Force field raw info: C  - CA   | Cytosine C4 Nucleotide base
- Partial charge: 0.46
- Atomic mass: 12.011
- Element guess: C
- Atomic number: 6
- Source file: oplsaa2024.lt


Atom Type Data:
- Atom index: 337
- Force field raw info: C  - CM   | Cytosine C5 parameters:
- Partial charge: -0.06
- Atomic mass: 12.011
- Element guess: C
- Atomic number: 6
- Source file: oplsaa2024.lt


Atom Type Data:
- Atom index: 338
- Force field raw info: C  - CM   | Cytosine C6 JACS,113,2810(1991)
- Partial charge: 0.1
- Atomic mass: 12.011
- Element guess: C
- Atomic number: 6
- Source file: oplsaa2024.lt


Atom Type Data:
- Atom index: 347
- Force field raw info: C  - CQ   | Adenine C2
- Partial charge: 0.22
- Atomic mass: 12.011
- Element guess: C
- Atomic number: 6
- Source file: oplsaa2024.lt


Atom Type Data:
- Atom index: 349
- Force field raw info: C  - CB   | Adenine C4
- Partial charge: 0.38
- Atomic mass: 12.011
- Element guess: C
- Atomic number: 6
- Source file: oplsaa2024.lt


Atom Type Data:
- Atom index: 350
- Force field raw info: C  - CB   | Adenine C5
- Partial charge: 0.15
- Atomic mass: 12.011
- Element guess: C
- Atomic number: 6
- Source file: oplsaa2024.lt


Atom Type Data:
- Atom index: 351
- Force field raw info: C  - CA   | Adenine C6
- Partial charge: 0.44
- Atomic mass: 12.011
- Element guess: C
- Atomic number: 6
- Source file: oplsaa2024.lt


Atom Type Data:
- Atom index: 353
- Force field raw info: C  - CR   | Adenine C8 Guanine
- Partial charge: 0.2
- Atomic mass: 12.011
- Element guess: C
- Atomic number: 6
- Source file: oplsaa2024.lt


Atom Type Data:
- Atom index: 362
- Force field raw info: C  - CA   | Guanine C2
- Partial charge: 0.46
- Atomic mass: 12.011
- Element guess: C
- Atomic number: 6
- Source file: oplsaa2024.lt


Atom Type Data:
- Atom index: 364
- Force field raw info: C  - CB   | Guanine C4
- Partial charge: 0.34
- Atomic mass: 12.011
- Element guess: C
- Atomic number: 6
- Source file: oplsaa2024.lt


Atom Type Data:
- Atom index: 365
- Force field raw info: C  - CB   | Guanine C5
- Partial charge: 0.12
- Atomic mass: 12.011
- Element guess: C
- Atomic number: 6
- Source file: oplsaa2024.lt


Atom Type Data:
- Atom index: 366
- Force field raw info: C  - C~   | Guanine C6
- Partial charge: 0.52
- Atomic mass: 12.011
- Element guess: C
- Atomic number: 6
- Source file: oplsaa2024.lt


Atom Type Data:
- Atom index: 371
- Force field raw info: C  - CT   | 9-Me A or G C-N9
- Partial charge: -0.01
- Atomic mass: 12.011
- Element guess: C
- Atomic number: 6
- Source file: oplsaa2024.lt


Atom Type Data:
- Atom index: 373
- Force field raw info: C  - CT   | 1-Me U or T C-N1
- Partial charge: -0.01
- Atomic mass: 12.011
- Element guess: C
- Atomic number: 6
- Source file: oplsaa2024.lt


Atom Type Data:
- Atom index: 375
- Force field raw info: C  - CT   | 1-Me Cytosine C-N1
- Partial charge: -0.01
- Atomic mass: 12.011
- Element guess: C
- Atomic number: 6
- Source file: oplsaa2024.lt


Atom Type Data:
- Atom index: 378
- Force field raw info: C  - C~   | CytH+ C2
- Partial charge: 0.65
- Atomic mass: 12.011
- Element guess: C
- Atomic number: 6
- Source file: oplsaa2024.lt
","{
  ""atoms"": [
    {
      ""atom_type"": 323,
      ""element"": ""C"",
      ""chemical_environment"": ""Uracil ring C5 (pyrimidine-2,4-dione): sp2 vinylic/aromatic carbon between C4(=O) and C6"",
      ""functional_group"": ""pyrimidine-2,4-dione (uracil) ring"",
      ""hybridization"": ""sp2"",
      ""example_molecule_smiles"": ""O=c1[nH]cc(=O)[nH]1"",
      ""group_smarts"": ""[cX3;r6;$([c]-C(=O));$([c]-[c]-[nH])]"",
      ""atom_specific_smarts"": ""[cX3;r6:1;$([c]-C(=O));$([c]-[c]-[nH])]"",
      ""description"": ""C5 of uracil: ring sp2 carbon adjacent to a carbonyl carbon (C4) and to C6 which is bonded to N1([nH])."",
      ""uncertainty"": ""25""
    },
    {
      ""atom_type"": 324,
      ""element"": ""C"",
      ""chemical_environment"": ""Uracil ring C6: sp2 vinylic/aromatic carbon adjacent to N1([nH]) and C5"",
      ""functional_group"": ""pyrimidine-2,4-dione (uracil) ring"",
      ""hybridization"": ""sp2"",
      ""example_molecule_smiles"": ""O=c1[nH]cc(=O)[nH]1"",
      ""group_smarts"": ""[cX3;r6;$([c]-[nH]);$([c]-[c]-C(=O))]"",
      ""atom_specific_smarts"": ""[cX3;r6:1;$([c]-[nH]);$([c]-[c]-C(=O))]"",
      ""description"": ""C6 of uracil: ring sp2 carbon bonded to N1([nH]) and to C5 which is adjacent to a carbonyl."",
      ""uncertainty"": ""25""
    },
    {
      ""atom_type"": 331,
      ""element"": ""C"",
      ""chemical_environment"": ""Thymine 5-methyl carbon attached to ring C5 (aliphatic sp3)"",
      ""functional_group"": ""5-methyluracil (thymine) substituent"",
      ""hybridization"": ""sp3"",
      ""example_molecule_smiles"": ""O=c1[nH]c(C)c(=O)[nH]1"",
      ""group_smarts"": ""[CH3X4]-[c;r6;$([c]-C(=O))]"",
      ""atom_specific_smarts"": ""O=C1[nH]c([CH3X4:1])c(=O)[nH]1"",
      ""description"": ""Methyl carbon directly bonded to the uracil/thymine C5 ring carbon."",
      ""uncertainty"": ""20""
    },
    {
      ""atom_type"": 334,
      ""element"": ""C"",
      ""chemical_environment"": ""Cytosine C2 carbonyl carbon within pyrimidin-2-one (between two ring nitrogens)"",
      ""functional_group"": ""pyrimidin-2-one (cytosine) ring carbonyl"",
      ""hybridization"": ""sp2"",
      ""example_molecule_smiles"": ""O=c1[nH]cnc(N)n1"",
      ""group_smarts"": ""[C;X3;r6](=O)(-[n;r6])-[n;r6]"",
      ""atom_specific_smarts"": ""[C;X3;r6:1](=O)(-[n;r6])-[n;r6]"",
      ""description"": ""Carbonyl carbon at C2 of cytosine conjugated to two ring nitrogens (N1 and N3)."",
      ""uncertainty"": ""20""
    },
    {
      ""atom_type"": 336,
      ""element"": ""C"",
      ""chemical_environment"": ""Cytosine C4 ring carbon bearing an exocyclic amino substituent"",
      ""functional_group"": ""pyrimidin-2-one (cytosine) ring, C4–NH2"",
      ""hybridization"": ""sp2"",
      ""example_molecule_smiles"": ""O=c1[nH]cnc(N)n1"",
      ""group_smarts"": ""[cX3;r6;$([c]-[NH2]);$([c]-[n;r6])]"",
      ""atom_specific_smarts"": ""[cX3;r6:1;$([c]-[NH2]);$([c]-[n;r6])]"",
      ""description"": ""C4 of cytosine: sp2 ring carbon bonded to exocyclic –NH2 and to N3 in the ring."",
      ""uncertainty"": ""25""
    },
    {
      ""atom_type"": 337,
      ""element"": ""C"",
      ""chemical_environment"": ""Cytosine C5 ring sp2 carbon between C4(–NH2) and C6"",
      ""functional_group"": ""pyrimidin-2-one (cytosine) ring"",
      ""hybridization"": ""sp2"",
      ""example_molecule_smiles"": ""O=c1[nH]cnc(N)n1"",
      ""group_smarts"": ""[cX3;r6;$([c]-[c;$([c]-[NH2])]);$([c]-[n;r6])]"",
      ""atom_specific_smarts"": ""[cX3;r6:1;$([c]-[c;$([c]-[NH2])]);$([c]-[n;r6])]"",
      ""description"": ""C5 of cytosine: ring sp2 carbon adjacent to C4 bearing –NH2 and adjacent to C6 (which is bonded to N1)."",
      ""uncertainty"": ""30""
    },
    {
      ""atom_type"": 338,
      ""element"": ""C"",
      ""chemical_environment"": ""Cytosine C6 ring sp2 carbon adjacent to N1 and C5 (which is adjacent to C4–NH2)"",
      ""functional_group"": ""pyrimidin-2-one (cytosine) ring"",
      ""hybridization"": ""sp2"",
      ""example_molecule_smiles"": ""O=c1[nH]cnc(N)n1"",
      ""group_smarts"": ""[cX3;r6;$([c]-[n;r6]);$([c]-[c;$([c]-[NH2])])]"",
      ""atom_specific_smarts"": ""[cX3;r6:1;$([c]-[n;r6]);$([c]-[c;$([c]-[NH2])])]"",
      ""description"": ""C6 of cytosine: ring sp2 carbon bonded to N1 and to C5 (which is alpha to the exocyclic amino at C4)."",
      ""uncertainty"": ""30""
    },
    {
      ""atom_type"": 347,
      ""element"": ""C"",
      ""chemical_environment"": ""Adenine C2 ring sp2 carbon flanked by two ring nitrogens (N1 and N3)"",
      ""functional_group"": ""purine (adenine) six-membered ring"",
      ""hybridization"": ""sp2"",
      ""example_molecule_smiles"": ""Nc1ncnc2ncnc12"",
      ""group_smarts"": ""[cX3;r6;$([c]-[n;r6]);$([c]-[n;r6])]"",
      ""atom_specific_smarts"": ""[cX3;r6:1;$([c]-[n;r6]);$([c]-[n;r6])]"",
      ""description"": ""C2 of adenine: six-membered ring carbon with two ring N neighbors (N1 and N3)."",
      ""uncertainty"": ""40""
    },
    {
      ""atom_type"": 349,
      ""element"": ""C"",
      ""chemical_environment"": ""Adenine C4 ring sp2 carbon adjacent to N3; not bonded to exocyclic substituents"",
      ""functional_group"": ""purine (adenine) six-membered ring"",
      ""hybridization"": ""sp2"",
      ""example_molecule_smiles"": ""Nc1ncnc2ncnc12"",
      ""group_smarts"": ""[cX3;r6;$([c]-[n;r6]);!$([c]-N)]"",
      ""atom_specific_smarts"": ""[cX3;r6:1;$([c]-[n;r6]);!$([c]-N)]"",
      ""description"": ""C4 of adenine: ring sp2 carbon adjacent to N3, not bearing an exocyclic amino or carbonyl."",
      ""uncertainty"": ""50""
    },
    {
      ""atom_type"": 350,
      ""element"": ""C"",
      ""chemical_environment"": ""Adenine C5 ring sp2 carbon between C4 (adjacent to N3) and C6 (bearing exocyclic –NH2)"",
      ""functional_group"": ""purine (adenine) six-membered ring"",
      ""hybridization"": ""sp2"",
      ""example_molecule_smiles"": ""Nc1ncnc2ncnc12"",
      ""group_smarts"": ""[cX3;r6;$([c]-[c;$([c]-N)])]"",
      ""atom_specific_smarts"": ""[cX3;r6:1;$([c]-[c;$([c]-N)])]"",
      ""description"": ""C5 of adenine: ring sp2 carbon adjacent to the C6 carbon that carries the exocyclic –NH2."",
      ""uncertainty"": ""50""
    },
    {
      ""atom_type"": 351,
      ""element"": ""C"",
      ""chemical_environment"": ""Adenine C6 ring sp2 carbon bound to an exocyclic amino group"",
      ""functional_group"": ""purine (adenine) exocyclic amine attachment site"",
      ""hybridization"": ""sp2"",
      ""example_molecule_smiles"": ""Nc1ncnc2ncnc12"",
      ""group_smarts"": ""[cX3;r6]-N"",
      ""atom_specific_smarts"": ""[cX3;r6:1]-N"",
      ""description"": ""C6 of adenine: ring sp2 carbon directly attached to –NH2."",
      ""uncertainty"": ""30""
    },
    {
      ""atom_type"": 353,
      ""element"": ""C"",
      ""chemical_environment"": ""Purine C8 (adenine/guanine) five-membered ring sp2 carbon adjacent to N7 and fused to six-membered ring"",
      ""functional_group"": ""purine imidazole ring (fused five-membered ring)"",
      ""hybridization"": ""sp2"",
      ""example_molecule_smiles"": ""Nc1ncnc2ncnc12"",
      ""group_smarts"": ""[cX3;r5;$([c]-[n;r5]);$([c]-[c;r6])]"",
      ""atom_specific_smarts"": ""[cX3;r5:1;$([c]-[n;r5]);$([c]-[c;r6])]"",
      ""description"": ""C8 of purines: sp2 carbon in the five-membered ring adjacent to N7 and fused to the six-membered ring."",
      ""uncertainty"": ""40""
    },
    {
      ""atom_type"": 362,
      ""element"": ""C"",
      ""chemical_environment"": ""Guanine C2 ring sp2 carbon bearing an exocyclic amino group and flanked by two ring nitrogens"",
      ""functional_group"": ""purine (guanine) six-membered ring, C2–NH2"",
      ""hybridization"": ""sp2"",
      ""example_molecule_smiles"": ""O=c1[nH]c2ncnc(N)c2[nH]1"",
      ""group_smarts"": ""[cX3;r6](-N)(-[n;r6])-[n;r6]"",
      ""atom_specific_smarts"": ""[cX3;r6:1](-N)(-[n;r6])-[n;r6]"",
      ""description"": ""C2 of guanine: ring sp2 carbon with exocyclic –NH2, bonded to both N1 and N3 in the ring."",
      ""uncertainty"": ""30""
    },
    {
      ""atom_type"": 364,
      ""element"": ""C"",
      ""chemical_environment"": ""Guanine C4 ring sp2 carbon adjacent to N3; not directly attached to exocyclic groups"",
      ""functional_group"": ""purine (guanine) six-membered ring"",
      ""hybridization"": ""sp2"",
      ""example_molecule_smiles"": ""O=c1[nH]c2ncnc(N)c2[nH]1"",
      ""group_smarts"": ""[cX3;r6;$([c]-[n;r6]);!$([c]-N);!$([c]-C(=O))]"",
      ""atom_specific_smarts"": ""[cX3;r6:1;$([c]-[n;r6]);!$([c]-N);!$([c]-C(=O))]"",
      ""description"": ""C4 of guanine: ring sp2 carbon next to N3, not bonded to exocyclic amine or carbonyl."",
      ""uncertainty"": ""45""
    },
    {
      ""atom_type"": 365,
      ""element"": ""C"",
      ""chemical_environment"": ""Guanine C5 ring sp2 carbon adjacent to the C6 carbonyl carbon"",
      ""functional_group"": ""purine (guanine) six-membered ring"",
      ""hybridization"": ""sp2"",
      ""example_molecule_smiles"": ""O=c1[nH]c2ncnc(N)c2[nH]1"",
      ""group_smarts"": ""[cX3;r6]-[C;r6](=O)"",
      ""atom_specific_smarts"": ""[cX3;r6:1]-[C;r6](=O)"",
      ""description"": ""C5 of guanine: ring sp2 carbon alpha to the C6(=O) carbonyl."",
      ""uncertainty"": ""30""
    },
    {
      ""atom_type"": 366,
      ""element"": ""C"",
      ""chemical_environment"": ""Guanine C6 carbonyl carbon (conjugated to ring N1)"",
      ""functional_group"": ""purine ring amide-like carbonyl"",
      ""hybridization"": ""sp2"",
      ""example_molecule_smiles"": ""O=c1[nH]c2ncnc(N)c2[nH]1"",
      ""group_smarts"": ""[C;X3;r6](=O)-[n;r6]"",
      ""atom_specific_smarts"": ""[C;X3;r6:1](=O)-[n;r6]"",
      ""description"": ""Carbonyl carbon at C6 of guanine conjugated into the purine ring."",
      ""uncertainty"": ""20""
    },
    {
      ""atom_type"": 371,
      ""element"": ""C"",
      ""chemical_environment"": ""Methyl carbon attached to N9 of a purine (adenine or guanine) imidazole nitrogen"",
      ""functional_group"": ""N-alkylated purine (N9-alkyl)"",
      ""hybridization"": ""sp3"",
      ""example_molecule_smiles"": ""Cn1c2ncnc(N)c2n1"",
      ""group_smarts"": ""[CH3X4:1]-[nX2;r5]"",
      ""atom_specific_smarts"": ""[CH3X4:1]-[nX2;r5]"",
      ""description"": ""Aliphatic methyl carbon bound to the ring imidazole nitrogen (N9) of a purine."",
      ""uncertainty"": ""40""
    },
    {
      ""atom_type"": 373,
      ""element"": ""C"",
      ""chemical_environment"": ""Methyl carbon attached to N1 of a pyrimidine (uracil or thymine)"",
      ""functional_group"": ""N-alkylated pyrimidine (N1-alkyl)"",
      ""hybridization"": ""sp3"",
      ""example_molecule_smiles"": ""O=C1n(C)cc(=O)[nH]1"",
      ""group_smarts"": ""[CH3X4:1]-[nX2;r6]-[c;r6]-C(=O)"",
      ""atom_specific_smarts"": ""[CH3X4:1]-[nX2;r6]-[c;r6]-C(=O)"",
      ""description"": ""Methyl carbon bound to N1 of a 1,3-dione pyrimidine ring (U/T)."",
      ""uncertainty"": ""35""
    },
    {
      ""atom_type"": 375,
      ""element"": ""C"",
      ""chemical_environment"": ""Methyl carbon attached to N1 of cytosine (pyrimidin-2-one)"",
      ""functional_group"": ""N-alkylated cytosine (N1-alkyl)"",
      ""hybridization"": ""sp3"",
      ""example_molecule_smiles"": ""O=c1n(C)cnc(N)n1"",
      ""group_smarts"": ""[CH3X4:1]-[nX2;r6]-[c;r6]-C(=O)"",
      ""atom_specific_smarts"": ""[CH3X4:1]-[nX2;r6]-[c;r6]-C(=O)"",
      ""description"": ""Methyl carbon bound to N1 of cytosine (adjacent ring carbon is C2=O)."",
      ""uncertainty"": ""35""
    },
    {
      ""atom_type"": 378,
      ""element"": ""C"",
      ""chemical_environment"": ""Cytosine C2 carbonyl carbon in protonated cytosine (CytH+), adjacent to a protonated ring nitrogen"",
      ""functional_group"": ""protonated pyrimidin-2-one (cytosinium)"",
      ""hybridization"": ""sp2"",
      ""example_molecule_smiles"": ""O=c1[nH+]cnc(N)n1"",
      ""group_smarts"": ""[C;X3;r6](=O)(-[n;r6])-[nH+;r6]"",
      ""atom_specific_smarts"": ""[C;X3;r6:1](=O)(-[n;r6])-[nH+;r6]"",
      ""description"": ""C2 carbonyl carbon of cytosine when N3 is protonated (cytosinium)."",
      ""uncertainty"": ""35""
    }
  ]
}"
334,0.55,C  - C~   | Cytosine C2,12.011,oplsaa2024.lt,C,6,"Convert the following OPLS-AA atom type rows:

Atom Type Data:
- Atom index: 323
- Force field raw info: C  - CM   | Uracil C5
- Partial charge: -0.07
- Atomic mass: 12.011
- Element guess: C
- Atomic number: 6
- Source file: oplsaa2024.lt


Atom Type Data:
- Atom index: 324
- Force field raw info: C  - CM   | Uracil C6
- Partial charge: 0.08
- Atomic mass: 12.011
- Element guess: C
- Atomic number: 6
- Source file: oplsaa2024.lt


Atom Type Data:
- Atom index: 331
- Force field raw info: C  - CT   | Thymine C-C5
- Partial charge: -0.14
- Atomic mass: 12.011
- Element guess: C
- Atomic number: 6
- Source file: oplsaa2024.lt


Atom Type Data:
- Atom index: 334
- Force field raw info: C  - C~   | Cytosine C2
- Partial charge: 0.55
- Atomic mass: 12.011
- Element guess: C
- Atomic number: 6
- Source file: oplsaa2024.lt


Atom Type Data:
- Atom index: 336
- Force field raw info: C  - CA   | Cytosine C4 Nucleotide base
- Partial charge: 0.46
- Atomic mass: 12.011
- Element guess: C
- Atomic number: 6
- Source file: oplsaa2024.lt


Atom Type Data:
- Atom index: 337
- Force field raw info: C  - CM   | Cytosine C5 parameters:
- Partial charge: -0.06
- Atomic mass: 12.011
- Element guess: C
- Atomic number: 6
- Source file: oplsaa2024.lt


Atom Type Data:
- Atom index: 338
- Force field raw info: C  - CM   | Cytosine C6 JACS,113,2810(1991)
- Partial charge: 0.1
- Atomic mass: 12.011
- Element guess: C
- Atomic number: 6
- Source file: oplsaa2024.lt


Atom Type Data:
- Atom index: 347
- Force field raw info: C  - CQ   | Adenine C2
- Partial charge: 0.22
- Atomic mass: 12.011
- Element guess: C
- Atomic number: 6
- Source file: oplsaa2024.lt


Atom Type Data:
- Atom index: 349
- Force field raw info: C  - CB   | Adenine C4
- Partial charge: 0.38
- Atomic mass: 12.011
- Element guess: C
- Atomic number: 6
- Source file: oplsaa2024.lt


Atom Type Data:
- Atom index: 350
- Force field raw info: C  - CB   | Adenine C5
- Partial charge: 0.15
- Atomic mass: 12.011
- Element guess: C
- Atomic number: 6
- Source file: oplsaa2024.lt


Atom Type Data:
- Atom index: 351
- Force field raw info: C  - CA   | Adenine C6
- Partial charge: 0.44
- Atomic mass: 12.011
- Element guess: C
- Atomic number: 6
- Source file: oplsaa2024.lt


Atom Type Data:
- Atom index: 353
- Force field raw info: C  - CR   | Adenine C8 Guanine
- Partial charge: 0.2
- Atomic mass: 12.011
- Element guess: C
- Atomic number: 6
- Source file: oplsaa2024.lt


Atom Type Data:
- Atom index: 362
- Force field raw info: C  - CA   | Guanine C2
- Partial charge: 0.46
- Atomic mass: 12.011
- Element guess: C
- Atomic number: 6
- Source file: oplsaa2024.lt


Atom Type Data:
- Atom index: 364
- Force field raw info: C  - CB   | Guanine C4
- Partial charge: 0.34
- Atomic mass: 12.011
- Element guess: C
- Atomic number: 6
- Source file: oplsaa2024.lt


Atom Type Data:
- Atom index: 365
- Force field raw info: C  - CB   | Guanine C5
- Partial charge: 0.12
- Atomic mass: 12.011
- Element guess: C
- Atomic number: 6
- Source file: oplsaa2024.lt


Atom Type Data:
- Atom index: 366
- Force field raw info: C  - C~   | Guanine C6
- Partial charge: 0.52
- Atomic mass: 12.011
- Element guess: C
- Atomic number: 6
- Source file: oplsaa2024.lt


Atom Type Data:
- Atom index: 371
- Force field raw info: C  - CT   | 9-Me A or G C-N9
- Partial charge: -0.01
- Atomic mass: 12.011
- Element guess: C
- Atomic number: 6
- Source file: oplsaa2024.lt


Atom Type Data:
- Atom index: 373
- Force field raw info: C  - CT   | 1-Me U or T C-N1
- Partial charge: -0.01
- Atomic mass: 12.011
- Element guess: C
- Atomic number: 6
- Source file: oplsaa2024.lt


Atom Type Data:
- Atom index: 375
- Force field raw info: C  - CT   | 1-Me Cytosine C-N1
- Partial charge: -0.01
- Atomic mass: 12.011
- Element guess: C
- Atomic number: 6
- Source file: oplsaa2024.lt


Atom Type Data:
- Atom index: 378
- Force field raw info: C  - C~   | CytH+ C2
- Partial charge: 0.65
- Atomic mass: 12.011
- Element guess: C
- Atomic number: 6
- Source file: oplsaa2024.lt
","{
  ""atoms"": [
    {
      ""atom_type"": 323,
      ""element"": ""C"",
      ""chemical_environment"": ""Uracil ring C5 (pyrimidine-2,4-dione): sp2 vinylic/aromatic carbon between C4(=O) and C6"",
      ""functional_group"": ""pyrimidine-2,4-dione (uracil) ring"",
      ""hybridization"": ""sp2"",
      ""example_molecule_smiles"": ""O=c1[nH]cc(=O)[nH]1"",
      ""group_smarts"": ""[cX3;r6;$([c]-C(=O));$([c]-[c]-[nH])]"",
      ""atom_specific_smarts"": ""[cX3;r6:1;$([c]-C(=O));$([c]-[c]-[nH])]"",
      ""description"": ""C5 of uracil: ring sp2 carbon adjacent to a carbonyl carbon (C4) and to C6 which is bonded to N1([nH])."",
      ""uncertainty"": ""25""
    },
    {
      ""atom_type"": 324,
      ""element"": ""C"",
      ""chemical_environment"": ""Uracil ring C6: sp2 vinylic/aromatic carbon adjacent to N1([nH]) and C5"",
      ""functional_group"": ""pyrimidine-2,4-dione (uracil) ring"",
      ""hybridization"": ""sp2"",
      ""example_molecule_smiles"": ""O=c1[nH]cc(=O)[nH]1"",
      ""group_smarts"": ""[cX3;r6;$([c]-[nH]);$([c]-[c]-C(=O))]"",
      ""atom_specific_smarts"": ""[cX3;r6:1;$([c]-[nH]);$([c]-[c]-C(=O))]"",
      ""description"": ""C6 of uracil: ring sp2 carbon bonded to N1([nH]) and to C5 which is adjacent to a carbonyl."",
      ""uncertainty"": ""25""
    },
    {
      ""atom_type"": 331,
      ""element"": ""C"",
      ""chemical_environment"": ""Thymine 5-methyl carbon attached to ring C5 (aliphatic sp3)"",
      ""functional_group"": ""5-methyluracil (thymine) substituent"",
      ""hybridization"": ""sp3"",
      ""example_molecule_smiles"": ""O=c1[nH]c(C)c(=O)[nH]1"",
      ""group_smarts"": ""[CH3X4]-[c;r6;$([c]-C(=O))]"",
      ""atom_specific_smarts"": ""O=C1[nH]c([CH3X4:1])c(=O)[nH]1"",
      ""description"": ""Methyl carbon directly bonded to the uracil/thymine C5 ring carbon."",
      ""uncertainty"": ""20""
    },
    {
      ""atom_type"": 334,
      ""element"": ""C"",
      ""chemical_environment"": ""Cytosine C2 carbonyl carbon within pyrimidin-2-one (between two ring nitrogens)"",
      ""functional_group"": ""pyrimidin-2-one (cytosine) ring carbonyl"",
      ""hybridization"": ""sp2"",
      ""example_molecule_smiles"": ""O=c1[nH]cnc(N)n1"",
      ""group_smarts"": ""[C;X3;r6](=O)(-[n;r6])-[n;r6]"",
      ""atom_specific_smarts"": ""[C;X3;r6:1](=O)(-[n;r6])-[n;r6]"",
      ""description"": ""Carbonyl carbon at C2 of cytosine conjugated to two ring nitrogens (N1 and N3)."",
      ""uncertainty"": ""20""
    },
    {
      ""atom_type"": 336,
      ""element"": ""C"",
      ""chemical_environment"": ""Cytosine C4 ring carbon bearing an exocyclic amino substituent"",
      ""functional_group"": ""pyrimidin-2-one (cytosine) ring, C4–NH2"",
      ""hybridization"": ""sp2"",
      ""example_molecule_smiles"": ""O=c1[nH]cnc(N)n1"",
      ""group_smarts"": ""[cX3;r6;$([c]-[NH2]);$([c]-[n;r6])]"",
      ""atom_specific_smarts"": ""[cX3;r6:1;$([c]-[NH2]);$([c]-[n;r6])]"",
      ""description"": ""C4 of cytosine: sp2 ring carbon bonded to exocyclic –NH2 and to N3 in the ring."",
      ""uncertainty"": ""25""
    },
    {
      ""atom_type"": 337,
      ""element"": ""C"",
      ""chemical_environment"": ""Cytosine C5 ring sp2 carbon between C4(–NH2) and C6"",
      ""functional_group"": ""pyrimidin-2-one (cytosine) ring"",
      ""hybridization"": ""sp2"",
      ""example_molecule_smiles"": ""O=c1[nH]cnc(N)n1"",
      ""group_smarts"": ""[cX3;r6;$([c]-[c;$([c]-[NH2])]);$([c]-[n;r6])]"",
      ""atom_specific_smarts"": ""[cX3;r6:1;$([c]-[c;$([c]-[NH2])]);$([c]-[n;r6])]"",
      ""description"": ""C5 of cytosine: ring sp2 carbon adjacent to C4 bearing –NH2 and adjacent to C6 (which is bonded to N1)."",
      ""uncertainty"": ""30""
    },
    {
      ""atom_type"": 338,
      ""element"": ""C"",
      ""chemical_environment"": ""Cytosine C6 ring sp2 carbon adjacent to N1 and C5 (which is adjacent to C4–NH2)"",
      ""functional_group"": ""pyrimidin-2-one (cytosine) ring"",
      ""hybridization"": ""sp2"",
      ""example_molecule_smiles"": ""O=c1[nH]cnc(N)n1"",
      ""group_smarts"": ""[cX3;r6;$([c]-[n;r6]);$([c]-[c;$([c]-[NH2])])]"",
      ""atom_specific_smarts"": ""[cX3;r6:1;$([c]-[n;r6]);$([c]-[c;$([c]-[NH2])])]"",
      ""description"": ""C6 of cytosine: ring sp2 carbon bonded to N1 and to C5 (which is alpha to the exocyclic amino at C4)."",
      ""uncertainty"": ""30""
    },
    {
      ""atom_type"": 347,
      ""element"": ""C"",
      ""chemical_environment"": ""Adenine C2 ring sp2 carbon flanked by two ring nitrogens (N1 and N3)"",
      ""functional_group"": ""purine (adenine) six-membered ring"",
      ""hybridization"": ""sp2"",
      ""example_molecule_smiles"": ""Nc1ncnc2ncnc12"",
      ""group_smarts"": ""[cX3;r6;$([c]-[n;r6]);$([c]-[n;r6])]"",
      ""atom_specific_smarts"": ""[cX3;r6:1;$([c]-[n;r6]);$([c]-[n;r6])]"",
      ""description"": ""C2 of adenine: six-membered ring carbon with two ring N neighbors (N1 and N3)."",
      ""uncertainty"": ""40""
    },
    {
      ""atom_type"": 349,
      ""element"": ""C"",
      ""chemical_environment"": ""Adenine C4 ring sp2 carbon adjacent to N3; not bonded to exocyclic substituents"",
      ""functional_group"": ""purine (adenine) six-membered ring"",
      ""hybridization"": ""sp2"",
      ""example_molecule_smiles"": ""Nc1ncnc2ncnc12"",
      ""group_smarts"": ""[cX3;r6;$([c]-[n;r6]);!$([c]-N)]"",
      ""atom_specific_smarts"": ""[cX3;r6:1;$([c]-[n;r6]);!$([c]-N)]"",
      ""description"": ""C4 of adenine: ring sp2 carbon adjacent to N3, not bearing an exocyclic amino or carbonyl."",
      ""uncertainty"": ""50""
    },
    {
      ""atom_type"": 350,
      ""element"": ""C"",
      ""chemical_environment"": ""Adenine C5 ring sp2 carbon between C4 (adjacent to N3) and C6 (bearing exocyclic –NH2)"",
      ""functional_group"": ""purine (adenine) six-membered ring"",
      ""hybridization"": ""sp2"",
      ""example_molecule_smiles"": ""Nc1ncnc2ncnc12"",
      ""group_smarts"": ""[cX3;r6;$([c]-[c;$([c]-N)])]"",
      ""atom_specific_smarts"": ""[cX3;r6:1;$([c]-[c;$([c]-N)])]"",
      ""description"": ""C5 of adenine: ring sp2 carbon adjacent to the C6 carbon that carries the exocyclic –NH2."",
      ""uncertainty"": ""50""
    },
    {
      ""atom_type"": 351,
      ""element"": ""C"",
      ""chemical_environment"": ""Adenine C6 ring sp2 carbon bound to an exocyclic amino group"",
      ""functional_group"": ""purine (adenine) exocyclic amine attachment site"",
      ""hybridization"": ""sp2"",
      ""example_molecule_smiles"": ""Nc1ncnc2ncnc12"",
      ""group_smarts"": ""[cX3;r6]-N"",
      ""atom_specific_smarts"": ""[cX3;r6:1]-N"",
      ""description"": ""C6 of adenine: ring sp2 carbon directly attached to –NH2."",
      ""uncertainty"": ""30""
    },
    {
      ""atom_type"": 353,
      ""element"": ""C"",
      ""chemical_environment"": ""Purine C8 (adenine/guanine) five-membered ring sp2 carbon adjacent to N7 and fused to six-membered ring"",
      ""functional_group"": ""purine imidazole ring (fused five-membered ring)"",
      ""hybridization"": ""sp2"",
      ""example_molecule_smiles"": ""Nc1ncnc2ncnc12"",
      ""group_smarts"": ""[cX3;r5;$([c]-[n;r5]);$([c]-[c;r6])]"",
      ""atom_specific_smarts"": ""[cX3;r5:1;$([c]-[n;r5]);$([c]-[c;r6])]"",
      ""description"": ""C8 of purines: sp2 carbon in the five-membered ring adjacent to N7 and fused to the six-membered ring."",
      ""uncertainty"": ""40""
    },
    {
      ""atom_type"": 362,
      ""element"": ""C"",
      ""chemical_environment"": ""Guanine C2 ring sp2 carbon bearing an exocyclic amino group and flanked by two ring nitrogens"",
      ""functional_group"": ""purine (guanine) six-membered ring, C2–NH2"",
      ""hybridization"": ""sp2"",
      ""example_molecule_smiles"": ""O=c1[nH]c2ncnc(N)c2[nH]1"",
      ""group_smarts"": ""[cX3;r6](-N)(-[n;r6])-[n;r6]"",
      ""atom_specific_smarts"": ""[cX3;r6:1](-N)(-[n;r6])-[n;r6]"",
      ""description"": ""C2 of guanine: ring sp2 carbon with exocyclic –NH2, bonded to both N1 and N3 in the ring."",
      ""uncertainty"": ""30""
    },
    {
      ""atom_type"": 364,
      ""element"": ""C"",
      ""chemical_environment"": ""Guanine C4 ring sp2 carbon adjacent to N3; not directly attached to exocyclic groups"",
      ""functional_group"": ""purine (guanine) six-membered ring"",
      ""hybridization"": ""sp2"",
      ""example_molecule_smiles"": ""O=c1[nH]c2ncnc(N)c2[nH]1"",
      ""group_smarts"": ""[cX3;r6;$([c]-[n;r6]);!$([c]-N);!$([c]-C(=O))]"",
      ""atom_specific_smarts"": ""[cX3;r6:1;$([c]-[n;r6]);!$([c]-N);!$([c]-C(=O))]"",
      ""description"": ""C4 of guanine: ring sp2 carbon next to N3, not bonded to exocyclic amine or carbonyl."",
      ""uncertainty"": ""45""
    },
    {
      ""atom_type"": 365,
      ""element"": ""C"",
      ""chemical_environment"": ""Guanine C5 ring sp2 carbon adjacent to the C6 carbonyl carbon"",
      ""functional_group"": ""purine (guanine) six-membered ring"",
      ""hybridization"": ""sp2"",
      ""example_molecule_smiles"": ""O=c1[nH]c2ncnc(N)c2[nH]1"",
      ""group_smarts"": ""[cX3;r6]-[C;r6](=O)"",
      ""atom_specific_smarts"": ""[cX3;r6:1]-[C;r6](=O)"",
      ""description"": ""C5 of guanine: ring sp2 carbon alpha to the C6(=O) carbonyl."",
      ""uncertainty"": ""30""
    },
    {
      ""atom_type"": 366,
      ""element"": ""C"",
      ""chemical_environment"": ""Guanine C6 carbonyl carbon (conjugated to ring N1)"",
      ""functional_group"": ""purine ring amide-like carbonyl"",
      ""hybridization"": ""sp2"",
      ""example_molecule_smiles"": ""O=c1[nH]c2ncnc(N)c2[nH]1"",
      ""group_smarts"": ""[C;X3;r6](=O)-[n;r6]"",
      ""atom_specific_smarts"": ""[C;X3;r6:1](=O)-[n;r6]"",
      ""description"": ""Carbonyl carbon at C6 of guanine conjugated into the purine ring."",
      ""uncertainty"": ""20""
    },
    {
      ""atom_type"": 371,
      ""element"": ""C"",
      ""chemical_environment"": ""Methyl carbon attached to N9 of a purine (adenine or guanine) imidazole nitrogen"",
      ""functional_group"": ""N-alkylated purine (N9-alkyl)"",
      ""hybridization"": ""sp3"",
      ""example_molecule_smiles"": ""Cn1c2ncnc(N)c2n1"",
      ""group_smarts"": ""[CH3X4:1]-[nX2;r5]"",
      ""atom_specific_smarts"": ""[CH3X4:1]-[nX2;r5]"",
      ""description"": ""Aliphatic methyl carbon bound to the ring imidazole nitrogen (N9) of a purine."",
      ""uncertainty"": ""40""
    },
    {
      ""atom_type"": 373,
      ""element"": ""C"",
      ""chemical_environment"": ""Methyl carbon attached to N1 of a pyrimidine (uracil or thymine)"",
      ""functional_group"": ""N-alkylated pyrimidine (N1-alkyl)"",
      ""hybridization"": ""sp3"",
      ""example_molecule_smiles"": ""O=C1n(C)cc(=O)[nH]1"",
      ""group_smarts"": ""[CH3X4:1]-[nX2;r6]-[c;r6]-C(=O)"",
      ""atom_specific_smarts"": ""[CH3X4:1]-[nX2;r6]-[c;r6]-C(=O)"",
      ""description"": ""Methyl carbon bound to N1 of a 1,3-dione pyrimidine ring (U/T)."",
      ""uncertainty"": ""35""
    },
    {
      ""atom_type"": 375,
      ""element"": ""C"",
      ""chemical_environment"": ""Methyl carbon attached to N1 of cytosine (pyrimidin-2-one)"",
      ""functional_group"": ""N-alkylated cytosine (N1-alkyl)"",
      ""hybridization"": ""sp3"",
      ""example_molecule_smiles"": ""O=c1n(C)cnc(N)n1"",
      ""group_smarts"": ""[CH3X4:1]-[nX2;r6]-[c;r6]-C(=O)"",
      ""atom_specific_smarts"": ""[CH3X4:1]-[nX2;r6]-[c;r6]-C(=O)"",
      ""description"": ""Methyl carbon bound to N1 of cytosine (adjacent ring carbon is C2=O)."",
      ""uncertainty"": ""35""
    },
    {
      ""atom_type"": 378,
      ""element"": ""C"",
      ""chemical_environment"": ""Cytosine C2 carbonyl carbon in protonated cytosine (CytH+), adjacent to a protonated ring nitrogen"",
      ""functional_group"": ""protonated pyrimidin-2-one (cytosinium)"",
      ""hybridization"": ""sp2"",
      ""example_molecule_smiles"": ""O=c1[nH+]cnc(N)n1"",
      ""group_smarts"": ""[C;X3;r6](=O)(-[n;r6])-[nH+;r6]"",
      ""atom_specific_smarts"": ""[C;X3;r6:1](=O)(-[n;r6])-[nH+;r6]"",
      ""description"": ""C2 carbonyl carbon of cytosine when N3 is protonated (cytosinium)."",
      ""uncertainty"": ""35""
    }
  ]
}"
336,0.46,C  - CA   | Cytosine C4 Nucleotide base,12.011,oplsaa2024.lt,C,6,"Convert the following OPLS-AA atom type rows:

Atom Type Data:
- Atom index: 323
- Force field raw info: C  - CM   | Uracil C5
- Partial charge: -0.07
- Atomic mass: 12.011
- Element guess: C
- Atomic number: 6
- Source file: oplsaa2024.lt


Atom Type Data:
- Atom index: 324
- Force field raw info: C  - CM   | Uracil C6
- Partial charge: 0.08
- Atomic mass: 12.011
- Element guess: C
- Atomic number: 6
- Source file: oplsaa2024.lt


Atom Type Data:
- Atom index: 331
- Force field raw info: C  - CT   | Thymine C-C5
- Partial charge: -0.14
- Atomic mass: 12.011
- Element guess: C
- Atomic number: 6
- Source file: oplsaa2024.lt


Atom Type Data:
- Atom index: 334
- Force field raw info: C  - C~   | Cytosine C2
- Partial charge: 0.55
- Atomic mass: 12.011
- Element guess: C
- Atomic number: 6
- Source file: oplsaa2024.lt


Atom Type Data:
- Atom index: 336
- Force field raw info: C  - CA   | Cytosine C4 Nucleotide base
- Partial charge: 0.46
- Atomic mass: 12.011
- Element guess: C
- Atomic number: 6
- Source file: oplsaa2024.lt


Atom Type Data:
- Atom index: 337
- Force field raw info: C  - CM   | Cytosine C5 parameters:
- Partial charge: -0.06
- Atomic mass: 12.011
- Element guess: C
- Atomic number: 6
- Source file: oplsaa2024.lt


Atom Type Data:
- Atom index: 338
- Force field raw info: C  - CM   | Cytosine C6 JACS,113,2810(1991)
- Partial charge: 0.1
- Atomic mass: 12.011
- Element guess: C
- Atomic number: 6
- Source file: oplsaa2024.lt


Atom Type Data:
- Atom index: 347
- Force field raw info: C  - CQ   | Adenine C2
- Partial charge: 0.22
- Atomic mass: 12.011
- Element guess: C
- Atomic number: 6
- Source file: oplsaa2024.lt


Atom Type Data:
- Atom index: 349
- Force field raw info: C  - CB   | Adenine C4
- Partial charge: 0.38
- Atomic mass: 12.011
- Element guess: C
- Atomic number: 6
- Source file: oplsaa2024.lt


Atom Type Data:
- Atom index: 350
- Force field raw info: C  - CB   | Adenine C5
- Partial charge: 0.15
- Atomic mass: 12.011
- Element guess: C
- Atomic number: 6
- Source file: oplsaa2024.lt


Atom Type Data:
- Atom index: 351
- Force field raw info: C  - CA   | Adenine C6
- Partial charge: 0.44
- Atomic mass: 12.011
- Element guess: C
- Atomic number: 6
- Source file: oplsaa2024.lt


Atom Type Data:
- Atom index: 353
- Force field raw info: C  - CR   | Adenine C8 Guanine
- Partial charge: 0.2
- Atomic mass: 12.011
- Element guess: C
- Atomic number: 6
- Source file: oplsaa2024.lt


Atom Type Data:
- Atom index: 362
- Force field raw info: C  - CA   | Guanine C2
- Partial charge: 0.46
- Atomic mass: 12.011
- Element guess: C
- Atomic number: 6
- Source file: oplsaa2024.lt


Atom Type Data:
- Atom index: 364
- Force field raw info: C  - CB   | Guanine C4
- Partial charge: 0.34
- Atomic mass: 12.011
- Element guess: C
- Atomic number: 6
- Source file: oplsaa2024.lt


Atom Type Data:
- Atom index: 365
- Force field raw info: C  - CB   | Guanine C5
- Partial charge: 0.12
- Atomic mass: 12.011
- Element guess: C
- Atomic number: 6
- Source file: oplsaa2024.lt


Atom Type Data:
- Atom index: 366
- Force field raw info: C  - C~   | Guanine C6
- Partial charge: 0.52
- Atomic mass: 12.011
- Element guess: C
- Atomic number: 6
- Source file: oplsaa2024.lt


Atom Type Data:
- Atom index: 371
- Force field raw info: C  - CT   | 9-Me A or G C-N9
- Partial charge: -0.01
- Atomic mass: 12.011
- Element guess: C
- Atomic number: 6
- Source file: oplsaa2024.lt


Atom Type Data:
- Atom index: 373
- Force field raw info: C  - CT   | 1-Me U or T C-N1
- Partial charge: -0.01
- Atomic mass: 12.011
- Element guess: C
- Atomic number: 6
- Source file: oplsaa2024.lt


Atom Type Data:
- Atom index: 375
- Force field raw info: C  - CT   | 1-Me Cytosine C-N1
- Partial charge: -0.01
- Atomic mass: 12.011
- Element guess: C
- Atomic number: 6
- Source file: oplsaa2024.lt


Atom Type Data:
- Atom index: 378
- Force field raw info: C  - C~   | CytH+ C2
- Partial charge: 0.65
- Atomic mass: 12.011
- Element guess: C
- Atomic number: 6
- Source file: oplsaa2024.lt
","{
  ""atoms"": [
    {
      ""atom_type"": 323,
      ""element"": ""C"",
      ""chemical_environment"": ""Uracil ring C5 (pyrimidine-2,4-dione): sp2 vinylic/aromatic carbon between C4(=O) and C6"",
      ""functional_group"": ""pyrimidine-2,4-dione (uracil) ring"",
      ""hybridization"": ""sp2"",
      ""example_molecule_smiles"": ""O=c1[nH]cc(=O)[nH]1"",
      ""group_smarts"": ""[cX3;r6;$([c]-C(=O));$([c]-[c]-[nH])]"",
      ""atom_specific_smarts"": ""[cX3;r6:1;$([c]-C(=O));$([c]-[c]-[nH])]"",
      ""description"": ""C5 of uracil: ring sp2 carbon adjacent to a carbonyl carbon (C4) and to C6 which is bonded to N1([nH])."",
      ""uncertainty"": ""25""
    },
    {
      ""atom_type"": 324,
      ""element"": ""C"",
      ""chemical_environment"": ""Uracil ring C6: sp2 vinylic/aromatic carbon adjacent to N1([nH]) and C5"",
      ""functional_group"": ""pyrimidine-2,4-dione (uracil) ring"",
      ""hybridization"": ""sp2"",
      ""example_molecule_smiles"": ""O=c1[nH]cc(=O)[nH]1"",
      ""group_smarts"": ""[cX3;r6;$([c]-[nH]);$([c]-[c]-C(=O))]"",
      ""atom_specific_smarts"": ""[cX3;r6:1;$([c]-[nH]);$([c]-[c]-C(=O))]"",
      ""description"": ""C6 of uracil: ring sp2 carbon bonded to N1([nH]) and to C5 which is adjacent to a carbonyl."",
      ""uncertainty"": ""25""
    },
    {
      ""atom_type"": 331,
      ""element"": ""C"",
      ""chemical_environment"": ""Thymine 5-methyl carbon attached to ring C5 (aliphatic sp3)"",
      ""functional_group"": ""5-methyluracil (thymine) substituent"",
      ""hybridization"": ""sp3"",
      ""example_molecule_smiles"": ""O=c1[nH]c(C)c(=O)[nH]1"",
      ""group_smarts"": ""[CH3X4]-[c;r6;$([c]-C(=O))]"",
      ""atom_specific_smarts"": ""O=C1[nH]c([CH3X4:1])c(=O)[nH]1"",
      ""description"": ""Methyl carbon directly bonded to the uracil/thymine C5 ring carbon."",
      ""uncertainty"": ""20""
    },
    {
      ""atom_type"": 334,
      ""element"": ""C"",
      ""chemical_environment"": ""Cytosine C2 carbonyl carbon within pyrimidin-2-one (between two ring nitrogens)"",
      ""functional_group"": ""pyrimidin-2-one (cytosine) ring carbonyl"",
      ""hybridization"": ""sp2"",
      ""example_molecule_smiles"": ""O=c1[nH]cnc(N)n1"",
      ""group_smarts"": ""[C;X3;r6](=O)(-[n;r6])-[n;r6]"",
      ""atom_specific_smarts"": ""[C;X3;r6:1](=O)(-[n;r6])-[n;r6]"",
      ""description"": ""Carbonyl carbon at C2 of cytosine conjugated to two ring nitrogens (N1 and N3)."",
      ""uncertainty"": ""20""
    },
    {
      ""atom_type"": 336,
      ""element"": ""C"",
      ""chemical_environment"": ""Cytosine C4 ring carbon bearing an exocyclic amino substituent"",
      ""functional_group"": ""pyrimidin-2-one (cytosine) ring, C4–NH2"",
      ""hybridization"": ""sp2"",
      ""example_molecule_smiles"": ""O=c1[nH]cnc(N)n1"",
      ""group_smarts"": ""[cX3;r6;$([c]-[NH2]);$([c]-[n;r6])]"",
      ""atom_specific_smarts"": ""[cX3;r6:1;$([c]-[NH2]);$([c]-[n;r6])]"",
      ""description"": ""C4 of cytosine: sp2 ring carbon bonded to exocyclic –NH2 and to N3 in the ring."",
      ""uncertainty"": ""25""
    },
    {
      ""atom_type"": 337,
      ""element"": ""C"",
      ""chemical_environment"": ""Cytosine C5 ring sp2 carbon between C4(–NH2) and C6"",
      ""functional_group"": ""pyrimidin-2-one (cytosine) ring"",
      ""hybridization"": ""sp2"",
      ""example_molecule_smiles"": ""O=c1[nH]cnc(N)n1"",
      ""group_smarts"": ""[cX3;r6;$([c]-[c;$([c]-[NH2])]);$([c]-[n;r6])]"",
      ""atom_specific_smarts"": ""[cX3;r6:1;$([c]-[c;$([c]-[NH2])]);$([c]-[n;r6])]"",
      ""description"": ""C5 of cytosine: ring sp2 carbon adjacent to C4 bearing –NH2 and adjacent to C6 (which is bonded to N1)."",
      ""uncertainty"": ""30""
    },
    {
      ""atom_type"": 338,
      ""element"": ""C"",
      ""chemical_environment"": ""Cytosine C6 ring sp2 carbon adjacent to N1 and C5 (which is adjacent to C4–NH2)"",
      ""functional_group"": ""pyrimidin-2-one (cytosine) ring"",
      ""hybridization"": ""sp2"",
      ""example_molecule_smiles"": ""O=c1[nH]cnc(N)n1"",
      ""group_smarts"": ""[cX3;r6;$([c]-[n;r6]);$([c]-[c;$([c]-[NH2])])]"",
      ""atom_specific_smarts"": ""[cX3;r6:1;$([c]-[n;r6]);$([c]-[c;$([c]-[NH2])])]"",
      ""description"": ""C6 of cytosine: ring sp2 carbon bonded to N1 and to C5 (which is alpha to the exocyclic amino at C4)."",
      ""uncertainty"": ""30""
    },
    {
      ""atom_type"": 347,
      ""element"": ""C"",
      ""chemical_environment"": ""Adenine C2 ring sp2 carbon flanked by two ring nitrogens (N1 and N3)"",
      ""functional_group"": ""purine (adenine) six-membered ring"",
      ""hybridization"": ""sp2"",
      ""example_molecule_smiles"": ""Nc1ncnc2ncnc12"",
      ""group_smarts"": ""[cX3;r6;$([c]-[n;r6]);$([c]-[n;r6])]"",
      ""atom_specific_smarts"": ""[cX3;r6:1;$([c]-[n;r6]);$([c]-[n;r6])]"",
      ""description"": ""C2 of adenine: six-membered ring carbon with two ring N neighbors (N1 and N3)."",
      ""uncertainty"": ""40""
    },
    {
      ""atom_type"": 349,
      ""element"": ""C"",
      ""chemical_environment"": ""Adenine C4 ring sp2 carbon adjacent to N3; not bonded to exocyclic substituents"",
      ""functional_group"": ""purine (adenine) six-membered ring"",
      ""hybridization"": ""sp2"",
      ""example_molecule_smiles"": ""Nc1ncnc2ncnc12"",
      ""group_smarts"": ""[cX3;r6;$([c]-[n;r6]);!$([c]-N)]"",
      ""atom_specific_smarts"": ""[cX3;r6:1;$([c]-[n;r6]);!$([c]-N)]"",
      ""description"": ""C4 of adenine: ring sp2 carbon adjacent to N3, not bearing an exocyclic amino or carbonyl."",
      ""uncertainty"": ""50""
    },
    {
      ""atom_type"": 350,
      ""element"": ""C"",
      ""chemical_environment"": ""Adenine C5 ring sp2 carbon between C4 (adjacent to N3) and C6 (bearing exocyclic –NH2)"",
      ""functional_group"": ""purine (adenine) six-membered ring"",
      ""hybridization"": ""sp2"",
      ""example_molecule_smiles"": ""Nc1ncnc2ncnc12"",
      ""group_smarts"": ""[cX3;r6;$([c]-[c;$([c]-N)])]"",
      ""atom_specific_smarts"": ""[cX3;r6:1;$([c]-[c;$([c]-N)])]"",
      ""description"": ""C5 of adenine: ring sp2 carbon adjacent to the C6 carbon that carries the exocyclic –NH2."",
      ""uncertainty"": ""50""
    },
    {
      ""atom_type"": 351,
      ""element"": ""C"",
      ""chemical_environment"": ""Adenine C6 ring sp2 carbon bound to an exocyclic amino group"",
      ""functional_group"": ""purine (adenine) exocyclic amine attachment site"",
      ""hybridization"": ""sp2"",
      ""example_molecule_smiles"": ""Nc1ncnc2ncnc12"",
      ""group_smarts"": ""[cX3;r6]-N"",
      ""atom_specific_smarts"": ""[cX3;r6:1]-N"",
      ""description"": ""C6 of adenine: ring sp2 carbon directly attached to –NH2."",
      ""uncertainty"": ""30""
    },
    {
      ""atom_type"": 353,
      ""element"": ""C"",
      ""chemical_environment"": ""Purine C8 (adenine/guanine) five-membered ring sp2 carbon adjacent to N7 and fused to six-membered ring"",
      ""functional_group"": ""purine imidazole ring (fused five-membered ring)"",
      ""hybridization"": ""sp2"",
      ""example_molecule_smiles"": ""Nc1ncnc2ncnc12"",
      ""group_smarts"": ""[cX3;r5;$([c]-[n;r5]);$([c]-[c;r6])]"",
      ""atom_specific_smarts"": ""[cX3;r5:1;$([c]-[n;r5]);$([c]-[c;r6])]"",
      ""description"": ""C8 of purines: sp2 carbon in the five-membered ring adjacent to N7 and fused to the six-membered ring."",
      ""uncertainty"": ""40""
    },
    {
      ""atom_type"": 362,
      ""element"": ""C"",
      ""chemical_environment"": ""Guanine C2 ring sp2 carbon bearing an exocyclic amino group and flanked by two ring nitrogens"",
      ""functional_group"": ""purine (guanine) six-membered ring, C2–NH2"",
      ""hybridization"": ""sp2"",
      ""example_molecule_smiles"": ""O=c1[nH]c2ncnc(N)c2[nH]1"",
      ""group_smarts"": ""[cX3;r6](-N)(-[n;r6])-[n;r6]"",
      ""atom_specific_smarts"": ""[cX3;r6:1](-N)(-[n;r6])-[n;r6]"",
      ""description"": ""C2 of guanine: ring sp2 carbon with exocyclic –NH2, bonded to both N1 and N3 in the ring."",
      ""uncertainty"": ""30""
    },
    {
      ""atom_type"": 364,
      ""element"": ""C"",
      ""chemical_environment"": ""Guanine C4 ring sp2 carbon adjacent to N3; not directly attached to exocyclic groups"",
      ""functional_group"": ""purine (guanine) six-membered ring"",
      ""hybridization"": ""sp2"",
      ""example_molecule_smiles"": ""O=c1[nH]c2ncnc(N)c2[nH]1"",
      ""group_smarts"": ""[cX3;r6;$([c]-[n;r6]);!$([c]-N);!$([c]-C(=O))]"",
      ""atom_specific_smarts"": ""[cX3;r6:1;$([c]-[n;r6]);!$([c]-N);!$([c]-C(=O))]"",
      ""description"": ""C4 of guanine: ring sp2 carbon next to N3, not bonded to exocyclic amine or carbonyl."",
      ""uncertainty"": ""45""
    },
    {
      ""atom_type"": 365,
      ""element"": ""C"",
      ""chemical_environment"": ""Guanine C5 ring sp2 carbon adjacent to the C6 carbonyl carbon"",
      ""functional_group"": ""purine (guanine) six-membered ring"",
      ""hybridization"": ""sp2"",
      ""example_molecule_smiles"": ""O=c1[nH]c2ncnc(N)c2[nH]1"",
      ""group_smarts"": ""[cX3;r6]-[C;r6](=O)"",
      ""atom_specific_smarts"": ""[cX3;r6:1]-[C;r6](=O)"",
      ""description"": ""C5 of guanine: ring sp2 carbon alpha to the C6(=O) carbonyl."",
      ""uncertainty"": ""30""
    },
    {
      ""atom_type"": 366,
      ""element"": ""C"",
      ""chemical_environment"": ""Guanine C6 carbonyl carbon (conjugated to ring N1)"",
      ""functional_group"": ""purine ring amide-like carbonyl"",
      ""hybridization"": ""sp2"",
      ""example_molecule_smiles"": ""O=c1[nH]c2ncnc(N)c2[nH]1"",
      ""group_smarts"": ""[C;X3;r6](=O)-[n;r6]"",
      ""atom_specific_smarts"": ""[C;X3;r6:1](=O)-[n;r6]"",
      ""description"": ""Carbonyl carbon at C6 of guanine conjugated into the purine ring."",
      ""uncertainty"": ""20""
    },
    {
      ""atom_type"": 371,
      ""element"": ""C"",
      ""chemical_environment"": ""Methyl carbon attached to N9 of a purine (adenine or guanine) imidazole nitrogen"",
      ""functional_group"": ""N-alkylated purine (N9-alkyl)"",
      ""hybridization"": ""sp3"",
      ""example_molecule_smiles"": ""Cn1c2ncnc(N)c2n1"",
      ""group_smarts"": ""[CH3X4:1]-[nX2;r5]"",
      ""atom_specific_smarts"": ""[CH3X4:1]-[nX2;r5]"",
      ""description"": ""Aliphatic methyl carbon bound to the ring imidazole nitrogen (N9) of a purine."",
      ""uncertainty"": ""40""
    },
    {
      ""atom_type"": 373,
      ""element"": ""C"",
      ""chemical_environment"": ""Methyl carbon attached to N1 of a pyrimidine (uracil or thymine)"",
      ""functional_group"": ""N-alkylated pyrimidine (N1-alkyl)"",
      ""hybridization"": ""sp3"",
      ""example_molecule_smiles"": ""O=C1n(C)cc(=O)[nH]1"",
      ""group_smarts"": ""[CH3X4:1]-[nX2;r6]-[c;r6]-C(=O)"",
      ""atom_specific_smarts"": ""[CH3X4:1]-[nX2;r6]-[c;r6]-C(=O)"",
      ""description"": ""Methyl carbon bound to N1 of a 1,3-dione pyrimidine ring (U/T)."",
      ""uncertainty"": ""35""
    },
    {
      ""atom_type"": 375,
      ""element"": ""C"",
      ""chemical_environment"": ""Methyl carbon attached to N1 of cytosine (pyrimidin-2-one)"",
      ""functional_group"": ""N-alkylated cytosine (N1-alkyl)"",
      ""hybridization"": ""sp3"",
      ""example_molecule_smiles"": ""O=c1n(C)cnc(N)n1"",
      ""group_smarts"": ""[CH3X4:1]-[nX2;r6]-[c;r6]-C(=O)"",
      ""atom_specific_smarts"": ""[CH3X4:1]-[nX2;r6]-[c;r6]-C(=O)"",
      ""description"": ""Methyl carbon bound to N1 of cytosine (adjacent ring carbon is C2=O)."",
      ""uncertainty"": ""35""
    },
    {
      ""atom_type"": 378,
      ""element"": ""C"",
      ""chemical_environment"": ""Cytosine C2 carbonyl carbon in protonated cytosine (CytH+), adjacent to a protonated ring nitrogen"",
      ""functional_group"": ""protonated pyrimidin-2-one (cytosinium)"",
      ""hybridization"": ""sp2"",
      ""example_molecule_smiles"": ""O=c1[nH+]cnc(N)n1"",
      ""group_smarts"": ""[C;X3;r6](=O)(-[n;r6])-[nH+;r6]"",
      ""atom_specific_smarts"": ""[C;X3;r6:1](=O)(-[n;r6])-[nH+;r6]"",
      ""description"": ""C2 carbonyl carbon of cytosine when N3 is protonated (cytosinium)."",
      ""uncertainty"": ""35""
    }
  ]
}"
337,-0.06,C  - CM   | Cytosine C5 parameters:,12.011,oplsaa2024.lt,C,6,"Convert the following OPLS-AA atom type rows:

Atom Type Data:
- Atom index: 323
- Force field raw info: C  - CM   | Uracil C5
- Partial charge: -0.07
- Atomic mass: 12.011
- Element guess: C
- Atomic number: 6
- Source file: oplsaa2024.lt


Atom Type Data:
- Atom index: 324
- Force field raw info: C  - CM   | Uracil C6
- Partial charge: 0.08
- Atomic mass: 12.011
- Element guess: C
- Atomic number: 6
- Source file: oplsaa2024.lt


Atom Type Data:
- Atom index: 331
- Force field raw info: C  - CT   | Thymine C-C5
- Partial charge: -0.14
- Atomic mass: 12.011
- Element guess: C
- Atomic number: 6
- Source file: oplsaa2024.lt


Atom Type Data:
- Atom index: 334
- Force field raw info: C  - C~   | Cytosine C2
- Partial charge: 0.55
- Atomic mass: 12.011
- Element guess: C
- Atomic number: 6
- Source file: oplsaa2024.lt


Atom Type Data:
- Atom index: 336
- Force field raw info: C  - CA   | Cytosine C4 Nucleotide base
- Partial charge: 0.46
- Atomic mass: 12.011
- Element guess: C
- Atomic number: 6
- Source file: oplsaa2024.lt


Atom Type Data:
- Atom index: 337
- Force field raw info: C  - CM   | Cytosine C5 parameters:
- Partial charge: -0.06
- Atomic mass: 12.011
- Element guess: C
- Atomic number: 6
- Source file: oplsaa2024.lt


Atom Type Data:
- Atom index: 338
- Force field raw info: C  - CM   | Cytosine C6 JACS,113,2810(1991)
- Partial charge: 0.1
- Atomic mass: 12.011
- Element guess: C
- Atomic number: 6
- Source file: oplsaa2024.lt


Atom Type Data:
- Atom index: 347
- Force field raw info: C  - CQ   | Adenine C2
- Partial charge: 0.22
- Atomic mass: 12.011
- Element guess: C
- Atomic number: 6
- Source file: oplsaa2024.lt


Atom Type Data:
- Atom index: 349
- Force field raw info: C  - CB   | Adenine C4
- Partial charge: 0.38
- Atomic mass: 12.011
- Element guess: C
- Atomic number: 6
- Source file: oplsaa2024.lt


Atom Type Data:
- Atom index: 350
- Force field raw info: C  - CB   | Adenine C5
- Partial charge: 0.15
- Atomic mass: 12.011
- Element guess: C
- Atomic number: 6
- Source file: oplsaa2024.lt


Atom Type Data:
- Atom index: 351
- Force field raw info: C  - CA   | Adenine C6
- Partial charge: 0.44
- Atomic mass: 12.011
- Element guess: C
- Atomic number: 6
- Source file: oplsaa2024.lt


Atom Type Data:
- Atom index: 353
- Force field raw info: C  - CR   | Adenine C8 Guanine
- Partial charge: 0.2
- Atomic mass: 12.011
- Element guess: C
- Atomic number: 6
- Source file: oplsaa2024.lt


Atom Type Data:
- Atom index: 362
- Force field raw info: C  - CA   | Guanine C2
- Partial charge: 0.46
- Atomic mass: 12.011
- Element guess: C
- Atomic number: 6
- Source file: oplsaa2024.lt


Atom Type Data:
- Atom index: 364
- Force field raw info: C  - CB   | Guanine C4
- Partial charge: 0.34
- Atomic mass: 12.011
- Element guess: C
- Atomic number: 6
- Source file: oplsaa2024.lt


Atom Type Data:
- Atom index: 365
- Force field raw info: C  - CB   | Guanine C5
- Partial charge: 0.12
- Atomic mass: 12.011
- Element guess: C
- Atomic number: 6
- Source file: oplsaa2024.lt


Atom Type Data:
- Atom index: 366
- Force field raw info: C  - C~   | Guanine C6
- Partial charge: 0.52
- Atomic mass: 12.011
- Element guess: C
- Atomic number: 6
- Source file: oplsaa2024.lt


Atom Type Data:
- Atom index: 371
- Force field raw info: C  - CT   | 9-Me A or G C-N9
- Partial charge: -0.01
- Atomic mass: 12.011
- Element guess: C
- Atomic number: 6
- Source file: oplsaa2024.lt


Atom Type Data:
- Atom index: 373
- Force field raw info: C  - CT   | 1-Me U or T C-N1
- Partial charge: -0.01
- Atomic mass: 12.011
- Element guess: C
- Atomic number: 6
- Source file: oplsaa2024.lt


Atom Type Data:
- Atom index: 375
- Force field raw info: C  - CT   | 1-Me Cytosine C-N1
- Partial charge: -0.01
- Atomic mass: 12.011
- Element guess: C
- Atomic number: 6
- Source file: oplsaa2024.lt


Atom Type Data:
- Atom index: 378
- Force field raw info: C  - C~   | CytH+ C2
- Partial charge: 0.65
- Atomic mass: 12.011
- Element guess: C
- Atomic number: 6
- Source file: oplsaa2024.lt
","{
  ""atoms"": [
    {
      ""atom_type"": 323,
      ""element"": ""C"",
      ""chemical_environment"": ""Uracil ring C5 (pyrimidine-2,4-dione): sp2 vinylic/aromatic carbon between C4(=O) and C6"",
      ""functional_group"": ""pyrimidine-2,4-dione (uracil) ring"",
      ""hybridization"": ""sp2"",
      ""example_molecule_smiles"": ""O=c1[nH]cc(=O)[nH]1"",
      ""group_smarts"": ""[cX3;r6;$([c]-C(=O));$([c]-[c]-[nH])]"",
      ""atom_specific_smarts"": ""[cX3;r6:1;$([c]-C(=O));$([c]-[c]-[nH])]"",
      ""description"": ""C5 of uracil: ring sp2 carbon adjacent to a carbonyl carbon (C4) and to C6 which is bonded to N1([nH])."",
      ""uncertainty"": ""25""
    },
    {
      ""atom_type"": 324,
      ""element"": ""C"",
      ""chemical_environment"": ""Uracil ring C6: sp2 vinylic/aromatic carbon adjacent to N1([nH]) and C5"",
      ""functional_group"": ""pyrimidine-2,4-dione (uracil) ring"",
      ""hybridization"": ""sp2"",
      ""example_molecule_smiles"": ""O=c1[nH]cc(=O)[nH]1"",
      ""group_smarts"": ""[cX3;r6;$([c]-[nH]);$([c]-[c]-C(=O))]"",
      ""atom_specific_smarts"": ""[cX3;r6:1;$([c]-[nH]);$([c]-[c]-C(=O))]"",
      ""description"": ""C6 of uracil: ring sp2 carbon bonded to N1([nH]) and to C5 which is adjacent to a carbonyl."",
      ""uncertainty"": ""25""
    },
    {
      ""atom_type"": 331,
      ""element"": ""C"",
      ""chemical_environment"": ""Thymine 5-methyl carbon attached to ring C5 (aliphatic sp3)"",
      ""functional_group"": ""5-methyluracil (thymine) substituent"",
      ""hybridization"": ""sp3"",
      ""example_molecule_smiles"": ""O=c1[nH]c(C)c(=O)[nH]1"",
      ""group_smarts"": ""[CH3X4]-[c;r6;$([c]-C(=O))]"",
      ""atom_specific_smarts"": ""O=C1[nH]c([CH3X4:1])c(=O)[nH]1"",
      ""description"": ""Methyl carbon directly bonded to the uracil/thymine C5 ring carbon."",
      ""uncertainty"": ""20""
    },
    {
      ""atom_type"": 334,
      ""element"": ""C"",
      ""chemical_environment"": ""Cytosine C2 carbonyl carbon within pyrimidin-2-one (between two ring nitrogens)"",
      ""functional_group"": ""pyrimidin-2-one (cytosine) ring carbonyl"",
      ""hybridization"": ""sp2"",
      ""example_molecule_smiles"": ""O=c1[nH]cnc(N)n1"",
      ""group_smarts"": ""[C;X3;r6](=O)(-[n;r6])-[n;r6]"",
      ""atom_specific_smarts"": ""[C;X3;r6:1](=O)(-[n;r6])-[n;r6]"",
      ""description"": ""Carbonyl carbon at C2 of cytosine conjugated to two ring nitrogens (N1 and N3)."",
      ""uncertainty"": ""20""
    },
    {
      ""atom_type"": 336,
      ""element"": ""C"",
      ""chemical_environment"": ""Cytosine C4 ring carbon bearing an exocyclic amino substituent"",
      ""functional_group"": ""pyrimidin-2-one (cytosine) ring, C4–NH2"",
      ""hybridization"": ""sp2"",
      ""example_molecule_smiles"": ""O=c1[nH]cnc(N)n1"",
      ""group_smarts"": ""[cX3;r6;$([c]-[NH2]);$([c]-[n;r6])]"",
      ""atom_specific_smarts"": ""[cX3;r6:1;$([c]-[NH2]);$([c]-[n;r6])]"",
      ""description"": ""C4 of cytosine: sp2 ring carbon bonded to exocyclic –NH2 and to N3 in the ring."",
      ""uncertainty"": ""25""
    },
    {
      ""atom_type"": 337,
      ""element"": ""C"",
      ""chemical_environment"": ""Cytosine C5 ring sp2 carbon between C4(–NH2) and C6"",
      ""functional_group"": ""pyrimidin-2-one (cytosine) ring"",
      ""hybridization"": ""sp2"",
      ""example_molecule_smiles"": ""O=c1[nH]cnc(N)n1"",
      ""group_smarts"": ""[cX3;r6;$([c]-[c;$([c]-[NH2])]);$([c]-[n;r6])]"",
      ""atom_specific_smarts"": ""[cX3;r6:1;$([c]-[c;$([c]-[NH2])]);$([c]-[n;r6])]"",
      ""description"": ""C5 of cytosine: ring sp2 carbon adjacent to C4 bearing –NH2 and adjacent to C6 (which is bonded to N1)."",
      ""uncertainty"": ""30""
    },
    {
      ""atom_type"": 338,
      ""element"": ""C"",
      ""chemical_environment"": ""Cytosine C6 ring sp2 carbon adjacent to N1 and C5 (which is adjacent to C4–NH2)"",
      ""functional_group"": ""pyrimidin-2-one (cytosine) ring"",
      ""hybridization"": ""sp2"",
      ""example_molecule_smiles"": ""O=c1[nH]cnc(N)n1"",
      ""group_smarts"": ""[cX3;r6;$([c]-[n;r6]);$([c]-[c;$([c]-[NH2])])]"",
      ""atom_specific_smarts"": ""[cX3;r6:1;$([c]-[n;r6]);$([c]-[c;$([c]-[NH2])])]"",
      ""description"": ""C6 of cytosine: ring sp2 carbon bonded to N1 and to C5 (which is alpha to the exocyclic amino at C4)."",
      ""uncertainty"": ""30""
    },
    {
      ""atom_type"": 347,
      ""element"": ""C"",
      ""chemical_environment"": ""Adenine C2 ring sp2 carbon flanked by two ring nitrogens (N1 and N3)"",
      ""functional_group"": ""purine (adenine) six-membered ring"",
      ""hybridization"": ""sp2"",
      ""example_molecule_smiles"": ""Nc1ncnc2ncnc12"",
      ""group_smarts"": ""[cX3;r6;$([c]-[n;r6]);$([c]-[n;r6])]"",
      ""atom_specific_smarts"": ""[cX3;r6:1;$([c]-[n;r6]);$([c]-[n;r6])]"",
      ""description"": ""C2 of adenine: six-membered ring carbon with two ring N neighbors (N1 and N3)."",
      ""uncertainty"": ""40""
    },
    {
      ""atom_type"": 349,
      ""element"": ""C"",
      ""chemical_environment"": ""Adenine C4 ring sp2 carbon adjacent to N3; not bonded to exocyclic substituents"",
      ""functional_group"": ""purine (adenine) six-membered ring"",
      ""hybridization"": ""sp2"",
      ""example_molecule_smiles"": ""Nc1ncnc2ncnc12"",
      ""group_smarts"": ""[cX3;r6;$([c]-[n;r6]);!$([c]-N)]"",
      ""atom_specific_smarts"": ""[cX3;r6:1;$([c]-[n;r6]);!$([c]-N)]"",
      ""description"": ""C4 of adenine: ring sp2 carbon adjacent to N3, not bearing an exocyclic amino or carbonyl."",
      ""uncertainty"": ""50""
    },
    {
      ""atom_type"": 350,
      ""element"": ""C"",
      ""chemical_environment"": ""Adenine C5 ring sp2 carbon between C4 (adjacent to N3) and C6 (bearing exocyclic –NH2)"",
      ""functional_group"": ""purine (adenine) six-membered ring"",
      ""hybridization"": ""sp2"",
      ""example_molecule_smiles"": ""Nc1ncnc2ncnc12"",
      ""group_smarts"": ""[cX3;r6;$([c]-[c;$([c]-N)])]"",
      ""atom_specific_smarts"": ""[cX3;r6:1;$([c]-[c;$([c]-N)])]"",
      ""description"": ""C5 of adenine: ring sp2 carbon adjacent to the C6 carbon that carries the exocyclic –NH2."",
      ""uncertainty"": ""50""
    },
    {
      ""atom_type"": 351,
      ""element"": ""C"",
      ""chemical_environment"": ""Adenine C6 ring sp2 carbon bound to an exocyclic amino group"",
      ""functional_group"": ""purine (adenine) exocyclic amine attachment site"",
      ""hybridization"": ""sp2"",
      ""example_molecule_smiles"": ""Nc1ncnc2ncnc12"",
      ""group_smarts"": ""[cX3;r6]-N"",
      ""atom_specific_smarts"": ""[cX3;r6:1]-N"",
      ""description"": ""C6 of adenine: ring sp2 carbon directly attached to –NH2."",
      ""uncertainty"": ""30""
    },
    {
      ""atom_type"": 353,
      ""element"": ""C"",
      ""chemical_environment"": ""Purine C8 (adenine/guanine) five-membered ring sp2 carbon adjacent to N7 and fused to six-membered ring"",
      ""functional_group"": ""purine imidazole ring (fused five-membered ring)"",
      ""hybridization"": ""sp2"",
      ""example_molecule_smiles"": ""Nc1ncnc2ncnc12"",
      ""group_smarts"": ""[cX3;r5;$([c]-[n;r5]);$([c]-[c;r6])]"",
      ""atom_specific_smarts"": ""[cX3;r5:1;$([c]-[n;r5]);$([c]-[c;r6])]"",
      ""description"": ""C8 of purines: sp2 carbon in the five-membered ring adjacent to N7 and fused to the six-membered ring."",
      ""uncertainty"": ""40""
    },
    {
      ""atom_type"": 362,
      ""element"": ""C"",
      ""chemical_environment"": ""Guanine C2 ring sp2 carbon bearing an exocyclic amino group and flanked by two ring nitrogens"",
      ""functional_group"": ""purine (guanine) six-membered ring, C2–NH2"",
      ""hybridization"": ""sp2"",
      ""example_molecule_smiles"": ""O=c1[nH]c2ncnc(N)c2[nH]1"",
      ""group_smarts"": ""[cX3;r6](-N)(-[n;r6])-[n;r6]"",
      ""atom_specific_smarts"": ""[cX3;r6:1](-N)(-[n;r6])-[n;r6]"",
      ""description"": ""C2 of guanine: ring sp2 carbon with exocyclic –NH2, bonded to both N1 and N3 in the ring."",
      ""uncertainty"": ""30""
    },
    {
      ""atom_type"": 364,
      ""element"": ""C"",
      ""chemical_environment"": ""Guanine C4 ring sp2 carbon adjacent to N3; not directly attached to exocyclic groups"",
      ""functional_group"": ""purine (guanine) six-membered ring"",
      ""hybridization"": ""sp2"",
      ""example_molecule_smiles"": ""O=c1[nH]c2ncnc(N)c2[nH]1"",
      ""group_smarts"": ""[cX3;r6;$([c]-[n;r6]);!$([c]-N);!$([c]-C(=O))]"",
      ""atom_specific_smarts"": ""[cX3;r6:1;$([c]-[n;r6]);!$([c]-N);!$([c]-C(=O))]"",
      ""description"": ""C4 of guanine: ring sp2 carbon next to N3, not bonded to exocyclic amine or carbonyl."",
      ""uncertainty"": ""45""
    },
    {
      ""atom_type"": 365,
      ""element"": ""C"",
      ""chemical_environment"": ""Guanine C5 ring sp2 carbon adjacent to the C6 carbonyl carbon"",
      ""functional_group"": ""purine (guanine) six-membered ring"",
      ""hybridization"": ""sp2"",
      ""example_molecule_smiles"": ""O=c1[nH]c2ncnc(N)c2[nH]1"",
      ""group_smarts"": ""[cX3;r6]-[C;r6](=O)"",
      ""atom_specific_smarts"": ""[cX3;r6:1]-[C;r6](=O)"",
      ""description"": ""C5 of guanine: ring sp2 carbon alpha to the C6(=O) carbonyl."",
      ""uncertainty"": ""30""
    },
    {
      ""atom_type"": 366,
      ""element"": ""C"",
      ""chemical_environment"": ""Guanine C6 carbonyl carbon (conjugated to ring N1)"",
      ""functional_group"": ""purine ring amide-like carbonyl"",
      ""hybridization"": ""sp2"",
      ""example_molecule_smiles"": ""O=c1[nH]c2ncnc(N)c2[nH]1"",
      ""group_smarts"": ""[C;X3;r6](=O)-[n;r6]"",
      ""atom_specific_smarts"": ""[C;X3;r6:1](=O)-[n;r6]"",
      ""description"": ""Carbonyl carbon at C6 of guanine conjugated into the purine ring."",
      ""uncertainty"": ""20""
    },
    {
      ""atom_type"": 371,
      ""element"": ""C"",
      ""chemical_environment"": ""Methyl carbon attached to N9 of a purine (adenine or guanine) imidazole nitrogen"",
      ""functional_group"": ""N-alkylated purine (N9-alkyl)"",
      ""hybridization"": ""sp3"",
      ""example_molecule_smiles"": ""Cn1c2ncnc(N)c2n1"",
      ""group_smarts"": ""[CH3X4:1]-[nX2;r5]"",
      ""atom_specific_smarts"": ""[CH3X4:1]-[nX2;r5]"",
      ""description"": ""Aliphatic methyl carbon bound to the ring imidazole nitrogen (N9) of a purine."",
      ""uncertainty"": ""40""
    },
    {
      ""atom_type"": 373,
      ""element"": ""C"",
      ""chemical_environment"": ""Methyl carbon attached to N1 of a pyrimidine (uracil or thymine)"",
      ""functional_group"": ""N-alkylated pyrimidine (N1-alkyl)"",
      ""hybridization"": ""sp3"",
      ""example_molecule_smiles"": ""O=C1n(C)cc(=O)[nH]1"",
      ""group_smarts"": ""[CH3X4:1]-[nX2;r6]-[c;r6]-C(=O)"",
      ""atom_specific_smarts"": ""[CH3X4:1]-[nX2;r6]-[c;r6]-C(=O)"",
      ""description"": ""Methyl carbon bound to N1 of a 1,3-dione pyrimidine ring (U/T)."",
      ""uncertainty"": ""35""
    },
    {
      ""atom_type"": 375,
      ""element"": ""C"",
      ""chemical_environment"": ""Methyl carbon attached to N1 of cytosine (pyrimidin-2-one)"",
      ""functional_group"": ""N-alkylated cytosine (N1-alkyl)"",
      ""hybridization"": ""sp3"",
      ""example_molecule_smiles"": ""O=c1n(C)cnc(N)n1"",
      ""group_smarts"": ""[CH3X4:1]-[nX2;r6]-[c;r6]-C(=O)"",
      ""atom_specific_smarts"": ""[CH3X4:1]-[nX2;r6]-[c;r6]-C(=O)"",
      ""description"": ""Methyl carbon bound to N1 of cytosine (adjacent ring carbon is C2=O)."",
      ""uncertainty"": ""35""
    },
    {
      ""atom_type"": 378,
      ""element"": ""C"",
      ""chemical_environment"": ""Cytosine C2 carbonyl carbon in protonated cytosine (CytH+), adjacent to a protonated ring nitrogen"",
      ""functional_group"": ""protonated pyrimidin-2-one (cytosinium)"",
      ""hybridization"": ""sp2"",
      ""example_molecule_smiles"": ""O=c1[nH+]cnc(N)n1"",
      ""group_smarts"": ""[C;X3;r6](=O)(-[n;r6])-[nH+;r6]"",
      ""atom_specific_smarts"": ""[C;X3;r6:1](=O)(-[n;r6])-[nH+;r6]"",
      ""description"": ""C2 carbonyl carbon of cytosine when N3 is protonated (cytosinium)."",
      ""uncertainty"": ""35""
    }
  ]
}"
338,0.1,"C  - CM   | Cytosine C6 JACS,113,2810(1991)",12.011,oplsaa2024.lt,C,6,"Convert the following OPLS-AA atom type rows:

Atom Type Data:
- Atom index: 323
- Force field raw info: C  - CM   | Uracil C5
- Partial charge: -0.07
- Atomic mass: 12.011
- Element guess: C
- Atomic number: 6
- Source file: oplsaa2024.lt


Atom Type Data:
- Atom index: 324
- Force field raw info: C  - CM   | Uracil C6
- Partial charge: 0.08
- Atomic mass: 12.011
- Element guess: C
- Atomic number: 6
- Source file: oplsaa2024.lt


Atom Type Data:
- Atom index: 331
- Force field raw info: C  - CT   | Thymine C-C5
- Partial charge: -0.14
- Atomic mass: 12.011
- Element guess: C
- Atomic number: 6
- Source file: oplsaa2024.lt


Atom Type Data:
- Atom index: 334
- Force field raw info: C  - C~   | Cytosine C2
- Partial charge: 0.55
- Atomic mass: 12.011
- Element guess: C
- Atomic number: 6
- Source file: oplsaa2024.lt


Atom Type Data:
- Atom index: 336
- Force field raw info: C  - CA   | Cytosine C4 Nucleotide base
- Partial charge: 0.46
- Atomic mass: 12.011
- Element guess: C
- Atomic number: 6
- Source file: oplsaa2024.lt


Atom Type Data:
- Atom index: 337
- Force field raw info: C  - CM   | Cytosine C5 parameters:
- Partial charge: -0.06
- Atomic mass: 12.011
- Element guess: C
- Atomic number: 6
- Source file: oplsaa2024.lt


Atom Type Data:
- Atom index: 338
- Force field raw info: C  - CM   | Cytosine C6 JACS,113,2810(1991)
- Partial charge: 0.1
- Atomic mass: 12.011
- Element guess: C
- Atomic number: 6
- Source file: oplsaa2024.lt


Atom Type Data:
- Atom index: 347
- Force field raw info: C  - CQ   | Adenine C2
- Partial charge: 0.22
- Atomic mass: 12.011
- Element guess: C
- Atomic number: 6
- Source file: oplsaa2024.lt


Atom Type Data:
- Atom index: 349
- Force field raw info: C  - CB   | Adenine C4
- Partial charge: 0.38
- Atomic mass: 12.011
- Element guess: C
- Atomic number: 6
- Source file: oplsaa2024.lt


Atom Type Data:
- Atom index: 350
- Force field raw info: C  - CB   | Adenine C5
- Partial charge: 0.15
- Atomic mass: 12.011
- Element guess: C
- Atomic number: 6
- Source file: oplsaa2024.lt


Atom Type Data:
- Atom index: 351
- Force field raw info: C  - CA   | Adenine C6
- Partial charge: 0.44
- Atomic mass: 12.011
- Element guess: C
- Atomic number: 6
- Source file: oplsaa2024.lt


Atom Type Data:
- Atom index: 353
- Force field raw info: C  - CR   | Adenine C8 Guanine
- Partial charge: 0.2
- Atomic mass: 12.011
- Element guess: C
- Atomic number: 6
- Source file: oplsaa2024.lt


Atom Type Data:
- Atom index: 362
- Force field raw info: C  - CA   | Guanine C2
- Partial charge: 0.46
- Atomic mass: 12.011
- Element guess: C
- Atomic number: 6
- Source file: oplsaa2024.lt


Atom Type Data:
- Atom index: 364
- Force field raw info: C  - CB   | Guanine C4
- Partial charge: 0.34
- Atomic mass: 12.011
- Element guess: C
- Atomic number: 6
- Source file: oplsaa2024.lt


Atom Type Data:
- Atom index: 365
- Force field raw info: C  - CB   | Guanine C5
- Partial charge: 0.12
- Atomic mass: 12.011
- Element guess: C
- Atomic number: 6
- Source file: oplsaa2024.lt


Atom Type Data:
- Atom index: 366
- Force field raw info: C  - C~   | Guanine C6
- Partial charge: 0.52
- Atomic mass: 12.011
- Element guess: C
- Atomic number: 6
- Source file: oplsaa2024.lt


Atom Type Data:
- Atom index: 371
- Force field raw info: C  - CT   | 9-Me A or G C-N9
- Partial charge: -0.01
- Atomic mass: 12.011
- Element guess: C
- Atomic number: 6
- Source file: oplsaa2024.lt


Atom Type Data:
- Atom index: 373
- Force field raw info: C  - CT   | 1-Me U or T C-N1
- Partial charge: -0.01
- Atomic mass: 12.011
- Element guess: C
- Atomic number: 6
- Source file: oplsaa2024.lt


Atom Type Data:
- Atom index: 375
- Force field raw info: C  - CT   | 1-Me Cytosine C-N1
- Partial charge: -0.01
- Atomic mass: 12.011
- Element guess: C
- Atomic number: 6
- Source file: oplsaa2024.lt


Atom Type Data:
- Atom index: 378
- Force field raw info: C  - C~   | CytH+ C2
- Partial charge: 0.65
- Atomic mass: 12.011
- Element guess: C
- Atomic number: 6
- Source file: oplsaa2024.lt
","{
  ""atoms"": [
    {
      ""atom_type"": 323,
      ""element"": ""C"",
      ""chemical_environment"": ""Uracil ring C5 (pyrimidine-2,4-dione): sp2 vinylic/aromatic carbon between C4(=O) and C6"",
      ""functional_group"": ""pyrimidine-2,4-dione (uracil) ring"",
      ""hybridization"": ""sp2"",
      ""example_molecule_smiles"": ""O=c1[nH]cc(=O)[nH]1"",
      ""group_smarts"": ""[cX3;r6;$([c]-C(=O));$([c]-[c]-[nH])]"",
      ""atom_specific_smarts"": ""[cX3;r6:1;$([c]-C(=O));$([c]-[c]-[nH])]"",
      ""description"": ""C5 of uracil: ring sp2 carbon adjacent to a carbonyl carbon (C4) and to C6 which is bonded to N1([nH])."",
      ""uncertainty"": ""25""
    },
    {
      ""atom_type"": 324,
      ""element"": ""C"",
      ""chemical_environment"": ""Uracil ring C6: sp2 vinylic/aromatic carbon adjacent to N1([nH]) and C5"",
      ""functional_group"": ""pyrimidine-2,4-dione (uracil) ring"",
      ""hybridization"": ""sp2"",
      ""example_molecule_smiles"": ""O=c1[nH]cc(=O)[nH]1"",
      ""group_smarts"": ""[cX3;r6;$([c]-[nH]);$([c]-[c]-C(=O))]"",
      ""atom_specific_smarts"": ""[cX3;r6:1;$([c]-[nH]);$([c]-[c]-C(=O))]"",
      ""description"": ""C6 of uracil: ring sp2 carbon bonded to N1([nH]) and to C5 which is adjacent to a carbonyl."",
      ""uncertainty"": ""25""
    },
    {
      ""atom_type"": 331,
      ""element"": ""C"",
      ""chemical_environment"": ""Thymine 5-methyl carbon attached to ring C5 (aliphatic sp3)"",
      ""functional_group"": ""5-methyluracil (thymine) substituent"",
      ""hybridization"": ""sp3"",
      ""example_molecule_smiles"": ""O=c1[nH]c(C)c(=O)[nH]1"",
      ""group_smarts"": ""[CH3X4]-[c;r6;$([c]-C(=O))]"",
      ""atom_specific_smarts"": ""O=C1[nH]c([CH3X4:1])c(=O)[nH]1"",
      ""description"": ""Methyl carbon directly bonded to the uracil/thymine C5 ring carbon."",
      ""uncertainty"": ""20""
    },
    {
      ""atom_type"": 334,
      ""element"": ""C"",
      ""chemical_environment"": ""Cytosine C2 carbonyl carbon within pyrimidin-2-one (between two ring nitrogens)"",
      ""functional_group"": ""pyrimidin-2-one (cytosine) ring carbonyl"",
      ""hybridization"": ""sp2"",
      ""example_molecule_smiles"": ""O=c1[nH]cnc(N)n1"",
      ""group_smarts"": ""[C;X3;r6](=O)(-[n;r6])-[n;r6]"",
      ""atom_specific_smarts"": ""[C;X3;r6:1](=O)(-[n;r6])-[n;r6]"",
      ""description"": ""Carbonyl carbon at C2 of cytosine conjugated to two ring nitrogens (N1 and N3)."",
      ""uncertainty"": ""20""
    },
    {
      ""atom_type"": 336,
      ""element"": ""C"",
      ""chemical_environment"": ""Cytosine C4 ring carbon bearing an exocyclic amino substituent"",
      ""functional_group"": ""pyrimidin-2-one (cytosine) ring, C4–NH2"",
      ""hybridization"": ""sp2"",
      ""example_molecule_smiles"": ""O=c1[nH]cnc(N)n1"",
      ""group_smarts"": ""[cX3;r6;$([c]-[NH2]);$([c]-[n;r6])]"",
      ""atom_specific_smarts"": ""[cX3;r6:1;$([c]-[NH2]);$([c]-[n;r6])]"",
      ""description"": ""C4 of cytosine: sp2 ring carbon bonded to exocyclic –NH2 and to N3 in the ring."",
      ""uncertainty"": ""25""
    },
    {
      ""atom_type"": 337,
      ""element"": ""C"",
      ""chemical_environment"": ""Cytosine C5 ring sp2 carbon between C4(–NH2) and C6"",
      ""functional_group"": ""pyrimidin-2-one (cytosine) ring"",
      ""hybridization"": ""sp2"",
      ""example_molecule_smiles"": ""O=c1[nH]cnc(N)n1"",
      ""group_smarts"": ""[cX3;r6;$([c]-[c;$([c]-[NH2])]);$([c]-[n;r6])]"",
      ""atom_specific_smarts"": ""[cX3;r6:1;$([c]-[c;$([c]-[NH2])]);$([c]-[n;r6])]"",
      ""description"": ""C5 of cytosine: ring sp2 carbon adjacent to C4 bearing –NH2 and adjacent to C6 (which is bonded to N1)."",
      ""uncertainty"": ""30""
    },
    {
      ""atom_type"": 338,
      ""element"": ""C"",
      ""chemical_environment"": ""Cytosine C6 ring sp2 carbon adjacent to N1 and C5 (which is adjacent to C4–NH2)"",
      ""functional_group"": ""pyrimidin-2-one (cytosine) ring"",
      ""hybridization"": ""sp2"",
      ""example_molecule_smiles"": ""O=c1[nH]cnc(N)n1"",
      ""group_smarts"": ""[cX3;r6;$([c]-[n;r6]);$([c]-[c;$([c]-[NH2])])]"",
      ""atom_specific_smarts"": ""[cX3;r6:1;$([c]-[n;r6]);$([c]-[c;$([c]-[NH2])])]"",
      ""description"": ""C6 of cytosine: ring sp2 carbon bonded to N1 and to C5 (which is alpha to the exocyclic amino at C4)."",
      ""uncertainty"": ""30""
    },
    {
      ""atom_type"": 347,
      ""element"": ""C"",
      ""chemical_environment"": ""Adenine C2 ring sp2 carbon flanked by two ring nitrogens (N1 and N3)"",
      ""functional_group"": ""purine (adenine) six-membered ring"",
      ""hybridization"": ""sp2"",
      ""example_molecule_smiles"": ""Nc1ncnc2ncnc12"",
      ""group_smarts"": ""[cX3;r6;$([c]-[n;r6]);$([c]-[n;r6])]"",
      ""atom_specific_smarts"": ""[cX3;r6:1;$([c]-[n;r6]);$([c]-[n;r6])]"",
      ""description"": ""C2 of adenine: six-membered ring carbon with two ring N neighbors (N1 and N3)."",
      ""uncertainty"": ""40""
    },
    {
      ""atom_type"": 349,
      ""element"": ""C"",
      ""chemical_environment"": ""Adenine C4 ring sp2 carbon adjacent to N3; not bonded to exocyclic substituents"",
      ""functional_group"": ""purine (adenine) six-membered ring"",
      ""hybridization"": ""sp2"",
      ""example_molecule_smiles"": ""Nc1ncnc2ncnc12"",
      ""group_smarts"": ""[cX3;r6;$([c]-[n;r6]);!$([c]-N)]"",
      ""atom_specific_smarts"": ""[cX3;r6:1;$([c]-[n;r6]);!$([c]-N)]"",
      ""description"": ""C4 of adenine: ring sp2 carbon adjacent to N3, not bearing an exocyclic amino or carbonyl."",
      ""uncertainty"": ""50""
    },
    {
      ""atom_type"": 350,
      ""element"": ""C"",
      ""chemical_environment"": ""Adenine C5 ring sp2 carbon between C4 (adjacent to N3) and C6 (bearing exocyclic –NH2)"",
      ""functional_group"": ""purine (adenine) six-membered ring"",
      ""hybridization"": ""sp2"",
      ""example_molecule_smiles"": ""Nc1ncnc2ncnc12"",
      ""group_smarts"": ""[cX3;r6;$([c]-[c;$([c]-N)])]"",
      ""atom_specific_smarts"": ""[cX3;r6:1;$([c]-[c;$([c]-N)])]"",
      ""description"": ""C5 of adenine: ring sp2 carbon adjacent to the C6 carbon that carries the exocyclic –NH2."",
      ""uncertainty"": ""50""
    },
    {
      ""atom_type"": 351,
      ""element"": ""C"",
      ""chemical_environment"": ""Adenine C6 ring sp2 carbon bound to an exocyclic amino group"",
      ""functional_group"": ""purine (adenine) exocyclic amine attachment site"",
      ""hybridization"": ""sp2"",
      ""example_molecule_smiles"": ""Nc1ncnc2ncnc12"",
      ""group_smarts"": ""[cX3;r6]-N"",
      ""atom_specific_smarts"": ""[cX3;r6:1]-N"",
      ""description"": ""C6 of adenine: ring sp2 carbon directly attached to –NH2."",
      ""uncertainty"": ""30""
    },
    {
      ""atom_type"": 353,
      ""element"": ""C"",
      ""chemical_environment"": ""Purine C8 (adenine/guanine) five-membered ring sp2 carbon adjacent to N7 and fused to six-membered ring"",
      ""functional_group"": ""purine imidazole ring (fused five-membered ring)"",
      ""hybridization"": ""sp2"",
      ""example_molecule_smiles"": ""Nc1ncnc2ncnc12"",
      ""group_smarts"": ""[cX3;r5;$([c]-[n;r5]);$([c]-[c;r6])]"",
      ""atom_specific_smarts"": ""[cX3;r5:1;$([c]-[n;r5]);$([c]-[c;r6])]"",
      ""description"": ""C8 of purines: sp2 carbon in the five-membered ring adjacent to N7 and fused to the six-membered ring."",
      ""uncertainty"": ""40""
    },
    {
      ""atom_type"": 362,
      ""element"": ""C"",
      ""chemical_environment"": ""Guanine C2 ring sp2 carbon bearing an exocyclic amino group and flanked by two ring nitrogens"",
      ""functional_group"": ""purine (guanine) six-membered ring, C2–NH2"",
      ""hybridization"": ""sp2"",
      ""example_molecule_smiles"": ""O=c1[nH]c2ncnc(N)c2[nH]1"",
      ""group_smarts"": ""[cX3;r6](-N)(-[n;r6])-[n;r6]"",
      ""atom_specific_smarts"": ""[cX3;r6:1](-N)(-[n;r6])-[n;r6]"",
      ""description"": ""C2 of guanine: ring sp2 carbon with exocyclic –NH2, bonded to both N1 and N3 in the ring."",
      ""uncertainty"": ""30""
    },
    {
      ""atom_type"": 364,
      ""element"": ""C"",
      ""chemical_environment"": ""Guanine C4 ring sp2 carbon adjacent to N3; not directly attached to exocyclic groups"",
      ""functional_group"": ""purine (guanine) six-membered ring"",
      ""hybridization"": ""sp2"",
      ""example_molecule_smiles"": ""O=c1[nH]c2ncnc(N)c2[nH]1"",
      ""group_smarts"": ""[cX3;r6;$([c]-[n;r6]);!$([c]-N);!$([c]-C(=O))]"",
      ""atom_specific_smarts"": ""[cX3;r6:1;$([c]-[n;r6]);!$([c]-N);!$([c]-C(=O))]"",
      ""description"": ""C4 of guanine: ring sp2 carbon next to N3, not bonded to exocyclic amine or carbonyl."",
      ""uncertainty"": ""45""
    },
    {
      ""atom_type"": 365,
      ""element"": ""C"",
      ""chemical_environment"": ""Guanine C5 ring sp2 carbon adjacent to the C6 carbonyl carbon"",
      ""functional_group"": ""purine (guanine) six-membered ring"",
      ""hybridization"": ""sp2"",
      ""example_molecule_smiles"": ""O=c1[nH]c2ncnc(N)c2[nH]1"",
      ""group_smarts"": ""[cX3;r6]-[C;r6](=O)"",
      ""atom_specific_smarts"": ""[cX3;r6:1]-[C;r6](=O)"",
      ""description"": ""C5 of guanine: ring sp2 carbon alpha to the C6(=O) carbonyl."",
      ""uncertainty"": ""30""
    },
    {
      ""atom_type"": 366,
      ""element"": ""C"",
      ""chemical_environment"": ""Guanine C6 carbonyl carbon (conjugated to ring N1)"",
      ""functional_group"": ""purine ring amide-like carbonyl"",
      ""hybridization"": ""sp2"",
      ""example_molecule_smiles"": ""O=c1[nH]c2ncnc(N)c2[nH]1"",
      ""group_smarts"": ""[C;X3;r6](=O)-[n;r6]"",
      ""atom_specific_smarts"": ""[C;X3;r6:1](=O)-[n;r6]"",
      ""description"": ""Carbonyl carbon at C6 of guanine conjugated into the purine ring."",
      ""uncertainty"": ""20""
    },
    {
      ""atom_type"": 371,
      ""element"": ""C"",
      ""chemical_environment"": ""Methyl carbon attached to N9 of a purine (adenine or guanine) imidazole nitrogen"",
      ""functional_group"": ""N-alkylated purine (N9-alkyl)"",
      ""hybridization"": ""sp3"",
      ""example_molecule_smiles"": ""Cn1c2ncnc(N)c2n1"",
      ""group_smarts"": ""[CH3X4:1]-[nX2;r5]"",
      ""atom_specific_smarts"": ""[CH3X4:1]-[nX2;r5]"",
      ""description"": ""Aliphatic methyl carbon bound to the ring imidazole nitrogen (N9) of a purine."",
      ""uncertainty"": ""40""
    },
    {
      ""atom_type"": 373,
      ""element"": ""C"",
      ""chemical_environment"": ""Methyl carbon attached to N1 of a pyrimidine (uracil or thymine)"",
      ""functional_group"": ""N-alkylated pyrimidine (N1-alkyl)"",
      ""hybridization"": ""sp3"",
      ""example_molecule_smiles"": ""O=C1n(C)cc(=O)[nH]1"",
      ""group_smarts"": ""[CH3X4:1]-[nX2;r6]-[c;r6]-C(=O)"",
      ""atom_specific_smarts"": ""[CH3X4:1]-[nX2;r6]-[c;r6]-C(=O)"",
      ""description"": ""Methyl carbon bound to N1 of a 1,3-dione pyrimidine ring (U/T)."",
      ""uncertainty"": ""35""
    },
    {
      ""atom_type"": 375,
      ""element"": ""C"",
      ""chemical_environment"": ""Methyl carbon attached to N1 of cytosine (pyrimidin-2-one)"",
      ""functional_group"": ""N-alkylated cytosine (N1-alkyl)"",
      ""hybridization"": ""sp3"",
      ""example_molecule_smiles"": ""O=c1n(C)cnc(N)n1"",
      ""group_smarts"": ""[CH3X4:1]-[nX2;r6]-[c;r6]-C(=O)"",
      ""atom_specific_smarts"": ""[CH3X4:1]-[nX2;r6]-[c;r6]-C(=O)"",
      ""description"": ""Methyl carbon bound to N1 of cytosine (adjacent ring carbon is C2=O)."",
      ""uncertainty"": ""35""
    },
    {
      ""atom_type"": 378,
      ""element"": ""C"",
      ""chemical_environment"": ""Cytosine C2 carbonyl carbon in protonated cytosine (CytH+), adjacent to a protonated ring nitrogen"",
      ""functional_group"": ""protonated pyrimidin-2-one (cytosinium)"",
      ""hybridization"": ""sp2"",
      ""example_molecule_smiles"": ""O=c1[nH+]cnc(N)n1"",
      ""group_smarts"": ""[C;X3;r6](=O)(-[n;r6])-[nH+;r6]"",
      ""atom_specific_smarts"": ""[C;X3;r6:1](=O)(-[n;r6])-[nH+;r6]"",
      ""description"": ""C2 carbonyl carbon of cytosine when N3 is protonated (cytosinium)."",
      ""uncertainty"": ""35""
    }
  ]
}"
347,0.22,C  - CQ   | Adenine C2,12.011,oplsaa2024.lt,C,6,"Convert the following OPLS-AA atom type rows:

Atom Type Data:
- Atom index: 323
- Force field raw info: C  - CM   | Uracil C5
- Partial charge: -0.07
- Atomic mass: 12.011
- Element guess: C
- Atomic number: 6
- Source file: oplsaa2024.lt


Atom Type Data:
- Atom index: 324
- Force field raw info: C  - CM   | Uracil C6
- Partial charge: 0.08
- Atomic mass: 12.011
- Element guess: C
- Atomic number: 6
- Source file: oplsaa2024.lt


Atom Type Data:
- Atom index: 331
- Force field raw info: C  - CT   | Thymine C-C5
- Partial charge: -0.14
- Atomic mass: 12.011
- Element guess: C
- Atomic number: 6
- Source file: oplsaa2024.lt


Atom Type Data:
- Atom index: 334
- Force field raw info: C  - C~   | Cytosine C2
- Partial charge: 0.55
- Atomic mass: 12.011
- Element guess: C
- Atomic number: 6
- Source file: oplsaa2024.lt


Atom Type Data:
- Atom index: 336
- Force field raw info: C  - CA   | Cytosine C4 Nucleotide base
- Partial charge: 0.46
- Atomic mass: 12.011
- Element guess: C
- Atomic number: 6
- Source file: oplsaa2024.lt


Atom Type Data:
- Atom index: 337
- Force field raw info: C  - CM   | Cytosine C5 parameters:
- Partial charge: -0.06
- Atomic mass: 12.011
- Element guess: C
- Atomic number: 6
- Source file: oplsaa2024.lt


Atom Type Data:
- Atom index: 338
- Force field raw info: C  - CM   | Cytosine C6 JACS,113,2810(1991)
- Partial charge: 0.1
- Atomic mass: 12.011
- Element guess: C
- Atomic number: 6
- Source file: oplsaa2024.lt


Atom Type Data:
- Atom index: 347
- Force field raw info: C  - CQ   | Adenine C2
- Partial charge: 0.22
- Atomic mass: 12.011
- Element guess: C
- Atomic number: 6
- Source file: oplsaa2024.lt


Atom Type Data:
- Atom index: 349
- Force field raw info: C  - CB   | Adenine C4
- Partial charge: 0.38
- Atomic mass: 12.011
- Element guess: C
- Atomic number: 6
- Source file: oplsaa2024.lt


Atom Type Data:
- Atom index: 350
- Force field raw info: C  - CB   | Adenine C5
- Partial charge: 0.15
- Atomic mass: 12.011
- Element guess: C
- Atomic number: 6
- Source file: oplsaa2024.lt


Atom Type Data:
- Atom index: 351
- Force field raw info: C  - CA   | Adenine C6
- Partial charge: 0.44
- Atomic mass: 12.011
- Element guess: C
- Atomic number: 6
- Source file: oplsaa2024.lt


Atom Type Data:
- Atom index: 353
- Force field raw info: C  - CR   | Adenine C8 Guanine
- Partial charge: 0.2
- Atomic mass: 12.011
- Element guess: C
- Atomic number: 6
- Source file: oplsaa2024.lt


Atom Type Data:
- Atom index: 362
- Force field raw info: C  - CA   | Guanine C2
- Partial charge: 0.46
- Atomic mass: 12.011
- Element guess: C
- Atomic number: 6
- Source file: oplsaa2024.lt


Atom Type Data:
- Atom index: 364
- Force field raw info: C  - CB   | Guanine C4
- Partial charge: 0.34
- Atomic mass: 12.011
- Element guess: C
- Atomic number: 6
- Source file: oplsaa2024.lt


Atom Type Data:
- Atom index: 365
- Force field raw info: C  - CB   | Guanine C5
- Partial charge: 0.12
- Atomic mass: 12.011
- Element guess: C
- Atomic number: 6
- Source file: oplsaa2024.lt


Atom Type Data:
- Atom index: 366
- Force field raw info: C  - C~   | Guanine C6
- Partial charge: 0.52
- Atomic mass: 12.011
- Element guess: C
- Atomic number: 6
- Source file: oplsaa2024.lt


Atom Type Data:
- Atom index: 371
- Force field raw info: C  - CT   | 9-Me A or G C-N9
- Partial charge: -0.01
- Atomic mass: 12.011
- Element guess: C
- Atomic number: 6
- Source file: oplsaa2024.lt


Atom Type Data:
- Atom index: 373
- Force field raw info: C  - CT   | 1-Me U or T C-N1
- Partial charge: -0.01
- Atomic mass: 12.011
- Element guess: C
- Atomic number: 6
- Source file: oplsaa2024.lt


Atom Type Data:
- Atom index: 375
- Force field raw info: C  - CT   | 1-Me Cytosine C-N1
- Partial charge: -0.01
- Atomic mass: 12.011
- Element guess: C
- Atomic number: 6
- Source file: oplsaa2024.lt


Atom Type Data:
- Atom index: 378
- Force field raw info: C  - C~   | CytH+ C2
- Partial charge: 0.65
- Atomic mass: 12.011
- Element guess: C
- Atomic number: 6
- Source file: oplsaa2024.lt
","{
  ""atoms"": [
    {
      ""atom_type"": 323,
      ""element"": ""C"",
      ""chemical_environment"": ""Uracil ring C5 (pyrimidine-2,4-dione): sp2 vinylic/aromatic carbon between C4(=O) and C6"",
      ""functional_group"": ""pyrimidine-2,4-dione (uracil) ring"",
      ""hybridization"": ""sp2"",
      ""example_molecule_smiles"": ""O=c1[nH]cc(=O)[nH]1"",
      ""group_smarts"": ""[cX3;r6;$([c]-C(=O));$([c]-[c]-[nH])]"",
      ""atom_specific_smarts"": ""[cX3;r6:1;$([c]-C(=O));$([c]-[c]-[nH])]"",
      ""description"": ""C5 of uracil: ring sp2 carbon adjacent to a carbonyl carbon (C4) and to C6 which is bonded to N1([nH])."",
      ""uncertainty"": ""25""
    },
    {
      ""atom_type"": 324,
      ""element"": ""C"",
      ""chemical_environment"": ""Uracil ring C6: sp2 vinylic/aromatic carbon adjacent to N1([nH]) and C5"",
      ""functional_group"": ""pyrimidine-2,4-dione (uracil) ring"",
      ""hybridization"": ""sp2"",
      ""example_molecule_smiles"": ""O=c1[nH]cc(=O)[nH]1"",
      ""group_smarts"": ""[cX3;r6;$([c]-[nH]);$([c]-[c]-C(=O))]"",
      ""atom_specific_smarts"": ""[cX3;r6:1;$([c]-[nH]);$([c]-[c]-C(=O))]"",
      ""description"": ""C6 of uracil: ring sp2 carbon bonded to N1([nH]) and to C5 which is adjacent to a carbonyl."",
      ""uncertainty"": ""25""
    },
    {
      ""atom_type"": 331,
      ""element"": ""C"",
      ""chemical_environment"": ""Thymine 5-methyl carbon attached to ring C5 (aliphatic sp3)"",
      ""functional_group"": ""5-methyluracil (thymine) substituent"",
      ""hybridization"": ""sp3"",
      ""example_molecule_smiles"": ""O=c1[nH]c(C)c(=O)[nH]1"",
      ""group_smarts"": ""[CH3X4]-[c;r6;$([c]-C(=O))]"",
      ""atom_specific_smarts"": ""O=C1[nH]c([CH3X4:1])c(=O)[nH]1"",
      ""description"": ""Methyl carbon directly bonded to the uracil/thymine C5 ring carbon."",
      ""uncertainty"": ""20""
    },
    {
      ""atom_type"": 334,
      ""element"": ""C"",
      ""chemical_environment"": ""Cytosine C2 carbonyl carbon within pyrimidin-2-one (between two ring nitrogens)"",
      ""functional_group"": ""pyrimidin-2-one (cytosine) ring carbonyl"",
      ""hybridization"": ""sp2"",
      ""example_molecule_smiles"": ""O=c1[nH]cnc(N)n1"",
      ""group_smarts"": ""[C;X3;r6](=O)(-[n;r6])-[n;r6]"",
      ""atom_specific_smarts"": ""[C;X3;r6:1](=O)(-[n;r6])-[n;r6]"",
      ""description"": ""Carbonyl carbon at C2 of cytosine conjugated to two ring nitrogens (N1 and N3)."",
      ""uncertainty"": ""20""
    },
    {
      ""atom_type"": 336,
      ""element"": ""C"",
      ""chemical_environment"": ""Cytosine C4 ring carbon bearing an exocyclic amino substituent"",
      ""functional_group"": ""pyrimidin-2-one (cytosine) ring, C4–NH2"",
      ""hybridization"": ""sp2"",
      ""example_molecule_smiles"": ""O=c1[nH]cnc(N)n1"",
      ""group_smarts"": ""[cX3;r6;$([c]-[NH2]);$([c]-[n;r6])]"",
      ""atom_specific_smarts"": ""[cX3;r6:1;$([c]-[NH2]);$([c]-[n;r6])]"",
      ""description"": ""C4 of cytosine: sp2 ring carbon bonded to exocyclic –NH2 and to N3 in the ring."",
      ""uncertainty"": ""25""
    },
    {
      ""atom_type"": 337,
      ""element"": ""C"",
      ""chemical_environment"": ""Cytosine C5 ring sp2 carbon between C4(–NH2) and C6"",
      ""functional_group"": ""pyrimidin-2-one (cytosine) ring"",
      ""hybridization"": ""sp2"",
      ""example_molecule_smiles"": ""O=c1[nH]cnc(N)n1"",
      ""group_smarts"": ""[cX3;r6;$([c]-[c;$([c]-[NH2])]);$([c]-[n;r6])]"",
      ""atom_specific_smarts"": ""[cX3;r6:1;$([c]-[c;$([c]-[NH2])]);$([c]-[n;r6])]"",
      ""description"": ""C5 of cytosine: ring sp2 carbon adjacent to C4 bearing –NH2 and adjacent to C6 (which is bonded to N1)."",
      ""uncertainty"": ""30""
    },
    {
      ""atom_type"": 338,
      ""element"": ""C"",
      ""chemical_environment"": ""Cytosine C6 ring sp2 carbon adjacent to N1 and C5 (which is adjacent to C4–NH2)"",
      ""functional_group"": ""pyrimidin-2-one (cytosine) ring"",
      ""hybridization"": ""sp2"",
      ""example_molecule_smiles"": ""O=c1[nH]cnc(N)n1"",
      ""group_smarts"": ""[cX3;r6;$([c]-[n;r6]);$([c]-[c;$([c]-[NH2])])]"",
      ""atom_specific_smarts"": ""[cX3;r6:1;$([c]-[n;r6]);$([c]-[c;$([c]-[NH2])])]"",
      ""description"": ""C6 of cytosine: ring sp2 carbon bonded to N1 and to C5 (which is alpha to the exocyclic amino at C4)."",
      ""uncertainty"": ""30""
    },
    {
      ""atom_type"": 347,
      ""element"": ""C"",
      ""chemical_environment"": ""Adenine C2 ring sp2 carbon flanked by two ring nitrogens (N1 and N3)"",
      ""functional_group"": ""purine (adenine) six-membered ring"",
      ""hybridization"": ""sp2"",
      ""example_molecule_smiles"": ""Nc1ncnc2ncnc12"",
      ""group_smarts"": ""[cX3;r6;$([c]-[n;r6]);$([c]-[n;r6])]"",
      ""atom_specific_smarts"": ""[cX3;r6:1;$([c]-[n;r6]);$([c]-[n;r6])]"",
      ""description"": ""C2 of adenine: six-membered ring carbon with two ring N neighbors (N1 and N3)."",
      ""uncertainty"": ""40""
    },
    {
      ""atom_type"": 349,
      ""element"": ""C"",
      ""chemical_environment"": ""Adenine C4 ring sp2 carbon adjacent to N3; not bonded to exocyclic substituents"",
      ""functional_group"": ""purine (adenine) six-membered ring"",
      ""hybridization"": ""sp2"",
      ""example_molecule_smiles"": ""Nc1ncnc2ncnc12"",
      ""group_smarts"": ""[cX3;r6;$([c]-[n;r6]);!$([c]-N)]"",
      ""atom_specific_smarts"": ""[cX3;r6:1;$([c]-[n;r6]);!$([c]-N)]"",
      ""description"": ""C4 of adenine: ring sp2 carbon adjacent to N3, not bearing an exocyclic amino or carbonyl."",
      ""uncertainty"": ""50""
    },
    {
      ""atom_type"": 350,
      ""element"": ""C"",
      ""chemical_environment"": ""Adenine C5 ring sp2 carbon between C4 (adjacent to N3) and C6 (bearing exocyclic –NH2)"",
      ""functional_group"": ""purine (adenine) six-membered ring"",
      ""hybridization"": ""sp2"",
      ""example_molecule_smiles"": ""Nc1ncnc2ncnc12"",
      ""group_smarts"": ""[cX3;r6;$([c]-[c;$([c]-N)])]"",
      ""atom_specific_smarts"": ""[cX3;r6:1;$([c]-[c;$([c]-N)])]"",
      ""description"": ""C5 of adenine: ring sp2 carbon adjacent to the C6 carbon that carries the exocyclic –NH2."",
      ""uncertainty"": ""50""
    },
    {
      ""atom_type"": 351,
      ""element"": ""C"",
      ""chemical_environment"": ""Adenine C6 ring sp2 carbon bound to an exocyclic amino group"",
      ""functional_group"": ""purine (adenine) exocyclic amine attachment site"",
      ""hybridization"": ""sp2"",
      ""example_molecule_smiles"": ""Nc1ncnc2ncnc12"",
      ""group_smarts"": ""[cX3;r6]-N"",
      ""atom_specific_smarts"": ""[cX3;r6:1]-N"",
      ""description"": ""C6 of adenine: ring sp2 carbon directly attached to –NH2."",
      ""uncertainty"": ""30""
    },
    {
      ""atom_type"": 353,
      ""element"": ""C"",
      ""chemical_environment"": ""Purine C8 (adenine/guanine) five-membered ring sp2 carbon adjacent to N7 and fused to six-membered ring"",
      ""functional_group"": ""purine imidazole ring (fused five-membered ring)"",
      ""hybridization"": ""sp2"",
      ""example_molecule_smiles"": ""Nc1ncnc2ncnc12"",
      ""group_smarts"": ""[cX3;r5;$([c]-[n;r5]);$([c]-[c;r6])]"",
      ""atom_specific_smarts"": ""[cX3;r5:1;$([c]-[n;r5]);$([c]-[c;r6])]"",
      ""description"": ""C8 of purines: sp2 carbon in the five-membered ring adjacent to N7 and fused to the six-membered ring."",
      ""uncertainty"": ""40""
    },
    {
      ""atom_type"": 362,
      ""element"": ""C"",
      ""chemical_environment"": ""Guanine C2 ring sp2 carbon bearing an exocyclic amino group and flanked by two ring nitrogens"",
      ""functional_group"": ""purine (guanine) six-membered ring, C2–NH2"",
      ""hybridization"": ""sp2"",
      ""example_molecule_smiles"": ""O=c1[nH]c2ncnc(N)c2[nH]1"",
      ""group_smarts"": ""[cX3;r6](-N)(-[n;r6])-[n;r6]"",
      ""atom_specific_smarts"": ""[cX3;r6:1](-N)(-[n;r6])-[n;r6]"",
      ""description"": ""C2 of guanine: ring sp2 carbon with exocyclic –NH2, bonded to both N1 and N3 in the ring."",
      ""uncertainty"": ""30""
    },
    {
      ""atom_type"": 364,
      ""element"": ""C"",
      ""chemical_environment"": ""Guanine C4 ring sp2 carbon adjacent to N3; not directly attached to exocyclic groups"",
      ""functional_group"": ""purine (guanine) six-membered ring"",
      ""hybridization"": ""sp2"",
      ""example_molecule_smiles"": ""O=c1[nH]c2ncnc(N)c2[nH]1"",
      ""group_smarts"": ""[cX3;r6;$([c]-[n;r6]);!$([c]-N);!$([c]-C(=O))]"",
      ""atom_specific_smarts"": ""[cX3;r6:1;$([c]-[n;r6]);!$([c]-N);!$([c]-C(=O))]"",
      ""description"": ""C4 of guanine: ring sp2 carbon next to N3, not bonded to exocyclic amine or carbonyl."",
      ""uncertainty"": ""45""
    },
    {
      ""atom_type"": 365,
      ""element"": ""C"",
      ""chemical_environment"": ""Guanine C5 ring sp2 carbon adjacent to the C6 carbonyl carbon"",
      ""functional_group"": ""purine (guanine) six-membered ring"",
      ""hybridization"": ""sp2"",
      ""example_molecule_smiles"": ""O=c1[nH]c2ncnc(N)c2[nH]1"",
      ""group_smarts"": ""[cX3;r6]-[C;r6](=O)"",
      ""atom_specific_smarts"": ""[cX3;r6:1]-[C;r6](=O)"",
      ""description"": ""C5 of guanine: ring sp2 carbon alpha to the C6(=O) carbonyl."",
      ""uncertainty"": ""30""
    },
    {
      ""atom_type"": 366,
      ""element"": ""C"",
      ""chemical_environment"": ""Guanine C6 carbonyl carbon (conjugated to ring N1)"",
      ""functional_group"": ""purine ring amide-like carbonyl"",
      ""hybridization"": ""sp2"",
      ""example_molecule_smiles"": ""O=c1[nH]c2ncnc(N)c2[nH]1"",
      ""group_smarts"": ""[C;X3;r6](=O)-[n;r6]"",
      ""atom_specific_smarts"": ""[C;X3;r6:1](=O)-[n;r6]"",
      ""description"": ""Carbonyl carbon at C6 of guanine conjugated into the purine ring."",
      ""uncertainty"": ""20""
    },
    {
      ""atom_type"": 371,
      ""element"": ""C"",
      ""chemical_environment"": ""Methyl carbon attached to N9 of a purine (adenine or guanine) imidazole nitrogen"",
      ""functional_group"": ""N-alkylated purine (N9-alkyl)"",
      ""hybridization"": ""sp3"",
      ""example_molecule_smiles"": ""Cn1c2ncnc(N)c2n1"",
      ""group_smarts"": ""[CH3X4:1]-[nX2;r5]"",
      ""atom_specific_smarts"": ""[CH3X4:1]-[nX2;r5]"",
      ""description"": ""Aliphatic methyl carbon bound to the ring imidazole nitrogen (N9) of a purine."",
      ""uncertainty"": ""40""
    },
    {
      ""atom_type"": 373,
      ""element"": ""C"",
      ""chemical_environment"": ""Methyl carbon attached to N1 of a pyrimidine (uracil or thymine)"",
      ""functional_group"": ""N-alkylated pyrimidine (N1-alkyl)"",
      ""hybridization"": ""sp3"",
      ""example_molecule_smiles"": ""O=C1n(C)cc(=O)[nH]1"",
      ""group_smarts"": ""[CH3X4:1]-[nX2;r6]-[c;r6]-C(=O)"",
      ""atom_specific_smarts"": ""[CH3X4:1]-[nX2;r6]-[c;r6]-C(=O)"",
      ""description"": ""Methyl carbon bound to N1 of a 1,3-dione pyrimidine ring (U/T)."",
      ""uncertainty"": ""35""
    },
    {
      ""atom_type"": 375,
      ""element"": ""C"",
      ""chemical_environment"": ""Methyl carbon attached to N1 of cytosine (pyrimidin-2-one)"",
      ""functional_group"": ""N-alkylated cytosine (N1-alkyl)"",
      ""hybridization"": ""sp3"",
      ""example_molecule_smiles"": ""O=c1n(C)cnc(N)n1"",
      ""group_smarts"": ""[CH3X4:1]-[nX2;r6]-[c;r6]-C(=O)"",
      ""atom_specific_smarts"": ""[CH3X4:1]-[nX2;r6]-[c;r6]-C(=O)"",
      ""description"": ""Methyl carbon bound to N1 of cytosine (adjacent ring carbon is C2=O)."",
      ""uncertainty"": ""35""
    },
    {
      ""atom_type"": 378,
      ""element"": ""C"",
      ""chemical_environment"": ""Cytosine C2 carbonyl carbon in protonated cytosine (CytH+), adjacent to a protonated ring nitrogen"",
      ""functional_group"": ""protonated pyrimidin-2-one (cytosinium)"",
      ""hybridization"": ""sp2"",
      ""example_molecule_smiles"": ""O=c1[nH+]cnc(N)n1"",
      ""group_smarts"": ""[C;X3;r6](=O)(-[n;r6])-[nH+;r6]"",
      ""atom_specific_smarts"": ""[C;X3;r6:1](=O)(-[n;r6])-[nH+;r6]"",
      ""description"": ""C2 carbonyl carbon of cytosine when N3 is protonated (cytosinium)."",
      ""uncertainty"": ""35""
    }
  ]
}"
349,0.38,C  - CB   | Adenine C4,12.011,oplsaa2024.lt,C,6,"Convert the following OPLS-AA atom type rows:

Atom Type Data:
- Atom index: 323
- Force field raw info: C  - CM   | Uracil C5
- Partial charge: -0.07
- Atomic mass: 12.011
- Element guess: C
- Atomic number: 6
- Source file: oplsaa2024.lt


Atom Type Data:
- Atom index: 324
- Force field raw info: C  - CM   | Uracil C6
- Partial charge: 0.08
- Atomic mass: 12.011
- Element guess: C
- Atomic number: 6
- Source file: oplsaa2024.lt


Atom Type Data:
- Atom index: 331
- Force field raw info: C  - CT   | Thymine C-C5
- Partial charge: -0.14
- Atomic mass: 12.011
- Element guess: C
- Atomic number: 6
- Source file: oplsaa2024.lt


Atom Type Data:
- Atom index: 334
- Force field raw info: C  - C~   | Cytosine C2
- Partial charge: 0.55
- Atomic mass: 12.011
- Element guess: C
- Atomic number: 6
- Source file: oplsaa2024.lt


Atom Type Data:
- Atom index: 336
- Force field raw info: C  - CA   | Cytosine C4 Nucleotide base
- Partial charge: 0.46
- Atomic mass: 12.011
- Element guess: C
- Atomic number: 6
- Source file: oplsaa2024.lt


Atom Type Data:
- Atom index: 337
- Force field raw info: C  - CM   | Cytosine C5 parameters:
- Partial charge: -0.06
- Atomic mass: 12.011
- Element guess: C
- Atomic number: 6
- Source file: oplsaa2024.lt


Atom Type Data:
- Atom index: 338
- Force field raw info: C  - CM   | Cytosine C6 JACS,113,2810(1991)
- Partial charge: 0.1
- Atomic mass: 12.011
- Element guess: C
- Atomic number: 6
- Source file: oplsaa2024.lt


Atom Type Data:
- Atom index: 347
- Force field raw info: C  - CQ   | Adenine C2
- Partial charge: 0.22
- Atomic mass: 12.011
- Element guess: C
- Atomic number: 6
- Source file: oplsaa2024.lt


Atom Type Data:
- Atom index: 349
- Force field raw info: C  - CB   | Adenine C4
- Partial charge: 0.38
- Atomic mass: 12.011
- Element guess: C
- Atomic number: 6
- Source file: oplsaa2024.lt


Atom Type Data:
- Atom index: 350
- Force field raw info: C  - CB   | Adenine C5
- Partial charge: 0.15
- Atomic mass: 12.011
- Element guess: C
- Atomic number: 6
- Source file: oplsaa2024.lt


Atom Type Data:
- Atom index: 351
- Force field raw info: C  - CA   | Adenine C6
- Partial charge: 0.44
- Atomic mass: 12.011
- Element guess: C
- Atomic number: 6
- Source file: oplsaa2024.lt


Atom Type Data:
- Atom index: 353
- Force field raw info: C  - CR   | Adenine C8 Guanine
- Partial charge: 0.2
- Atomic mass: 12.011
- Element guess: C
- Atomic number: 6
- Source file: oplsaa2024.lt


Atom Type Data:
- Atom index: 362
- Force field raw info: C  - CA   | Guanine C2
- Partial charge: 0.46
- Atomic mass: 12.011
- Element guess: C
- Atomic number: 6
- Source file: oplsaa2024.lt


Atom Type Data:
- Atom index: 364
- Force field raw info: C  - CB   | Guanine C4
- Partial charge: 0.34
- Atomic mass: 12.011
- Element guess: C
- Atomic number: 6
- Source file: oplsaa2024.lt


Atom Type Data:
- Atom index: 365
- Force field raw info: C  - CB   | Guanine C5
- Partial charge: 0.12
- Atomic mass: 12.011
- Element guess: C
- Atomic number: 6
- Source file: oplsaa2024.lt


Atom Type Data:
- Atom index: 366
- Force field raw info: C  - C~   | Guanine C6
- Partial charge: 0.52
- Atomic mass: 12.011
- Element guess: C
- Atomic number: 6
- Source file: oplsaa2024.lt


Atom Type Data:
- Atom index: 371
- Force field raw info: C  - CT   | 9-Me A or G C-N9
- Partial charge: -0.01
- Atomic mass: 12.011
- Element guess: C
- Atomic number: 6
- Source file: oplsaa2024.lt


Atom Type Data:
- Atom index: 373
- Force field raw info: C  - CT   | 1-Me U or T C-N1
- Partial charge: -0.01
- Atomic mass: 12.011
- Element guess: C
- Atomic number: 6
- Source file: oplsaa2024.lt


Atom Type Data:
- Atom index: 375
- Force field raw info: C  - CT   | 1-Me Cytosine C-N1
- Partial charge: -0.01
- Atomic mass: 12.011
- Element guess: C
- Atomic number: 6
- Source file: oplsaa2024.lt


Atom Type Data:
- Atom index: 378
- Force field raw info: C  - C~   | CytH+ C2
- Partial charge: 0.65
- Atomic mass: 12.011
- Element guess: C
- Atomic number: 6
- Source file: oplsaa2024.lt
","{
  ""atoms"": [
    {
      ""atom_type"": 323,
      ""element"": ""C"",
      ""chemical_environment"": ""Uracil ring C5 (pyrimidine-2,4-dione): sp2 vinylic/aromatic carbon between C4(=O) and C6"",
      ""functional_group"": ""pyrimidine-2,4-dione (uracil) ring"",
      ""hybridization"": ""sp2"",
      ""example_molecule_smiles"": ""O=c1[nH]cc(=O)[nH]1"",
      ""group_smarts"": ""[cX3;r6;$([c]-C(=O));$([c]-[c]-[nH])]"",
      ""atom_specific_smarts"": ""[cX3;r6:1;$([c]-C(=O));$([c]-[c]-[nH])]"",
      ""description"": ""C5 of uracil: ring sp2 carbon adjacent to a carbonyl carbon (C4) and to C6 which is bonded to N1([nH])."",
      ""uncertainty"": ""25""
    },
    {
      ""atom_type"": 324,
      ""element"": ""C"",
      ""chemical_environment"": ""Uracil ring C6: sp2 vinylic/aromatic carbon adjacent to N1([nH]) and C5"",
      ""functional_group"": ""pyrimidine-2,4-dione (uracil) ring"",
      ""hybridization"": ""sp2"",
      ""example_molecule_smiles"": ""O=c1[nH]cc(=O)[nH]1"",
      ""group_smarts"": ""[cX3;r6;$([c]-[nH]);$([c]-[c]-C(=O))]"",
      ""atom_specific_smarts"": ""[cX3;r6:1;$([c]-[nH]);$([c]-[c]-C(=O))]"",
      ""description"": ""C6 of uracil: ring sp2 carbon bonded to N1([nH]) and to C5 which is adjacent to a carbonyl."",
      ""uncertainty"": ""25""
    },
    {
      ""atom_type"": 331,
      ""element"": ""C"",
      ""chemical_environment"": ""Thymine 5-methyl carbon attached to ring C5 (aliphatic sp3)"",
      ""functional_group"": ""5-methyluracil (thymine) substituent"",
      ""hybridization"": ""sp3"",
      ""example_molecule_smiles"": ""O=c1[nH]c(C)c(=O)[nH]1"",
      ""group_smarts"": ""[CH3X4]-[c;r6;$([c]-C(=O))]"",
      ""atom_specific_smarts"": ""O=C1[nH]c([CH3X4:1])c(=O)[nH]1"",
      ""description"": ""Methyl carbon directly bonded to the uracil/thymine C5 ring carbon."",
      ""uncertainty"": ""20""
    },
    {
      ""atom_type"": 334,
      ""element"": ""C"",
      ""chemical_environment"": ""Cytosine C2 carbonyl carbon within pyrimidin-2-one (between two ring nitrogens)"",
      ""functional_group"": ""pyrimidin-2-one (cytosine) ring carbonyl"",
      ""hybridization"": ""sp2"",
      ""example_molecule_smiles"": ""O=c1[nH]cnc(N)n1"",
      ""group_smarts"": ""[C;X3;r6](=O)(-[n;r6])-[n;r6]"",
      ""atom_specific_smarts"": ""[C;X3;r6:1](=O)(-[n;r6])-[n;r6]"",
      ""description"": ""Carbonyl carbon at C2 of cytosine conjugated to two ring nitrogens (N1 and N3)."",
      ""uncertainty"": ""20""
    },
    {
      ""atom_type"": 336,
      ""element"": ""C"",
      ""chemical_environment"": ""Cytosine C4 ring carbon bearing an exocyclic amino substituent"",
      ""functional_group"": ""pyrimidin-2-one (cytosine) ring, C4–NH2"",
      ""hybridization"": ""sp2"",
      ""example_molecule_smiles"": ""O=c1[nH]cnc(N)n1"",
      ""group_smarts"": ""[cX3;r6;$([c]-[NH2]);$([c]-[n;r6])]"",
      ""atom_specific_smarts"": ""[cX3;r6:1;$([c]-[NH2]);$([c]-[n;r6])]"",
      ""description"": ""C4 of cytosine: sp2 ring carbon bonded to exocyclic –NH2 and to N3 in the ring."",
      ""uncertainty"": ""25""
    },
    {
      ""atom_type"": 337,
      ""element"": ""C"",
      ""chemical_environment"": ""Cytosine C5 ring sp2 carbon between C4(–NH2) and C6"",
      ""functional_group"": ""pyrimidin-2-one (cytosine) ring"",
      ""hybridization"": ""sp2"",
      ""example_molecule_smiles"": ""O=c1[nH]cnc(N)n1"",
      ""group_smarts"": ""[cX3;r6;$([c]-[c;$([c]-[NH2])]);$([c]-[n;r6])]"",
      ""atom_specific_smarts"": ""[cX3;r6:1;$([c]-[c;$([c]-[NH2])]);$([c]-[n;r6])]"",
      ""description"": ""C5 of cytosine: ring sp2 carbon adjacent to C4 bearing –NH2 and adjacent to C6 (which is bonded to N1)."",
      ""uncertainty"": ""30""
    },
    {
      ""atom_type"": 338,
      ""element"": ""C"",
      ""chemical_environment"": ""Cytosine C6 ring sp2 carbon adjacent to N1 and C5 (which is adjacent to C4–NH2)"",
      ""functional_group"": ""pyrimidin-2-one (cytosine) ring"",
      ""hybridization"": ""sp2"",
      ""example_molecule_smiles"": ""O=c1[nH]cnc(N)n1"",
      ""group_smarts"": ""[cX3;r6;$([c]-[n;r6]);$([c]-[c;$([c]-[NH2])])]"",
      ""atom_specific_smarts"": ""[cX3;r6:1;$([c]-[n;r6]);$([c]-[c;$([c]-[NH2])])]"",
      ""description"": ""C6 of cytosine: ring sp2 carbon bonded to N1 and to C5 (which is alpha to the exocyclic amino at C4)."",
      ""uncertainty"": ""30""
    },
    {
      ""atom_type"": 347,
      ""element"": ""C"",
      ""chemical_environment"": ""Adenine C2 ring sp2 carbon flanked by two ring nitrogens (N1 and N3)"",
      ""functional_group"": ""purine (adenine) six-membered ring"",
      ""hybridization"": ""sp2"",
      ""example_molecule_smiles"": ""Nc1ncnc2ncnc12"",
      ""group_smarts"": ""[cX3;r6;$([c]-[n;r6]);$([c]-[n;r6])]"",
      ""atom_specific_smarts"": ""[cX3;r6:1;$([c]-[n;r6]);$([c]-[n;r6])]"",
      ""description"": ""C2 of adenine: six-membered ring carbon with two ring N neighbors (N1 and N3)."",
      ""uncertainty"": ""40""
    },
    {
      ""atom_type"": 349,
      ""element"": ""C"",
      ""chemical_environment"": ""Adenine C4 ring sp2 carbon adjacent to N3; not bonded to exocyclic substituents"",
      ""functional_group"": ""purine (adenine) six-membered ring"",
      ""hybridization"": ""sp2"",
      ""example_molecule_smiles"": ""Nc1ncnc2ncnc12"",
      ""group_smarts"": ""[cX3;r6;$([c]-[n;r6]);!$([c]-N)]"",
      ""atom_specific_smarts"": ""[cX3;r6:1;$([c]-[n;r6]);!$([c]-N)]"",
      ""description"": ""C4 of adenine: ring sp2 carbon adjacent to N3, not bearing an exocyclic amino or carbonyl."",
      ""uncertainty"": ""50""
    },
    {
      ""atom_type"": 350,
      ""element"": ""C"",
      ""chemical_environment"": ""Adenine C5 ring sp2 carbon between C4 (adjacent to N3) and C6 (bearing exocyclic –NH2)"",
      ""functional_group"": ""purine (adenine) six-membered ring"",
      ""hybridization"": ""sp2"",
      ""example_molecule_smiles"": ""Nc1ncnc2ncnc12"",
      ""group_smarts"": ""[cX3;r6;$([c]-[c;$([c]-N)])]"",
      ""atom_specific_smarts"": ""[cX3;r6:1;$([c]-[c;$([c]-N)])]"",
      ""description"": ""C5 of adenine: ring sp2 carbon adjacent to the C6 carbon that carries the exocyclic –NH2."",
      ""uncertainty"": ""50""
    },
    {
      ""atom_type"": 351,
      ""element"": ""C"",
      ""chemical_environment"": ""Adenine C6 ring sp2 carbon bound to an exocyclic amino group"",
      ""functional_group"": ""purine (adenine) exocyclic amine attachment site"",
      ""hybridization"": ""sp2"",
      ""example_molecule_smiles"": ""Nc1ncnc2ncnc12"",
      ""group_smarts"": ""[cX3;r6]-N"",
      ""atom_specific_smarts"": ""[cX3;r6:1]-N"",
      ""description"": ""C6 of adenine: ring sp2 carbon directly attached to –NH2."",
      ""uncertainty"": ""30""
    },
    {
      ""atom_type"": 353,
      ""element"": ""C"",
      ""chemical_environment"": ""Purine C8 (adenine/guanine) five-membered ring sp2 carbon adjacent to N7 and fused to six-membered ring"",
      ""functional_group"": ""purine imidazole ring (fused five-membered ring)"",
      ""hybridization"": ""sp2"",
      ""example_molecule_smiles"": ""Nc1ncnc2ncnc12"",
      ""group_smarts"": ""[cX3;r5;$([c]-[n;r5]);$([c]-[c;r6])]"",
      ""atom_specific_smarts"": ""[cX3;r5:1;$([c]-[n;r5]);$([c]-[c;r6])]"",
      ""description"": ""C8 of purines: sp2 carbon in the five-membered ring adjacent to N7 and fused to the six-membered ring."",
      ""uncertainty"": ""40""
    },
    {
      ""atom_type"": 362,
      ""element"": ""C"",
      ""chemical_environment"": ""Guanine C2 ring sp2 carbon bearing an exocyclic amino group and flanked by two ring nitrogens"",
      ""functional_group"": ""purine (guanine) six-membered ring, C2–NH2"",
      ""hybridization"": ""sp2"",
      ""example_molecule_smiles"": ""O=c1[nH]c2ncnc(N)c2[nH]1"",
      ""group_smarts"": ""[cX3;r6](-N)(-[n;r6])-[n;r6]"",
      ""atom_specific_smarts"": ""[cX3;r6:1](-N)(-[n;r6])-[n;r6]"",
      ""description"": ""C2 of guanine: ring sp2 carbon with exocyclic –NH2, bonded to both N1 and N3 in the ring."",
      ""uncertainty"": ""30""
    },
    {
      ""atom_type"": 364,
      ""element"": ""C"",
      ""chemical_environment"": ""Guanine C4 ring sp2 carbon adjacent to N3; not directly attached to exocyclic groups"",
      ""functional_group"": ""purine (guanine) six-membered ring"",
      ""hybridization"": ""sp2"",
      ""example_molecule_smiles"": ""O=c1[nH]c2ncnc(N)c2[nH]1"",
      ""group_smarts"": ""[cX3;r6;$([c]-[n;r6]);!$([c]-N);!$([c]-C(=O))]"",
      ""atom_specific_smarts"": ""[cX3;r6:1;$([c]-[n;r6]);!$([c]-N);!$([c]-C(=O))]"",
      ""description"": ""C4 of guanine: ring sp2 carbon next to N3, not bonded to exocyclic amine or carbonyl."",
      ""uncertainty"": ""45""
    },
    {
      ""atom_type"": 365,
      ""element"": ""C"",
      ""chemical_environment"": ""Guanine C5 ring sp2 carbon adjacent to the C6 carbonyl carbon"",
      ""functional_group"": ""purine (guanine) six-membered ring"",
      ""hybridization"": ""sp2"",
      ""example_molecule_smiles"": ""O=c1[nH]c2ncnc(N)c2[nH]1"",
      ""group_smarts"": ""[cX3;r6]-[C;r6](=O)"",
      ""atom_specific_smarts"": ""[cX3;r6:1]-[C;r6](=O)"",
      ""description"": ""C5 of guanine: ring sp2 carbon alpha to the C6(=O) carbonyl."",
      ""uncertainty"": ""30""
    },
    {
      ""atom_type"": 366,
      ""element"": ""C"",
      ""chemical_environment"": ""Guanine C6 carbonyl carbon (conjugated to ring N1)"",
      ""functional_group"": ""purine ring amide-like carbonyl"",
      ""hybridization"": ""sp2"",
      ""example_molecule_smiles"": ""O=c1[nH]c2ncnc(N)c2[nH]1"",
      ""group_smarts"": ""[C;X3;r6](=O)-[n;r6]"",
      ""atom_specific_smarts"": ""[C;X3;r6:1](=O)-[n;r6]"",
      ""description"": ""Carbonyl carbon at C6 of guanine conjugated into the purine ring."",
      ""uncertainty"": ""20""
    },
    {
      ""atom_type"": 371,
      ""element"": ""C"",
      ""chemical_environment"": ""Methyl carbon attached to N9 of a purine (adenine or guanine) imidazole nitrogen"",
      ""functional_group"": ""N-alkylated purine (N9-alkyl)"",
      ""hybridization"": ""sp3"",
      ""example_molecule_smiles"": ""Cn1c2ncnc(N)c2n1"",
      ""group_smarts"": ""[CH3X4:1]-[nX2;r5]"",
      ""atom_specific_smarts"": ""[CH3X4:1]-[nX2;r5]"",
      ""description"": ""Aliphatic methyl carbon bound to the ring imidazole nitrogen (N9) of a purine."",
      ""uncertainty"": ""40""
    },
    {
      ""atom_type"": 373,
      ""element"": ""C"",
      ""chemical_environment"": ""Methyl carbon attached to N1 of a pyrimidine (uracil or thymine)"",
      ""functional_group"": ""N-alkylated pyrimidine (N1-alkyl)"",
      ""hybridization"": ""sp3"",
      ""example_molecule_smiles"": ""O=C1n(C)cc(=O)[nH]1"",
      ""group_smarts"": ""[CH3X4:1]-[nX2;r6]-[c;r6]-C(=O)"",
      ""atom_specific_smarts"": ""[CH3X4:1]-[nX2;r6]-[c;r6]-C(=O)"",
      ""description"": ""Methyl carbon bound to N1 of a 1,3-dione pyrimidine ring (U/T)."",
      ""uncertainty"": ""35""
    },
    {
      ""atom_type"": 375,
      ""element"": ""C"",
      ""chemical_environment"": ""Methyl carbon attached to N1 of cytosine (pyrimidin-2-one)"",
      ""functional_group"": ""N-alkylated cytosine (N1-alkyl)"",
      ""hybridization"": ""sp3"",
      ""example_molecule_smiles"": ""O=c1n(C)cnc(N)n1"",
      ""group_smarts"": ""[CH3X4:1]-[nX2;r6]-[c;r6]-C(=O)"",
      ""atom_specific_smarts"": ""[CH3X4:1]-[nX2;r6]-[c;r6]-C(=O)"",
      ""description"": ""Methyl carbon bound to N1 of cytosine (adjacent ring carbon is C2=O)."",
      ""uncertainty"": ""35""
    },
    {
      ""atom_type"": 378,
      ""element"": ""C"",
      ""chemical_environment"": ""Cytosine C2 carbonyl carbon in protonated cytosine (CytH+), adjacent to a protonated ring nitrogen"",
      ""functional_group"": ""protonated pyrimidin-2-one (cytosinium)"",
      ""hybridization"": ""sp2"",
      ""example_molecule_smiles"": ""O=c1[nH+]cnc(N)n1"",
      ""group_smarts"": ""[C;X3;r6](=O)(-[n;r6])-[nH+;r6]"",
      ""atom_specific_smarts"": ""[C;X3;r6:1](=O)(-[n;r6])-[nH+;r6]"",
      ""description"": ""C2 carbonyl carbon of cytosine when N3 is protonated (cytosinium)."",
      ""uncertainty"": ""35""
    }
  ]
}"
350,0.15,C  - CB   | Adenine C5,12.011,oplsaa2024.lt,C,6,"Convert the following OPLS-AA atom type rows:

Atom Type Data:
- Atom index: 323
- Force field raw info: C  - CM   | Uracil C5
- Partial charge: -0.07
- Atomic mass: 12.011
- Element guess: C
- Atomic number: 6
- Source file: oplsaa2024.lt


Atom Type Data:
- Atom index: 324
- Force field raw info: C  - CM   | Uracil C6
- Partial charge: 0.08
- Atomic mass: 12.011
- Element guess: C
- Atomic number: 6
- Source file: oplsaa2024.lt


Atom Type Data:
- Atom index: 331
- Force field raw info: C  - CT   | Thymine C-C5
- Partial charge: -0.14
- Atomic mass: 12.011
- Element guess: C
- Atomic number: 6
- Source file: oplsaa2024.lt


Atom Type Data:
- Atom index: 334
- Force field raw info: C  - C~   | Cytosine C2
- Partial charge: 0.55
- Atomic mass: 12.011
- Element guess: C
- Atomic number: 6
- Source file: oplsaa2024.lt


Atom Type Data:
- Atom index: 336
- Force field raw info: C  - CA   | Cytosine C4 Nucleotide base
- Partial charge: 0.46
- Atomic mass: 12.011
- Element guess: C
- Atomic number: 6
- Source file: oplsaa2024.lt


Atom Type Data:
- Atom index: 337
- Force field raw info: C  - CM   | Cytosine C5 parameters:
- Partial charge: -0.06
- Atomic mass: 12.011
- Element guess: C
- Atomic number: 6
- Source file: oplsaa2024.lt


Atom Type Data:
- Atom index: 338
- Force field raw info: C  - CM   | Cytosine C6 JACS,113,2810(1991)
- Partial charge: 0.1
- Atomic mass: 12.011
- Element guess: C
- Atomic number: 6
- Source file: oplsaa2024.lt


Atom Type Data:
- Atom index: 347
- Force field raw info: C  - CQ   | Adenine C2
- Partial charge: 0.22
- Atomic mass: 12.011
- Element guess: C
- Atomic number: 6
- Source file: oplsaa2024.lt


Atom Type Data:
- Atom index: 349
- Force field raw info: C  - CB   | Adenine C4
- Partial charge: 0.38
- Atomic mass: 12.011
- Element guess: C
- Atomic number: 6
- Source file: oplsaa2024.lt


Atom Type Data:
- Atom index: 350
- Force field raw info: C  - CB   | Adenine C5
- Partial charge: 0.15
- Atomic mass: 12.011
- Element guess: C
- Atomic number: 6
- Source file: oplsaa2024.lt


Atom Type Data:
- Atom index: 351
- Force field raw info: C  - CA   | Adenine C6
- Partial charge: 0.44
- Atomic mass: 12.011
- Element guess: C
- Atomic number: 6
- Source file: oplsaa2024.lt


Atom Type Data:
- Atom index: 353
- Force field raw info: C  - CR   | Adenine C8 Guanine
- Partial charge: 0.2
- Atomic mass: 12.011
- Element guess: C
- Atomic number: 6
- Source file: oplsaa2024.lt


Atom Type Data:
- Atom index: 362
- Force field raw info: C  - CA   | Guanine C2
- Partial charge: 0.46
- Atomic mass: 12.011
- Element guess: C
- Atomic number: 6
- Source file: oplsaa2024.lt


Atom Type Data:
- Atom index: 364
- Force field raw info: C  - CB   | Guanine C4
- Partial charge: 0.34
- Atomic mass: 12.011
- Element guess: C
- Atomic number: 6
- Source file: oplsaa2024.lt


Atom Type Data:
- Atom index: 365
- Force field raw info: C  - CB   | Guanine C5
- Partial charge: 0.12
- Atomic mass: 12.011
- Element guess: C
- Atomic number: 6
- Source file: oplsaa2024.lt


Atom Type Data:
- Atom index: 366
- Force field raw info: C  - C~   | Guanine C6
- Partial charge: 0.52
- Atomic mass: 12.011
- Element guess: C
- Atomic number: 6
- Source file: oplsaa2024.lt


Atom Type Data:
- Atom index: 371
- Force field raw info: C  - CT   | 9-Me A or G C-N9
- Partial charge: -0.01
- Atomic mass: 12.011
- Element guess: C
- Atomic number: 6
- Source file: oplsaa2024.lt


Atom Type Data:
- Atom index: 373
- Force field raw info: C  - CT   | 1-Me U or T C-N1
- Partial charge: -0.01
- Atomic mass: 12.011
- Element guess: C
- Atomic number: 6
- Source file: oplsaa2024.lt


Atom Type Data:
- Atom index: 375
- Force field raw info: C  - CT   | 1-Me Cytosine C-N1
- Partial charge: -0.01
- Atomic mass: 12.011
- Element guess: C
- Atomic number: 6
- Source file: oplsaa2024.lt


Atom Type Data:
- Atom index: 378
- Force field raw info: C  - C~   | CytH+ C2
- Partial charge: 0.65
- Atomic mass: 12.011
- Element guess: C
- Atomic number: 6
- Source file: oplsaa2024.lt
","{
  ""atoms"": [
    {
      ""atom_type"": 323,
      ""element"": ""C"",
      ""chemical_environment"": ""Uracil ring C5 (pyrimidine-2,4-dione): sp2 vinylic/aromatic carbon between C4(=O) and C6"",
      ""functional_group"": ""pyrimidine-2,4-dione (uracil) ring"",
      ""hybridization"": ""sp2"",
      ""example_molecule_smiles"": ""O=c1[nH]cc(=O)[nH]1"",
      ""group_smarts"": ""[cX3;r6;$([c]-C(=O));$([c]-[c]-[nH])]"",
      ""atom_specific_smarts"": ""[cX3;r6:1;$([c]-C(=O));$([c]-[c]-[nH])]"",
      ""description"": ""C5 of uracil: ring sp2 carbon adjacent to a carbonyl carbon (C4) and to C6 which is bonded to N1([nH])."",
      ""uncertainty"": ""25""
    },
    {
      ""atom_type"": 324,
      ""element"": ""C"",
      ""chemical_environment"": ""Uracil ring C6: sp2 vinylic/aromatic carbon adjacent to N1([nH]) and C5"",
      ""functional_group"": ""pyrimidine-2,4-dione (uracil) ring"",
      ""hybridization"": ""sp2"",
      ""example_molecule_smiles"": ""O=c1[nH]cc(=O)[nH]1"",
      ""group_smarts"": ""[cX3;r6;$([c]-[nH]);$([c]-[c]-C(=O))]"",
      ""atom_specific_smarts"": ""[cX3;r6:1;$([c]-[nH]);$([c]-[c]-C(=O))]"",
      ""description"": ""C6 of uracil: ring sp2 carbon bonded to N1([nH]) and to C5 which is adjacent to a carbonyl."",
      ""uncertainty"": ""25""
    },
    {
      ""atom_type"": 331,
      ""element"": ""C"",
      ""chemical_environment"": ""Thymine 5-methyl carbon attached to ring C5 (aliphatic sp3)"",
      ""functional_group"": ""5-methyluracil (thymine) substituent"",
      ""hybridization"": ""sp3"",
      ""example_molecule_smiles"": ""O=c1[nH]c(C)c(=O)[nH]1"",
      ""group_smarts"": ""[CH3X4]-[c;r6;$([c]-C(=O))]"",
      ""atom_specific_smarts"": ""O=C1[nH]c([CH3X4:1])c(=O)[nH]1"",
      ""description"": ""Methyl carbon directly bonded to the uracil/thymine C5 ring carbon."",
      ""uncertainty"": ""20""
    },
    {
      ""atom_type"": 334,
      ""element"": ""C"",
      ""chemical_environment"": ""Cytosine C2 carbonyl carbon within pyrimidin-2-one (between two ring nitrogens)"",
      ""functional_group"": ""pyrimidin-2-one (cytosine) ring carbonyl"",
      ""hybridization"": ""sp2"",
      ""example_molecule_smiles"": ""O=c1[nH]cnc(N)n1"",
      ""group_smarts"": ""[C;X3;r6](=O)(-[n;r6])-[n;r6]"",
      ""atom_specific_smarts"": ""[C;X3;r6:1](=O)(-[n;r6])-[n;r6]"",
      ""description"": ""Carbonyl carbon at C2 of cytosine conjugated to two ring nitrogens (N1 and N3)."",
      ""uncertainty"": ""20""
    },
    {
      ""atom_type"": 336,
      ""element"": ""C"",
      ""chemical_environment"": ""Cytosine C4 ring carbon bearing an exocyclic amino substituent"",
      ""functional_group"": ""pyrimidin-2-one (cytosine) ring, C4–NH2"",
      ""hybridization"": ""sp2"",
      ""example_molecule_smiles"": ""O=c1[nH]cnc(N)n1"",
      ""group_smarts"": ""[cX3;r6;$([c]-[NH2]);$([c]-[n;r6])]"",
      ""atom_specific_smarts"": ""[cX3;r6:1;$([c]-[NH2]);$([c]-[n;r6])]"",
      ""description"": ""C4 of cytosine: sp2 ring carbon bonded to exocyclic –NH2 and to N3 in the ring."",
      ""uncertainty"": ""25""
    },
    {
      ""atom_type"": 337,
      ""element"": ""C"",
      ""chemical_environment"": ""Cytosine C5 ring sp2 carbon between C4(–NH2) and C6"",
      ""functional_group"": ""pyrimidin-2-one (cytosine) ring"",
      ""hybridization"": ""sp2"",
      ""example_molecule_smiles"": ""O=c1[nH]cnc(N)n1"",
      ""group_smarts"": ""[cX3;r6;$([c]-[c;$([c]-[NH2])]);$([c]-[n;r6])]"",
      ""atom_specific_smarts"": ""[cX3;r6:1;$([c]-[c;$([c]-[NH2])]);$([c]-[n;r6])]"",
      ""description"": ""C5 of cytosine: ring sp2 carbon adjacent to C4 bearing –NH2 and adjacent to C6 (which is bonded to N1)."",
      ""uncertainty"": ""30""
    },
    {
      ""atom_type"": 338,
      ""element"": ""C"",
      ""chemical_environment"": ""Cytosine C6 ring sp2 carbon adjacent to N1 and C5 (which is adjacent to C4–NH2)"",
      ""functional_group"": ""pyrimidin-2-one (cytosine) ring"",
      ""hybridization"": ""sp2"",
      ""example_molecule_smiles"": ""O=c1[nH]cnc(N)n1"",
      ""group_smarts"": ""[cX3;r6;$([c]-[n;r6]);$([c]-[c;$([c]-[NH2])])]"",
      ""atom_specific_smarts"": ""[cX3;r6:1;$([c]-[n;r6]);$([c]-[c;$([c]-[NH2])])]"",
      ""description"": ""C6 of cytosine: ring sp2 carbon bonded to N1 and to C5 (which is alpha to the exocyclic amino at C4)."",
      ""uncertainty"": ""30""
    },
    {
      ""atom_type"": 347,
      ""element"": ""C"",
      ""chemical_environment"": ""Adenine C2 ring sp2 carbon flanked by two ring nitrogens (N1 and N3)"",
      ""functional_group"": ""purine (adenine) six-membered ring"",
      ""hybridization"": ""sp2"",
      ""example_molecule_smiles"": ""Nc1ncnc2ncnc12"",
      ""group_smarts"": ""[cX3;r6;$([c]-[n;r6]);$([c]-[n;r6])]"",
      ""atom_specific_smarts"": ""[cX3;r6:1;$([c]-[n;r6]);$([c]-[n;r6])]"",
      ""description"": ""C2 of adenine: six-membered ring carbon with two ring N neighbors (N1 and N3)."",
      ""uncertainty"": ""40""
    },
    {
      ""atom_type"": 349,
      ""element"": ""C"",
      ""chemical_environment"": ""Adenine C4 ring sp2 carbon adjacent to N3; not bonded to exocyclic substituents"",
      ""functional_group"": ""purine (adenine) six-membered ring"",
      ""hybridization"": ""sp2"",
      ""example_molecule_smiles"": ""Nc1ncnc2ncnc12"",
      ""group_smarts"": ""[cX3;r6;$([c]-[n;r6]);!$([c]-N)]"",
      ""atom_specific_smarts"": ""[cX3;r6:1;$([c]-[n;r6]);!$([c]-N)]"",
      ""description"": ""C4 of adenine: ring sp2 carbon adjacent to N3, not bearing an exocyclic amino or carbonyl."",
      ""uncertainty"": ""50""
    },
    {
      ""atom_type"": 350,
      ""element"": ""C"",
      ""chemical_environment"": ""Adenine C5 ring sp2 carbon between C4 (adjacent to N3) and C6 (bearing exocyclic –NH2)"",
      ""functional_group"": ""purine (adenine) six-membered ring"",
      ""hybridization"": ""sp2"",
      ""example_molecule_smiles"": ""Nc1ncnc2ncnc12"",
      ""group_smarts"": ""[cX3;r6;$([c]-[c;$([c]-N)])]"",
      ""atom_specific_smarts"": ""[cX3;r6:1;$([c]-[c;$([c]-N)])]"",
      ""description"": ""C5 of adenine: ring sp2 carbon adjacent to the C6 carbon that carries the exocyclic –NH2."",
      ""uncertainty"": ""50""
    },
    {
      ""atom_type"": 351,
      ""element"": ""C"",
      ""chemical_environment"": ""Adenine C6 ring sp2 carbon bound to an exocyclic amino group"",
      ""functional_group"": ""purine (adenine) exocyclic amine attachment site"",
      ""hybridization"": ""sp2"",
      ""example_molecule_smiles"": ""Nc1ncnc2ncnc12"",
      ""group_smarts"": ""[cX3;r6]-N"",
      ""atom_specific_smarts"": ""[cX3;r6:1]-N"",
      ""description"": ""C6 of adenine: ring sp2 carbon directly attached to –NH2."",
      ""uncertainty"": ""30""
    },
    {
      ""atom_type"": 353,
      ""element"": ""C"",
      ""chemical_environment"": ""Purine C8 (adenine/guanine) five-membered ring sp2 carbon adjacent to N7 and fused to six-membered ring"",
      ""functional_group"": ""purine imidazole ring (fused five-membered ring)"",
      ""hybridization"": ""sp2"",
      ""example_molecule_smiles"": ""Nc1ncnc2ncnc12"",
      ""group_smarts"": ""[cX3;r5;$([c]-[n;r5]);$([c]-[c;r6])]"",
      ""atom_specific_smarts"": ""[cX3;r5:1;$([c]-[n;r5]);$([c]-[c;r6])]"",
      ""description"": ""C8 of purines: sp2 carbon in the five-membered ring adjacent to N7 and fused to the six-membered ring."",
      ""uncertainty"": ""40""
    },
    {
      ""atom_type"": 362,
      ""element"": ""C"",
      ""chemical_environment"": ""Guanine C2 ring sp2 carbon bearing an exocyclic amino group and flanked by two ring nitrogens"",
      ""functional_group"": ""purine (guanine) six-membered ring, C2–NH2"",
      ""hybridization"": ""sp2"",
      ""example_molecule_smiles"": ""O=c1[nH]c2ncnc(N)c2[nH]1"",
      ""group_smarts"": ""[cX3;r6](-N)(-[n;r6])-[n;r6]"",
      ""atom_specific_smarts"": ""[cX3;r6:1](-N)(-[n;r6])-[n;r6]"",
      ""description"": ""C2 of guanine: ring sp2 carbon with exocyclic –NH2, bonded to both N1 and N3 in the ring."",
      ""uncertainty"": ""30""
    },
    {
      ""atom_type"": 364,
      ""element"": ""C"",
      ""chemical_environment"": ""Guanine C4 ring sp2 carbon adjacent to N3; not directly attached to exocyclic groups"",
      ""functional_group"": ""purine (guanine) six-membered ring"",
      ""hybridization"": ""sp2"",
      ""example_molecule_smiles"": ""O=c1[nH]c2ncnc(N)c2[nH]1"",
      ""group_smarts"": ""[cX3;r6;$([c]-[n;r6]);!$([c]-N);!$([c]-C(=O))]"",
      ""atom_specific_smarts"": ""[cX3;r6:1;$([c]-[n;r6]);!$([c]-N);!$([c]-C(=O))]"",
      ""description"": ""C4 of guanine: ring sp2 carbon next to N3, not bonded to exocyclic amine or carbonyl."",
      ""uncertainty"": ""45""
    },
    {
      ""atom_type"": 365,
      ""element"": ""C"",
      ""chemical_environment"": ""Guanine C5 ring sp2 carbon adjacent to the C6 carbonyl carbon"",
      ""functional_group"": ""purine (guanine) six-membered ring"",
      ""hybridization"": ""sp2"",
      ""example_molecule_smiles"": ""O=c1[nH]c2ncnc(N)c2[nH]1"",
      ""group_smarts"": ""[cX3;r6]-[C;r6](=O)"",
      ""atom_specific_smarts"": ""[cX3;r6:1]-[C;r6](=O)"",
      ""description"": ""C5 of guanine: ring sp2 carbon alpha to the C6(=O) carbonyl."",
      ""uncertainty"": ""30""
    },
    {
      ""atom_type"": 366,
      ""element"": ""C"",
      ""chemical_environment"": ""Guanine C6 carbonyl carbon (conjugated to ring N1)"",
      ""functional_group"": ""purine ring amide-like carbonyl"",
      ""hybridization"": ""sp2"",
      ""example_molecule_smiles"": ""O=c1[nH]c2ncnc(N)c2[nH]1"",
      ""group_smarts"": ""[C;X3;r6](=O)-[n;r6]"",
      ""atom_specific_smarts"": ""[C;X3;r6:1](=O)-[n;r6]"",
      ""description"": ""Carbonyl carbon at C6 of guanine conjugated into the purine ring."",
      ""uncertainty"": ""20""
    },
    {
      ""atom_type"": 371,
      ""element"": ""C"",
      ""chemical_environment"": ""Methyl carbon attached to N9 of a purine (adenine or guanine) imidazole nitrogen"",
      ""functional_group"": ""N-alkylated purine (N9-alkyl)"",
      ""hybridization"": ""sp3"",
      ""example_molecule_smiles"": ""Cn1c2ncnc(N)c2n1"",
      ""group_smarts"": ""[CH3X4:1]-[nX2;r5]"",
      ""atom_specific_smarts"": ""[CH3X4:1]-[nX2;r5]"",
      ""description"": ""Aliphatic methyl carbon bound to the ring imidazole nitrogen (N9) of a purine."",
      ""uncertainty"": ""40""
    },
    {
      ""atom_type"": 373,
      ""element"": ""C"",
      ""chemical_environment"": ""Methyl carbon attached to N1 of a pyrimidine (uracil or thymine)"",
      ""functional_group"": ""N-alkylated pyrimidine (N1-alkyl)"",
      ""hybridization"": ""sp3"",
      ""example_molecule_smiles"": ""O=C1n(C)cc(=O)[nH]1"",
      ""group_smarts"": ""[CH3X4:1]-[nX2;r6]-[c;r6]-C(=O)"",
      ""atom_specific_smarts"": ""[CH3X4:1]-[nX2;r6]-[c;r6]-C(=O)"",
      ""description"": ""Methyl carbon bound to N1 of a 1,3-dione pyrimidine ring (U/T)."",
      ""uncertainty"": ""35""
    },
    {
      ""atom_type"": 375,
      ""element"": ""C"",
      ""chemical_environment"": ""Methyl carbon attached to N1 of cytosine (pyrimidin-2-one)"",
      ""functional_group"": ""N-alkylated cytosine (N1-alkyl)"",
      ""hybridization"": ""sp3"",
      ""example_molecule_smiles"": ""O=c1n(C)cnc(N)n1"",
      ""group_smarts"": ""[CH3X4:1]-[nX2;r6]-[c;r6]-C(=O)"",
      ""atom_specific_smarts"": ""[CH3X4:1]-[nX2;r6]-[c;r6]-C(=O)"",
      ""description"": ""Methyl carbon bound to N1 of cytosine (adjacent ring carbon is C2=O)."",
      ""uncertainty"": ""35""
    },
    {
      ""atom_type"": 378,
      ""element"": ""C"",
      ""chemical_environment"": ""Cytosine C2 carbonyl carbon in protonated cytosine (CytH+), adjacent to a protonated ring nitrogen"",
      ""functional_group"": ""protonated pyrimidin-2-one (cytosinium)"",
      ""hybridization"": ""sp2"",
      ""example_molecule_smiles"": ""O=c1[nH+]cnc(N)n1"",
      ""group_smarts"": ""[C;X3;r6](=O)(-[n;r6])-[nH+;r6]"",
      ""atom_specific_smarts"": ""[C;X3;r6:1](=O)(-[n;r6])-[nH+;r6]"",
      ""description"": ""C2 carbonyl carbon of cytosine when N3 is protonated (cytosinium)."",
      ""uncertainty"": ""35""
    }
  ]
}"
351,0.44,C  - CA   | Adenine C6,12.011,oplsaa2024.lt,C,6,"Convert the following OPLS-AA atom type rows:

Atom Type Data:
- Atom index: 323
- Force field raw info: C  - CM   | Uracil C5
- Partial charge: -0.07
- Atomic mass: 12.011
- Element guess: C
- Atomic number: 6
- Source file: oplsaa2024.lt


Atom Type Data:
- Atom index: 324
- Force field raw info: C  - CM   | Uracil C6
- Partial charge: 0.08
- Atomic mass: 12.011
- Element guess: C
- Atomic number: 6
- Source file: oplsaa2024.lt


Atom Type Data:
- Atom index: 331
- Force field raw info: C  - CT   | Thymine C-C5
- Partial charge: -0.14
- Atomic mass: 12.011
- Element guess: C
- Atomic number: 6
- Source file: oplsaa2024.lt


Atom Type Data:
- Atom index: 334
- Force field raw info: C  - C~   | Cytosine C2
- Partial charge: 0.55
- Atomic mass: 12.011
- Element guess: C
- Atomic number: 6
- Source file: oplsaa2024.lt


Atom Type Data:
- Atom index: 336
- Force field raw info: C  - CA   | Cytosine C4 Nucleotide base
- Partial charge: 0.46
- Atomic mass: 12.011
- Element guess: C
- Atomic number: 6
- Source file: oplsaa2024.lt


Atom Type Data:
- Atom index: 337
- Force field raw info: C  - CM   | Cytosine C5 parameters:
- Partial charge: -0.06
- Atomic mass: 12.011
- Element guess: C
- Atomic number: 6
- Source file: oplsaa2024.lt


Atom Type Data:
- Atom index: 338
- Force field raw info: C  - CM   | Cytosine C6 JACS,113,2810(1991)
- Partial charge: 0.1
- Atomic mass: 12.011
- Element guess: C
- Atomic number: 6
- Source file: oplsaa2024.lt


Atom Type Data:
- Atom index: 347
- Force field raw info: C  - CQ   | Adenine C2
- Partial charge: 0.22
- Atomic mass: 12.011
- Element guess: C
- Atomic number: 6
- Source file: oplsaa2024.lt


Atom Type Data:
- Atom index: 349
- Force field raw info: C  - CB   | Adenine C4
- Partial charge: 0.38
- Atomic mass: 12.011
- Element guess: C
- Atomic number: 6
- Source file: oplsaa2024.lt


Atom Type Data:
- Atom index: 350
- Force field raw info: C  - CB   | Adenine C5
- Partial charge: 0.15
- Atomic mass: 12.011
- Element guess: C
- Atomic number: 6
- Source file: oplsaa2024.lt


Atom Type Data:
- Atom index: 351
- Force field raw info: C  - CA   | Adenine C6
- Partial charge: 0.44
- Atomic mass: 12.011
- Element guess: C
- Atomic number: 6
- Source file: oplsaa2024.lt


Atom Type Data:
- Atom index: 353
- Force field raw info: C  - CR   | Adenine C8 Guanine
- Partial charge: 0.2
- Atomic mass: 12.011
- Element guess: C
- Atomic number: 6
- Source file: oplsaa2024.lt


Atom Type Data:
- Atom index: 362
- Force field raw info: C  - CA   | Guanine C2
- Partial charge: 0.46
- Atomic mass: 12.011
- Element guess: C
- Atomic number: 6
- Source file: oplsaa2024.lt


Atom Type Data:
- Atom index: 364
- Force field raw info: C  - CB   | Guanine C4
- Partial charge: 0.34
- Atomic mass: 12.011
- Element guess: C
- Atomic number: 6
- Source file: oplsaa2024.lt


Atom Type Data:
- Atom index: 365
- Force field raw info: C  - CB   | Guanine C5
- Partial charge: 0.12
- Atomic mass: 12.011
- Element guess: C
- Atomic number: 6
- Source file: oplsaa2024.lt


Atom Type Data:
- Atom index: 366
- Force field raw info: C  - C~   | Guanine C6
- Partial charge: 0.52
- Atomic mass: 12.011
- Element guess: C
- Atomic number: 6
- Source file: oplsaa2024.lt


Atom Type Data:
- Atom index: 371
- Force field raw info: C  - CT   | 9-Me A or G C-N9
- Partial charge: -0.01
- Atomic mass: 12.011
- Element guess: C
- Atomic number: 6
- Source file: oplsaa2024.lt


Atom Type Data:
- Atom index: 373
- Force field raw info: C  - CT   | 1-Me U or T C-N1
- Partial charge: -0.01
- Atomic mass: 12.011
- Element guess: C
- Atomic number: 6
- Source file: oplsaa2024.lt


Atom Type Data:
- Atom index: 375
- Force field raw info: C  - CT   | 1-Me Cytosine C-N1
- Partial charge: -0.01
- Atomic mass: 12.011
- Element guess: C
- Atomic number: 6
- Source file: oplsaa2024.lt


Atom Type Data:
- Atom index: 378
- Force field raw info: C  - C~   | CytH+ C2
- Partial charge: 0.65
- Atomic mass: 12.011
- Element guess: C
- Atomic number: 6
- Source file: oplsaa2024.lt
","{
  ""atoms"": [
    {
      ""atom_type"": 323,
      ""element"": ""C"",
      ""chemical_environment"": ""Uracil ring C5 (pyrimidine-2,4-dione): sp2 vinylic/aromatic carbon between C4(=O) and C6"",
      ""functional_group"": ""pyrimidine-2,4-dione (uracil) ring"",
      ""hybridization"": ""sp2"",
      ""example_molecule_smiles"": ""O=c1[nH]cc(=O)[nH]1"",
      ""group_smarts"": ""[cX3;r6;$([c]-C(=O));$([c]-[c]-[nH])]"",
      ""atom_specific_smarts"": ""[cX3;r6:1;$([c]-C(=O));$([c]-[c]-[nH])]"",
      ""description"": ""C5 of uracil: ring sp2 carbon adjacent to a carbonyl carbon (C4) and to C6 which is bonded to N1([nH])."",
      ""uncertainty"": ""25""
    },
    {
      ""atom_type"": 324,
      ""element"": ""C"",
      ""chemical_environment"": ""Uracil ring C6: sp2 vinylic/aromatic carbon adjacent to N1([nH]) and C5"",
      ""functional_group"": ""pyrimidine-2,4-dione (uracil) ring"",
      ""hybridization"": ""sp2"",
      ""example_molecule_smiles"": ""O=c1[nH]cc(=O)[nH]1"",
      ""group_smarts"": ""[cX3;r6;$([c]-[nH]);$([c]-[c]-C(=O))]"",
      ""atom_specific_smarts"": ""[cX3;r6:1;$([c]-[nH]);$([c]-[c]-C(=O))]"",
      ""description"": ""C6 of uracil: ring sp2 carbon bonded to N1([nH]) and to C5 which is adjacent to a carbonyl."",
      ""uncertainty"": ""25""
    },
    {
      ""atom_type"": 331,
      ""element"": ""C"",
      ""chemical_environment"": ""Thymine 5-methyl carbon attached to ring C5 (aliphatic sp3)"",
      ""functional_group"": ""5-methyluracil (thymine) substituent"",
      ""hybridization"": ""sp3"",
      ""example_molecule_smiles"": ""O=c1[nH]c(C)c(=O)[nH]1"",
      ""group_smarts"": ""[CH3X4]-[c;r6;$([c]-C(=O))]"",
      ""atom_specific_smarts"": ""O=C1[nH]c([CH3X4:1])c(=O)[nH]1"",
      ""description"": ""Methyl carbon directly bonded to the uracil/thymine C5 ring carbon."",
      ""uncertainty"": ""20""
    },
    {
      ""atom_type"": 334,
      ""element"": ""C"",
      ""chemical_environment"": ""Cytosine C2 carbonyl carbon within pyrimidin-2-one (between two ring nitrogens)"",
      ""functional_group"": ""pyrimidin-2-one (cytosine) ring carbonyl"",
      ""hybridization"": ""sp2"",
      ""example_molecule_smiles"": ""O=c1[nH]cnc(N)n1"",
      ""group_smarts"": ""[C;X3;r6](=O)(-[n;r6])-[n;r6]"",
      ""atom_specific_smarts"": ""[C;X3;r6:1](=O)(-[n;r6])-[n;r6]"",
      ""description"": ""Carbonyl carbon at C2 of cytosine conjugated to two ring nitrogens (N1 and N3)."",
      ""uncertainty"": ""20""
    },
    {
      ""atom_type"": 336,
      ""element"": ""C"",
      ""chemical_environment"": ""Cytosine C4 ring carbon bearing an exocyclic amino substituent"",
      ""functional_group"": ""pyrimidin-2-one (cytosine) ring, C4–NH2"",
      ""hybridization"": ""sp2"",
      ""example_molecule_smiles"": ""O=c1[nH]cnc(N)n1"",
      ""group_smarts"": ""[cX3;r6;$([c]-[NH2]);$([c]-[n;r6])]"",
      ""atom_specific_smarts"": ""[cX3;r6:1;$([c]-[NH2]);$([c]-[n;r6])]"",
      ""description"": ""C4 of cytosine: sp2 ring carbon bonded to exocyclic –NH2 and to N3 in the ring."",
      ""uncertainty"": ""25""
    },
    {
      ""atom_type"": 337,
      ""element"": ""C"",
      ""chemical_environment"": ""Cytosine C5 ring sp2 carbon between C4(–NH2) and C6"",
      ""functional_group"": ""pyrimidin-2-one (cytosine) ring"",
      ""hybridization"": ""sp2"",
      ""example_molecule_smiles"": ""O=c1[nH]cnc(N)n1"",
      ""group_smarts"": ""[cX3;r6;$([c]-[c;$([c]-[NH2])]);$([c]-[n;r6])]"",
      ""atom_specific_smarts"": ""[cX3;r6:1;$([c]-[c;$([c]-[NH2])]);$([c]-[n;r6])]"",
      ""description"": ""C5 of cytosine: ring sp2 carbon adjacent to C4 bearing –NH2 and adjacent to C6 (which is bonded to N1)."",
      ""uncertainty"": ""30""
    },
    {
      ""atom_type"": 338,
      ""element"": ""C"",
      ""chemical_environment"": ""Cytosine C6 ring sp2 carbon adjacent to N1 and C5 (which is adjacent to C4–NH2)"",
      ""functional_group"": ""pyrimidin-2-one (cytosine) ring"",
      ""hybridization"": ""sp2"",
      ""example_molecule_smiles"": ""O=c1[nH]cnc(N)n1"",
      ""group_smarts"": ""[cX3;r6;$([c]-[n;r6]);$([c]-[c;$([c]-[NH2])])]"",
      ""atom_specific_smarts"": ""[cX3;r6:1;$([c]-[n;r6]);$([c]-[c;$([c]-[NH2])])]"",
      ""description"": ""C6 of cytosine: ring sp2 carbon bonded to N1 and to C5 (which is alpha to the exocyclic amino at C4)."",
      ""uncertainty"": ""30""
    },
    {
      ""atom_type"": 347,
      ""element"": ""C"",
      ""chemical_environment"": ""Adenine C2 ring sp2 carbon flanked by two ring nitrogens (N1 and N3)"",
      ""functional_group"": ""purine (adenine) six-membered ring"",
      ""hybridization"": ""sp2"",
      ""example_molecule_smiles"": ""Nc1ncnc2ncnc12"",
      ""group_smarts"": ""[cX3;r6;$([c]-[n;r6]);$([c]-[n;r6])]"",
      ""atom_specific_smarts"": ""[cX3;r6:1;$([c]-[n;r6]);$([c]-[n;r6])]"",
      ""description"": ""C2 of adenine: six-membered ring carbon with two ring N neighbors (N1 and N3)."",
      ""uncertainty"": ""40""
    },
    {
      ""atom_type"": 349,
      ""element"": ""C"",
      ""chemical_environment"": ""Adenine C4 ring sp2 carbon adjacent to N3; not bonded to exocyclic substituents"",
      ""functional_group"": ""purine (adenine) six-membered ring"",
      ""hybridization"": ""sp2"",
      ""example_molecule_smiles"": ""Nc1ncnc2ncnc12"",
      ""group_smarts"": ""[cX3;r6;$([c]-[n;r6]);!$([c]-N)]"",
      ""atom_specific_smarts"": ""[cX3;r6:1;$([c]-[n;r6]);!$([c]-N)]"",
      ""description"": ""C4 of adenine: ring sp2 carbon adjacent to N3, not bearing an exocyclic amino or carbonyl."",
      ""uncertainty"": ""50""
    },
    {
      ""atom_type"": 350,
      ""element"": ""C"",
      ""chemical_environment"": ""Adenine C5 ring sp2 carbon between C4 (adjacent to N3) and C6 (bearing exocyclic –NH2)"",
      ""functional_group"": ""purine (adenine) six-membered ring"",
      ""hybridization"": ""sp2"",
      ""example_molecule_smiles"": ""Nc1ncnc2ncnc12"",
      ""group_smarts"": ""[cX3;r6;$([c]-[c;$([c]-N)])]"",
      ""atom_specific_smarts"": ""[cX3;r6:1;$([c]-[c;$([c]-N)])]"",
      ""description"": ""C5 of adenine: ring sp2 carbon adjacent to the C6 carbon that carries the exocyclic –NH2."",
      ""uncertainty"": ""50""
    },
    {
      ""atom_type"": 351,
      ""element"": ""C"",
      ""chemical_environment"": ""Adenine C6 ring sp2 carbon bound to an exocyclic amino group"",
      ""functional_group"": ""purine (adenine) exocyclic amine attachment site"",
      ""hybridization"": ""sp2"",
      ""example_molecule_smiles"": ""Nc1ncnc2ncnc12"",
      ""group_smarts"": ""[cX3;r6]-N"",
      ""atom_specific_smarts"": ""[cX3;r6:1]-N"",
      ""description"": ""C6 of adenine: ring sp2 carbon directly attached to –NH2."",
      ""uncertainty"": ""30""
    },
    {
      ""atom_type"": 353,
      ""element"": ""C"",
      ""chemical_environment"": ""Purine C8 (adenine/guanine) five-membered ring sp2 carbon adjacent to N7 and fused to six-membered ring"",
      ""functional_group"": ""purine imidazole ring (fused five-membered ring)"",
      ""hybridization"": ""sp2"",
      ""example_molecule_smiles"": ""Nc1ncnc2ncnc12"",
      ""group_smarts"": ""[cX3;r5;$([c]-[n;r5]);$([c]-[c;r6])]"",
      ""atom_specific_smarts"": ""[cX3;r5:1;$([c]-[n;r5]);$([c]-[c;r6])]"",
      ""description"": ""C8 of purines: sp2 carbon in the five-membered ring adjacent to N7 and fused to the six-membered ring."",
      ""uncertainty"": ""40""
    },
    {
      ""atom_type"": 362,
      ""element"": ""C"",
      ""chemical_environment"": ""Guanine C2 ring sp2 carbon bearing an exocyclic amino group and flanked by two ring nitrogens"",
      ""functional_group"": ""purine (guanine) six-membered ring, C2–NH2"",
      ""hybridization"": ""sp2"",
      ""example_molecule_smiles"": ""O=c1[nH]c2ncnc(N)c2[nH]1"",
      ""group_smarts"": ""[cX3;r6](-N)(-[n;r6])-[n;r6]"",
      ""atom_specific_smarts"": ""[cX3;r6:1](-N)(-[n;r6])-[n;r6]"",
      ""description"": ""C2 of guanine: ring sp2 carbon with exocyclic –NH2, bonded to both N1 and N3 in the ring."",
      ""uncertainty"": ""30""
    },
    {
      ""atom_type"": 364,
      ""element"": ""C"",
      ""chemical_environment"": ""Guanine C4 ring sp2 carbon adjacent to N3; not directly attached to exocyclic groups"",
      ""functional_group"": ""purine (guanine) six-membered ring"",
      ""hybridization"": ""sp2"",
      ""example_molecule_smiles"": ""O=c1[nH]c2ncnc(N)c2[nH]1"",
      ""group_smarts"": ""[cX3;r6;$([c]-[n;r6]);!$([c]-N);!$([c]-C(=O))]"",
      ""atom_specific_smarts"": ""[cX3;r6:1;$([c]-[n;r6]);!$([c]-N);!$([c]-C(=O))]"",
      ""description"": ""C4 of guanine: ring sp2 carbon next to N3, not bonded to exocyclic amine or carbonyl."",
      ""uncertainty"": ""45""
    },
    {
      ""atom_type"": 365,
      ""element"": ""C"",
      ""chemical_environment"": ""Guanine C5 ring sp2 carbon adjacent to the C6 carbonyl carbon"",
      ""functional_group"": ""purine (guanine) six-membered ring"",
      ""hybridization"": ""sp2"",
      ""example_molecule_smiles"": ""O=c1[nH]c2ncnc(N)c2[nH]1"",
      ""group_smarts"": ""[cX3;r6]-[C;r6](=O)"",
      ""atom_specific_smarts"": ""[cX3;r6:1]-[C;r6](=O)"",
      ""description"": ""C5 of guanine: ring sp2 carbon alpha to the C6(=O) carbonyl."",
      ""uncertainty"": ""30""
    },
    {
      ""atom_type"": 366,
      ""element"": ""C"",
      ""chemical_environment"": ""Guanine C6 carbonyl carbon (conjugated to ring N1)"",
      ""functional_group"": ""purine ring amide-like carbonyl"",
      ""hybridization"": ""sp2"",
      ""example_molecule_smiles"": ""O=c1[nH]c2ncnc(N)c2[nH]1"",
      ""group_smarts"": ""[C;X3;r6](=O)-[n;r6]"",
      ""atom_specific_smarts"": ""[C;X3;r6:1](=O)-[n;r6]"",
      ""description"": ""Carbonyl carbon at C6 of guanine conjugated into the purine ring."",
      ""uncertainty"": ""20""
    },
    {
      ""atom_type"": 371,
      ""element"": ""C"",
      ""chemical_environment"": ""Methyl carbon attached to N9 of a purine (adenine or guanine) imidazole nitrogen"",
      ""functional_group"": ""N-alkylated purine (N9-alkyl)"",
      ""hybridization"": ""sp3"",
      ""example_molecule_smiles"": ""Cn1c2ncnc(N)c2n1"",
      ""group_smarts"": ""[CH3X4:1]-[nX2;r5]"",
      ""atom_specific_smarts"": ""[CH3X4:1]-[nX2;r5]"",
      ""description"": ""Aliphatic methyl carbon bound to the ring imidazole nitrogen (N9) of a purine."",
      ""uncertainty"": ""40""
    },
    {
      ""atom_type"": 373,
      ""element"": ""C"",
      ""chemical_environment"": ""Methyl carbon attached to N1 of a pyrimidine (uracil or thymine)"",
      ""functional_group"": ""N-alkylated pyrimidine (N1-alkyl)"",
      ""hybridization"": ""sp3"",
      ""example_molecule_smiles"": ""O=C1n(C)cc(=O)[nH]1"",
      ""group_smarts"": ""[CH3X4:1]-[nX2;r6]-[c;r6]-C(=O)"",
      ""atom_specific_smarts"": ""[CH3X4:1]-[nX2;r6]-[c;r6]-C(=O)"",
      ""description"": ""Methyl carbon bound to N1 of a 1,3-dione pyrimidine ring (U/T)."",
      ""uncertainty"": ""35""
    },
    {
      ""atom_type"": 375,
      ""element"": ""C"",
      ""chemical_environment"": ""Methyl carbon attached to N1 of cytosine (pyrimidin-2-one)"",
      ""functional_group"": ""N-alkylated cytosine (N1-alkyl)"",
      ""hybridization"": ""sp3"",
      ""example_molecule_smiles"": ""O=c1n(C)cnc(N)n1"",
      ""group_smarts"": ""[CH3X4:1]-[nX2;r6]-[c;r6]-C(=O)"",
      ""atom_specific_smarts"": ""[CH3X4:1]-[nX2;r6]-[c;r6]-C(=O)"",
      ""description"": ""Methyl carbon bound to N1 of cytosine (adjacent ring carbon is C2=O)."",
      ""uncertainty"": ""35""
    },
    {
      ""atom_type"": 378,
      ""element"": ""C"",
      ""chemical_environment"": ""Cytosine C2 carbonyl carbon in protonated cytosine (CytH+), adjacent to a protonated ring nitrogen"",
      ""functional_group"": ""protonated pyrimidin-2-one (cytosinium)"",
      ""hybridization"": ""sp2"",
      ""example_molecule_smiles"": ""O=c1[nH+]cnc(N)n1"",
      ""group_smarts"": ""[C;X3;r6](=O)(-[n;r6])-[nH+;r6]"",
      ""atom_specific_smarts"": ""[C;X3;r6:1](=O)(-[n;r6])-[nH+;r6]"",
      ""description"": ""C2 carbonyl carbon of cytosine when N3 is protonated (cytosinium)."",
      ""uncertainty"": ""35""
    }
  ]
}"
353,0.2,C  - CR   | Adenine C8 Guanine,12.011,oplsaa2024.lt,C,6,"Convert the following OPLS-AA atom type rows:

Atom Type Data:
- Atom index: 323
- Force field raw info: C  - CM   | Uracil C5
- Partial charge: -0.07
- Atomic mass: 12.011
- Element guess: C
- Atomic number: 6
- Source file: oplsaa2024.lt


Atom Type Data:
- Atom index: 324
- Force field raw info: C  - CM   | Uracil C6
- Partial charge: 0.08
- Atomic mass: 12.011
- Element guess: C
- Atomic number: 6
- Source file: oplsaa2024.lt


Atom Type Data:
- Atom index: 331
- Force field raw info: C  - CT   | Thymine C-C5
- Partial charge: -0.14
- Atomic mass: 12.011
- Element guess: C
- Atomic number: 6
- Source file: oplsaa2024.lt


Atom Type Data:
- Atom index: 334
- Force field raw info: C  - C~   | Cytosine C2
- Partial charge: 0.55
- Atomic mass: 12.011
- Element guess: C
- Atomic number: 6
- Source file: oplsaa2024.lt


Atom Type Data:
- Atom index: 336
- Force field raw info: C  - CA   | Cytosine C4 Nucleotide base
- Partial charge: 0.46
- Atomic mass: 12.011
- Element guess: C
- Atomic number: 6
- Source file: oplsaa2024.lt


Atom Type Data:
- Atom index: 337
- Force field raw info: C  - CM   | Cytosine C5 parameters:
- Partial charge: -0.06
- Atomic mass: 12.011
- Element guess: C
- Atomic number: 6
- Source file: oplsaa2024.lt


Atom Type Data:
- Atom index: 338
- Force field raw info: C  - CM   | Cytosine C6 JACS,113,2810(1991)
- Partial charge: 0.1
- Atomic mass: 12.011
- Element guess: C
- Atomic number: 6
- Source file: oplsaa2024.lt


Atom Type Data:
- Atom index: 347
- Force field raw info: C  - CQ   | Adenine C2
- Partial charge: 0.22
- Atomic mass: 12.011
- Element guess: C
- Atomic number: 6
- Source file: oplsaa2024.lt


Atom Type Data:
- Atom index: 349
- Force field raw info: C  - CB   | Adenine C4
- Partial charge: 0.38
- Atomic mass: 12.011
- Element guess: C
- Atomic number: 6
- Source file: oplsaa2024.lt


Atom Type Data:
- Atom index: 350
- Force field raw info: C  - CB   | Adenine C5
- Partial charge: 0.15
- Atomic mass: 12.011
- Element guess: C
- Atomic number: 6
- Source file: oplsaa2024.lt


Atom Type Data:
- Atom index: 351
- Force field raw info: C  - CA   | Adenine C6
- Partial charge: 0.44
- Atomic mass: 12.011
- Element guess: C
- Atomic number: 6
- Source file: oplsaa2024.lt


Atom Type Data:
- Atom index: 353
- Force field raw info: C  - CR   | Adenine C8 Guanine
- Partial charge: 0.2
- Atomic mass: 12.011
- Element guess: C
- Atomic number: 6
- Source file: oplsaa2024.lt


Atom Type Data:
- Atom index: 362
- Force field raw info: C  - CA   | Guanine C2
- Partial charge: 0.46
- Atomic mass: 12.011
- Element guess: C
- Atomic number: 6
- Source file: oplsaa2024.lt


Atom Type Data:
- Atom index: 364
- Force field raw info: C  - CB   | Guanine C4
- Partial charge: 0.34
- Atomic mass: 12.011
- Element guess: C
- Atomic number: 6
- Source file: oplsaa2024.lt


Atom Type Data:
- Atom index: 365
- Force field raw info: C  - CB   | Guanine C5
- Partial charge: 0.12
- Atomic mass: 12.011
- Element guess: C
- Atomic number: 6
- Source file: oplsaa2024.lt


Atom Type Data:
- Atom index: 366
- Force field raw info: C  - C~   | Guanine C6
- Partial charge: 0.52
- Atomic mass: 12.011
- Element guess: C
- Atomic number: 6
- Source file: oplsaa2024.lt


Atom Type Data:
- Atom index: 371
- Force field raw info: C  - CT   | 9-Me A or G C-N9
- Partial charge: -0.01
- Atomic mass: 12.011
- Element guess: C
- Atomic number: 6
- Source file: oplsaa2024.lt


Atom Type Data:
- Atom index: 373
- Force field raw info: C  - CT   | 1-Me U or T C-N1
- Partial charge: -0.01
- Atomic mass: 12.011
- Element guess: C
- Atomic number: 6
- Source file: oplsaa2024.lt


Atom Type Data:
- Atom index: 375
- Force field raw info: C  - CT   | 1-Me Cytosine C-N1
- Partial charge: -0.01
- Atomic mass: 12.011
- Element guess: C
- Atomic number: 6
- Source file: oplsaa2024.lt


Atom Type Data:
- Atom index: 378
- Force field raw info: C  - C~   | CytH+ C2
- Partial charge: 0.65
- Atomic mass: 12.011
- Element guess: C
- Atomic number: 6
- Source file: oplsaa2024.lt
","{
  ""atoms"": [
    {
      ""atom_type"": 323,
      ""element"": ""C"",
      ""chemical_environment"": ""Uracil ring C5 (pyrimidine-2,4-dione): sp2 vinylic/aromatic carbon between C4(=O) and C6"",
      ""functional_group"": ""pyrimidine-2,4-dione (uracil) ring"",
      ""hybridization"": ""sp2"",
      ""example_molecule_smiles"": ""O=c1[nH]cc(=O)[nH]1"",
      ""group_smarts"": ""[cX3;r6;$([c]-C(=O));$([c]-[c]-[nH])]"",
      ""atom_specific_smarts"": ""[cX3;r6:1;$([c]-C(=O));$([c]-[c]-[nH])]"",
      ""description"": ""C5 of uracil: ring sp2 carbon adjacent to a carbonyl carbon (C4) and to C6 which is bonded to N1([nH])."",
      ""uncertainty"": ""25""
    },
    {
      ""atom_type"": 324,
      ""element"": ""C"",
      ""chemical_environment"": ""Uracil ring C6: sp2 vinylic/aromatic carbon adjacent to N1([nH]) and C5"",
      ""functional_group"": ""pyrimidine-2,4-dione (uracil) ring"",
      ""hybridization"": ""sp2"",
      ""example_molecule_smiles"": ""O=c1[nH]cc(=O)[nH]1"",
      ""group_smarts"": ""[cX3;r6;$([c]-[nH]);$([c]-[c]-C(=O))]"",
      ""atom_specific_smarts"": ""[cX3;r6:1;$([c]-[nH]);$([c]-[c]-C(=O))]"",
      ""description"": ""C6 of uracil: ring sp2 carbon bonded to N1([nH]) and to C5 which is adjacent to a carbonyl."",
      ""uncertainty"": ""25""
    },
    {
      ""atom_type"": 331,
      ""element"": ""C"",
      ""chemical_environment"": ""Thymine 5-methyl carbon attached to ring C5 (aliphatic sp3)"",
      ""functional_group"": ""5-methyluracil (thymine) substituent"",
      ""hybridization"": ""sp3"",
      ""example_molecule_smiles"": ""O=c1[nH]c(C)c(=O)[nH]1"",
      ""group_smarts"": ""[CH3X4]-[c;r6;$([c]-C(=O))]"",
      ""atom_specific_smarts"": ""O=C1[nH]c([CH3X4:1])c(=O)[nH]1"",
      ""description"": ""Methyl carbon directly bonded to the uracil/thymine C5 ring carbon."",
      ""uncertainty"": ""20""
    },
    {
      ""atom_type"": 334,
      ""element"": ""C"",
      ""chemical_environment"": ""Cytosine C2 carbonyl carbon within pyrimidin-2-one (between two ring nitrogens)"",
      ""functional_group"": ""pyrimidin-2-one (cytosine) ring carbonyl"",
      ""hybridization"": ""sp2"",
      ""example_molecule_smiles"": ""O=c1[nH]cnc(N)n1"",
      ""group_smarts"": ""[C;X3;r6](=O)(-[n;r6])-[n;r6]"",
      ""atom_specific_smarts"": ""[C;X3;r6:1](=O)(-[n;r6])-[n;r6]"",
      ""description"": ""Carbonyl carbon at C2 of cytosine conjugated to two ring nitrogens (N1 and N3)."",
      ""uncertainty"": ""20""
    },
    {
      ""atom_type"": 336,
      ""element"": ""C"",
      ""chemical_environment"": ""Cytosine C4 ring carbon bearing an exocyclic amino substituent"",
      ""functional_group"": ""pyrimidin-2-one (cytosine) ring, C4–NH2"",
      ""hybridization"": ""sp2"",
      ""example_molecule_smiles"": ""O=c1[nH]cnc(N)n1"",
      ""group_smarts"": ""[cX3;r6;$([c]-[NH2]);$([c]-[n;r6])]"",
      ""atom_specific_smarts"": ""[cX3;r6:1;$([c]-[NH2]);$([c]-[n;r6])]"",
      ""description"": ""C4 of cytosine: sp2 ring carbon bonded to exocyclic –NH2 and to N3 in the ring."",
      ""uncertainty"": ""25""
    },
    {
      ""atom_type"": 337,
      ""element"": ""C"",
      ""chemical_environment"": ""Cytosine C5 ring sp2 carbon between C4(–NH2) and C6"",
      ""functional_group"": ""pyrimidin-2-one (cytosine) ring"",
      ""hybridization"": ""sp2"",
      ""example_molecule_smiles"": ""O=c1[nH]cnc(N)n1"",
      ""group_smarts"": ""[cX3;r6;$([c]-[c;$([c]-[NH2])]);$([c]-[n;r6])]"",
      ""atom_specific_smarts"": ""[cX3;r6:1;$([c]-[c;$([c]-[NH2])]);$([c]-[n;r6])]"",
      ""description"": ""C5 of cytosine: ring sp2 carbon adjacent to C4 bearing –NH2 and adjacent to C6 (which is bonded to N1)."",
      ""uncertainty"": ""30""
    },
    {
      ""atom_type"": 338,
      ""element"": ""C"",
      ""chemical_environment"": ""Cytosine C6 ring sp2 carbon adjacent to N1 and C5 (which is adjacent to C4–NH2)"",
      ""functional_group"": ""pyrimidin-2-one (cytosine) ring"",
      ""hybridization"": ""sp2"",
      ""example_molecule_smiles"": ""O=c1[nH]cnc(N)n1"",
      ""group_smarts"": ""[cX3;r6;$([c]-[n;r6]);$([c]-[c;$([c]-[NH2])])]"",
      ""atom_specific_smarts"": ""[cX3;r6:1;$([c]-[n;r6]);$([c]-[c;$([c]-[NH2])])]"",
      ""description"": ""C6 of cytosine: ring sp2 carbon bonded to N1 and to C5 (which is alpha to the exocyclic amino at C4)."",
      ""uncertainty"": ""30""
    },
    {
      ""atom_type"": 347,
      ""element"": ""C"",
      ""chemical_environment"": ""Adenine C2 ring sp2 carbon flanked by two ring nitrogens (N1 and N3)"",
      ""functional_group"": ""purine (adenine) six-membered ring"",
      ""hybridization"": ""sp2"",
      ""example_molecule_smiles"": ""Nc1ncnc2ncnc12"",
      ""group_smarts"": ""[cX3;r6;$([c]-[n;r6]);$([c]-[n;r6])]"",
      ""atom_specific_smarts"": ""[cX3;r6:1;$([c]-[n;r6]);$([c]-[n;r6])]"",
      ""description"": ""C2 of adenine: six-membered ring carbon with two ring N neighbors (N1 and N3)."",
      ""uncertainty"": ""40""
    },
    {
      ""atom_type"": 349,
      ""element"": ""C"",
      ""chemical_environment"": ""Adenine C4 ring sp2 carbon adjacent to N3; not bonded to exocyclic substituents"",
      ""functional_group"": ""purine (adenine) six-membered ring"",
      ""hybridization"": ""sp2"",
      ""example_molecule_smiles"": ""Nc1ncnc2ncnc12"",
      ""group_smarts"": ""[cX3;r6;$([c]-[n;r6]);!$([c]-N)]"",
      ""atom_specific_smarts"": ""[cX3;r6:1;$([c]-[n;r6]);!$([c]-N)]"",
      ""description"": ""C4 of adenine: ring sp2 carbon adjacent to N3, not bearing an exocyclic amino or carbonyl."",
      ""uncertainty"": ""50""
    },
    {
      ""atom_type"": 350,
      ""element"": ""C"",
      ""chemical_environment"": ""Adenine C5 ring sp2 carbon between C4 (adjacent to N3) and C6 (bearing exocyclic –NH2)"",
      ""functional_group"": ""purine (adenine) six-membered ring"",
      ""hybridization"": ""sp2"",
      ""example_molecule_smiles"": ""Nc1ncnc2ncnc12"",
      ""group_smarts"": ""[cX3;r6;$([c]-[c;$([c]-N)])]"",
      ""atom_specific_smarts"": ""[cX3;r6:1;$([c]-[c;$([c]-N)])]"",
      ""description"": ""C5 of adenine: ring sp2 carbon adjacent to the C6 carbon that carries the exocyclic –NH2."",
      ""uncertainty"": ""50""
    },
    {
      ""atom_type"": 351,
      ""element"": ""C"",
      ""chemical_environment"": ""Adenine C6 ring sp2 carbon bound to an exocyclic amino group"",
      ""functional_group"": ""purine (adenine) exocyclic amine attachment site"",
      ""hybridization"": ""sp2"",
      ""example_molecule_smiles"": ""Nc1ncnc2ncnc12"",
      ""group_smarts"": ""[cX3;r6]-N"",
      ""atom_specific_smarts"": ""[cX3;r6:1]-N"",
      ""description"": ""C6 of adenine: ring sp2 carbon directly attached to –NH2."",
      ""uncertainty"": ""30""
    },
    {
      ""atom_type"": 353,
      ""element"": ""C"",
      ""chemical_environment"": ""Purine C8 (adenine/guanine) five-membered ring sp2 carbon adjacent to N7 and fused to six-membered ring"",
      ""functional_group"": ""purine imidazole ring (fused five-membered ring)"",
      ""hybridization"": ""sp2"",
      ""example_molecule_smiles"": ""Nc1ncnc2ncnc12"",
      ""group_smarts"": ""[cX3;r5;$([c]-[n;r5]);$([c]-[c;r6])]"",
      ""atom_specific_smarts"": ""[cX3;r5:1;$([c]-[n;r5]);$([c]-[c;r6])]"",
      ""description"": ""C8 of purines: sp2 carbon in the five-membered ring adjacent to N7 and fused to the six-membered ring."",
      ""uncertainty"": ""40""
    },
    {
      ""atom_type"": 362,
      ""element"": ""C"",
      ""chemical_environment"": ""Guanine C2 ring sp2 carbon bearing an exocyclic amino group and flanked by two ring nitrogens"",
      ""functional_group"": ""purine (guanine) six-membered ring, C2–NH2"",
      ""hybridization"": ""sp2"",
      ""example_molecule_smiles"": ""O=c1[nH]c2ncnc(N)c2[nH]1"",
      ""group_smarts"": ""[cX3;r6](-N)(-[n;r6])-[n;r6]"",
      ""atom_specific_smarts"": ""[cX3;r6:1](-N)(-[n;r6])-[n;r6]"",
      ""description"": ""C2 of guanine: ring sp2 carbon with exocyclic –NH2, bonded to both N1 and N3 in the ring."",
      ""uncertainty"": ""30""
    },
    {
      ""atom_type"": 364,
      ""element"": ""C"",
      ""chemical_environment"": ""Guanine C4 ring sp2 carbon adjacent to N3; not directly attached to exocyclic groups"",
      ""functional_group"": ""purine (guanine) six-membered ring"",
      ""hybridization"": ""sp2"",
      ""example_molecule_smiles"": ""O=c1[nH]c2ncnc(N)c2[nH]1"",
      ""group_smarts"": ""[cX3;r6;$([c]-[n;r6]);!$([c]-N);!$([c]-C(=O))]"",
      ""atom_specific_smarts"": ""[cX3;r6:1;$([c]-[n;r6]);!$([c]-N);!$([c]-C(=O))]"",
      ""description"": ""C4 of guanine: ring sp2 carbon next to N3, not bonded to exocyclic amine or carbonyl."",
      ""uncertainty"": ""45""
    },
    {
      ""atom_type"": 365,
      ""element"": ""C"",
      ""chemical_environment"": ""Guanine C5 ring sp2 carbon adjacent to the C6 carbonyl carbon"",
      ""functional_group"": ""purine (guanine) six-membered ring"",
      ""hybridization"": ""sp2"",
      ""example_molecule_smiles"": ""O=c1[nH]c2ncnc(N)c2[nH]1"",
      ""group_smarts"": ""[cX3;r6]-[C;r6](=O)"",
      ""atom_specific_smarts"": ""[cX3;r6:1]-[C;r6](=O)"",
      ""description"": ""C5 of guanine: ring sp2 carbon alpha to the C6(=O) carbonyl."",
      ""uncertainty"": ""30""
    },
    {
      ""atom_type"": 366,
      ""element"": ""C"",
      ""chemical_environment"": ""Guanine C6 carbonyl carbon (conjugated to ring N1)"",
      ""functional_group"": ""purine ring amide-like carbonyl"",
      ""hybridization"": ""sp2"",
      ""example_molecule_smiles"": ""O=c1[nH]c2ncnc(N)c2[nH]1"",
      ""group_smarts"": ""[C;X3;r6](=O)-[n;r6]"",
      ""atom_specific_smarts"": ""[C;X3;r6:1](=O)-[n;r6]"",
      ""description"": ""Carbonyl carbon at C6 of guanine conjugated into the purine ring."",
      ""uncertainty"": ""20""
    },
    {
      ""atom_type"": 371,
      ""element"": ""C"",
      ""chemical_environment"": ""Methyl carbon attached to N9 of a purine (adenine or guanine) imidazole nitrogen"",
      ""functional_group"": ""N-alkylated purine (N9-alkyl)"",
      ""hybridization"": ""sp3"",
      ""example_molecule_smiles"": ""Cn1c2ncnc(N)c2n1"",
      ""group_smarts"": ""[CH3X4:1]-[nX2;r5]"",
      ""atom_specific_smarts"": ""[CH3X4:1]-[nX2;r5]"",
      ""description"": ""Aliphatic methyl carbon bound to the ring imidazole nitrogen (N9) of a purine."",
      ""uncertainty"": ""40""
    },
    {
      ""atom_type"": 373,
      ""element"": ""C"",
      ""chemical_environment"": ""Methyl carbon attached to N1 of a pyrimidine (uracil or thymine)"",
      ""functional_group"": ""N-alkylated pyrimidine (N1-alkyl)"",
      ""hybridization"": ""sp3"",
      ""example_molecule_smiles"": ""O=C1n(C)cc(=O)[nH]1"",
      ""group_smarts"": ""[CH3X4:1]-[nX2;r6]-[c;r6]-C(=O)"",
      ""atom_specific_smarts"": ""[CH3X4:1]-[nX2;r6]-[c;r6]-C(=O)"",
      ""description"": ""Methyl carbon bound to N1 of a 1,3-dione pyrimidine ring (U/T)."",
      ""uncertainty"": ""35""
    },
    {
      ""atom_type"": 375,
      ""element"": ""C"",
      ""chemical_environment"": ""Methyl carbon attached to N1 of cytosine (pyrimidin-2-one)"",
      ""functional_group"": ""N-alkylated cytosine (N1-alkyl)"",
      ""hybridization"": ""sp3"",
      ""example_molecule_smiles"": ""O=c1n(C)cnc(N)n1"",
      ""group_smarts"": ""[CH3X4:1]-[nX2;r6]-[c;r6]-C(=O)"",
      ""atom_specific_smarts"": ""[CH3X4:1]-[nX2;r6]-[c;r6]-C(=O)"",
      ""description"": ""Methyl carbon bound to N1 of cytosine (adjacent ring carbon is C2=O)."",
      ""uncertainty"": ""35""
    },
    {
      ""atom_type"": 378,
      ""element"": ""C"",
      ""chemical_environment"": ""Cytosine C2 carbonyl carbon in protonated cytosine (CytH+), adjacent to a protonated ring nitrogen"",
      ""functional_group"": ""protonated pyrimidin-2-one (cytosinium)"",
      ""hybridization"": ""sp2"",
      ""example_molecule_smiles"": ""O=c1[nH+]cnc(N)n1"",
      ""group_smarts"": ""[C;X3;r6](=O)(-[n;r6])-[nH+;r6]"",
      ""atom_specific_smarts"": ""[C;X3;r6:1](=O)(-[n;r6])-[nH+;r6]"",
      ""description"": ""C2 carbonyl carbon of cytosine when N3 is protonated (cytosinium)."",
      ""uncertainty"": ""35""
    }
  ]
}"
362,0.46,C  - CA   | Guanine C2,12.011,oplsaa2024.lt,C,6,"Convert the following OPLS-AA atom type rows:

Atom Type Data:
- Atom index: 323
- Force field raw info: C  - CM   | Uracil C5
- Partial charge: -0.07
- Atomic mass: 12.011
- Element guess: C
- Atomic number: 6
- Source file: oplsaa2024.lt


Atom Type Data:
- Atom index: 324
- Force field raw info: C  - CM   | Uracil C6
- Partial charge: 0.08
- Atomic mass: 12.011
- Element guess: C
- Atomic number: 6
- Source file: oplsaa2024.lt


Atom Type Data:
- Atom index: 331
- Force field raw info: C  - CT   | Thymine C-C5
- Partial charge: -0.14
- Atomic mass: 12.011
- Element guess: C
- Atomic number: 6
- Source file: oplsaa2024.lt


Atom Type Data:
- Atom index: 334
- Force field raw info: C  - C~   | Cytosine C2
- Partial charge: 0.55
- Atomic mass: 12.011
- Element guess: C
- Atomic number: 6
- Source file: oplsaa2024.lt


Atom Type Data:
- Atom index: 336
- Force field raw info: C  - CA   | Cytosine C4 Nucleotide base
- Partial charge: 0.46
- Atomic mass: 12.011
- Element guess: C
- Atomic number: 6
- Source file: oplsaa2024.lt


Atom Type Data:
- Atom index: 337
- Force field raw info: C  - CM   | Cytosine C5 parameters:
- Partial charge: -0.06
- Atomic mass: 12.011
- Element guess: C
- Atomic number: 6
- Source file: oplsaa2024.lt


Atom Type Data:
- Atom index: 338
- Force field raw info: C  - CM   | Cytosine C6 JACS,113,2810(1991)
- Partial charge: 0.1
- Atomic mass: 12.011
- Element guess: C
- Atomic number: 6
- Source file: oplsaa2024.lt


Atom Type Data:
- Atom index: 347
- Force field raw info: C  - CQ   | Adenine C2
- Partial charge: 0.22
- Atomic mass: 12.011
- Element guess: C
- Atomic number: 6
- Source file: oplsaa2024.lt


Atom Type Data:
- Atom index: 349
- Force field raw info: C  - CB   | Adenine C4
- Partial charge: 0.38
- Atomic mass: 12.011
- Element guess: C
- Atomic number: 6
- Source file: oplsaa2024.lt


Atom Type Data:
- Atom index: 350
- Force field raw info: C  - CB   | Adenine C5
- Partial charge: 0.15
- Atomic mass: 12.011
- Element guess: C
- Atomic number: 6
- Source file: oplsaa2024.lt


Atom Type Data:
- Atom index: 351
- Force field raw info: C  - CA   | Adenine C6
- Partial charge: 0.44
- Atomic mass: 12.011
- Element guess: C
- Atomic number: 6
- Source file: oplsaa2024.lt


Atom Type Data:
- Atom index: 353
- Force field raw info: C  - CR   | Adenine C8 Guanine
- Partial charge: 0.2
- Atomic mass: 12.011
- Element guess: C
- Atomic number: 6
- Source file: oplsaa2024.lt


Atom Type Data:
- Atom index: 362
- Force field raw info: C  - CA   | Guanine C2
- Partial charge: 0.46
- Atomic mass: 12.011
- Element guess: C
- Atomic number: 6
- Source file: oplsaa2024.lt


Atom Type Data:
- Atom index: 364
- Force field raw info: C  - CB   | Guanine C4
- Partial charge: 0.34
- Atomic mass: 12.011
- Element guess: C
- Atomic number: 6
- Source file: oplsaa2024.lt


Atom Type Data:
- Atom index: 365
- Force field raw info: C  - CB   | Guanine C5
- Partial charge: 0.12
- Atomic mass: 12.011
- Element guess: C
- Atomic number: 6
- Source file: oplsaa2024.lt


Atom Type Data:
- Atom index: 366
- Force field raw info: C  - C~   | Guanine C6
- Partial charge: 0.52
- Atomic mass: 12.011
- Element guess: C
- Atomic number: 6
- Source file: oplsaa2024.lt


Atom Type Data:
- Atom index: 371
- Force field raw info: C  - CT   | 9-Me A or G C-N9
- Partial charge: -0.01
- Atomic mass: 12.011
- Element guess: C
- Atomic number: 6
- Source file: oplsaa2024.lt


Atom Type Data:
- Atom index: 373
- Force field raw info: C  - CT   | 1-Me U or T C-N1
- Partial charge: -0.01
- Atomic mass: 12.011
- Element guess: C
- Atomic number: 6
- Source file: oplsaa2024.lt


Atom Type Data:
- Atom index: 375
- Force field raw info: C  - CT   | 1-Me Cytosine C-N1
- Partial charge: -0.01
- Atomic mass: 12.011
- Element guess: C
- Atomic number: 6
- Source file: oplsaa2024.lt


Atom Type Data:
- Atom index: 378
- Force field raw info: C  - C~   | CytH+ C2
- Partial charge: 0.65
- Atomic mass: 12.011
- Element guess: C
- Atomic number: 6
- Source file: oplsaa2024.lt
","{
  ""atoms"": [
    {
      ""atom_type"": 323,
      ""element"": ""C"",
      ""chemical_environment"": ""Uracil ring C5 (pyrimidine-2,4-dione): sp2 vinylic/aromatic carbon between C4(=O) and C6"",
      ""functional_group"": ""pyrimidine-2,4-dione (uracil) ring"",
      ""hybridization"": ""sp2"",
      ""example_molecule_smiles"": ""O=c1[nH]cc(=O)[nH]1"",
      ""group_smarts"": ""[cX3;r6;$([c]-C(=O));$([c]-[c]-[nH])]"",
      ""atom_specific_smarts"": ""[cX3;r6:1;$([c]-C(=O));$([c]-[c]-[nH])]"",
      ""description"": ""C5 of uracil: ring sp2 carbon adjacent to a carbonyl carbon (C4) and to C6 which is bonded to N1([nH])."",
      ""uncertainty"": ""25""
    },
    {
      ""atom_type"": 324,
      ""element"": ""C"",
      ""chemical_environment"": ""Uracil ring C6: sp2 vinylic/aromatic carbon adjacent to N1([nH]) and C5"",
      ""functional_group"": ""pyrimidine-2,4-dione (uracil) ring"",
      ""hybridization"": ""sp2"",
      ""example_molecule_smiles"": ""O=c1[nH]cc(=O)[nH]1"",
      ""group_smarts"": ""[cX3;r6;$([c]-[nH]);$([c]-[c]-C(=O))]"",
      ""atom_specific_smarts"": ""[cX3;r6:1;$([c]-[nH]);$([c]-[c]-C(=O))]"",
      ""description"": ""C6 of uracil: ring sp2 carbon bonded to N1([nH]) and to C5 which is adjacent to a carbonyl."",
      ""uncertainty"": ""25""
    },
    {
      ""atom_type"": 331,
      ""element"": ""C"",
      ""chemical_environment"": ""Thymine 5-methyl carbon attached to ring C5 (aliphatic sp3)"",
      ""functional_group"": ""5-methyluracil (thymine) substituent"",
      ""hybridization"": ""sp3"",
      ""example_molecule_smiles"": ""O=c1[nH]c(C)c(=O)[nH]1"",
      ""group_smarts"": ""[CH3X4]-[c;r6;$([c]-C(=O))]"",
      ""atom_specific_smarts"": ""O=C1[nH]c([CH3X4:1])c(=O)[nH]1"",
      ""description"": ""Methyl carbon directly bonded to the uracil/thymine C5 ring carbon."",
      ""uncertainty"": ""20""
    },
    {
      ""atom_type"": 334,
      ""element"": ""C"",
      ""chemical_environment"": ""Cytosine C2 carbonyl carbon within pyrimidin-2-one (between two ring nitrogens)"",
      ""functional_group"": ""pyrimidin-2-one (cytosine) ring carbonyl"",
      ""hybridization"": ""sp2"",
      ""example_molecule_smiles"": ""O=c1[nH]cnc(N)n1"",
      ""group_smarts"": ""[C;X3;r6](=O)(-[n;r6])-[n;r6]"",
      ""atom_specific_smarts"": ""[C;X3;r6:1](=O)(-[n;r6])-[n;r6]"",
      ""description"": ""Carbonyl carbon at C2 of cytosine conjugated to two ring nitrogens (N1 and N3)."",
      ""uncertainty"": ""20""
    },
    {
      ""atom_type"": 336,
      ""element"": ""C"",
      ""chemical_environment"": ""Cytosine C4 ring carbon bearing an exocyclic amino substituent"",
      ""functional_group"": ""pyrimidin-2-one (cytosine) ring, C4–NH2"",
      ""hybridization"": ""sp2"",
      ""example_molecule_smiles"": ""O=c1[nH]cnc(N)n1"",
      ""group_smarts"": ""[cX3;r6;$([c]-[NH2]);$([c]-[n;r6])]"",
      ""atom_specific_smarts"": ""[cX3;r6:1;$([c]-[NH2]);$([c]-[n;r6])]"",
      ""description"": ""C4 of cytosine: sp2 ring carbon bonded to exocyclic –NH2 and to N3 in the ring."",
      ""uncertainty"": ""25""
    },
    {
      ""atom_type"": 337,
      ""element"": ""C"",
      ""chemical_environment"": ""Cytosine C5 ring sp2 carbon between C4(–NH2) and C6"",
      ""functional_group"": ""pyrimidin-2-one (cytosine) ring"",
      ""hybridization"": ""sp2"",
      ""example_molecule_smiles"": ""O=c1[nH]cnc(N)n1"",
      ""group_smarts"": ""[cX3;r6;$([c]-[c;$([c]-[NH2])]);$([c]-[n;r6])]"",
      ""atom_specific_smarts"": ""[cX3;r6:1;$([c]-[c;$([c]-[NH2])]);$([c]-[n;r6])]"",
      ""description"": ""C5 of cytosine: ring sp2 carbon adjacent to C4 bearing –NH2 and adjacent to C6 (which is bonded to N1)."",
      ""uncertainty"": ""30""
    },
    {
      ""atom_type"": 338,
      ""element"": ""C"",
      ""chemical_environment"": ""Cytosine C6 ring sp2 carbon adjacent to N1 and C5 (which is adjacent to C4–NH2)"",
      ""functional_group"": ""pyrimidin-2-one (cytosine) ring"",
      ""hybridization"": ""sp2"",
      ""example_molecule_smiles"": ""O=c1[nH]cnc(N)n1"",
      ""group_smarts"": ""[cX3;r6;$([c]-[n;r6]);$([c]-[c;$([c]-[NH2])])]"",
      ""atom_specific_smarts"": ""[cX3;r6:1;$([c]-[n;r6]);$([c]-[c;$([c]-[NH2])])]"",
      ""description"": ""C6 of cytosine: ring sp2 carbon bonded to N1 and to C5 (which is alpha to the exocyclic amino at C4)."",
      ""uncertainty"": ""30""
    },
    {
      ""atom_type"": 347,
      ""element"": ""C"",
      ""chemical_environment"": ""Adenine C2 ring sp2 carbon flanked by two ring nitrogens (N1 and N3)"",
      ""functional_group"": ""purine (adenine) six-membered ring"",
      ""hybridization"": ""sp2"",
      ""example_molecule_smiles"": ""Nc1ncnc2ncnc12"",
      ""group_smarts"": ""[cX3;r6;$([c]-[n;r6]);$([c]-[n;r6])]"",
      ""atom_specific_smarts"": ""[cX3;r6:1;$([c]-[n;r6]);$([c]-[n;r6])]"",
      ""description"": ""C2 of adenine: six-membered ring carbon with two ring N neighbors (N1 and N3)."",
      ""uncertainty"": ""40""
    },
    {
      ""atom_type"": 349,
      ""element"": ""C"",
      ""chemical_environment"": ""Adenine C4 ring sp2 carbon adjacent to N3; not bonded to exocyclic substituents"",
      ""functional_group"": ""purine (adenine) six-membered ring"",
      ""hybridization"": ""sp2"",
      ""example_molecule_smiles"": ""Nc1ncnc2ncnc12"",
      ""group_smarts"": ""[cX3;r6;$([c]-[n;r6]);!$([c]-N)]"",
      ""atom_specific_smarts"": ""[cX3;r6:1;$([c]-[n;r6]);!$([c]-N)]"",
      ""description"": ""C4 of adenine: ring sp2 carbon adjacent to N3, not bearing an exocyclic amino or carbonyl."",
      ""uncertainty"": ""50""
    },
    {
      ""atom_type"": 350,
      ""element"": ""C"",
      ""chemical_environment"": ""Adenine C5 ring sp2 carbon between C4 (adjacent to N3) and C6 (bearing exocyclic –NH2)"",
      ""functional_group"": ""purine (adenine) six-membered ring"",
      ""hybridization"": ""sp2"",
      ""example_molecule_smiles"": ""Nc1ncnc2ncnc12"",
      ""group_smarts"": ""[cX3;r6;$([c]-[c;$([c]-N)])]"",
      ""atom_specific_smarts"": ""[cX3;r6:1;$([c]-[c;$([c]-N)])]"",
      ""description"": ""C5 of adenine: ring sp2 carbon adjacent to the C6 carbon that carries the exocyclic –NH2."",
      ""uncertainty"": ""50""
    },
    {
      ""atom_type"": 351,
      ""element"": ""C"",
      ""chemical_environment"": ""Adenine C6 ring sp2 carbon bound to an exocyclic amino group"",
      ""functional_group"": ""purine (adenine) exocyclic amine attachment site"",
      ""hybridization"": ""sp2"",
      ""example_molecule_smiles"": ""Nc1ncnc2ncnc12"",
      ""group_smarts"": ""[cX3;r6]-N"",
      ""atom_specific_smarts"": ""[cX3;r6:1]-N"",
      ""description"": ""C6 of adenine: ring sp2 carbon directly attached to –NH2."",
      ""uncertainty"": ""30""
    },
    {
      ""atom_type"": 353,
      ""element"": ""C"",
      ""chemical_environment"": ""Purine C8 (adenine/guanine) five-membered ring sp2 carbon adjacent to N7 and fused to six-membered ring"",
      ""functional_group"": ""purine imidazole ring (fused five-membered ring)"",
      ""hybridization"": ""sp2"",
      ""example_molecule_smiles"": ""Nc1ncnc2ncnc12"",
      ""group_smarts"": ""[cX3;r5;$([c]-[n;r5]);$([c]-[c;r6])]"",
      ""atom_specific_smarts"": ""[cX3;r5:1;$([c]-[n;r5]);$([c]-[c;r6])]"",
      ""description"": ""C8 of purines: sp2 carbon in the five-membered ring adjacent to N7 and fused to the six-membered ring."",
      ""uncertainty"": ""40""
    },
    {
      ""atom_type"": 362,
      ""element"": ""C"",
      ""chemical_environment"": ""Guanine C2 ring sp2 carbon bearing an exocyclic amino group and flanked by two ring nitrogens"",
      ""functional_group"": ""purine (guanine) six-membered ring, C2–NH2"",
      ""hybridization"": ""sp2"",
      ""example_molecule_smiles"": ""O=c1[nH]c2ncnc(N)c2[nH]1"",
      ""group_smarts"": ""[cX3;r6](-N)(-[n;r6])-[n;r6]"",
      ""atom_specific_smarts"": ""[cX3;r6:1](-N)(-[n;r6])-[n;r6]"",
      ""description"": ""C2 of guanine: ring sp2 carbon with exocyclic –NH2, bonded to both N1 and N3 in the ring."",
      ""uncertainty"": ""30""
    },
    {
      ""atom_type"": 364,
      ""element"": ""C"",
      ""chemical_environment"": ""Guanine C4 ring sp2 carbon adjacent to N3; not directly attached to exocyclic groups"",
      ""functional_group"": ""purine (guanine) six-membered ring"",
      ""hybridization"": ""sp2"",
      ""example_molecule_smiles"": ""O=c1[nH]c2ncnc(N)c2[nH]1"",
      ""group_smarts"": ""[cX3;r6;$([c]-[n;r6]);!$([c]-N);!$([c]-C(=O))]"",
      ""atom_specific_smarts"": ""[cX3;r6:1;$([c]-[n;r6]);!$([c]-N);!$([c]-C(=O))]"",
      ""description"": ""C4 of guanine: ring sp2 carbon next to N3, not bonded to exocyclic amine or carbonyl."",
      ""uncertainty"": ""45""
    },
    {
      ""atom_type"": 365,
      ""element"": ""C"",
      ""chemical_environment"": ""Guanine C5 ring sp2 carbon adjacent to the C6 carbonyl carbon"",
      ""functional_group"": ""purine (guanine) six-membered ring"",
      ""hybridization"": ""sp2"",
      ""example_molecule_smiles"": ""O=c1[nH]c2ncnc(N)c2[nH]1"",
      ""group_smarts"": ""[cX3;r6]-[C;r6](=O)"",
      ""atom_specific_smarts"": ""[cX3;r6:1]-[C;r6](=O)"",
      ""description"": ""C5 of guanine: ring sp2 carbon alpha to the C6(=O) carbonyl."",
      ""uncertainty"": ""30""
    },
    {
      ""atom_type"": 366,
      ""element"": ""C"",
      ""chemical_environment"": ""Guanine C6 carbonyl carbon (conjugated to ring N1)"",
      ""functional_group"": ""purine ring amide-like carbonyl"",
      ""hybridization"": ""sp2"",
      ""example_molecule_smiles"": ""O=c1[nH]c2ncnc(N)c2[nH]1"",
      ""group_smarts"": ""[C;X3;r6](=O)-[n;r6]"",
      ""atom_specific_smarts"": ""[C;X3;r6:1](=O)-[n;r6]"",
      ""description"": ""Carbonyl carbon at C6 of guanine conjugated into the purine ring."",
      ""uncertainty"": ""20""
    },
    {
      ""atom_type"": 371,
      ""element"": ""C"",
      ""chemical_environment"": ""Methyl carbon attached to N9 of a purine (adenine or guanine) imidazole nitrogen"",
      ""functional_group"": ""N-alkylated purine (N9-alkyl)"",
      ""hybridization"": ""sp3"",
      ""example_molecule_smiles"": ""Cn1c2ncnc(N)c2n1"",
      ""group_smarts"": ""[CH3X4:1]-[nX2;r5]"",
      ""atom_specific_smarts"": ""[CH3X4:1]-[nX2;r5]"",
      ""description"": ""Aliphatic methyl carbon bound to the ring imidazole nitrogen (N9) of a purine."",
      ""uncertainty"": ""40""
    },
    {
      ""atom_type"": 373,
      ""element"": ""C"",
      ""chemical_environment"": ""Methyl carbon attached to N1 of a pyrimidine (uracil or thymine)"",
      ""functional_group"": ""N-alkylated pyrimidine (N1-alkyl)"",
      ""hybridization"": ""sp3"",
      ""example_molecule_smiles"": ""O=C1n(C)cc(=O)[nH]1"",
      ""group_smarts"": ""[CH3X4:1]-[nX2;r6]-[c;r6]-C(=O)"",
      ""atom_specific_smarts"": ""[CH3X4:1]-[nX2;r6]-[c;r6]-C(=O)"",
      ""description"": ""Methyl carbon bound to N1 of a 1,3-dione pyrimidine ring (U/T)."",
      ""uncertainty"": ""35""
    },
    {
      ""atom_type"": 375,
      ""element"": ""C"",
      ""chemical_environment"": ""Methyl carbon attached to N1 of cytosine (pyrimidin-2-one)"",
      ""functional_group"": ""N-alkylated cytosine (N1-alkyl)"",
      ""hybridization"": ""sp3"",
      ""example_molecule_smiles"": ""O=c1n(C)cnc(N)n1"",
      ""group_smarts"": ""[CH3X4:1]-[nX2;r6]-[c;r6]-C(=O)"",
      ""atom_specific_smarts"": ""[CH3X4:1]-[nX2;r6]-[c;r6]-C(=O)"",
      ""description"": ""Methyl carbon bound to N1 of cytosine (adjacent ring carbon is C2=O)."",
      ""uncertainty"": ""35""
    },
    {
      ""atom_type"": 378,
      ""element"": ""C"",
      ""chemical_environment"": ""Cytosine C2 carbonyl carbon in protonated cytosine (CytH+), adjacent to a protonated ring nitrogen"",
      ""functional_group"": ""protonated pyrimidin-2-one (cytosinium)"",
      ""hybridization"": ""sp2"",
      ""example_molecule_smiles"": ""O=c1[nH+]cnc(N)n1"",
      ""group_smarts"": ""[C;X3;r6](=O)(-[n;r6])-[nH+;r6]"",
      ""atom_specific_smarts"": ""[C;X3;r6:1](=O)(-[n;r6])-[nH+;r6]"",
      ""description"": ""C2 carbonyl carbon of cytosine when N3 is protonated (cytosinium)."",
      ""uncertainty"": ""35""
    }
  ]
}"
364,0.34,C  - CB   | Guanine C4,12.011,oplsaa2024.lt,C,6,"Convert the following OPLS-AA atom type rows:

Atom Type Data:
- Atom index: 323
- Force field raw info: C  - CM   | Uracil C5
- Partial charge: -0.07
- Atomic mass: 12.011
- Element guess: C
- Atomic number: 6
- Source file: oplsaa2024.lt


Atom Type Data:
- Atom index: 324
- Force field raw info: C  - CM   | Uracil C6
- Partial charge: 0.08
- Atomic mass: 12.011
- Element guess: C
- Atomic number: 6
- Source file: oplsaa2024.lt


Atom Type Data:
- Atom index: 331
- Force field raw info: C  - CT   | Thymine C-C5
- Partial charge: -0.14
- Atomic mass: 12.011
- Element guess: C
- Atomic number: 6
- Source file: oplsaa2024.lt


Atom Type Data:
- Atom index: 334
- Force field raw info: C  - C~   | Cytosine C2
- Partial charge: 0.55
- Atomic mass: 12.011
- Element guess: C
- Atomic number: 6
- Source file: oplsaa2024.lt


Atom Type Data:
- Atom index: 336
- Force field raw info: C  - CA   | Cytosine C4 Nucleotide base
- Partial charge: 0.46
- Atomic mass: 12.011
- Element guess: C
- Atomic number: 6
- Source file: oplsaa2024.lt


Atom Type Data:
- Atom index: 337
- Force field raw info: C  - CM   | Cytosine C5 parameters:
- Partial charge: -0.06
- Atomic mass: 12.011
- Element guess: C
- Atomic number: 6
- Source file: oplsaa2024.lt


Atom Type Data:
- Atom index: 338
- Force field raw info: C  - CM   | Cytosine C6 JACS,113,2810(1991)
- Partial charge: 0.1
- Atomic mass: 12.011
- Element guess: C
- Atomic number: 6
- Source file: oplsaa2024.lt


Atom Type Data:
- Atom index: 347
- Force field raw info: C  - CQ   | Adenine C2
- Partial charge: 0.22
- Atomic mass: 12.011
- Element guess: C
- Atomic number: 6
- Source file: oplsaa2024.lt


Atom Type Data:
- Atom index: 349
- Force field raw info: C  - CB   | Adenine C4
- Partial charge: 0.38
- Atomic mass: 12.011
- Element guess: C
- Atomic number: 6
- Source file: oplsaa2024.lt


Atom Type Data:
- Atom index: 350
- Force field raw info: C  - CB   | Adenine C5
- Partial charge: 0.15
- Atomic mass: 12.011
- Element guess: C
- Atomic number: 6
- Source file: oplsaa2024.lt


Atom Type Data:
- Atom index: 351
- Force field raw info: C  - CA   | Adenine C6
- Partial charge: 0.44
- Atomic mass: 12.011
- Element guess: C
- Atomic number: 6
- Source file: oplsaa2024.lt


Atom Type Data:
- Atom index: 353
- Force field raw info: C  - CR   | Adenine C8 Guanine
- Partial charge: 0.2
- Atomic mass: 12.011
- Element guess: C
- Atomic number: 6
- Source file: oplsaa2024.lt


Atom Type Data:
- Atom index: 362
- Force field raw info: C  - CA   | Guanine C2
- Partial charge: 0.46
- Atomic mass: 12.011
- Element guess: C
- Atomic number: 6
- Source file: oplsaa2024.lt


Atom Type Data:
- Atom index: 364
- Force field raw info: C  - CB   | Guanine C4
- Partial charge: 0.34
- Atomic mass: 12.011
- Element guess: C
- Atomic number: 6
- Source file: oplsaa2024.lt


Atom Type Data:
- Atom index: 365
- Force field raw info: C  - CB   | Guanine C5
- Partial charge: 0.12
- Atomic mass: 12.011
- Element guess: C
- Atomic number: 6
- Source file: oplsaa2024.lt


Atom Type Data:
- Atom index: 366
- Force field raw info: C  - C~   | Guanine C6
- Partial charge: 0.52
- Atomic mass: 12.011
- Element guess: C
- Atomic number: 6
- Source file: oplsaa2024.lt


Atom Type Data:
- Atom index: 371
- Force field raw info: C  - CT   | 9-Me A or G C-N9
- Partial charge: -0.01
- Atomic mass: 12.011
- Element guess: C
- Atomic number: 6
- Source file: oplsaa2024.lt


Atom Type Data:
- Atom index: 373
- Force field raw info: C  - CT   | 1-Me U or T C-N1
- Partial charge: -0.01
- Atomic mass: 12.011
- Element guess: C
- Atomic number: 6
- Source file: oplsaa2024.lt


Atom Type Data:
- Atom index: 375
- Force field raw info: C  - CT   | 1-Me Cytosine C-N1
- Partial charge: -0.01
- Atomic mass: 12.011
- Element guess: C
- Atomic number: 6
- Source file: oplsaa2024.lt


Atom Type Data:
- Atom index: 378
- Force field raw info: C  - C~   | CytH+ C2
- Partial charge: 0.65
- Atomic mass: 12.011
- Element guess: C
- Atomic number: 6
- Source file: oplsaa2024.lt
","{
  ""atoms"": [
    {
      ""atom_type"": 323,
      ""element"": ""C"",
      ""chemical_environment"": ""Uracil ring C5 (pyrimidine-2,4-dione): sp2 vinylic/aromatic carbon between C4(=O) and C6"",
      ""functional_group"": ""pyrimidine-2,4-dione (uracil) ring"",
      ""hybridization"": ""sp2"",
      ""example_molecule_smiles"": ""O=c1[nH]cc(=O)[nH]1"",
      ""group_smarts"": ""[cX3;r6;$([c]-C(=O));$([c]-[c]-[nH])]"",
      ""atom_specific_smarts"": ""[cX3;r6:1;$([c]-C(=O));$([c]-[c]-[nH])]"",
      ""description"": ""C5 of uracil: ring sp2 carbon adjacent to a carbonyl carbon (C4) and to C6 which is bonded to N1([nH])."",
      ""uncertainty"": ""25""
    },
    {
      ""atom_type"": 324,
      ""element"": ""C"",
      ""chemical_environment"": ""Uracil ring C6: sp2 vinylic/aromatic carbon adjacent to N1([nH]) and C5"",
      ""functional_group"": ""pyrimidine-2,4-dione (uracil) ring"",
      ""hybridization"": ""sp2"",
      ""example_molecule_smiles"": ""O=c1[nH]cc(=O)[nH]1"",
      ""group_smarts"": ""[cX3;r6;$([c]-[nH]);$([c]-[c]-C(=O))]"",
      ""atom_specific_smarts"": ""[cX3;r6:1;$([c]-[nH]);$([c]-[c]-C(=O))]"",
      ""description"": ""C6 of uracil: ring sp2 carbon bonded to N1([nH]) and to C5 which is adjacent to a carbonyl."",
      ""uncertainty"": ""25""
    },
    {
      ""atom_type"": 331,
      ""element"": ""C"",
      ""chemical_environment"": ""Thymine 5-methyl carbon attached to ring C5 (aliphatic sp3)"",
      ""functional_group"": ""5-methyluracil (thymine) substituent"",
      ""hybridization"": ""sp3"",
      ""example_molecule_smiles"": ""O=c1[nH]c(C)c(=O)[nH]1"",
      ""group_smarts"": ""[CH3X4]-[c;r6;$([c]-C(=O))]"",
      ""atom_specific_smarts"": ""O=C1[nH]c([CH3X4:1])c(=O)[nH]1"",
      ""description"": ""Methyl carbon directly bonded to the uracil/thymine C5 ring carbon."",
      ""uncertainty"": ""20""
    },
    {
      ""atom_type"": 334,
      ""element"": ""C"",
      ""chemical_environment"": ""Cytosine C2 carbonyl carbon within pyrimidin-2-one (between two ring nitrogens)"",
      ""functional_group"": ""pyrimidin-2-one (cytosine) ring carbonyl"",
      ""hybridization"": ""sp2"",
      ""example_molecule_smiles"": ""O=c1[nH]cnc(N)n1"",
      ""group_smarts"": ""[C;X3;r6](=O)(-[n;r6])-[n;r6]"",
      ""atom_specific_smarts"": ""[C;X3;r6:1](=O)(-[n;r6])-[n;r6]"",
      ""description"": ""Carbonyl carbon at C2 of cytosine conjugated to two ring nitrogens (N1 and N3)."",
      ""uncertainty"": ""20""
    },
    {
      ""atom_type"": 336,
      ""element"": ""C"",
      ""chemical_environment"": ""Cytosine C4 ring carbon bearing an exocyclic amino substituent"",
      ""functional_group"": ""pyrimidin-2-one (cytosine) ring, C4–NH2"",
      ""hybridization"": ""sp2"",
      ""example_molecule_smiles"": ""O=c1[nH]cnc(N)n1"",
      ""group_smarts"": ""[cX3;r6;$([c]-[NH2]);$([c]-[n;r6])]"",
      ""atom_specific_smarts"": ""[cX3;r6:1;$([c]-[NH2]);$([c]-[n;r6])]"",
      ""description"": ""C4 of cytosine: sp2 ring carbon bonded to exocyclic –NH2 and to N3 in the ring."",
      ""uncertainty"": ""25""
    },
    {
      ""atom_type"": 337,
      ""element"": ""C"",
      ""chemical_environment"": ""Cytosine C5 ring sp2 carbon between C4(–NH2) and C6"",
      ""functional_group"": ""pyrimidin-2-one (cytosine) ring"",
      ""hybridization"": ""sp2"",
      ""example_molecule_smiles"": ""O=c1[nH]cnc(N)n1"",
      ""group_smarts"": ""[cX3;r6;$([c]-[c;$([c]-[NH2])]);$([c]-[n;r6])]"",
      ""atom_specific_smarts"": ""[cX3;r6:1;$([c]-[c;$([c]-[NH2])]);$([c]-[n;r6])]"",
      ""description"": ""C5 of cytosine: ring sp2 carbon adjacent to C4 bearing –NH2 and adjacent to C6 (which is bonded to N1)."",
      ""uncertainty"": ""30""
    },
    {
      ""atom_type"": 338,
      ""element"": ""C"",
      ""chemical_environment"": ""Cytosine C6 ring sp2 carbon adjacent to N1 and C5 (which is adjacent to C4–NH2)"",
      ""functional_group"": ""pyrimidin-2-one (cytosine) ring"",
      ""hybridization"": ""sp2"",
      ""example_molecule_smiles"": ""O=c1[nH]cnc(N)n1"",
      ""group_smarts"": ""[cX3;r6;$([c]-[n;r6]);$([c]-[c;$([c]-[NH2])])]"",
      ""atom_specific_smarts"": ""[cX3;r6:1;$([c]-[n;r6]);$([c]-[c;$([c]-[NH2])])]"",
      ""description"": ""C6 of cytosine: ring sp2 carbon bonded to N1 and to C5 (which is alpha to the exocyclic amino at C4)."",
      ""uncertainty"": ""30""
    },
    {
      ""atom_type"": 347,
      ""element"": ""C"",
      ""chemical_environment"": ""Adenine C2 ring sp2 carbon flanked by two ring nitrogens (N1 and N3)"",
      ""functional_group"": ""purine (adenine) six-membered ring"",
      ""hybridization"": ""sp2"",
      ""example_molecule_smiles"": ""Nc1ncnc2ncnc12"",
      ""group_smarts"": ""[cX3;r6;$([c]-[n;r6]);$([c]-[n;r6])]"",
      ""atom_specific_smarts"": ""[cX3;r6:1;$([c]-[n;r6]);$([c]-[n;r6])]"",
      ""description"": ""C2 of adenine: six-membered ring carbon with two ring N neighbors (N1 and N3)."",
      ""uncertainty"": ""40""
    },
    {
      ""atom_type"": 349,
      ""element"": ""C"",
      ""chemical_environment"": ""Adenine C4 ring sp2 carbon adjacent to N3; not bonded to exocyclic substituents"",
      ""functional_group"": ""purine (adenine) six-membered ring"",
      ""hybridization"": ""sp2"",
      ""example_molecule_smiles"": ""Nc1ncnc2ncnc12"",
      ""group_smarts"": ""[cX3;r6;$([c]-[n;r6]);!$([c]-N)]"",
      ""atom_specific_smarts"": ""[cX3;r6:1;$([c]-[n;r6]);!$([c]-N)]"",
      ""description"": ""C4 of adenine: ring sp2 carbon adjacent to N3, not bearing an exocyclic amino or carbonyl."",
      ""uncertainty"": ""50""
    },
    {
      ""atom_type"": 350,
      ""element"": ""C"",
      ""chemical_environment"": ""Adenine C5 ring sp2 carbon between C4 (adjacent to N3) and C6 (bearing exocyclic –NH2)"",
      ""functional_group"": ""purine (adenine) six-membered ring"",
      ""hybridization"": ""sp2"",
      ""example_molecule_smiles"": ""Nc1ncnc2ncnc12"",
      ""group_smarts"": ""[cX3;r6;$([c]-[c;$([c]-N)])]"",
      ""atom_specific_smarts"": ""[cX3;r6:1;$([c]-[c;$([c]-N)])]"",
      ""description"": ""C5 of adenine: ring sp2 carbon adjacent to the C6 carbon that carries the exocyclic –NH2."",
      ""uncertainty"": ""50""
    },
    {
      ""atom_type"": 351,
      ""element"": ""C"",
      ""chemical_environment"": ""Adenine C6 ring sp2 carbon bound to an exocyclic amino group"",
      ""functional_group"": ""purine (adenine) exocyclic amine attachment site"",
      ""hybridization"": ""sp2"",
      ""example_molecule_smiles"": ""Nc1ncnc2ncnc12"",
      ""group_smarts"": ""[cX3;r6]-N"",
      ""atom_specific_smarts"": ""[cX3;r6:1]-N"",
      ""description"": ""C6 of adenine: ring sp2 carbon directly attached to –NH2."",
      ""uncertainty"": ""30""
    },
    {
      ""atom_type"": 353,
      ""element"": ""C"",
      ""chemical_environment"": ""Purine C8 (adenine/guanine) five-membered ring sp2 carbon adjacent to N7 and fused to six-membered ring"",
      ""functional_group"": ""purine imidazole ring (fused five-membered ring)"",
      ""hybridization"": ""sp2"",
      ""example_molecule_smiles"": ""Nc1ncnc2ncnc12"",
      ""group_smarts"": ""[cX3;r5;$([c]-[n;r5]);$([c]-[c;r6])]"",
      ""atom_specific_smarts"": ""[cX3;r5:1;$([c]-[n;r5]);$([c]-[c;r6])]"",
      ""description"": ""C8 of purines: sp2 carbon in the five-membered ring adjacent to N7 and fused to the six-membered ring."",
      ""uncertainty"": ""40""
    },
    {
      ""atom_type"": 362,
      ""element"": ""C"",
      ""chemical_environment"": ""Guanine C2 ring sp2 carbon bearing an exocyclic amino group and flanked by two ring nitrogens"",
      ""functional_group"": ""purine (guanine) six-membered ring, C2–NH2"",
      ""hybridization"": ""sp2"",
      ""example_molecule_smiles"": ""O=c1[nH]c2ncnc(N)c2[nH]1"",
      ""group_smarts"": ""[cX3;r6](-N)(-[n;r6])-[n;r6]"",
      ""atom_specific_smarts"": ""[cX3;r6:1](-N)(-[n;r6])-[n;r6]"",
      ""description"": ""C2 of guanine: ring sp2 carbon with exocyclic –NH2, bonded to both N1 and N3 in the ring."",
      ""uncertainty"": ""30""
    },
    {
      ""atom_type"": 364,
      ""element"": ""C"",
      ""chemical_environment"": ""Guanine C4 ring sp2 carbon adjacent to N3; not directly attached to exocyclic groups"",
      ""functional_group"": ""purine (guanine) six-membered ring"",
      ""hybridization"": ""sp2"",
      ""example_molecule_smiles"": ""O=c1[nH]c2ncnc(N)c2[nH]1"",
      ""group_smarts"": ""[cX3;r6;$([c]-[n;r6]);!$([c]-N);!$([c]-C(=O))]"",
      ""atom_specific_smarts"": ""[cX3;r6:1;$([c]-[n;r6]);!$([c]-N);!$([c]-C(=O))]"",
      ""description"": ""C4 of guanine: ring sp2 carbon next to N3, not bonded to exocyclic amine or carbonyl."",
      ""uncertainty"": ""45""
    },
    {
      ""atom_type"": 365,
      ""element"": ""C"",
      ""chemical_environment"": ""Guanine C5 ring sp2 carbon adjacent to the C6 carbonyl carbon"",
      ""functional_group"": ""purine (guanine) six-membered ring"",
      ""hybridization"": ""sp2"",
      ""example_molecule_smiles"": ""O=c1[nH]c2ncnc(N)c2[nH]1"",
      ""group_smarts"": ""[cX3;r6]-[C;r6](=O)"",
      ""atom_specific_smarts"": ""[cX3;r6:1]-[C;r6](=O)"",
      ""description"": ""C5 of guanine: ring sp2 carbon alpha to the C6(=O) carbonyl."",
      ""uncertainty"": ""30""
    },
    {
      ""atom_type"": 366,
      ""element"": ""C"",
      ""chemical_environment"": ""Guanine C6 carbonyl carbon (conjugated to ring N1)"",
      ""functional_group"": ""purine ring amide-like carbonyl"",
      ""hybridization"": ""sp2"",
      ""example_molecule_smiles"": ""O=c1[nH]c2ncnc(N)c2[nH]1"",
      ""group_smarts"": ""[C;X3;r6](=O)-[n;r6]"",
      ""atom_specific_smarts"": ""[C;X3;r6:1](=O)-[n;r6]"",
      ""description"": ""Carbonyl carbon at C6 of guanine conjugated into the purine ring."",
      ""uncertainty"": ""20""
    },
    {
      ""atom_type"": 371,
      ""element"": ""C"",
      ""chemical_environment"": ""Methyl carbon attached to N9 of a purine (adenine or guanine) imidazole nitrogen"",
      ""functional_group"": ""N-alkylated purine (N9-alkyl)"",
      ""hybridization"": ""sp3"",
      ""example_molecule_smiles"": ""Cn1c2ncnc(N)c2n1"",
      ""group_smarts"": ""[CH3X4:1]-[nX2;r5]"",
      ""atom_specific_smarts"": ""[CH3X4:1]-[nX2;r5]"",
      ""description"": ""Aliphatic methyl carbon bound to the ring imidazole nitrogen (N9) of a purine."",
      ""uncertainty"": ""40""
    },
    {
      ""atom_type"": 373,
      ""element"": ""C"",
      ""chemical_environment"": ""Methyl carbon attached to N1 of a pyrimidine (uracil or thymine)"",
      ""functional_group"": ""N-alkylated pyrimidine (N1-alkyl)"",
      ""hybridization"": ""sp3"",
      ""example_molecule_smiles"": ""O=C1n(C)cc(=O)[nH]1"",
      ""group_smarts"": ""[CH3X4:1]-[nX2;r6]-[c;r6]-C(=O)"",
      ""atom_specific_smarts"": ""[CH3X4:1]-[nX2;r6]-[c;r6]-C(=O)"",
      ""description"": ""Methyl carbon bound to N1 of a 1,3-dione pyrimidine ring (U/T)."",
      ""uncertainty"": ""35""
    },
    {
      ""atom_type"": 375,
      ""element"": ""C"",
      ""chemical_environment"": ""Methyl carbon attached to N1 of cytosine (pyrimidin-2-one)"",
      ""functional_group"": ""N-alkylated cytosine (N1-alkyl)"",
      ""hybridization"": ""sp3"",
      ""example_molecule_smiles"": ""O=c1n(C)cnc(N)n1"",
      ""group_smarts"": ""[CH3X4:1]-[nX2;r6]-[c;r6]-C(=O)"",
      ""atom_specific_smarts"": ""[CH3X4:1]-[nX2;r6]-[c;r6]-C(=O)"",
      ""description"": ""Methyl carbon bound to N1 of cytosine (adjacent ring carbon is C2=O)."",
      ""uncertainty"": ""35""
    },
    {
      ""atom_type"": 378,
      ""element"": ""C"",
      ""chemical_environment"": ""Cytosine C2 carbonyl carbon in protonated cytosine (CytH+), adjacent to a protonated ring nitrogen"",
      ""functional_group"": ""protonated pyrimidin-2-one (cytosinium)"",
      ""hybridization"": ""sp2"",
      ""example_molecule_smiles"": ""O=c1[nH+]cnc(N)n1"",
      ""group_smarts"": ""[C;X3;r6](=O)(-[n;r6])-[nH+;r6]"",
      ""atom_specific_smarts"": ""[C;X3;r6:1](=O)(-[n;r6])-[nH+;r6]"",
      ""description"": ""C2 carbonyl carbon of cytosine when N3 is protonated (cytosinium)."",
      ""uncertainty"": ""35""
    }
  ]
}"
365,0.12,C  - CB   | Guanine C5,12.011,oplsaa2024.lt,C,6,"Convert the following OPLS-AA atom type rows:

Atom Type Data:
- Atom index: 323
- Force field raw info: C  - CM   | Uracil C5
- Partial charge: -0.07
- Atomic mass: 12.011
- Element guess: C
- Atomic number: 6
- Source file: oplsaa2024.lt


Atom Type Data:
- Atom index: 324
- Force field raw info: C  - CM   | Uracil C6
- Partial charge: 0.08
- Atomic mass: 12.011
- Element guess: C
- Atomic number: 6
- Source file: oplsaa2024.lt


Atom Type Data:
- Atom index: 331
- Force field raw info: C  - CT   | Thymine C-C5
- Partial charge: -0.14
- Atomic mass: 12.011
- Element guess: C
- Atomic number: 6
- Source file: oplsaa2024.lt


Atom Type Data:
- Atom index: 334
- Force field raw info: C  - C~   | Cytosine C2
- Partial charge: 0.55
- Atomic mass: 12.011
- Element guess: C
- Atomic number: 6
- Source file: oplsaa2024.lt


Atom Type Data:
- Atom index: 336
- Force field raw info: C  - CA   | Cytosine C4 Nucleotide base
- Partial charge: 0.46
- Atomic mass: 12.011
- Element guess: C
- Atomic number: 6
- Source file: oplsaa2024.lt


Atom Type Data:
- Atom index: 337
- Force field raw info: C  - CM   | Cytosine C5 parameters:
- Partial charge: -0.06
- Atomic mass: 12.011
- Element guess: C
- Atomic number: 6
- Source file: oplsaa2024.lt


Atom Type Data:
- Atom index: 338
- Force field raw info: C  - CM   | Cytosine C6 JACS,113,2810(1991)
- Partial charge: 0.1
- Atomic mass: 12.011
- Element guess: C
- Atomic number: 6
- Source file: oplsaa2024.lt


Atom Type Data:
- Atom index: 347
- Force field raw info: C  - CQ   | Adenine C2
- Partial charge: 0.22
- Atomic mass: 12.011
- Element guess: C
- Atomic number: 6
- Source file: oplsaa2024.lt


Atom Type Data:
- Atom index: 349
- Force field raw info: C  - CB   | Adenine C4
- Partial charge: 0.38
- Atomic mass: 12.011
- Element guess: C
- Atomic number: 6
- Source file: oplsaa2024.lt


Atom Type Data:
- Atom index: 350
- Force field raw info: C  - CB   | Adenine C5
- Partial charge: 0.15
- Atomic mass: 12.011
- Element guess: C
- Atomic number: 6
- Source file: oplsaa2024.lt


Atom Type Data:
- Atom index: 351
- Force field raw info: C  - CA   | Adenine C6
- Partial charge: 0.44
- Atomic mass: 12.011
- Element guess: C
- Atomic number: 6
- Source file: oplsaa2024.lt


Atom Type Data:
- Atom index: 353
- Force field raw info: C  - CR   | Adenine C8 Guanine
- Partial charge: 0.2
- Atomic mass: 12.011
- Element guess: C
- Atomic number: 6
- Source file: oplsaa2024.lt


Atom Type Data:
- Atom index: 362
- Force field raw info: C  - CA   | Guanine C2
- Partial charge: 0.46
- Atomic mass: 12.011
- Element guess: C
- Atomic number: 6
- Source file: oplsaa2024.lt


Atom Type Data:
- Atom index: 364
- Force field raw info: C  - CB   | Guanine C4
- Partial charge: 0.34
- Atomic mass: 12.011
- Element guess: C
- Atomic number: 6
- Source file: oplsaa2024.lt


Atom Type Data:
- Atom index: 365
- Force field raw info: C  - CB   | Guanine C5
- Partial charge: 0.12
- Atomic mass: 12.011
- Element guess: C
- Atomic number: 6
- Source file: oplsaa2024.lt


Atom Type Data:
- Atom index: 366
- Force field raw info: C  - C~   | Guanine C6
- Partial charge: 0.52
- Atomic mass: 12.011
- Element guess: C
- Atomic number: 6
- Source file: oplsaa2024.lt


Atom Type Data:
- Atom index: 371
- Force field raw info: C  - CT   | 9-Me A or G C-N9
- Partial charge: -0.01
- Atomic mass: 12.011
- Element guess: C
- Atomic number: 6
- Source file: oplsaa2024.lt


Atom Type Data:
- Atom index: 373
- Force field raw info: C  - CT   | 1-Me U or T C-N1
- Partial charge: -0.01
- Atomic mass: 12.011
- Element guess: C
- Atomic number: 6
- Source file: oplsaa2024.lt


Atom Type Data:
- Atom index: 375
- Force field raw info: C  - CT   | 1-Me Cytosine C-N1
- Partial charge: -0.01
- Atomic mass: 12.011
- Element guess: C
- Atomic number: 6
- Source file: oplsaa2024.lt


Atom Type Data:
- Atom index: 378
- Force field raw info: C  - C~   | CytH+ C2
- Partial charge: 0.65
- Atomic mass: 12.011
- Element guess: C
- Atomic number: 6
- Source file: oplsaa2024.lt
","{
  ""atoms"": [
    {
      ""atom_type"": 323,
      ""element"": ""C"",
      ""chemical_environment"": ""Uracil ring C5 (pyrimidine-2,4-dione): sp2 vinylic/aromatic carbon between C4(=O) and C6"",
      ""functional_group"": ""pyrimidine-2,4-dione (uracil) ring"",
      ""hybridization"": ""sp2"",
      ""example_molecule_smiles"": ""O=c1[nH]cc(=O)[nH]1"",
      ""group_smarts"": ""[cX3;r6;$([c]-C(=O));$([c]-[c]-[nH])]"",
      ""atom_specific_smarts"": ""[cX3;r6:1;$([c]-C(=O));$([c]-[c]-[nH])]"",
      ""description"": ""C5 of uracil: ring sp2 carbon adjacent to a carbonyl carbon (C4) and to C6 which is bonded to N1([nH])."",
      ""uncertainty"": ""25""
    },
    {
      ""atom_type"": 324,
      ""element"": ""C"",
      ""chemical_environment"": ""Uracil ring C6: sp2 vinylic/aromatic carbon adjacent to N1([nH]) and C5"",
      ""functional_group"": ""pyrimidine-2,4-dione (uracil) ring"",
      ""hybridization"": ""sp2"",
      ""example_molecule_smiles"": ""O=c1[nH]cc(=O)[nH]1"",
      ""group_smarts"": ""[cX3;r6;$([c]-[nH]);$([c]-[c]-C(=O))]"",
      ""atom_specific_smarts"": ""[cX3;r6:1;$([c]-[nH]);$([c]-[c]-C(=O))]"",
      ""description"": ""C6 of uracil: ring sp2 carbon bonded to N1([nH]) and to C5 which is adjacent to a carbonyl."",
      ""uncertainty"": ""25""
    },
    {
      ""atom_type"": 331,
      ""element"": ""C"",
      ""chemical_environment"": ""Thymine 5-methyl carbon attached to ring C5 (aliphatic sp3)"",
      ""functional_group"": ""5-methyluracil (thymine) substituent"",
      ""hybridization"": ""sp3"",
      ""example_molecule_smiles"": ""O=c1[nH]c(C)c(=O)[nH]1"",
      ""group_smarts"": ""[CH3X4]-[c;r6;$([c]-C(=O))]"",
      ""atom_specific_smarts"": ""O=C1[nH]c([CH3X4:1])c(=O)[nH]1"",
      ""description"": ""Methyl carbon directly bonded to the uracil/thymine C5 ring carbon."",
      ""uncertainty"": ""20""
    },
    {
      ""atom_type"": 334,
      ""element"": ""C"",
      ""chemical_environment"": ""Cytosine C2 carbonyl carbon within pyrimidin-2-one (between two ring nitrogens)"",
      ""functional_group"": ""pyrimidin-2-one (cytosine) ring carbonyl"",
      ""hybridization"": ""sp2"",
      ""example_molecule_smiles"": ""O=c1[nH]cnc(N)n1"",
      ""group_smarts"": ""[C;X3;r6](=O)(-[n;r6])-[n;r6]"",
      ""atom_specific_smarts"": ""[C;X3;r6:1](=O)(-[n;r6])-[n;r6]"",
      ""description"": ""Carbonyl carbon at C2 of cytosine conjugated to two ring nitrogens (N1 and N3)."",
      ""uncertainty"": ""20""
    },
    {
      ""atom_type"": 336,
      ""element"": ""C"",
      ""chemical_environment"": ""Cytosine C4 ring carbon bearing an exocyclic amino substituent"",
      ""functional_group"": ""pyrimidin-2-one (cytosine) ring, C4–NH2"",
      ""hybridization"": ""sp2"",
      ""example_molecule_smiles"": ""O=c1[nH]cnc(N)n1"",
      ""group_smarts"": ""[cX3;r6;$([c]-[NH2]);$([c]-[n;r6])]"",
      ""atom_specific_smarts"": ""[cX3;r6:1;$([c]-[NH2]);$([c]-[n;r6])]"",
      ""description"": ""C4 of cytosine: sp2 ring carbon bonded to exocyclic –NH2 and to N3 in the ring."",
      ""uncertainty"": ""25""
    },
    {
      ""atom_type"": 337,
      ""element"": ""C"",
      ""chemical_environment"": ""Cytosine C5 ring sp2 carbon between C4(–NH2) and C6"",
      ""functional_group"": ""pyrimidin-2-one (cytosine) ring"",
      ""hybridization"": ""sp2"",
      ""example_molecule_smiles"": ""O=c1[nH]cnc(N)n1"",
      ""group_smarts"": ""[cX3;r6;$([c]-[c;$([c]-[NH2])]);$([c]-[n;r6])]"",
      ""atom_specific_smarts"": ""[cX3;r6:1;$([c]-[c;$([c]-[NH2])]);$([c]-[n;r6])]"",
      ""description"": ""C5 of cytosine: ring sp2 carbon adjacent to C4 bearing –NH2 and adjacent to C6 (which is bonded to N1)."",
      ""uncertainty"": ""30""
    },
    {
      ""atom_type"": 338,
      ""element"": ""C"",
      ""chemical_environment"": ""Cytosine C6 ring sp2 carbon adjacent to N1 and C5 (which is adjacent to C4–NH2)"",
      ""functional_group"": ""pyrimidin-2-one (cytosine) ring"",
      ""hybridization"": ""sp2"",
      ""example_molecule_smiles"": ""O=c1[nH]cnc(N)n1"",
      ""group_smarts"": ""[cX3;r6;$([c]-[n;r6]);$([c]-[c;$([c]-[NH2])])]"",
      ""atom_specific_smarts"": ""[cX3;r6:1;$([c]-[n;r6]);$([c]-[c;$([c]-[NH2])])]"",
      ""description"": ""C6 of cytosine: ring sp2 carbon bonded to N1 and to C5 (which is alpha to the exocyclic amino at C4)."",
      ""uncertainty"": ""30""
    },
    {
      ""atom_type"": 347,
      ""element"": ""C"",
      ""chemical_environment"": ""Adenine C2 ring sp2 carbon flanked by two ring nitrogens (N1 and N3)"",
      ""functional_group"": ""purine (adenine) six-membered ring"",
      ""hybridization"": ""sp2"",
      ""example_molecule_smiles"": ""Nc1ncnc2ncnc12"",
      ""group_smarts"": ""[cX3;r6;$([c]-[n;r6]);$([c]-[n;r6])]"",
      ""atom_specific_smarts"": ""[cX3;r6:1;$([c]-[n;r6]);$([c]-[n;r6])]"",
      ""description"": ""C2 of adenine: six-membered ring carbon with two ring N neighbors (N1 and N3)."",
      ""uncertainty"": ""40""
    },
    {
      ""atom_type"": 349,
      ""element"": ""C"",
      ""chemical_environment"": ""Adenine C4 ring sp2 carbon adjacent to N3; not bonded to exocyclic substituents"",
      ""functional_group"": ""purine (adenine) six-membered ring"",
      ""hybridization"": ""sp2"",
      ""example_molecule_smiles"": ""Nc1ncnc2ncnc12"",
      ""group_smarts"": ""[cX3;r6;$([c]-[n;r6]);!$([c]-N)]"",
      ""atom_specific_smarts"": ""[cX3;r6:1;$([c]-[n;r6]);!$([c]-N)]"",
      ""description"": ""C4 of adenine: ring sp2 carbon adjacent to N3, not bearing an exocyclic amino or carbonyl."",
      ""uncertainty"": ""50""
    },
    {
      ""atom_type"": 350,
      ""element"": ""C"",
      ""chemical_environment"": ""Adenine C5 ring sp2 carbon between C4 (adjacent to N3) and C6 (bearing exocyclic –NH2)"",
      ""functional_group"": ""purine (adenine) six-membered ring"",
      ""hybridization"": ""sp2"",
      ""example_molecule_smiles"": ""Nc1ncnc2ncnc12"",
      ""group_smarts"": ""[cX3;r6;$([c]-[c;$([c]-N)])]"",
      ""atom_specific_smarts"": ""[cX3;r6:1;$([c]-[c;$([c]-N)])]"",
      ""description"": ""C5 of adenine: ring sp2 carbon adjacent to the C6 carbon that carries the exocyclic –NH2."",
      ""uncertainty"": ""50""
    },
    {
      ""atom_type"": 351,
      ""element"": ""C"",
      ""chemical_environment"": ""Adenine C6 ring sp2 carbon bound to an exocyclic amino group"",
      ""functional_group"": ""purine (adenine) exocyclic amine attachment site"",
      ""hybridization"": ""sp2"",
      ""example_molecule_smiles"": ""Nc1ncnc2ncnc12"",
      ""group_smarts"": ""[cX3;r6]-N"",
      ""atom_specific_smarts"": ""[cX3;r6:1]-N"",
      ""description"": ""C6 of adenine: ring sp2 carbon directly attached to –NH2."",
      ""uncertainty"": ""30""
    },
    {
      ""atom_type"": 353,
      ""element"": ""C"",
      ""chemical_environment"": ""Purine C8 (adenine/guanine) five-membered ring sp2 carbon adjacent to N7 and fused to six-membered ring"",
      ""functional_group"": ""purine imidazole ring (fused five-membered ring)"",
      ""hybridization"": ""sp2"",
      ""example_molecule_smiles"": ""Nc1ncnc2ncnc12"",
      ""group_smarts"": ""[cX3;r5;$([c]-[n;r5]);$([c]-[c;r6])]"",
      ""atom_specific_smarts"": ""[cX3;r5:1;$([c]-[n;r5]);$([c]-[c;r6])]"",
      ""description"": ""C8 of purines: sp2 carbon in the five-membered ring adjacent to N7 and fused to the six-membered ring."",
      ""uncertainty"": ""40""
    },
    {
      ""atom_type"": 362,
      ""element"": ""C"",
      ""chemical_environment"": ""Guanine C2 ring sp2 carbon bearing an exocyclic amino group and flanked by two ring nitrogens"",
      ""functional_group"": ""purine (guanine) six-membered ring, C2–NH2"",
      ""hybridization"": ""sp2"",
      ""example_molecule_smiles"": ""O=c1[nH]c2ncnc(N)c2[nH]1"",
      ""group_smarts"": ""[cX3;r6](-N)(-[n;r6])-[n;r6]"",
      ""atom_specific_smarts"": ""[cX3;r6:1](-N)(-[n;r6])-[n;r6]"",
      ""description"": ""C2 of guanine: ring sp2 carbon with exocyclic –NH2, bonded to both N1 and N3 in the ring."",
      ""uncertainty"": ""30""
    },
    {
      ""atom_type"": 364,
      ""element"": ""C"",
      ""chemical_environment"": ""Guanine C4 ring sp2 carbon adjacent to N3; not directly attached to exocyclic groups"",
      ""functional_group"": ""purine (guanine) six-membered ring"",
      ""hybridization"": ""sp2"",
      ""example_molecule_smiles"": ""O=c1[nH]c2ncnc(N)c2[nH]1"",
      ""group_smarts"": ""[cX3;r6;$([c]-[n;r6]);!$([c]-N);!$([c]-C(=O))]"",
      ""atom_specific_smarts"": ""[cX3;r6:1;$([c]-[n;r6]);!$([c]-N);!$([c]-C(=O))]"",
      ""description"": ""C4 of guanine: ring sp2 carbon next to N3, not bonded to exocyclic amine or carbonyl."",
      ""uncertainty"": ""45""
    },
    {
      ""atom_type"": 365,
      ""element"": ""C"",
      ""chemical_environment"": ""Guanine C5 ring sp2 carbon adjacent to the C6 carbonyl carbon"",
      ""functional_group"": ""purine (guanine) six-membered ring"",
      ""hybridization"": ""sp2"",
      ""example_molecule_smiles"": ""O=c1[nH]c2ncnc(N)c2[nH]1"",
      ""group_smarts"": ""[cX3;r6]-[C;r6](=O)"",
      ""atom_specific_smarts"": ""[cX3;r6:1]-[C;r6](=O)"",
      ""description"": ""C5 of guanine: ring sp2 carbon alpha to the C6(=O) carbonyl."",
      ""uncertainty"": ""30""
    },
    {
      ""atom_type"": 366,
      ""element"": ""C"",
      ""chemical_environment"": ""Guanine C6 carbonyl carbon (conjugated to ring N1)"",
      ""functional_group"": ""purine ring amide-like carbonyl"",
      ""hybridization"": ""sp2"",
      ""example_molecule_smiles"": ""O=c1[nH]c2ncnc(N)c2[nH]1"",
      ""group_smarts"": ""[C;X3;r6](=O)-[n;r6]"",
      ""atom_specific_smarts"": ""[C;X3;r6:1](=O)-[n;r6]"",
      ""description"": ""Carbonyl carbon at C6 of guanine conjugated into the purine ring."",
      ""uncertainty"": ""20""
    },
    {
      ""atom_type"": 371,
      ""element"": ""C"",
      ""chemical_environment"": ""Methyl carbon attached to N9 of a purine (adenine or guanine) imidazole nitrogen"",
      ""functional_group"": ""N-alkylated purine (N9-alkyl)"",
      ""hybridization"": ""sp3"",
      ""example_molecule_smiles"": ""Cn1c2ncnc(N)c2n1"",
      ""group_smarts"": ""[CH3X4:1]-[nX2;r5]"",
      ""atom_specific_smarts"": ""[CH3X4:1]-[nX2;r5]"",
      ""description"": ""Aliphatic methyl carbon bound to the ring imidazole nitrogen (N9) of a purine."",
      ""uncertainty"": ""40""
    },
    {
      ""atom_type"": 373,
      ""element"": ""C"",
      ""chemical_environment"": ""Methyl carbon attached to N1 of a pyrimidine (uracil or thymine)"",
      ""functional_group"": ""N-alkylated pyrimidine (N1-alkyl)"",
      ""hybridization"": ""sp3"",
      ""example_molecule_smiles"": ""O=C1n(C)cc(=O)[nH]1"",
      ""group_smarts"": ""[CH3X4:1]-[nX2;r6]-[c;r6]-C(=O)"",
      ""atom_specific_smarts"": ""[CH3X4:1]-[nX2;r6]-[c;r6]-C(=O)"",
      ""description"": ""Methyl carbon bound to N1 of a 1,3-dione pyrimidine ring (U/T)."",
      ""uncertainty"": ""35""
    },
    {
      ""atom_type"": 375,
      ""element"": ""C"",
      ""chemical_environment"": ""Methyl carbon attached to N1 of cytosine (pyrimidin-2-one)"",
      ""functional_group"": ""N-alkylated cytosine (N1-alkyl)"",
      ""hybridization"": ""sp3"",
      ""example_molecule_smiles"": ""O=c1n(C)cnc(N)n1"",
      ""group_smarts"": ""[CH3X4:1]-[nX2;r6]-[c;r6]-C(=O)"",
      ""atom_specific_smarts"": ""[CH3X4:1]-[nX2;r6]-[c;r6]-C(=O)"",
      ""description"": ""Methyl carbon bound to N1 of cytosine (adjacent ring carbon is C2=O)."",
      ""uncertainty"": ""35""
    },
    {
      ""atom_type"": 378,
      ""element"": ""C"",
      ""chemical_environment"": ""Cytosine C2 carbonyl carbon in protonated cytosine (CytH+), adjacent to a protonated ring nitrogen"",
      ""functional_group"": ""protonated pyrimidin-2-one (cytosinium)"",
      ""hybridization"": ""sp2"",
      ""example_molecule_smiles"": ""O=c1[nH+]cnc(N)n1"",
      ""group_smarts"": ""[C;X3;r6](=O)(-[n;r6])-[nH+;r6]"",
      ""atom_specific_smarts"": ""[C;X3;r6:1](=O)(-[n;r6])-[nH+;r6]"",
      ""description"": ""C2 carbonyl carbon of cytosine when N3 is protonated (cytosinium)."",
      ""uncertainty"": ""35""
    }
  ]
}"
366,0.52,C  - C~   | Guanine C6,12.011,oplsaa2024.lt,C,6,"Convert the following OPLS-AA atom type rows:

Atom Type Data:
- Atom index: 323
- Force field raw info: C  - CM   | Uracil C5
- Partial charge: -0.07
- Atomic mass: 12.011
- Element guess: C
- Atomic number: 6
- Source file: oplsaa2024.lt


Atom Type Data:
- Atom index: 324
- Force field raw info: C  - CM   | Uracil C6
- Partial charge: 0.08
- Atomic mass: 12.011
- Element guess: C
- Atomic number: 6
- Source file: oplsaa2024.lt


Atom Type Data:
- Atom index: 331
- Force field raw info: C  - CT   | Thymine C-C5
- Partial charge: -0.14
- Atomic mass: 12.011
- Element guess: C
- Atomic number: 6
- Source file: oplsaa2024.lt


Atom Type Data:
- Atom index: 334
- Force field raw info: C  - C~   | Cytosine C2
- Partial charge: 0.55
- Atomic mass: 12.011
- Element guess: C
- Atomic number: 6
- Source file: oplsaa2024.lt


Atom Type Data:
- Atom index: 336
- Force field raw info: C  - CA   | Cytosine C4 Nucleotide base
- Partial charge: 0.46
- Atomic mass: 12.011
- Element guess: C
- Atomic number: 6
- Source file: oplsaa2024.lt


Atom Type Data:
- Atom index: 337
- Force field raw info: C  - CM   | Cytosine C5 parameters:
- Partial charge: -0.06
- Atomic mass: 12.011
- Element guess: C
- Atomic number: 6
- Source file: oplsaa2024.lt


Atom Type Data:
- Atom index: 338
- Force field raw info: C  - CM   | Cytosine C6 JACS,113,2810(1991)
- Partial charge: 0.1
- Atomic mass: 12.011
- Element guess: C
- Atomic number: 6
- Source file: oplsaa2024.lt


Atom Type Data:
- Atom index: 347
- Force field raw info: C  - CQ   | Adenine C2
- Partial charge: 0.22
- Atomic mass: 12.011
- Element guess: C
- Atomic number: 6
- Source file: oplsaa2024.lt


Atom Type Data:
- Atom index: 349
- Force field raw info: C  - CB   | Adenine C4
- Partial charge: 0.38
- Atomic mass: 12.011
- Element guess: C
- Atomic number: 6
- Source file: oplsaa2024.lt


Atom Type Data:
- Atom index: 350
- Force field raw info: C  - CB   | Adenine C5
- Partial charge: 0.15
- Atomic mass: 12.011
- Element guess: C
- Atomic number: 6
- Source file: oplsaa2024.lt


Atom Type Data:
- Atom index: 351
- Force field raw info: C  - CA   | Adenine C6
- Partial charge: 0.44
- Atomic mass: 12.011
- Element guess: C
- Atomic number: 6
- Source file: oplsaa2024.lt


Atom Type Data:
- Atom index: 353
- Force field raw info: C  - CR   | Adenine C8 Guanine
- Partial charge: 0.2
- Atomic mass: 12.011
- Element guess: C
- Atomic number: 6
- Source file: oplsaa2024.lt


Atom Type Data:
- Atom index: 362
- Force field raw info: C  - CA   | Guanine C2
- Partial charge: 0.46
- Atomic mass: 12.011
- Element guess: C
- Atomic number: 6
- Source file: oplsaa2024.lt


Atom Type Data:
- Atom index: 364
- Force field raw info: C  - CB   | Guanine C4
- Partial charge: 0.34
- Atomic mass: 12.011
- Element guess: C
- Atomic number: 6
- Source file: oplsaa2024.lt


Atom Type Data:
- Atom index: 365
- Force field raw info: C  - CB   | Guanine C5
- Partial charge: 0.12
- Atomic mass: 12.011
- Element guess: C
- Atomic number: 6
- Source file: oplsaa2024.lt


Atom Type Data:
- Atom index: 366
- Force field raw info: C  - C~   | Guanine C6
- Partial charge: 0.52
- Atomic mass: 12.011
- Element guess: C
- Atomic number: 6
- Source file: oplsaa2024.lt


Atom Type Data:
- Atom index: 371
- Force field raw info: C  - CT   | 9-Me A or G C-N9
- Partial charge: -0.01
- Atomic mass: 12.011
- Element guess: C
- Atomic number: 6
- Source file: oplsaa2024.lt


Atom Type Data:
- Atom index: 373
- Force field raw info: C  - CT   | 1-Me U or T C-N1
- Partial charge: -0.01
- Atomic mass: 12.011
- Element guess: C
- Atomic number: 6
- Source file: oplsaa2024.lt


Atom Type Data:
- Atom index: 375
- Force field raw info: C  - CT   | 1-Me Cytosine C-N1
- Partial charge: -0.01
- Atomic mass: 12.011
- Element guess: C
- Atomic number: 6
- Source file: oplsaa2024.lt


Atom Type Data:
- Atom index: 378
- Force field raw info: C  - C~   | CytH+ C2
- Partial charge: 0.65
- Atomic mass: 12.011
- Element guess: C
- Atomic number: 6
- Source file: oplsaa2024.lt
","{
  ""atoms"": [
    {
      ""atom_type"": 323,
      ""element"": ""C"",
      ""chemical_environment"": ""Uracil ring C5 (pyrimidine-2,4-dione): sp2 vinylic/aromatic carbon between C4(=O) and C6"",
      ""functional_group"": ""pyrimidine-2,4-dione (uracil) ring"",
      ""hybridization"": ""sp2"",
      ""example_molecule_smiles"": ""O=c1[nH]cc(=O)[nH]1"",
      ""group_smarts"": ""[cX3;r6;$([c]-C(=O));$([c]-[c]-[nH])]"",
      ""atom_specific_smarts"": ""[cX3;r6:1;$([c]-C(=O));$([c]-[c]-[nH])]"",
      ""description"": ""C5 of uracil: ring sp2 carbon adjacent to a carbonyl carbon (C4) and to C6 which is bonded to N1([nH])."",
      ""uncertainty"": ""25""
    },
    {
      ""atom_type"": 324,
      ""element"": ""C"",
      ""chemical_environment"": ""Uracil ring C6: sp2 vinylic/aromatic carbon adjacent to N1([nH]) and C5"",
      ""functional_group"": ""pyrimidine-2,4-dione (uracil) ring"",
      ""hybridization"": ""sp2"",
      ""example_molecule_smiles"": ""O=c1[nH]cc(=O)[nH]1"",
      ""group_smarts"": ""[cX3;r6;$([c]-[nH]);$([c]-[c]-C(=O))]"",
      ""atom_specific_smarts"": ""[cX3;r6:1;$([c]-[nH]);$([c]-[c]-C(=O))]"",
      ""description"": ""C6 of uracil: ring sp2 carbon bonded to N1([nH]) and to C5 which is adjacent to a carbonyl."",
      ""uncertainty"": ""25""
    },
    {
      ""atom_type"": 331,
      ""element"": ""C"",
      ""chemical_environment"": ""Thymine 5-methyl carbon attached to ring C5 (aliphatic sp3)"",
      ""functional_group"": ""5-methyluracil (thymine) substituent"",
      ""hybridization"": ""sp3"",
      ""example_molecule_smiles"": ""O=c1[nH]c(C)c(=O)[nH]1"",
      ""group_smarts"": ""[CH3X4]-[c;r6;$([c]-C(=O))]"",
      ""atom_specific_smarts"": ""O=C1[nH]c([CH3X4:1])c(=O)[nH]1"",
      ""description"": ""Methyl carbon directly bonded to the uracil/thymine C5 ring carbon."",
      ""uncertainty"": ""20""
    },
    {
      ""atom_type"": 334,
      ""element"": ""C"",
      ""chemical_environment"": ""Cytosine C2 carbonyl carbon within pyrimidin-2-one (between two ring nitrogens)"",
      ""functional_group"": ""pyrimidin-2-one (cytosine) ring carbonyl"",
      ""hybridization"": ""sp2"",
      ""example_molecule_smiles"": ""O=c1[nH]cnc(N)n1"",
      ""group_smarts"": ""[C;X3;r6](=O)(-[n;r6])-[n;r6]"",
      ""atom_specific_smarts"": ""[C;X3;r6:1](=O)(-[n;r6])-[n;r6]"",
      ""description"": ""Carbonyl carbon at C2 of cytosine conjugated to two ring nitrogens (N1 and N3)."",
      ""uncertainty"": ""20""
    },
    {
      ""atom_type"": 336,
      ""element"": ""C"",
      ""chemical_environment"": ""Cytosine C4 ring carbon bearing an exocyclic amino substituent"",
      ""functional_group"": ""pyrimidin-2-one (cytosine) ring, C4–NH2"",
      ""hybridization"": ""sp2"",
      ""example_molecule_smiles"": ""O=c1[nH]cnc(N)n1"",
      ""group_smarts"": ""[cX3;r6;$([c]-[NH2]);$([c]-[n;r6])]"",
      ""atom_specific_smarts"": ""[cX3;r6:1;$([c]-[NH2]);$([c]-[n;r6])]"",
      ""description"": ""C4 of cytosine: sp2 ring carbon bonded to exocyclic –NH2 and to N3 in the ring."",
      ""uncertainty"": ""25""
    },
    {
      ""atom_type"": 337,
      ""element"": ""C"",
      ""chemical_environment"": ""Cytosine C5 ring sp2 carbon between C4(–NH2) and C6"",
      ""functional_group"": ""pyrimidin-2-one (cytosine) ring"",
      ""hybridization"": ""sp2"",
      ""example_molecule_smiles"": ""O=c1[nH]cnc(N)n1"",
      ""group_smarts"": ""[cX3;r6;$([c]-[c;$([c]-[NH2])]);$([c]-[n;r6])]"",
      ""atom_specific_smarts"": ""[cX3;r6:1;$([c]-[c;$([c]-[NH2])]);$([c]-[n;r6])]"",
      ""description"": ""C5 of cytosine: ring sp2 carbon adjacent to C4 bearing –NH2 and adjacent to C6 (which is bonded to N1)."",
      ""uncertainty"": ""30""
    },
    {
      ""atom_type"": 338,
      ""element"": ""C"",
      ""chemical_environment"": ""Cytosine C6 ring sp2 carbon adjacent to N1 and C5 (which is adjacent to C4–NH2)"",
      ""functional_group"": ""pyrimidin-2-one (cytosine) ring"",
      ""hybridization"": ""sp2"",
      ""example_molecule_smiles"": ""O=c1[nH]cnc(N)n1"",
      ""group_smarts"": ""[cX3;r6;$([c]-[n;r6]);$([c]-[c;$([c]-[NH2])])]"",
      ""atom_specific_smarts"": ""[cX3;r6:1;$([c]-[n;r6]);$([c]-[c;$([c]-[NH2])])]"",
      ""description"": ""C6 of cytosine: ring sp2 carbon bonded to N1 and to C5 (which is alpha to the exocyclic amino at C4)."",
      ""uncertainty"": ""30""
    },
    {
      ""atom_type"": 347,
      ""element"": ""C"",
      ""chemical_environment"": ""Adenine C2 ring sp2 carbon flanked by two ring nitrogens (N1 and N3)"",
      ""functional_group"": ""purine (adenine) six-membered ring"",
      ""hybridization"": ""sp2"",
      ""example_molecule_smiles"": ""Nc1ncnc2ncnc12"",
      ""group_smarts"": ""[cX3;r6;$([c]-[n;r6]);$([c]-[n;r6])]"",
      ""atom_specific_smarts"": ""[cX3;r6:1;$([c]-[n;r6]);$([c]-[n;r6])]"",
      ""description"": ""C2 of adenine: six-membered ring carbon with two ring N neighbors (N1 and N3)."",
      ""uncertainty"": ""40""
    },
    {
      ""atom_type"": 349,
      ""element"": ""C"",
      ""chemical_environment"": ""Adenine C4 ring sp2 carbon adjacent to N3; not bonded to exocyclic substituents"",
      ""functional_group"": ""purine (adenine) six-membered ring"",
      ""hybridization"": ""sp2"",
      ""example_molecule_smiles"": ""Nc1ncnc2ncnc12"",
      ""group_smarts"": ""[cX3;r6;$([c]-[n;r6]);!$([c]-N)]"",
      ""atom_specific_smarts"": ""[cX3;r6:1;$([c]-[n;r6]);!$([c]-N)]"",
      ""description"": ""C4 of adenine: ring sp2 carbon adjacent to N3, not bearing an exocyclic amino or carbonyl."",
      ""uncertainty"": ""50""
    },
    {
      ""atom_type"": 350,
      ""element"": ""C"",
      ""chemical_environment"": ""Adenine C5 ring sp2 carbon between C4 (adjacent to N3) and C6 (bearing exocyclic –NH2)"",
      ""functional_group"": ""purine (adenine) six-membered ring"",
      ""hybridization"": ""sp2"",
      ""example_molecule_smiles"": ""Nc1ncnc2ncnc12"",
      ""group_smarts"": ""[cX3;r6;$([c]-[c;$([c]-N)])]"",
      ""atom_specific_smarts"": ""[cX3;r6:1;$([c]-[c;$([c]-N)])]"",
      ""description"": ""C5 of adenine: ring sp2 carbon adjacent to the C6 carbon that carries the exocyclic –NH2."",
      ""uncertainty"": ""50""
    },
    {
      ""atom_type"": 351,
      ""element"": ""C"",
      ""chemical_environment"": ""Adenine C6 ring sp2 carbon bound to an exocyclic amino group"",
      ""functional_group"": ""purine (adenine) exocyclic amine attachment site"",
      ""hybridization"": ""sp2"",
      ""example_molecule_smiles"": ""Nc1ncnc2ncnc12"",
      ""group_smarts"": ""[cX3;r6]-N"",
      ""atom_specific_smarts"": ""[cX3;r6:1]-N"",
      ""description"": ""C6 of adenine: ring sp2 carbon directly attached to –NH2."",
      ""uncertainty"": ""30""
    },
    {
      ""atom_type"": 353,
      ""element"": ""C"",
      ""chemical_environment"": ""Purine C8 (adenine/guanine) five-membered ring sp2 carbon adjacent to N7 and fused to six-membered ring"",
      ""functional_group"": ""purine imidazole ring (fused five-membered ring)"",
      ""hybridization"": ""sp2"",
      ""example_molecule_smiles"": ""Nc1ncnc2ncnc12"",
      ""group_smarts"": ""[cX3;r5;$([c]-[n;r5]);$([c]-[c;r6])]"",
      ""atom_specific_smarts"": ""[cX3;r5:1;$([c]-[n;r5]);$([c]-[c;r6])]"",
      ""description"": ""C8 of purines: sp2 carbon in the five-membered ring adjacent to N7 and fused to the six-membered ring."",
      ""uncertainty"": ""40""
    },
    {
      ""atom_type"": 362,
      ""element"": ""C"",
      ""chemical_environment"": ""Guanine C2 ring sp2 carbon bearing an exocyclic amino group and flanked by two ring nitrogens"",
      ""functional_group"": ""purine (guanine) six-membered ring, C2–NH2"",
      ""hybridization"": ""sp2"",
      ""example_molecule_smiles"": ""O=c1[nH]c2ncnc(N)c2[nH]1"",
      ""group_smarts"": ""[cX3;r6](-N)(-[n;r6])-[n;r6]"",
      ""atom_specific_smarts"": ""[cX3;r6:1](-N)(-[n;r6])-[n;r6]"",
      ""description"": ""C2 of guanine: ring sp2 carbon with exocyclic –NH2, bonded to both N1 and N3 in the ring."",
      ""uncertainty"": ""30""
    },
    {
      ""atom_type"": 364,
      ""element"": ""C"",
      ""chemical_environment"": ""Guanine C4 ring sp2 carbon adjacent to N3; not directly attached to exocyclic groups"",
      ""functional_group"": ""purine (guanine) six-membered ring"",
      ""hybridization"": ""sp2"",
      ""example_molecule_smiles"": ""O=c1[nH]c2ncnc(N)c2[nH]1"",
      ""group_smarts"": ""[cX3;r6;$([c]-[n;r6]);!$([c]-N);!$([c]-C(=O))]"",
      ""atom_specific_smarts"": ""[cX3;r6:1;$([c]-[n;r6]);!$([c]-N);!$([c]-C(=O))]"",
      ""description"": ""C4 of guanine: ring sp2 carbon next to N3, not bonded to exocyclic amine or carbonyl."",
      ""uncertainty"": ""45""
    },
    {
      ""atom_type"": 365,
      ""element"": ""C"",
      ""chemical_environment"": ""Guanine C5 ring sp2 carbon adjacent to the C6 carbonyl carbon"",
      ""functional_group"": ""purine (guanine) six-membered ring"",
      ""hybridization"": ""sp2"",
      ""example_molecule_smiles"": ""O=c1[nH]c2ncnc(N)c2[nH]1"",
      ""group_smarts"": ""[cX3;r6]-[C;r6](=O)"",
      ""atom_specific_smarts"": ""[cX3;r6:1]-[C;r6](=O)"",
      ""description"": ""C5 of guanine: ring sp2 carbon alpha to the C6(=O) carbonyl."",
      ""uncertainty"": ""30""
    },
    {
      ""atom_type"": 366,
      ""element"": ""C"",
      ""chemical_environment"": ""Guanine C6 carbonyl carbon (conjugated to ring N1)"",
      ""functional_group"": ""purine ring amide-like carbonyl"",
      ""hybridization"": ""sp2"",
      ""example_molecule_smiles"": ""O=c1[nH]c2ncnc(N)c2[nH]1"",
      ""group_smarts"": ""[C;X3;r6](=O)-[n;r6]"",
      ""atom_specific_smarts"": ""[C;X3;r6:1](=O)-[n;r6]"",
      ""description"": ""Carbonyl carbon at C6 of guanine conjugated into the purine ring."",
      ""uncertainty"": ""20""
    },
    {
      ""atom_type"": 371,
      ""element"": ""C"",
      ""chemical_environment"": ""Methyl carbon attached to N9 of a purine (adenine or guanine) imidazole nitrogen"",
      ""functional_group"": ""N-alkylated purine (N9-alkyl)"",
      ""hybridization"": ""sp3"",
      ""example_molecule_smiles"": ""Cn1c2ncnc(N)c2n1"",
      ""group_smarts"": ""[CH3X4:1]-[nX2;r5]"",
      ""atom_specific_smarts"": ""[CH3X4:1]-[nX2;r5]"",
      ""description"": ""Aliphatic methyl carbon bound to the ring imidazole nitrogen (N9) of a purine."",
      ""uncertainty"": ""40""
    },
    {
      ""atom_type"": 373,
      ""element"": ""C"",
      ""chemical_environment"": ""Methyl carbon attached to N1 of a pyrimidine (uracil or thymine)"",
      ""functional_group"": ""N-alkylated pyrimidine (N1-alkyl)"",
      ""hybridization"": ""sp3"",
      ""example_molecule_smiles"": ""O=C1n(C)cc(=O)[nH]1"",
      ""group_smarts"": ""[CH3X4:1]-[nX2;r6]-[c;r6]-C(=O)"",
      ""atom_specific_smarts"": ""[CH3X4:1]-[nX2;r6]-[c;r6]-C(=O)"",
      ""description"": ""Methyl carbon bound to N1 of a 1,3-dione pyrimidine ring (U/T)."",
      ""uncertainty"": ""35""
    },
    {
      ""atom_type"": 375,
      ""element"": ""C"",
      ""chemical_environment"": ""Methyl carbon attached to N1 of cytosine (pyrimidin-2-one)"",
      ""functional_group"": ""N-alkylated cytosine (N1-alkyl)"",
      ""hybridization"": ""sp3"",
      ""example_molecule_smiles"": ""O=c1n(C)cnc(N)n1"",
      ""group_smarts"": ""[CH3X4:1]-[nX2;r6]-[c;r6]-C(=O)"",
      ""atom_specific_smarts"": ""[CH3X4:1]-[nX2;r6]-[c;r6]-C(=O)"",
      ""description"": ""Methyl carbon bound to N1 of cytosine (adjacent ring carbon is C2=O)."",
      ""uncertainty"": ""35""
    },
    {
      ""atom_type"": 378,
      ""element"": ""C"",
      ""chemical_environment"": ""Cytosine C2 carbonyl carbon in protonated cytosine (CytH+), adjacent to a protonated ring nitrogen"",
      ""functional_group"": ""protonated pyrimidin-2-one (cytosinium)"",
      ""hybridization"": ""sp2"",
      ""example_molecule_smiles"": ""O=c1[nH+]cnc(N)n1"",
      ""group_smarts"": ""[C;X3;r6](=O)(-[n;r6])-[nH+;r6]"",
      ""atom_specific_smarts"": ""[C;X3;r6:1](=O)(-[n;r6])-[nH+;r6]"",
      ""description"": ""C2 carbonyl carbon of cytosine when N3 is protonated (cytosinium)."",
      ""uncertainty"": ""35""
    }
  ]
}"
371,-0.01,C  - CT   | 9-Me A or G C-N9,12.011,oplsaa2024.lt,C,6,"Convert the following OPLS-AA atom type rows:

Atom Type Data:
- Atom index: 323
- Force field raw info: C  - CM   | Uracil C5
- Partial charge: -0.07
- Atomic mass: 12.011
- Element guess: C
- Atomic number: 6
- Source file: oplsaa2024.lt


Atom Type Data:
- Atom index: 324
- Force field raw info: C  - CM   | Uracil C6
- Partial charge: 0.08
- Atomic mass: 12.011
- Element guess: C
- Atomic number: 6
- Source file: oplsaa2024.lt


Atom Type Data:
- Atom index: 331
- Force field raw info: C  - CT   | Thymine C-C5
- Partial charge: -0.14
- Atomic mass: 12.011
- Element guess: C
- Atomic number: 6
- Source file: oplsaa2024.lt


Atom Type Data:
- Atom index: 334
- Force field raw info: C  - C~   | Cytosine C2
- Partial charge: 0.55
- Atomic mass: 12.011
- Element guess: C
- Atomic number: 6
- Source file: oplsaa2024.lt


Atom Type Data:
- Atom index: 336
- Force field raw info: C  - CA   | Cytosine C4 Nucleotide base
- Partial charge: 0.46
- Atomic mass: 12.011
- Element guess: C
- Atomic number: 6
- Source file: oplsaa2024.lt


Atom Type Data:
- Atom index: 337
- Force field raw info: C  - CM   | Cytosine C5 parameters:
- Partial charge: -0.06
- Atomic mass: 12.011
- Element guess: C
- Atomic number: 6
- Source file: oplsaa2024.lt


Atom Type Data:
- Atom index: 338
- Force field raw info: C  - CM   | Cytosine C6 JACS,113,2810(1991)
- Partial charge: 0.1
- Atomic mass: 12.011
- Element guess: C
- Atomic number: 6
- Source file: oplsaa2024.lt


Atom Type Data:
- Atom index: 347
- Force field raw info: C  - CQ   | Adenine C2
- Partial charge: 0.22
- Atomic mass: 12.011
- Element guess: C
- Atomic number: 6
- Source file: oplsaa2024.lt


Atom Type Data:
- Atom index: 349
- Force field raw info: C  - CB   | Adenine C4
- Partial charge: 0.38
- Atomic mass: 12.011
- Element guess: C
- Atomic number: 6
- Source file: oplsaa2024.lt


Atom Type Data:
- Atom index: 350
- Force field raw info: C  - CB   | Adenine C5
- Partial charge: 0.15
- Atomic mass: 12.011
- Element guess: C
- Atomic number: 6
- Source file: oplsaa2024.lt


Atom Type Data:
- Atom index: 351
- Force field raw info: C  - CA   | Adenine C6
- Partial charge: 0.44
- Atomic mass: 12.011
- Element guess: C
- Atomic number: 6
- Source file: oplsaa2024.lt


Atom Type Data:
- Atom index: 353
- Force field raw info: C  - CR   | Adenine C8 Guanine
- Partial charge: 0.2
- Atomic mass: 12.011
- Element guess: C
- Atomic number: 6
- Source file: oplsaa2024.lt


Atom Type Data:
- Atom index: 362
- Force field raw info: C  - CA   | Guanine C2
- Partial charge: 0.46
- Atomic mass: 12.011
- Element guess: C
- Atomic number: 6
- Source file: oplsaa2024.lt


Atom Type Data:
- Atom index: 364
- Force field raw info: C  - CB   | Guanine C4
- Partial charge: 0.34
- Atomic mass: 12.011
- Element guess: C
- Atomic number: 6
- Source file: oplsaa2024.lt


Atom Type Data:
- Atom index: 365
- Force field raw info: C  - CB   | Guanine C5
- Partial charge: 0.12
- Atomic mass: 12.011
- Element guess: C
- Atomic number: 6
- Source file: oplsaa2024.lt


Atom Type Data:
- Atom index: 366
- Force field raw info: C  - C~   | Guanine C6
- Partial charge: 0.52
- Atomic mass: 12.011
- Element guess: C
- Atomic number: 6
- Source file: oplsaa2024.lt


Atom Type Data:
- Atom index: 371
- Force field raw info: C  - CT   | 9-Me A or G C-N9
- Partial charge: -0.01
- Atomic mass: 12.011
- Element guess: C
- Atomic number: 6
- Source file: oplsaa2024.lt


Atom Type Data:
- Atom index: 373
- Force field raw info: C  - CT   | 1-Me U or T C-N1
- Partial charge: -0.01
- Atomic mass: 12.011
- Element guess: C
- Atomic number: 6
- Source file: oplsaa2024.lt


Atom Type Data:
- Atom index: 375
- Force field raw info: C  - CT   | 1-Me Cytosine C-N1
- Partial charge: -0.01
- Atomic mass: 12.011
- Element guess: C
- Atomic number: 6
- Source file: oplsaa2024.lt


Atom Type Data:
- Atom index: 378
- Force field raw info: C  - C~   | CytH+ C2
- Partial charge: 0.65
- Atomic mass: 12.011
- Element guess: C
- Atomic number: 6
- Source file: oplsaa2024.lt
","{
  ""atoms"": [
    {
      ""atom_type"": 323,
      ""element"": ""C"",
      ""chemical_environment"": ""Uracil ring C5 (pyrimidine-2,4-dione): sp2 vinylic/aromatic carbon between C4(=O) and C6"",
      ""functional_group"": ""pyrimidine-2,4-dione (uracil) ring"",
      ""hybridization"": ""sp2"",
      ""example_molecule_smiles"": ""O=c1[nH]cc(=O)[nH]1"",
      ""group_smarts"": ""[cX3;r6;$([c]-C(=O));$([c]-[c]-[nH])]"",
      ""atom_specific_smarts"": ""[cX3;r6:1;$([c]-C(=O));$([c]-[c]-[nH])]"",
      ""description"": ""C5 of uracil: ring sp2 carbon adjacent to a carbonyl carbon (C4) and to C6 which is bonded to N1([nH])."",
      ""uncertainty"": ""25""
    },
    {
      ""atom_type"": 324,
      ""element"": ""C"",
      ""chemical_environment"": ""Uracil ring C6: sp2 vinylic/aromatic carbon adjacent to N1([nH]) and C5"",
      ""functional_group"": ""pyrimidine-2,4-dione (uracil) ring"",
      ""hybridization"": ""sp2"",
      ""example_molecule_smiles"": ""O=c1[nH]cc(=O)[nH]1"",
      ""group_smarts"": ""[cX3;r6;$([c]-[nH]);$([c]-[c]-C(=O))]"",
      ""atom_specific_smarts"": ""[cX3;r6:1;$([c]-[nH]);$([c]-[c]-C(=O))]"",
      ""description"": ""C6 of uracil: ring sp2 carbon bonded to N1([nH]) and to C5 which is adjacent to a carbonyl."",
      ""uncertainty"": ""25""
    },
    {
      ""atom_type"": 331,
      ""element"": ""C"",
      ""chemical_environment"": ""Thymine 5-methyl carbon attached to ring C5 (aliphatic sp3)"",
      ""functional_group"": ""5-methyluracil (thymine) substituent"",
      ""hybridization"": ""sp3"",
      ""example_molecule_smiles"": ""O=c1[nH]c(C)c(=O)[nH]1"",
      ""group_smarts"": ""[CH3X4]-[c;r6;$([c]-C(=O))]"",
      ""atom_specific_smarts"": ""O=C1[nH]c([CH3X4:1])c(=O)[nH]1"",
      ""description"": ""Methyl carbon directly bonded to the uracil/thymine C5 ring carbon."",
      ""uncertainty"": ""20""
    },
    {
      ""atom_type"": 334,
      ""element"": ""C"",
      ""chemical_environment"": ""Cytosine C2 carbonyl carbon within pyrimidin-2-one (between two ring nitrogens)"",
      ""functional_group"": ""pyrimidin-2-one (cytosine) ring carbonyl"",
      ""hybridization"": ""sp2"",
      ""example_molecule_smiles"": ""O=c1[nH]cnc(N)n1"",
      ""group_smarts"": ""[C;X3;r6](=O)(-[n;r6])-[n;r6]"",
      ""atom_specific_smarts"": ""[C;X3;r6:1](=O)(-[n;r6])-[n;r6]"",
      ""description"": ""Carbonyl carbon at C2 of cytosine conjugated to two ring nitrogens (N1 and N3)."",
      ""uncertainty"": ""20""
    },
    {
      ""atom_type"": 336,
      ""element"": ""C"",
      ""chemical_environment"": ""Cytosine C4 ring carbon bearing an exocyclic amino substituent"",
      ""functional_group"": ""pyrimidin-2-one (cytosine) ring, C4–NH2"",
      ""hybridization"": ""sp2"",
      ""example_molecule_smiles"": ""O=c1[nH]cnc(N)n1"",
      ""group_smarts"": ""[cX3;r6;$([c]-[NH2]);$([c]-[n;r6])]"",
      ""atom_specific_smarts"": ""[cX3;r6:1;$([c]-[NH2]);$([c]-[n;r6])]"",
      ""description"": ""C4 of cytosine: sp2 ring carbon bonded to exocyclic –NH2 and to N3 in the ring."",
      ""uncertainty"": ""25""
    },
    {
      ""atom_type"": 337,
      ""element"": ""C"",
      ""chemical_environment"": ""Cytosine C5 ring sp2 carbon between C4(–NH2) and C6"",
      ""functional_group"": ""pyrimidin-2-one (cytosine) ring"",
      ""hybridization"": ""sp2"",
      ""example_molecule_smiles"": ""O=c1[nH]cnc(N)n1"",
      ""group_smarts"": ""[cX3;r6;$([c]-[c;$([c]-[NH2])]);$([c]-[n;r6])]"",
      ""atom_specific_smarts"": ""[cX3;r6:1;$([c]-[c;$([c]-[NH2])]);$([c]-[n;r6])]"",
      ""description"": ""C5 of cytosine: ring sp2 carbon adjacent to C4 bearing –NH2 and adjacent to C6 (which is bonded to N1)."",
      ""uncertainty"": ""30""
    },
    {
      ""atom_type"": 338,
      ""element"": ""C"",
      ""chemical_environment"": ""Cytosine C6 ring sp2 carbon adjacent to N1 and C5 (which is adjacent to C4–NH2)"",
      ""functional_group"": ""pyrimidin-2-one (cytosine) ring"",
      ""hybridization"": ""sp2"",
      ""example_molecule_smiles"": ""O=c1[nH]cnc(N)n1"",
      ""group_smarts"": ""[cX3;r6;$([c]-[n;r6]);$([c]-[c;$([c]-[NH2])])]"",
      ""atom_specific_smarts"": ""[cX3;r6:1;$([c]-[n;r6]);$([c]-[c;$([c]-[NH2])])]"",
      ""description"": ""C6 of cytosine: ring sp2 carbon bonded to N1 and to C5 (which is alpha to the exocyclic amino at C4)."",
      ""uncertainty"": ""30""
    },
    {
      ""atom_type"": 347,
      ""element"": ""C"",
      ""chemical_environment"": ""Adenine C2 ring sp2 carbon flanked by two ring nitrogens (N1 and N3)"",
      ""functional_group"": ""purine (adenine) six-membered ring"",
      ""hybridization"": ""sp2"",
      ""example_molecule_smiles"": ""Nc1ncnc2ncnc12"",
      ""group_smarts"": ""[cX3;r6;$([c]-[n;r6]);$([c]-[n;r6])]"",
      ""atom_specific_smarts"": ""[cX3;r6:1;$([c]-[n;r6]);$([c]-[n;r6])]"",
      ""description"": ""C2 of adenine: six-membered ring carbon with two ring N neighbors (N1 and N3)."",
      ""uncertainty"": ""40""
    },
    {
      ""atom_type"": 349,
      ""element"": ""C"",
      ""chemical_environment"": ""Adenine C4 ring sp2 carbon adjacent to N3; not bonded to exocyclic substituents"",
      ""functional_group"": ""purine (adenine) six-membered ring"",
      ""hybridization"": ""sp2"",
      ""example_molecule_smiles"": ""Nc1ncnc2ncnc12"",
      ""group_smarts"": ""[cX3;r6;$([c]-[n;r6]);!$([c]-N)]"",
      ""atom_specific_smarts"": ""[cX3;r6:1;$([c]-[n;r6]);!$([c]-N)]"",
      ""description"": ""C4 of adenine: ring sp2 carbon adjacent to N3, not bearing an exocyclic amino or carbonyl."",
      ""uncertainty"": ""50""
    },
    {
      ""atom_type"": 350,
      ""element"": ""C"",
      ""chemical_environment"": ""Adenine C5 ring sp2 carbon between C4 (adjacent to N3) and C6 (bearing exocyclic –NH2)"",
      ""functional_group"": ""purine (adenine) six-membered ring"",
      ""hybridization"": ""sp2"",
      ""example_molecule_smiles"": ""Nc1ncnc2ncnc12"",
      ""group_smarts"": ""[cX3;r6;$([c]-[c;$([c]-N)])]"",
      ""atom_specific_smarts"": ""[cX3;r6:1;$([c]-[c;$([c]-N)])]"",
      ""description"": ""C5 of adenine: ring sp2 carbon adjacent to the C6 carbon that carries the exocyclic –NH2."",
      ""uncertainty"": ""50""
    },
    {
      ""atom_type"": 351,
      ""element"": ""C"",
      ""chemical_environment"": ""Adenine C6 ring sp2 carbon bound to an exocyclic amino group"",
      ""functional_group"": ""purine (adenine) exocyclic amine attachment site"",
      ""hybridization"": ""sp2"",
      ""example_molecule_smiles"": ""Nc1ncnc2ncnc12"",
      ""group_smarts"": ""[cX3;r6]-N"",
      ""atom_specific_smarts"": ""[cX3;r6:1]-N"",
      ""description"": ""C6 of adenine: ring sp2 carbon directly attached to –NH2."",
      ""uncertainty"": ""30""
    },
    {
      ""atom_type"": 353,
      ""element"": ""C"",
      ""chemical_environment"": ""Purine C8 (adenine/guanine) five-membered ring sp2 carbon adjacent to N7 and fused to six-membered ring"",
      ""functional_group"": ""purine imidazole ring (fused five-membered ring)"",
      ""hybridization"": ""sp2"",
      ""example_molecule_smiles"": ""Nc1ncnc2ncnc12"",
      ""group_smarts"": ""[cX3;r5;$([c]-[n;r5]);$([c]-[c;r6])]"",
      ""atom_specific_smarts"": ""[cX3;r5:1;$([c]-[n;r5]);$([c]-[c;r6])]"",
      ""description"": ""C8 of purines: sp2 carbon in the five-membered ring adjacent to N7 and fused to the six-membered ring."",
      ""uncertainty"": ""40""
    },
    {
      ""atom_type"": 362,
      ""element"": ""C"",
      ""chemical_environment"": ""Guanine C2 ring sp2 carbon bearing an exocyclic amino group and flanked by two ring nitrogens"",
      ""functional_group"": ""purine (guanine) six-membered ring, C2–NH2"",
      ""hybridization"": ""sp2"",
      ""example_molecule_smiles"": ""O=c1[nH]c2ncnc(N)c2[nH]1"",
      ""group_smarts"": ""[cX3;r6](-N)(-[n;r6])-[n;r6]"",
      ""atom_specific_smarts"": ""[cX3;r6:1](-N)(-[n;r6])-[n;r6]"",
      ""description"": ""C2 of guanine: ring sp2 carbon with exocyclic –NH2, bonded to both N1 and N3 in the ring."",
      ""uncertainty"": ""30""
    },
    {
      ""atom_type"": 364,
      ""element"": ""C"",
      ""chemical_environment"": ""Guanine C4 ring sp2 carbon adjacent to N3; not directly attached to exocyclic groups"",
      ""functional_group"": ""purine (guanine) six-membered ring"",
      ""hybridization"": ""sp2"",
      ""example_molecule_smiles"": ""O=c1[nH]c2ncnc(N)c2[nH]1"",
      ""group_smarts"": ""[cX3;r6;$([c]-[n;r6]);!$([c]-N);!$([c]-C(=O))]"",
      ""atom_specific_smarts"": ""[cX3;r6:1;$([c]-[n;r6]);!$([c]-N);!$([c]-C(=O))]"",
      ""description"": ""C4 of guanine: ring sp2 carbon next to N3, not bonded to exocyclic amine or carbonyl."",
      ""uncertainty"": ""45""
    },
    {
      ""atom_type"": 365,
      ""element"": ""C"",
      ""chemical_environment"": ""Guanine C5 ring sp2 carbon adjacent to the C6 carbonyl carbon"",
      ""functional_group"": ""purine (guanine) six-membered ring"",
      ""hybridization"": ""sp2"",
      ""example_molecule_smiles"": ""O=c1[nH]c2ncnc(N)c2[nH]1"",
      ""group_smarts"": ""[cX3;r6]-[C;r6](=O)"",
      ""atom_specific_smarts"": ""[cX3;r6:1]-[C;r6](=O)"",
      ""description"": ""C5 of guanine: ring sp2 carbon alpha to the C6(=O) carbonyl."",
      ""uncertainty"": ""30""
    },
    {
      ""atom_type"": 366,
      ""element"": ""C"",
      ""chemical_environment"": ""Guanine C6 carbonyl carbon (conjugated to ring N1)"",
      ""functional_group"": ""purine ring amide-like carbonyl"",
      ""hybridization"": ""sp2"",
      ""example_molecule_smiles"": ""O=c1[nH]c2ncnc(N)c2[nH]1"",
      ""group_smarts"": ""[C;X3;r6](=O)-[n;r6]"",
      ""atom_specific_smarts"": ""[C;X3;r6:1](=O)-[n;r6]"",
      ""description"": ""Carbonyl carbon at C6 of guanine conjugated into the purine ring."",
      ""uncertainty"": ""20""
    },
    {
      ""atom_type"": 371,
      ""element"": ""C"",
      ""chemical_environment"": ""Methyl carbon attached to N9 of a purine (adenine or guanine) imidazole nitrogen"",
      ""functional_group"": ""N-alkylated purine (N9-alkyl)"",
      ""hybridization"": ""sp3"",
      ""example_molecule_smiles"": ""Cn1c2ncnc(N)c2n1"",
      ""group_smarts"": ""[CH3X4:1]-[nX2;r5]"",
      ""atom_specific_smarts"": ""[CH3X4:1]-[nX2;r5]"",
      ""description"": ""Aliphatic methyl carbon bound to the ring imidazole nitrogen (N9) of a purine."",
      ""uncertainty"": ""40""
    },
    {
      ""atom_type"": 373,
      ""element"": ""C"",
      ""chemical_environment"": ""Methyl carbon attached to N1 of a pyrimidine (uracil or thymine)"",
      ""functional_group"": ""N-alkylated pyrimidine (N1-alkyl)"",
      ""hybridization"": ""sp3"",
      ""example_molecule_smiles"": ""O=C1n(C)cc(=O)[nH]1"",
      ""group_smarts"": ""[CH3X4:1]-[nX2;r6]-[c;r6]-C(=O)"",
      ""atom_specific_smarts"": ""[CH3X4:1]-[nX2;r6]-[c;r6]-C(=O)"",
      ""description"": ""Methyl carbon bound to N1 of a 1,3-dione pyrimidine ring (U/T)."",
      ""uncertainty"": ""35""
    },
    {
      ""atom_type"": 375,
      ""element"": ""C"",
      ""chemical_environment"": ""Methyl carbon attached to N1 of cytosine (pyrimidin-2-one)"",
      ""functional_group"": ""N-alkylated cytosine (N1-alkyl)"",
      ""hybridization"": ""sp3"",
      ""example_molecule_smiles"": ""O=c1n(C)cnc(N)n1"",
      ""group_smarts"": ""[CH3X4:1]-[nX2;r6]-[c;r6]-C(=O)"",
      ""atom_specific_smarts"": ""[CH3X4:1]-[nX2;r6]-[c;r6]-C(=O)"",
      ""description"": ""Methyl carbon bound to N1 of cytosine (adjacent ring carbon is C2=O)."",
      ""uncertainty"": ""35""
    },
    {
      ""atom_type"": 378,
      ""element"": ""C"",
      ""chemical_environment"": ""Cytosine C2 carbonyl carbon in protonated cytosine (CytH+), adjacent to a protonated ring nitrogen"",
      ""functional_group"": ""protonated pyrimidin-2-one (cytosinium)"",
      ""hybridization"": ""sp2"",
      ""example_molecule_smiles"": ""O=c1[nH+]cnc(N)n1"",
      ""group_smarts"": ""[C;X3;r6](=O)(-[n;r6])-[nH+;r6]"",
      ""atom_specific_smarts"": ""[C;X3;r6:1](=O)(-[n;r6])-[nH+;r6]"",
      ""description"": ""C2 carbonyl carbon of cytosine when N3 is protonated (cytosinium)."",
      ""uncertainty"": ""35""
    }
  ]
}"
373,-0.01,C  - CT   | 1-Me U or T C-N1,12.011,oplsaa2024.lt,C,6,"Convert the following OPLS-AA atom type rows:

Atom Type Data:
- Atom index: 323
- Force field raw info: C  - CM   | Uracil C5
- Partial charge: -0.07
- Atomic mass: 12.011
- Element guess: C
- Atomic number: 6
- Source file: oplsaa2024.lt


Atom Type Data:
- Atom index: 324
- Force field raw info: C  - CM   | Uracil C6
- Partial charge: 0.08
- Atomic mass: 12.011
- Element guess: C
- Atomic number: 6
- Source file: oplsaa2024.lt


Atom Type Data:
- Atom index: 331
- Force field raw info: C  - CT   | Thymine C-C5
- Partial charge: -0.14
- Atomic mass: 12.011
- Element guess: C
- Atomic number: 6
- Source file: oplsaa2024.lt


Atom Type Data:
- Atom index: 334
- Force field raw info: C  - C~   | Cytosine C2
- Partial charge: 0.55
- Atomic mass: 12.011
- Element guess: C
- Atomic number: 6
- Source file: oplsaa2024.lt


Atom Type Data:
- Atom index: 336
- Force field raw info: C  - CA   | Cytosine C4 Nucleotide base
- Partial charge: 0.46
- Atomic mass: 12.011
- Element guess: C
- Atomic number: 6
- Source file: oplsaa2024.lt


Atom Type Data:
- Atom index: 337
- Force field raw info: C  - CM   | Cytosine C5 parameters:
- Partial charge: -0.06
- Atomic mass: 12.011
- Element guess: C
- Atomic number: 6
- Source file: oplsaa2024.lt


Atom Type Data:
- Atom index: 338
- Force field raw info: C  - CM   | Cytosine C6 JACS,113,2810(1991)
- Partial charge: 0.1
- Atomic mass: 12.011
- Element guess: C
- Atomic number: 6
- Source file: oplsaa2024.lt


Atom Type Data:
- Atom index: 347
- Force field raw info: C  - CQ   | Adenine C2
- Partial charge: 0.22
- Atomic mass: 12.011
- Element guess: C
- Atomic number: 6
- Source file: oplsaa2024.lt


Atom Type Data:
- Atom index: 349
- Force field raw info: C  - CB   | Adenine C4
- Partial charge: 0.38
- Atomic mass: 12.011
- Element guess: C
- Atomic number: 6
- Source file: oplsaa2024.lt


Atom Type Data:
- Atom index: 350
- Force field raw info: C  - CB   | Adenine C5
- Partial charge: 0.15
- Atomic mass: 12.011
- Element guess: C
- Atomic number: 6
- Source file: oplsaa2024.lt


Atom Type Data:
- Atom index: 351
- Force field raw info: C  - CA   | Adenine C6
- Partial charge: 0.44
- Atomic mass: 12.011
- Element guess: C
- Atomic number: 6
- Source file: oplsaa2024.lt


Atom Type Data:
- Atom index: 353
- Force field raw info: C  - CR   | Adenine C8 Guanine
- Partial charge: 0.2
- Atomic mass: 12.011
- Element guess: C
- Atomic number: 6
- Source file: oplsaa2024.lt


Atom Type Data:
- Atom index: 362
- Force field raw info: C  - CA   | Guanine C2
- Partial charge: 0.46
- Atomic mass: 12.011
- Element guess: C
- Atomic number: 6
- Source file: oplsaa2024.lt


Atom Type Data:
- Atom index: 364
- Force field raw info: C  - CB   | Guanine C4
- Partial charge: 0.34
- Atomic mass: 12.011
- Element guess: C
- Atomic number: 6
- Source file: oplsaa2024.lt


Atom Type Data:
- Atom index: 365
- Force field raw info: C  - CB   | Guanine C5
- Partial charge: 0.12
- Atomic mass: 12.011
- Element guess: C
- Atomic number: 6
- Source file: oplsaa2024.lt


Atom Type Data:
- Atom index: 366
- Force field raw info: C  - C~   | Guanine C6
- Partial charge: 0.52
- Atomic mass: 12.011
- Element guess: C
- Atomic number: 6
- Source file: oplsaa2024.lt


Atom Type Data:
- Atom index: 371
- Force field raw info: C  - CT   | 9-Me A or G C-N9
- Partial charge: -0.01
- Atomic mass: 12.011
- Element guess: C
- Atomic number: 6
- Source file: oplsaa2024.lt


Atom Type Data:
- Atom index: 373
- Force field raw info: C  - CT   | 1-Me U or T C-N1
- Partial charge: -0.01
- Atomic mass: 12.011
- Element guess: C
- Atomic number: 6
- Source file: oplsaa2024.lt


Atom Type Data:
- Atom index: 375
- Force field raw info: C  - CT   | 1-Me Cytosine C-N1
- Partial charge: -0.01
- Atomic mass: 12.011
- Element guess: C
- Atomic number: 6
- Source file: oplsaa2024.lt


Atom Type Data:
- Atom index: 378
- Force field raw info: C  - C~   | CytH+ C2
- Partial charge: 0.65
- Atomic mass: 12.011
- Element guess: C
- Atomic number: 6
- Source file: oplsaa2024.lt
","{
  ""atoms"": [
    {
      ""atom_type"": 323,
      ""element"": ""C"",
      ""chemical_environment"": ""Uracil ring C5 (pyrimidine-2,4-dione): sp2 vinylic/aromatic carbon between C4(=O) and C6"",
      ""functional_group"": ""pyrimidine-2,4-dione (uracil) ring"",
      ""hybridization"": ""sp2"",
      ""example_molecule_smiles"": ""O=c1[nH]cc(=O)[nH]1"",
      ""group_smarts"": ""[cX3;r6;$([c]-C(=O));$([c]-[c]-[nH])]"",
      ""atom_specific_smarts"": ""[cX3;r6:1;$([c]-C(=O));$([c]-[c]-[nH])]"",
      ""description"": ""C5 of uracil: ring sp2 carbon adjacent to a carbonyl carbon (C4) and to C6 which is bonded to N1([nH])."",
      ""uncertainty"": ""25""
    },
    {
      ""atom_type"": 324,
      ""element"": ""C"",
      ""chemical_environment"": ""Uracil ring C6: sp2 vinylic/aromatic carbon adjacent to N1([nH]) and C5"",
      ""functional_group"": ""pyrimidine-2,4-dione (uracil) ring"",
      ""hybridization"": ""sp2"",
      ""example_molecule_smiles"": ""O=c1[nH]cc(=O)[nH]1"",
      ""group_smarts"": ""[cX3;r6;$([c]-[nH]);$([c]-[c]-C(=O))]"",
      ""atom_specific_smarts"": ""[cX3;r6:1;$([c]-[nH]);$([c]-[c]-C(=O))]"",
      ""description"": ""C6 of uracil: ring sp2 carbon bonded to N1([nH]) and to C5 which is adjacent to a carbonyl."",
      ""uncertainty"": ""25""
    },
    {
      ""atom_type"": 331,
      ""element"": ""C"",
      ""chemical_environment"": ""Thymine 5-methyl carbon attached to ring C5 (aliphatic sp3)"",
      ""functional_group"": ""5-methyluracil (thymine) substituent"",
      ""hybridization"": ""sp3"",
      ""example_molecule_smiles"": ""O=c1[nH]c(C)c(=O)[nH]1"",
      ""group_smarts"": ""[CH3X4]-[c;r6;$([c]-C(=O))]"",
      ""atom_specific_smarts"": ""O=C1[nH]c([CH3X4:1])c(=O)[nH]1"",
      ""description"": ""Methyl carbon directly bonded to the uracil/thymine C5 ring carbon."",
      ""uncertainty"": ""20""
    },
    {
      ""atom_type"": 334,
      ""element"": ""C"",
      ""chemical_environment"": ""Cytosine C2 carbonyl carbon within pyrimidin-2-one (between two ring nitrogens)"",
      ""functional_group"": ""pyrimidin-2-one (cytosine) ring carbonyl"",
      ""hybridization"": ""sp2"",
      ""example_molecule_smiles"": ""O=c1[nH]cnc(N)n1"",
      ""group_smarts"": ""[C;X3;r6](=O)(-[n;r6])-[n;r6]"",
      ""atom_specific_smarts"": ""[C;X3;r6:1](=O)(-[n;r6])-[n;r6]"",
      ""description"": ""Carbonyl carbon at C2 of cytosine conjugated to two ring nitrogens (N1 and N3)."",
      ""uncertainty"": ""20""
    },
    {
      ""atom_type"": 336,
      ""element"": ""C"",
      ""chemical_environment"": ""Cytosine C4 ring carbon bearing an exocyclic amino substituent"",
      ""functional_group"": ""pyrimidin-2-one (cytosine) ring, C4–NH2"",
      ""hybridization"": ""sp2"",
      ""example_molecule_smiles"": ""O=c1[nH]cnc(N)n1"",
      ""group_smarts"": ""[cX3;r6;$([c]-[NH2]);$([c]-[n;r6])]"",
      ""atom_specific_smarts"": ""[cX3;r6:1;$([c]-[NH2]);$([c]-[n;r6])]"",
      ""description"": ""C4 of cytosine: sp2 ring carbon bonded to exocyclic –NH2 and to N3 in the ring."",
      ""uncertainty"": ""25""
    },
    {
      ""atom_type"": 337,
      ""element"": ""C"",
      ""chemical_environment"": ""Cytosine C5 ring sp2 carbon between C4(–NH2) and C6"",
      ""functional_group"": ""pyrimidin-2-one (cytosine) ring"",
      ""hybridization"": ""sp2"",
      ""example_molecule_smiles"": ""O=c1[nH]cnc(N)n1"",
      ""group_smarts"": ""[cX3;r6;$([c]-[c;$([c]-[NH2])]);$([c]-[n;r6])]"",
      ""atom_specific_smarts"": ""[cX3;r6:1;$([c]-[c;$([c]-[NH2])]);$([c]-[n;r6])]"",
      ""description"": ""C5 of cytosine: ring sp2 carbon adjacent to C4 bearing –NH2 and adjacent to C6 (which is bonded to N1)."",
      ""uncertainty"": ""30""
    },
    {
      ""atom_type"": 338,
      ""element"": ""C"",
      ""chemical_environment"": ""Cytosine C6 ring sp2 carbon adjacent to N1 and C5 (which is adjacent to C4–NH2)"",
      ""functional_group"": ""pyrimidin-2-one (cytosine) ring"",
      ""hybridization"": ""sp2"",
      ""example_molecule_smiles"": ""O=c1[nH]cnc(N)n1"",
      ""group_smarts"": ""[cX3;r6;$([c]-[n;r6]);$([c]-[c;$([c]-[NH2])])]"",
      ""atom_specific_smarts"": ""[cX3;r6:1;$([c]-[n;r6]);$([c]-[c;$([c]-[NH2])])]"",
      ""description"": ""C6 of cytosine: ring sp2 carbon bonded to N1 and to C5 (which is alpha to the exocyclic amino at C4)."",
      ""uncertainty"": ""30""
    },
    {
      ""atom_type"": 347,
      ""element"": ""C"",
      ""chemical_environment"": ""Adenine C2 ring sp2 carbon flanked by two ring nitrogens (N1 and N3)"",
      ""functional_group"": ""purine (adenine) six-membered ring"",
      ""hybridization"": ""sp2"",
      ""example_molecule_smiles"": ""Nc1ncnc2ncnc12"",
      ""group_smarts"": ""[cX3;r6;$([c]-[n;r6]);$([c]-[n;r6])]"",
      ""atom_specific_smarts"": ""[cX3;r6:1;$([c]-[n;r6]);$([c]-[n;r6])]"",
      ""description"": ""C2 of adenine: six-membered ring carbon with two ring N neighbors (N1 and N3)."",
      ""uncertainty"": ""40""
    },
    {
      ""atom_type"": 349,
      ""element"": ""C"",
      ""chemical_environment"": ""Adenine C4 ring sp2 carbon adjacent to N3; not bonded to exocyclic substituents"",
      ""functional_group"": ""purine (adenine) six-membered ring"",
      ""hybridization"": ""sp2"",
      ""example_molecule_smiles"": ""Nc1ncnc2ncnc12"",
      ""group_smarts"": ""[cX3;r6;$([c]-[n;r6]);!$([c]-N)]"",
      ""atom_specific_smarts"": ""[cX3;r6:1;$([c]-[n;r6]);!$([c]-N)]"",
      ""description"": ""C4 of adenine: ring sp2 carbon adjacent to N3, not bearing an exocyclic amino or carbonyl."",
      ""uncertainty"": ""50""
    },
    {
      ""atom_type"": 350,
      ""element"": ""C"",
      ""chemical_environment"": ""Adenine C5 ring sp2 carbon between C4 (adjacent to N3) and C6 (bearing exocyclic –NH2)"",
      ""functional_group"": ""purine (adenine) six-membered ring"",
      ""hybridization"": ""sp2"",
      ""example_molecule_smiles"": ""Nc1ncnc2ncnc12"",
      ""group_smarts"": ""[cX3;r6;$([c]-[c;$([c]-N)])]"",
      ""atom_specific_smarts"": ""[cX3;r6:1;$([c]-[c;$([c]-N)])]"",
      ""description"": ""C5 of adenine: ring sp2 carbon adjacent to the C6 carbon that carries the exocyclic –NH2."",
      ""uncertainty"": ""50""
    },
    {
      ""atom_type"": 351,
      ""element"": ""C"",
      ""chemical_environment"": ""Adenine C6 ring sp2 carbon bound to an exocyclic amino group"",
      ""functional_group"": ""purine (adenine) exocyclic amine attachment site"",
      ""hybridization"": ""sp2"",
      ""example_molecule_smiles"": ""Nc1ncnc2ncnc12"",
      ""group_smarts"": ""[cX3;r6]-N"",
      ""atom_specific_smarts"": ""[cX3;r6:1]-N"",
      ""description"": ""C6 of adenine: ring sp2 carbon directly attached to –NH2."",
      ""uncertainty"": ""30""
    },
    {
      ""atom_type"": 353,
      ""element"": ""C"",
      ""chemical_environment"": ""Purine C8 (adenine/guanine) five-membered ring sp2 carbon adjacent to N7 and fused to six-membered ring"",
      ""functional_group"": ""purine imidazole ring (fused five-membered ring)"",
      ""hybridization"": ""sp2"",
      ""example_molecule_smiles"": ""Nc1ncnc2ncnc12"",
      ""group_smarts"": ""[cX3;r5;$([c]-[n;r5]);$([c]-[c;r6])]"",
      ""atom_specific_smarts"": ""[cX3;r5:1;$([c]-[n;r5]);$([c]-[c;r6])]"",
      ""description"": ""C8 of purines: sp2 carbon in the five-membered ring adjacent to N7 and fused to the six-membered ring."",
      ""uncertainty"": ""40""
    },
    {
      ""atom_type"": 362,
      ""element"": ""C"",
      ""chemical_environment"": ""Guanine C2 ring sp2 carbon bearing an exocyclic amino group and flanked by two ring nitrogens"",
      ""functional_group"": ""purine (guanine) six-membered ring, C2–NH2"",
      ""hybridization"": ""sp2"",
      ""example_molecule_smiles"": ""O=c1[nH]c2ncnc(N)c2[nH]1"",
      ""group_smarts"": ""[cX3;r6](-N)(-[n;r6])-[n;r6]"",
      ""atom_specific_smarts"": ""[cX3;r6:1](-N)(-[n;r6])-[n;r6]"",
      ""description"": ""C2 of guanine: ring sp2 carbon with exocyclic –NH2, bonded to both N1 and N3 in the ring."",
      ""uncertainty"": ""30""
    },
    {
      ""atom_type"": 364,
      ""element"": ""C"",
      ""chemical_environment"": ""Guanine C4 ring sp2 carbon adjacent to N3; not directly attached to exocyclic groups"",
      ""functional_group"": ""purine (guanine) six-membered ring"",
      ""hybridization"": ""sp2"",
      ""example_molecule_smiles"": ""O=c1[nH]c2ncnc(N)c2[nH]1"",
      ""group_smarts"": ""[cX3;r6;$([c]-[n;r6]);!$([c]-N);!$([c]-C(=O))]"",
      ""atom_specific_smarts"": ""[cX3;r6:1;$([c]-[n;r6]);!$([c]-N);!$([c]-C(=O))]"",
      ""description"": ""C4 of guanine: ring sp2 carbon next to N3, not bonded to exocyclic amine or carbonyl."",
      ""uncertainty"": ""45""
    },
    {
      ""atom_type"": 365,
      ""element"": ""C"",
      ""chemical_environment"": ""Guanine C5 ring sp2 carbon adjacent to the C6 carbonyl carbon"",
      ""functional_group"": ""purine (guanine) six-membered ring"",
      ""hybridization"": ""sp2"",
      ""example_molecule_smiles"": ""O=c1[nH]c2ncnc(N)c2[nH]1"",
      ""group_smarts"": ""[cX3;r6]-[C;r6](=O)"",
      ""atom_specific_smarts"": ""[cX3;r6:1]-[C;r6](=O)"",
      ""description"": ""C5 of guanine: ring sp2 carbon alpha to the C6(=O) carbonyl."",
      ""uncertainty"": ""30""
    },
    {
      ""atom_type"": 366,
      ""element"": ""C"",
      ""chemical_environment"": ""Guanine C6 carbonyl carbon (conjugated to ring N1)"",
      ""functional_group"": ""purine ring amide-like carbonyl"",
      ""hybridization"": ""sp2"",
      ""example_molecule_smiles"": ""O=c1[nH]c2ncnc(N)c2[nH]1"",
      ""group_smarts"": ""[C;X3;r6](=O)-[n;r6]"",
      ""atom_specific_smarts"": ""[C;X3;r6:1](=O)-[n;r6]"",
      ""description"": ""Carbonyl carbon at C6 of guanine conjugated into the purine ring."",
      ""uncertainty"": ""20""
    },
    {
      ""atom_type"": 371,
      ""element"": ""C"",
      ""chemical_environment"": ""Methyl carbon attached to N9 of a purine (adenine or guanine) imidazole nitrogen"",
      ""functional_group"": ""N-alkylated purine (N9-alkyl)"",
      ""hybridization"": ""sp3"",
      ""example_molecule_smiles"": ""Cn1c2ncnc(N)c2n1"",
      ""group_smarts"": ""[CH3X4:1]-[nX2;r5]"",
      ""atom_specific_smarts"": ""[CH3X4:1]-[nX2;r5]"",
      ""description"": ""Aliphatic methyl carbon bound to the ring imidazole nitrogen (N9) of a purine."",
      ""uncertainty"": ""40""
    },
    {
      ""atom_type"": 373,
      ""element"": ""C"",
      ""chemical_environment"": ""Methyl carbon attached to N1 of a pyrimidine (uracil or thymine)"",
      ""functional_group"": ""N-alkylated pyrimidine (N1-alkyl)"",
      ""hybridization"": ""sp3"",
      ""example_molecule_smiles"": ""O=C1n(C)cc(=O)[nH]1"",
      ""group_smarts"": ""[CH3X4:1]-[nX2;r6]-[c;r6]-C(=O)"",
      ""atom_specific_smarts"": ""[CH3X4:1]-[nX2;r6]-[c;r6]-C(=O)"",
      ""description"": ""Methyl carbon bound to N1 of a 1,3-dione pyrimidine ring (U/T)."",
      ""uncertainty"": ""35""
    },
    {
      ""atom_type"": 375,
      ""element"": ""C"",
      ""chemical_environment"": ""Methyl carbon attached to N1 of cytosine (pyrimidin-2-one)"",
      ""functional_group"": ""N-alkylated cytosine (N1-alkyl)"",
      ""hybridization"": ""sp3"",
      ""example_molecule_smiles"": ""O=c1n(C)cnc(N)n1"",
      ""group_smarts"": ""[CH3X4:1]-[nX2;r6]-[c;r6]-C(=O)"",
      ""atom_specific_smarts"": ""[CH3X4:1]-[nX2;r6]-[c;r6]-C(=O)"",
      ""description"": ""Methyl carbon bound to N1 of cytosine (adjacent ring carbon is C2=O)."",
      ""uncertainty"": ""35""
    },
    {
      ""atom_type"": 378,
      ""element"": ""C"",
      ""chemical_environment"": ""Cytosine C2 carbonyl carbon in protonated cytosine (CytH+), adjacent to a protonated ring nitrogen"",
      ""functional_group"": ""protonated pyrimidin-2-one (cytosinium)"",
      ""hybridization"": ""sp2"",
      ""example_molecule_smiles"": ""O=c1[nH+]cnc(N)n1"",
      ""group_smarts"": ""[C;X3;r6](=O)(-[n;r6])-[nH+;r6]"",
      ""atom_specific_smarts"": ""[C;X3;r6:1](=O)(-[n;r6])-[nH+;r6]"",
      ""description"": ""C2 carbonyl carbon of cytosine when N3 is protonated (cytosinium)."",
      ""uncertainty"": ""35""
    }
  ]
}"
375,-0.01,C  - CT   | 1-Me Cytosine C-N1,12.011,oplsaa2024.lt,C,6,"Convert the following OPLS-AA atom type rows:

Atom Type Data:
- Atom index: 323
- Force field raw info: C  - CM   | Uracil C5
- Partial charge: -0.07
- Atomic mass: 12.011
- Element guess: C
- Atomic number: 6
- Source file: oplsaa2024.lt


Atom Type Data:
- Atom index: 324
- Force field raw info: C  - CM   | Uracil C6
- Partial charge: 0.08
- Atomic mass: 12.011
- Element guess: C
- Atomic number: 6
- Source file: oplsaa2024.lt


Atom Type Data:
- Atom index: 331
- Force field raw info: C  - CT   | Thymine C-C5
- Partial charge: -0.14
- Atomic mass: 12.011
- Element guess: C
- Atomic number: 6
- Source file: oplsaa2024.lt


Atom Type Data:
- Atom index: 334
- Force field raw info: C  - C~   | Cytosine C2
- Partial charge: 0.55
- Atomic mass: 12.011
- Element guess: C
- Atomic number: 6
- Source file: oplsaa2024.lt


Atom Type Data:
- Atom index: 336
- Force field raw info: C  - CA   | Cytosine C4 Nucleotide base
- Partial charge: 0.46
- Atomic mass: 12.011
- Element guess: C
- Atomic number: 6
- Source file: oplsaa2024.lt


Atom Type Data:
- Atom index: 337
- Force field raw info: C  - CM   | Cytosine C5 parameters:
- Partial charge: -0.06
- Atomic mass: 12.011
- Element guess: C
- Atomic number: 6
- Source file: oplsaa2024.lt


Atom Type Data:
- Atom index: 338
- Force field raw info: C  - CM   | Cytosine C6 JACS,113,2810(1991)
- Partial charge: 0.1
- Atomic mass: 12.011
- Element guess: C
- Atomic number: 6
- Source file: oplsaa2024.lt


Atom Type Data:
- Atom index: 347
- Force field raw info: C  - CQ   | Adenine C2
- Partial charge: 0.22
- Atomic mass: 12.011
- Element guess: C
- Atomic number: 6
- Source file: oplsaa2024.lt


Atom Type Data:
- Atom index: 349
- Force field raw info: C  - CB   | Adenine C4
- Partial charge: 0.38
- Atomic mass: 12.011
- Element guess: C
- Atomic number: 6
- Source file: oplsaa2024.lt


Atom Type Data:
- Atom index: 350
- Force field raw info: C  - CB   | Adenine C5
- Partial charge: 0.15
- Atomic mass: 12.011
- Element guess: C
- Atomic number: 6
- Source file: oplsaa2024.lt


Atom Type Data:
- Atom index: 351
- Force field raw info: C  - CA   | Adenine C6
- Partial charge: 0.44
- Atomic mass: 12.011
- Element guess: C
- Atomic number: 6
- Source file: oplsaa2024.lt


Atom Type Data:
- Atom index: 353
- Force field raw info: C  - CR   | Adenine C8 Guanine
- Partial charge: 0.2
- Atomic mass: 12.011
- Element guess: C
- Atomic number: 6
- Source file: oplsaa2024.lt


Atom Type Data:
- Atom index: 362
- Force field raw info: C  - CA   | Guanine C2
- Partial charge: 0.46
- Atomic mass: 12.011
- Element guess: C
- Atomic number: 6
- Source file: oplsaa2024.lt


Atom Type Data:
- Atom index: 364
- Force field raw info: C  - CB   | Guanine C4
- Partial charge: 0.34
- Atomic mass: 12.011
- Element guess: C
- Atomic number: 6
- Source file: oplsaa2024.lt


Atom Type Data:
- Atom index: 365
- Force field raw info: C  - CB   | Guanine C5
- Partial charge: 0.12
- Atomic mass: 12.011
- Element guess: C
- Atomic number: 6
- Source file: oplsaa2024.lt


Atom Type Data:
- Atom index: 366
- Force field raw info: C  - C~   | Guanine C6
- Partial charge: 0.52
- Atomic mass: 12.011
- Element guess: C
- Atomic number: 6
- Source file: oplsaa2024.lt


Atom Type Data:
- Atom index: 371
- Force field raw info: C  - CT   | 9-Me A or G C-N9
- Partial charge: -0.01
- Atomic mass: 12.011
- Element guess: C
- Atomic number: 6
- Source file: oplsaa2024.lt


Atom Type Data:
- Atom index: 373
- Force field raw info: C  - CT   | 1-Me U or T C-N1
- Partial charge: -0.01
- Atomic mass: 12.011
- Element guess: C
- Atomic number: 6
- Source file: oplsaa2024.lt


Atom Type Data:
- Atom index: 375
- Force field raw info: C  - CT   | 1-Me Cytosine C-N1
- Partial charge: -0.01
- Atomic mass: 12.011
- Element guess: C
- Atomic number: 6
- Source file: oplsaa2024.lt


Atom Type Data:
- Atom index: 378
- Force field raw info: C  - C~   | CytH+ C2
- Partial charge: 0.65
- Atomic mass: 12.011
- Element guess: C
- Atomic number: 6
- Source file: oplsaa2024.lt
","{
  ""atoms"": [
    {
      ""atom_type"": 323,
      ""element"": ""C"",
      ""chemical_environment"": ""Uracil ring C5 (pyrimidine-2,4-dione): sp2 vinylic/aromatic carbon between C4(=O) and C6"",
      ""functional_group"": ""pyrimidine-2,4-dione (uracil) ring"",
      ""hybridization"": ""sp2"",
      ""example_molecule_smiles"": ""O=c1[nH]cc(=O)[nH]1"",
      ""group_smarts"": ""[cX3;r6;$([c]-C(=O));$([c]-[c]-[nH])]"",
      ""atom_specific_smarts"": ""[cX3;r6:1;$([c]-C(=O));$([c]-[c]-[nH])]"",
      ""description"": ""C5 of uracil: ring sp2 carbon adjacent to a carbonyl carbon (C4) and to C6 which is bonded to N1([nH])."",
      ""uncertainty"": ""25""
    },
    {
      ""atom_type"": 324,
      ""element"": ""C"",
      ""chemical_environment"": ""Uracil ring C6: sp2 vinylic/aromatic carbon adjacent to N1([nH]) and C5"",
      ""functional_group"": ""pyrimidine-2,4-dione (uracil) ring"",
      ""hybridization"": ""sp2"",
      ""example_molecule_smiles"": ""O=c1[nH]cc(=O)[nH]1"",
      ""group_smarts"": ""[cX3;r6;$([c]-[nH]);$([c]-[c]-C(=O))]"",
      ""atom_specific_smarts"": ""[cX3;r6:1;$([c]-[nH]);$([c]-[c]-C(=O))]"",
      ""description"": ""C6 of uracil: ring sp2 carbon bonded to N1([nH]) and to C5 which is adjacent to a carbonyl."",
      ""uncertainty"": ""25""
    },
    {
      ""atom_type"": 331,
      ""element"": ""C"",
      ""chemical_environment"": ""Thymine 5-methyl carbon attached to ring C5 (aliphatic sp3)"",
      ""functional_group"": ""5-methyluracil (thymine) substituent"",
      ""hybridization"": ""sp3"",
      ""example_molecule_smiles"": ""O=c1[nH]c(C)c(=O)[nH]1"",
      ""group_smarts"": ""[CH3X4]-[c;r6;$([c]-C(=O))]"",
      ""atom_specific_smarts"": ""O=C1[nH]c([CH3X4:1])c(=O)[nH]1"",
      ""description"": ""Methyl carbon directly bonded to the uracil/thymine C5 ring carbon."",
      ""uncertainty"": ""20""
    },
    {
      ""atom_type"": 334,
      ""element"": ""C"",
      ""chemical_environment"": ""Cytosine C2 carbonyl carbon within pyrimidin-2-one (between two ring nitrogens)"",
      ""functional_group"": ""pyrimidin-2-one (cytosine) ring carbonyl"",
      ""hybridization"": ""sp2"",
      ""example_molecule_smiles"": ""O=c1[nH]cnc(N)n1"",
      ""group_smarts"": ""[C;X3;r6](=O)(-[n;r6])-[n;r6]"",
      ""atom_specific_smarts"": ""[C;X3;r6:1](=O)(-[n;r6])-[n;r6]"",
      ""description"": ""Carbonyl carbon at C2 of cytosine conjugated to two ring nitrogens (N1 and N3)."",
      ""uncertainty"": ""20""
    },
    {
      ""atom_type"": 336,
      ""element"": ""C"",
      ""chemical_environment"": ""Cytosine C4 ring carbon bearing an exocyclic amino substituent"",
      ""functional_group"": ""pyrimidin-2-one (cytosine) ring, C4–NH2"",
      ""hybridization"": ""sp2"",
      ""example_molecule_smiles"": ""O=c1[nH]cnc(N)n1"",
      ""group_smarts"": ""[cX3;r6;$([c]-[NH2]);$([c]-[n;r6])]"",
      ""atom_specific_smarts"": ""[cX3;r6:1;$([c]-[NH2]);$([c]-[n;r6])]"",
      ""description"": ""C4 of cytosine: sp2 ring carbon bonded to exocyclic –NH2 and to N3 in the ring."",
      ""uncertainty"": ""25""
    },
    {
      ""atom_type"": 337,
      ""element"": ""C"",
      ""chemical_environment"": ""Cytosine C5 ring sp2 carbon between C4(–NH2) and C6"",
      ""functional_group"": ""pyrimidin-2-one (cytosine) ring"",
      ""hybridization"": ""sp2"",
      ""example_molecule_smiles"": ""O=c1[nH]cnc(N)n1"",
      ""group_smarts"": ""[cX3;r6;$([c]-[c;$([c]-[NH2])]);$([c]-[n;r6])]"",
      ""atom_specific_smarts"": ""[cX3;r6:1;$([c]-[c;$([c]-[NH2])]);$([c]-[n;r6])]"",
      ""description"": ""C5 of cytosine: ring sp2 carbon adjacent to C4 bearing –NH2 and adjacent to C6 (which is bonded to N1)."",
      ""uncertainty"": ""30""
    },
    {
      ""atom_type"": 338,
      ""element"": ""C"",
      ""chemical_environment"": ""Cytosine C6 ring sp2 carbon adjacent to N1 and C5 (which is adjacent to C4–NH2)"",
      ""functional_group"": ""pyrimidin-2-one (cytosine) ring"",
      ""hybridization"": ""sp2"",
      ""example_molecule_smiles"": ""O=c1[nH]cnc(N)n1"",
      ""group_smarts"": ""[cX3;r6;$([c]-[n;r6]);$([c]-[c;$([c]-[NH2])])]"",
      ""atom_specific_smarts"": ""[cX3;r6:1;$([c]-[n;r6]);$([c]-[c;$([c]-[NH2])])]"",
      ""description"": ""C6 of cytosine: ring sp2 carbon bonded to N1 and to C5 (which is alpha to the exocyclic amino at C4)."",
      ""uncertainty"": ""30""
    },
    {
      ""atom_type"": 347,
      ""element"": ""C"",
      ""chemical_environment"": ""Adenine C2 ring sp2 carbon flanked by two ring nitrogens (N1 and N3)"",
      ""functional_group"": ""purine (adenine) six-membered ring"",
      ""hybridization"": ""sp2"",
      ""example_molecule_smiles"": ""Nc1ncnc2ncnc12"",
      ""group_smarts"": ""[cX3;r6;$([c]-[n;r6]);$([c]-[n;r6])]"",
      ""atom_specific_smarts"": ""[cX3;r6:1;$([c]-[n;r6]);$([c]-[n;r6])]"",
      ""description"": ""C2 of adenine: six-membered ring carbon with two ring N neighbors (N1 and N3)."",
      ""uncertainty"": ""40""
    },
    {
      ""atom_type"": 349,
      ""element"": ""C"",
      ""chemical_environment"": ""Adenine C4 ring sp2 carbon adjacent to N3; not bonded to exocyclic substituents"",
      ""functional_group"": ""purine (adenine) six-membered ring"",
      ""hybridization"": ""sp2"",
      ""example_molecule_smiles"": ""Nc1ncnc2ncnc12"",
      ""group_smarts"": ""[cX3;r6;$([c]-[n;r6]);!$([c]-N)]"",
      ""atom_specific_smarts"": ""[cX3;r6:1;$([c]-[n;r6]);!$([c]-N)]"",
      ""description"": ""C4 of adenine: ring sp2 carbon adjacent to N3, not bearing an exocyclic amino or carbonyl."",
      ""uncertainty"": ""50""
    },
    {
      ""atom_type"": 350,
      ""element"": ""C"",
      ""chemical_environment"": ""Adenine C5 ring sp2 carbon between C4 (adjacent to N3) and C6 (bearing exocyclic –NH2)"",
      ""functional_group"": ""purine (adenine) six-membered ring"",
      ""hybridization"": ""sp2"",
      ""example_molecule_smiles"": ""Nc1ncnc2ncnc12"",
      ""group_smarts"": ""[cX3;r6;$([c]-[c;$([c]-N)])]"",
      ""atom_specific_smarts"": ""[cX3;r6:1;$([c]-[c;$([c]-N)])]"",
      ""description"": ""C5 of adenine: ring sp2 carbon adjacent to the C6 carbon that carries the exocyclic –NH2."",
      ""uncertainty"": ""50""
    },
    {
      ""atom_type"": 351,
      ""element"": ""C"",
      ""chemical_environment"": ""Adenine C6 ring sp2 carbon bound to an exocyclic amino group"",
      ""functional_group"": ""purine (adenine) exocyclic amine attachment site"",
      ""hybridization"": ""sp2"",
      ""example_molecule_smiles"": ""Nc1ncnc2ncnc12"",
      ""group_smarts"": ""[cX3;r6]-N"",
      ""atom_specific_smarts"": ""[cX3;r6:1]-N"",
      ""description"": ""C6 of adenine: ring sp2 carbon directly attached to –NH2."",
      ""uncertainty"": ""30""
    },
    {
      ""atom_type"": 353,
      ""element"": ""C"",
      ""chemical_environment"": ""Purine C8 (adenine/guanine) five-membered ring sp2 carbon adjacent to N7 and fused to six-membered ring"",
      ""functional_group"": ""purine imidazole ring (fused five-membered ring)"",
      ""hybridization"": ""sp2"",
      ""example_molecule_smiles"": ""Nc1ncnc2ncnc12"",
      ""group_smarts"": ""[cX3;r5;$([c]-[n;r5]);$([c]-[c;r6])]"",
      ""atom_specific_smarts"": ""[cX3;r5:1;$([c]-[n;r5]);$([c]-[c;r6])]"",
      ""description"": ""C8 of purines: sp2 carbon in the five-membered ring adjacent to N7 and fused to the six-membered ring."",
      ""uncertainty"": ""40""
    },
    {
      ""atom_type"": 362,
      ""element"": ""C"",
      ""chemical_environment"": ""Guanine C2 ring sp2 carbon bearing an exocyclic amino group and flanked by two ring nitrogens"",
      ""functional_group"": ""purine (guanine) six-membered ring, C2–NH2"",
      ""hybridization"": ""sp2"",
      ""example_molecule_smiles"": ""O=c1[nH]c2ncnc(N)c2[nH]1"",
      ""group_smarts"": ""[cX3;r6](-N)(-[n;r6])-[n;r6]"",
      ""atom_specific_smarts"": ""[cX3;r6:1](-N)(-[n;r6])-[n;r6]"",
      ""description"": ""C2 of guanine: ring sp2 carbon with exocyclic –NH2, bonded to both N1 and N3 in the ring."",
      ""uncertainty"": ""30""
    },
    {
      ""atom_type"": 364,
      ""element"": ""C"",
      ""chemical_environment"": ""Guanine C4 ring sp2 carbon adjacent to N3; not directly attached to exocyclic groups"",
      ""functional_group"": ""purine (guanine) six-membered ring"",
      ""hybridization"": ""sp2"",
      ""example_molecule_smiles"": ""O=c1[nH]c2ncnc(N)c2[nH]1"",
      ""group_smarts"": ""[cX3;r6;$([c]-[n;r6]);!$([c]-N);!$([c]-C(=O))]"",
      ""atom_specific_smarts"": ""[cX3;r6:1;$([c]-[n;r6]);!$([c]-N);!$([c]-C(=O))]"",
      ""description"": ""C4 of guanine: ring sp2 carbon next to N3, not bonded to exocyclic amine or carbonyl."",
      ""uncertainty"": ""45""
    },
    {
      ""atom_type"": 365,
      ""element"": ""C"",
      ""chemical_environment"": ""Guanine C5 ring sp2 carbon adjacent to the C6 carbonyl carbon"",
      ""functional_group"": ""purine (guanine) six-membered ring"",
      ""hybridization"": ""sp2"",
      ""example_molecule_smiles"": ""O=c1[nH]c2ncnc(N)c2[nH]1"",
      ""group_smarts"": ""[cX3;r6]-[C;r6](=O)"",
      ""atom_specific_smarts"": ""[cX3;r6:1]-[C;r6](=O)"",
      ""description"": ""C5 of guanine: ring sp2 carbon alpha to the C6(=O) carbonyl."",
      ""uncertainty"": ""30""
    },
    {
      ""atom_type"": 366,
      ""element"": ""C"",
      ""chemical_environment"": ""Guanine C6 carbonyl carbon (conjugated to ring N1)"",
      ""functional_group"": ""purine ring amide-like carbonyl"",
      ""hybridization"": ""sp2"",
      ""example_molecule_smiles"": ""O=c1[nH]c2ncnc(N)c2[nH]1"",
      ""group_smarts"": ""[C;X3;r6](=O)-[n;r6]"",
      ""atom_specific_smarts"": ""[C;X3;r6:1](=O)-[n;r6]"",
      ""description"": ""Carbonyl carbon at C6 of guanine conjugated into the purine ring."",
      ""uncertainty"": ""20""
    },
    {
      ""atom_type"": 371,
      ""element"": ""C"",
      ""chemical_environment"": ""Methyl carbon attached to N9 of a purine (adenine or guanine) imidazole nitrogen"",
      ""functional_group"": ""N-alkylated purine (N9-alkyl)"",
      ""hybridization"": ""sp3"",
      ""example_molecule_smiles"": ""Cn1c2ncnc(N)c2n1"",
      ""group_smarts"": ""[CH3X4:1]-[nX2;r5]"",
      ""atom_specific_smarts"": ""[CH3X4:1]-[nX2;r5]"",
      ""description"": ""Aliphatic methyl carbon bound to the ring imidazole nitrogen (N9) of a purine."",
      ""uncertainty"": ""40""
    },
    {
      ""atom_type"": 373,
      ""element"": ""C"",
      ""chemical_environment"": ""Methyl carbon attached to N1 of a pyrimidine (uracil or thymine)"",
      ""functional_group"": ""N-alkylated pyrimidine (N1-alkyl)"",
      ""hybridization"": ""sp3"",
      ""example_molecule_smiles"": ""O=C1n(C)cc(=O)[nH]1"",
      ""group_smarts"": ""[CH3X4:1]-[nX2;r6]-[c;r6]-C(=O)"",
      ""atom_specific_smarts"": ""[CH3X4:1]-[nX2;r6]-[c;r6]-C(=O)"",
      ""description"": ""Methyl carbon bound to N1 of a 1,3-dione pyrimidine ring (U/T)."",
      ""uncertainty"": ""35""
    },
    {
      ""atom_type"": 375,
      ""element"": ""C"",
      ""chemical_environment"": ""Methyl carbon attached to N1 of cytosine (pyrimidin-2-one)"",
      ""functional_group"": ""N-alkylated cytosine (N1-alkyl)"",
      ""hybridization"": ""sp3"",
      ""example_molecule_smiles"": ""O=c1n(C)cnc(N)n1"",
      ""group_smarts"": ""[CH3X4:1]-[nX2;r6]-[c;r6]-C(=O)"",
      ""atom_specific_smarts"": ""[CH3X4:1]-[nX2;r6]-[c;r6]-C(=O)"",
      ""description"": ""Methyl carbon bound to N1 of cytosine (adjacent ring carbon is C2=O)."",
      ""uncertainty"": ""35""
    },
    {
      ""atom_type"": 378,
      ""element"": ""C"",
      ""chemical_environment"": ""Cytosine C2 carbonyl carbon in protonated cytosine (CytH+), adjacent to a protonated ring nitrogen"",
      ""functional_group"": ""protonated pyrimidin-2-one (cytosinium)"",
      ""hybridization"": ""sp2"",
      ""example_molecule_smiles"": ""O=c1[nH+]cnc(N)n1"",
      ""group_smarts"": ""[C;X3;r6](=O)(-[n;r6])-[nH+;r6]"",
      ""atom_specific_smarts"": ""[C;X3;r6:1](=O)(-[n;r6])-[nH+;r6]"",
      ""description"": ""C2 carbonyl carbon of cytosine when N3 is protonated (cytosinium)."",
      ""uncertainty"": ""35""
    }
  ]
}"
378,0.65,C  - C~   | CytH+ C2,12.011,oplsaa2024.lt,C,6,"Convert the following OPLS-AA atom type rows:

Atom Type Data:
- Atom index: 323
- Force field raw info: C  - CM   | Uracil C5
- Partial charge: -0.07
- Atomic mass: 12.011
- Element guess: C
- Atomic number: 6
- Source file: oplsaa2024.lt


Atom Type Data:
- Atom index: 324
- Force field raw info: C  - CM   | Uracil C6
- Partial charge: 0.08
- Atomic mass: 12.011
- Element guess: C
- Atomic number: 6
- Source file: oplsaa2024.lt


Atom Type Data:
- Atom index: 331
- Force field raw info: C  - CT   | Thymine C-C5
- Partial charge: -0.14
- Atomic mass: 12.011
- Element guess: C
- Atomic number: 6
- Source file: oplsaa2024.lt


Atom Type Data:
- Atom index: 334
- Force field raw info: C  - C~   | Cytosine C2
- Partial charge: 0.55
- Atomic mass: 12.011
- Element guess: C
- Atomic number: 6
- Source file: oplsaa2024.lt


Atom Type Data:
- Atom index: 336
- Force field raw info: C  - CA   | Cytosine C4 Nucleotide base
- Partial charge: 0.46
- Atomic mass: 12.011
- Element guess: C
- Atomic number: 6
- Source file: oplsaa2024.lt


Atom Type Data:
- Atom index: 337
- Force field raw info: C  - CM   | Cytosine C5 parameters:
- Partial charge: -0.06
- Atomic mass: 12.011
- Element guess: C
- Atomic number: 6
- Source file: oplsaa2024.lt


Atom Type Data:
- Atom index: 338
- Force field raw info: C  - CM   | Cytosine C6 JACS,113,2810(1991)
- Partial charge: 0.1
- Atomic mass: 12.011
- Element guess: C
- Atomic number: 6
- Source file: oplsaa2024.lt


Atom Type Data:
- Atom index: 347
- Force field raw info: C  - CQ   | Adenine C2
- Partial charge: 0.22
- Atomic mass: 12.011
- Element guess: C
- Atomic number: 6
- Source file: oplsaa2024.lt


Atom Type Data:
- Atom index: 349
- Force field raw info: C  - CB   | Adenine C4
- Partial charge: 0.38
- Atomic mass: 12.011
- Element guess: C
- Atomic number: 6
- Source file: oplsaa2024.lt


Atom Type Data:
- Atom index: 350
- Force field raw info: C  - CB   | Adenine C5
- Partial charge: 0.15
- Atomic mass: 12.011
- Element guess: C
- Atomic number: 6
- Source file: oplsaa2024.lt


Atom Type Data:
- Atom index: 351
- Force field raw info: C  - CA   | Adenine C6
- Partial charge: 0.44
- Atomic mass: 12.011
- Element guess: C
- Atomic number: 6
- Source file: oplsaa2024.lt


Atom Type Data:
- Atom index: 353
- Force field raw info: C  - CR   | Adenine C8 Guanine
- Partial charge: 0.2
- Atomic mass: 12.011
- Element guess: C
- Atomic number: 6
- Source file: oplsaa2024.lt


Atom Type Data:
- Atom index: 362
- Force field raw info: C  - CA   | Guanine C2
- Partial charge: 0.46
- Atomic mass: 12.011
- Element guess: C
- Atomic number: 6
- Source file: oplsaa2024.lt


Atom Type Data:
- Atom index: 364
- Force field raw info: C  - CB   | Guanine C4
- Partial charge: 0.34
- Atomic mass: 12.011
- Element guess: C
- Atomic number: 6
- Source file: oplsaa2024.lt


Atom Type Data:
- Atom index: 365
- Force field raw info: C  - CB   | Guanine C5
- Partial charge: 0.12
- Atomic mass: 12.011
- Element guess: C
- Atomic number: 6
- Source file: oplsaa2024.lt


Atom Type Data:
- Atom index: 366
- Force field raw info: C  - C~   | Guanine C6
- Partial charge: 0.52
- Atomic mass: 12.011
- Element guess: C
- Atomic number: 6
- Source file: oplsaa2024.lt


Atom Type Data:
- Atom index: 371
- Force field raw info: C  - CT   | 9-Me A or G C-N9
- Partial charge: -0.01
- Atomic mass: 12.011
- Element guess: C
- Atomic number: 6
- Source file: oplsaa2024.lt


Atom Type Data:
- Atom index: 373
- Force field raw info: C  - CT   | 1-Me U or T C-N1
- Partial charge: -0.01
- Atomic mass: 12.011
- Element guess: C
- Atomic number: 6
- Source file: oplsaa2024.lt


Atom Type Data:
- Atom index: 375
- Force field raw info: C  - CT   | 1-Me Cytosine C-N1
- Partial charge: -0.01
- Atomic mass: 12.011
- Element guess: C
- Atomic number: 6
- Source file: oplsaa2024.lt


Atom Type Data:
- Atom index: 378
- Force field raw info: C  - C~   | CytH+ C2
- Partial charge: 0.65
- Atomic mass: 12.011
- Element guess: C
- Atomic number: 6
- Source file: oplsaa2024.lt
","{
  ""atoms"": [
    {
      ""atom_type"": 323,
      ""element"": ""C"",
      ""chemical_environment"": ""Uracil ring C5 (pyrimidine-2,4-dione): sp2 vinylic/aromatic carbon between C4(=O) and C6"",
      ""functional_group"": ""pyrimidine-2,4-dione (uracil) ring"",
      ""hybridization"": ""sp2"",
      ""example_molecule_smiles"": ""O=c1[nH]cc(=O)[nH]1"",
      ""group_smarts"": ""[cX3;r6;$([c]-C(=O));$([c]-[c]-[nH])]"",
      ""atom_specific_smarts"": ""[cX3;r6:1;$([c]-C(=O));$([c]-[c]-[nH])]"",
      ""description"": ""C5 of uracil: ring sp2 carbon adjacent to a carbonyl carbon (C4) and to C6 which is bonded to N1([nH])."",
      ""uncertainty"": ""25""
    },
    {
      ""atom_type"": 324,
      ""element"": ""C"",
      ""chemical_environment"": ""Uracil ring C6: sp2 vinylic/aromatic carbon adjacent to N1([nH]) and C5"",
      ""functional_group"": ""pyrimidine-2,4-dione (uracil) ring"",
      ""hybridization"": ""sp2"",
      ""example_molecule_smiles"": ""O=c1[nH]cc(=O)[nH]1"",
      ""group_smarts"": ""[cX3;r6;$([c]-[nH]);$([c]-[c]-C(=O))]"",
      ""atom_specific_smarts"": ""[cX3;r6:1;$([c]-[nH]);$([c]-[c]-C(=O))]"",
      ""description"": ""C6 of uracil: ring sp2 carbon bonded to N1([nH]) and to C5 which is adjacent to a carbonyl."",
      ""uncertainty"": ""25""
    },
    {
      ""atom_type"": 331,
      ""element"": ""C"",
      ""chemical_environment"": ""Thymine 5-methyl carbon attached to ring C5 (aliphatic sp3)"",
      ""functional_group"": ""5-methyluracil (thymine) substituent"",
      ""hybridization"": ""sp3"",
      ""example_molecule_smiles"": ""O=c1[nH]c(C)c(=O)[nH]1"",
      ""group_smarts"": ""[CH3X4]-[c;r6;$([c]-C(=O))]"",
      ""atom_specific_smarts"": ""O=C1[nH]c([CH3X4:1])c(=O)[nH]1"",
      ""description"": ""Methyl carbon directly bonded to the uracil/thymine C5 ring carbon."",
      ""uncertainty"": ""20""
    },
    {
      ""atom_type"": 334,
      ""element"": ""C"",
      ""chemical_environment"": ""Cytosine C2 carbonyl carbon within pyrimidin-2-one (between two ring nitrogens)"",
      ""functional_group"": ""pyrimidin-2-one (cytosine) ring carbonyl"",
      ""hybridization"": ""sp2"",
      ""example_molecule_smiles"": ""O=c1[nH]cnc(N)n1"",
      ""group_smarts"": ""[C;X3;r6](=O)(-[n;r6])-[n;r6]"",
      ""atom_specific_smarts"": ""[C;X3;r6:1](=O)(-[n;r6])-[n;r6]"",
      ""description"": ""Carbonyl carbon at C2 of cytosine conjugated to two ring nitrogens (N1 and N3)."",
      ""uncertainty"": ""20""
    },
    {
      ""atom_type"": 336,
      ""element"": ""C"",
      ""chemical_environment"": ""Cytosine C4 ring carbon bearing an exocyclic amino substituent"",
      ""functional_group"": ""pyrimidin-2-one (cytosine) ring, C4–NH2"",
      ""hybridization"": ""sp2"",
      ""example_molecule_smiles"": ""O=c1[nH]cnc(N)n1"",
      ""group_smarts"": ""[cX3;r6;$([c]-[NH2]);$([c]-[n;r6])]"",
      ""atom_specific_smarts"": ""[cX3;r6:1;$([c]-[NH2]);$([c]-[n;r6])]"",
      ""description"": ""C4 of cytosine: sp2 ring carbon bonded to exocyclic –NH2 and to N3 in the ring."",
      ""uncertainty"": ""25""
    },
    {
      ""atom_type"": 337,
      ""element"": ""C"",
      ""chemical_environment"": ""Cytosine C5 ring sp2 carbon between C4(–NH2) and C6"",
      ""functional_group"": ""pyrimidin-2-one (cytosine) ring"",
      ""hybridization"": ""sp2"",
      ""example_molecule_smiles"": ""O=c1[nH]cnc(N)n1"",
      ""group_smarts"": ""[cX3;r6;$([c]-[c;$([c]-[NH2])]);$([c]-[n;r6])]"",
      ""atom_specific_smarts"": ""[cX3;r6:1;$([c]-[c;$([c]-[NH2])]);$([c]-[n;r6])]"",
      ""description"": ""C5 of cytosine: ring sp2 carbon adjacent to C4 bearing –NH2 and adjacent to C6 (which is bonded to N1)."",
      ""uncertainty"": ""30""
    },
    {
      ""atom_type"": 338,
      ""element"": ""C"",
      ""chemical_environment"": ""Cytosine C6 ring sp2 carbon adjacent to N1 and C5 (which is adjacent to C4–NH2)"",
      ""functional_group"": ""pyrimidin-2-one (cytosine) ring"",
      ""hybridization"": ""sp2"",
      ""example_molecule_smiles"": ""O=c1[nH]cnc(N)n1"",
      ""group_smarts"": ""[cX3;r6;$([c]-[n;r6]);$([c]-[c;$([c]-[NH2])])]"",
      ""atom_specific_smarts"": ""[cX3;r6:1;$([c]-[n;r6]);$([c]-[c;$([c]-[NH2])])]"",
      ""description"": ""C6 of cytosine: ring sp2 carbon bonded to N1 and to C5 (which is alpha to the exocyclic amino at C4)."",
      ""uncertainty"": ""30""
    },
    {
      ""atom_type"": 347,
      ""element"": ""C"",
      ""chemical_environment"": ""Adenine C2 ring sp2 carbon flanked by two ring nitrogens (N1 and N3)"",
      ""functional_group"": ""purine (adenine) six-membered ring"",
      ""hybridization"": ""sp2"",
      ""example_molecule_smiles"": ""Nc1ncnc2ncnc12"",
      ""group_smarts"": ""[cX3;r6;$([c]-[n;r6]);$([c]-[n;r6])]"",
      ""atom_specific_smarts"": ""[cX3;r6:1;$([c]-[n;r6]);$([c]-[n;r6])]"",
      ""description"": ""C2 of adenine: six-membered ring carbon with two ring N neighbors (N1 and N3)."",
      ""uncertainty"": ""40""
    },
    {
      ""atom_type"": 349,
      ""element"": ""C"",
      ""chemical_environment"": ""Adenine C4 ring sp2 carbon adjacent to N3; not bonded to exocyclic substituents"",
      ""functional_group"": ""purine (adenine) six-membered ring"",
      ""hybridization"": ""sp2"",
      ""example_molecule_smiles"": ""Nc1ncnc2ncnc12"",
      ""group_smarts"": ""[cX3;r6;$([c]-[n;r6]);!$([c]-N)]"",
      ""atom_specific_smarts"": ""[cX3;r6:1;$([c]-[n;r6]);!$([c]-N)]"",
      ""description"": ""C4 of adenine: ring sp2 carbon adjacent to N3, not bearing an exocyclic amino or carbonyl."",
      ""uncertainty"": ""50""
    },
    {
      ""atom_type"": 350,
      ""element"": ""C"",
      ""chemical_environment"": ""Adenine C5 ring sp2 carbon between C4 (adjacent to N3) and C6 (bearing exocyclic –NH2)"",
      ""functional_group"": ""purine (adenine) six-membered ring"",
      ""hybridization"": ""sp2"",
      ""example_molecule_smiles"": ""Nc1ncnc2ncnc12"",
      ""group_smarts"": ""[cX3;r6;$([c]-[c;$([c]-N)])]"",
      ""atom_specific_smarts"": ""[cX3;r6:1;$([c]-[c;$([c]-N)])]"",
      ""description"": ""C5 of adenine: ring sp2 carbon adjacent to the C6 carbon that carries the exocyclic –NH2."",
      ""uncertainty"": ""50""
    },
    {
      ""atom_type"": 351,
      ""element"": ""C"",
      ""chemical_environment"": ""Adenine C6 ring sp2 carbon bound to an exocyclic amino group"",
      ""functional_group"": ""purine (adenine) exocyclic amine attachment site"",
      ""hybridization"": ""sp2"",
      ""example_molecule_smiles"": ""Nc1ncnc2ncnc12"",
      ""group_smarts"": ""[cX3;r6]-N"",
      ""atom_specific_smarts"": ""[cX3;r6:1]-N"",
      ""description"": ""C6 of adenine: ring sp2 carbon directly attached to –NH2."",
      ""uncertainty"": ""30""
    },
    {
      ""atom_type"": 353,
      ""element"": ""C"",
      ""chemical_environment"": ""Purine C8 (adenine/guanine) five-membered ring sp2 carbon adjacent to N7 and fused to six-membered ring"",
      ""functional_group"": ""purine imidazole ring (fused five-membered ring)"",
      ""hybridization"": ""sp2"",
      ""example_molecule_smiles"": ""Nc1ncnc2ncnc12"",
      ""group_smarts"": ""[cX3;r5;$([c]-[n;r5]);$([c]-[c;r6])]"",
      ""atom_specific_smarts"": ""[cX3;r5:1;$([c]-[n;r5]);$([c]-[c;r6])]"",
      ""description"": ""C8 of purines: sp2 carbon in the five-membered ring adjacent to N7 and fused to the six-membered ring."",
      ""uncertainty"": ""40""
    },
    {
      ""atom_type"": 362,
      ""element"": ""C"",
      ""chemical_environment"": ""Guanine C2 ring sp2 carbon bearing an exocyclic amino group and flanked by two ring nitrogens"",
      ""functional_group"": ""purine (guanine) six-membered ring, C2–NH2"",
      ""hybridization"": ""sp2"",
      ""example_molecule_smiles"": ""O=c1[nH]c2ncnc(N)c2[nH]1"",
      ""group_smarts"": ""[cX3;r6](-N)(-[n;r6])-[n;r6]"",
      ""atom_specific_smarts"": ""[cX3;r6:1](-N)(-[n;r6])-[n;r6]"",
      ""description"": ""C2 of guanine: ring sp2 carbon with exocyclic –NH2, bonded to both N1 and N3 in the ring."",
      ""uncertainty"": ""30""
    },
    {
      ""atom_type"": 364,
      ""element"": ""C"",
      ""chemical_environment"": ""Guanine C4 ring sp2 carbon adjacent to N3; not directly attached to exocyclic groups"",
      ""functional_group"": ""purine (guanine) six-membered ring"",
      ""hybridization"": ""sp2"",
      ""example_molecule_smiles"": ""O=c1[nH]c2ncnc(N)c2[nH]1"",
      ""group_smarts"": ""[cX3;r6;$([c]-[n;r6]);!$([c]-N);!$([c]-C(=O))]"",
      ""atom_specific_smarts"": ""[cX3;r6:1;$([c]-[n;r6]);!$([c]-N);!$([c]-C(=O))]"",
      ""description"": ""C4 of guanine: ring sp2 carbon next to N3, not bonded to exocyclic amine or carbonyl."",
      ""uncertainty"": ""45""
    },
    {
      ""atom_type"": 365,
      ""element"": ""C"",
      ""chemical_environment"": ""Guanine C5 ring sp2 carbon adjacent to the C6 carbonyl carbon"",
      ""functional_group"": ""purine (guanine) six-membered ring"",
      ""hybridization"": ""sp2"",
      ""example_molecule_smiles"": ""O=c1[nH]c2ncnc(N)c2[nH]1"",
      ""group_smarts"": ""[cX3;r6]-[C;r6](=O)"",
      ""atom_specific_smarts"": ""[cX3;r6:1]-[C;r6](=O)"",
      ""description"": ""C5 of guanine: ring sp2 carbon alpha to the C6(=O) carbonyl."",
      ""uncertainty"": ""30""
    },
    {
      ""atom_type"": 366,
      ""element"": ""C"",
      ""chemical_environment"": ""Guanine C6 carbonyl carbon (conjugated to ring N1)"",
      ""functional_group"": ""purine ring amide-like carbonyl"",
      ""hybridization"": ""sp2"",
      ""example_molecule_smiles"": ""O=c1[nH]c2ncnc(N)c2[nH]1"",
      ""group_smarts"": ""[C;X3;r6](=O)-[n;r6]"",
      ""atom_specific_smarts"": ""[C;X3;r6:1](=O)-[n;r6]"",
      ""description"": ""Carbonyl carbon at C6 of guanine conjugated into the purine ring."",
      ""uncertainty"": ""20""
    },
    {
      ""atom_type"": 371,
      ""element"": ""C"",
      ""chemical_environment"": ""Methyl carbon attached to N9 of a purine (adenine or guanine) imidazole nitrogen"",
      ""functional_group"": ""N-alkylated purine (N9-alkyl)"",
      ""hybridization"": ""sp3"",
      ""example_molecule_smiles"": ""Cn1c2ncnc(N)c2n1"",
      ""group_smarts"": ""[CH3X4:1]-[nX2;r5]"",
      ""atom_specific_smarts"": ""[CH3X4:1]-[nX2;r5]"",
      ""description"": ""Aliphatic methyl carbon bound to the ring imidazole nitrogen (N9) of a purine."",
      ""uncertainty"": ""40""
    },
    {
      ""atom_type"": 373,
      ""element"": ""C"",
      ""chemical_environment"": ""Methyl carbon attached to N1 of a pyrimidine (uracil or thymine)"",
      ""functional_group"": ""N-alkylated pyrimidine (N1-alkyl)"",
      ""hybridization"": ""sp3"",
      ""example_molecule_smiles"": ""O=C1n(C)cc(=O)[nH]1"",
      ""group_smarts"": ""[CH3X4:1]-[nX2;r6]-[c;r6]-C(=O)"",
      ""atom_specific_smarts"": ""[CH3X4:1]-[nX2;r6]-[c;r6]-C(=O)"",
      ""description"": ""Methyl carbon bound to N1 of a 1,3-dione pyrimidine ring (U/T)."",
      ""uncertainty"": ""35""
    },
    {
      ""atom_type"": 375,
      ""element"": ""C"",
      ""chemical_environment"": ""Methyl carbon attached to N1 of cytosine (pyrimidin-2-one)"",
      ""functional_group"": ""N-alkylated cytosine (N1-alkyl)"",
      ""hybridization"": ""sp3"",
      ""example_molecule_smiles"": ""O=c1n(C)cnc(N)n1"",
      ""group_smarts"": ""[CH3X4:1]-[nX2;r6]-[c;r6]-C(=O)"",
      ""atom_specific_smarts"": ""[CH3X4:1]-[nX2;r6]-[c;r6]-C(=O)"",
      ""description"": ""Methyl carbon bound to N1 of cytosine (adjacent ring carbon is C2=O)."",
      ""uncertainty"": ""35""
    },
    {
      ""atom_type"": 378,
      ""element"": ""C"",
      ""chemical_environment"": ""Cytosine C2 carbonyl carbon in protonated cytosine (CytH+), adjacent to a protonated ring nitrogen"",
      ""functional_group"": ""protonated pyrimidin-2-one (cytosinium)"",
      ""hybridization"": ""sp2"",
      ""example_molecule_smiles"": ""O=c1[nH+]cnc(N)n1"",
      ""group_smarts"": ""[C;X3;r6](=O)(-[n;r6])-[nH+;r6]"",
      ""atom_specific_smarts"": ""[C;X3;r6:1](=O)(-[n;r6])-[nH+;r6]"",
      ""description"": ""C2 carbonyl carbon of cytosine when N3 is protonated (cytosinium)."",
      ""uncertainty"": ""35""
    }
  ]
}"
