Atom_Index,Charge,Info,DataMass,Source,ElementGuess,AtomicNumber,prompt,gpt_output
267,0.52,C  - C~   | Co in CCOOH carboxylic acid,12.011,oplsaa.lt,C,6,"Convert the following OPLS-AA atom type rows:

Atom Type Data:
- Atom index: 267
- Force field raw info: C  - C~   | Co in CCOOH carboxylic acid
- Partial charge: 0.52
- Atomic mass: 12.011
- Element guess: C
- Atomic number: 6
- Source file: oplsaa.lt


Atom Type Data:
- Atom index: 271
- Force field raw info: C  - C~   | C in COO- carboxylate
- Partial charge: 0.7
- Atomic mass: 12.011
- Element guess: C
- Atomic number: 6
- Source file: oplsaa.lt


Atom Type Data:
- Atom index: 273
- Force field raw info: C  - CT   | C: CH3, carboxylate ion
- Partial charge: -0.28
- Atomic mass: 12.011
- Element guess: C
- Atomic number: 6
- Source file: oplsaa.lt


Atom Type Data:
- Atom index: 274
- Force field raw info: C  - CT   | C: CH2, carboxylate ion
- Partial charge: -0.22
- Atomic mass: 12.011
- Element guess: C
- Atomic number: 6
- Source file: oplsaa.lt


Atom Type Data:
- Atom index: 275
- Force field raw info: C  - CT   | C: CH, carboxylate ion
- Partial charge: -0.16
- Atomic mass: 12.011
- Element guess: C
- Atomic number: 6
- Source file: oplsaa.lt


Atom Type Data:
- Atom index: 276
- Force field raw info: C  - CT   | C: C, carboxylate ion
- Partial charge: -0.1
- Atomic mass: 12.011
- Element guess: C
- Atomic number: 6
- Source file: oplsaa.lt


Atom Type Data:
- Atom index: 277
- Force field raw info: C  - C~   | AA C: aldehyde & acyl halide - for C-alpha use
- Partial charge: 0.45
- Atomic mass: 12.011
- Element guess: C
- Atomic number: 6
- Source file: oplsaa.lt


Atom Type Data:
- Atom index: 280
- Force field raw info: C  - C~   | AA C: ketone - for C-alpha use
- Partial charge: 0.47
- Atomic mass: 12.011
- Element guess: C
- Atomic number: 6
- Source file: oplsaa.lt


Atom Type Data:
- Atom index: 283
- Force field raw info: C  - CT   | AA C-alpha on C-terminal ALA
- Partial charge: 0.04
- Atomic mass: 12.011
- Element guess: C
- Atomic number: 6
- Source file: oplsaa.lt


Atom Type Data:
- Atom index: 284
- Force field raw info: C  - CT   | AA C-alpha on C-terminal GLY
- Partial charge: -0.02
- Atomic mass: 12.011
- Element guess: C
- Atomic number: 6
- Source file: oplsaa.lt


Atom Type Data:
- Atom index: 285
- Force field raw info: C  - CT   | AA C-alpha on C-terminal PRO
- Partial charge: -0.09
- Atomic mass: 12.011
- Element guess: C
- Atomic number: 6
- Source file: oplsaa.lt


Atom Type Data:
- Atom index: 291
- Force field raw info: C  - CT   | C in CH3NH3+
- Partial charge: 0.13
- Atomic mass: 12.011
- Element guess: C
- Atomic number: 6
- Source file: oplsaa.lt


Atom Type Data:
- Atom index: 292
- Force field raw info: C  - CT   | C in RCH2NH3+ & CA in N-term Gly
- Partial charge: 0.19
- Atomic mass: 12.011
- Element guess: C
- Atomic number: 6
- Source file: oplsaa.lt


Atom Type Data:
- Atom index: 293
- Force field raw info: C  - CT   | C in R2CHNH3+ & CA in N-term Ala, etc.
- Partial charge: 0.25
- Atomic mass: 12.011
- Element guess: C
- Atomic number: 6
- Source file: oplsaa.lt


Atom Type Data:
- Atom index: 294
- Force field raw info: C  - CT   | C in R3CNH3+
- Partial charge: 0.31
- Atomic mass: 12.011
- Element guess: C
- Atomic number: 6
- Source file: oplsaa.lt


Atom Type Data:
- Atom index: 295
- Force field raw info: C  - CT   | AA:C-alpha in N-term PRO
- Partial charge: 0.23
- Atomic mass: 12.011
- Element guess: C
- Atomic number: 6
- Source file: oplsaa.lt


Atom Type Data:
- Atom index: 296
- Force field raw info: C  - CT   | AA:C-delta in N-term PRO
- Partial charge: 0.17
- Atomic mass: 12.011
- Element guess: C
- Atomic number: 6
- Source file: oplsaa.lt


Atom Type Data:
- Atom index: 297
- Force field raw info: C  - CT   | CT in CH3NH2+R
- Partial charge: 0.11
- Atomic mass: 12.011
- Element guess: C
- Atomic number: 6
- Source file: oplsaa.lt


Atom Type Data:
- Atom index: 298
- Force field raw info: C  - CT   | AA C-alpha in Gly zwitterion
- Partial charge: 0.09
- Atomic mass: 12.011
- Element guess: C
- Atomic number: 6
- Source file: oplsaa.lt


Atom Type Data:
- Atom index: 299
- Force field raw info: C  - CT   | AA C-alpha in Ala zwitterion
- Partial charge: 0.15
- Atomic mass: 12.011
- Element guess: C
- Atomic number: 6
- Source file: oplsaa.lt
","[
  {
    ""atom_type"": 267,
    ""element"": ""C"",
    ""chemical_environment"": ""carbonyl carbon in a carboxylic acid attached to hydroxyl O-H and an alkyl carbon"",
    ""functional_group"": ""carboxylic acid carbonyl carbon"",
    ""hybridization"": ""sp2"",
    ""example_molecule_smiles"": ""CC(=O)O"",
    ""group_smarts"": ""[C;X3](=O)[OX1H]"",
    ""atom_specific_smarts"": ""[C;X3](=O)([OX1H])[#6]"",
    ""description"": ""C=O carbon of R-COOH; neighbors are one hydroxyl oxygen and one alpha carbon (R)."",
    ""uncertainty"": ""low""
  },
  {
    ""atom_type"": 271,
    ""element"": ""C"",
    ""chemical_environment"": ""carbonyl carbon in a carboxylate anion attached to an alkyl carbon and an anionic oxygen"",
    ""functional_group"": ""carboxylate carbonyl carbon"",
    ""hybridization"": ""sp2"",
    ""example_molecule_smiles"": ""CC(=O)[O-]"",
    ""group_smarts"": ""[C;X3](=O)[O-]"",
    ""atom_specific_smarts"": ""[C;X3](=O)([O-])[#6]"",
    ""description"": ""C=O carbon of R-COO−; neighbors are one anionic oxygen and one alpha carbon (R)."",
    ""uncertainty"": ""low""
  },
  {
    ""atom_type"": 273,
    ""element"": ""C"",
    ""chemical_environment"": ""methyl carbon alpha to a carboxylate group"",
    ""functional_group"": ""alpha-carbon to carboxylate (CH3)"",
    ""hybridization"": ""sp3"",
    ""example_molecule_smiles"": ""CC(=O)[O-]"",
    ""group_smarts"": ""[C;X4]-[C;X3](=O)[O-]"",
    ""atom_specific_smarts"": ""[CH3;X4]-[C;X3](=O)[O-]"",
    ""description"": ""CH3 alpha carbon directly bonded to a carboxylate carbonyl carbon in R-COO− (e.g., acetate)."",
    ""uncertainty"": ""low""
  },
  {
    ""atom_type"": 274,
    ""element"": ""C"",
    ""chemical_environment"": ""methylene carbon alpha to a carboxylate group"",
    ""functional_group"": ""alpha-carbon to carboxylate (CH2)"",
    ""hybridization"": ""sp3"",
    ""example_molecule_smiles"": ""CCC(=O)[O-]"",
    ""group_smarts"": ""[C;X4]-[C;X3](=O)[O-]"",
    ""atom_specific_smarts"": ""[CH2;X4]-[C;X3](=O)[O-]"",
    ""description"": ""CH2 alpha carbon directly bonded to a carboxylate carbonyl carbon in R-CH2-COO− (e.g., propionate)."",
    ""uncertainty"": ""low""
  },
  {
    ""atom_type"": 275,
    ""element"": ""C"",
    ""chemical_environment"": ""tertiary (CH) carbon alpha to a carboxylate group"",
    ""functional_group"": ""alpha-carbon to carboxylate (CH)"",
    ""hybridization"": ""sp3"",
    ""example_molecule_smiles"": ""CC(C)C(=O)[O-]"",
    ""group_smarts"": ""[C;X4]-[C;X3](=O)[O-]"",
    ""atom_specific_smarts"": ""[CH;X4]-[C;X3](=O)[O-]"",
    ""description"": ""Tertiary CH alpha carbon bonded to a carboxylate carbonyl carbon (e.g., isobutyrate)."",
    ""uncertainty"": ""low""
  },
  {
    ""atom_type"": 276,
    ""element"": ""C"",
    ""chemical_environment"": ""quaternary carbon (no H) alpha to a carboxylate group"",
    ""functional_group"": ""alpha-carbon to carboxylate (C, H0)"",
    ""hybridization"": ""sp3"",
    ""example_molecule_smiles"": ""CC(C)(C)C(=O)[O-]"",
    ""group_smarts"": ""[C;X4]-[C;X3](=O)[O-]"",
    ""atom_specific_smarts"": ""[C;X4;H0]-[C;X3](=O)[O-]"",
    ""description"": ""Quaternary alpha carbon (no hydrogens) directly bonded to a carboxylate carbonyl carbon (e.g., pivalate)."",
    ""uncertainty"": ""low""
  },
  {
    ""atom_type"": 277,
    ""element"": ""C"",
    ""chemical_environment"": ""carbonyl carbon of an aldehyde or acyl halide"",
    ""functional_group"": ""aldehyde or acyl halide carbonyl carbon"",
    ""hybridization"": ""sp2"",
    ""example_molecule_smiles"": ""CC(=O)Cl"",
    ""group_smarts"": ""[C;X3](=O)[H,F,Cl,Br,I]"",
    ""atom_specific_smarts"": ""[$([C;X3H1](=O)[#6]),$([C;X3](=O)[F,Cl,Br,I])]"",
    ""description"": ""C=O carbon where the non-carbonyl substituent is H (aldehyde) or a halogen (acyl halide); used when defining C-alpha environments."",
    ""uncertainty"": ""low""
  },
  {
    ""atom_type"": 280,
    ""element"": ""C"",
    ""chemical_environment"": ""carbonyl carbon of a ketone (bound to two carbons)"",
    ""functional_group"": ""ketone carbonyl carbon"",
    ""hybridization"": ""sp2"",
    ""example_molecule_smiles"": ""CC(=O)C"",
    ""group_smarts"": ""[C;X3](=O)([#6])[#6]"",
    ""atom_specific_smarts"": ""[C;X3](=O)([#6])[#6]"",
    ""description"": ""C=O carbon with both single-bond substituents being carbon (R-CO-R′)."",
    ""uncertainty"": ""low""
  },
  {
    ""atom_type"": 283,
    ""element"": ""C"",
    ""chemical_environment"": ""C-alpha of a C-terminal alanine residue (attached to backbone N, side-chain CH3, and terminal carboxyl group)"",
    ""functional_group"": ""amino acid C-alpha at C-terminus (Ala)"",
    ""hybridization"": ""sp3"",
    ""example_molecule_smiles"": ""NC(C)C(=O)[O-]"",
    ""group_smarts"": ""[C;X4]([N;X3])[C;X3](=O)[$([O-]),$([OX1H])]"",
    ""atom_specific_smarts"": ""[CH]([N;X3])([CH3])[C;X3](=O)[$([O-]),$([OX1H])]"",
    ""description"": ""Alanine Cα bonded to backbone N, a methyl side chain, and the C-terminal carboxyl (COO−/COOH)."",
    ""uncertainty"": ""medium""
  },
  {
    ""atom_type"": 284,
    ""element"": ""C"",
    ""chemical_environment"": ""C-alpha of a C-terminal glycine residue (attached to backbone N and terminal carboxyl; side chain is H)"",
    ""functional_group"": ""amino acid C-alpha at C-terminus (Gly)"",
    ""hybridization"": ""sp3"",
    ""example_molecule_smiles"": ""NCC(=O)[O-]"",
    ""group_smarts"": ""[C;X4]([N;X3])[C;X3](=O)[$([O-]),$([OX1H])]"",
    ""atom_specific_smarts"": ""[CH2]([N;X3])[C;X3](=O)[$([O-]),$([OX1H])]"",
    ""description"": ""Glycine Cα (CH2) bonded to backbone N and the C-terminal carboxyl (COO−/COOH)."",
    ""uncertainty"": ""medium""
  },
  {
    ""atom_type"": 285,
    ""element"": ""C"",
    ""chemical_environment"": ""C-alpha of a C-terminal proline residue (attached to ring amide N and terminal carboxyl)"",
    ""functional_group"": ""amino acid C-alpha at C-terminus (Pro)"",
    ""hybridization"": ""sp3"",
    ""example_molecule_smiles"": ""N1CCC[C@H]1C(=O)[O-]"",
    ""group_smarts"": ""[C;X4]([N;X3;R])[C;X3](=O)[$([O-]),$([OX1H])]"",
    ""atom_specific_smarts"": ""[CH]([N;X3;R;H1])[C;X3](=O)[$([O-]),$([OX1H])]"",
    ""description"": ""Proline Cα bonded to a ring amide nitrogen (in the pyrrolidine ring) and the C-terminal carboxyl (COO−/COOH)."",
    ""uncertainty"": ""medium""
  },
  {
    ""atom_type"": 291,
    ""element"": ""C"",
    ""chemical_environment"": ""methyl carbon directly bonded to a primary ammonium (NH3+)"",
    ""functional_group"": ""alkyl adjacent to protonated primary amine"",
    ""hybridization"": ""sp3"",
    ""example_molecule_smiles"": ""C[NH3+]"",
    ""group_smarts"": ""[C;X4]-[N+H3]"",
    ""atom_specific_smarts"": ""[CH3]-[N+H3]"",
    ""description"": ""Terminal CH3 bound to an –NH3+ group (methylammonium)."",
    ""uncertainty"": ""low""
  },
  {
    ""atom_type"": 292,
    ""element"": ""C"",
    ""chemical_environment"": ""methylene carbon directly bonded to a primary ammonium (NH3+); also matches Gly C-alpha at N-terminus"",
    ""functional_group"": ""alkyl adjacent to protonated primary amine"",
    ""hybridization"": ""sp3"",
    ""example_molecule_smiles"": ""CC[NH3+]"",
    ""group_smarts"": ""[C;X4]-[N+H3]"",
    ""atom_specific_smarts"": ""[CH2]-[N+H3]"",
    ""description"": ""CH2 attached to –NH3+ (e.g., ethylammonium) and covers Gly Cα at the N-terminus (–CH2–NH3+)."",
    ""uncertainty"": ""low""
  },
  {
    ""atom_type"": 293,
    ""element"": ""C"",
    ""chemical_environment"": ""tertiary (CH) carbon directly bonded to a primary ammonium (NH3+)"",
    ""functional_group"": ""alkyl adjacent to protonated primary amine"",
    ""hybridization"": ""sp3"",
    ""example_molecule_smiles"": ""CC(C)[NH3+]"",
    ""group_smarts"": ""[C;X4]-[N+H3]"",
    ""atom_specific_smarts"": ""[CH]-[N+H3]"",
    ""description"": ""Tertiary CH bound to –NH3+ (e.g., isopropylammonium)."",
    ""uncertainty"": ""low""
  },
  {
    ""atom_type"": 294,
    ""element"": ""C"",
    ""chemical_environment"": ""quaternary carbon (no H) directly bonded to a primary ammonium (NH3+)"",
    ""functional_group"": ""alkyl adjacent to protonated primary amine"",
    ""hybridization"": ""sp3"",
    ""example_molecule_smiles"": ""C(C)(C)C[NH3+]"",
    ""group_smarts"": ""[C;X4]-[N+H3]"",
    ""atom_specific_smarts"": ""[C;X4;H0]-[N+H3]"",
    ""description"": ""Quaternary carbon (no hydrogens) adjacent to –NH3+ (e.g., t-butylammonium)."",
    ""uncertainty"": ""low""
  },
  {
    ""atom_type"": 295,
    ""element"": ""C"",
    ""chemical_environment"": ""C-alpha of N-terminal proline (attached to protonated ring nitrogen [NH2+] and backbone carbonyl)"",
    ""functional_group"": ""amino acid C-alpha at N-terminus (Pro, protonated)"",
    ""hybridization"": ""sp3"",
    ""example_molecule_smiles"": ""[NH2+]1CCCC[C@H]1C(=O)O"",
    ""group_smarts"": ""[C;X4]([N+H2;R])[C;X3](=O)[$([O-]),$([OX1H])]"",
    ""atom_specific_smarts"": ""[CH]([N+H2;R])[C;X3](=O)[$([O-]),$([OX1H])]"",
    ""description"": ""Proline Cα bonded to ring –NH2+ (protonated secondary amine) and to the carbonyl carbon of the carboxyl group."",
    ""uncertainty"": ""medium""
  },
  {
    ""atom_type"": 296,
    ""element"": ""C"",
    ""chemical_environment"": ""C-delta methylene in N-terminal proline ring adjacent to protonated ring nitrogen"",
    ""functional_group"": ""aliphatic ring carbon alpha to ammonium (proline, N-terminus)"",
    ""hybridization"": ""sp3"",
    ""example_molecule_smiles"": ""[NH2+]1CCCC[C@H]1C(=O)O"",
    ""group_smarts"": ""[CH2;R]-[N+H2;R]"",
    ""atom_specific_smarts"": ""[CH2;R]-[N+H2;R]"",
    ""description"": ""Proline ring CH2 (Cδ) directly bonded within the ring and adjacent to protonated ring nitrogen (–NH2+)."",
    ""uncertainty"": ""medium""
  },
  {
    ""atom_type"": 297,
    ""element"": ""C"",
    ""chemical_environment"": ""methyl carbon attached to a protonated secondary ammonium (–NH2+–R)"",
    ""functional_group"": ""alkyl adjacent to protonated secondary amine"",
    ""hybridization"": ""sp3"",
    ""example_molecule_smiles"": ""C[NH2+]C"",
    ""group_smarts"": ""[C;X4]-[N+H2]-[#6]"",
    ""atom_specific_smarts"": ""[CH3]-[N+H2]-[#6]"",
    ""description"": ""CH3 bound to –NH2+–R (protonated secondary amine)."",
    ""uncertainty"": ""low""
  },
  {
    ""atom_type"": 298,
    ""element"": ""C"",
    ""chemical_environment"": ""C-alpha of glycine in the zwitterion (attached to NH3+ and COO−)"",
    ""functional_group"": ""amino acid C-alpha (Gly, zwitterion)"",
    ""hybridization"": ""sp3"",
    ""example_molecule_smiles"": ""[NH3+]CC(=O)[O-]"",
    ""group_smarts"": ""[C;X4]([N+H3])[C;X3](=O)[O-]"",
    ""atom_specific_smarts"": ""[CH2]([N+H3])[C;X3](=O)[O-]"",
    ""description"": ""Glycine Cα (CH2) bonded to –NH3+ and to the carboxylate carbonyl (COO−)."",
    ""uncertainty"": ""low""
  },
  {
    ""atom_type"": 299,
    ""element"": ""C"",
    ""chemical_environment"": ""C-alpha of alanine in the zwitterion (attached to NH3+, CH3 side chain, and COO−)"",
    ""functional_group"": ""amino acid C-alpha (Ala, zwitterion)"",
    ""hybridization"": ""sp3"",
    ""example_molecule_smiles"": ""[NH3+]C(C)C(=O)[O-]"",
    ""group_smarts"": ""[C;X4]([N+H3])[C;X3](=O)[O-]"",
    ""atom_specific_smarts"": ""[CH]([N+H3])([CH3])[C;X3](=O)[O-]"",
    ""description"": ""Alanine Cα (CH) bonded to –NH3+, a methyl side chain, and the carboxylate carbonyl (COO−)."",
    ""uncertainty"": ""low""
  }
]"
271,0.7,C  - C~   | C in COO- carboxylate,12.011,oplsaa.lt,C,6,"Convert the following OPLS-AA atom type rows:

Atom Type Data:
- Atom index: 267
- Force field raw info: C  - C~   | Co in CCOOH carboxylic acid
- Partial charge: 0.52
- Atomic mass: 12.011
- Element guess: C
- Atomic number: 6
- Source file: oplsaa.lt


Atom Type Data:
- Atom index: 271
- Force field raw info: C  - C~   | C in COO- carboxylate
- Partial charge: 0.7
- Atomic mass: 12.011
- Element guess: C
- Atomic number: 6
- Source file: oplsaa.lt


Atom Type Data:
- Atom index: 273
- Force field raw info: C  - CT   | C: CH3, carboxylate ion
- Partial charge: -0.28
- Atomic mass: 12.011
- Element guess: C
- Atomic number: 6
- Source file: oplsaa.lt


Atom Type Data:
- Atom index: 274
- Force field raw info: C  - CT   | C: CH2, carboxylate ion
- Partial charge: -0.22
- Atomic mass: 12.011
- Element guess: C
- Atomic number: 6
- Source file: oplsaa.lt


Atom Type Data:
- Atom index: 275
- Force field raw info: C  - CT   | C: CH, carboxylate ion
- Partial charge: -0.16
- Atomic mass: 12.011
- Element guess: C
- Atomic number: 6
- Source file: oplsaa.lt


Atom Type Data:
- Atom index: 276
- Force field raw info: C  - CT   | C: C, carboxylate ion
- Partial charge: -0.1
- Atomic mass: 12.011
- Element guess: C
- Atomic number: 6
- Source file: oplsaa.lt


Atom Type Data:
- Atom index: 277
- Force field raw info: C  - C~   | AA C: aldehyde & acyl halide - for C-alpha use
- Partial charge: 0.45
- Atomic mass: 12.011
- Element guess: C
- Atomic number: 6
- Source file: oplsaa.lt


Atom Type Data:
- Atom index: 280
- Force field raw info: C  - C~   | AA C: ketone - for C-alpha use
- Partial charge: 0.47
- Atomic mass: 12.011
- Element guess: C
- Atomic number: 6
- Source file: oplsaa.lt


Atom Type Data:
- Atom index: 283
- Force field raw info: C  - CT   | AA C-alpha on C-terminal ALA
- Partial charge: 0.04
- Atomic mass: 12.011
- Element guess: C
- Atomic number: 6
- Source file: oplsaa.lt


Atom Type Data:
- Atom index: 284
- Force field raw info: C  - CT   | AA C-alpha on C-terminal GLY
- Partial charge: -0.02
- Atomic mass: 12.011
- Element guess: C
- Atomic number: 6
- Source file: oplsaa.lt


Atom Type Data:
- Atom index: 285
- Force field raw info: C  - CT   | AA C-alpha on C-terminal PRO
- Partial charge: -0.09
- Atomic mass: 12.011
- Element guess: C
- Atomic number: 6
- Source file: oplsaa.lt


Atom Type Data:
- Atom index: 291
- Force field raw info: C  - CT   | C in CH3NH3+
- Partial charge: 0.13
- Atomic mass: 12.011
- Element guess: C
- Atomic number: 6
- Source file: oplsaa.lt


Atom Type Data:
- Atom index: 292
- Force field raw info: C  - CT   | C in RCH2NH3+ & CA in N-term Gly
- Partial charge: 0.19
- Atomic mass: 12.011
- Element guess: C
- Atomic number: 6
- Source file: oplsaa.lt


Atom Type Data:
- Atom index: 293
- Force field raw info: C  - CT   | C in R2CHNH3+ & CA in N-term Ala, etc.
- Partial charge: 0.25
- Atomic mass: 12.011
- Element guess: C
- Atomic number: 6
- Source file: oplsaa.lt


Atom Type Data:
- Atom index: 294
- Force field raw info: C  - CT   | C in R3CNH3+
- Partial charge: 0.31
- Atomic mass: 12.011
- Element guess: C
- Atomic number: 6
- Source file: oplsaa.lt


Atom Type Data:
- Atom index: 295
- Force field raw info: C  - CT   | AA:C-alpha in N-term PRO
- Partial charge: 0.23
- Atomic mass: 12.011
- Element guess: C
- Atomic number: 6
- Source file: oplsaa.lt


Atom Type Data:
- Atom index: 296
- Force field raw info: C  - CT   | AA:C-delta in N-term PRO
- Partial charge: 0.17
- Atomic mass: 12.011
- Element guess: C
- Atomic number: 6
- Source file: oplsaa.lt


Atom Type Data:
- Atom index: 297
- Force field raw info: C  - CT   | CT in CH3NH2+R
- Partial charge: 0.11
- Atomic mass: 12.011
- Element guess: C
- Atomic number: 6
- Source file: oplsaa.lt


Atom Type Data:
- Atom index: 298
- Force field raw info: C  - CT   | AA C-alpha in Gly zwitterion
- Partial charge: 0.09
- Atomic mass: 12.011
- Element guess: C
- Atomic number: 6
- Source file: oplsaa.lt


Atom Type Data:
- Atom index: 299
- Force field raw info: C  - CT   | AA C-alpha in Ala zwitterion
- Partial charge: 0.15
- Atomic mass: 12.011
- Element guess: C
- Atomic number: 6
- Source file: oplsaa.lt
","[
  {
    ""atom_type"": 267,
    ""element"": ""C"",
    ""chemical_environment"": ""carbonyl carbon in a carboxylic acid attached to hydroxyl O-H and an alkyl carbon"",
    ""functional_group"": ""carboxylic acid carbonyl carbon"",
    ""hybridization"": ""sp2"",
    ""example_molecule_smiles"": ""CC(=O)O"",
    ""group_smarts"": ""[C;X3](=O)[OX1H]"",
    ""atom_specific_smarts"": ""[C;X3](=O)([OX1H])[#6]"",
    ""description"": ""C=O carbon of R-COOH; neighbors are one hydroxyl oxygen and one alpha carbon (R)."",
    ""uncertainty"": ""low""
  },
  {
    ""atom_type"": 271,
    ""element"": ""C"",
    ""chemical_environment"": ""carbonyl carbon in a carboxylate anion attached to an alkyl carbon and an anionic oxygen"",
    ""functional_group"": ""carboxylate carbonyl carbon"",
    ""hybridization"": ""sp2"",
    ""example_molecule_smiles"": ""CC(=O)[O-]"",
    ""group_smarts"": ""[C;X3](=O)[O-]"",
    ""atom_specific_smarts"": ""[C;X3](=O)([O-])[#6]"",
    ""description"": ""C=O carbon of R-COO−; neighbors are one anionic oxygen and one alpha carbon (R)."",
    ""uncertainty"": ""low""
  },
  {
    ""atom_type"": 273,
    ""element"": ""C"",
    ""chemical_environment"": ""methyl carbon alpha to a carboxylate group"",
    ""functional_group"": ""alpha-carbon to carboxylate (CH3)"",
    ""hybridization"": ""sp3"",
    ""example_molecule_smiles"": ""CC(=O)[O-]"",
    ""group_smarts"": ""[C;X4]-[C;X3](=O)[O-]"",
    ""atom_specific_smarts"": ""[CH3;X4]-[C;X3](=O)[O-]"",
    ""description"": ""CH3 alpha carbon directly bonded to a carboxylate carbonyl carbon in R-COO− (e.g., acetate)."",
    ""uncertainty"": ""low""
  },
  {
    ""atom_type"": 274,
    ""element"": ""C"",
    ""chemical_environment"": ""methylene carbon alpha to a carboxylate group"",
    ""functional_group"": ""alpha-carbon to carboxylate (CH2)"",
    ""hybridization"": ""sp3"",
    ""example_molecule_smiles"": ""CCC(=O)[O-]"",
    ""group_smarts"": ""[C;X4]-[C;X3](=O)[O-]"",
    ""atom_specific_smarts"": ""[CH2;X4]-[C;X3](=O)[O-]"",
    ""description"": ""CH2 alpha carbon directly bonded to a carboxylate carbonyl carbon in R-CH2-COO− (e.g., propionate)."",
    ""uncertainty"": ""low""
  },
  {
    ""atom_type"": 275,
    ""element"": ""C"",
    ""chemical_environment"": ""tertiary (CH) carbon alpha to a carboxylate group"",
    ""functional_group"": ""alpha-carbon to carboxylate (CH)"",
    ""hybridization"": ""sp3"",
    ""example_molecule_smiles"": ""CC(C)C(=O)[O-]"",
    ""group_smarts"": ""[C;X4]-[C;X3](=O)[O-]"",
    ""atom_specific_smarts"": ""[CH;X4]-[C;X3](=O)[O-]"",
    ""description"": ""Tertiary CH alpha carbon bonded to a carboxylate carbonyl carbon (e.g., isobutyrate)."",
    ""uncertainty"": ""low""
  },
  {
    ""atom_type"": 276,
    ""element"": ""C"",
    ""chemical_environment"": ""quaternary carbon (no H) alpha to a carboxylate group"",
    ""functional_group"": ""alpha-carbon to carboxylate (C, H0)"",
    ""hybridization"": ""sp3"",
    ""example_molecule_smiles"": ""CC(C)(C)C(=O)[O-]"",
    ""group_smarts"": ""[C;X4]-[C;X3](=O)[O-]"",
    ""atom_specific_smarts"": ""[C;X4;H0]-[C;X3](=O)[O-]"",
    ""description"": ""Quaternary alpha carbon (no hydrogens) directly bonded to a carboxylate carbonyl carbon (e.g., pivalate)."",
    ""uncertainty"": ""low""
  },
  {
    ""atom_type"": 277,
    ""element"": ""C"",
    ""chemical_environment"": ""carbonyl carbon of an aldehyde or acyl halide"",
    ""functional_group"": ""aldehyde or acyl halide carbonyl carbon"",
    ""hybridization"": ""sp2"",
    ""example_molecule_smiles"": ""CC(=O)Cl"",
    ""group_smarts"": ""[C;X3](=O)[H,F,Cl,Br,I]"",
    ""atom_specific_smarts"": ""[$([C;X3H1](=O)[#6]),$([C;X3](=O)[F,Cl,Br,I])]"",
    ""description"": ""C=O carbon where the non-carbonyl substituent is H (aldehyde) or a halogen (acyl halide); used when defining C-alpha environments."",
    ""uncertainty"": ""low""
  },
  {
    ""atom_type"": 280,
    ""element"": ""C"",
    ""chemical_environment"": ""carbonyl carbon of a ketone (bound to two carbons)"",
    ""functional_group"": ""ketone carbonyl carbon"",
    ""hybridization"": ""sp2"",
    ""example_molecule_smiles"": ""CC(=O)C"",
    ""group_smarts"": ""[C;X3](=O)([#6])[#6]"",
    ""atom_specific_smarts"": ""[C;X3](=O)([#6])[#6]"",
    ""description"": ""C=O carbon with both single-bond substituents being carbon (R-CO-R′)."",
    ""uncertainty"": ""low""
  },
  {
    ""atom_type"": 283,
    ""element"": ""C"",
    ""chemical_environment"": ""C-alpha of a C-terminal alanine residue (attached to backbone N, side-chain CH3, and terminal carboxyl group)"",
    ""functional_group"": ""amino acid C-alpha at C-terminus (Ala)"",
    ""hybridization"": ""sp3"",
    ""example_molecule_smiles"": ""NC(C)C(=O)[O-]"",
    ""group_smarts"": ""[C;X4]([N;X3])[C;X3](=O)[$([O-]),$([OX1H])]"",
    ""atom_specific_smarts"": ""[CH]([N;X3])([CH3])[C;X3](=O)[$([O-]),$([OX1H])]"",
    ""description"": ""Alanine Cα bonded to backbone N, a methyl side chain, and the C-terminal carboxyl (COO−/COOH)."",
    ""uncertainty"": ""medium""
  },
  {
    ""atom_type"": 284,
    ""element"": ""C"",
    ""chemical_environment"": ""C-alpha of a C-terminal glycine residue (attached to backbone N and terminal carboxyl; side chain is H)"",
    ""functional_group"": ""amino acid C-alpha at C-terminus (Gly)"",
    ""hybridization"": ""sp3"",
    ""example_molecule_smiles"": ""NCC(=O)[O-]"",
    ""group_smarts"": ""[C;X4]([N;X3])[C;X3](=O)[$([O-]),$([OX1H])]"",
    ""atom_specific_smarts"": ""[CH2]([N;X3])[C;X3](=O)[$([O-]),$([OX1H])]"",
    ""description"": ""Glycine Cα (CH2) bonded to backbone N and the C-terminal carboxyl (COO−/COOH)."",
    ""uncertainty"": ""medium""
  },
  {
    ""atom_type"": 285,
    ""element"": ""C"",
    ""chemical_environment"": ""C-alpha of a C-terminal proline residue (attached to ring amide N and terminal carboxyl)"",
    ""functional_group"": ""amino acid C-alpha at C-terminus (Pro)"",
    ""hybridization"": ""sp3"",
    ""example_molecule_smiles"": ""N1CCC[C@H]1C(=O)[O-]"",
    ""group_smarts"": ""[C;X4]([N;X3;R])[C;X3](=O)[$([O-]),$([OX1H])]"",
    ""atom_specific_smarts"": ""[CH]([N;X3;R;H1])[C;X3](=O)[$([O-]),$([OX1H])]"",
    ""description"": ""Proline Cα bonded to a ring amide nitrogen (in the pyrrolidine ring) and the C-terminal carboxyl (COO−/COOH)."",
    ""uncertainty"": ""medium""
  },
  {
    ""atom_type"": 291,
    ""element"": ""C"",
    ""chemical_environment"": ""methyl carbon directly bonded to a primary ammonium (NH3+)"",
    ""functional_group"": ""alkyl adjacent to protonated primary amine"",
    ""hybridization"": ""sp3"",
    ""example_molecule_smiles"": ""C[NH3+]"",
    ""group_smarts"": ""[C;X4]-[N+H3]"",
    ""atom_specific_smarts"": ""[CH3]-[N+H3]"",
    ""description"": ""Terminal CH3 bound to an –NH3+ group (methylammonium)."",
    ""uncertainty"": ""low""
  },
  {
    ""atom_type"": 292,
    ""element"": ""C"",
    ""chemical_environment"": ""methylene carbon directly bonded to a primary ammonium (NH3+); also matches Gly C-alpha at N-terminus"",
    ""functional_group"": ""alkyl adjacent to protonated primary amine"",
    ""hybridization"": ""sp3"",
    ""example_molecule_smiles"": ""CC[NH3+]"",
    ""group_smarts"": ""[C;X4]-[N+H3]"",
    ""atom_specific_smarts"": ""[CH2]-[N+H3]"",
    ""description"": ""CH2 attached to –NH3+ (e.g., ethylammonium) and covers Gly Cα at the N-terminus (–CH2–NH3+)."",
    ""uncertainty"": ""low""
  },
  {
    ""atom_type"": 293,
    ""element"": ""C"",
    ""chemical_environment"": ""tertiary (CH) carbon directly bonded to a primary ammonium (NH3+)"",
    ""functional_group"": ""alkyl adjacent to protonated primary amine"",
    ""hybridization"": ""sp3"",
    ""example_molecule_smiles"": ""CC(C)[NH3+]"",
    ""group_smarts"": ""[C;X4]-[N+H3]"",
    ""atom_specific_smarts"": ""[CH]-[N+H3]"",
    ""description"": ""Tertiary CH bound to –NH3+ (e.g., isopropylammonium)."",
    ""uncertainty"": ""low""
  },
  {
    ""atom_type"": 294,
    ""element"": ""C"",
    ""chemical_environment"": ""quaternary carbon (no H) directly bonded to a primary ammonium (NH3+)"",
    ""functional_group"": ""alkyl adjacent to protonated primary amine"",
    ""hybridization"": ""sp3"",
    ""example_molecule_smiles"": ""C(C)(C)C[NH3+]"",
    ""group_smarts"": ""[C;X4]-[N+H3]"",
    ""atom_specific_smarts"": ""[C;X4;H0]-[N+H3]"",
    ""description"": ""Quaternary carbon (no hydrogens) adjacent to –NH3+ (e.g., t-butylammonium)."",
    ""uncertainty"": ""low""
  },
  {
    ""atom_type"": 295,
    ""element"": ""C"",
    ""chemical_environment"": ""C-alpha of N-terminal proline (attached to protonated ring nitrogen [NH2+] and backbone carbonyl)"",
    ""functional_group"": ""amino acid C-alpha at N-terminus (Pro, protonated)"",
    ""hybridization"": ""sp3"",
    ""example_molecule_smiles"": ""[NH2+]1CCCC[C@H]1C(=O)O"",
    ""group_smarts"": ""[C;X4]([N+H2;R])[C;X3](=O)[$([O-]),$([OX1H])]"",
    ""atom_specific_smarts"": ""[CH]([N+H2;R])[C;X3](=O)[$([O-]),$([OX1H])]"",
    ""description"": ""Proline Cα bonded to ring –NH2+ (protonated secondary amine) and to the carbonyl carbon of the carboxyl group."",
    ""uncertainty"": ""medium""
  },
  {
    ""atom_type"": 296,
    ""element"": ""C"",
    ""chemical_environment"": ""C-delta methylene in N-terminal proline ring adjacent to protonated ring nitrogen"",
    ""functional_group"": ""aliphatic ring carbon alpha to ammonium (proline, N-terminus)"",
    ""hybridization"": ""sp3"",
    ""example_molecule_smiles"": ""[NH2+]1CCCC[C@H]1C(=O)O"",
    ""group_smarts"": ""[CH2;R]-[N+H2;R]"",
    ""atom_specific_smarts"": ""[CH2;R]-[N+H2;R]"",
    ""description"": ""Proline ring CH2 (Cδ) directly bonded within the ring and adjacent to protonated ring nitrogen (–NH2+)."",
    ""uncertainty"": ""medium""
  },
  {
    ""atom_type"": 297,
    ""element"": ""C"",
    ""chemical_environment"": ""methyl carbon attached to a protonated secondary ammonium (–NH2+–R)"",
    ""functional_group"": ""alkyl adjacent to protonated secondary amine"",
    ""hybridization"": ""sp3"",
    ""example_molecule_smiles"": ""C[NH2+]C"",
    ""group_smarts"": ""[C;X4]-[N+H2]-[#6]"",
    ""atom_specific_smarts"": ""[CH3]-[N+H2]-[#6]"",
    ""description"": ""CH3 bound to –NH2+–R (protonated secondary amine)."",
    ""uncertainty"": ""low""
  },
  {
    ""atom_type"": 298,
    ""element"": ""C"",
    ""chemical_environment"": ""C-alpha of glycine in the zwitterion (attached to NH3+ and COO−)"",
    ""functional_group"": ""amino acid C-alpha (Gly, zwitterion)"",
    ""hybridization"": ""sp3"",
    ""example_molecule_smiles"": ""[NH3+]CC(=O)[O-]"",
    ""group_smarts"": ""[C;X4]([N+H3])[C;X3](=O)[O-]"",
    ""atom_specific_smarts"": ""[CH2]([N+H3])[C;X3](=O)[O-]"",
    ""description"": ""Glycine Cα (CH2) bonded to –NH3+ and to the carboxylate carbonyl (COO−)."",
    ""uncertainty"": ""low""
  },
  {
    ""atom_type"": 299,
    ""element"": ""C"",
    ""chemical_environment"": ""C-alpha of alanine in the zwitterion (attached to NH3+, CH3 side chain, and COO−)"",
    ""functional_group"": ""amino acid C-alpha (Ala, zwitterion)"",
    ""hybridization"": ""sp3"",
    ""example_molecule_smiles"": ""[NH3+]C(C)C(=O)[O-]"",
    ""group_smarts"": ""[C;X4]([N+H3])[C;X3](=O)[O-]"",
    ""atom_specific_smarts"": ""[CH]([N+H3])([CH3])[C;X3](=O)[O-]"",
    ""description"": ""Alanine Cα (CH) bonded to –NH3+, a methyl side chain, and the carboxylate carbonyl (COO−)."",
    ""uncertainty"": ""low""
  }
]"
273,-0.28,"C  - CT   | C: CH3, carboxylate ion",12.011,oplsaa.lt,C,6,"Convert the following OPLS-AA atom type rows:

Atom Type Data:
- Atom index: 267
- Force field raw info: C  - C~   | Co in CCOOH carboxylic acid
- Partial charge: 0.52
- Atomic mass: 12.011
- Element guess: C
- Atomic number: 6
- Source file: oplsaa.lt


Atom Type Data:
- Atom index: 271
- Force field raw info: C  - C~   | C in COO- carboxylate
- Partial charge: 0.7
- Atomic mass: 12.011
- Element guess: C
- Atomic number: 6
- Source file: oplsaa.lt


Atom Type Data:
- Atom index: 273
- Force field raw info: C  - CT   | C: CH3, carboxylate ion
- Partial charge: -0.28
- Atomic mass: 12.011
- Element guess: C
- Atomic number: 6
- Source file: oplsaa.lt


Atom Type Data:
- Atom index: 274
- Force field raw info: C  - CT   | C: CH2, carboxylate ion
- Partial charge: -0.22
- Atomic mass: 12.011
- Element guess: C
- Atomic number: 6
- Source file: oplsaa.lt


Atom Type Data:
- Atom index: 275
- Force field raw info: C  - CT   | C: CH, carboxylate ion
- Partial charge: -0.16
- Atomic mass: 12.011
- Element guess: C
- Atomic number: 6
- Source file: oplsaa.lt


Atom Type Data:
- Atom index: 276
- Force field raw info: C  - CT   | C: C, carboxylate ion
- Partial charge: -0.1
- Atomic mass: 12.011
- Element guess: C
- Atomic number: 6
- Source file: oplsaa.lt


Atom Type Data:
- Atom index: 277
- Force field raw info: C  - C~   | AA C: aldehyde & acyl halide - for C-alpha use
- Partial charge: 0.45
- Atomic mass: 12.011
- Element guess: C
- Atomic number: 6
- Source file: oplsaa.lt


Atom Type Data:
- Atom index: 280
- Force field raw info: C  - C~   | AA C: ketone - for C-alpha use
- Partial charge: 0.47
- Atomic mass: 12.011
- Element guess: C
- Atomic number: 6
- Source file: oplsaa.lt


Atom Type Data:
- Atom index: 283
- Force field raw info: C  - CT   | AA C-alpha on C-terminal ALA
- Partial charge: 0.04
- Atomic mass: 12.011
- Element guess: C
- Atomic number: 6
- Source file: oplsaa.lt


Atom Type Data:
- Atom index: 284
- Force field raw info: C  - CT   | AA C-alpha on C-terminal GLY
- Partial charge: -0.02
- Atomic mass: 12.011
- Element guess: C
- Atomic number: 6
- Source file: oplsaa.lt


Atom Type Data:
- Atom index: 285
- Force field raw info: C  - CT   | AA C-alpha on C-terminal PRO
- Partial charge: -0.09
- Atomic mass: 12.011
- Element guess: C
- Atomic number: 6
- Source file: oplsaa.lt


Atom Type Data:
- Atom index: 291
- Force field raw info: C  - CT   | C in CH3NH3+
- Partial charge: 0.13
- Atomic mass: 12.011
- Element guess: C
- Atomic number: 6
- Source file: oplsaa.lt


Atom Type Data:
- Atom index: 292
- Force field raw info: C  - CT   | C in RCH2NH3+ & CA in N-term Gly
- Partial charge: 0.19
- Atomic mass: 12.011
- Element guess: C
- Atomic number: 6
- Source file: oplsaa.lt


Atom Type Data:
- Atom index: 293
- Force field raw info: C  - CT   | C in R2CHNH3+ & CA in N-term Ala, etc.
- Partial charge: 0.25
- Atomic mass: 12.011
- Element guess: C
- Atomic number: 6
- Source file: oplsaa.lt


Atom Type Data:
- Atom index: 294
- Force field raw info: C  - CT   | C in R3CNH3+
- Partial charge: 0.31
- Atomic mass: 12.011
- Element guess: C
- Atomic number: 6
- Source file: oplsaa.lt


Atom Type Data:
- Atom index: 295
- Force field raw info: C  - CT   | AA:C-alpha in N-term PRO
- Partial charge: 0.23
- Atomic mass: 12.011
- Element guess: C
- Atomic number: 6
- Source file: oplsaa.lt


Atom Type Data:
- Atom index: 296
- Force field raw info: C  - CT   | AA:C-delta in N-term PRO
- Partial charge: 0.17
- Atomic mass: 12.011
- Element guess: C
- Atomic number: 6
- Source file: oplsaa.lt


Atom Type Data:
- Atom index: 297
- Force field raw info: C  - CT   | CT in CH3NH2+R
- Partial charge: 0.11
- Atomic mass: 12.011
- Element guess: C
- Atomic number: 6
- Source file: oplsaa.lt


Atom Type Data:
- Atom index: 298
- Force field raw info: C  - CT   | AA C-alpha in Gly zwitterion
- Partial charge: 0.09
- Atomic mass: 12.011
- Element guess: C
- Atomic number: 6
- Source file: oplsaa.lt


Atom Type Data:
- Atom index: 299
- Force field raw info: C  - CT   | AA C-alpha in Ala zwitterion
- Partial charge: 0.15
- Atomic mass: 12.011
- Element guess: C
- Atomic number: 6
- Source file: oplsaa.lt
","[
  {
    ""atom_type"": 267,
    ""element"": ""C"",
    ""chemical_environment"": ""carbonyl carbon in a carboxylic acid attached to hydroxyl O-H and an alkyl carbon"",
    ""functional_group"": ""carboxylic acid carbonyl carbon"",
    ""hybridization"": ""sp2"",
    ""example_molecule_smiles"": ""CC(=O)O"",
    ""group_smarts"": ""[C;X3](=O)[OX1H]"",
    ""atom_specific_smarts"": ""[C;X3](=O)([OX1H])[#6]"",
    ""description"": ""C=O carbon of R-COOH; neighbors are one hydroxyl oxygen and one alpha carbon (R)."",
    ""uncertainty"": ""low""
  },
  {
    ""atom_type"": 271,
    ""element"": ""C"",
    ""chemical_environment"": ""carbonyl carbon in a carboxylate anion attached to an alkyl carbon and an anionic oxygen"",
    ""functional_group"": ""carboxylate carbonyl carbon"",
    ""hybridization"": ""sp2"",
    ""example_molecule_smiles"": ""CC(=O)[O-]"",
    ""group_smarts"": ""[C;X3](=O)[O-]"",
    ""atom_specific_smarts"": ""[C;X3](=O)([O-])[#6]"",
    ""description"": ""C=O carbon of R-COO−; neighbors are one anionic oxygen and one alpha carbon (R)."",
    ""uncertainty"": ""low""
  },
  {
    ""atom_type"": 273,
    ""element"": ""C"",
    ""chemical_environment"": ""methyl carbon alpha to a carboxylate group"",
    ""functional_group"": ""alpha-carbon to carboxylate (CH3)"",
    ""hybridization"": ""sp3"",
    ""example_molecule_smiles"": ""CC(=O)[O-]"",
    ""group_smarts"": ""[C;X4]-[C;X3](=O)[O-]"",
    ""atom_specific_smarts"": ""[CH3;X4]-[C;X3](=O)[O-]"",
    ""description"": ""CH3 alpha carbon directly bonded to a carboxylate carbonyl carbon in R-COO− (e.g., acetate)."",
    ""uncertainty"": ""low""
  },
  {
    ""atom_type"": 274,
    ""element"": ""C"",
    ""chemical_environment"": ""methylene carbon alpha to a carboxylate group"",
    ""functional_group"": ""alpha-carbon to carboxylate (CH2)"",
    ""hybridization"": ""sp3"",
    ""example_molecule_smiles"": ""CCC(=O)[O-]"",
    ""group_smarts"": ""[C;X4]-[C;X3](=O)[O-]"",
    ""atom_specific_smarts"": ""[CH2;X4]-[C;X3](=O)[O-]"",
    ""description"": ""CH2 alpha carbon directly bonded to a carboxylate carbonyl carbon in R-CH2-COO− (e.g., propionate)."",
    ""uncertainty"": ""low""
  },
  {
    ""atom_type"": 275,
    ""element"": ""C"",
    ""chemical_environment"": ""tertiary (CH) carbon alpha to a carboxylate group"",
    ""functional_group"": ""alpha-carbon to carboxylate (CH)"",
    ""hybridization"": ""sp3"",
    ""example_molecule_smiles"": ""CC(C)C(=O)[O-]"",
    ""group_smarts"": ""[C;X4]-[C;X3](=O)[O-]"",
    ""atom_specific_smarts"": ""[CH;X4]-[C;X3](=O)[O-]"",
    ""description"": ""Tertiary CH alpha carbon bonded to a carboxylate carbonyl carbon (e.g., isobutyrate)."",
    ""uncertainty"": ""low""
  },
  {
    ""atom_type"": 276,
    ""element"": ""C"",
    ""chemical_environment"": ""quaternary carbon (no H) alpha to a carboxylate group"",
    ""functional_group"": ""alpha-carbon to carboxylate (C, H0)"",
    ""hybridization"": ""sp3"",
    ""example_molecule_smiles"": ""CC(C)(C)C(=O)[O-]"",
    ""group_smarts"": ""[C;X4]-[C;X3](=O)[O-]"",
    ""atom_specific_smarts"": ""[C;X4;H0]-[C;X3](=O)[O-]"",
    ""description"": ""Quaternary alpha carbon (no hydrogens) directly bonded to a carboxylate carbonyl carbon (e.g., pivalate)."",
    ""uncertainty"": ""low""
  },
  {
    ""atom_type"": 277,
    ""element"": ""C"",
    ""chemical_environment"": ""carbonyl carbon of an aldehyde or acyl halide"",
    ""functional_group"": ""aldehyde or acyl halide carbonyl carbon"",
    ""hybridization"": ""sp2"",
    ""example_molecule_smiles"": ""CC(=O)Cl"",
    ""group_smarts"": ""[C;X3](=O)[H,F,Cl,Br,I]"",
    ""atom_specific_smarts"": ""[$([C;X3H1](=O)[#6]),$([C;X3](=O)[F,Cl,Br,I])]"",
    ""description"": ""C=O carbon where the non-carbonyl substituent is H (aldehyde) or a halogen (acyl halide); used when defining C-alpha environments."",
    ""uncertainty"": ""low""
  },
  {
    ""atom_type"": 280,
    ""element"": ""C"",
    ""chemical_environment"": ""carbonyl carbon of a ketone (bound to two carbons)"",
    ""functional_group"": ""ketone carbonyl carbon"",
    ""hybridization"": ""sp2"",
    ""example_molecule_smiles"": ""CC(=O)C"",
    ""group_smarts"": ""[C;X3](=O)([#6])[#6]"",
    ""atom_specific_smarts"": ""[C;X3](=O)([#6])[#6]"",
    ""description"": ""C=O carbon with both single-bond substituents being carbon (R-CO-R′)."",
    ""uncertainty"": ""low""
  },
  {
    ""atom_type"": 283,
    ""element"": ""C"",
    ""chemical_environment"": ""C-alpha of a C-terminal alanine residue (attached to backbone N, side-chain CH3, and terminal carboxyl group)"",
    ""functional_group"": ""amino acid C-alpha at C-terminus (Ala)"",
    ""hybridization"": ""sp3"",
    ""example_molecule_smiles"": ""NC(C)C(=O)[O-]"",
    ""group_smarts"": ""[C;X4]([N;X3])[C;X3](=O)[$([O-]),$([OX1H])]"",
    ""atom_specific_smarts"": ""[CH]([N;X3])([CH3])[C;X3](=O)[$([O-]),$([OX1H])]"",
    ""description"": ""Alanine Cα bonded to backbone N, a methyl side chain, and the C-terminal carboxyl (COO−/COOH)."",
    ""uncertainty"": ""medium""
  },
  {
    ""atom_type"": 284,
    ""element"": ""C"",
    ""chemical_environment"": ""C-alpha of a C-terminal glycine residue (attached to backbone N and terminal carboxyl; side chain is H)"",
    ""functional_group"": ""amino acid C-alpha at C-terminus (Gly)"",
    ""hybridization"": ""sp3"",
    ""example_molecule_smiles"": ""NCC(=O)[O-]"",
    ""group_smarts"": ""[C;X4]([N;X3])[C;X3](=O)[$([O-]),$([OX1H])]"",
    ""atom_specific_smarts"": ""[CH2]([N;X3])[C;X3](=O)[$([O-]),$([OX1H])]"",
    ""description"": ""Glycine Cα (CH2) bonded to backbone N and the C-terminal carboxyl (COO−/COOH)."",
    ""uncertainty"": ""medium""
  },
  {
    ""atom_type"": 285,
    ""element"": ""C"",
    ""chemical_environment"": ""C-alpha of a C-terminal proline residue (attached to ring amide N and terminal carboxyl)"",
    ""functional_group"": ""amino acid C-alpha at C-terminus (Pro)"",
    ""hybridization"": ""sp3"",
    ""example_molecule_smiles"": ""N1CCC[C@H]1C(=O)[O-]"",
    ""group_smarts"": ""[C;X4]([N;X3;R])[C;X3](=O)[$([O-]),$([OX1H])]"",
    ""atom_specific_smarts"": ""[CH]([N;X3;R;H1])[C;X3](=O)[$([O-]),$([OX1H])]"",
    ""description"": ""Proline Cα bonded to a ring amide nitrogen (in the pyrrolidine ring) and the C-terminal carboxyl (COO−/COOH)."",
    ""uncertainty"": ""medium""
  },
  {
    ""atom_type"": 291,
    ""element"": ""C"",
    ""chemical_environment"": ""methyl carbon directly bonded to a primary ammonium (NH3+)"",
    ""functional_group"": ""alkyl adjacent to protonated primary amine"",
    ""hybridization"": ""sp3"",
    ""example_molecule_smiles"": ""C[NH3+]"",
    ""group_smarts"": ""[C;X4]-[N+H3]"",
    ""atom_specific_smarts"": ""[CH3]-[N+H3]"",
    ""description"": ""Terminal CH3 bound to an –NH3+ group (methylammonium)."",
    ""uncertainty"": ""low""
  },
  {
    ""atom_type"": 292,
    ""element"": ""C"",
    ""chemical_environment"": ""methylene carbon directly bonded to a primary ammonium (NH3+); also matches Gly C-alpha at N-terminus"",
    ""functional_group"": ""alkyl adjacent to protonated primary amine"",
    ""hybridization"": ""sp3"",
    ""example_molecule_smiles"": ""CC[NH3+]"",
    ""group_smarts"": ""[C;X4]-[N+H3]"",
    ""atom_specific_smarts"": ""[CH2]-[N+H3]"",
    ""description"": ""CH2 attached to –NH3+ (e.g., ethylammonium) and covers Gly Cα at the N-terminus (–CH2–NH3+)."",
    ""uncertainty"": ""low""
  },
  {
    ""atom_type"": 293,
    ""element"": ""C"",
    ""chemical_environment"": ""tertiary (CH) carbon directly bonded to a primary ammonium (NH3+)"",
    ""functional_group"": ""alkyl adjacent to protonated primary amine"",
    ""hybridization"": ""sp3"",
    ""example_molecule_smiles"": ""CC(C)[NH3+]"",
    ""group_smarts"": ""[C;X4]-[N+H3]"",
    ""atom_specific_smarts"": ""[CH]-[N+H3]"",
    ""description"": ""Tertiary CH bound to –NH3+ (e.g., isopropylammonium)."",
    ""uncertainty"": ""low""
  },
  {
    ""atom_type"": 294,
    ""element"": ""C"",
    ""chemical_environment"": ""quaternary carbon (no H) directly bonded to a primary ammonium (NH3+)"",
    ""functional_group"": ""alkyl adjacent to protonated primary amine"",
    ""hybridization"": ""sp3"",
    ""example_molecule_smiles"": ""C(C)(C)C[NH3+]"",
    ""group_smarts"": ""[C;X4]-[N+H3]"",
    ""atom_specific_smarts"": ""[C;X4;H0]-[N+H3]"",
    ""description"": ""Quaternary carbon (no hydrogens) adjacent to –NH3+ (e.g., t-butylammonium)."",
    ""uncertainty"": ""low""
  },
  {
    ""atom_type"": 295,
    ""element"": ""C"",
    ""chemical_environment"": ""C-alpha of N-terminal proline (attached to protonated ring nitrogen [NH2+] and backbone carbonyl)"",
    ""functional_group"": ""amino acid C-alpha at N-terminus (Pro, protonated)"",
    ""hybridization"": ""sp3"",
    ""example_molecule_smiles"": ""[NH2+]1CCCC[C@H]1C(=O)O"",
    ""group_smarts"": ""[C;X4]([N+H2;R])[C;X3](=O)[$([O-]),$([OX1H])]"",
    ""atom_specific_smarts"": ""[CH]([N+H2;R])[C;X3](=O)[$([O-]),$([OX1H])]"",
    ""description"": ""Proline Cα bonded to ring –NH2+ (protonated secondary amine) and to the carbonyl carbon of the carboxyl group."",
    ""uncertainty"": ""medium""
  },
  {
    ""atom_type"": 296,
    ""element"": ""C"",
    ""chemical_environment"": ""C-delta methylene in N-terminal proline ring adjacent to protonated ring nitrogen"",
    ""functional_group"": ""aliphatic ring carbon alpha to ammonium (proline, N-terminus)"",
    ""hybridization"": ""sp3"",
    ""example_molecule_smiles"": ""[NH2+]1CCCC[C@H]1C(=O)O"",
    ""group_smarts"": ""[CH2;R]-[N+H2;R]"",
    ""atom_specific_smarts"": ""[CH2;R]-[N+H2;R]"",
    ""description"": ""Proline ring CH2 (Cδ) directly bonded within the ring and adjacent to protonated ring nitrogen (–NH2+)."",
    ""uncertainty"": ""medium""
  },
  {
    ""atom_type"": 297,
    ""element"": ""C"",
    ""chemical_environment"": ""methyl carbon attached to a protonated secondary ammonium (–NH2+–R)"",
    ""functional_group"": ""alkyl adjacent to protonated secondary amine"",
    ""hybridization"": ""sp3"",
    ""example_molecule_smiles"": ""C[NH2+]C"",
    ""group_smarts"": ""[C;X4]-[N+H2]-[#6]"",
    ""atom_specific_smarts"": ""[CH3]-[N+H2]-[#6]"",
    ""description"": ""CH3 bound to –NH2+–R (protonated secondary amine)."",
    ""uncertainty"": ""low""
  },
  {
    ""atom_type"": 298,
    ""element"": ""C"",
    ""chemical_environment"": ""C-alpha of glycine in the zwitterion (attached to NH3+ and COO−)"",
    ""functional_group"": ""amino acid C-alpha (Gly, zwitterion)"",
    ""hybridization"": ""sp3"",
    ""example_molecule_smiles"": ""[NH3+]CC(=O)[O-]"",
    ""group_smarts"": ""[C;X4]([N+H3])[C;X3](=O)[O-]"",
    ""atom_specific_smarts"": ""[CH2]([N+H3])[C;X3](=O)[O-]"",
    ""description"": ""Glycine Cα (CH2) bonded to –NH3+ and to the carboxylate carbonyl (COO−)."",
    ""uncertainty"": ""low""
  },
  {
    ""atom_type"": 299,
    ""element"": ""C"",
    ""chemical_environment"": ""C-alpha of alanine in the zwitterion (attached to NH3+, CH3 side chain, and COO−)"",
    ""functional_group"": ""amino acid C-alpha (Ala, zwitterion)"",
    ""hybridization"": ""sp3"",
    ""example_molecule_smiles"": ""[NH3+]C(C)C(=O)[O-]"",
    ""group_smarts"": ""[C;X4]([N+H3])[C;X3](=O)[O-]"",
    ""atom_specific_smarts"": ""[CH]([N+H3])([CH3])[C;X3](=O)[O-]"",
    ""description"": ""Alanine Cα (CH) bonded to –NH3+, a methyl side chain, and the carboxylate carbonyl (COO−)."",
    ""uncertainty"": ""low""
  }
]"
274,-0.22,"C  - CT   | C: CH2, carboxylate ion",12.011,oplsaa.lt,C,6,"Convert the following OPLS-AA atom type rows:

Atom Type Data:
- Atom index: 267
- Force field raw info: C  - C~   | Co in CCOOH carboxylic acid
- Partial charge: 0.52
- Atomic mass: 12.011
- Element guess: C
- Atomic number: 6
- Source file: oplsaa.lt


Atom Type Data:
- Atom index: 271
- Force field raw info: C  - C~   | C in COO- carboxylate
- Partial charge: 0.7
- Atomic mass: 12.011
- Element guess: C
- Atomic number: 6
- Source file: oplsaa.lt


Atom Type Data:
- Atom index: 273
- Force field raw info: C  - CT   | C: CH3, carboxylate ion
- Partial charge: -0.28
- Atomic mass: 12.011
- Element guess: C
- Atomic number: 6
- Source file: oplsaa.lt


Atom Type Data:
- Atom index: 274
- Force field raw info: C  - CT   | C: CH2, carboxylate ion
- Partial charge: -0.22
- Atomic mass: 12.011
- Element guess: C
- Atomic number: 6
- Source file: oplsaa.lt


Atom Type Data:
- Atom index: 275
- Force field raw info: C  - CT   | C: CH, carboxylate ion
- Partial charge: -0.16
- Atomic mass: 12.011
- Element guess: C
- Atomic number: 6
- Source file: oplsaa.lt


Atom Type Data:
- Atom index: 276
- Force field raw info: C  - CT   | C: C, carboxylate ion
- Partial charge: -0.1
- Atomic mass: 12.011
- Element guess: C
- Atomic number: 6
- Source file: oplsaa.lt


Atom Type Data:
- Atom index: 277
- Force field raw info: C  - C~   | AA C: aldehyde & acyl halide - for C-alpha use
- Partial charge: 0.45
- Atomic mass: 12.011
- Element guess: C
- Atomic number: 6
- Source file: oplsaa.lt


Atom Type Data:
- Atom index: 280
- Force field raw info: C  - C~   | AA C: ketone - for C-alpha use
- Partial charge: 0.47
- Atomic mass: 12.011
- Element guess: C
- Atomic number: 6
- Source file: oplsaa.lt


Atom Type Data:
- Atom index: 283
- Force field raw info: C  - CT   | AA C-alpha on C-terminal ALA
- Partial charge: 0.04
- Atomic mass: 12.011
- Element guess: C
- Atomic number: 6
- Source file: oplsaa.lt


Atom Type Data:
- Atom index: 284
- Force field raw info: C  - CT   | AA C-alpha on C-terminal GLY
- Partial charge: -0.02
- Atomic mass: 12.011
- Element guess: C
- Atomic number: 6
- Source file: oplsaa.lt


Atom Type Data:
- Atom index: 285
- Force field raw info: C  - CT   | AA C-alpha on C-terminal PRO
- Partial charge: -0.09
- Atomic mass: 12.011
- Element guess: C
- Atomic number: 6
- Source file: oplsaa.lt


Atom Type Data:
- Atom index: 291
- Force field raw info: C  - CT   | C in CH3NH3+
- Partial charge: 0.13
- Atomic mass: 12.011
- Element guess: C
- Atomic number: 6
- Source file: oplsaa.lt


Atom Type Data:
- Atom index: 292
- Force field raw info: C  - CT   | C in RCH2NH3+ & CA in N-term Gly
- Partial charge: 0.19
- Atomic mass: 12.011
- Element guess: C
- Atomic number: 6
- Source file: oplsaa.lt


Atom Type Data:
- Atom index: 293
- Force field raw info: C  - CT   | C in R2CHNH3+ & CA in N-term Ala, etc.
- Partial charge: 0.25
- Atomic mass: 12.011
- Element guess: C
- Atomic number: 6
- Source file: oplsaa.lt


Atom Type Data:
- Atom index: 294
- Force field raw info: C  - CT   | C in R3CNH3+
- Partial charge: 0.31
- Atomic mass: 12.011
- Element guess: C
- Atomic number: 6
- Source file: oplsaa.lt


Atom Type Data:
- Atom index: 295
- Force field raw info: C  - CT   | AA:C-alpha in N-term PRO
- Partial charge: 0.23
- Atomic mass: 12.011
- Element guess: C
- Atomic number: 6
- Source file: oplsaa.lt


Atom Type Data:
- Atom index: 296
- Force field raw info: C  - CT   | AA:C-delta in N-term PRO
- Partial charge: 0.17
- Atomic mass: 12.011
- Element guess: C
- Atomic number: 6
- Source file: oplsaa.lt


Atom Type Data:
- Atom index: 297
- Force field raw info: C  - CT   | CT in CH3NH2+R
- Partial charge: 0.11
- Atomic mass: 12.011
- Element guess: C
- Atomic number: 6
- Source file: oplsaa.lt


Atom Type Data:
- Atom index: 298
- Force field raw info: C  - CT   | AA C-alpha in Gly zwitterion
- Partial charge: 0.09
- Atomic mass: 12.011
- Element guess: C
- Atomic number: 6
- Source file: oplsaa.lt


Atom Type Data:
- Atom index: 299
- Force field raw info: C  - CT   | AA C-alpha in Ala zwitterion
- Partial charge: 0.15
- Atomic mass: 12.011
- Element guess: C
- Atomic number: 6
- Source file: oplsaa.lt
","[
  {
    ""atom_type"": 267,
    ""element"": ""C"",
    ""chemical_environment"": ""carbonyl carbon in a carboxylic acid attached to hydroxyl O-H and an alkyl carbon"",
    ""functional_group"": ""carboxylic acid carbonyl carbon"",
    ""hybridization"": ""sp2"",
    ""example_molecule_smiles"": ""CC(=O)O"",
    ""group_smarts"": ""[C;X3](=O)[OX1H]"",
    ""atom_specific_smarts"": ""[C;X3](=O)([OX1H])[#6]"",
    ""description"": ""C=O carbon of R-COOH; neighbors are one hydroxyl oxygen and one alpha carbon (R)."",
    ""uncertainty"": ""low""
  },
  {
    ""atom_type"": 271,
    ""element"": ""C"",
    ""chemical_environment"": ""carbonyl carbon in a carboxylate anion attached to an alkyl carbon and an anionic oxygen"",
    ""functional_group"": ""carboxylate carbonyl carbon"",
    ""hybridization"": ""sp2"",
    ""example_molecule_smiles"": ""CC(=O)[O-]"",
    ""group_smarts"": ""[C;X3](=O)[O-]"",
    ""atom_specific_smarts"": ""[C;X3](=O)([O-])[#6]"",
    ""description"": ""C=O carbon of R-COO−; neighbors are one anionic oxygen and one alpha carbon (R)."",
    ""uncertainty"": ""low""
  },
  {
    ""atom_type"": 273,
    ""element"": ""C"",
    ""chemical_environment"": ""methyl carbon alpha to a carboxylate group"",
    ""functional_group"": ""alpha-carbon to carboxylate (CH3)"",
    ""hybridization"": ""sp3"",
    ""example_molecule_smiles"": ""CC(=O)[O-]"",
    ""group_smarts"": ""[C;X4]-[C;X3](=O)[O-]"",
    ""atom_specific_smarts"": ""[CH3;X4]-[C;X3](=O)[O-]"",
    ""description"": ""CH3 alpha carbon directly bonded to a carboxylate carbonyl carbon in R-COO− (e.g., acetate)."",
    ""uncertainty"": ""low""
  },
  {
    ""atom_type"": 274,
    ""element"": ""C"",
    ""chemical_environment"": ""methylene carbon alpha to a carboxylate group"",
    ""functional_group"": ""alpha-carbon to carboxylate (CH2)"",
    ""hybridization"": ""sp3"",
    ""example_molecule_smiles"": ""CCC(=O)[O-]"",
    ""group_smarts"": ""[C;X4]-[C;X3](=O)[O-]"",
    ""atom_specific_smarts"": ""[CH2;X4]-[C;X3](=O)[O-]"",
    ""description"": ""CH2 alpha carbon directly bonded to a carboxylate carbonyl carbon in R-CH2-COO− (e.g., propionate)."",
    ""uncertainty"": ""low""
  },
  {
    ""atom_type"": 275,
    ""element"": ""C"",
    ""chemical_environment"": ""tertiary (CH) carbon alpha to a carboxylate group"",
    ""functional_group"": ""alpha-carbon to carboxylate (CH)"",
    ""hybridization"": ""sp3"",
    ""example_molecule_smiles"": ""CC(C)C(=O)[O-]"",
    ""group_smarts"": ""[C;X4]-[C;X3](=O)[O-]"",
    ""atom_specific_smarts"": ""[CH;X4]-[C;X3](=O)[O-]"",
    ""description"": ""Tertiary CH alpha carbon bonded to a carboxylate carbonyl carbon (e.g., isobutyrate)."",
    ""uncertainty"": ""low""
  },
  {
    ""atom_type"": 276,
    ""element"": ""C"",
    ""chemical_environment"": ""quaternary carbon (no H) alpha to a carboxylate group"",
    ""functional_group"": ""alpha-carbon to carboxylate (C, H0)"",
    ""hybridization"": ""sp3"",
    ""example_molecule_smiles"": ""CC(C)(C)C(=O)[O-]"",
    ""group_smarts"": ""[C;X4]-[C;X3](=O)[O-]"",
    ""atom_specific_smarts"": ""[C;X4;H0]-[C;X3](=O)[O-]"",
    ""description"": ""Quaternary alpha carbon (no hydrogens) directly bonded to a carboxylate carbonyl carbon (e.g., pivalate)."",
    ""uncertainty"": ""low""
  },
  {
    ""atom_type"": 277,
    ""element"": ""C"",
    ""chemical_environment"": ""carbonyl carbon of an aldehyde or acyl halide"",
    ""functional_group"": ""aldehyde or acyl halide carbonyl carbon"",
    ""hybridization"": ""sp2"",
    ""example_molecule_smiles"": ""CC(=O)Cl"",
    ""group_smarts"": ""[C;X3](=O)[H,F,Cl,Br,I]"",
    ""atom_specific_smarts"": ""[$([C;X3H1](=O)[#6]),$([C;X3](=O)[F,Cl,Br,I])]"",
    ""description"": ""C=O carbon where the non-carbonyl substituent is H (aldehyde) or a halogen (acyl halide); used when defining C-alpha environments."",
    ""uncertainty"": ""low""
  },
  {
    ""atom_type"": 280,
    ""element"": ""C"",
    ""chemical_environment"": ""carbonyl carbon of a ketone (bound to two carbons)"",
    ""functional_group"": ""ketone carbonyl carbon"",
    ""hybridization"": ""sp2"",
    ""example_molecule_smiles"": ""CC(=O)C"",
    ""group_smarts"": ""[C;X3](=O)([#6])[#6]"",
    ""atom_specific_smarts"": ""[C;X3](=O)([#6])[#6]"",
    ""description"": ""C=O carbon with both single-bond substituents being carbon (R-CO-R′)."",
    ""uncertainty"": ""low""
  },
  {
    ""atom_type"": 283,
    ""element"": ""C"",
    ""chemical_environment"": ""C-alpha of a C-terminal alanine residue (attached to backbone N, side-chain CH3, and terminal carboxyl group)"",
    ""functional_group"": ""amino acid C-alpha at C-terminus (Ala)"",
    ""hybridization"": ""sp3"",
    ""example_molecule_smiles"": ""NC(C)C(=O)[O-]"",
    ""group_smarts"": ""[C;X4]([N;X3])[C;X3](=O)[$([O-]),$([OX1H])]"",
    ""atom_specific_smarts"": ""[CH]([N;X3])([CH3])[C;X3](=O)[$([O-]),$([OX1H])]"",
    ""description"": ""Alanine Cα bonded to backbone N, a methyl side chain, and the C-terminal carboxyl (COO−/COOH)."",
    ""uncertainty"": ""medium""
  },
  {
    ""atom_type"": 284,
    ""element"": ""C"",
    ""chemical_environment"": ""C-alpha of a C-terminal glycine residue (attached to backbone N and terminal carboxyl; side chain is H)"",
    ""functional_group"": ""amino acid C-alpha at C-terminus (Gly)"",
    ""hybridization"": ""sp3"",
    ""example_molecule_smiles"": ""NCC(=O)[O-]"",
    ""group_smarts"": ""[C;X4]([N;X3])[C;X3](=O)[$([O-]),$([OX1H])]"",
    ""atom_specific_smarts"": ""[CH2]([N;X3])[C;X3](=O)[$([O-]),$([OX1H])]"",
    ""description"": ""Glycine Cα (CH2) bonded to backbone N and the C-terminal carboxyl (COO−/COOH)."",
    ""uncertainty"": ""medium""
  },
  {
    ""atom_type"": 285,
    ""element"": ""C"",
    ""chemical_environment"": ""C-alpha of a C-terminal proline residue (attached to ring amide N and terminal carboxyl)"",
    ""functional_group"": ""amino acid C-alpha at C-terminus (Pro)"",
    ""hybridization"": ""sp3"",
    ""example_molecule_smiles"": ""N1CCC[C@H]1C(=O)[O-]"",
    ""group_smarts"": ""[C;X4]([N;X3;R])[C;X3](=O)[$([O-]),$([OX1H])]"",
    ""atom_specific_smarts"": ""[CH]([N;X3;R;H1])[C;X3](=O)[$([O-]),$([OX1H])]"",
    ""description"": ""Proline Cα bonded to a ring amide nitrogen (in the pyrrolidine ring) and the C-terminal carboxyl (COO−/COOH)."",
    ""uncertainty"": ""medium""
  },
  {
    ""atom_type"": 291,
    ""element"": ""C"",
    ""chemical_environment"": ""methyl carbon directly bonded to a primary ammonium (NH3+)"",
    ""functional_group"": ""alkyl adjacent to protonated primary amine"",
    ""hybridization"": ""sp3"",
    ""example_molecule_smiles"": ""C[NH3+]"",
    ""group_smarts"": ""[C;X4]-[N+H3]"",
    ""atom_specific_smarts"": ""[CH3]-[N+H3]"",
    ""description"": ""Terminal CH3 bound to an –NH3+ group (methylammonium)."",
    ""uncertainty"": ""low""
  },
  {
    ""atom_type"": 292,
    ""element"": ""C"",
    ""chemical_environment"": ""methylene carbon directly bonded to a primary ammonium (NH3+); also matches Gly C-alpha at N-terminus"",
    ""functional_group"": ""alkyl adjacent to protonated primary amine"",
    ""hybridization"": ""sp3"",
    ""example_molecule_smiles"": ""CC[NH3+]"",
    ""group_smarts"": ""[C;X4]-[N+H3]"",
    ""atom_specific_smarts"": ""[CH2]-[N+H3]"",
    ""description"": ""CH2 attached to –NH3+ (e.g., ethylammonium) and covers Gly Cα at the N-terminus (–CH2–NH3+)."",
    ""uncertainty"": ""low""
  },
  {
    ""atom_type"": 293,
    ""element"": ""C"",
    ""chemical_environment"": ""tertiary (CH) carbon directly bonded to a primary ammonium (NH3+)"",
    ""functional_group"": ""alkyl adjacent to protonated primary amine"",
    ""hybridization"": ""sp3"",
    ""example_molecule_smiles"": ""CC(C)[NH3+]"",
    ""group_smarts"": ""[C;X4]-[N+H3]"",
    ""atom_specific_smarts"": ""[CH]-[N+H3]"",
    ""description"": ""Tertiary CH bound to –NH3+ (e.g., isopropylammonium)."",
    ""uncertainty"": ""low""
  },
  {
    ""atom_type"": 294,
    ""element"": ""C"",
    ""chemical_environment"": ""quaternary carbon (no H) directly bonded to a primary ammonium (NH3+)"",
    ""functional_group"": ""alkyl adjacent to protonated primary amine"",
    ""hybridization"": ""sp3"",
    ""example_molecule_smiles"": ""C(C)(C)C[NH3+]"",
    ""group_smarts"": ""[C;X4]-[N+H3]"",
    ""atom_specific_smarts"": ""[C;X4;H0]-[N+H3]"",
    ""description"": ""Quaternary carbon (no hydrogens) adjacent to –NH3+ (e.g., t-butylammonium)."",
    ""uncertainty"": ""low""
  },
  {
    ""atom_type"": 295,
    ""element"": ""C"",
    ""chemical_environment"": ""C-alpha of N-terminal proline (attached to protonated ring nitrogen [NH2+] and backbone carbonyl)"",
    ""functional_group"": ""amino acid C-alpha at N-terminus (Pro, protonated)"",
    ""hybridization"": ""sp3"",
    ""example_molecule_smiles"": ""[NH2+]1CCCC[C@H]1C(=O)O"",
    ""group_smarts"": ""[C;X4]([N+H2;R])[C;X3](=O)[$([O-]),$([OX1H])]"",
    ""atom_specific_smarts"": ""[CH]([N+H2;R])[C;X3](=O)[$([O-]),$([OX1H])]"",
    ""description"": ""Proline Cα bonded to ring –NH2+ (protonated secondary amine) and to the carbonyl carbon of the carboxyl group."",
    ""uncertainty"": ""medium""
  },
  {
    ""atom_type"": 296,
    ""element"": ""C"",
    ""chemical_environment"": ""C-delta methylene in N-terminal proline ring adjacent to protonated ring nitrogen"",
    ""functional_group"": ""aliphatic ring carbon alpha to ammonium (proline, N-terminus)"",
    ""hybridization"": ""sp3"",
    ""example_molecule_smiles"": ""[NH2+]1CCCC[C@H]1C(=O)O"",
    ""group_smarts"": ""[CH2;R]-[N+H2;R]"",
    ""atom_specific_smarts"": ""[CH2;R]-[N+H2;R]"",
    ""description"": ""Proline ring CH2 (Cδ) directly bonded within the ring and adjacent to protonated ring nitrogen (–NH2+)."",
    ""uncertainty"": ""medium""
  },
  {
    ""atom_type"": 297,
    ""element"": ""C"",
    ""chemical_environment"": ""methyl carbon attached to a protonated secondary ammonium (–NH2+–R)"",
    ""functional_group"": ""alkyl adjacent to protonated secondary amine"",
    ""hybridization"": ""sp3"",
    ""example_molecule_smiles"": ""C[NH2+]C"",
    ""group_smarts"": ""[C;X4]-[N+H2]-[#6]"",
    ""atom_specific_smarts"": ""[CH3]-[N+H2]-[#6]"",
    ""description"": ""CH3 bound to –NH2+–R (protonated secondary amine)."",
    ""uncertainty"": ""low""
  },
  {
    ""atom_type"": 298,
    ""element"": ""C"",
    ""chemical_environment"": ""C-alpha of glycine in the zwitterion (attached to NH3+ and COO−)"",
    ""functional_group"": ""amino acid C-alpha (Gly, zwitterion)"",
    ""hybridization"": ""sp3"",
    ""example_molecule_smiles"": ""[NH3+]CC(=O)[O-]"",
    ""group_smarts"": ""[C;X4]([N+H3])[C;X3](=O)[O-]"",
    ""atom_specific_smarts"": ""[CH2]([N+H3])[C;X3](=O)[O-]"",
    ""description"": ""Glycine Cα (CH2) bonded to –NH3+ and to the carboxylate carbonyl (COO−)."",
    ""uncertainty"": ""low""
  },
  {
    ""atom_type"": 299,
    ""element"": ""C"",
    ""chemical_environment"": ""C-alpha of alanine in the zwitterion (attached to NH3+, CH3 side chain, and COO−)"",
    ""functional_group"": ""amino acid C-alpha (Ala, zwitterion)"",
    ""hybridization"": ""sp3"",
    ""example_molecule_smiles"": ""[NH3+]C(C)C(=O)[O-]"",
    ""group_smarts"": ""[C;X4]([N+H3])[C;X3](=O)[O-]"",
    ""atom_specific_smarts"": ""[CH]([N+H3])([CH3])[C;X3](=O)[O-]"",
    ""description"": ""Alanine Cα (CH) bonded to –NH3+, a methyl side chain, and the carboxylate carbonyl (COO−)."",
    ""uncertainty"": ""low""
  }
]"
275,-0.16,"C  - CT   | C: CH, carboxylate ion",12.011,oplsaa.lt,C,6,"Convert the following OPLS-AA atom type rows:

Atom Type Data:
- Atom index: 267
- Force field raw info: C  - C~   | Co in CCOOH carboxylic acid
- Partial charge: 0.52
- Atomic mass: 12.011
- Element guess: C
- Atomic number: 6
- Source file: oplsaa.lt


Atom Type Data:
- Atom index: 271
- Force field raw info: C  - C~   | C in COO- carboxylate
- Partial charge: 0.7
- Atomic mass: 12.011
- Element guess: C
- Atomic number: 6
- Source file: oplsaa.lt


Atom Type Data:
- Atom index: 273
- Force field raw info: C  - CT   | C: CH3, carboxylate ion
- Partial charge: -0.28
- Atomic mass: 12.011
- Element guess: C
- Atomic number: 6
- Source file: oplsaa.lt


Atom Type Data:
- Atom index: 274
- Force field raw info: C  - CT   | C: CH2, carboxylate ion
- Partial charge: -0.22
- Atomic mass: 12.011
- Element guess: C
- Atomic number: 6
- Source file: oplsaa.lt


Atom Type Data:
- Atom index: 275
- Force field raw info: C  - CT   | C: CH, carboxylate ion
- Partial charge: -0.16
- Atomic mass: 12.011
- Element guess: C
- Atomic number: 6
- Source file: oplsaa.lt


Atom Type Data:
- Atom index: 276
- Force field raw info: C  - CT   | C: C, carboxylate ion
- Partial charge: -0.1
- Atomic mass: 12.011
- Element guess: C
- Atomic number: 6
- Source file: oplsaa.lt


Atom Type Data:
- Atom index: 277
- Force field raw info: C  - C~   | AA C: aldehyde & acyl halide - for C-alpha use
- Partial charge: 0.45
- Atomic mass: 12.011
- Element guess: C
- Atomic number: 6
- Source file: oplsaa.lt


Atom Type Data:
- Atom index: 280
- Force field raw info: C  - C~   | AA C: ketone - for C-alpha use
- Partial charge: 0.47
- Atomic mass: 12.011
- Element guess: C
- Atomic number: 6
- Source file: oplsaa.lt


Atom Type Data:
- Atom index: 283
- Force field raw info: C  - CT   | AA C-alpha on C-terminal ALA
- Partial charge: 0.04
- Atomic mass: 12.011
- Element guess: C
- Atomic number: 6
- Source file: oplsaa.lt


Atom Type Data:
- Atom index: 284
- Force field raw info: C  - CT   | AA C-alpha on C-terminal GLY
- Partial charge: -0.02
- Atomic mass: 12.011
- Element guess: C
- Atomic number: 6
- Source file: oplsaa.lt


Atom Type Data:
- Atom index: 285
- Force field raw info: C  - CT   | AA C-alpha on C-terminal PRO
- Partial charge: -0.09
- Atomic mass: 12.011
- Element guess: C
- Atomic number: 6
- Source file: oplsaa.lt


Atom Type Data:
- Atom index: 291
- Force field raw info: C  - CT   | C in CH3NH3+
- Partial charge: 0.13
- Atomic mass: 12.011
- Element guess: C
- Atomic number: 6
- Source file: oplsaa.lt


Atom Type Data:
- Atom index: 292
- Force field raw info: C  - CT   | C in RCH2NH3+ & CA in N-term Gly
- Partial charge: 0.19
- Atomic mass: 12.011
- Element guess: C
- Atomic number: 6
- Source file: oplsaa.lt


Atom Type Data:
- Atom index: 293
- Force field raw info: C  - CT   | C in R2CHNH3+ & CA in N-term Ala, etc.
- Partial charge: 0.25
- Atomic mass: 12.011
- Element guess: C
- Atomic number: 6
- Source file: oplsaa.lt


Atom Type Data:
- Atom index: 294
- Force field raw info: C  - CT   | C in R3CNH3+
- Partial charge: 0.31
- Atomic mass: 12.011
- Element guess: C
- Atomic number: 6
- Source file: oplsaa.lt


Atom Type Data:
- Atom index: 295
- Force field raw info: C  - CT   | AA:C-alpha in N-term PRO
- Partial charge: 0.23
- Atomic mass: 12.011
- Element guess: C
- Atomic number: 6
- Source file: oplsaa.lt


Atom Type Data:
- Atom index: 296
- Force field raw info: C  - CT   | AA:C-delta in N-term PRO
- Partial charge: 0.17
- Atomic mass: 12.011
- Element guess: C
- Atomic number: 6
- Source file: oplsaa.lt


Atom Type Data:
- Atom index: 297
- Force field raw info: C  - CT   | CT in CH3NH2+R
- Partial charge: 0.11
- Atomic mass: 12.011
- Element guess: C
- Atomic number: 6
- Source file: oplsaa.lt


Atom Type Data:
- Atom index: 298
- Force field raw info: C  - CT   | AA C-alpha in Gly zwitterion
- Partial charge: 0.09
- Atomic mass: 12.011
- Element guess: C
- Atomic number: 6
- Source file: oplsaa.lt


Atom Type Data:
- Atom index: 299
- Force field raw info: C  - CT   | AA C-alpha in Ala zwitterion
- Partial charge: 0.15
- Atomic mass: 12.011
- Element guess: C
- Atomic number: 6
- Source file: oplsaa.lt
","[
  {
    ""atom_type"": 267,
    ""element"": ""C"",
    ""chemical_environment"": ""carbonyl carbon in a carboxylic acid attached to hydroxyl O-H and an alkyl carbon"",
    ""functional_group"": ""carboxylic acid carbonyl carbon"",
    ""hybridization"": ""sp2"",
    ""example_molecule_smiles"": ""CC(=O)O"",
    ""group_smarts"": ""[C;X3](=O)[OX1H]"",
    ""atom_specific_smarts"": ""[C;X3](=O)([OX1H])[#6]"",
    ""description"": ""C=O carbon of R-COOH; neighbors are one hydroxyl oxygen and one alpha carbon (R)."",
    ""uncertainty"": ""low""
  },
  {
    ""atom_type"": 271,
    ""element"": ""C"",
    ""chemical_environment"": ""carbonyl carbon in a carboxylate anion attached to an alkyl carbon and an anionic oxygen"",
    ""functional_group"": ""carboxylate carbonyl carbon"",
    ""hybridization"": ""sp2"",
    ""example_molecule_smiles"": ""CC(=O)[O-]"",
    ""group_smarts"": ""[C;X3](=O)[O-]"",
    ""atom_specific_smarts"": ""[C;X3](=O)([O-])[#6]"",
    ""description"": ""C=O carbon of R-COO−; neighbors are one anionic oxygen and one alpha carbon (R)."",
    ""uncertainty"": ""low""
  },
  {
    ""atom_type"": 273,
    ""element"": ""C"",
    ""chemical_environment"": ""methyl carbon alpha to a carboxylate group"",
    ""functional_group"": ""alpha-carbon to carboxylate (CH3)"",
    ""hybridization"": ""sp3"",
    ""example_molecule_smiles"": ""CC(=O)[O-]"",
    ""group_smarts"": ""[C;X4]-[C;X3](=O)[O-]"",
    ""atom_specific_smarts"": ""[CH3;X4]-[C;X3](=O)[O-]"",
    ""description"": ""CH3 alpha carbon directly bonded to a carboxylate carbonyl carbon in R-COO− (e.g., acetate)."",
    ""uncertainty"": ""low""
  },
  {
    ""atom_type"": 274,
    ""element"": ""C"",
    ""chemical_environment"": ""methylene carbon alpha to a carboxylate group"",
    ""functional_group"": ""alpha-carbon to carboxylate (CH2)"",
    ""hybridization"": ""sp3"",
    ""example_molecule_smiles"": ""CCC(=O)[O-]"",
    ""group_smarts"": ""[C;X4]-[C;X3](=O)[O-]"",
    ""atom_specific_smarts"": ""[CH2;X4]-[C;X3](=O)[O-]"",
    ""description"": ""CH2 alpha carbon directly bonded to a carboxylate carbonyl carbon in R-CH2-COO− (e.g., propionate)."",
    ""uncertainty"": ""low""
  },
  {
    ""atom_type"": 275,
    ""element"": ""C"",
    ""chemical_environment"": ""tertiary (CH) carbon alpha to a carboxylate group"",
    ""functional_group"": ""alpha-carbon to carboxylate (CH)"",
    ""hybridization"": ""sp3"",
    ""example_molecule_smiles"": ""CC(C)C(=O)[O-]"",
    ""group_smarts"": ""[C;X4]-[C;X3](=O)[O-]"",
    ""atom_specific_smarts"": ""[CH;X4]-[C;X3](=O)[O-]"",
    ""description"": ""Tertiary CH alpha carbon bonded to a carboxylate carbonyl carbon (e.g., isobutyrate)."",
    ""uncertainty"": ""low""
  },
  {
    ""atom_type"": 276,
    ""element"": ""C"",
    ""chemical_environment"": ""quaternary carbon (no H) alpha to a carboxylate group"",
    ""functional_group"": ""alpha-carbon to carboxylate (C, H0)"",
    ""hybridization"": ""sp3"",
    ""example_molecule_smiles"": ""CC(C)(C)C(=O)[O-]"",
    ""group_smarts"": ""[C;X4]-[C;X3](=O)[O-]"",
    ""atom_specific_smarts"": ""[C;X4;H0]-[C;X3](=O)[O-]"",
    ""description"": ""Quaternary alpha carbon (no hydrogens) directly bonded to a carboxylate carbonyl carbon (e.g., pivalate)."",
    ""uncertainty"": ""low""
  },
  {
    ""atom_type"": 277,
    ""element"": ""C"",
    ""chemical_environment"": ""carbonyl carbon of an aldehyde or acyl halide"",
    ""functional_group"": ""aldehyde or acyl halide carbonyl carbon"",
    ""hybridization"": ""sp2"",
    ""example_molecule_smiles"": ""CC(=O)Cl"",
    ""group_smarts"": ""[C;X3](=O)[H,F,Cl,Br,I]"",
    ""atom_specific_smarts"": ""[$([C;X3H1](=O)[#6]),$([C;X3](=O)[F,Cl,Br,I])]"",
    ""description"": ""C=O carbon where the non-carbonyl substituent is H (aldehyde) or a halogen (acyl halide); used when defining C-alpha environments."",
    ""uncertainty"": ""low""
  },
  {
    ""atom_type"": 280,
    ""element"": ""C"",
    ""chemical_environment"": ""carbonyl carbon of a ketone (bound to two carbons)"",
    ""functional_group"": ""ketone carbonyl carbon"",
    ""hybridization"": ""sp2"",
    ""example_molecule_smiles"": ""CC(=O)C"",
    ""group_smarts"": ""[C;X3](=O)([#6])[#6]"",
    ""atom_specific_smarts"": ""[C;X3](=O)([#6])[#6]"",
    ""description"": ""C=O carbon with both single-bond substituents being carbon (R-CO-R′)."",
    ""uncertainty"": ""low""
  },
  {
    ""atom_type"": 283,
    ""element"": ""C"",
    ""chemical_environment"": ""C-alpha of a C-terminal alanine residue (attached to backbone N, side-chain CH3, and terminal carboxyl group)"",
    ""functional_group"": ""amino acid C-alpha at C-terminus (Ala)"",
    ""hybridization"": ""sp3"",
    ""example_molecule_smiles"": ""NC(C)C(=O)[O-]"",
    ""group_smarts"": ""[C;X4]([N;X3])[C;X3](=O)[$([O-]),$([OX1H])]"",
    ""atom_specific_smarts"": ""[CH]([N;X3])([CH3])[C;X3](=O)[$([O-]),$([OX1H])]"",
    ""description"": ""Alanine Cα bonded to backbone N, a methyl side chain, and the C-terminal carboxyl (COO−/COOH)."",
    ""uncertainty"": ""medium""
  },
  {
    ""atom_type"": 284,
    ""element"": ""C"",
    ""chemical_environment"": ""C-alpha of a C-terminal glycine residue (attached to backbone N and terminal carboxyl; side chain is H)"",
    ""functional_group"": ""amino acid C-alpha at C-terminus (Gly)"",
    ""hybridization"": ""sp3"",
    ""example_molecule_smiles"": ""NCC(=O)[O-]"",
    ""group_smarts"": ""[C;X4]([N;X3])[C;X3](=O)[$([O-]),$([OX1H])]"",
    ""atom_specific_smarts"": ""[CH2]([N;X3])[C;X3](=O)[$([O-]),$([OX1H])]"",
    ""description"": ""Glycine Cα (CH2) bonded to backbone N and the C-terminal carboxyl (COO−/COOH)."",
    ""uncertainty"": ""medium""
  },
  {
    ""atom_type"": 285,
    ""element"": ""C"",
    ""chemical_environment"": ""C-alpha of a C-terminal proline residue (attached to ring amide N and terminal carboxyl)"",
    ""functional_group"": ""amino acid C-alpha at C-terminus (Pro)"",
    ""hybridization"": ""sp3"",
    ""example_molecule_smiles"": ""N1CCC[C@H]1C(=O)[O-]"",
    ""group_smarts"": ""[C;X4]([N;X3;R])[C;X3](=O)[$([O-]),$([OX1H])]"",
    ""atom_specific_smarts"": ""[CH]([N;X3;R;H1])[C;X3](=O)[$([O-]),$([OX1H])]"",
    ""description"": ""Proline Cα bonded to a ring amide nitrogen (in the pyrrolidine ring) and the C-terminal carboxyl (COO−/COOH)."",
    ""uncertainty"": ""medium""
  },
  {
    ""atom_type"": 291,
    ""element"": ""C"",
    ""chemical_environment"": ""methyl carbon directly bonded to a primary ammonium (NH3+)"",
    ""functional_group"": ""alkyl adjacent to protonated primary amine"",
    ""hybridization"": ""sp3"",
    ""example_molecule_smiles"": ""C[NH3+]"",
    ""group_smarts"": ""[C;X4]-[N+H3]"",
    ""atom_specific_smarts"": ""[CH3]-[N+H3]"",
    ""description"": ""Terminal CH3 bound to an –NH3+ group (methylammonium)."",
    ""uncertainty"": ""low""
  },
  {
    ""atom_type"": 292,
    ""element"": ""C"",
    ""chemical_environment"": ""methylene carbon directly bonded to a primary ammonium (NH3+); also matches Gly C-alpha at N-terminus"",
    ""functional_group"": ""alkyl adjacent to protonated primary amine"",
    ""hybridization"": ""sp3"",
    ""example_molecule_smiles"": ""CC[NH3+]"",
    ""group_smarts"": ""[C;X4]-[N+H3]"",
    ""atom_specific_smarts"": ""[CH2]-[N+H3]"",
    ""description"": ""CH2 attached to –NH3+ (e.g., ethylammonium) and covers Gly Cα at the N-terminus (–CH2–NH3+)."",
    ""uncertainty"": ""low""
  },
  {
    ""atom_type"": 293,
    ""element"": ""C"",
    ""chemical_environment"": ""tertiary (CH) carbon directly bonded to a primary ammonium (NH3+)"",
    ""functional_group"": ""alkyl adjacent to protonated primary amine"",
    ""hybridization"": ""sp3"",
    ""example_molecule_smiles"": ""CC(C)[NH3+]"",
    ""group_smarts"": ""[C;X4]-[N+H3]"",
    ""atom_specific_smarts"": ""[CH]-[N+H3]"",
    ""description"": ""Tertiary CH bound to –NH3+ (e.g., isopropylammonium)."",
    ""uncertainty"": ""low""
  },
  {
    ""atom_type"": 294,
    ""element"": ""C"",
    ""chemical_environment"": ""quaternary carbon (no H) directly bonded to a primary ammonium (NH3+)"",
    ""functional_group"": ""alkyl adjacent to protonated primary amine"",
    ""hybridization"": ""sp3"",
    ""example_molecule_smiles"": ""C(C)(C)C[NH3+]"",
    ""group_smarts"": ""[C;X4]-[N+H3]"",
    ""atom_specific_smarts"": ""[C;X4;H0]-[N+H3]"",
    ""description"": ""Quaternary carbon (no hydrogens) adjacent to –NH3+ (e.g., t-butylammonium)."",
    ""uncertainty"": ""low""
  },
  {
    ""atom_type"": 295,
    ""element"": ""C"",
    ""chemical_environment"": ""C-alpha of N-terminal proline (attached to protonated ring nitrogen [NH2+] and backbone carbonyl)"",
    ""functional_group"": ""amino acid C-alpha at N-terminus (Pro, protonated)"",
    ""hybridization"": ""sp3"",
    ""example_molecule_smiles"": ""[NH2+]1CCCC[C@H]1C(=O)O"",
    ""group_smarts"": ""[C;X4]([N+H2;R])[C;X3](=O)[$([O-]),$([OX1H])]"",
    ""atom_specific_smarts"": ""[CH]([N+H2;R])[C;X3](=O)[$([O-]),$([OX1H])]"",
    ""description"": ""Proline Cα bonded to ring –NH2+ (protonated secondary amine) and to the carbonyl carbon of the carboxyl group."",
    ""uncertainty"": ""medium""
  },
  {
    ""atom_type"": 296,
    ""element"": ""C"",
    ""chemical_environment"": ""C-delta methylene in N-terminal proline ring adjacent to protonated ring nitrogen"",
    ""functional_group"": ""aliphatic ring carbon alpha to ammonium (proline, N-terminus)"",
    ""hybridization"": ""sp3"",
    ""example_molecule_smiles"": ""[NH2+]1CCCC[C@H]1C(=O)O"",
    ""group_smarts"": ""[CH2;R]-[N+H2;R]"",
    ""atom_specific_smarts"": ""[CH2;R]-[N+H2;R]"",
    ""description"": ""Proline ring CH2 (Cδ) directly bonded within the ring and adjacent to protonated ring nitrogen (–NH2+)."",
    ""uncertainty"": ""medium""
  },
  {
    ""atom_type"": 297,
    ""element"": ""C"",
    ""chemical_environment"": ""methyl carbon attached to a protonated secondary ammonium (–NH2+–R)"",
    ""functional_group"": ""alkyl adjacent to protonated secondary amine"",
    ""hybridization"": ""sp3"",
    ""example_molecule_smiles"": ""C[NH2+]C"",
    ""group_smarts"": ""[C;X4]-[N+H2]-[#6]"",
    ""atom_specific_smarts"": ""[CH3]-[N+H2]-[#6]"",
    ""description"": ""CH3 bound to –NH2+–R (protonated secondary amine)."",
    ""uncertainty"": ""low""
  },
  {
    ""atom_type"": 298,
    ""element"": ""C"",
    ""chemical_environment"": ""C-alpha of glycine in the zwitterion (attached to NH3+ and COO−)"",
    ""functional_group"": ""amino acid C-alpha (Gly, zwitterion)"",
    ""hybridization"": ""sp3"",
    ""example_molecule_smiles"": ""[NH3+]CC(=O)[O-]"",
    ""group_smarts"": ""[C;X4]([N+H3])[C;X3](=O)[O-]"",
    ""atom_specific_smarts"": ""[CH2]([N+H3])[C;X3](=O)[O-]"",
    ""description"": ""Glycine Cα (CH2) bonded to –NH3+ and to the carboxylate carbonyl (COO−)."",
    ""uncertainty"": ""low""
  },
  {
    ""atom_type"": 299,
    ""element"": ""C"",
    ""chemical_environment"": ""C-alpha of alanine in the zwitterion (attached to NH3+, CH3 side chain, and COO−)"",
    ""functional_group"": ""amino acid C-alpha (Ala, zwitterion)"",
    ""hybridization"": ""sp3"",
    ""example_molecule_smiles"": ""[NH3+]C(C)C(=O)[O-]"",
    ""group_smarts"": ""[C;X4]([N+H3])[C;X3](=O)[O-]"",
    ""atom_specific_smarts"": ""[CH]([N+H3])([CH3])[C;X3](=O)[O-]"",
    ""description"": ""Alanine Cα (CH) bonded to –NH3+, a methyl side chain, and the carboxylate carbonyl (COO−)."",
    ""uncertainty"": ""low""
  }
]"
276,-0.1,"C  - CT   | C: C, carboxylate ion",12.011,oplsaa.lt,C,6,"Convert the following OPLS-AA atom type rows:

Atom Type Data:
- Atom index: 267
- Force field raw info: C  - C~   | Co in CCOOH carboxylic acid
- Partial charge: 0.52
- Atomic mass: 12.011
- Element guess: C
- Atomic number: 6
- Source file: oplsaa.lt


Atom Type Data:
- Atom index: 271
- Force field raw info: C  - C~   | C in COO- carboxylate
- Partial charge: 0.7
- Atomic mass: 12.011
- Element guess: C
- Atomic number: 6
- Source file: oplsaa.lt


Atom Type Data:
- Atom index: 273
- Force field raw info: C  - CT   | C: CH3, carboxylate ion
- Partial charge: -0.28
- Atomic mass: 12.011
- Element guess: C
- Atomic number: 6
- Source file: oplsaa.lt


Atom Type Data:
- Atom index: 274
- Force field raw info: C  - CT   | C: CH2, carboxylate ion
- Partial charge: -0.22
- Atomic mass: 12.011
- Element guess: C
- Atomic number: 6
- Source file: oplsaa.lt


Atom Type Data:
- Atom index: 275
- Force field raw info: C  - CT   | C: CH, carboxylate ion
- Partial charge: -0.16
- Atomic mass: 12.011
- Element guess: C
- Atomic number: 6
- Source file: oplsaa.lt


Atom Type Data:
- Atom index: 276
- Force field raw info: C  - CT   | C: C, carboxylate ion
- Partial charge: -0.1
- Atomic mass: 12.011
- Element guess: C
- Atomic number: 6
- Source file: oplsaa.lt


Atom Type Data:
- Atom index: 277
- Force field raw info: C  - C~   | AA C: aldehyde & acyl halide - for C-alpha use
- Partial charge: 0.45
- Atomic mass: 12.011
- Element guess: C
- Atomic number: 6
- Source file: oplsaa.lt


Atom Type Data:
- Atom index: 280
- Force field raw info: C  - C~   | AA C: ketone - for C-alpha use
- Partial charge: 0.47
- Atomic mass: 12.011
- Element guess: C
- Atomic number: 6
- Source file: oplsaa.lt


Atom Type Data:
- Atom index: 283
- Force field raw info: C  - CT   | AA C-alpha on C-terminal ALA
- Partial charge: 0.04
- Atomic mass: 12.011
- Element guess: C
- Atomic number: 6
- Source file: oplsaa.lt


Atom Type Data:
- Atom index: 284
- Force field raw info: C  - CT   | AA C-alpha on C-terminal GLY
- Partial charge: -0.02
- Atomic mass: 12.011
- Element guess: C
- Atomic number: 6
- Source file: oplsaa.lt


Atom Type Data:
- Atom index: 285
- Force field raw info: C  - CT   | AA C-alpha on C-terminal PRO
- Partial charge: -0.09
- Atomic mass: 12.011
- Element guess: C
- Atomic number: 6
- Source file: oplsaa.lt


Atom Type Data:
- Atom index: 291
- Force field raw info: C  - CT   | C in CH3NH3+
- Partial charge: 0.13
- Atomic mass: 12.011
- Element guess: C
- Atomic number: 6
- Source file: oplsaa.lt


Atom Type Data:
- Atom index: 292
- Force field raw info: C  - CT   | C in RCH2NH3+ & CA in N-term Gly
- Partial charge: 0.19
- Atomic mass: 12.011
- Element guess: C
- Atomic number: 6
- Source file: oplsaa.lt


Atom Type Data:
- Atom index: 293
- Force field raw info: C  - CT   | C in R2CHNH3+ & CA in N-term Ala, etc.
- Partial charge: 0.25
- Atomic mass: 12.011
- Element guess: C
- Atomic number: 6
- Source file: oplsaa.lt


Atom Type Data:
- Atom index: 294
- Force field raw info: C  - CT   | C in R3CNH3+
- Partial charge: 0.31
- Atomic mass: 12.011
- Element guess: C
- Atomic number: 6
- Source file: oplsaa.lt


Atom Type Data:
- Atom index: 295
- Force field raw info: C  - CT   | AA:C-alpha in N-term PRO
- Partial charge: 0.23
- Atomic mass: 12.011
- Element guess: C
- Atomic number: 6
- Source file: oplsaa.lt


Atom Type Data:
- Atom index: 296
- Force field raw info: C  - CT   | AA:C-delta in N-term PRO
- Partial charge: 0.17
- Atomic mass: 12.011
- Element guess: C
- Atomic number: 6
- Source file: oplsaa.lt


Atom Type Data:
- Atom index: 297
- Force field raw info: C  - CT   | CT in CH3NH2+R
- Partial charge: 0.11
- Atomic mass: 12.011
- Element guess: C
- Atomic number: 6
- Source file: oplsaa.lt


Atom Type Data:
- Atom index: 298
- Force field raw info: C  - CT   | AA C-alpha in Gly zwitterion
- Partial charge: 0.09
- Atomic mass: 12.011
- Element guess: C
- Atomic number: 6
- Source file: oplsaa.lt


Atom Type Data:
- Atom index: 299
- Force field raw info: C  - CT   | AA C-alpha in Ala zwitterion
- Partial charge: 0.15
- Atomic mass: 12.011
- Element guess: C
- Atomic number: 6
- Source file: oplsaa.lt
","[
  {
    ""atom_type"": 267,
    ""element"": ""C"",
    ""chemical_environment"": ""carbonyl carbon in a carboxylic acid attached to hydroxyl O-H and an alkyl carbon"",
    ""functional_group"": ""carboxylic acid carbonyl carbon"",
    ""hybridization"": ""sp2"",
    ""example_molecule_smiles"": ""CC(=O)O"",
    ""group_smarts"": ""[C;X3](=O)[OX1H]"",
    ""atom_specific_smarts"": ""[C;X3](=O)([OX1H])[#6]"",
    ""description"": ""C=O carbon of R-COOH; neighbors are one hydroxyl oxygen and one alpha carbon (R)."",
    ""uncertainty"": ""low""
  },
  {
    ""atom_type"": 271,
    ""element"": ""C"",
    ""chemical_environment"": ""carbonyl carbon in a carboxylate anion attached to an alkyl carbon and an anionic oxygen"",
    ""functional_group"": ""carboxylate carbonyl carbon"",
    ""hybridization"": ""sp2"",
    ""example_molecule_smiles"": ""CC(=O)[O-]"",
    ""group_smarts"": ""[C;X3](=O)[O-]"",
    ""atom_specific_smarts"": ""[C;X3](=O)([O-])[#6]"",
    ""description"": ""C=O carbon of R-COO−; neighbors are one anionic oxygen and one alpha carbon (R)."",
    ""uncertainty"": ""low""
  },
  {
    ""atom_type"": 273,
    ""element"": ""C"",
    ""chemical_environment"": ""methyl carbon alpha to a carboxylate group"",
    ""functional_group"": ""alpha-carbon to carboxylate (CH3)"",
    ""hybridization"": ""sp3"",
    ""example_molecule_smiles"": ""CC(=O)[O-]"",
    ""group_smarts"": ""[C;X4]-[C;X3](=O)[O-]"",
    ""atom_specific_smarts"": ""[CH3;X4]-[C;X3](=O)[O-]"",
    ""description"": ""CH3 alpha carbon directly bonded to a carboxylate carbonyl carbon in R-COO− (e.g., acetate)."",
    ""uncertainty"": ""low""
  },
  {
    ""atom_type"": 274,
    ""element"": ""C"",
    ""chemical_environment"": ""methylene carbon alpha to a carboxylate group"",
    ""functional_group"": ""alpha-carbon to carboxylate (CH2)"",
    ""hybridization"": ""sp3"",
    ""example_molecule_smiles"": ""CCC(=O)[O-]"",
    ""group_smarts"": ""[C;X4]-[C;X3](=O)[O-]"",
    ""atom_specific_smarts"": ""[CH2;X4]-[C;X3](=O)[O-]"",
    ""description"": ""CH2 alpha carbon directly bonded to a carboxylate carbonyl carbon in R-CH2-COO− (e.g., propionate)."",
    ""uncertainty"": ""low""
  },
  {
    ""atom_type"": 275,
    ""element"": ""C"",
    ""chemical_environment"": ""tertiary (CH) carbon alpha to a carboxylate group"",
    ""functional_group"": ""alpha-carbon to carboxylate (CH)"",
    ""hybridization"": ""sp3"",
    ""example_molecule_smiles"": ""CC(C)C(=O)[O-]"",
    ""group_smarts"": ""[C;X4]-[C;X3](=O)[O-]"",
    ""atom_specific_smarts"": ""[CH;X4]-[C;X3](=O)[O-]"",
    ""description"": ""Tertiary CH alpha carbon bonded to a carboxylate carbonyl carbon (e.g., isobutyrate)."",
    ""uncertainty"": ""low""
  },
  {
    ""atom_type"": 276,
    ""element"": ""C"",
    ""chemical_environment"": ""quaternary carbon (no H) alpha to a carboxylate group"",
    ""functional_group"": ""alpha-carbon to carboxylate (C, H0)"",
    ""hybridization"": ""sp3"",
    ""example_molecule_smiles"": ""CC(C)(C)C(=O)[O-]"",
    ""group_smarts"": ""[C;X4]-[C;X3](=O)[O-]"",
    ""atom_specific_smarts"": ""[C;X4;H0]-[C;X3](=O)[O-]"",
    ""description"": ""Quaternary alpha carbon (no hydrogens) directly bonded to a carboxylate carbonyl carbon (e.g., pivalate)."",
    ""uncertainty"": ""low""
  },
  {
    ""atom_type"": 277,
    ""element"": ""C"",
    ""chemical_environment"": ""carbonyl carbon of an aldehyde or acyl halide"",
    ""functional_group"": ""aldehyde or acyl halide carbonyl carbon"",
    ""hybridization"": ""sp2"",
    ""example_molecule_smiles"": ""CC(=O)Cl"",
    ""group_smarts"": ""[C;X3](=O)[H,F,Cl,Br,I]"",
    ""atom_specific_smarts"": ""[$([C;X3H1](=O)[#6]),$([C;X3](=O)[F,Cl,Br,I])]"",
    ""description"": ""C=O carbon where the non-carbonyl substituent is H (aldehyde) or a halogen (acyl halide); used when defining C-alpha environments."",
    ""uncertainty"": ""low""
  },
  {
    ""atom_type"": 280,
    ""element"": ""C"",
    ""chemical_environment"": ""carbonyl carbon of a ketone (bound to two carbons)"",
    ""functional_group"": ""ketone carbonyl carbon"",
    ""hybridization"": ""sp2"",
    ""example_molecule_smiles"": ""CC(=O)C"",
    ""group_smarts"": ""[C;X3](=O)([#6])[#6]"",
    ""atom_specific_smarts"": ""[C;X3](=O)([#6])[#6]"",
    ""description"": ""C=O carbon with both single-bond substituents being carbon (R-CO-R′)."",
    ""uncertainty"": ""low""
  },
  {
    ""atom_type"": 283,
    ""element"": ""C"",
    ""chemical_environment"": ""C-alpha of a C-terminal alanine residue (attached to backbone N, side-chain CH3, and terminal carboxyl group)"",
    ""functional_group"": ""amino acid C-alpha at C-terminus (Ala)"",
    ""hybridization"": ""sp3"",
    ""example_molecule_smiles"": ""NC(C)C(=O)[O-]"",
    ""group_smarts"": ""[C;X4]([N;X3])[C;X3](=O)[$([O-]),$([OX1H])]"",
    ""atom_specific_smarts"": ""[CH]([N;X3])([CH3])[C;X3](=O)[$([O-]),$([OX1H])]"",
    ""description"": ""Alanine Cα bonded to backbone N, a methyl side chain, and the C-terminal carboxyl (COO−/COOH)."",
    ""uncertainty"": ""medium""
  },
  {
    ""atom_type"": 284,
    ""element"": ""C"",
    ""chemical_environment"": ""C-alpha of a C-terminal glycine residue (attached to backbone N and terminal carboxyl; side chain is H)"",
    ""functional_group"": ""amino acid C-alpha at C-terminus (Gly)"",
    ""hybridization"": ""sp3"",
    ""example_molecule_smiles"": ""NCC(=O)[O-]"",
    ""group_smarts"": ""[C;X4]([N;X3])[C;X3](=O)[$([O-]),$([OX1H])]"",
    ""atom_specific_smarts"": ""[CH2]([N;X3])[C;X3](=O)[$([O-]),$([OX1H])]"",
    ""description"": ""Glycine Cα (CH2) bonded to backbone N and the C-terminal carboxyl (COO−/COOH)."",
    ""uncertainty"": ""medium""
  },
  {
    ""atom_type"": 285,
    ""element"": ""C"",
    ""chemical_environment"": ""C-alpha of a C-terminal proline residue (attached to ring amide N and terminal carboxyl)"",
    ""functional_group"": ""amino acid C-alpha at C-terminus (Pro)"",
    ""hybridization"": ""sp3"",
    ""example_molecule_smiles"": ""N1CCC[C@H]1C(=O)[O-]"",
    ""group_smarts"": ""[C;X4]([N;X3;R])[C;X3](=O)[$([O-]),$([OX1H])]"",
    ""atom_specific_smarts"": ""[CH]([N;X3;R;H1])[C;X3](=O)[$([O-]),$([OX1H])]"",
    ""description"": ""Proline Cα bonded to a ring amide nitrogen (in the pyrrolidine ring) and the C-terminal carboxyl (COO−/COOH)."",
    ""uncertainty"": ""medium""
  },
  {
    ""atom_type"": 291,
    ""element"": ""C"",
    ""chemical_environment"": ""methyl carbon directly bonded to a primary ammonium (NH3+)"",
    ""functional_group"": ""alkyl adjacent to protonated primary amine"",
    ""hybridization"": ""sp3"",
    ""example_molecule_smiles"": ""C[NH3+]"",
    ""group_smarts"": ""[C;X4]-[N+H3]"",
    ""atom_specific_smarts"": ""[CH3]-[N+H3]"",
    ""description"": ""Terminal CH3 bound to an –NH3+ group (methylammonium)."",
    ""uncertainty"": ""low""
  },
  {
    ""atom_type"": 292,
    ""element"": ""C"",
    ""chemical_environment"": ""methylene carbon directly bonded to a primary ammonium (NH3+); also matches Gly C-alpha at N-terminus"",
    ""functional_group"": ""alkyl adjacent to protonated primary amine"",
    ""hybridization"": ""sp3"",
    ""example_molecule_smiles"": ""CC[NH3+]"",
    ""group_smarts"": ""[C;X4]-[N+H3]"",
    ""atom_specific_smarts"": ""[CH2]-[N+H3]"",
    ""description"": ""CH2 attached to –NH3+ (e.g., ethylammonium) and covers Gly Cα at the N-terminus (–CH2–NH3+)."",
    ""uncertainty"": ""low""
  },
  {
    ""atom_type"": 293,
    ""element"": ""C"",
    ""chemical_environment"": ""tertiary (CH) carbon directly bonded to a primary ammonium (NH3+)"",
    ""functional_group"": ""alkyl adjacent to protonated primary amine"",
    ""hybridization"": ""sp3"",
    ""example_molecule_smiles"": ""CC(C)[NH3+]"",
    ""group_smarts"": ""[C;X4]-[N+H3]"",
    ""atom_specific_smarts"": ""[CH]-[N+H3]"",
    ""description"": ""Tertiary CH bound to –NH3+ (e.g., isopropylammonium)."",
    ""uncertainty"": ""low""
  },
  {
    ""atom_type"": 294,
    ""element"": ""C"",
    ""chemical_environment"": ""quaternary carbon (no H) directly bonded to a primary ammonium (NH3+)"",
    ""functional_group"": ""alkyl adjacent to protonated primary amine"",
    ""hybridization"": ""sp3"",
    ""example_molecule_smiles"": ""C(C)(C)C[NH3+]"",
    ""group_smarts"": ""[C;X4]-[N+H3]"",
    ""atom_specific_smarts"": ""[C;X4;H0]-[N+H3]"",
    ""description"": ""Quaternary carbon (no hydrogens) adjacent to –NH3+ (e.g., t-butylammonium)."",
    ""uncertainty"": ""low""
  },
  {
    ""atom_type"": 295,
    ""element"": ""C"",
    ""chemical_environment"": ""C-alpha of N-terminal proline (attached to protonated ring nitrogen [NH2+] and backbone carbonyl)"",
    ""functional_group"": ""amino acid C-alpha at N-terminus (Pro, protonated)"",
    ""hybridization"": ""sp3"",
    ""example_molecule_smiles"": ""[NH2+]1CCCC[C@H]1C(=O)O"",
    ""group_smarts"": ""[C;X4]([N+H2;R])[C;X3](=O)[$([O-]),$([OX1H])]"",
    ""atom_specific_smarts"": ""[CH]([N+H2;R])[C;X3](=O)[$([O-]),$([OX1H])]"",
    ""description"": ""Proline Cα bonded to ring –NH2+ (protonated secondary amine) and to the carbonyl carbon of the carboxyl group."",
    ""uncertainty"": ""medium""
  },
  {
    ""atom_type"": 296,
    ""element"": ""C"",
    ""chemical_environment"": ""C-delta methylene in N-terminal proline ring adjacent to protonated ring nitrogen"",
    ""functional_group"": ""aliphatic ring carbon alpha to ammonium (proline, N-terminus)"",
    ""hybridization"": ""sp3"",
    ""example_molecule_smiles"": ""[NH2+]1CCCC[C@H]1C(=O)O"",
    ""group_smarts"": ""[CH2;R]-[N+H2;R]"",
    ""atom_specific_smarts"": ""[CH2;R]-[N+H2;R]"",
    ""description"": ""Proline ring CH2 (Cδ) directly bonded within the ring and adjacent to protonated ring nitrogen (–NH2+)."",
    ""uncertainty"": ""medium""
  },
  {
    ""atom_type"": 297,
    ""element"": ""C"",
    ""chemical_environment"": ""methyl carbon attached to a protonated secondary ammonium (–NH2+–R)"",
    ""functional_group"": ""alkyl adjacent to protonated secondary amine"",
    ""hybridization"": ""sp3"",
    ""example_molecule_smiles"": ""C[NH2+]C"",
    ""group_smarts"": ""[C;X4]-[N+H2]-[#6]"",
    ""atom_specific_smarts"": ""[CH3]-[N+H2]-[#6]"",
    ""description"": ""CH3 bound to –NH2+–R (protonated secondary amine)."",
    ""uncertainty"": ""low""
  },
  {
    ""atom_type"": 298,
    ""element"": ""C"",
    ""chemical_environment"": ""C-alpha of glycine in the zwitterion (attached to NH3+ and COO−)"",
    ""functional_group"": ""amino acid C-alpha (Gly, zwitterion)"",
    ""hybridization"": ""sp3"",
    ""example_molecule_smiles"": ""[NH3+]CC(=O)[O-]"",
    ""group_smarts"": ""[C;X4]([N+H3])[C;X3](=O)[O-]"",
    ""atom_specific_smarts"": ""[CH2]([N+H3])[C;X3](=O)[O-]"",
    ""description"": ""Glycine Cα (CH2) bonded to –NH3+ and to the carboxylate carbonyl (COO−)."",
    ""uncertainty"": ""low""
  },
  {
    ""atom_type"": 299,
    ""element"": ""C"",
    ""chemical_environment"": ""C-alpha of alanine in the zwitterion (attached to NH3+, CH3 side chain, and COO−)"",
    ""functional_group"": ""amino acid C-alpha (Ala, zwitterion)"",
    ""hybridization"": ""sp3"",
    ""example_molecule_smiles"": ""[NH3+]C(C)C(=O)[O-]"",
    ""group_smarts"": ""[C;X4]([N+H3])[C;X3](=O)[O-]"",
    ""atom_specific_smarts"": ""[CH]([N+H3])([CH3])[C;X3](=O)[O-]"",
    ""description"": ""Alanine Cα (CH) bonded to –NH3+, a methyl side chain, and the carboxylate carbonyl (COO−)."",
    ""uncertainty"": ""low""
  }
]"
277,0.45,C  - C~   | AA C: aldehyde & acyl halide - for C-alpha use,12.011,oplsaa.lt,C,6,"Convert the following OPLS-AA atom type rows:

Atom Type Data:
- Atom index: 267
- Force field raw info: C  - C~   | Co in CCOOH carboxylic acid
- Partial charge: 0.52
- Atomic mass: 12.011
- Element guess: C
- Atomic number: 6
- Source file: oplsaa.lt


Atom Type Data:
- Atom index: 271
- Force field raw info: C  - C~   | C in COO- carboxylate
- Partial charge: 0.7
- Atomic mass: 12.011
- Element guess: C
- Atomic number: 6
- Source file: oplsaa.lt


Atom Type Data:
- Atom index: 273
- Force field raw info: C  - CT   | C: CH3, carboxylate ion
- Partial charge: -0.28
- Atomic mass: 12.011
- Element guess: C
- Atomic number: 6
- Source file: oplsaa.lt


Atom Type Data:
- Atom index: 274
- Force field raw info: C  - CT   | C: CH2, carboxylate ion
- Partial charge: -0.22
- Atomic mass: 12.011
- Element guess: C
- Atomic number: 6
- Source file: oplsaa.lt


Atom Type Data:
- Atom index: 275
- Force field raw info: C  - CT   | C: CH, carboxylate ion
- Partial charge: -0.16
- Atomic mass: 12.011
- Element guess: C
- Atomic number: 6
- Source file: oplsaa.lt


Atom Type Data:
- Atom index: 276
- Force field raw info: C  - CT   | C: C, carboxylate ion
- Partial charge: -0.1
- Atomic mass: 12.011
- Element guess: C
- Atomic number: 6
- Source file: oplsaa.lt


Atom Type Data:
- Atom index: 277
- Force field raw info: C  - C~   | AA C: aldehyde & acyl halide - for C-alpha use
- Partial charge: 0.45
- Atomic mass: 12.011
- Element guess: C
- Atomic number: 6
- Source file: oplsaa.lt


Atom Type Data:
- Atom index: 280
- Force field raw info: C  - C~   | AA C: ketone - for C-alpha use
- Partial charge: 0.47
- Atomic mass: 12.011
- Element guess: C
- Atomic number: 6
- Source file: oplsaa.lt


Atom Type Data:
- Atom index: 283
- Force field raw info: C  - CT   | AA C-alpha on C-terminal ALA
- Partial charge: 0.04
- Atomic mass: 12.011
- Element guess: C
- Atomic number: 6
- Source file: oplsaa.lt


Atom Type Data:
- Atom index: 284
- Force field raw info: C  - CT   | AA C-alpha on C-terminal GLY
- Partial charge: -0.02
- Atomic mass: 12.011
- Element guess: C
- Atomic number: 6
- Source file: oplsaa.lt


Atom Type Data:
- Atom index: 285
- Force field raw info: C  - CT   | AA C-alpha on C-terminal PRO
- Partial charge: -0.09
- Atomic mass: 12.011
- Element guess: C
- Atomic number: 6
- Source file: oplsaa.lt


Atom Type Data:
- Atom index: 291
- Force field raw info: C  - CT   | C in CH3NH3+
- Partial charge: 0.13
- Atomic mass: 12.011
- Element guess: C
- Atomic number: 6
- Source file: oplsaa.lt


Atom Type Data:
- Atom index: 292
- Force field raw info: C  - CT   | C in RCH2NH3+ & CA in N-term Gly
- Partial charge: 0.19
- Atomic mass: 12.011
- Element guess: C
- Atomic number: 6
- Source file: oplsaa.lt


Atom Type Data:
- Atom index: 293
- Force field raw info: C  - CT   | C in R2CHNH3+ & CA in N-term Ala, etc.
- Partial charge: 0.25
- Atomic mass: 12.011
- Element guess: C
- Atomic number: 6
- Source file: oplsaa.lt


Atom Type Data:
- Atom index: 294
- Force field raw info: C  - CT   | C in R3CNH3+
- Partial charge: 0.31
- Atomic mass: 12.011
- Element guess: C
- Atomic number: 6
- Source file: oplsaa.lt


Atom Type Data:
- Atom index: 295
- Force field raw info: C  - CT   | AA:C-alpha in N-term PRO
- Partial charge: 0.23
- Atomic mass: 12.011
- Element guess: C
- Atomic number: 6
- Source file: oplsaa.lt


Atom Type Data:
- Atom index: 296
- Force field raw info: C  - CT   | AA:C-delta in N-term PRO
- Partial charge: 0.17
- Atomic mass: 12.011
- Element guess: C
- Atomic number: 6
- Source file: oplsaa.lt


Atom Type Data:
- Atom index: 297
- Force field raw info: C  - CT   | CT in CH3NH2+R
- Partial charge: 0.11
- Atomic mass: 12.011
- Element guess: C
- Atomic number: 6
- Source file: oplsaa.lt


Atom Type Data:
- Atom index: 298
- Force field raw info: C  - CT   | AA C-alpha in Gly zwitterion
- Partial charge: 0.09
- Atomic mass: 12.011
- Element guess: C
- Atomic number: 6
- Source file: oplsaa.lt


Atom Type Data:
- Atom index: 299
- Force field raw info: C  - CT   | AA C-alpha in Ala zwitterion
- Partial charge: 0.15
- Atomic mass: 12.011
- Element guess: C
- Atomic number: 6
- Source file: oplsaa.lt
","[
  {
    ""atom_type"": 267,
    ""element"": ""C"",
    ""chemical_environment"": ""carbonyl carbon in a carboxylic acid attached to hydroxyl O-H and an alkyl carbon"",
    ""functional_group"": ""carboxylic acid carbonyl carbon"",
    ""hybridization"": ""sp2"",
    ""example_molecule_smiles"": ""CC(=O)O"",
    ""group_smarts"": ""[C;X3](=O)[OX1H]"",
    ""atom_specific_smarts"": ""[C;X3](=O)([OX1H])[#6]"",
    ""description"": ""C=O carbon of R-COOH; neighbors are one hydroxyl oxygen and one alpha carbon (R)."",
    ""uncertainty"": ""low""
  },
  {
    ""atom_type"": 271,
    ""element"": ""C"",
    ""chemical_environment"": ""carbonyl carbon in a carboxylate anion attached to an alkyl carbon and an anionic oxygen"",
    ""functional_group"": ""carboxylate carbonyl carbon"",
    ""hybridization"": ""sp2"",
    ""example_molecule_smiles"": ""CC(=O)[O-]"",
    ""group_smarts"": ""[C;X3](=O)[O-]"",
    ""atom_specific_smarts"": ""[C;X3](=O)([O-])[#6]"",
    ""description"": ""C=O carbon of R-COO−; neighbors are one anionic oxygen and one alpha carbon (R)."",
    ""uncertainty"": ""low""
  },
  {
    ""atom_type"": 273,
    ""element"": ""C"",
    ""chemical_environment"": ""methyl carbon alpha to a carboxylate group"",
    ""functional_group"": ""alpha-carbon to carboxylate (CH3)"",
    ""hybridization"": ""sp3"",
    ""example_molecule_smiles"": ""CC(=O)[O-]"",
    ""group_smarts"": ""[C;X4]-[C;X3](=O)[O-]"",
    ""atom_specific_smarts"": ""[CH3;X4]-[C;X3](=O)[O-]"",
    ""description"": ""CH3 alpha carbon directly bonded to a carboxylate carbonyl carbon in R-COO− (e.g., acetate)."",
    ""uncertainty"": ""low""
  },
  {
    ""atom_type"": 274,
    ""element"": ""C"",
    ""chemical_environment"": ""methylene carbon alpha to a carboxylate group"",
    ""functional_group"": ""alpha-carbon to carboxylate (CH2)"",
    ""hybridization"": ""sp3"",
    ""example_molecule_smiles"": ""CCC(=O)[O-]"",
    ""group_smarts"": ""[C;X4]-[C;X3](=O)[O-]"",
    ""atom_specific_smarts"": ""[CH2;X4]-[C;X3](=O)[O-]"",
    ""description"": ""CH2 alpha carbon directly bonded to a carboxylate carbonyl carbon in R-CH2-COO− (e.g., propionate)."",
    ""uncertainty"": ""low""
  },
  {
    ""atom_type"": 275,
    ""element"": ""C"",
    ""chemical_environment"": ""tertiary (CH) carbon alpha to a carboxylate group"",
    ""functional_group"": ""alpha-carbon to carboxylate (CH)"",
    ""hybridization"": ""sp3"",
    ""example_molecule_smiles"": ""CC(C)C(=O)[O-]"",
    ""group_smarts"": ""[C;X4]-[C;X3](=O)[O-]"",
    ""atom_specific_smarts"": ""[CH;X4]-[C;X3](=O)[O-]"",
    ""description"": ""Tertiary CH alpha carbon bonded to a carboxylate carbonyl carbon (e.g., isobutyrate)."",
    ""uncertainty"": ""low""
  },
  {
    ""atom_type"": 276,
    ""element"": ""C"",
    ""chemical_environment"": ""quaternary carbon (no H) alpha to a carboxylate group"",
    ""functional_group"": ""alpha-carbon to carboxylate (C, H0)"",
    ""hybridization"": ""sp3"",
    ""example_molecule_smiles"": ""CC(C)(C)C(=O)[O-]"",
    ""group_smarts"": ""[C;X4]-[C;X3](=O)[O-]"",
    ""atom_specific_smarts"": ""[C;X4;H0]-[C;X3](=O)[O-]"",
    ""description"": ""Quaternary alpha carbon (no hydrogens) directly bonded to a carboxylate carbonyl carbon (e.g., pivalate)."",
    ""uncertainty"": ""low""
  },
  {
    ""atom_type"": 277,
    ""element"": ""C"",
    ""chemical_environment"": ""carbonyl carbon of an aldehyde or acyl halide"",
    ""functional_group"": ""aldehyde or acyl halide carbonyl carbon"",
    ""hybridization"": ""sp2"",
    ""example_molecule_smiles"": ""CC(=O)Cl"",
    ""group_smarts"": ""[C;X3](=O)[H,F,Cl,Br,I]"",
    ""atom_specific_smarts"": ""[$([C;X3H1](=O)[#6]),$([C;X3](=O)[F,Cl,Br,I])]"",
    ""description"": ""C=O carbon where the non-carbonyl substituent is H (aldehyde) or a halogen (acyl halide); used when defining C-alpha environments."",
    ""uncertainty"": ""low""
  },
  {
    ""atom_type"": 280,
    ""element"": ""C"",
    ""chemical_environment"": ""carbonyl carbon of a ketone (bound to two carbons)"",
    ""functional_group"": ""ketone carbonyl carbon"",
    ""hybridization"": ""sp2"",
    ""example_molecule_smiles"": ""CC(=O)C"",
    ""group_smarts"": ""[C;X3](=O)([#6])[#6]"",
    ""atom_specific_smarts"": ""[C;X3](=O)([#6])[#6]"",
    ""description"": ""C=O carbon with both single-bond substituents being carbon (R-CO-R′)."",
    ""uncertainty"": ""low""
  },
  {
    ""atom_type"": 283,
    ""element"": ""C"",
    ""chemical_environment"": ""C-alpha of a C-terminal alanine residue (attached to backbone N, side-chain CH3, and terminal carboxyl group)"",
    ""functional_group"": ""amino acid C-alpha at C-terminus (Ala)"",
    ""hybridization"": ""sp3"",
    ""example_molecule_smiles"": ""NC(C)C(=O)[O-]"",
    ""group_smarts"": ""[C;X4]([N;X3])[C;X3](=O)[$([O-]),$([OX1H])]"",
    ""atom_specific_smarts"": ""[CH]([N;X3])([CH3])[C;X3](=O)[$([O-]),$([OX1H])]"",
    ""description"": ""Alanine Cα bonded to backbone N, a methyl side chain, and the C-terminal carboxyl (COO−/COOH)."",
    ""uncertainty"": ""medium""
  },
  {
    ""atom_type"": 284,
    ""element"": ""C"",
    ""chemical_environment"": ""C-alpha of a C-terminal glycine residue (attached to backbone N and terminal carboxyl; side chain is H)"",
    ""functional_group"": ""amino acid C-alpha at C-terminus (Gly)"",
    ""hybridization"": ""sp3"",
    ""example_molecule_smiles"": ""NCC(=O)[O-]"",
    ""group_smarts"": ""[C;X4]([N;X3])[C;X3](=O)[$([O-]),$([OX1H])]"",
    ""atom_specific_smarts"": ""[CH2]([N;X3])[C;X3](=O)[$([O-]),$([OX1H])]"",
    ""description"": ""Glycine Cα (CH2) bonded to backbone N and the C-terminal carboxyl (COO−/COOH)."",
    ""uncertainty"": ""medium""
  },
  {
    ""atom_type"": 285,
    ""element"": ""C"",
    ""chemical_environment"": ""C-alpha of a C-terminal proline residue (attached to ring amide N and terminal carboxyl)"",
    ""functional_group"": ""amino acid C-alpha at C-terminus (Pro)"",
    ""hybridization"": ""sp3"",
    ""example_molecule_smiles"": ""N1CCC[C@H]1C(=O)[O-]"",
    ""group_smarts"": ""[C;X4]([N;X3;R])[C;X3](=O)[$([O-]),$([OX1H])]"",
    ""atom_specific_smarts"": ""[CH]([N;X3;R;H1])[C;X3](=O)[$([O-]),$([OX1H])]"",
    ""description"": ""Proline Cα bonded to a ring amide nitrogen (in the pyrrolidine ring) and the C-terminal carboxyl (COO−/COOH)."",
    ""uncertainty"": ""medium""
  },
  {
    ""atom_type"": 291,
    ""element"": ""C"",
    ""chemical_environment"": ""methyl carbon directly bonded to a primary ammonium (NH3+)"",
    ""functional_group"": ""alkyl adjacent to protonated primary amine"",
    ""hybridization"": ""sp3"",
    ""example_molecule_smiles"": ""C[NH3+]"",
    ""group_smarts"": ""[C;X4]-[N+H3]"",
    ""atom_specific_smarts"": ""[CH3]-[N+H3]"",
    ""description"": ""Terminal CH3 bound to an –NH3+ group (methylammonium)."",
    ""uncertainty"": ""low""
  },
  {
    ""atom_type"": 292,
    ""element"": ""C"",
    ""chemical_environment"": ""methylene carbon directly bonded to a primary ammonium (NH3+); also matches Gly C-alpha at N-terminus"",
    ""functional_group"": ""alkyl adjacent to protonated primary amine"",
    ""hybridization"": ""sp3"",
    ""example_molecule_smiles"": ""CC[NH3+]"",
    ""group_smarts"": ""[C;X4]-[N+H3]"",
    ""atom_specific_smarts"": ""[CH2]-[N+H3]"",
    ""description"": ""CH2 attached to –NH3+ (e.g., ethylammonium) and covers Gly Cα at the N-terminus (–CH2–NH3+)."",
    ""uncertainty"": ""low""
  },
  {
    ""atom_type"": 293,
    ""element"": ""C"",
    ""chemical_environment"": ""tertiary (CH) carbon directly bonded to a primary ammonium (NH3+)"",
    ""functional_group"": ""alkyl adjacent to protonated primary amine"",
    ""hybridization"": ""sp3"",
    ""example_molecule_smiles"": ""CC(C)[NH3+]"",
    ""group_smarts"": ""[C;X4]-[N+H3]"",
    ""atom_specific_smarts"": ""[CH]-[N+H3]"",
    ""description"": ""Tertiary CH bound to –NH3+ (e.g., isopropylammonium)."",
    ""uncertainty"": ""low""
  },
  {
    ""atom_type"": 294,
    ""element"": ""C"",
    ""chemical_environment"": ""quaternary carbon (no H) directly bonded to a primary ammonium (NH3+)"",
    ""functional_group"": ""alkyl adjacent to protonated primary amine"",
    ""hybridization"": ""sp3"",
    ""example_molecule_smiles"": ""C(C)(C)C[NH3+]"",
    ""group_smarts"": ""[C;X4]-[N+H3]"",
    ""atom_specific_smarts"": ""[C;X4;H0]-[N+H3]"",
    ""description"": ""Quaternary carbon (no hydrogens) adjacent to –NH3+ (e.g., t-butylammonium)."",
    ""uncertainty"": ""low""
  },
  {
    ""atom_type"": 295,
    ""element"": ""C"",
    ""chemical_environment"": ""C-alpha of N-terminal proline (attached to protonated ring nitrogen [NH2+] and backbone carbonyl)"",
    ""functional_group"": ""amino acid C-alpha at N-terminus (Pro, protonated)"",
    ""hybridization"": ""sp3"",
    ""example_molecule_smiles"": ""[NH2+]1CCCC[C@H]1C(=O)O"",
    ""group_smarts"": ""[C;X4]([N+H2;R])[C;X3](=O)[$([O-]),$([OX1H])]"",
    ""atom_specific_smarts"": ""[CH]([N+H2;R])[C;X3](=O)[$([O-]),$([OX1H])]"",
    ""description"": ""Proline Cα bonded to ring –NH2+ (protonated secondary amine) and to the carbonyl carbon of the carboxyl group."",
    ""uncertainty"": ""medium""
  },
  {
    ""atom_type"": 296,
    ""element"": ""C"",
    ""chemical_environment"": ""C-delta methylene in N-terminal proline ring adjacent to protonated ring nitrogen"",
    ""functional_group"": ""aliphatic ring carbon alpha to ammonium (proline, N-terminus)"",
    ""hybridization"": ""sp3"",
    ""example_molecule_smiles"": ""[NH2+]1CCCC[C@H]1C(=O)O"",
    ""group_smarts"": ""[CH2;R]-[N+H2;R]"",
    ""atom_specific_smarts"": ""[CH2;R]-[N+H2;R]"",
    ""description"": ""Proline ring CH2 (Cδ) directly bonded within the ring and adjacent to protonated ring nitrogen (–NH2+)."",
    ""uncertainty"": ""medium""
  },
  {
    ""atom_type"": 297,
    ""element"": ""C"",
    ""chemical_environment"": ""methyl carbon attached to a protonated secondary ammonium (–NH2+–R)"",
    ""functional_group"": ""alkyl adjacent to protonated secondary amine"",
    ""hybridization"": ""sp3"",
    ""example_molecule_smiles"": ""C[NH2+]C"",
    ""group_smarts"": ""[C;X4]-[N+H2]-[#6]"",
    ""atom_specific_smarts"": ""[CH3]-[N+H2]-[#6]"",
    ""description"": ""CH3 bound to –NH2+–R (protonated secondary amine)."",
    ""uncertainty"": ""low""
  },
  {
    ""atom_type"": 298,
    ""element"": ""C"",
    ""chemical_environment"": ""C-alpha of glycine in the zwitterion (attached to NH3+ and COO−)"",
    ""functional_group"": ""amino acid C-alpha (Gly, zwitterion)"",
    ""hybridization"": ""sp3"",
    ""example_molecule_smiles"": ""[NH3+]CC(=O)[O-]"",
    ""group_smarts"": ""[C;X4]([N+H3])[C;X3](=O)[O-]"",
    ""atom_specific_smarts"": ""[CH2]([N+H3])[C;X3](=O)[O-]"",
    ""description"": ""Glycine Cα (CH2) bonded to –NH3+ and to the carboxylate carbonyl (COO−)."",
    ""uncertainty"": ""low""
  },
  {
    ""atom_type"": 299,
    ""element"": ""C"",
    ""chemical_environment"": ""C-alpha of alanine in the zwitterion (attached to NH3+, CH3 side chain, and COO−)"",
    ""functional_group"": ""amino acid C-alpha (Ala, zwitterion)"",
    ""hybridization"": ""sp3"",
    ""example_molecule_smiles"": ""[NH3+]C(C)C(=O)[O-]"",
    ""group_smarts"": ""[C;X4]([N+H3])[C;X3](=O)[O-]"",
    ""atom_specific_smarts"": ""[CH]([N+H3])([CH3])[C;X3](=O)[O-]"",
    ""description"": ""Alanine Cα (CH) bonded to –NH3+, a methyl side chain, and the carboxylate carbonyl (COO−)."",
    ""uncertainty"": ""low""
  }
]"
280,0.47,C  - C~   | AA C: ketone - for C-alpha use,12.011,oplsaa.lt,C,6,"Convert the following OPLS-AA atom type rows:

Atom Type Data:
- Atom index: 267
- Force field raw info: C  - C~   | Co in CCOOH carboxylic acid
- Partial charge: 0.52
- Atomic mass: 12.011
- Element guess: C
- Atomic number: 6
- Source file: oplsaa.lt


Atom Type Data:
- Atom index: 271
- Force field raw info: C  - C~   | C in COO- carboxylate
- Partial charge: 0.7
- Atomic mass: 12.011
- Element guess: C
- Atomic number: 6
- Source file: oplsaa.lt


Atom Type Data:
- Atom index: 273
- Force field raw info: C  - CT   | C: CH3, carboxylate ion
- Partial charge: -0.28
- Atomic mass: 12.011
- Element guess: C
- Atomic number: 6
- Source file: oplsaa.lt


Atom Type Data:
- Atom index: 274
- Force field raw info: C  - CT   | C: CH2, carboxylate ion
- Partial charge: -0.22
- Atomic mass: 12.011
- Element guess: C
- Atomic number: 6
- Source file: oplsaa.lt


Atom Type Data:
- Atom index: 275
- Force field raw info: C  - CT   | C: CH, carboxylate ion
- Partial charge: -0.16
- Atomic mass: 12.011
- Element guess: C
- Atomic number: 6
- Source file: oplsaa.lt


Atom Type Data:
- Atom index: 276
- Force field raw info: C  - CT   | C: C, carboxylate ion
- Partial charge: -0.1
- Atomic mass: 12.011
- Element guess: C
- Atomic number: 6
- Source file: oplsaa.lt


Atom Type Data:
- Atom index: 277
- Force field raw info: C  - C~   | AA C: aldehyde & acyl halide - for C-alpha use
- Partial charge: 0.45
- Atomic mass: 12.011
- Element guess: C
- Atomic number: 6
- Source file: oplsaa.lt


Atom Type Data:
- Atom index: 280
- Force field raw info: C  - C~   | AA C: ketone - for C-alpha use
- Partial charge: 0.47
- Atomic mass: 12.011
- Element guess: C
- Atomic number: 6
- Source file: oplsaa.lt


Atom Type Data:
- Atom index: 283
- Force field raw info: C  - CT   | AA C-alpha on C-terminal ALA
- Partial charge: 0.04
- Atomic mass: 12.011
- Element guess: C
- Atomic number: 6
- Source file: oplsaa.lt


Atom Type Data:
- Atom index: 284
- Force field raw info: C  - CT   | AA C-alpha on C-terminal GLY
- Partial charge: -0.02
- Atomic mass: 12.011
- Element guess: C
- Atomic number: 6
- Source file: oplsaa.lt


Atom Type Data:
- Atom index: 285
- Force field raw info: C  - CT   | AA C-alpha on C-terminal PRO
- Partial charge: -0.09
- Atomic mass: 12.011
- Element guess: C
- Atomic number: 6
- Source file: oplsaa.lt


Atom Type Data:
- Atom index: 291
- Force field raw info: C  - CT   | C in CH3NH3+
- Partial charge: 0.13
- Atomic mass: 12.011
- Element guess: C
- Atomic number: 6
- Source file: oplsaa.lt


Atom Type Data:
- Atom index: 292
- Force field raw info: C  - CT   | C in RCH2NH3+ & CA in N-term Gly
- Partial charge: 0.19
- Atomic mass: 12.011
- Element guess: C
- Atomic number: 6
- Source file: oplsaa.lt


Atom Type Data:
- Atom index: 293
- Force field raw info: C  - CT   | C in R2CHNH3+ & CA in N-term Ala, etc.
- Partial charge: 0.25
- Atomic mass: 12.011
- Element guess: C
- Atomic number: 6
- Source file: oplsaa.lt


Atom Type Data:
- Atom index: 294
- Force field raw info: C  - CT   | C in R3CNH3+
- Partial charge: 0.31
- Atomic mass: 12.011
- Element guess: C
- Atomic number: 6
- Source file: oplsaa.lt


Atom Type Data:
- Atom index: 295
- Force field raw info: C  - CT   | AA:C-alpha in N-term PRO
- Partial charge: 0.23
- Atomic mass: 12.011
- Element guess: C
- Atomic number: 6
- Source file: oplsaa.lt


Atom Type Data:
- Atom index: 296
- Force field raw info: C  - CT   | AA:C-delta in N-term PRO
- Partial charge: 0.17
- Atomic mass: 12.011
- Element guess: C
- Atomic number: 6
- Source file: oplsaa.lt


Atom Type Data:
- Atom index: 297
- Force field raw info: C  - CT   | CT in CH3NH2+R
- Partial charge: 0.11
- Atomic mass: 12.011
- Element guess: C
- Atomic number: 6
- Source file: oplsaa.lt


Atom Type Data:
- Atom index: 298
- Force field raw info: C  - CT   | AA C-alpha in Gly zwitterion
- Partial charge: 0.09
- Atomic mass: 12.011
- Element guess: C
- Atomic number: 6
- Source file: oplsaa.lt


Atom Type Data:
- Atom index: 299
- Force field raw info: C  - CT   | AA C-alpha in Ala zwitterion
- Partial charge: 0.15
- Atomic mass: 12.011
- Element guess: C
- Atomic number: 6
- Source file: oplsaa.lt
","[
  {
    ""atom_type"": 267,
    ""element"": ""C"",
    ""chemical_environment"": ""carbonyl carbon in a carboxylic acid attached to hydroxyl O-H and an alkyl carbon"",
    ""functional_group"": ""carboxylic acid carbonyl carbon"",
    ""hybridization"": ""sp2"",
    ""example_molecule_smiles"": ""CC(=O)O"",
    ""group_smarts"": ""[C;X3](=O)[OX1H]"",
    ""atom_specific_smarts"": ""[C;X3](=O)([OX1H])[#6]"",
    ""description"": ""C=O carbon of R-COOH; neighbors are one hydroxyl oxygen and one alpha carbon (R)."",
    ""uncertainty"": ""low""
  },
  {
    ""atom_type"": 271,
    ""element"": ""C"",
    ""chemical_environment"": ""carbonyl carbon in a carboxylate anion attached to an alkyl carbon and an anionic oxygen"",
    ""functional_group"": ""carboxylate carbonyl carbon"",
    ""hybridization"": ""sp2"",
    ""example_molecule_smiles"": ""CC(=O)[O-]"",
    ""group_smarts"": ""[C;X3](=O)[O-]"",
    ""atom_specific_smarts"": ""[C;X3](=O)([O-])[#6]"",
    ""description"": ""C=O carbon of R-COO−; neighbors are one anionic oxygen and one alpha carbon (R)."",
    ""uncertainty"": ""low""
  },
  {
    ""atom_type"": 273,
    ""element"": ""C"",
    ""chemical_environment"": ""methyl carbon alpha to a carboxylate group"",
    ""functional_group"": ""alpha-carbon to carboxylate (CH3)"",
    ""hybridization"": ""sp3"",
    ""example_molecule_smiles"": ""CC(=O)[O-]"",
    ""group_smarts"": ""[C;X4]-[C;X3](=O)[O-]"",
    ""atom_specific_smarts"": ""[CH3;X4]-[C;X3](=O)[O-]"",
    ""description"": ""CH3 alpha carbon directly bonded to a carboxylate carbonyl carbon in R-COO− (e.g., acetate)."",
    ""uncertainty"": ""low""
  },
  {
    ""atom_type"": 274,
    ""element"": ""C"",
    ""chemical_environment"": ""methylene carbon alpha to a carboxylate group"",
    ""functional_group"": ""alpha-carbon to carboxylate (CH2)"",
    ""hybridization"": ""sp3"",
    ""example_molecule_smiles"": ""CCC(=O)[O-]"",
    ""group_smarts"": ""[C;X4]-[C;X3](=O)[O-]"",
    ""atom_specific_smarts"": ""[CH2;X4]-[C;X3](=O)[O-]"",
    ""description"": ""CH2 alpha carbon directly bonded to a carboxylate carbonyl carbon in R-CH2-COO− (e.g., propionate)."",
    ""uncertainty"": ""low""
  },
  {
    ""atom_type"": 275,
    ""element"": ""C"",
    ""chemical_environment"": ""tertiary (CH) carbon alpha to a carboxylate group"",
    ""functional_group"": ""alpha-carbon to carboxylate (CH)"",
    ""hybridization"": ""sp3"",
    ""example_molecule_smiles"": ""CC(C)C(=O)[O-]"",
    ""group_smarts"": ""[C;X4]-[C;X3](=O)[O-]"",
    ""atom_specific_smarts"": ""[CH;X4]-[C;X3](=O)[O-]"",
    ""description"": ""Tertiary CH alpha carbon bonded to a carboxylate carbonyl carbon (e.g., isobutyrate)."",
    ""uncertainty"": ""low""
  },
  {
    ""atom_type"": 276,
    ""element"": ""C"",
    ""chemical_environment"": ""quaternary carbon (no H) alpha to a carboxylate group"",
    ""functional_group"": ""alpha-carbon to carboxylate (C, H0)"",
    ""hybridization"": ""sp3"",
    ""example_molecule_smiles"": ""CC(C)(C)C(=O)[O-]"",
    ""group_smarts"": ""[C;X4]-[C;X3](=O)[O-]"",
    ""atom_specific_smarts"": ""[C;X4;H0]-[C;X3](=O)[O-]"",
    ""description"": ""Quaternary alpha carbon (no hydrogens) directly bonded to a carboxylate carbonyl carbon (e.g., pivalate)."",
    ""uncertainty"": ""low""
  },
  {
    ""atom_type"": 277,
    ""element"": ""C"",
    ""chemical_environment"": ""carbonyl carbon of an aldehyde or acyl halide"",
    ""functional_group"": ""aldehyde or acyl halide carbonyl carbon"",
    ""hybridization"": ""sp2"",
    ""example_molecule_smiles"": ""CC(=O)Cl"",
    ""group_smarts"": ""[C;X3](=O)[H,F,Cl,Br,I]"",
    ""atom_specific_smarts"": ""[$([C;X3H1](=O)[#6]),$([C;X3](=O)[F,Cl,Br,I])]"",
    ""description"": ""C=O carbon where the non-carbonyl substituent is H (aldehyde) or a halogen (acyl halide); used when defining C-alpha environments."",
    ""uncertainty"": ""low""
  },
  {
    ""atom_type"": 280,
    ""element"": ""C"",
    ""chemical_environment"": ""carbonyl carbon of a ketone (bound to two carbons)"",
    ""functional_group"": ""ketone carbonyl carbon"",
    ""hybridization"": ""sp2"",
    ""example_molecule_smiles"": ""CC(=O)C"",
    ""group_smarts"": ""[C;X3](=O)([#6])[#6]"",
    ""atom_specific_smarts"": ""[C;X3](=O)([#6])[#6]"",
    ""description"": ""C=O carbon with both single-bond substituents being carbon (R-CO-R′)."",
    ""uncertainty"": ""low""
  },
  {
    ""atom_type"": 283,
    ""element"": ""C"",
    ""chemical_environment"": ""C-alpha of a C-terminal alanine residue (attached to backbone N, side-chain CH3, and terminal carboxyl group)"",
    ""functional_group"": ""amino acid C-alpha at C-terminus (Ala)"",
    ""hybridization"": ""sp3"",
    ""example_molecule_smiles"": ""NC(C)C(=O)[O-]"",
    ""group_smarts"": ""[C;X4]([N;X3])[C;X3](=O)[$([O-]),$([OX1H])]"",
    ""atom_specific_smarts"": ""[CH]([N;X3])([CH3])[C;X3](=O)[$([O-]),$([OX1H])]"",
    ""description"": ""Alanine Cα bonded to backbone N, a methyl side chain, and the C-terminal carboxyl (COO−/COOH)."",
    ""uncertainty"": ""medium""
  },
  {
    ""atom_type"": 284,
    ""element"": ""C"",
    ""chemical_environment"": ""C-alpha of a C-terminal glycine residue (attached to backbone N and terminal carboxyl; side chain is H)"",
    ""functional_group"": ""amino acid C-alpha at C-terminus (Gly)"",
    ""hybridization"": ""sp3"",
    ""example_molecule_smiles"": ""NCC(=O)[O-]"",
    ""group_smarts"": ""[C;X4]([N;X3])[C;X3](=O)[$([O-]),$([OX1H])]"",
    ""atom_specific_smarts"": ""[CH2]([N;X3])[C;X3](=O)[$([O-]),$([OX1H])]"",
    ""description"": ""Glycine Cα (CH2) bonded to backbone N and the C-terminal carboxyl (COO−/COOH)."",
    ""uncertainty"": ""medium""
  },
  {
    ""atom_type"": 285,
    ""element"": ""C"",
    ""chemical_environment"": ""C-alpha of a C-terminal proline residue (attached to ring amide N and terminal carboxyl)"",
    ""functional_group"": ""amino acid C-alpha at C-terminus (Pro)"",
    ""hybridization"": ""sp3"",
    ""example_molecule_smiles"": ""N1CCC[C@H]1C(=O)[O-]"",
    ""group_smarts"": ""[C;X4]([N;X3;R])[C;X3](=O)[$([O-]),$([OX1H])]"",
    ""atom_specific_smarts"": ""[CH]([N;X3;R;H1])[C;X3](=O)[$([O-]),$([OX1H])]"",
    ""description"": ""Proline Cα bonded to a ring amide nitrogen (in the pyrrolidine ring) and the C-terminal carboxyl (COO−/COOH)."",
    ""uncertainty"": ""medium""
  },
  {
    ""atom_type"": 291,
    ""element"": ""C"",
    ""chemical_environment"": ""methyl carbon directly bonded to a primary ammonium (NH3+)"",
    ""functional_group"": ""alkyl adjacent to protonated primary amine"",
    ""hybridization"": ""sp3"",
    ""example_molecule_smiles"": ""C[NH3+]"",
    ""group_smarts"": ""[C;X4]-[N+H3]"",
    ""atom_specific_smarts"": ""[CH3]-[N+H3]"",
    ""description"": ""Terminal CH3 bound to an –NH3+ group (methylammonium)."",
    ""uncertainty"": ""low""
  },
  {
    ""atom_type"": 292,
    ""element"": ""C"",
    ""chemical_environment"": ""methylene carbon directly bonded to a primary ammonium (NH3+); also matches Gly C-alpha at N-terminus"",
    ""functional_group"": ""alkyl adjacent to protonated primary amine"",
    ""hybridization"": ""sp3"",
    ""example_molecule_smiles"": ""CC[NH3+]"",
    ""group_smarts"": ""[C;X4]-[N+H3]"",
    ""atom_specific_smarts"": ""[CH2]-[N+H3]"",
    ""description"": ""CH2 attached to –NH3+ (e.g., ethylammonium) and covers Gly Cα at the N-terminus (–CH2–NH3+)."",
    ""uncertainty"": ""low""
  },
  {
    ""atom_type"": 293,
    ""element"": ""C"",
    ""chemical_environment"": ""tertiary (CH) carbon directly bonded to a primary ammonium (NH3+)"",
    ""functional_group"": ""alkyl adjacent to protonated primary amine"",
    ""hybridization"": ""sp3"",
    ""example_molecule_smiles"": ""CC(C)[NH3+]"",
    ""group_smarts"": ""[C;X4]-[N+H3]"",
    ""atom_specific_smarts"": ""[CH]-[N+H3]"",
    ""description"": ""Tertiary CH bound to –NH3+ (e.g., isopropylammonium)."",
    ""uncertainty"": ""low""
  },
  {
    ""atom_type"": 294,
    ""element"": ""C"",
    ""chemical_environment"": ""quaternary carbon (no H) directly bonded to a primary ammonium (NH3+)"",
    ""functional_group"": ""alkyl adjacent to protonated primary amine"",
    ""hybridization"": ""sp3"",
    ""example_molecule_smiles"": ""C(C)(C)C[NH3+]"",
    ""group_smarts"": ""[C;X4]-[N+H3]"",
    ""atom_specific_smarts"": ""[C;X4;H0]-[N+H3]"",
    ""description"": ""Quaternary carbon (no hydrogens) adjacent to –NH3+ (e.g., t-butylammonium)."",
    ""uncertainty"": ""low""
  },
  {
    ""atom_type"": 295,
    ""element"": ""C"",
    ""chemical_environment"": ""C-alpha of N-terminal proline (attached to protonated ring nitrogen [NH2+] and backbone carbonyl)"",
    ""functional_group"": ""amino acid C-alpha at N-terminus (Pro, protonated)"",
    ""hybridization"": ""sp3"",
    ""example_molecule_smiles"": ""[NH2+]1CCCC[C@H]1C(=O)O"",
    ""group_smarts"": ""[C;X4]([N+H2;R])[C;X3](=O)[$([O-]),$([OX1H])]"",
    ""atom_specific_smarts"": ""[CH]([N+H2;R])[C;X3](=O)[$([O-]),$([OX1H])]"",
    ""description"": ""Proline Cα bonded to ring –NH2+ (protonated secondary amine) and to the carbonyl carbon of the carboxyl group."",
    ""uncertainty"": ""medium""
  },
  {
    ""atom_type"": 296,
    ""element"": ""C"",
    ""chemical_environment"": ""C-delta methylene in N-terminal proline ring adjacent to protonated ring nitrogen"",
    ""functional_group"": ""aliphatic ring carbon alpha to ammonium (proline, N-terminus)"",
    ""hybridization"": ""sp3"",
    ""example_molecule_smiles"": ""[NH2+]1CCCC[C@H]1C(=O)O"",
    ""group_smarts"": ""[CH2;R]-[N+H2;R]"",
    ""atom_specific_smarts"": ""[CH2;R]-[N+H2;R]"",
    ""description"": ""Proline ring CH2 (Cδ) directly bonded within the ring and adjacent to protonated ring nitrogen (–NH2+)."",
    ""uncertainty"": ""medium""
  },
  {
    ""atom_type"": 297,
    ""element"": ""C"",
    ""chemical_environment"": ""methyl carbon attached to a protonated secondary ammonium (–NH2+–R)"",
    ""functional_group"": ""alkyl adjacent to protonated secondary amine"",
    ""hybridization"": ""sp3"",
    ""example_molecule_smiles"": ""C[NH2+]C"",
    ""group_smarts"": ""[C;X4]-[N+H2]-[#6]"",
    ""atom_specific_smarts"": ""[CH3]-[N+H2]-[#6]"",
    ""description"": ""CH3 bound to –NH2+–R (protonated secondary amine)."",
    ""uncertainty"": ""low""
  },
  {
    ""atom_type"": 298,
    ""element"": ""C"",
    ""chemical_environment"": ""C-alpha of glycine in the zwitterion (attached to NH3+ and COO−)"",
    ""functional_group"": ""amino acid C-alpha (Gly, zwitterion)"",
    ""hybridization"": ""sp3"",
    ""example_molecule_smiles"": ""[NH3+]CC(=O)[O-]"",
    ""group_smarts"": ""[C;X4]([N+H3])[C;X3](=O)[O-]"",
    ""atom_specific_smarts"": ""[CH2]([N+H3])[C;X3](=O)[O-]"",
    ""description"": ""Glycine Cα (CH2) bonded to –NH3+ and to the carboxylate carbonyl (COO−)."",
    ""uncertainty"": ""low""
  },
  {
    ""atom_type"": 299,
    ""element"": ""C"",
    ""chemical_environment"": ""C-alpha of alanine in the zwitterion (attached to NH3+, CH3 side chain, and COO−)"",
    ""functional_group"": ""amino acid C-alpha (Ala, zwitterion)"",
    ""hybridization"": ""sp3"",
    ""example_molecule_smiles"": ""[NH3+]C(C)C(=O)[O-]"",
    ""group_smarts"": ""[C;X4]([N+H3])[C;X3](=O)[O-]"",
    ""atom_specific_smarts"": ""[CH]([N+H3])([CH3])[C;X3](=O)[O-]"",
    ""description"": ""Alanine Cα (CH) bonded to –NH3+, a methyl side chain, and the carboxylate carbonyl (COO−)."",
    ""uncertainty"": ""low""
  }
]"
283,0.04,C  - CT   | AA C-alpha on C-terminal ALA,12.011,oplsaa.lt,C,6,"Convert the following OPLS-AA atom type rows:

Atom Type Data:
- Atom index: 267
- Force field raw info: C  - C~   | Co in CCOOH carboxylic acid
- Partial charge: 0.52
- Atomic mass: 12.011
- Element guess: C
- Atomic number: 6
- Source file: oplsaa.lt


Atom Type Data:
- Atom index: 271
- Force field raw info: C  - C~   | C in COO- carboxylate
- Partial charge: 0.7
- Atomic mass: 12.011
- Element guess: C
- Atomic number: 6
- Source file: oplsaa.lt


Atom Type Data:
- Atom index: 273
- Force field raw info: C  - CT   | C: CH3, carboxylate ion
- Partial charge: -0.28
- Atomic mass: 12.011
- Element guess: C
- Atomic number: 6
- Source file: oplsaa.lt


Atom Type Data:
- Atom index: 274
- Force field raw info: C  - CT   | C: CH2, carboxylate ion
- Partial charge: -0.22
- Atomic mass: 12.011
- Element guess: C
- Atomic number: 6
- Source file: oplsaa.lt


Atom Type Data:
- Atom index: 275
- Force field raw info: C  - CT   | C: CH, carboxylate ion
- Partial charge: -0.16
- Atomic mass: 12.011
- Element guess: C
- Atomic number: 6
- Source file: oplsaa.lt


Atom Type Data:
- Atom index: 276
- Force field raw info: C  - CT   | C: C, carboxylate ion
- Partial charge: -0.1
- Atomic mass: 12.011
- Element guess: C
- Atomic number: 6
- Source file: oplsaa.lt


Atom Type Data:
- Atom index: 277
- Force field raw info: C  - C~   | AA C: aldehyde & acyl halide - for C-alpha use
- Partial charge: 0.45
- Atomic mass: 12.011
- Element guess: C
- Atomic number: 6
- Source file: oplsaa.lt


Atom Type Data:
- Atom index: 280
- Force field raw info: C  - C~   | AA C: ketone - for C-alpha use
- Partial charge: 0.47
- Atomic mass: 12.011
- Element guess: C
- Atomic number: 6
- Source file: oplsaa.lt


Atom Type Data:
- Atom index: 283
- Force field raw info: C  - CT   | AA C-alpha on C-terminal ALA
- Partial charge: 0.04
- Atomic mass: 12.011
- Element guess: C
- Atomic number: 6
- Source file: oplsaa.lt


Atom Type Data:
- Atom index: 284
- Force field raw info: C  - CT   | AA C-alpha on C-terminal GLY
- Partial charge: -0.02
- Atomic mass: 12.011
- Element guess: C
- Atomic number: 6
- Source file: oplsaa.lt


Atom Type Data:
- Atom index: 285
- Force field raw info: C  - CT   | AA C-alpha on C-terminal PRO
- Partial charge: -0.09
- Atomic mass: 12.011
- Element guess: C
- Atomic number: 6
- Source file: oplsaa.lt


Atom Type Data:
- Atom index: 291
- Force field raw info: C  - CT   | C in CH3NH3+
- Partial charge: 0.13
- Atomic mass: 12.011
- Element guess: C
- Atomic number: 6
- Source file: oplsaa.lt


Atom Type Data:
- Atom index: 292
- Force field raw info: C  - CT   | C in RCH2NH3+ & CA in N-term Gly
- Partial charge: 0.19
- Atomic mass: 12.011
- Element guess: C
- Atomic number: 6
- Source file: oplsaa.lt


Atom Type Data:
- Atom index: 293
- Force field raw info: C  - CT   | C in R2CHNH3+ & CA in N-term Ala, etc.
- Partial charge: 0.25
- Atomic mass: 12.011
- Element guess: C
- Atomic number: 6
- Source file: oplsaa.lt


Atom Type Data:
- Atom index: 294
- Force field raw info: C  - CT   | C in R3CNH3+
- Partial charge: 0.31
- Atomic mass: 12.011
- Element guess: C
- Atomic number: 6
- Source file: oplsaa.lt


Atom Type Data:
- Atom index: 295
- Force field raw info: C  - CT   | AA:C-alpha in N-term PRO
- Partial charge: 0.23
- Atomic mass: 12.011
- Element guess: C
- Atomic number: 6
- Source file: oplsaa.lt


Atom Type Data:
- Atom index: 296
- Force field raw info: C  - CT   | AA:C-delta in N-term PRO
- Partial charge: 0.17
- Atomic mass: 12.011
- Element guess: C
- Atomic number: 6
- Source file: oplsaa.lt


Atom Type Data:
- Atom index: 297
- Force field raw info: C  - CT   | CT in CH3NH2+R
- Partial charge: 0.11
- Atomic mass: 12.011
- Element guess: C
- Atomic number: 6
- Source file: oplsaa.lt


Atom Type Data:
- Atom index: 298
- Force field raw info: C  - CT   | AA C-alpha in Gly zwitterion
- Partial charge: 0.09
- Atomic mass: 12.011
- Element guess: C
- Atomic number: 6
- Source file: oplsaa.lt


Atom Type Data:
- Atom index: 299
- Force field raw info: C  - CT   | AA C-alpha in Ala zwitterion
- Partial charge: 0.15
- Atomic mass: 12.011
- Element guess: C
- Atomic number: 6
- Source file: oplsaa.lt
","[
  {
    ""atom_type"": 267,
    ""element"": ""C"",
    ""chemical_environment"": ""carbonyl carbon in a carboxylic acid attached to hydroxyl O-H and an alkyl carbon"",
    ""functional_group"": ""carboxylic acid carbonyl carbon"",
    ""hybridization"": ""sp2"",
    ""example_molecule_smiles"": ""CC(=O)O"",
    ""group_smarts"": ""[C;X3](=O)[OX1H]"",
    ""atom_specific_smarts"": ""[C;X3](=O)([OX1H])[#6]"",
    ""description"": ""C=O carbon of R-COOH; neighbors are one hydroxyl oxygen and one alpha carbon (R)."",
    ""uncertainty"": ""low""
  },
  {
    ""atom_type"": 271,
    ""element"": ""C"",
    ""chemical_environment"": ""carbonyl carbon in a carboxylate anion attached to an alkyl carbon and an anionic oxygen"",
    ""functional_group"": ""carboxylate carbonyl carbon"",
    ""hybridization"": ""sp2"",
    ""example_molecule_smiles"": ""CC(=O)[O-]"",
    ""group_smarts"": ""[C;X3](=O)[O-]"",
    ""atom_specific_smarts"": ""[C;X3](=O)([O-])[#6]"",
    ""description"": ""C=O carbon of R-COO−; neighbors are one anionic oxygen and one alpha carbon (R)."",
    ""uncertainty"": ""low""
  },
  {
    ""atom_type"": 273,
    ""element"": ""C"",
    ""chemical_environment"": ""methyl carbon alpha to a carboxylate group"",
    ""functional_group"": ""alpha-carbon to carboxylate (CH3)"",
    ""hybridization"": ""sp3"",
    ""example_molecule_smiles"": ""CC(=O)[O-]"",
    ""group_smarts"": ""[C;X4]-[C;X3](=O)[O-]"",
    ""atom_specific_smarts"": ""[CH3;X4]-[C;X3](=O)[O-]"",
    ""description"": ""CH3 alpha carbon directly bonded to a carboxylate carbonyl carbon in R-COO− (e.g., acetate)."",
    ""uncertainty"": ""low""
  },
  {
    ""atom_type"": 274,
    ""element"": ""C"",
    ""chemical_environment"": ""methylene carbon alpha to a carboxylate group"",
    ""functional_group"": ""alpha-carbon to carboxylate (CH2)"",
    ""hybridization"": ""sp3"",
    ""example_molecule_smiles"": ""CCC(=O)[O-]"",
    ""group_smarts"": ""[C;X4]-[C;X3](=O)[O-]"",
    ""atom_specific_smarts"": ""[CH2;X4]-[C;X3](=O)[O-]"",
    ""description"": ""CH2 alpha carbon directly bonded to a carboxylate carbonyl carbon in R-CH2-COO− (e.g., propionate)."",
    ""uncertainty"": ""low""
  },
  {
    ""atom_type"": 275,
    ""element"": ""C"",
    ""chemical_environment"": ""tertiary (CH) carbon alpha to a carboxylate group"",
    ""functional_group"": ""alpha-carbon to carboxylate (CH)"",
    ""hybridization"": ""sp3"",
    ""example_molecule_smiles"": ""CC(C)C(=O)[O-]"",
    ""group_smarts"": ""[C;X4]-[C;X3](=O)[O-]"",
    ""atom_specific_smarts"": ""[CH;X4]-[C;X3](=O)[O-]"",
    ""description"": ""Tertiary CH alpha carbon bonded to a carboxylate carbonyl carbon (e.g., isobutyrate)."",
    ""uncertainty"": ""low""
  },
  {
    ""atom_type"": 276,
    ""element"": ""C"",
    ""chemical_environment"": ""quaternary carbon (no H) alpha to a carboxylate group"",
    ""functional_group"": ""alpha-carbon to carboxylate (C, H0)"",
    ""hybridization"": ""sp3"",
    ""example_molecule_smiles"": ""CC(C)(C)C(=O)[O-]"",
    ""group_smarts"": ""[C;X4]-[C;X3](=O)[O-]"",
    ""atom_specific_smarts"": ""[C;X4;H0]-[C;X3](=O)[O-]"",
    ""description"": ""Quaternary alpha carbon (no hydrogens) directly bonded to a carboxylate carbonyl carbon (e.g., pivalate)."",
    ""uncertainty"": ""low""
  },
  {
    ""atom_type"": 277,
    ""element"": ""C"",
    ""chemical_environment"": ""carbonyl carbon of an aldehyde or acyl halide"",
    ""functional_group"": ""aldehyde or acyl halide carbonyl carbon"",
    ""hybridization"": ""sp2"",
    ""example_molecule_smiles"": ""CC(=O)Cl"",
    ""group_smarts"": ""[C;X3](=O)[H,F,Cl,Br,I]"",
    ""atom_specific_smarts"": ""[$([C;X3H1](=O)[#6]),$([C;X3](=O)[F,Cl,Br,I])]"",
    ""description"": ""C=O carbon where the non-carbonyl substituent is H (aldehyde) or a halogen (acyl halide); used when defining C-alpha environments."",
    ""uncertainty"": ""low""
  },
  {
    ""atom_type"": 280,
    ""element"": ""C"",
    ""chemical_environment"": ""carbonyl carbon of a ketone (bound to two carbons)"",
    ""functional_group"": ""ketone carbonyl carbon"",
    ""hybridization"": ""sp2"",
    ""example_molecule_smiles"": ""CC(=O)C"",
    ""group_smarts"": ""[C;X3](=O)([#6])[#6]"",
    ""atom_specific_smarts"": ""[C;X3](=O)([#6])[#6]"",
    ""description"": ""C=O carbon with both single-bond substituents being carbon (R-CO-R′)."",
    ""uncertainty"": ""low""
  },
  {
    ""atom_type"": 283,
    ""element"": ""C"",
    ""chemical_environment"": ""C-alpha of a C-terminal alanine residue (attached to backbone N, side-chain CH3, and terminal carboxyl group)"",
    ""functional_group"": ""amino acid C-alpha at C-terminus (Ala)"",
    ""hybridization"": ""sp3"",
    ""example_molecule_smiles"": ""NC(C)C(=O)[O-]"",
    ""group_smarts"": ""[C;X4]([N;X3])[C;X3](=O)[$([O-]),$([OX1H])]"",
    ""atom_specific_smarts"": ""[CH]([N;X3])([CH3])[C;X3](=O)[$([O-]),$([OX1H])]"",
    ""description"": ""Alanine Cα bonded to backbone N, a methyl side chain, and the C-terminal carboxyl (COO−/COOH)."",
    ""uncertainty"": ""medium""
  },
  {
    ""atom_type"": 284,
    ""element"": ""C"",
    ""chemical_environment"": ""C-alpha of a C-terminal glycine residue (attached to backbone N and terminal carboxyl; side chain is H)"",
    ""functional_group"": ""amino acid C-alpha at C-terminus (Gly)"",
    ""hybridization"": ""sp3"",
    ""example_molecule_smiles"": ""NCC(=O)[O-]"",
    ""group_smarts"": ""[C;X4]([N;X3])[C;X3](=O)[$([O-]),$([OX1H])]"",
    ""atom_specific_smarts"": ""[CH2]([N;X3])[C;X3](=O)[$([O-]),$([OX1H])]"",
    ""description"": ""Glycine Cα (CH2) bonded to backbone N and the C-terminal carboxyl (COO−/COOH)."",
    ""uncertainty"": ""medium""
  },
  {
    ""atom_type"": 285,
    ""element"": ""C"",
    ""chemical_environment"": ""C-alpha of a C-terminal proline residue (attached to ring amide N and terminal carboxyl)"",
    ""functional_group"": ""amino acid C-alpha at C-terminus (Pro)"",
    ""hybridization"": ""sp3"",
    ""example_molecule_smiles"": ""N1CCC[C@H]1C(=O)[O-]"",
    ""group_smarts"": ""[C;X4]([N;X3;R])[C;X3](=O)[$([O-]),$([OX1H])]"",
    ""atom_specific_smarts"": ""[CH]([N;X3;R;H1])[C;X3](=O)[$([O-]),$([OX1H])]"",
    ""description"": ""Proline Cα bonded to a ring amide nitrogen (in the pyrrolidine ring) and the C-terminal carboxyl (COO−/COOH)."",
    ""uncertainty"": ""medium""
  },
  {
    ""atom_type"": 291,
    ""element"": ""C"",
    ""chemical_environment"": ""methyl carbon directly bonded to a primary ammonium (NH3+)"",
    ""functional_group"": ""alkyl adjacent to protonated primary amine"",
    ""hybridization"": ""sp3"",
    ""example_molecule_smiles"": ""C[NH3+]"",
    ""group_smarts"": ""[C;X4]-[N+H3]"",
    ""atom_specific_smarts"": ""[CH3]-[N+H3]"",
    ""description"": ""Terminal CH3 bound to an –NH3+ group (methylammonium)."",
    ""uncertainty"": ""low""
  },
  {
    ""atom_type"": 292,
    ""element"": ""C"",
    ""chemical_environment"": ""methylene carbon directly bonded to a primary ammonium (NH3+); also matches Gly C-alpha at N-terminus"",
    ""functional_group"": ""alkyl adjacent to protonated primary amine"",
    ""hybridization"": ""sp3"",
    ""example_molecule_smiles"": ""CC[NH3+]"",
    ""group_smarts"": ""[C;X4]-[N+H3]"",
    ""atom_specific_smarts"": ""[CH2]-[N+H3]"",
    ""description"": ""CH2 attached to –NH3+ (e.g., ethylammonium) and covers Gly Cα at the N-terminus (–CH2–NH3+)."",
    ""uncertainty"": ""low""
  },
  {
    ""atom_type"": 293,
    ""element"": ""C"",
    ""chemical_environment"": ""tertiary (CH) carbon directly bonded to a primary ammonium (NH3+)"",
    ""functional_group"": ""alkyl adjacent to protonated primary amine"",
    ""hybridization"": ""sp3"",
    ""example_molecule_smiles"": ""CC(C)[NH3+]"",
    ""group_smarts"": ""[C;X4]-[N+H3]"",
    ""atom_specific_smarts"": ""[CH]-[N+H3]"",
    ""description"": ""Tertiary CH bound to –NH3+ (e.g., isopropylammonium)."",
    ""uncertainty"": ""low""
  },
  {
    ""atom_type"": 294,
    ""element"": ""C"",
    ""chemical_environment"": ""quaternary carbon (no H) directly bonded to a primary ammonium (NH3+)"",
    ""functional_group"": ""alkyl adjacent to protonated primary amine"",
    ""hybridization"": ""sp3"",
    ""example_molecule_smiles"": ""C(C)(C)C[NH3+]"",
    ""group_smarts"": ""[C;X4]-[N+H3]"",
    ""atom_specific_smarts"": ""[C;X4;H0]-[N+H3]"",
    ""description"": ""Quaternary carbon (no hydrogens) adjacent to –NH3+ (e.g., t-butylammonium)."",
    ""uncertainty"": ""low""
  },
  {
    ""atom_type"": 295,
    ""element"": ""C"",
    ""chemical_environment"": ""C-alpha of N-terminal proline (attached to protonated ring nitrogen [NH2+] and backbone carbonyl)"",
    ""functional_group"": ""amino acid C-alpha at N-terminus (Pro, protonated)"",
    ""hybridization"": ""sp3"",
    ""example_molecule_smiles"": ""[NH2+]1CCCC[C@H]1C(=O)O"",
    ""group_smarts"": ""[C;X4]([N+H2;R])[C;X3](=O)[$([O-]),$([OX1H])]"",
    ""atom_specific_smarts"": ""[CH]([N+H2;R])[C;X3](=O)[$([O-]),$([OX1H])]"",
    ""description"": ""Proline Cα bonded to ring –NH2+ (protonated secondary amine) and to the carbonyl carbon of the carboxyl group."",
    ""uncertainty"": ""medium""
  },
  {
    ""atom_type"": 296,
    ""element"": ""C"",
    ""chemical_environment"": ""C-delta methylene in N-terminal proline ring adjacent to protonated ring nitrogen"",
    ""functional_group"": ""aliphatic ring carbon alpha to ammonium (proline, N-terminus)"",
    ""hybridization"": ""sp3"",
    ""example_molecule_smiles"": ""[NH2+]1CCCC[C@H]1C(=O)O"",
    ""group_smarts"": ""[CH2;R]-[N+H2;R]"",
    ""atom_specific_smarts"": ""[CH2;R]-[N+H2;R]"",
    ""description"": ""Proline ring CH2 (Cδ) directly bonded within the ring and adjacent to protonated ring nitrogen (–NH2+)."",
    ""uncertainty"": ""medium""
  },
  {
    ""atom_type"": 297,
    ""element"": ""C"",
    ""chemical_environment"": ""methyl carbon attached to a protonated secondary ammonium (–NH2+–R)"",
    ""functional_group"": ""alkyl adjacent to protonated secondary amine"",
    ""hybridization"": ""sp3"",
    ""example_molecule_smiles"": ""C[NH2+]C"",
    ""group_smarts"": ""[C;X4]-[N+H2]-[#6]"",
    ""atom_specific_smarts"": ""[CH3]-[N+H2]-[#6]"",
    ""description"": ""CH3 bound to –NH2+–R (protonated secondary amine)."",
    ""uncertainty"": ""low""
  },
  {
    ""atom_type"": 298,
    ""element"": ""C"",
    ""chemical_environment"": ""C-alpha of glycine in the zwitterion (attached to NH3+ and COO−)"",
    ""functional_group"": ""amino acid C-alpha (Gly, zwitterion)"",
    ""hybridization"": ""sp3"",
    ""example_molecule_smiles"": ""[NH3+]CC(=O)[O-]"",
    ""group_smarts"": ""[C;X4]([N+H3])[C;X3](=O)[O-]"",
    ""atom_specific_smarts"": ""[CH2]([N+H3])[C;X3](=O)[O-]"",
    ""description"": ""Glycine Cα (CH2) bonded to –NH3+ and to the carboxylate carbonyl (COO−)."",
    ""uncertainty"": ""low""
  },
  {
    ""atom_type"": 299,
    ""element"": ""C"",
    ""chemical_environment"": ""C-alpha of alanine in the zwitterion (attached to NH3+, CH3 side chain, and COO−)"",
    ""functional_group"": ""amino acid C-alpha (Ala, zwitterion)"",
    ""hybridization"": ""sp3"",
    ""example_molecule_smiles"": ""[NH3+]C(C)C(=O)[O-]"",
    ""group_smarts"": ""[C;X4]([N+H3])[C;X3](=O)[O-]"",
    ""atom_specific_smarts"": ""[CH]([N+H3])([CH3])[C;X3](=O)[O-]"",
    ""description"": ""Alanine Cα (CH) bonded to –NH3+, a methyl side chain, and the carboxylate carbonyl (COO−)."",
    ""uncertainty"": ""low""
  }
]"
284,-0.02,C  - CT   | AA C-alpha on C-terminal GLY,12.011,oplsaa.lt,C,6,"Convert the following OPLS-AA atom type rows:

Atom Type Data:
- Atom index: 267
- Force field raw info: C  - C~   | Co in CCOOH carboxylic acid
- Partial charge: 0.52
- Atomic mass: 12.011
- Element guess: C
- Atomic number: 6
- Source file: oplsaa.lt


Atom Type Data:
- Atom index: 271
- Force field raw info: C  - C~   | C in COO- carboxylate
- Partial charge: 0.7
- Atomic mass: 12.011
- Element guess: C
- Atomic number: 6
- Source file: oplsaa.lt


Atom Type Data:
- Atom index: 273
- Force field raw info: C  - CT   | C: CH3, carboxylate ion
- Partial charge: -0.28
- Atomic mass: 12.011
- Element guess: C
- Atomic number: 6
- Source file: oplsaa.lt


Atom Type Data:
- Atom index: 274
- Force field raw info: C  - CT   | C: CH2, carboxylate ion
- Partial charge: -0.22
- Atomic mass: 12.011
- Element guess: C
- Atomic number: 6
- Source file: oplsaa.lt


Atom Type Data:
- Atom index: 275
- Force field raw info: C  - CT   | C: CH, carboxylate ion
- Partial charge: -0.16
- Atomic mass: 12.011
- Element guess: C
- Atomic number: 6
- Source file: oplsaa.lt


Atom Type Data:
- Atom index: 276
- Force field raw info: C  - CT   | C: C, carboxylate ion
- Partial charge: -0.1
- Atomic mass: 12.011
- Element guess: C
- Atomic number: 6
- Source file: oplsaa.lt


Atom Type Data:
- Atom index: 277
- Force field raw info: C  - C~   | AA C: aldehyde & acyl halide - for C-alpha use
- Partial charge: 0.45
- Atomic mass: 12.011
- Element guess: C
- Atomic number: 6
- Source file: oplsaa.lt


Atom Type Data:
- Atom index: 280
- Force field raw info: C  - C~   | AA C: ketone - for C-alpha use
- Partial charge: 0.47
- Atomic mass: 12.011
- Element guess: C
- Atomic number: 6
- Source file: oplsaa.lt


Atom Type Data:
- Atom index: 283
- Force field raw info: C  - CT   | AA C-alpha on C-terminal ALA
- Partial charge: 0.04
- Atomic mass: 12.011
- Element guess: C
- Atomic number: 6
- Source file: oplsaa.lt


Atom Type Data:
- Atom index: 284
- Force field raw info: C  - CT   | AA C-alpha on C-terminal GLY
- Partial charge: -0.02
- Atomic mass: 12.011
- Element guess: C
- Atomic number: 6
- Source file: oplsaa.lt


Atom Type Data:
- Atom index: 285
- Force field raw info: C  - CT   | AA C-alpha on C-terminal PRO
- Partial charge: -0.09
- Atomic mass: 12.011
- Element guess: C
- Atomic number: 6
- Source file: oplsaa.lt


Atom Type Data:
- Atom index: 291
- Force field raw info: C  - CT   | C in CH3NH3+
- Partial charge: 0.13
- Atomic mass: 12.011
- Element guess: C
- Atomic number: 6
- Source file: oplsaa.lt


Atom Type Data:
- Atom index: 292
- Force field raw info: C  - CT   | C in RCH2NH3+ & CA in N-term Gly
- Partial charge: 0.19
- Atomic mass: 12.011
- Element guess: C
- Atomic number: 6
- Source file: oplsaa.lt


Atom Type Data:
- Atom index: 293
- Force field raw info: C  - CT   | C in R2CHNH3+ & CA in N-term Ala, etc.
- Partial charge: 0.25
- Atomic mass: 12.011
- Element guess: C
- Atomic number: 6
- Source file: oplsaa.lt


Atom Type Data:
- Atom index: 294
- Force field raw info: C  - CT   | C in R3CNH3+
- Partial charge: 0.31
- Atomic mass: 12.011
- Element guess: C
- Atomic number: 6
- Source file: oplsaa.lt


Atom Type Data:
- Atom index: 295
- Force field raw info: C  - CT   | AA:C-alpha in N-term PRO
- Partial charge: 0.23
- Atomic mass: 12.011
- Element guess: C
- Atomic number: 6
- Source file: oplsaa.lt


Atom Type Data:
- Atom index: 296
- Force field raw info: C  - CT   | AA:C-delta in N-term PRO
- Partial charge: 0.17
- Atomic mass: 12.011
- Element guess: C
- Atomic number: 6
- Source file: oplsaa.lt


Atom Type Data:
- Atom index: 297
- Force field raw info: C  - CT   | CT in CH3NH2+R
- Partial charge: 0.11
- Atomic mass: 12.011
- Element guess: C
- Atomic number: 6
- Source file: oplsaa.lt


Atom Type Data:
- Atom index: 298
- Force field raw info: C  - CT   | AA C-alpha in Gly zwitterion
- Partial charge: 0.09
- Atomic mass: 12.011
- Element guess: C
- Atomic number: 6
- Source file: oplsaa.lt


Atom Type Data:
- Atom index: 299
- Force field raw info: C  - CT   | AA C-alpha in Ala zwitterion
- Partial charge: 0.15
- Atomic mass: 12.011
- Element guess: C
- Atomic number: 6
- Source file: oplsaa.lt
","[
  {
    ""atom_type"": 267,
    ""element"": ""C"",
    ""chemical_environment"": ""carbonyl carbon in a carboxylic acid attached to hydroxyl O-H and an alkyl carbon"",
    ""functional_group"": ""carboxylic acid carbonyl carbon"",
    ""hybridization"": ""sp2"",
    ""example_molecule_smiles"": ""CC(=O)O"",
    ""group_smarts"": ""[C;X3](=O)[OX1H]"",
    ""atom_specific_smarts"": ""[C;X3](=O)([OX1H])[#6]"",
    ""description"": ""C=O carbon of R-COOH; neighbors are one hydroxyl oxygen and one alpha carbon (R)."",
    ""uncertainty"": ""low""
  },
  {
    ""atom_type"": 271,
    ""element"": ""C"",
    ""chemical_environment"": ""carbonyl carbon in a carboxylate anion attached to an alkyl carbon and an anionic oxygen"",
    ""functional_group"": ""carboxylate carbonyl carbon"",
    ""hybridization"": ""sp2"",
    ""example_molecule_smiles"": ""CC(=O)[O-]"",
    ""group_smarts"": ""[C;X3](=O)[O-]"",
    ""atom_specific_smarts"": ""[C;X3](=O)([O-])[#6]"",
    ""description"": ""C=O carbon of R-COO−; neighbors are one anionic oxygen and one alpha carbon (R)."",
    ""uncertainty"": ""low""
  },
  {
    ""atom_type"": 273,
    ""element"": ""C"",
    ""chemical_environment"": ""methyl carbon alpha to a carboxylate group"",
    ""functional_group"": ""alpha-carbon to carboxylate (CH3)"",
    ""hybridization"": ""sp3"",
    ""example_molecule_smiles"": ""CC(=O)[O-]"",
    ""group_smarts"": ""[C;X4]-[C;X3](=O)[O-]"",
    ""atom_specific_smarts"": ""[CH3;X4]-[C;X3](=O)[O-]"",
    ""description"": ""CH3 alpha carbon directly bonded to a carboxylate carbonyl carbon in R-COO− (e.g., acetate)."",
    ""uncertainty"": ""low""
  },
  {
    ""atom_type"": 274,
    ""element"": ""C"",
    ""chemical_environment"": ""methylene carbon alpha to a carboxylate group"",
    ""functional_group"": ""alpha-carbon to carboxylate (CH2)"",
    ""hybridization"": ""sp3"",
    ""example_molecule_smiles"": ""CCC(=O)[O-]"",
    ""group_smarts"": ""[C;X4]-[C;X3](=O)[O-]"",
    ""atom_specific_smarts"": ""[CH2;X4]-[C;X3](=O)[O-]"",
    ""description"": ""CH2 alpha carbon directly bonded to a carboxylate carbonyl carbon in R-CH2-COO− (e.g., propionate)."",
    ""uncertainty"": ""low""
  },
  {
    ""atom_type"": 275,
    ""element"": ""C"",
    ""chemical_environment"": ""tertiary (CH) carbon alpha to a carboxylate group"",
    ""functional_group"": ""alpha-carbon to carboxylate (CH)"",
    ""hybridization"": ""sp3"",
    ""example_molecule_smiles"": ""CC(C)C(=O)[O-]"",
    ""group_smarts"": ""[C;X4]-[C;X3](=O)[O-]"",
    ""atom_specific_smarts"": ""[CH;X4]-[C;X3](=O)[O-]"",
    ""description"": ""Tertiary CH alpha carbon bonded to a carboxylate carbonyl carbon (e.g., isobutyrate)."",
    ""uncertainty"": ""low""
  },
  {
    ""atom_type"": 276,
    ""element"": ""C"",
    ""chemical_environment"": ""quaternary carbon (no H) alpha to a carboxylate group"",
    ""functional_group"": ""alpha-carbon to carboxylate (C, H0)"",
    ""hybridization"": ""sp3"",
    ""example_molecule_smiles"": ""CC(C)(C)C(=O)[O-]"",
    ""group_smarts"": ""[C;X4]-[C;X3](=O)[O-]"",
    ""atom_specific_smarts"": ""[C;X4;H0]-[C;X3](=O)[O-]"",
    ""description"": ""Quaternary alpha carbon (no hydrogens) directly bonded to a carboxylate carbonyl carbon (e.g., pivalate)."",
    ""uncertainty"": ""low""
  },
  {
    ""atom_type"": 277,
    ""element"": ""C"",
    ""chemical_environment"": ""carbonyl carbon of an aldehyde or acyl halide"",
    ""functional_group"": ""aldehyde or acyl halide carbonyl carbon"",
    ""hybridization"": ""sp2"",
    ""example_molecule_smiles"": ""CC(=O)Cl"",
    ""group_smarts"": ""[C;X3](=O)[H,F,Cl,Br,I]"",
    ""atom_specific_smarts"": ""[$([C;X3H1](=O)[#6]),$([C;X3](=O)[F,Cl,Br,I])]"",
    ""description"": ""C=O carbon where the non-carbonyl substituent is H (aldehyde) or a halogen (acyl halide); used when defining C-alpha environments."",
    ""uncertainty"": ""low""
  },
  {
    ""atom_type"": 280,
    ""element"": ""C"",
    ""chemical_environment"": ""carbonyl carbon of a ketone (bound to two carbons)"",
    ""functional_group"": ""ketone carbonyl carbon"",
    ""hybridization"": ""sp2"",
    ""example_molecule_smiles"": ""CC(=O)C"",
    ""group_smarts"": ""[C;X3](=O)([#6])[#6]"",
    ""atom_specific_smarts"": ""[C;X3](=O)([#6])[#6]"",
    ""description"": ""C=O carbon with both single-bond substituents being carbon (R-CO-R′)."",
    ""uncertainty"": ""low""
  },
  {
    ""atom_type"": 283,
    ""element"": ""C"",
    ""chemical_environment"": ""C-alpha of a C-terminal alanine residue (attached to backbone N, side-chain CH3, and terminal carboxyl group)"",
    ""functional_group"": ""amino acid C-alpha at C-terminus (Ala)"",
    ""hybridization"": ""sp3"",
    ""example_molecule_smiles"": ""NC(C)C(=O)[O-]"",
    ""group_smarts"": ""[C;X4]([N;X3])[C;X3](=O)[$([O-]),$([OX1H])]"",
    ""atom_specific_smarts"": ""[CH]([N;X3])([CH3])[C;X3](=O)[$([O-]),$([OX1H])]"",
    ""description"": ""Alanine Cα bonded to backbone N, a methyl side chain, and the C-terminal carboxyl (COO−/COOH)."",
    ""uncertainty"": ""medium""
  },
  {
    ""atom_type"": 284,
    ""element"": ""C"",
    ""chemical_environment"": ""C-alpha of a C-terminal glycine residue (attached to backbone N and terminal carboxyl; side chain is H)"",
    ""functional_group"": ""amino acid C-alpha at C-terminus (Gly)"",
    ""hybridization"": ""sp3"",
    ""example_molecule_smiles"": ""NCC(=O)[O-]"",
    ""group_smarts"": ""[C;X4]([N;X3])[C;X3](=O)[$([O-]),$([OX1H])]"",
    ""atom_specific_smarts"": ""[CH2]([N;X3])[C;X3](=O)[$([O-]),$([OX1H])]"",
    ""description"": ""Glycine Cα (CH2) bonded to backbone N and the C-terminal carboxyl (COO−/COOH)."",
    ""uncertainty"": ""medium""
  },
  {
    ""atom_type"": 285,
    ""element"": ""C"",
    ""chemical_environment"": ""C-alpha of a C-terminal proline residue (attached to ring amide N and terminal carboxyl)"",
    ""functional_group"": ""amino acid C-alpha at C-terminus (Pro)"",
    ""hybridization"": ""sp3"",
    ""example_molecule_smiles"": ""N1CCC[C@H]1C(=O)[O-]"",
    ""group_smarts"": ""[C;X4]([N;X3;R])[C;X3](=O)[$([O-]),$([OX1H])]"",
    ""atom_specific_smarts"": ""[CH]([N;X3;R;H1])[C;X3](=O)[$([O-]),$([OX1H])]"",
    ""description"": ""Proline Cα bonded to a ring amide nitrogen (in the pyrrolidine ring) and the C-terminal carboxyl (COO−/COOH)."",
    ""uncertainty"": ""medium""
  },
  {
    ""atom_type"": 291,
    ""element"": ""C"",
    ""chemical_environment"": ""methyl carbon directly bonded to a primary ammonium (NH3+)"",
    ""functional_group"": ""alkyl adjacent to protonated primary amine"",
    ""hybridization"": ""sp3"",
    ""example_molecule_smiles"": ""C[NH3+]"",
    ""group_smarts"": ""[C;X4]-[N+H3]"",
    ""atom_specific_smarts"": ""[CH3]-[N+H3]"",
    ""description"": ""Terminal CH3 bound to an –NH3+ group (methylammonium)."",
    ""uncertainty"": ""low""
  },
  {
    ""atom_type"": 292,
    ""element"": ""C"",
    ""chemical_environment"": ""methylene carbon directly bonded to a primary ammonium (NH3+); also matches Gly C-alpha at N-terminus"",
    ""functional_group"": ""alkyl adjacent to protonated primary amine"",
    ""hybridization"": ""sp3"",
    ""example_molecule_smiles"": ""CC[NH3+]"",
    ""group_smarts"": ""[C;X4]-[N+H3]"",
    ""atom_specific_smarts"": ""[CH2]-[N+H3]"",
    ""description"": ""CH2 attached to –NH3+ (e.g., ethylammonium) and covers Gly Cα at the N-terminus (–CH2–NH3+)."",
    ""uncertainty"": ""low""
  },
  {
    ""atom_type"": 293,
    ""element"": ""C"",
    ""chemical_environment"": ""tertiary (CH) carbon directly bonded to a primary ammonium (NH3+)"",
    ""functional_group"": ""alkyl adjacent to protonated primary amine"",
    ""hybridization"": ""sp3"",
    ""example_molecule_smiles"": ""CC(C)[NH3+]"",
    ""group_smarts"": ""[C;X4]-[N+H3]"",
    ""atom_specific_smarts"": ""[CH]-[N+H3]"",
    ""description"": ""Tertiary CH bound to –NH3+ (e.g., isopropylammonium)."",
    ""uncertainty"": ""low""
  },
  {
    ""atom_type"": 294,
    ""element"": ""C"",
    ""chemical_environment"": ""quaternary carbon (no H) directly bonded to a primary ammonium (NH3+)"",
    ""functional_group"": ""alkyl adjacent to protonated primary amine"",
    ""hybridization"": ""sp3"",
    ""example_molecule_smiles"": ""C(C)(C)C[NH3+]"",
    ""group_smarts"": ""[C;X4]-[N+H3]"",
    ""atom_specific_smarts"": ""[C;X4;H0]-[N+H3]"",
    ""description"": ""Quaternary carbon (no hydrogens) adjacent to –NH3+ (e.g., t-butylammonium)."",
    ""uncertainty"": ""low""
  },
  {
    ""atom_type"": 295,
    ""element"": ""C"",
    ""chemical_environment"": ""C-alpha of N-terminal proline (attached to protonated ring nitrogen [NH2+] and backbone carbonyl)"",
    ""functional_group"": ""amino acid C-alpha at N-terminus (Pro, protonated)"",
    ""hybridization"": ""sp3"",
    ""example_molecule_smiles"": ""[NH2+]1CCCC[C@H]1C(=O)O"",
    ""group_smarts"": ""[C;X4]([N+H2;R])[C;X3](=O)[$([O-]),$([OX1H])]"",
    ""atom_specific_smarts"": ""[CH]([N+H2;R])[C;X3](=O)[$([O-]),$([OX1H])]"",
    ""description"": ""Proline Cα bonded to ring –NH2+ (protonated secondary amine) and to the carbonyl carbon of the carboxyl group."",
    ""uncertainty"": ""medium""
  },
  {
    ""atom_type"": 296,
    ""element"": ""C"",
    ""chemical_environment"": ""C-delta methylene in N-terminal proline ring adjacent to protonated ring nitrogen"",
    ""functional_group"": ""aliphatic ring carbon alpha to ammonium (proline, N-terminus)"",
    ""hybridization"": ""sp3"",
    ""example_molecule_smiles"": ""[NH2+]1CCCC[C@H]1C(=O)O"",
    ""group_smarts"": ""[CH2;R]-[N+H2;R]"",
    ""atom_specific_smarts"": ""[CH2;R]-[N+H2;R]"",
    ""description"": ""Proline ring CH2 (Cδ) directly bonded within the ring and adjacent to protonated ring nitrogen (–NH2+)."",
    ""uncertainty"": ""medium""
  },
  {
    ""atom_type"": 297,
    ""element"": ""C"",
    ""chemical_environment"": ""methyl carbon attached to a protonated secondary ammonium (–NH2+–R)"",
    ""functional_group"": ""alkyl adjacent to protonated secondary amine"",
    ""hybridization"": ""sp3"",
    ""example_molecule_smiles"": ""C[NH2+]C"",
    ""group_smarts"": ""[C;X4]-[N+H2]-[#6]"",
    ""atom_specific_smarts"": ""[CH3]-[N+H2]-[#6]"",
    ""description"": ""CH3 bound to –NH2+–R (protonated secondary amine)."",
    ""uncertainty"": ""low""
  },
  {
    ""atom_type"": 298,
    ""element"": ""C"",
    ""chemical_environment"": ""C-alpha of glycine in the zwitterion (attached to NH3+ and COO−)"",
    ""functional_group"": ""amino acid C-alpha (Gly, zwitterion)"",
    ""hybridization"": ""sp3"",
    ""example_molecule_smiles"": ""[NH3+]CC(=O)[O-]"",
    ""group_smarts"": ""[C;X4]([N+H3])[C;X3](=O)[O-]"",
    ""atom_specific_smarts"": ""[CH2]([N+H3])[C;X3](=O)[O-]"",
    ""description"": ""Glycine Cα (CH2) bonded to –NH3+ and to the carboxylate carbonyl (COO−)."",
    ""uncertainty"": ""low""
  },
  {
    ""atom_type"": 299,
    ""element"": ""C"",
    ""chemical_environment"": ""C-alpha of alanine in the zwitterion (attached to NH3+, CH3 side chain, and COO−)"",
    ""functional_group"": ""amino acid C-alpha (Ala, zwitterion)"",
    ""hybridization"": ""sp3"",
    ""example_molecule_smiles"": ""[NH3+]C(C)C(=O)[O-]"",
    ""group_smarts"": ""[C;X4]([N+H3])[C;X3](=O)[O-]"",
    ""atom_specific_smarts"": ""[CH]([N+H3])([CH3])[C;X3](=O)[O-]"",
    ""description"": ""Alanine Cα (CH) bonded to –NH3+, a methyl side chain, and the carboxylate carbonyl (COO−)."",
    ""uncertainty"": ""low""
  }
]"
285,-0.09,C  - CT   | AA C-alpha on C-terminal PRO,12.011,oplsaa.lt,C,6,"Convert the following OPLS-AA atom type rows:

Atom Type Data:
- Atom index: 267
- Force field raw info: C  - C~   | Co in CCOOH carboxylic acid
- Partial charge: 0.52
- Atomic mass: 12.011
- Element guess: C
- Atomic number: 6
- Source file: oplsaa.lt


Atom Type Data:
- Atom index: 271
- Force field raw info: C  - C~   | C in COO- carboxylate
- Partial charge: 0.7
- Atomic mass: 12.011
- Element guess: C
- Atomic number: 6
- Source file: oplsaa.lt


Atom Type Data:
- Atom index: 273
- Force field raw info: C  - CT   | C: CH3, carboxylate ion
- Partial charge: -0.28
- Atomic mass: 12.011
- Element guess: C
- Atomic number: 6
- Source file: oplsaa.lt


Atom Type Data:
- Atom index: 274
- Force field raw info: C  - CT   | C: CH2, carboxylate ion
- Partial charge: -0.22
- Atomic mass: 12.011
- Element guess: C
- Atomic number: 6
- Source file: oplsaa.lt


Atom Type Data:
- Atom index: 275
- Force field raw info: C  - CT   | C: CH, carboxylate ion
- Partial charge: -0.16
- Atomic mass: 12.011
- Element guess: C
- Atomic number: 6
- Source file: oplsaa.lt


Atom Type Data:
- Atom index: 276
- Force field raw info: C  - CT   | C: C, carboxylate ion
- Partial charge: -0.1
- Atomic mass: 12.011
- Element guess: C
- Atomic number: 6
- Source file: oplsaa.lt


Atom Type Data:
- Atom index: 277
- Force field raw info: C  - C~   | AA C: aldehyde & acyl halide - for C-alpha use
- Partial charge: 0.45
- Atomic mass: 12.011
- Element guess: C
- Atomic number: 6
- Source file: oplsaa.lt


Atom Type Data:
- Atom index: 280
- Force field raw info: C  - C~   | AA C: ketone - for C-alpha use
- Partial charge: 0.47
- Atomic mass: 12.011
- Element guess: C
- Atomic number: 6
- Source file: oplsaa.lt


Atom Type Data:
- Atom index: 283
- Force field raw info: C  - CT   | AA C-alpha on C-terminal ALA
- Partial charge: 0.04
- Atomic mass: 12.011
- Element guess: C
- Atomic number: 6
- Source file: oplsaa.lt


Atom Type Data:
- Atom index: 284
- Force field raw info: C  - CT   | AA C-alpha on C-terminal GLY
- Partial charge: -0.02
- Atomic mass: 12.011
- Element guess: C
- Atomic number: 6
- Source file: oplsaa.lt


Atom Type Data:
- Atom index: 285
- Force field raw info: C  - CT   | AA C-alpha on C-terminal PRO
- Partial charge: -0.09
- Atomic mass: 12.011
- Element guess: C
- Atomic number: 6
- Source file: oplsaa.lt


Atom Type Data:
- Atom index: 291
- Force field raw info: C  - CT   | C in CH3NH3+
- Partial charge: 0.13
- Atomic mass: 12.011
- Element guess: C
- Atomic number: 6
- Source file: oplsaa.lt


Atom Type Data:
- Atom index: 292
- Force field raw info: C  - CT   | C in RCH2NH3+ & CA in N-term Gly
- Partial charge: 0.19
- Atomic mass: 12.011
- Element guess: C
- Atomic number: 6
- Source file: oplsaa.lt


Atom Type Data:
- Atom index: 293
- Force field raw info: C  - CT   | C in R2CHNH3+ & CA in N-term Ala, etc.
- Partial charge: 0.25
- Atomic mass: 12.011
- Element guess: C
- Atomic number: 6
- Source file: oplsaa.lt


Atom Type Data:
- Atom index: 294
- Force field raw info: C  - CT   | C in R3CNH3+
- Partial charge: 0.31
- Atomic mass: 12.011
- Element guess: C
- Atomic number: 6
- Source file: oplsaa.lt


Atom Type Data:
- Atom index: 295
- Force field raw info: C  - CT   | AA:C-alpha in N-term PRO
- Partial charge: 0.23
- Atomic mass: 12.011
- Element guess: C
- Atomic number: 6
- Source file: oplsaa.lt


Atom Type Data:
- Atom index: 296
- Force field raw info: C  - CT   | AA:C-delta in N-term PRO
- Partial charge: 0.17
- Atomic mass: 12.011
- Element guess: C
- Atomic number: 6
- Source file: oplsaa.lt


Atom Type Data:
- Atom index: 297
- Force field raw info: C  - CT   | CT in CH3NH2+R
- Partial charge: 0.11
- Atomic mass: 12.011
- Element guess: C
- Atomic number: 6
- Source file: oplsaa.lt


Atom Type Data:
- Atom index: 298
- Force field raw info: C  - CT   | AA C-alpha in Gly zwitterion
- Partial charge: 0.09
- Atomic mass: 12.011
- Element guess: C
- Atomic number: 6
- Source file: oplsaa.lt


Atom Type Data:
- Atom index: 299
- Force field raw info: C  - CT   | AA C-alpha in Ala zwitterion
- Partial charge: 0.15
- Atomic mass: 12.011
- Element guess: C
- Atomic number: 6
- Source file: oplsaa.lt
","[
  {
    ""atom_type"": 267,
    ""element"": ""C"",
    ""chemical_environment"": ""carbonyl carbon in a carboxylic acid attached to hydroxyl O-H and an alkyl carbon"",
    ""functional_group"": ""carboxylic acid carbonyl carbon"",
    ""hybridization"": ""sp2"",
    ""example_molecule_smiles"": ""CC(=O)O"",
    ""group_smarts"": ""[C;X3](=O)[OX1H]"",
    ""atom_specific_smarts"": ""[C;X3](=O)([OX1H])[#6]"",
    ""description"": ""C=O carbon of R-COOH; neighbors are one hydroxyl oxygen and one alpha carbon (R)."",
    ""uncertainty"": ""low""
  },
  {
    ""atom_type"": 271,
    ""element"": ""C"",
    ""chemical_environment"": ""carbonyl carbon in a carboxylate anion attached to an alkyl carbon and an anionic oxygen"",
    ""functional_group"": ""carboxylate carbonyl carbon"",
    ""hybridization"": ""sp2"",
    ""example_molecule_smiles"": ""CC(=O)[O-]"",
    ""group_smarts"": ""[C;X3](=O)[O-]"",
    ""atom_specific_smarts"": ""[C;X3](=O)([O-])[#6]"",
    ""description"": ""C=O carbon of R-COO−; neighbors are one anionic oxygen and one alpha carbon (R)."",
    ""uncertainty"": ""low""
  },
  {
    ""atom_type"": 273,
    ""element"": ""C"",
    ""chemical_environment"": ""methyl carbon alpha to a carboxylate group"",
    ""functional_group"": ""alpha-carbon to carboxylate (CH3)"",
    ""hybridization"": ""sp3"",
    ""example_molecule_smiles"": ""CC(=O)[O-]"",
    ""group_smarts"": ""[C;X4]-[C;X3](=O)[O-]"",
    ""atom_specific_smarts"": ""[CH3;X4]-[C;X3](=O)[O-]"",
    ""description"": ""CH3 alpha carbon directly bonded to a carboxylate carbonyl carbon in R-COO− (e.g., acetate)."",
    ""uncertainty"": ""low""
  },
  {
    ""atom_type"": 274,
    ""element"": ""C"",
    ""chemical_environment"": ""methylene carbon alpha to a carboxylate group"",
    ""functional_group"": ""alpha-carbon to carboxylate (CH2)"",
    ""hybridization"": ""sp3"",
    ""example_molecule_smiles"": ""CCC(=O)[O-]"",
    ""group_smarts"": ""[C;X4]-[C;X3](=O)[O-]"",
    ""atom_specific_smarts"": ""[CH2;X4]-[C;X3](=O)[O-]"",
    ""description"": ""CH2 alpha carbon directly bonded to a carboxylate carbonyl carbon in R-CH2-COO− (e.g., propionate)."",
    ""uncertainty"": ""low""
  },
  {
    ""atom_type"": 275,
    ""element"": ""C"",
    ""chemical_environment"": ""tertiary (CH) carbon alpha to a carboxylate group"",
    ""functional_group"": ""alpha-carbon to carboxylate (CH)"",
    ""hybridization"": ""sp3"",
    ""example_molecule_smiles"": ""CC(C)C(=O)[O-]"",
    ""group_smarts"": ""[C;X4]-[C;X3](=O)[O-]"",
    ""atom_specific_smarts"": ""[CH;X4]-[C;X3](=O)[O-]"",
    ""description"": ""Tertiary CH alpha carbon bonded to a carboxylate carbonyl carbon (e.g., isobutyrate)."",
    ""uncertainty"": ""low""
  },
  {
    ""atom_type"": 276,
    ""element"": ""C"",
    ""chemical_environment"": ""quaternary carbon (no H) alpha to a carboxylate group"",
    ""functional_group"": ""alpha-carbon to carboxylate (C, H0)"",
    ""hybridization"": ""sp3"",
    ""example_molecule_smiles"": ""CC(C)(C)C(=O)[O-]"",
    ""group_smarts"": ""[C;X4]-[C;X3](=O)[O-]"",
    ""atom_specific_smarts"": ""[C;X4;H0]-[C;X3](=O)[O-]"",
    ""description"": ""Quaternary alpha carbon (no hydrogens) directly bonded to a carboxylate carbonyl carbon (e.g., pivalate)."",
    ""uncertainty"": ""low""
  },
  {
    ""atom_type"": 277,
    ""element"": ""C"",
    ""chemical_environment"": ""carbonyl carbon of an aldehyde or acyl halide"",
    ""functional_group"": ""aldehyde or acyl halide carbonyl carbon"",
    ""hybridization"": ""sp2"",
    ""example_molecule_smiles"": ""CC(=O)Cl"",
    ""group_smarts"": ""[C;X3](=O)[H,F,Cl,Br,I]"",
    ""atom_specific_smarts"": ""[$([C;X3H1](=O)[#6]),$([C;X3](=O)[F,Cl,Br,I])]"",
    ""description"": ""C=O carbon where the non-carbonyl substituent is H (aldehyde) or a halogen (acyl halide); used when defining C-alpha environments."",
    ""uncertainty"": ""low""
  },
  {
    ""atom_type"": 280,
    ""element"": ""C"",
    ""chemical_environment"": ""carbonyl carbon of a ketone (bound to two carbons)"",
    ""functional_group"": ""ketone carbonyl carbon"",
    ""hybridization"": ""sp2"",
    ""example_molecule_smiles"": ""CC(=O)C"",
    ""group_smarts"": ""[C;X3](=O)([#6])[#6]"",
    ""atom_specific_smarts"": ""[C;X3](=O)([#6])[#6]"",
    ""description"": ""C=O carbon with both single-bond substituents being carbon (R-CO-R′)."",
    ""uncertainty"": ""low""
  },
  {
    ""atom_type"": 283,
    ""element"": ""C"",
    ""chemical_environment"": ""C-alpha of a C-terminal alanine residue (attached to backbone N, side-chain CH3, and terminal carboxyl group)"",
    ""functional_group"": ""amino acid C-alpha at C-terminus (Ala)"",
    ""hybridization"": ""sp3"",
    ""example_molecule_smiles"": ""NC(C)C(=O)[O-]"",
    ""group_smarts"": ""[C;X4]([N;X3])[C;X3](=O)[$([O-]),$([OX1H])]"",
    ""atom_specific_smarts"": ""[CH]([N;X3])([CH3])[C;X3](=O)[$([O-]),$([OX1H])]"",
    ""description"": ""Alanine Cα bonded to backbone N, a methyl side chain, and the C-terminal carboxyl (COO−/COOH)."",
    ""uncertainty"": ""medium""
  },
  {
    ""atom_type"": 284,
    ""element"": ""C"",
    ""chemical_environment"": ""C-alpha of a C-terminal glycine residue (attached to backbone N and terminal carboxyl; side chain is H)"",
    ""functional_group"": ""amino acid C-alpha at C-terminus (Gly)"",
    ""hybridization"": ""sp3"",
    ""example_molecule_smiles"": ""NCC(=O)[O-]"",
    ""group_smarts"": ""[C;X4]([N;X3])[C;X3](=O)[$([O-]),$([OX1H])]"",
    ""atom_specific_smarts"": ""[CH2]([N;X3])[C;X3](=O)[$([O-]),$([OX1H])]"",
    ""description"": ""Glycine Cα (CH2) bonded to backbone N and the C-terminal carboxyl (COO−/COOH)."",
    ""uncertainty"": ""medium""
  },
  {
    ""atom_type"": 285,
    ""element"": ""C"",
    ""chemical_environment"": ""C-alpha of a C-terminal proline residue (attached to ring amide N and terminal carboxyl)"",
    ""functional_group"": ""amino acid C-alpha at C-terminus (Pro)"",
    ""hybridization"": ""sp3"",
    ""example_molecule_smiles"": ""N1CCC[C@H]1C(=O)[O-]"",
    ""group_smarts"": ""[C;X4]([N;X3;R])[C;X3](=O)[$([O-]),$([OX1H])]"",
    ""atom_specific_smarts"": ""[CH]([N;X3;R;H1])[C;X3](=O)[$([O-]),$([OX1H])]"",
    ""description"": ""Proline Cα bonded to a ring amide nitrogen (in the pyrrolidine ring) and the C-terminal carboxyl (COO−/COOH)."",
    ""uncertainty"": ""medium""
  },
  {
    ""atom_type"": 291,
    ""element"": ""C"",
    ""chemical_environment"": ""methyl carbon directly bonded to a primary ammonium (NH3+)"",
    ""functional_group"": ""alkyl adjacent to protonated primary amine"",
    ""hybridization"": ""sp3"",
    ""example_molecule_smiles"": ""C[NH3+]"",
    ""group_smarts"": ""[C;X4]-[N+H3]"",
    ""atom_specific_smarts"": ""[CH3]-[N+H3]"",
    ""description"": ""Terminal CH3 bound to an –NH3+ group (methylammonium)."",
    ""uncertainty"": ""low""
  },
  {
    ""atom_type"": 292,
    ""element"": ""C"",
    ""chemical_environment"": ""methylene carbon directly bonded to a primary ammonium (NH3+); also matches Gly C-alpha at N-terminus"",
    ""functional_group"": ""alkyl adjacent to protonated primary amine"",
    ""hybridization"": ""sp3"",
    ""example_molecule_smiles"": ""CC[NH3+]"",
    ""group_smarts"": ""[C;X4]-[N+H3]"",
    ""atom_specific_smarts"": ""[CH2]-[N+H3]"",
    ""description"": ""CH2 attached to –NH3+ (e.g., ethylammonium) and covers Gly Cα at the N-terminus (–CH2–NH3+)."",
    ""uncertainty"": ""low""
  },
  {
    ""atom_type"": 293,
    ""element"": ""C"",
    ""chemical_environment"": ""tertiary (CH) carbon directly bonded to a primary ammonium (NH3+)"",
    ""functional_group"": ""alkyl adjacent to protonated primary amine"",
    ""hybridization"": ""sp3"",
    ""example_molecule_smiles"": ""CC(C)[NH3+]"",
    ""group_smarts"": ""[C;X4]-[N+H3]"",
    ""atom_specific_smarts"": ""[CH]-[N+H3]"",
    ""description"": ""Tertiary CH bound to –NH3+ (e.g., isopropylammonium)."",
    ""uncertainty"": ""low""
  },
  {
    ""atom_type"": 294,
    ""element"": ""C"",
    ""chemical_environment"": ""quaternary carbon (no H) directly bonded to a primary ammonium (NH3+)"",
    ""functional_group"": ""alkyl adjacent to protonated primary amine"",
    ""hybridization"": ""sp3"",
    ""example_molecule_smiles"": ""C(C)(C)C[NH3+]"",
    ""group_smarts"": ""[C;X4]-[N+H3]"",
    ""atom_specific_smarts"": ""[C;X4;H0]-[N+H3]"",
    ""description"": ""Quaternary carbon (no hydrogens) adjacent to –NH3+ (e.g., t-butylammonium)."",
    ""uncertainty"": ""low""
  },
  {
    ""atom_type"": 295,
    ""element"": ""C"",
    ""chemical_environment"": ""C-alpha of N-terminal proline (attached to protonated ring nitrogen [NH2+] and backbone carbonyl)"",
    ""functional_group"": ""amino acid C-alpha at N-terminus (Pro, protonated)"",
    ""hybridization"": ""sp3"",
    ""example_molecule_smiles"": ""[NH2+]1CCCC[C@H]1C(=O)O"",
    ""group_smarts"": ""[C;X4]([N+H2;R])[C;X3](=O)[$([O-]),$([OX1H])]"",
    ""atom_specific_smarts"": ""[CH]([N+H2;R])[C;X3](=O)[$([O-]),$([OX1H])]"",
    ""description"": ""Proline Cα bonded to ring –NH2+ (protonated secondary amine) and to the carbonyl carbon of the carboxyl group."",
    ""uncertainty"": ""medium""
  },
  {
    ""atom_type"": 296,
    ""element"": ""C"",
    ""chemical_environment"": ""C-delta methylene in N-terminal proline ring adjacent to protonated ring nitrogen"",
    ""functional_group"": ""aliphatic ring carbon alpha to ammonium (proline, N-terminus)"",
    ""hybridization"": ""sp3"",
    ""example_molecule_smiles"": ""[NH2+]1CCCC[C@H]1C(=O)O"",
    ""group_smarts"": ""[CH2;R]-[N+H2;R]"",
    ""atom_specific_smarts"": ""[CH2;R]-[N+H2;R]"",
    ""description"": ""Proline ring CH2 (Cδ) directly bonded within the ring and adjacent to protonated ring nitrogen (–NH2+)."",
    ""uncertainty"": ""medium""
  },
  {
    ""atom_type"": 297,
    ""element"": ""C"",
    ""chemical_environment"": ""methyl carbon attached to a protonated secondary ammonium (–NH2+–R)"",
    ""functional_group"": ""alkyl adjacent to protonated secondary amine"",
    ""hybridization"": ""sp3"",
    ""example_molecule_smiles"": ""C[NH2+]C"",
    ""group_smarts"": ""[C;X4]-[N+H2]-[#6]"",
    ""atom_specific_smarts"": ""[CH3]-[N+H2]-[#6]"",
    ""description"": ""CH3 bound to –NH2+–R (protonated secondary amine)."",
    ""uncertainty"": ""low""
  },
  {
    ""atom_type"": 298,
    ""element"": ""C"",
    ""chemical_environment"": ""C-alpha of glycine in the zwitterion (attached to NH3+ and COO−)"",
    ""functional_group"": ""amino acid C-alpha (Gly, zwitterion)"",
    ""hybridization"": ""sp3"",
    ""example_molecule_smiles"": ""[NH3+]CC(=O)[O-]"",
    ""group_smarts"": ""[C;X4]([N+H3])[C;X3](=O)[O-]"",
    ""atom_specific_smarts"": ""[CH2]([N+H3])[C;X3](=O)[O-]"",
    ""description"": ""Glycine Cα (CH2) bonded to –NH3+ and to the carboxylate carbonyl (COO−)."",
    ""uncertainty"": ""low""
  },
  {
    ""atom_type"": 299,
    ""element"": ""C"",
    ""chemical_environment"": ""C-alpha of alanine in the zwitterion (attached to NH3+, CH3 side chain, and COO−)"",
    ""functional_group"": ""amino acid C-alpha (Ala, zwitterion)"",
    ""hybridization"": ""sp3"",
    ""example_molecule_smiles"": ""[NH3+]C(C)C(=O)[O-]"",
    ""group_smarts"": ""[C;X4]([N+H3])[C;X3](=O)[O-]"",
    ""atom_specific_smarts"": ""[CH]([N+H3])([CH3])[C;X3](=O)[O-]"",
    ""description"": ""Alanine Cα (CH) bonded to –NH3+, a methyl side chain, and the carboxylate carbonyl (COO−)."",
    ""uncertainty"": ""low""
  }
]"
291,0.13,C  - CT   | C in CH3NH3+,12.011,oplsaa.lt,C,6,"Convert the following OPLS-AA atom type rows:

Atom Type Data:
- Atom index: 267
- Force field raw info: C  - C~   | Co in CCOOH carboxylic acid
- Partial charge: 0.52
- Atomic mass: 12.011
- Element guess: C
- Atomic number: 6
- Source file: oplsaa.lt


Atom Type Data:
- Atom index: 271
- Force field raw info: C  - C~   | C in COO- carboxylate
- Partial charge: 0.7
- Atomic mass: 12.011
- Element guess: C
- Atomic number: 6
- Source file: oplsaa.lt


Atom Type Data:
- Atom index: 273
- Force field raw info: C  - CT   | C: CH3, carboxylate ion
- Partial charge: -0.28
- Atomic mass: 12.011
- Element guess: C
- Atomic number: 6
- Source file: oplsaa.lt


Atom Type Data:
- Atom index: 274
- Force field raw info: C  - CT   | C: CH2, carboxylate ion
- Partial charge: -0.22
- Atomic mass: 12.011
- Element guess: C
- Atomic number: 6
- Source file: oplsaa.lt


Atom Type Data:
- Atom index: 275
- Force field raw info: C  - CT   | C: CH, carboxylate ion
- Partial charge: -0.16
- Atomic mass: 12.011
- Element guess: C
- Atomic number: 6
- Source file: oplsaa.lt


Atom Type Data:
- Atom index: 276
- Force field raw info: C  - CT   | C: C, carboxylate ion
- Partial charge: -0.1
- Atomic mass: 12.011
- Element guess: C
- Atomic number: 6
- Source file: oplsaa.lt


Atom Type Data:
- Atom index: 277
- Force field raw info: C  - C~   | AA C: aldehyde & acyl halide - for C-alpha use
- Partial charge: 0.45
- Atomic mass: 12.011
- Element guess: C
- Atomic number: 6
- Source file: oplsaa.lt


Atom Type Data:
- Atom index: 280
- Force field raw info: C  - C~   | AA C: ketone - for C-alpha use
- Partial charge: 0.47
- Atomic mass: 12.011
- Element guess: C
- Atomic number: 6
- Source file: oplsaa.lt


Atom Type Data:
- Atom index: 283
- Force field raw info: C  - CT   | AA C-alpha on C-terminal ALA
- Partial charge: 0.04
- Atomic mass: 12.011
- Element guess: C
- Atomic number: 6
- Source file: oplsaa.lt


Atom Type Data:
- Atom index: 284
- Force field raw info: C  - CT   | AA C-alpha on C-terminal GLY
- Partial charge: -0.02
- Atomic mass: 12.011
- Element guess: C
- Atomic number: 6
- Source file: oplsaa.lt


Atom Type Data:
- Atom index: 285
- Force field raw info: C  - CT   | AA C-alpha on C-terminal PRO
- Partial charge: -0.09
- Atomic mass: 12.011
- Element guess: C
- Atomic number: 6
- Source file: oplsaa.lt


Atom Type Data:
- Atom index: 291
- Force field raw info: C  - CT   | C in CH3NH3+
- Partial charge: 0.13
- Atomic mass: 12.011
- Element guess: C
- Atomic number: 6
- Source file: oplsaa.lt


Atom Type Data:
- Atom index: 292
- Force field raw info: C  - CT   | C in RCH2NH3+ & CA in N-term Gly
- Partial charge: 0.19
- Atomic mass: 12.011
- Element guess: C
- Atomic number: 6
- Source file: oplsaa.lt


Atom Type Data:
- Atom index: 293
- Force field raw info: C  - CT   | C in R2CHNH3+ & CA in N-term Ala, etc.
- Partial charge: 0.25
- Atomic mass: 12.011
- Element guess: C
- Atomic number: 6
- Source file: oplsaa.lt


Atom Type Data:
- Atom index: 294
- Force field raw info: C  - CT   | C in R3CNH3+
- Partial charge: 0.31
- Atomic mass: 12.011
- Element guess: C
- Atomic number: 6
- Source file: oplsaa.lt


Atom Type Data:
- Atom index: 295
- Force field raw info: C  - CT   | AA:C-alpha in N-term PRO
- Partial charge: 0.23
- Atomic mass: 12.011
- Element guess: C
- Atomic number: 6
- Source file: oplsaa.lt


Atom Type Data:
- Atom index: 296
- Force field raw info: C  - CT   | AA:C-delta in N-term PRO
- Partial charge: 0.17
- Atomic mass: 12.011
- Element guess: C
- Atomic number: 6
- Source file: oplsaa.lt


Atom Type Data:
- Atom index: 297
- Force field raw info: C  - CT   | CT in CH3NH2+R
- Partial charge: 0.11
- Atomic mass: 12.011
- Element guess: C
- Atomic number: 6
- Source file: oplsaa.lt


Atom Type Data:
- Atom index: 298
- Force field raw info: C  - CT   | AA C-alpha in Gly zwitterion
- Partial charge: 0.09
- Atomic mass: 12.011
- Element guess: C
- Atomic number: 6
- Source file: oplsaa.lt


Atom Type Data:
- Atom index: 299
- Force field raw info: C  - CT   | AA C-alpha in Ala zwitterion
- Partial charge: 0.15
- Atomic mass: 12.011
- Element guess: C
- Atomic number: 6
- Source file: oplsaa.lt
","[
  {
    ""atom_type"": 267,
    ""element"": ""C"",
    ""chemical_environment"": ""carbonyl carbon in a carboxylic acid attached to hydroxyl O-H and an alkyl carbon"",
    ""functional_group"": ""carboxylic acid carbonyl carbon"",
    ""hybridization"": ""sp2"",
    ""example_molecule_smiles"": ""CC(=O)O"",
    ""group_smarts"": ""[C;X3](=O)[OX1H]"",
    ""atom_specific_smarts"": ""[C;X3](=O)([OX1H])[#6]"",
    ""description"": ""C=O carbon of R-COOH; neighbors are one hydroxyl oxygen and one alpha carbon (R)."",
    ""uncertainty"": ""low""
  },
  {
    ""atom_type"": 271,
    ""element"": ""C"",
    ""chemical_environment"": ""carbonyl carbon in a carboxylate anion attached to an alkyl carbon and an anionic oxygen"",
    ""functional_group"": ""carboxylate carbonyl carbon"",
    ""hybridization"": ""sp2"",
    ""example_molecule_smiles"": ""CC(=O)[O-]"",
    ""group_smarts"": ""[C;X3](=O)[O-]"",
    ""atom_specific_smarts"": ""[C;X3](=O)([O-])[#6]"",
    ""description"": ""C=O carbon of R-COO−; neighbors are one anionic oxygen and one alpha carbon (R)."",
    ""uncertainty"": ""low""
  },
  {
    ""atom_type"": 273,
    ""element"": ""C"",
    ""chemical_environment"": ""methyl carbon alpha to a carboxylate group"",
    ""functional_group"": ""alpha-carbon to carboxylate (CH3)"",
    ""hybridization"": ""sp3"",
    ""example_molecule_smiles"": ""CC(=O)[O-]"",
    ""group_smarts"": ""[C;X4]-[C;X3](=O)[O-]"",
    ""atom_specific_smarts"": ""[CH3;X4]-[C;X3](=O)[O-]"",
    ""description"": ""CH3 alpha carbon directly bonded to a carboxylate carbonyl carbon in R-COO− (e.g., acetate)."",
    ""uncertainty"": ""low""
  },
  {
    ""atom_type"": 274,
    ""element"": ""C"",
    ""chemical_environment"": ""methylene carbon alpha to a carboxylate group"",
    ""functional_group"": ""alpha-carbon to carboxylate (CH2)"",
    ""hybridization"": ""sp3"",
    ""example_molecule_smiles"": ""CCC(=O)[O-]"",
    ""group_smarts"": ""[C;X4]-[C;X3](=O)[O-]"",
    ""atom_specific_smarts"": ""[CH2;X4]-[C;X3](=O)[O-]"",
    ""description"": ""CH2 alpha carbon directly bonded to a carboxylate carbonyl carbon in R-CH2-COO− (e.g., propionate)."",
    ""uncertainty"": ""low""
  },
  {
    ""atom_type"": 275,
    ""element"": ""C"",
    ""chemical_environment"": ""tertiary (CH) carbon alpha to a carboxylate group"",
    ""functional_group"": ""alpha-carbon to carboxylate (CH)"",
    ""hybridization"": ""sp3"",
    ""example_molecule_smiles"": ""CC(C)C(=O)[O-]"",
    ""group_smarts"": ""[C;X4]-[C;X3](=O)[O-]"",
    ""atom_specific_smarts"": ""[CH;X4]-[C;X3](=O)[O-]"",
    ""description"": ""Tertiary CH alpha carbon bonded to a carboxylate carbonyl carbon (e.g., isobutyrate)."",
    ""uncertainty"": ""low""
  },
  {
    ""atom_type"": 276,
    ""element"": ""C"",
    ""chemical_environment"": ""quaternary carbon (no H) alpha to a carboxylate group"",
    ""functional_group"": ""alpha-carbon to carboxylate (C, H0)"",
    ""hybridization"": ""sp3"",
    ""example_molecule_smiles"": ""CC(C)(C)C(=O)[O-]"",
    ""group_smarts"": ""[C;X4]-[C;X3](=O)[O-]"",
    ""atom_specific_smarts"": ""[C;X4;H0]-[C;X3](=O)[O-]"",
    ""description"": ""Quaternary alpha carbon (no hydrogens) directly bonded to a carboxylate carbonyl carbon (e.g., pivalate)."",
    ""uncertainty"": ""low""
  },
  {
    ""atom_type"": 277,
    ""element"": ""C"",
    ""chemical_environment"": ""carbonyl carbon of an aldehyde or acyl halide"",
    ""functional_group"": ""aldehyde or acyl halide carbonyl carbon"",
    ""hybridization"": ""sp2"",
    ""example_molecule_smiles"": ""CC(=O)Cl"",
    ""group_smarts"": ""[C;X3](=O)[H,F,Cl,Br,I]"",
    ""atom_specific_smarts"": ""[$([C;X3H1](=O)[#6]),$([C;X3](=O)[F,Cl,Br,I])]"",
    ""description"": ""C=O carbon where the non-carbonyl substituent is H (aldehyde) or a halogen (acyl halide); used when defining C-alpha environments."",
    ""uncertainty"": ""low""
  },
  {
    ""atom_type"": 280,
    ""element"": ""C"",
    ""chemical_environment"": ""carbonyl carbon of a ketone (bound to two carbons)"",
    ""functional_group"": ""ketone carbonyl carbon"",
    ""hybridization"": ""sp2"",
    ""example_molecule_smiles"": ""CC(=O)C"",
    ""group_smarts"": ""[C;X3](=O)([#6])[#6]"",
    ""atom_specific_smarts"": ""[C;X3](=O)([#6])[#6]"",
    ""description"": ""C=O carbon with both single-bond substituents being carbon (R-CO-R′)."",
    ""uncertainty"": ""low""
  },
  {
    ""atom_type"": 283,
    ""element"": ""C"",
    ""chemical_environment"": ""C-alpha of a C-terminal alanine residue (attached to backbone N, side-chain CH3, and terminal carboxyl group)"",
    ""functional_group"": ""amino acid C-alpha at C-terminus (Ala)"",
    ""hybridization"": ""sp3"",
    ""example_molecule_smiles"": ""NC(C)C(=O)[O-]"",
    ""group_smarts"": ""[C;X4]([N;X3])[C;X3](=O)[$([O-]),$([OX1H])]"",
    ""atom_specific_smarts"": ""[CH]([N;X3])([CH3])[C;X3](=O)[$([O-]),$([OX1H])]"",
    ""description"": ""Alanine Cα bonded to backbone N, a methyl side chain, and the C-terminal carboxyl (COO−/COOH)."",
    ""uncertainty"": ""medium""
  },
  {
    ""atom_type"": 284,
    ""element"": ""C"",
    ""chemical_environment"": ""C-alpha of a C-terminal glycine residue (attached to backbone N and terminal carboxyl; side chain is H)"",
    ""functional_group"": ""amino acid C-alpha at C-terminus (Gly)"",
    ""hybridization"": ""sp3"",
    ""example_molecule_smiles"": ""NCC(=O)[O-]"",
    ""group_smarts"": ""[C;X4]([N;X3])[C;X3](=O)[$([O-]),$([OX1H])]"",
    ""atom_specific_smarts"": ""[CH2]([N;X3])[C;X3](=O)[$([O-]),$([OX1H])]"",
    ""description"": ""Glycine Cα (CH2) bonded to backbone N and the C-terminal carboxyl (COO−/COOH)."",
    ""uncertainty"": ""medium""
  },
  {
    ""atom_type"": 285,
    ""element"": ""C"",
    ""chemical_environment"": ""C-alpha of a C-terminal proline residue (attached to ring amide N and terminal carboxyl)"",
    ""functional_group"": ""amino acid C-alpha at C-terminus (Pro)"",
    ""hybridization"": ""sp3"",
    ""example_molecule_smiles"": ""N1CCC[C@H]1C(=O)[O-]"",
    ""group_smarts"": ""[C;X4]([N;X3;R])[C;X3](=O)[$([O-]),$([OX1H])]"",
    ""atom_specific_smarts"": ""[CH]([N;X3;R;H1])[C;X3](=O)[$([O-]),$([OX1H])]"",
    ""description"": ""Proline Cα bonded to a ring amide nitrogen (in the pyrrolidine ring) and the C-terminal carboxyl (COO−/COOH)."",
    ""uncertainty"": ""medium""
  },
  {
    ""atom_type"": 291,
    ""element"": ""C"",
    ""chemical_environment"": ""methyl carbon directly bonded to a primary ammonium (NH3+)"",
    ""functional_group"": ""alkyl adjacent to protonated primary amine"",
    ""hybridization"": ""sp3"",
    ""example_molecule_smiles"": ""C[NH3+]"",
    ""group_smarts"": ""[C;X4]-[N+H3]"",
    ""atom_specific_smarts"": ""[CH3]-[N+H3]"",
    ""description"": ""Terminal CH3 bound to an –NH3+ group (methylammonium)."",
    ""uncertainty"": ""low""
  },
  {
    ""atom_type"": 292,
    ""element"": ""C"",
    ""chemical_environment"": ""methylene carbon directly bonded to a primary ammonium (NH3+); also matches Gly C-alpha at N-terminus"",
    ""functional_group"": ""alkyl adjacent to protonated primary amine"",
    ""hybridization"": ""sp3"",
    ""example_molecule_smiles"": ""CC[NH3+]"",
    ""group_smarts"": ""[C;X4]-[N+H3]"",
    ""atom_specific_smarts"": ""[CH2]-[N+H3]"",
    ""description"": ""CH2 attached to –NH3+ (e.g., ethylammonium) and covers Gly Cα at the N-terminus (–CH2–NH3+)."",
    ""uncertainty"": ""low""
  },
  {
    ""atom_type"": 293,
    ""element"": ""C"",
    ""chemical_environment"": ""tertiary (CH) carbon directly bonded to a primary ammonium (NH3+)"",
    ""functional_group"": ""alkyl adjacent to protonated primary amine"",
    ""hybridization"": ""sp3"",
    ""example_molecule_smiles"": ""CC(C)[NH3+]"",
    ""group_smarts"": ""[C;X4]-[N+H3]"",
    ""atom_specific_smarts"": ""[CH]-[N+H3]"",
    ""description"": ""Tertiary CH bound to –NH3+ (e.g., isopropylammonium)."",
    ""uncertainty"": ""low""
  },
  {
    ""atom_type"": 294,
    ""element"": ""C"",
    ""chemical_environment"": ""quaternary carbon (no H) directly bonded to a primary ammonium (NH3+)"",
    ""functional_group"": ""alkyl adjacent to protonated primary amine"",
    ""hybridization"": ""sp3"",
    ""example_molecule_smiles"": ""C(C)(C)C[NH3+]"",
    ""group_smarts"": ""[C;X4]-[N+H3]"",
    ""atom_specific_smarts"": ""[C;X4;H0]-[N+H3]"",
    ""description"": ""Quaternary carbon (no hydrogens) adjacent to –NH3+ (e.g., t-butylammonium)."",
    ""uncertainty"": ""low""
  },
  {
    ""atom_type"": 295,
    ""element"": ""C"",
    ""chemical_environment"": ""C-alpha of N-terminal proline (attached to protonated ring nitrogen [NH2+] and backbone carbonyl)"",
    ""functional_group"": ""amino acid C-alpha at N-terminus (Pro, protonated)"",
    ""hybridization"": ""sp3"",
    ""example_molecule_smiles"": ""[NH2+]1CCCC[C@H]1C(=O)O"",
    ""group_smarts"": ""[C;X4]([N+H2;R])[C;X3](=O)[$([O-]),$([OX1H])]"",
    ""atom_specific_smarts"": ""[CH]([N+H2;R])[C;X3](=O)[$([O-]),$([OX1H])]"",
    ""description"": ""Proline Cα bonded to ring –NH2+ (protonated secondary amine) and to the carbonyl carbon of the carboxyl group."",
    ""uncertainty"": ""medium""
  },
  {
    ""atom_type"": 296,
    ""element"": ""C"",
    ""chemical_environment"": ""C-delta methylene in N-terminal proline ring adjacent to protonated ring nitrogen"",
    ""functional_group"": ""aliphatic ring carbon alpha to ammonium (proline, N-terminus)"",
    ""hybridization"": ""sp3"",
    ""example_molecule_smiles"": ""[NH2+]1CCCC[C@H]1C(=O)O"",
    ""group_smarts"": ""[CH2;R]-[N+H2;R]"",
    ""atom_specific_smarts"": ""[CH2;R]-[N+H2;R]"",
    ""description"": ""Proline ring CH2 (Cδ) directly bonded within the ring and adjacent to protonated ring nitrogen (–NH2+)."",
    ""uncertainty"": ""medium""
  },
  {
    ""atom_type"": 297,
    ""element"": ""C"",
    ""chemical_environment"": ""methyl carbon attached to a protonated secondary ammonium (–NH2+–R)"",
    ""functional_group"": ""alkyl adjacent to protonated secondary amine"",
    ""hybridization"": ""sp3"",
    ""example_molecule_smiles"": ""C[NH2+]C"",
    ""group_smarts"": ""[C;X4]-[N+H2]-[#6]"",
    ""atom_specific_smarts"": ""[CH3]-[N+H2]-[#6]"",
    ""description"": ""CH3 bound to –NH2+–R (protonated secondary amine)."",
    ""uncertainty"": ""low""
  },
  {
    ""atom_type"": 298,
    ""element"": ""C"",
    ""chemical_environment"": ""C-alpha of glycine in the zwitterion (attached to NH3+ and COO−)"",
    ""functional_group"": ""amino acid C-alpha (Gly, zwitterion)"",
    ""hybridization"": ""sp3"",
    ""example_molecule_smiles"": ""[NH3+]CC(=O)[O-]"",
    ""group_smarts"": ""[C;X4]([N+H3])[C;X3](=O)[O-]"",
    ""atom_specific_smarts"": ""[CH2]([N+H3])[C;X3](=O)[O-]"",
    ""description"": ""Glycine Cα (CH2) bonded to –NH3+ and to the carboxylate carbonyl (COO−)."",
    ""uncertainty"": ""low""
  },
  {
    ""atom_type"": 299,
    ""element"": ""C"",
    ""chemical_environment"": ""C-alpha of alanine in the zwitterion (attached to NH3+, CH3 side chain, and COO−)"",
    ""functional_group"": ""amino acid C-alpha (Ala, zwitterion)"",
    ""hybridization"": ""sp3"",
    ""example_molecule_smiles"": ""[NH3+]C(C)C(=O)[O-]"",
    ""group_smarts"": ""[C;X4]([N+H3])[C;X3](=O)[O-]"",
    ""atom_specific_smarts"": ""[CH]([N+H3])([CH3])[C;X3](=O)[O-]"",
    ""description"": ""Alanine Cα (CH) bonded to –NH3+, a methyl side chain, and the carboxylate carbonyl (COO−)."",
    ""uncertainty"": ""low""
  }
]"
292,0.19,C  - CT   | C in RCH2NH3+ & CA in N-term Gly,12.011,oplsaa.lt,C,6,"Convert the following OPLS-AA atom type rows:

Atom Type Data:
- Atom index: 267
- Force field raw info: C  - C~   | Co in CCOOH carboxylic acid
- Partial charge: 0.52
- Atomic mass: 12.011
- Element guess: C
- Atomic number: 6
- Source file: oplsaa.lt


Atom Type Data:
- Atom index: 271
- Force field raw info: C  - C~   | C in COO- carboxylate
- Partial charge: 0.7
- Atomic mass: 12.011
- Element guess: C
- Atomic number: 6
- Source file: oplsaa.lt


Atom Type Data:
- Atom index: 273
- Force field raw info: C  - CT   | C: CH3, carboxylate ion
- Partial charge: -0.28
- Atomic mass: 12.011
- Element guess: C
- Atomic number: 6
- Source file: oplsaa.lt


Atom Type Data:
- Atom index: 274
- Force field raw info: C  - CT   | C: CH2, carboxylate ion
- Partial charge: -0.22
- Atomic mass: 12.011
- Element guess: C
- Atomic number: 6
- Source file: oplsaa.lt


Atom Type Data:
- Atom index: 275
- Force field raw info: C  - CT   | C: CH, carboxylate ion
- Partial charge: -0.16
- Atomic mass: 12.011
- Element guess: C
- Atomic number: 6
- Source file: oplsaa.lt


Atom Type Data:
- Atom index: 276
- Force field raw info: C  - CT   | C: C, carboxylate ion
- Partial charge: -0.1
- Atomic mass: 12.011
- Element guess: C
- Atomic number: 6
- Source file: oplsaa.lt


Atom Type Data:
- Atom index: 277
- Force field raw info: C  - C~   | AA C: aldehyde & acyl halide - for C-alpha use
- Partial charge: 0.45
- Atomic mass: 12.011
- Element guess: C
- Atomic number: 6
- Source file: oplsaa.lt


Atom Type Data:
- Atom index: 280
- Force field raw info: C  - C~   | AA C: ketone - for C-alpha use
- Partial charge: 0.47
- Atomic mass: 12.011
- Element guess: C
- Atomic number: 6
- Source file: oplsaa.lt


Atom Type Data:
- Atom index: 283
- Force field raw info: C  - CT   | AA C-alpha on C-terminal ALA
- Partial charge: 0.04
- Atomic mass: 12.011
- Element guess: C
- Atomic number: 6
- Source file: oplsaa.lt


Atom Type Data:
- Atom index: 284
- Force field raw info: C  - CT   | AA C-alpha on C-terminal GLY
- Partial charge: -0.02
- Atomic mass: 12.011
- Element guess: C
- Atomic number: 6
- Source file: oplsaa.lt


Atom Type Data:
- Atom index: 285
- Force field raw info: C  - CT   | AA C-alpha on C-terminal PRO
- Partial charge: -0.09
- Atomic mass: 12.011
- Element guess: C
- Atomic number: 6
- Source file: oplsaa.lt


Atom Type Data:
- Atom index: 291
- Force field raw info: C  - CT   | C in CH3NH3+
- Partial charge: 0.13
- Atomic mass: 12.011
- Element guess: C
- Atomic number: 6
- Source file: oplsaa.lt


Atom Type Data:
- Atom index: 292
- Force field raw info: C  - CT   | C in RCH2NH3+ & CA in N-term Gly
- Partial charge: 0.19
- Atomic mass: 12.011
- Element guess: C
- Atomic number: 6
- Source file: oplsaa.lt


Atom Type Data:
- Atom index: 293
- Force field raw info: C  - CT   | C in R2CHNH3+ & CA in N-term Ala, etc.
- Partial charge: 0.25
- Atomic mass: 12.011
- Element guess: C
- Atomic number: 6
- Source file: oplsaa.lt


Atom Type Data:
- Atom index: 294
- Force field raw info: C  - CT   | C in R3CNH3+
- Partial charge: 0.31
- Atomic mass: 12.011
- Element guess: C
- Atomic number: 6
- Source file: oplsaa.lt


Atom Type Data:
- Atom index: 295
- Force field raw info: C  - CT   | AA:C-alpha in N-term PRO
- Partial charge: 0.23
- Atomic mass: 12.011
- Element guess: C
- Atomic number: 6
- Source file: oplsaa.lt


Atom Type Data:
- Atom index: 296
- Force field raw info: C  - CT   | AA:C-delta in N-term PRO
- Partial charge: 0.17
- Atomic mass: 12.011
- Element guess: C
- Atomic number: 6
- Source file: oplsaa.lt


Atom Type Data:
- Atom index: 297
- Force field raw info: C  - CT   | CT in CH3NH2+R
- Partial charge: 0.11
- Atomic mass: 12.011
- Element guess: C
- Atomic number: 6
- Source file: oplsaa.lt


Atom Type Data:
- Atom index: 298
- Force field raw info: C  - CT   | AA C-alpha in Gly zwitterion
- Partial charge: 0.09
- Atomic mass: 12.011
- Element guess: C
- Atomic number: 6
- Source file: oplsaa.lt


Atom Type Data:
- Atom index: 299
- Force field raw info: C  - CT   | AA C-alpha in Ala zwitterion
- Partial charge: 0.15
- Atomic mass: 12.011
- Element guess: C
- Atomic number: 6
- Source file: oplsaa.lt
","[
  {
    ""atom_type"": 267,
    ""element"": ""C"",
    ""chemical_environment"": ""carbonyl carbon in a carboxylic acid attached to hydroxyl O-H and an alkyl carbon"",
    ""functional_group"": ""carboxylic acid carbonyl carbon"",
    ""hybridization"": ""sp2"",
    ""example_molecule_smiles"": ""CC(=O)O"",
    ""group_smarts"": ""[C;X3](=O)[OX1H]"",
    ""atom_specific_smarts"": ""[C;X3](=O)([OX1H])[#6]"",
    ""description"": ""C=O carbon of R-COOH; neighbors are one hydroxyl oxygen and one alpha carbon (R)."",
    ""uncertainty"": ""low""
  },
  {
    ""atom_type"": 271,
    ""element"": ""C"",
    ""chemical_environment"": ""carbonyl carbon in a carboxylate anion attached to an alkyl carbon and an anionic oxygen"",
    ""functional_group"": ""carboxylate carbonyl carbon"",
    ""hybridization"": ""sp2"",
    ""example_molecule_smiles"": ""CC(=O)[O-]"",
    ""group_smarts"": ""[C;X3](=O)[O-]"",
    ""atom_specific_smarts"": ""[C;X3](=O)([O-])[#6]"",
    ""description"": ""C=O carbon of R-COO−; neighbors are one anionic oxygen and one alpha carbon (R)."",
    ""uncertainty"": ""low""
  },
  {
    ""atom_type"": 273,
    ""element"": ""C"",
    ""chemical_environment"": ""methyl carbon alpha to a carboxylate group"",
    ""functional_group"": ""alpha-carbon to carboxylate (CH3)"",
    ""hybridization"": ""sp3"",
    ""example_molecule_smiles"": ""CC(=O)[O-]"",
    ""group_smarts"": ""[C;X4]-[C;X3](=O)[O-]"",
    ""atom_specific_smarts"": ""[CH3;X4]-[C;X3](=O)[O-]"",
    ""description"": ""CH3 alpha carbon directly bonded to a carboxylate carbonyl carbon in R-COO− (e.g., acetate)."",
    ""uncertainty"": ""low""
  },
  {
    ""atom_type"": 274,
    ""element"": ""C"",
    ""chemical_environment"": ""methylene carbon alpha to a carboxylate group"",
    ""functional_group"": ""alpha-carbon to carboxylate (CH2)"",
    ""hybridization"": ""sp3"",
    ""example_molecule_smiles"": ""CCC(=O)[O-]"",
    ""group_smarts"": ""[C;X4]-[C;X3](=O)[O-]"",
    ""atom_specific_smarts"": ""[CH2;X4]-[C;X3](=O)[O-]"",
    ""description"": ""CH2 alpha carbon directly bonded to a carboxylate carbonyl carbon in R-CH2-COO− (e.g., propionate)."",
    ""uncertainty"": ""low""
  },
  {
    ""atom_type"": 275,
    ""element"": ""C"",
    ""chemical_environment"": ""tertiary (CH) carbon alpha to a carboxylate group"",
    ""functional_group"": ""alpha-carbon to carboxylate (CH)"",
    ""hybridization"": ""sp3"",
    ""example_molecule_smiles"": ""CC(C)C(=O)[O-]"",
    ""group_smarts"": ""[C;X4]-[C;X3](=O)[O-]"",
    ""atom_specific_smarts"": ""[CH;X4]-[C;X3](=O)[O-]"",
    ""description"": ""Tertiary CH alpha carbon bonded to a carboxylate carbonyl carbon (e.g., isobutyrate)."",
    ""uncertainty"": ""low""
  },
  {
    ""atom_type"": 276,
    ""element"": ""C"",
    ""chemical_environment"": ""quaternary carbon (no H) alpha to a carboxylate group"",
    ""functional_group"": ""alpha-carbon to carboxylate (C, H0)"",
    ""hybridization"": ""sp3"",
    ""example_molecule_smiles"": ""CC(C)(C)C(=O)[O-]"",
    ""group_smarts"": ""[C;X4]-[C;X3](=O)[O-]"",
    ""atom_specific_smarts"": ""[C;X4;H0]-[C;X3](=O)[O-]"",
    ""description"": ""Quaternary alpha carbon (no hydrogens) directly bonded to a carboxylate carbonyl carbon (e.g., pivalate)."",
    ""uncertainty"": ""low""
  },
  {
    ""atom_type"": 277,
    ""element"": ""C"",
    ""chemical_environment"": ""carbonyl carbon of an aldehyde or acyl halide"",
    ""functional_group"": ""aldehyde or acyl halide carbonyl carbon"",
    ""hybridization"": ""sp2"",
    ""example_molecule_smiles"": ""CC(=O)Cl"",
    ""group_smarts"": ""[C;X3](=O)[H,F,Cl,Br,I]"",
    ""atom_specific_smarts"": ""[$([C;X3H1](=O)[#6]),$([C;X3](=O)[F,Cl,Br,I])]"",
    ""description"": ""C=O carbon where the non-carbonyl substituent is H (aldehyde) or a halogen (acyl halide); used when defining C-alpha environments."",
    ""uncertainty"": ""low""
  },
  {
    ""atom_type"": 280,
    ""element"": ""C"",
    ""chemical_environment"": ""carbonyl carbon of a ketone (bound to two carbons)"",
    ""functional_group"": ""ketone carbonyl carbon"",
    ""hybridization"": ""sp2"",
    ""example_molecule_smiles"": ""CC(=O)C"",
    ""group_smarts"": ""[C;X3](=O)([#6])[#6]"",
    ""atom_specific_smarts"": ""[C;X3](=O)([#6])[#6]"",
    ""description"": ""C=O carbon with both single-bond substituents being carbon (R-CO-R′)."",
    ""uncertainty"": ""low""
  },
  {
    ""atom_type"": 283,
    ""element"": ""C"",
    ""chemical_environment"": ""C-alpha of a C-terminal alanine residue (attached to backbone N, side-chain CH3, and terminal carboxyl group)"",
    ""functional_group"": ""amino acid C-alpha at C-terminus (Ala)"",
    ""hybridization"": ""sp3"",
    ""example_molecule_smiles"": ""NC(C)C(=O)[O-]"",
    ""group_smarts"": ""[C;X4]([N;X3])[C;X3](=O)[$([O-]),$([OX1H])]"",
    ""atom_specific_smarts"": ""[CH]([N;X3])([CH3])[C;X3](=O)[$([O-]),$([OX1H])]"",
    ""description"": ""Alanine Cα bonded to backbone N, a methyl side chain, and the C-terminal carboxyl (COO−/COOH)."",
    ""uncertainty"": ""medium""
  },
  {
    ""atom_type"": 284,
    ""element"": ""C"",
    ""chemical_environment"": ""C-alpha of a C-terminal glycine residue (attached to backbone N and terminal carboxyl; side chain is H)"",
    ""functional_group"": ""amino acid C-alpha at C-terminus (Gly)"",
    ""hybridization"": ""sp3"",
    ""example_molecule_smiles"": ""NCC(=O)[O-]"",
    ""group_smarts"": ""[C;X4]([N;X3])[C;X3](=O)[$([O-]),$([OX1H])]"",
    ""atom_specific_smarts"": ""[CH2]([N;X3])[C;X3](=O)[$([O-]),$([OX1H])]"",
    ""description"": ""Glycine Cα (CH2) bonded to backbone N and the C-terminal carboxyl (COO−/COOH)."",
    ""uncertainty"": ""medium""
  },
  {
    ""atom_type"": 285,
    ""element"": ""C"",
    ""chemical_environment"": ""C-alpha of a C-terminal proline residue (attached to ring amide N and terminal carboxyl)"",
    ""functional_group"": ""amino acid C-alpha at C-terminus (Pro)"",
    ""hybridization"": ""sp3"",
    ""example_molecule_smiles"": ""N1CCC[C@H]1C(=O)[O-]"",
    ""group_smarts"": ""[C;X4]([N;X3;R])[C;X3](=O)[$([O-]),$([OX1H])]"",
    ""atom_specific_smarts"": ""[CH]([N;X3;R;H1])[C;X3](=O)[$([O-]),$([OX1H])]"",
    ""description"": ""Proline Cα bonded to a ring amide nitrogen (in the pyrrolidine ring) and the C-terminal carboxyl (COO−/COOH)."",
    ""uncertainty"": ""medium""
  },
  {
    ""atom_type"": 291,
    ""element"": ""C"",
    ""chemical_environment"": ""methyl carbon directly bonded to a primary ammonium (NH3+)"",
    ""functional_group"": ""alkyl adjacent to protonated primary amine"",
    ""hybridization"": ""sp3"",
    ""example_molecule_smiles"": ""C[NH3+]"",
    ""group_smarts"": ""[C;X4]-[N+H3]"",
    ""atom_specific_smarts"": ""[CH3]-[N+H3]"",
    ""description"": ""Terminal CH3 bound to an –NH3+ group (methylammonium)."",
    ""uncertainty"": ""low""
  },
  {
    ""atom_type"": 292,
    ""element"": ""C"",
    ""chemical_environment"": ""methylene carbon directly bonded to a primary ammonium (NH3+); also matches Gly C-alpha at N-terminus"",
    ""functional_group"": ""alkyl adjacent to protonated primary amine"",
    ""hybridization"": ""sp3"",
    ""example_molecule_smiles"": ""CC[NH3+]"",
    ""group_smarts"": ""[C;X4]-[N+H3]"",
    ""atom_specific_smarts"": ""[CH2]-[N+H3]"",
    ""description"": ""CH2 attached to –NH3+ (e.g., ethylammonium) and covers Gly Cα at the N-terminus (–CH2–NH3+)."",
    ""uncertainty"": ""low""
  },
  {
    ""atom_type"": 293,
    ""element"": ""C"",
    ""chemical_environment"": ""tertiary (CH) carbon directly bonded to a primary ammonium (NH3+)"",
    ""functional_group"": ""alkyl adjacent to protonated primary amine"",
    ""hybridization"": ""sp3"",
    ""example_molecule_smiles"": ""CC(C)[NH3+]"",
    ""group_smarts"": ""[C;X4]-[N+H3]"",
    ""atom_specific_smarts"": ""[CH]-[N+H3]"",
    ""description"": ""Tertiary CH bound to –NH3+ (e.g., isopropylammonium)."",
    ""uncertainty"": ""low""
  },
  {
    ""atom_type"": 294,
    ""element"": ""C"",
    ""chemical_environment"": ""quaternary carbon (no H) directly bonded to a primary ammonium (NH3+)"",
    ""functional_group"": ""alkyl adjacent to protonated primary amine"",
    ""hybridization"": ""sp3"",
    ""example_molecule_smiles"": ""C(C)(C)C[NH3+]"",
    ""group_smarts"": ""[C;X4]-[N+H3]"",
    ""atom_specific_smarts"": ""[C;X4;H0]-[N+H3]"",
    ""description"": ""Quaternary carbon (no hydrogens) adjacent to –NH3+ (e.g., t-butylammonium)."",
    ""uncertainty"": ""low""
  },
  {
    ""atom_type"": 295,
    ""element"": ""C"",
    ""chemical_environment"": ""C-alpha of N-terminal proline (attached to protonated ring nitrogen [NH2+] and backbone carbonyl)"",
    ""functional_group"": ""amino acid C-alpha at N-terminus (Pro, protonated)"",
    ""hybridization"": ""sp3"",
    ""example_molecule_smiles"": ""[NH2+]1CCCC[C@H]1C(=O)O"",
    ""group_smarts"": ""[C;X4]([N+H2;R])[C;X3](=O)[$([O-]),$([OX1H])]"",
    ""atom_specific_smarts"": ""[CH]([N+H2;R])[C;X3](=O)[$([O-]),$([OX1H])]"",
    ""description"": ""Proline Cα bonded to ring –NH2+ (protonated secondary amine) and to the carbonyl carbon of the carboxyl group."",
    ""uncertainty"": ""medium""
  },
  {
    ""atom_type"": 296,
    ""element"": ""C"",
    ""chemical_environment"": ""C-delta methylene in N-terminal proline ring adjacent to protonated ring nitrogen"",
    ""functional_group"": ""aliphatic ring carbon alpha to ammonium (proline, N-terminus)"",
    ""hybridization"": ""sp3"",
    ""example_molecule_smiles"": ""[NH2+]1CCCC[C@H]1C(=O)O"",
    ""group_smarts"": ""[CH2;R]-[N+H2;R]"",
    ""atom_specific_smarts"": ""[CH2;R]-[N+H2;R]"",
    ""description"": ""Proline ring CH2 (Cδ) directly bonded within the ring and adjacent to protonated ring nitrogen (–NH2+)."",
    ""uncertainty"": ""medium""
  },
  {
    ""atom_type"": 297,
    ""element"": ""C"",
    ""chemical_environment"": ""methyl carbon attached to a protonated secondary ammonium (–NH2+–R)"",
    ""functional_group"": ""alkyl adjacent to protonated secondary amine"",
    ""hybridization"": ""sp3"",
    ""example_molecule_smiles"": ""C[NH2+]C"",
    ""group_smarts"": ""[C;X4]-[N+H2]-[#6]"",
    ""atom_specific_smarts"": ""[CH3]-[N+H2]-[#6]"",
    ""description"": ""CH3 bound to –NH2+–R (protonated secondary amine)."",
    ""uncertainty"": ""low""
  },
  {
    ""atom_type"": 298,
    ""element"": ""C"",
    ""chemical_environment"": ""C-alpha of glycine in the zwitterion (attached to NH3+ and COO−)"",
    ""functional_group"": ""amino acid C-alpha (Gly, zwitterion)"",
    ""hybridization"": ""sp3"",
    ""example_molecule_smiles"": ""[NH3+]CC(=O)[O-]"",
    ""group_smarts"": ""[C;X4]([N+H3])[C;X3](=O)[O-]"",
    ""atom_specific_smarts"": ""[CH2]([N+H3])[C;X3](=O)[O-]"",
    ""description"": ""Glycine Cα (CH2) bonded to –NH3+ and to the carboxylate carbonyl (COO−)."",
    ""uncertainty"": ""low""
  },
  {
    ""atom_type"": 299,
    ""element"": ""C"",
    ""chemical_environment"": ""C-alpha of alanine in the zwitterion (attached to NH3+, CH3 side chain, and COO−)"",
    ""functional_group"": ""amino acid C-alpha (Ala, zwitterion)"",
    ""hybridization"": ""sp3"",
    ""example_molecule_smiles"": ""[NH3+]C(C)C(=O)[O-]"",
    ""group_smarts"": ""[C;X4]([N+H3])[C;X3](=O)[O-]"",
    ""atom_specific_smarts"": ""[CH]([N+H3])([CH3])[C;X3](=O)[O-]"",
    ""description"": ""Alanine Cα (CH) bonded to –NH3+, a methyl side chain, and the carboxylate carbonyl (COO−)."",
    ""uncertainty"": ""low""
  }
]"
293,0.25,"C  - CT   | C in R2CHNH3+ & CA in N-term Ala, etc.",12.011,oplsaa.lt,C,6,"Convert the following OPLS-AA atom type rows:

Atom Type Data:
- Atom index: 267
- Force field raw info: C  - C~   | Co in CCOOH carboxylic acid
- Partial charge: 0.52
- Atomic mass: 12.011
- Element guess: C
- Atomic number: 6
- Source file: oplsaa.lt


Atom Type Data:
- Atom index: 271
- Force field raw info: C  - C~   | C in COO- carboxylate
- Partial charge: 0.7
- Atomic mass: 12.011
- Element guess: C
- Atomic number: 6
- Source file: oplsaa.lt


Atom Type Data:
- Atom index: 273
- Force field raw info: C  - CT   | C: CH3, carboxylate ion
- Partial charge: -0.28
- Atomic mass: 12.011
- Element guess: C
- Atomic number: 6
- Source file: oplsaa.lt


Atom Type Data:
- Atom index: 274
- Force field raw info: C  - CT   | C: CH2, carboxylate ion
- Partial charge: -0.22
- Atomic mass: 12.011
- Element guess: C
- Atomic number: 6
- Source file: oplsaa.lt


Atom Type Data:
- Atom index: 275
- Force field raw info: C  - CT   | C: CH, carboxylate ion
- Partial charge: -0.16
- Atomic mass: 12.011
- Element guess: C
- Atomic number: 6
- Source file: oplsaa.lt


Atom Type Data:
- Atom index: 276
- Force field raw info: C  - CT   | C: C, carboxylate ion
- Partial charge: -0.1
- Atomic mass: 12.011
- Element guess: C
- Atomic number: 6
- Source file: oplsaa.lt


Atom Type Data:
- Atom index: 277
- Force field raw info: C  - C~   | AA C: aldehyde & acyl halide - for C-alpha use
- Partial charge: 0.45
- Atomic mass: 12.011
- Element guess: C
- Atomic number: 6
- Source file: oplsaa.lt


Atom Type Data:
- Atom index: 280
- Force field raw info: C  - C~   | AA C: ketone - for C-alpha use
- Partial charge: 0.47
- Atomic mass: 12.011
- Element guess: C
- Atomic number: 6
- Source file: oplsaa.lt


Atom Type Data:
- Atom index: 283
- Force field raw info: C  - CT   | AA C-alpha on C-terminal ALA
- Partial charge: 0.04
- Atomic mass: 12.011
- Element guess: C
- Atomic number: 6
- Source file: oplsaa.lt


Atom Type Data:
- Atom index: 284
- Force field raw info: C  - CT   | AA C-alpha on C-terminal GLY
- Partial charge: -0.02
- Atomic mass: 12.011
- Element guess: C
- Atomic number: 6
- Source file: oplsaa.lt


Atom Type Data:
- Atom index: 285
- Force field raw info: C  - CT   | AA C-alpha on C-terminal PRO
- Partial charge: -0.09
- Atomic mass: 12.011
- Element guess: C
- Atomic number: 6
- Source file: oplsaa.lt


Atom Type Data:
- Atom index: 291
- Force field raw info: C  - CT   | C in CH3NH3+
- Partial charge: 0.13
- Atomic mass: 12.011
- Element guess: C
- Atomic number: 6
- Source file: oplsaa.lt


Atom Type Data:
- Atom index: 292
- Force field raw info: C  - CT   | C in RCH2NH3+ & CA in N-term Gly
- Partial charge: 0.19
- Atomic mass: 12.011
- Element guess: C
- Atomic number: 6
- Source file: oplsaa.lt


Atom Type Data:
- Atom index: 293
- Force field raw info: C  - CT   | C in R2CHNH3+ & CA in N-term Ala, etc.
- Partial charge: 0.25
- Atomic mass: 12.011
- Element guess: C
- Atomic number: 6
- Source file: oplsaa.lt


Atom Type Data:
- Atom index: 294
- Force field raw info: C  - CT   | C in R3CNH3+
- Partial charge: 0.31
- Atomic mass: 12.011
- Element guess: C
- Atomic number: 6
- Source file: oplsaa.lt


Atom Type Data:
- Atom index: 295
- Force field raw info: C  - CT   | AA:C-alpha in N-term PRO
- Partial charge: 0.23
- Atomic mass: 12.011
- Element guess: C
- Atomic number: 6
- Source file: oplsaa.lt


Atom Type Data:
- Atom index: 296
- Force field raw info: C  - CT   | AA:C-delta in N-term PRO
- Partial charge: 0.17
- Atomic mass: 12.011
- Element guess: C
- Atomic number: 6
- Source file: oplsaa.lt


Atom Type Data:
- Atom index: 297
- Force field raw info: C  - CT   | CT in CH3NH2+R
- Partial charge: 0.11
- Atomic mass: 12.011
- Element guess: C
- Atomic number: 6
- Source file: oplsaa.lt


Atom Type Data:
- Atom index: 298
- Force field raw info: C  - CT   | AA C-alpha in Gly zwitterion
- Partial charge: 0.09
- Atomic mass: 12.011
- Element guess: C
- Atomic number: 6
- Source file: oplsaa.lt


Atom Type Data:
- Atom index: 299
- Force field raw info: C  - CT   | AA C-alpha in Ala zwitterion
- Partial charge: 0.15
- Atomic mass: 12.011
- Element guess: C
- Atomic number: 6
- Source file: oplsaa.lt
","[
  {
    ""atom_type"": 267,
    ""element"": ""C"",
    ""chemical_environment"": ""carbonyl carbon in a carboxylic acid attached to hydroxyl O-H and an alkyl carbon"",
    ""functional_group"": ""carboxylic acid carbonyl carbon"",
    ""hybridization"": ""sp2"",
    ""example_molecule_smiles"": ""CC(=O)O"",
    ""group_smarts"": ""[C;X3](=O)[OX1H]"",
    ""atom_specific_smarts"": ""[C;X3](=O)([OX1H])[#6]"",
    ""description"": ""C=O carbon of R-COOH; neighbors are one hydroxyl oxygen and one alpha carbon (R)."",
    ""uncertainty"": ""low""
  },
  {
    ""atom_type"": 271,
    ""element"": ""C"",
    ""chemical_environment"": ""carbonyl carbon in a carboxylate anion attached to an alkyl carbon and an anionic oxygen"",
    ""functional_group"": ""carboxylate carbonyl carbon"",
    ""hybridization"": ""sp2"",
    ""example_molecule_smiles"": ""CC(=O)[O-]"",
    ""group_smarts"": ""[C;X3](=O)[O-]"",
    ""atom_specific_smarts"": ""[C;X3](=O)([O-])[#6]"",
    ""description"": ""C=O carbon of R-COO−; neighbors are one anionic oxygen and one alpha carbon (R)."",
    ""uncertainty"": ""low""
  },
  {
    ""atom_type"": 273,
    ""element"": ""C"",
    ""chemical_environment"": ""methyl carbon alpha to a carboxylate group"",
    ""functional_group"": ""alpha-carbon to carboxylate (CH3)"",
    ""hybridization"": ""sp3"",
    ""example_molecule_smiles"": ""CC(=O)[O-]"",
    ""group_smarts"": ""[C;X4]-[C;X3](=O)[O-]"",
    ""atom_specific_smarts"": ""[CH3;X4]-[C;X3](=O)[O-]"",
    ""description"": ""CH3 alpha carbon directly bonded to a carboxylate carbonyl carbon in R-COO− (e.g., acetate)."",
    ""uncertainty"": ""low""
  },
  {
    ""atom_type"": 274,
    ""element"": ""C"",
    ""chemical_environment"": ""methylene carbon alpha to a carboxylate group"",
    ""functional_group"": ""alpha-carbon to carboxylate (CH2)"",
    ""hybridization"": ""sp3"",
    ""example_molecule_smiles"": ""CCC(=O)[O-]"",
    ""group_smarts"": ""[C;X4]-[C;X3](=O)[O-]"",
    ""atom_specific_smarts"": ""[CH2;X4]-[C;X3](=O)[O-]"",
    ""description"": ""CH2 alpha carbon directly bonded to a carboxylate carbonyl carbon in R-CH2-COO− (e.g., propionate)."",
    ""uncertainty"": ""low""
  },
  {
    ""atom_type"": 275,
    ""element"": ""C"",
    ""chemical_environment"": ""tertiary (CH) carbon alpha to a carboxylate group"",
    ""functional_group"": ""alpha-carbon to carboxylate (CH)"",
    ""hybridization"": ""sp3"",
    ""example_molecule_smiles"": ""CC(C)C(=O)[O-]"",
    ""group_smarts"": ""[C;X4]-[C;X3](=O)[O-]"",
    ""atom_specific_smarts"": ""[CH;X4]-[C;X3](=O)[O-]"",
    ""description"": ""Tertiary CH alpha carbon bonded to a carboxylate carbonyl carbon (e.g., isobutyrate)."",
    ""uncertainty"": ""low""
  },
  {
    ""atom_type"": 276,
    ""element"": ""C"",
    ""chemical_environment"": ""quaternary carbon (no H) alpha to a carboxylate group"",
    ""functional_group"": ""alpha-carbon to carboxylate (C, H0)"",
    ""hybridization"": ""sp3"",
    ""example_molecule_smiles"": ""CC(C)(C)C(=O)[O-]"",
    ""group_smarts"": ""[C;X4]-[C;X3](=O)[O-]"",
    ""atom_specific_smarts"": ""[C;X4;H0]-[C;X3](=O)[O-]"",
    ""description"": ""Quaternary alpha carbon (no hydrogens) directly bonded to a carboxylate carbonyl carbon (e.g., pivalate)."",
    ""uncertainty"": ""low""
  },
  {
    ""atom_type"": 277,
    ""element"": ""C"",
    ""chemical_environment"": ""carbonyl carbon of an aldehyde or acyl halide"",
    ""functional_group"": ""aldehyde or acyl halide carbonyl carbon"",
    ""hybridization"": ""sp2"",
    ""example_molecule_smiles"": ""CC(=O)Cl"",
    ""group_smarts"": ""[C;X3](=O)[H,F,Cl,Br,I]"",
    ""atom_specific_smarts"": ""[$([C;X3H1](=O)[#6]),$([C;X3](=O)[F,Cl,Br,I])]"",
    ""description"": ""C=O carbon where the non-carbonyl substituent is H (aldehyde) or a halogen (acyl halide); used when defining C-alpha environments."",
    ""uncertainty"": ""low""
  },
  {
    ""atom_type"": 280,
    ""element"": ""C"",
    ""chemical_environment"": ""carbonyl carbon of a ketone (bound to two carbons)"",
    ""functional_group"": ""ketone carbonyl carbon"",
    ""hybridization"": ""sp2"",
    ""example_molecule_smiles"": ""CC(=O)C"",
    ""group_smarts"": ""[C;X3](=O)([#6])[#6]"",
    ""atom_specific_smarts"": ""[C;X3](=O)([#6])[#6]"",
    ""description"": ""C=O carbon with both single-bond substituents being carbon (R-CO-R′)."",
    ""uncertainty"": ""low""
  },
  {
    ""atom_type"": 283,
    ""element"": ""C"",
    ""chemical_environment"": ""C-alpha of a C-terminal alanine residue (attached to backbone N, side-chain CH3, and terminal carboxyl group)"",
    ""functional_group"": ""amino acid C-alpha at C-terminus (Ala)"",
    ""hybridization"": ""sp3"",
    ""example_molecule_smiles"": ""NC(C)C(=O)[O-]"",
    ""group_smarts"": ""[C;X4]([N;X3])[C;X3](=O)[$([O-]),$([OX1H])]"",
    ""atom_specific_smarts"": ""[CH]([N;X3])([CH3])[C;X3](=O)[$([O-]),$([OX1H])]"",
    ""description"": ""Alanine Cα bonded to backbone N, a methyl side chain, and the C-terminal carboxyl (COO−/COOH)."",
    ""uncertainty"": ""medium""
  },
  {
    ""atom_type"": 284,
    ""element"": ""C"",
    ""chemical_environment"": ""C-alpha of a C-terminal glycine residue (attached to backbone N and terminal carboxyl; side chain is H)"",
    ""functional_group"": ""amino acid C-alpha at C-terminus (Gly)"",
    ""hybridization"": ""sp3"",
    ""example_molecule_smiles"": ""NCC(=O)[O-]"",
    ""group_smarts"": ""[C;X4]([N;X3])[C;X3](=O)[$([O-]),$([OX1H])]"",
    ""atom_specific_smarts"": ""[CH2]([N;X3])[C;X3](=O)[$([O-]),$([OX1H])]"",
    ""description"": ""Glycine Cα (CH2) bonded to backbone N and the C-terminal carboxyl (COO−/COOH)."",
    ""uncertainty"": ""medium""
  },
  {
    ""atom_type"": 285,
    ""element"": ""C"",
    ""chemical_environment"": ""C-alpha of a C-terminal proline residue (attached to ring amide N and terminal carboxyl)"",
    ""functional_group"": ""amino acid C-alpha at C-terminus (Pro)"",
    ""hybridization"": ""sp3"",
    ""example_molecule_smiles"": ""N1CCC[C@H]1C(=O)[O-]"",
    ""group_smarts"": ""[C;X4]([N;X3;R])[C;X3](=O)[$([O-]),$([OX1H])]"",
    ""atom_specific_smarts"": ""[CH]([N;X3;R;H1])[C;X3](=O)[$([O-]),$([OX1H])]"",
    ""description"": ""Proline Cα bonded to a ring amide nitrogen (in the pyrrolidine ring) and the C-terminal carboxyl (COO−/COOH)."",
    ""uncertainty"": ""medium""
  },
  {
    ""atom_type"": 291,
    ""element"": ""C"",
    ""chemical_environment"": ""methyl carbon directly bonded to a primary ammonium (NH3+)"",
    ""functional_group"": ""alkyl adjacent to protonated primary amine"",
    ""hybridization"": ""sp3"",
    ""example_molecule_smiles"": ""C[NH3+]"",
    ""group_smarts"": ""[C;X4]-[N+H3]"",
    ""atom_specific_smarts"": ""[CH3]-[N+H3]"",
    ""description"": ""Terminal CH3 bound to an –NH3+ group (methylammonium)."",
    ""uncertainty"": ""low""
  },
  {
    ""atom_type"": 292,
    ""element"": ""C"",
    ""chemical_environment"": ""methylene carbon directly bonded to a primary ammonium (NH3+); also matches Gly C-alpha at N-terminus"",
    ""functional_group"": ""alkyl adjacent to protonated primary amine"",
    ""hybridization"": ""sp3"",
    ""example_molecule_smiles"": ""CC[NH3+]"",
    ""group_smarts"": ""[C;X4]-[N+H3]"",
    ""atom_specific_smarts"": ""[CH2]-[N+H3]"",
    ""description"": ""CH2 attached to –NH3+ (e.g., ethylammonium) and covers Gly Cα at the N-terminus (–CH2–NH3+)."",
    ""uncertainty"": ""low""
  },
  {
    ""atom_type"": 293,
    ""element"": ""C"",
    ""chemical_environment"": ""tertiary (CH) carbon directly bonded to a primary ammonium (NH3+)"",
    ""functional_group"": ""alkyl adjacent to protonated primary amine"",
    ""hybridization"": ""sp3"",
    ""example_molecule_smiles"": ""CC(C)[NH3+]"",
    ""group_smarts"": ""[C;X4]-[N+H3]"",
    ""atom_specific_smarts"": ""[CH]-[N+H3]"",
    ""description"": ""Tertiary CH bound to –NH3+ (e.g., isopropylammonium)."",
    ""uncertainty"": ""low""
  },
  {
    ""atom_type"": 294,
    ""element"": ""C"",
    ""chemical_environment"": ""quaternary carbon (no H) directly bonded to a primary ammonium (NH3+)"",
    ""functional_group"": ""alkyl adjacent to protonated primary amine"",
    ""hybridization"": ""sp3"",
    ""example_molecule_smiles"": ""C(C)(C)C[NH3+]"",
    ""group_smarts"": ""[C;X4]-[N+H3]"",
    ""atom_specific_smarts"": ""[C;X4;H0]-[N+H3]"",
    ""description"": ""Quaternary carbon (no hydrogens) adjacent to –NH3+ (e.g., t-butylammonium)."",
    ""uncertainty"": ""low""
  },
  {
    ""atom_type"": 295,
    ""element"": ""C"",
    ""chemical_environment"": ""C-alpha of N-terminal proline (attached to protonated ring nitrogen [NH2+] and backbone carbonyl)"",
    ""functional_group"": ""amino acid C-alpha at N-terminus (Pro, protonated)"",
    ""hybridization"": ""sp3"",
    ""example_molecule_smiles"": ""[NH2+]1CCCC[C@H]1C(=O)O"",
    ""group_smarts"": ""[C;X4]([N+H2;R])[C;X3](=O)[$([O-]),$([OX1H])]"",
    ""atom_specific_smarts"": ""[CH]([N+H2;R])[C;X3](=O)[$([O-]),$([OX1H])]"",
    ""description"": ""Proline Cα bonded to ring –NH2+ (protonated secondary amine) and to the carbonyl carbon of the carboxyl group."",
    ""uncertainty"": ""medium""
  },
  {
    ""atom_type"": 296,
    ""element"": ""C"",
    ""chemical_environment"": ""C-delta methylene in N-terminal proline ring adjacent to protonated ring nitrogen"",
    ""functional_group"": ""aliphatic ring carbon alpha to ammonium (proline, N-terminus)"",
    ""hybridization"": ""sp3"",
    ""example_molecule_smiles"": ""[NH2+]1CCCC[C@H]1C(=O)O"",
    ""group_smarts"": ""[CH2;R]-[N+H2;R]"",
    ""atom_specific_smarts"": ""[CH2;R]-[N+H2;R]"",
    ""description"": ""Proline ring CH2 (Cδ) directly bonded within the ring and adjacent to protonated ring nitrogen (–NH2+)."",
    ""uncertainty"": ""medium""
  },
  {
    ""atom_type"": 297,
    ""element"": ""C"",
    ""chemical_environment"": ""methyl carbon attached to a protonated secondary ammonium (–NH2+–R)"",
    ""functional_group"": ""alkyl adjacent to protonated secondary amine"",
    ""hybridization"": ""sp3"",
    ""example_molecule_smiles"": ""C[NH2+]C"",
    ""group_smarts"": ""[C;X4]-[N+H2]-[#6]"",
    ""atom_specific_smarts"": ""[CH3]-[N+H2]-[#6]"",
    ""description"": ""CH3 bound to –NH2+–R (protonated secondary amine)."",
    ""uncertainty"": ""low""
  },
  {
    ""atom_type"": 298,
    ""element"": ""C"",
    ""chemical_environment"": ""C-alpha of glycine in the zwitterion (attached to NH3+ and COO−)"",
    ""functional_group"": ""amino acid C-alpha (Gly, zwitterion)"",
    ""hybridization"": ""sp3"",
    ""example_molecule_smiles"": ""[NH3+]CC(=O)[O-]"",
    ""group_smarts"": ""[C;X4]([N+H3])[C;X3](=O)[O-]"",
    ""atom_specific_smarts"": ""[CH2]([N+H3])[C;X3](=O)[O-]"",
    ""description"": ""Glycine Cα (CH2) bonded to –NH3+ and to the carboxylate carbonyl (COO−)."",
    ""uncertainty"": ""low""
  },
  {
    ""atom_type"": 299,
    ""element"": ""C"",
    ""chemical_environment"": ""C-alpha of alanine in the zwitterion (attached to NH3+, CH3 side chain, and COO−)"",
    ""functional_group"": ""amino acid C-alpha (Ala, zwitterion)"",
    ""hybridization"": ""sp3"",
    ""example_molecule_smiles"": ""[NH3+]C(C)C(=O)[O-]"",
    ""group_smarts"": ""[C;X4]([N+H3])[C;X3](=O)[O-]"",
    ""atom_specific_smarts"": ""[CH]([N+H3])([CH3])[C;X3](=O)[O-]"",
    ""description"": ""Alanine Cα (CH) bonded to –NH3+, a methyl side chain, and the carboxylate carbonyl (COO−)."",
    ""uncertainty"": ""low""
  }
]"
294,0.31,C  - CT   | C in R3CNH3+,12.011,oplsaa.lt,C,6,"Convert the following OPLS-AA atom type rows:

Atom Type Data:
- Atom index: 267
- Force field raw info: C  - C~   | Co in CCOOH carboxylic acid
- Partial charge: 0.52
- Atomic mass: 12.011
- Element guess: C
- Atomic number: 6
- Source file: oplsaa.lt


Atom Type Data:
- Atom index: 271
- Force field raw info: C  - C~   | C in COO- carboxylate
- Partial charge: 0.7
- Atomic mass: 12.011
- Element guess: C
- Atomic number: 6
- Source file: oplsaa.lt


Atom Type Data:
- Atom index: 273
- Force field raw info: C  - CT   | C: CH3, carboxylate ion
- Partial charge: -0.28
- Atomic mass: 12.011
- Element guess: C
- Atomic number: 6
- Source file: oplsaa.lt


Atom Type Data:
- Atom index: 274
- Force field raw info: C  - CT   | C: CH2, carboxylate ion
- Partial charge: -0.22
- Atomic mass: 12.011
- Element guess: C
- Atomic number: 6
- Source file: oplsaa.lt


Atom Type Data:
- Atom index: 275
- Force field raw info: C  - CT   | C: CH, carboxylate ion
- Partial charge: -0.16
- Atomic mass: 12.011
- Element guess: C
- Atomic number: 6
- Source file: oplsaa.lt


Atom Type Data:
- Atom index: 276
- Force field raw info: C  - CT   | C: C, carboxylate ion
- Partial charge: -0.1
- Atomic mass: 12.011
- Element guess: C
- Atomic number: 6
- Source file: oplsaa.lt


Atom Type Data:
- Atom index: 277
- Force field raw info: C  - C~   | AA C: aldehyde & acyl halide - for C-alpha use
- Partial charge: 0.45
- Atomic mass: 12.011
- Element guess: C
- Atomic number: 6
- Source file: oplsaa.lt


Atom Type Data:
- Atom index: 280
- Force field raw info: C  - C~   | AA C: ketone - for C-alpha use
- Partial charge: 0.47
- Atomic mass: 12.011
- Element guess: C
- Atomic number: 6
- Source file: oplsaa.lt


Atom Type Data:
- Atom index: 283
- Force field raw info: C  - CT   | AA C-alpha on C-terminal ALA
- Partial charge: 0.04
- Atomic mass: 12.011
- Element guess: C
- Atomic number: 6
- Source file: oplsaa.lt


Atom Type Data:
- Atom index: 284
- Force field raw info: C  - CT   | AA C-alpha on C-terminal GLY
- Partial charge: -0.02
- Atomic mass: 12.011
- Element guess: C
- Atomic number: 6
- Source file: oplsaa.lt


Atom Type Data:
- Atom index: 285
- Force field raw info: C  - CT   | AA C-alpha on C-terminal PRO
- Partial charge: -0.09
- Atomic mass: 12.011
- Element guess: C
- Atomic number: 6
- Source file: oplsaa.lt


Atom Type Data:
- Atom index: 291
- Force field raw info: C  - CT   | C in CH3NH3+
- Partial charge: 0.13
- Atomic mass: 12.011
- Element guess: C
- Atomic number: 6
- Source file: oplsaa.lt


Atom Type Data:
- Atom index: 292
- Force field raw info: C  - CT   | C in RCH2NH3+ & CA in N-term Gly
- Partial charge: 0.19
- Atomic mass: 12.011
- Element guess: C
- Atomic number: 6
- Source file: oplsaa.lt


Atom Type Data:
- Atom index: 293
- Force field raw info: C  - CT   | C in R2CHNH3+ & CA in N-term Ala, etc.
- Partial charge: 0.25
- Atomic mass: 12.011
- Element guess: C
- Atomic number: 6
- Source file: oplsaa.lt


Atom Type Data:
- Atom index: 294
- Force field raw info: C  - CT   | C in R3CNH3+
- Partial charge: 0.31
- Atomic mass: 12.011
- Element guess: C
- Atomic number: 6
- Source file: oplsaa.lt


Atom Type Data:
- Atom index: 295
- Force field raw info: C  - CT   | AA:C-alpha in N-term PRO
- Partial charge: 0.23
- Atomic mass: 12.011
- Element guess: C
- Atomic number: 6
- Source file: oplsaa.lt


Atom Type Data:
- Atom index: 296
- Force field raw info: C  - CT   | AA:C-delta in N-term PRO
- Partial charge: 0.17
- Atomic mass: 12.011
- Element guess: C
- Atomic number: 6
- Source file: oplsaa.lt


Atom Type Data:
- Atom index: 297
- Force field raw info: C  - CT   | CT in CH3NH2+R
- Partial charge: 0.11
- Atomic mass: 12.011
- Element guess: C
- Atomic number: 6
- Source file: oplsaa.lt


Atom Type Data:
- Atom index: 298
- Force field raw info: C  - CT   | AA C-alpha in Gly zwitterion
- Partial charge: 0.09
- Atomic mass: 12.011
- Element guess: C
- Atomic number: 6
- Source file: oplsaa.lt


Atom Type Data:
- Atom index: 299
- Force field raw info: C  - CT   | AA C-alpha in Ala zwitterion
- Partial charge: 0.15
- Atomic mass: 12.011
- Element guess: C
- Atomic number: 6
- Source file: oplsaa.lt
","[
  {
    ""atom_type"": 267,
    ""element"": ""C"",
    ""chemical_environment"": ""carbonyl carbon in a carboxylic acid attached to hydroxyl O-H and an alkyl carbon"",
    ""functional_group"": ""carboxylic acid carbonyl carbon"",
    ""hybridization"": ""sp2"",
    ""example_molecule_smiles"": ""CC(=O)O"",
    ""group_smarts"": ""[C;X3](=O)[OX1H]"",
    ""atom_specific_smarts"": ""[C;X3](=O)([OX1H])[#6]"",
    ""description"": ""C=O carbon of R-COOH; neighbors are one hydroxyl oxygen and one alpha carbon (R)."",
    ""uncertainty"": ""low""
  },
  {
    ""atom_type"": 271,
    ""element"": ""C"",
    ""chemical_environment"": ""carbonyl carbon in a carboxylate anion attached to an alkyl carbon and an anionic oxygen"",
    ""functional_group"": ""carboxylate carbonyl carbon"",
    ""hybridization"": ""sp2"",
    ""example_molecule_smiles"": ""CC(=O)[O-]"",
    ""group_smarts"": ""[C;X3](=O)[O-]"",
    ""atom_specific_smarts"": ""[C;X3](=O)([O-])[#6]"",
    ""description"": ""C=O carbon of R-COO−; neighbors are one anionic oxygen and one alpha carbon (R)."",
    ""uncertainty"": ""low""
  },
  {
    ""atom_type"": 273,
    ""element"": ""C"",
    ""chemical_environment"": ""methyl carbon alpha to a carboxylate group"",
    ""functional_group"": ""alpha-carbon to carboxylate (CH3)"",
    ""hybridization"": ""sp3"",
    ""example_molecule_smiles"": ""CC(=O)[O-]"",
    ""group_smarts"": ""[C;X4]-[C;X3](=O)[O-]"",
    ""atom_specific_smarts"": ""[CH3;X4]-[C;X3](=O)[O-]"",
    ""description"": ""CH3 alpha carbon directly bonded to a carboxylate carbonyl carbon in R-COO− (e.g., acetate)."",
    ""uncertainty"": ""low""
  },
  {
    ""atom_type"": 274,
    ""element"": ""C"",
    ""chemical_environment"": ""methylene carbon alpha to a carboxylate group"",
    ""functional_group"": ""alpha-carbon to carboxylate (CH2)"",
    ""hybridization"": ""sp3"",
    ""example_molecule_smiles"": ""CCC(=O)[O-]"",
    ""group_smarts"": ""[C;X4]-[C;X3](=O)[O-]"",
    ""atom_specific_smarts"": ""[CH2;X4]-[C;X3](=O)[O-]"",
    ""description"": ""CH2 alpha carbon directly bonded to a carboxylate carbonyl carbon in R-CH2-COO− (e.g., propionate)."",
    ""uncertainty"": ""low""
  },
  {
    ""atom_type"": 275,
    ""element"": ""C"",
    ""chemical_environment"": ""tertiary (CH) carbon alpha to a carboxylate group"",
    ""functional_group"": ""alpha-carbon to carboxylate (CH)"",
    ""hybridization"": ""sp3"",
    ""example_molecule_smiles"": ""CC(C)C(=O)[O-]"",
    ""group_smarts"": ""[C;X4]-[C;X3](=O)[O-]"",
    ""atom_specific_smarts"": ""[CH;X4]-[C;X3](=O)[O-]"",
    ""description"": ""Tertiary CH alpha carbon bonded to a carboxylate carbonyl carbon (e.g., isobutyrate)."",
    ""uncertainty"": ""low""
  },
  {
    ""atom_type"": 276,
    ""element"": ""C"",
    ""chemical_environment"": ""quaternary carbon (no H) alpha to a carboxylate group"",
    ""functional_group"": ""alpha-carbon to carboxylate (C, H0)"",
    ""hybridization"": ""sp3"",
    ""example_molecule_smiles"": ""CC(C)(C)C(=O)[O-]"",
    ""group_smarts"": ""[C;X4]-[C;X3](=O)[O-]"",
    ""atom_specific_smarts"": ""[C;X4;H0]-[C;X3](=O)[O-]"",
    ""description"": ""Quaternary alpha carbon (no hydrogens) directly bonded to a carboxylate carbonyl carbon (e.g., pivalate)."",
    ""uncertainty"": ""low""
  },
  {
    ""atom_type"": 277,
    ""element"": ""C"",
    ""chemical_environment"": ""carbonyl carbon of an aldehyde or acyl halide"",
    ""functional_group"": ""aldehyde or acyl halide carbonyl carbon"",
    ""hybridization"": ""sp2"",
    ""example_molecule_smiles"": ""CC(=O)Cl"",
    ""group_smarts"": ""[C;X3](=O)[H,F,Cl,Br,I]"",
    ""atom_specific_smarts"": ""[$([C;X3H1](=O)[#6]),$([C;X3](=O)[F,Cl,Br,I])]"",
    ""description"": ""C=O carbon where the non-carbonyl substituent is H (aldehyde) or a halogen (acyl halide); used when defining C-alpha environments."",
    ""uncertainty"": ""low""
  },
  {
    ""atom_type"": 280,
    ""element"": ""C"",
    ""chemical_environment"": ""carbonyl carbon of a ketone (bound to two carbons)"",
    ""functional_group"": ""ketone carbonyl carbon"",
    ""hybridization"": ""sp2"",
    ""example_molecule_smiles"": ""CC(=O)C"",
    ""group_smarts"": ""[C;X3](=O)([#6])[#6]"",
    ""atom_specific_smarts"": ""[C;X3](=O)([#6])[#6]"",
    ""description"": ""C=O carbon with both single-bond substituents being carbon (R-CO-R′)."",
    ""uncertainty"": ""low""
  },
  {
    ""atom_type"": 283,
    ""element"": ""C"",
    ""chemical_environment"": ""C-alpha of a C-terminal alanine residue (attached to backbone N, side-chain CH3, and terminal carboxyl group)"",
    ""functional_group"": ""amino acid C-alpha at C-terminus (Ala)"",
    ""hybridization"": ""sp3"",
    ""example_molecule_smiles"": ""NC(C)C(=O)[O-]"",
    ""group_smarts"": ""[C;X4]([N;X3])[C;X3](=O)[$([O-]),$([OX1H])]"",
    ""atom_specific_smarts"": ""[CH]([N;X3])([CH3])[C;X3](=O)[$([O-]),$([OX1H])]"",
    ""description"": ""Alanine Cα bonded to backbone N, a methyl side chain, and the C-terminal carboxyl (COO−/COOH)."",
    ""uncertainty"": ""medium""
  },
  {
    ""atom_type"": 284,
    ""element"": ""C"",
    ""chemical_environment"": ""C-alpha of a C-terminal glycine residue (attached to backbone N and terminal carboxyl; side chain is H)"",
    ""functional_group"": ""amino acid C-alpha at C-terminus (Gly)"",
    ""hybridization"": ""sp3"",
    ""example_molecule_smiles"": ""NCC(=O)[O-]"",
    ""group_smarts"": ""[C;X4]([N;X3])[C;X3](=O)[$([O-]),$([OX1H])]"",
    ""atom_specific_smarts"": ""[CH2]([N;X3])[C;X3](=O)[$([O-]),$([OX1H])]"",
    ""description"": ""Glycine Cα (CH2) bonded to backbone N and the C-terminal carboxyl (COO−/COOH)."",
    ""uncertainty"": ""medium""
  },
  {
    ""atom_type"": 285,
    ""element"": ""C"",
    ""chemical_environment"": ""C-alpha of a C-terminal proline residue (attached to ring amide N and terminal carboxyl)"",
    ""functional_group"": ""amino acid C-alpha at C-terminus (Pro)"",
    ""hybridization"": ""sp3"",
    ""example_molecule_smiles"": ""N1CCC[C@H]1C(=O)[O-]"",
    ""group_smarts"": ""[C;X4]([N;X3;R])[C;X3](=O)[$([O-]),$([OX1H])]"",
    ""atom_specific_smarts"": ""[CH]([N;X3;R;H1])[C;X3](=O)[$([O-]),$([OX1H])]"",
    ""description"": ""Proline Cα bonded to a ring amide nitrogen (in the pyrrolidine ring) and the C-terminal carboxyl (COO−/COOH)."",
    ""uncertainty"": ""medium""
  },
  {
    ""atom_type"": 291,
    ""element"": ""C"",
    ""chemical_environment"": ""methyl carbon directly bonded to a primary ammonium (NH3+)"",
    ""functional_group"": ""alkyl adjacent to protonated primary amine"",
    ""hybridization"": ""sp3"",
    ""example_molecule_smiles"": ""C[NH3+]"",
    ""group_smarts"": ""[C;X4]-[N+H3]"",
    ""atom_specific_smarts"": ""[CH3]-[N+H3]"",
    ""description"": ""Terminal CH3 bound to an –NH3+ group (methylammonium)."",
    ""uncertainty"": ""low""
  },
  {
    ""atom_type"": 292,
    ""element"": ""C"",
    ""chemical_environment"": ""methylene carbon directly bonded to a primary ammonium (NH3+); also matches Gly C-alpha at N-terminus"",
    ""functional_group"": ""alkyl adjacent to protonated primary amine"",
    ""hybridization"": ""sp3"",
    ""example_molecule_smiles"": ""CC[NH3+]"",
    ""group_smarts"": ""[C;X4]-[N+H3]"",
    ""atom_specific_smarts"": ""[CH2]-[N+H3]"",
    ""description"": ""CH2 attached to –NH3+ (e.g., ethylammonium) and covers Gly Cα at the N-terminus (–CH2–NH3+)."",
    ""uncertainty"": ""low""
  },
  {
    ""atom_type"": 293,
    ""element"": ""C"",
    ""chemical_environment"": ""tertiary (CH) carbon directly bonded to a primary ammonium (NH3+)"",
    ""functional_group"": ""alkyl adjacent to protonated primary amine"",
    ""hybridization"": ""sp3"",
    ""example_molecule_smiles"": ""CC(C)[NH3+]"",
    ""group_smarts"": ""[C;X4]-[N+H3]"",
    ""atom_specific_smarts"": ""[CH]-[N+H3]"",
    ""description"": ""Tertiary CH bound to –NH3+ (e.g., isopropylammonium)."",
    ""uncertainty"": ""low""
  },
  {
    ""atom_type"": 294,
    ""element"": ""C"",
    ""chemical_environment"": ""quaternary carbon (no H) directly bonded to a primary ammonium (NH3+)"",
    ""functional_group"": ""alkyl adjacent to protonated primary amine"",
    ""hybridization"": ""sp3"",
    ""example_molecule_smiles"": ""C(C)(C)C[NH3+]"",
    ""group_smarts"": ""[C;X4]-[N+H3]"",
    ""atom_specific_smarts"": ""[C;X4;H0]-[N+H3]"",
    ""description"": ""Quaternary carbon (no hydrogens) adjacent to –NH3+ (e.g., t-butylammonium)."",
    ""uncertainty"": ""low""
  },
  {
    ""atom_type"": 295,
    ""element"": ""C"",
    ""chemical_environment"": ""C-alpha of N-terminal proline (attached to protonated ring nitrogen [NH2+] and backbone carbonyl)"",
    ""functional_group"": ""amino acid C-alpha at N-terminus (Pro, protonated)"",
    ""hybridization"": ""sp3"",
    ""example_molecule_smiles"": ""[NH2+]1CCCC[C@H]1C(=O)O"",
    ""group_smarts"": ""[C;X4]([N+H2;R])[C;X3](=O)[$([O-]),$([OX1H])]"",
    ""atom_specific_smarts"": ""[CH]([N+H2;R])[C;X3](=O)[$([O-]),$([OX1H])]"",
    ""description"": ""Proline Cα bonded to ring –NH2+ (protonated secondary amine) and to the carbonyl carbon of the carboxyl group."",
    ""uncertainty"": ""medium""
  },
  {
    ""atom_type"": 296,
    ""element"": ""C"",
    ""chemical_environment"": ""C-delta methylene in N-terminal proline ring adjacent to protonated ring nitrogen"",
    ""functional_group"": ""aliphatic ring carbon alpha to ammonium (proline, N-terminus)"",
    ""hybridization"": ""sp3"",
    ""example_molecule_smiles"": ""[NH2+]1CCCC[C@H]1C(=O)O"",
    ""group_smarts"": ""[CH2;R]-[N+H2;R]"",
    ""atom_specific_smarts"": ""[CH2;R]-[N+H2;R]"",
    ""description"": ""Proline ring CH2 (Cδ) directly bonded within the ring and adjacent to protonated ring nitrogen (–NH2+)."",
    ""uncertainty"": ""medium""
  },
  {
    ""atom_type"": 297,
    ""element"": ""C"",
    ""chemical_environment"": ""methyl carbon attached to a protonated secondary ammonium (–NH2+–R)"",
    ""functional_group"": ""alkyl adjacent to protonated secondary amine"",
    ""hybridization"": ""sp3"",
    ""example_molecule_smiles"": ""C[NH2+]C"",
    ""group_smarts"": ""[C;X4]-[N+H2]-[#6]"",
    ""atom_specific_smarts"": ""[CH3]-[N+H2]-[#6]"",
    ""description"": ""CH3 bound to –NH2+–R (protonated secondary amine)."",
    ""uncertainty"": ""low""
  },
  {
    ""atom_type"": 298,
    ""element"": ""C"",
    ""chemical_environment"": ""C-alpha of glycine in the zwitterion (attached to NH3+ and COO−)"",
    ""functional_group"": ""amino acid C-alpha (Gly, zwitterion)"",
    ""hybridization"": ""sp3"",
    ""example_molecule_smiles"": ""[NH3+]CC(=O)[O-]"",
    ""group_smarts"": ""[C;X4]([N+H3])[C;X3](=O)[O-]"",
    ""atom_specific_smarts"": ""[CH2]([N+H3])[C;X3](=O)[O-]"",
    ""description"": ""Glycine Cα (CH2) bonded to –NH3+ and to the carboxylate carbonyl (COO−)."",
    ""uncertainty"": ""low""
  },
  {
    ""atom_type"": 299,
    ""element"": ""C"",
    ""chemical_environment"": ""C-alpha of alanine in the zwitterion (attached to NH3+, CH3 side chain, and COO−)"",
    ""functional_group"": ""amino acid C-alpha (Ala, zwitterion)"",
    ""hybridization"": ""sp3"",
    ""example_molecule_smiles"": ""[NH3+]C(C)C(=O)[O-]"",
    ""group_smarts"": ""[C;X4]([N+H3])[C;X3](=O)[O-]"",
    ""atom_specific_smarts"": ""[CH]([N+H3])([CH3])[C;X3](=O)[O-]"",
    ""description"": ""Alanine Cα (CH) bonded to –NH3+, a methyl side chain, and the carboxylate carbonyl (COO−)."",
    ""uncertainty"": ""low""
  }
]"
295,0.23,C  - CT   | AA:C-alpha in N-term PRO,12.011,oplsaa.lt,C,6,"Convert the following OPLS-AA atom type rows:

Atom Type Data:
- Atom index: 267
- Force field raw info: C  - C~   | Co in CCOOH carboxylic acid
- Partial charge: 0.52
- Atomic mass: 12.011
- Element guess: C
- Atomic number: 6
- Source file: oplsaa.lt


Atom Type Data:
- Atom index: 271
- Force field raw info: C  - C~   | C in COO- carboxylate
- Partial charge: 0.7
- Atomic mass: 12.011
- Element guess: C
- Atomic number: 6
- Source file: oplsaa.lt


Atom Type Data:
- Atom index: 273
- Force field raw info: C  - CT   | C: CH3, carboxylate ion
- Partial charge: -0.28
- Atomic mass: 12.011
- Element guess: C
- Atomic number: 6
- Source file: oplsaa.lt


Atom Type Data:
- Atom index: 274
- Force field raw info: C  - CT   | C: CH2, carboxylate ion
- Partial charge: -0.22
- Atomic mass: 12.011
- Element guess: C
- Atomic number: 6
- Source file: oplsaa.lt


Atom Type Data:
- Atom index: 275
- Force field raw info: C  - CT   | C: CH, carboxylate ion
- Partial charge: -0.16
- Atomic mass: 12.011
- Element guess: C
- Atomic number: 6
- Source file: oplsaa.lt


Atom Type Data:
- Atom index: 276
- Force field raw info: C  - CT   | C: C, carboxylate ion
- Partial charge: -0.1
- Atomic mass: 12.011
- Element guess: C
- Atomic number: 6
- Source file: oplsaa.lt


Atom Type Data:
- Atom index: 277
- Force field raw info: C  - C~   | AA C: aldehyde & acyl halide - for C-alpha use
- Partial charge: 0.45
- Atomic mass: 12.011
- Element guess: C
- Atomic number: 6
- Source file: oplsaa.lt


Atom Type Data:
- Atom index: 280
- Force field raw info: C  - C~   | AA C: ketone - for C-alpha use
- Partial charge: 0.47
- Atomic mass: 12.011
- Element guess: C
- Atomic number: 6
- Source file: oplsaa.lt


Atom Type Data:
- Atom index: 283
- Force field raw info: C  - CT   | AA C-alpha on C-terminal ALA
- Partial charge: 0.04
- Atomic mass: 12.011
- Element guess: C
- Atomic number: 6
- Source file: oplsaa.lt


Atom Type Data:
- Atom index: 284
- Force field raw info: C  - CT   | AA C-alpha on C-terminal GLY
- Partial charge: -0.02
- Atomic mass: 12.011
- Element guess: C
- Atomic number: 6
- Source file: oplsaa.lt


Atom Type Data:
- Atom index: 285
- Force field raw info: C  - CT   | AA C-alpha on C-terminal PRO
- Partial charge: -0.09
- Atomic mass: 12.011
- Element guess: C
- Atomic number: 6
- Source file: oplsaa.lt


Atom Type Data:
- Atom index: 291
- Force field raw info: C  - CT   | C in CH3NH3+
- Partial charge: 0.13
- Atomic mass: 12.011
- Element guess: C
- Atomic number: 6
- Source file: oplsaa.lt


Atom Type Data:
- Atom index: 292
- Force field raw info: C  - CT   | C in RCH2NH3+ & CA in N-term Gly
- Partial charge: 0.19
- Atomic mass: 12.011
- Element guess: C
- Atomic number: 6
- Source file: oplsaa.lt


Atom Type Data:
- Atom index: 293
- Force field raw info: C  - CT   | C in R2CHNH3+ & CA in N-term Ala, etc.
- Partial charge: 0.25
- Atomic mass: 12.011
- Element guess: C
- Atomic number: 6
- Source file: oplsaa.lt


Atom Type Data:
- Atom index: 294
- Force field raw info: C  - CT   | C in R3CNH3+
- Partial charge: 0.31
- Atomic mass: 12.011
- Element guess: C
- Atomic number: 6
- Source file: oplsaa.lt


Atom Type Data:
- Atom index: 295
- Force field raw info: C  - CT   | AA:C-alpha in N-term PRO
- Partial charge: 0.23
- Atomic mass: 12.011
- Element guess: C
- Atomic number: 6
- Source file: oplsaa.lt


Atom Type Data:
- Atom index: 296
- Force field raw info: C  - CT   | AA:C-delta in N-term PRO
- Partial charge: 0.17
- Atomic mass: 12.011
- Element guess: C
- Atomic number: 6
- Source file: oplsaa.lt


Atom Type Data:
- Atom index: 297
- Force field raw info: C  - CT   | CT in CH3NH2+R
- Partial charge: 0.11
- Atomic mass: 12.011
- Element guess: C
- Atomic number: 6
- Source file: oplsaa.lt


Atom Type Data:
- Atom index: 298
- Force field raw info: C  - CT   | AA C-alpha in Gly zwitterion
- Partial charge: 0.09
- Atomic mass: 12.011
- Element guess: C
- Atomic number: 6
- Source file: oplsaa.lt


Atom Type Data:
- Atom index: 299
- Force field raw info: C  - CT   | AA C-alpha in Ala zwitterion
- Partial charge: 0.15
- Atomic mass: 12.011
- Element guess: C
- Atomic number: 6
- Source file: oplsaa.lt
","[
  {
    ""atom_type"": 267,
    ""element"": ""C"",
    ""chemical_environment"": ""carbonyl carbon in a carboxylic acid attached to hydroxyl O-H and an alkyl carbon"",
    ""functional_group"": ""carboxylic acid carbonyl carbon"",
    ""hybridization"": ""sp2"",
    ""example_molecule_smiles"": ""CC(=O)O"",
    ""group_smarts"": ""[C;X3](=O)[OX1H]"",
    ""atom_specific_smarts"": ""[C;X3](=O)([OX1H])[#6]"",
    ""description"": ""C=O carbon of R-COOH; neighbors are one hydroxyl oxygen and one alpha carbon (R)."",
    ""uncertainty"": ""low""
  },
  {
    ""atom_type"": 271,
    ""element"": ""C"",
    ""chemical_environment"": ""carbonyl carbon in a carboxylate anion attached to an alkyl carbon and an anionic oxygen"",
    ""functional_group"": ""carboxylate carbonyl carbon"",
    ""hybridization"": ""sp2"",
    ""example_molecule_smiles"": ""CC(=O)[O-]"",
    ""group_smarts"": ""[C;X3](=O)[O-]"",
    ""atom_specific_smarts"": ""[C;X3](=O)([O-])[#6]"",
    ""description"": ""C=O carbon of R-COO−; neighbors are one anionic oxygen and one alpha carbon (R)."",
    ""uncertainty"": ""low""
  },
  {
    ""atom_type"": 273,
    ""element"": ""C"",
    ""chemical_environment"": ""methyl carbon alpha to a carboxylate group"",
    ""functional_group"": ""alpha-carbon to carboxylate (CH3)"",
    ""hybridization"": ""sp3"",
    ""example_molecule_smiles"": ""CC(=O)[O-]"",
    ""group_smarts"": ""[C;X4]-[C;X3](=O)[O-]"",
    ""atom_specific_smarts"": ""[CH3;X4]-[C;X3](=O)[O-]"",
    ""description"": ""CH3 alpha carbon directly bonded to a carboxylate carbonyl carbon in R-COO− (e.g., acetate)."",
    ""uncertainty"": ""low""
  },
  {
    ""atom_type"": 274,
    ""element"": ""C"",
    ""chemical_environment"": ""methylene carbon alpha to a carboxylate group"",
    ""functional_group"": ""alpha-carbon to carboxylate (CH2)"",
    ""hybridization"": ""sp3"",
    ""example_molecule_smiles"": ""CCC(=O)[O-]"",
    ""group_smarts"": ""[C;X4]-[C;X3](=O)[O-]"",
    ""atom_specific_smarts"": ""[CH2;X4]-[C;X3](=O)[O-]"",
    ""description"": ""CH2 alpha carbon directly bonded to a carboxylate carbonyl carbon in R-CH2-COO− (e.g., propionate)."",
    ""uncertainty"": ""low""
  },
  {
    ""atom_type"": 275,
    ""element"": ""C"",
    ""chemical_environment"": ""tertiary (CH) carbon alpha to a carboxylate group"",
    ""functional_group"": ""alpha-carbon to carboxylate (CH)"",
    ""hybridization"": ""sp3"",
    ""example_molecule_smiles"": ""CC(C)C(=O)[O-]"",
    ""group_smarts"": ""[C;X4]-[C;X3](=O)[O-]"",
    ""atom_specific_smarts"": ""[CH;X4]-[C;X3](=O)[O-]"",
    ""description"": ""Tertiary CH alpha carbon bonded to a carboxylate carbonyl carbon (e.g., isobutyrate)."",
    ""uncertainty"": ""low""
  },
  {
    ""atom_type"": 276,
    ""element"": ""C"",
    ""chemical_environment"": ""quaternary carbon (no H) alpha to a carboxylate group"",
    ""functional_group"": ""alpha-carbon to carboxylate (C, H0)"",
    ""hybridization"": ""sp3"",
    ""example_molecule_smiles"": ""CC(C)(C)C(=O)[O-]"",
    ""group_smarts"": ""[C;X4]-[C;X3](=O)[O-]"",
    ""atom_specific_smarts"": ""[C;X4;H0]-[C;X3](=O)[O-]"",
    ""description"": ""Quaternary alpha carbon (no hydrogens) directly bonded to a carboxylate carbonyl carbon (e.g., pivalate)."",
    ""uncertainty"": ""low""
  },
  {
    ""atom_type"": 277,
    ""element"": ""C"",
    ""chemical_environment"": ""carbonyl carbon of an aldehyde or acyl halide"",
    ""functional_group"": ""aldehyde or acyl halide carbonyl carbon"",
    ""hybridization"": ""sp2"",
    ""example_molecule_smiles"": ""CC(=O)Cl"",
    ""group_smarts"": ""[C;X3](=O)[H,F,Cl,Br,I]"",
    ""atom_specific_smarts"": ""[$([C;X3H1](=O)[#6]),$([C;X3](=O)[F,Cl,Br,I])]"",
    ""description"": ""C=O carbon where the non-carbonyl substituent is H (aldehyde) or a halogen (acyl halide); used when defining C-alpha environments."",
    ""uncertainty"": ""low""
  },
  {
    ""atom_type"": 280,
    ""element"": ""C"",
    ""chemical_environment"": ""carbonyl carbon of a ketone (bound to two carbons)"",
    ""functional_group"": ""ketone carbonyl carbon"",
    ""hybridization"": ""sp2"",
    ""example_molecule_smiles"": ""CC(=O)C"",
    ""group_smarts"": ""[C;X3](=O)([#6])[#6]"",
    ""atom_specific_smarts"": ""[C;X3](=O)([#6])[#6]"",
    ""description"": ""C=O carbon with both single-bond substituents being carbon (R-CO-R′)."",
    ""uncertainty"": ""low""
  },
  {
    ""atom_type"": 283,
    ""element"": ""C"",
    ""chemical_environment"": ""C-alpha of a C-terminal alanine residue (attached to backbone N, side-chain CH3, and terminal carboxyl group)"",
    ""functional_group"": ""amino acid C-alpha at C-terminus (Ala)"",
    ""hybridization"": ""sp3"",
    ""example_molecule_smiles"": ""NC(C)C(=O)[O-]"",
    ""group_smarts"": ""[C;X4]([N;X3])[C;X3](=O)[$([O-]),$([OX1H])]"",
    ""atom_specific_smarts"": ""[CH]([N;X3])([CH3])[C;X3](=O)[$([O-]),$([OX1H])]"",
    ""description"": ""Alanine Cα bonded to backbone N, a methyl side chain, and the C-terminal carboxyl (COO−/COOH)."",
    ""uncertainty"": ""medium""
  },
  {
    ""atom_type"": 284,
    ""element"": ""C"",
    ""chemical_environment"": ""C-alpha of a C-terminal glycine residue (attached to backbone N and terminal carboxyl; side chain is H)"",
    ""functional_group"": ""amino acid C-alpha at C-terminus (Gly)"",
    ""hybridization"": ""sp3"",
    ""example_molecule_smiles"": ""NCC(=O)[O-]"",
    ""group_smarts"": ""[C;X4]([N;X3])[C;X3](=O)[$([O-]),$([OX1H])]"",
    ""atom_specific_smarts"": ""[CH2]([N;X3])[C;X3](=O)[$([O-]),$([OX1H])]"",
    ""description"": ""Glycine Cα (CH2) bonded to backbone N and the C-terminal carboxyl (COO−/COOH)."",
    ""uncertainty"": ""medium""
  },
  {
    ""atom_type"": 285,
    ""element"": ""C"",
    ""chemical_environment"": ""C-alpha of a C-terminal proline residue (attached to ring amide N and terminal carboxyl)"",
    ""functional_group"": ""amino acid C-alpha at C-terminus (Pro)"",
    ""hybridization"": ""sp3"",
    ""example_molecule_smiles"": ""N1CCC[C@H]1C(=O)[O-]"",
    ""group_smarts"": ""[C;X4]([N;X3;R])[C;X3](=O)[$([O-]),$([OX1H])]"",
    ""atom_specific_smarts"": ""[CH]([N;X3;R;H1])[C;X3](=O)[$([O-]),$([OX1H])]"",
    ""description"": ""Proline Cα bonded to a ring amide nitrogen (in the pyrrolidine ring) and the C-terminal carboxyl (COO−/COOH)."",
    ""uncertainty"": ""medium""
  },
  {
    ""atom_type"": 291,
    ""element"": ""C"",
    ""chemical_environment"": ""methyl carbon directly bonded to a primary ammonium (NH3+)"",
    ""functional_group"": ""alkyl adjacent to protonated primary amine"",
    ""hybridization"": ""sp3"",
    ""example_molecule_smiles"": ""C[NH3+]"",
    ""group_smarts"": ""[C;X4]-[N+H3]"",
    ""atom_specific_smarts"": ""[CH3]-[N+H3]"",
    ""description"": ""Terminal CH3 bound to an –NH3+ group (methylammonium)."",
    ""uncertainty"": ""low""
  },
  {
    ""atom_type"": 292,
    ""element"": ""C"",
    ""chemical_environment"": ""methylene carbon directly bonded to a primary ammonium (NH3+); also matches Gly C-alpha at N-terminus"",
    ""functional_group"": ""alkyl adjacent to protonated primary amine"",
    ""hybridization"": ""sp3"",
    ""example_molecule_smiles"": ""CC[NH3+]"",
    ""group_smarts"": ""[C;X4]-[N+H3]"",
    ""atom_specific_smarts"": ""[CH2]-[N+H3]"",
    ""description"": ""CH2 attached to –NH3+ (e.g., ethylammonium) and covers Gly Cα at the N-terminus (–CH2–NH3+)."",
    ""uncertainty"": ""low""
  },
  {
    ""atom_type"": 293,
    ""element"": ""C"",
    ""chemical_environment"": ""tertiary (CH) carbon directly bonded to a primary ammonium (NH3+)"",
    ""functional_group"": ""alkyl adjacent to protonated primary amine"",
    ""hybridization"": ""sp3"",
    ""example_molecule_smiles"": ""CC(C)[NH3+]"",
    ""group_smarts"": ""[C;X4]-[N+H3]"",
    ""atom_specific_smarts"": ""[CH]-[N+H3]"",
    ""description"": ""Tertiary CH bound to –NH3+ (e.g., isopropylammonium)."",
    ""uncertainty"": ""low""
  },
  {
    ""atom_type"": 294,
    ""element"": ""C"",
    ""chemical_environment"": ""quaternary carbon (no H) directly bonded to a primary ammonium (NH3+)"",
    ""functional_group"": ""alkyl adjacent to protonated primary amine"",
    ""hybridization"": ""sp3"",
    ""example_molecule_smiles"": ""C(C)(C)C[NH3+]"",
    ""group_smarts"": ""[C;X4]-[N+H3]"",
    ""atom_specific_smarts"": ""[C;X4;H0]-[N+H3]"",
    ""description"": ""Quaternary carbon (no hydrogens) adjacent to –NH3+ (e.g., t-butylammonium)."",
    ""uncertainty"": ""low""
  },
  {
    ""atom_type"": 295,
    ""element"": ""C"",
    ""chemical_environment"": ""C-alpha of N-terminal proline (attached to protonated ring nitrogen [NH2+] and backbone carbonyl)"",
    ""functional_group"": ""amino acid C-alpha at N-terminus (Pro, protonated)"",
    ""hybridization"": ""sp3"",
    ""example_molecule_smiles"": ""[NH2+]1CCCC[C@H]1C(=O)O"",
    ""group_smarts"": ""[C;X4]([N+H2;R])[C;X3](=O)[$([O-]),$([OX1H])]"",
    ""atom_specific_smarts"": ""[CH]([N+H2;R])[C;X3](=O)[$([O-]),$([OX1H])]"",
    ""description"": ""Proline Cα bonded to ring –NH2+ (protonated secondary amine) and to the carbonyl carbon of the carboxyl group."",
    ""uncertainty"": ""medium""
  },
  {
    ""atom_type"": 296,
    ""element"": ""C"",
    ""chemical_environment"": ""C-delta methylene in N-terminal proline ring adjacent to protonated ring nitrogen"",
    ""functional_group"": ""aliphatic ring carbon alpha to ammonium (proline, N-terminus)"",
    ""hybridization"": ""sp3"",
    ""example_molecule_smiles"": ""[NH2+]1CCCC[C@H]1C(=O)O"",
    ""group_smarts"": ""[CH2;R]-[N+H2;R]"",
    ""atom_specific_smarts"": ""[CH2;R]-[N+H2;R]"",
    ""description"": ""Proline ring CH2 (Cδ) directly bonded within the ring and adjacent to protonated ring nitrogen (–NH2+)."",
    ""uncertainty"": ""medium""
  },
  {
    ""atom_type"": 297,
    ""element"": ""C"",
    ""chemical_environment"": ""methyl carbon attached to a protonated secondary ammonium (–NH2+–R)"",
    ""functional_group"": ""alkyl adjacent to protonated secondary amine"",
    ""hybridization"": ""sp3"",
    ""example_molecule_smiles"": ""C[NH2+]C"",
    ""group_smarts"": ""[C;X4]-[N+H2]-[#6]"",
    ""atom_specific_smarts"": ""[CH3]-[N+H2]-[#6]"",
    ""description"": ""CH3 bound to –NH2+–R (protonated secondary amine)."",
    ""uncertainty"": ""low""
  },
  {
    ""atom_type"": 298,
    ""element"": ""C"",
    ""chemical_environment"": ""C-alpha of glycine in the zwitterion (attached to NH3+ and COO−)"",
    ""functional_group"": ""amino acid C-alpha (Gly, zwitterion)"",
    ""hybridization"": ""sp3"",
    ""example_molecule_smiles"": ""[NH3+]CC(=O)[O-]"",
    ""group_smarts"": ""[C;X4]([N+H3])[C;X3](=O)[O-]"",
    ""atom_specific_smarts"": ""[CH2]([N+H3])[C;X3](=O)[O-]"",
    ""description"": ""Glycine Cα (CH2) bonded to –NH3+ and to the carboxylate carbonyl (COO−)."",
    ""uncertainty"": ""low""
  },
  {
    ""atom_type"": 299,
    ""element"": ""C"",
    ""chemical_environment"": ""C-alpha of alanine in the zwitterion (attached to NH3+, CH3 side chain, and COO−)"",
    ""functional_group"": ""amino acid C-alpha (Ala, zwitterion)"",
    ""hybridization"": ""sp3"",
    ""example_molecule_smiles"": ""[NH3+]C(C)C(=O)[O-]"",
    ""group_smarts"": ""[C;X4]([N+H3])[C;X3](=O)[O-]"",
    ""atom_specific_smarts"": ""[CH]([N+H3])([CH3])[C;X3](=O)[O-]"",
    ""description"": ""Alanine Cα (CH) bonded to –NH3+, a methyl side chain, and the carboxylate carbonyl (COO−)."",
    ""uncertainty"": ""low""
  }
]"
296,0.17,C  - CT   | AA:C-delta in N-term PRO,12.011,oplsaa.lt,C,6,"Convert the following OPLS-AA atom type rows:

Atom Type Data:
- Atom index: 267
- Force field raw info: C  - C~   | Co in CCOOH carboxylic acid
- Partial charge: 0.52
- Atomic mass: 12.011
- Element guess: C
- Atomic number: 6
- Source file: oplsaa.lt


Atom Type Data:
- Atom index: 271
- Force field raw info: C  - C~   | C in COO- carboxylate
- Partial charge: 0.7
- Atomic mass: 12.011
- Element guess: C
- Atomic number: 6
- Source file: oplsaa.lt


Atom Type Data:
- Atom index: 273
- Force field raw info: C  - CT   | C: CH3, carboxylate ion
- Partial charge: -0.28
- Atomic mass: 12.011
- Element guess: C
- Atomic number: 6
- Source file: oplsaa.lt


Atom Type Data:
- Atom index: 274
- Force field raw info: C  - CT   | C: CH2, carboxylate ion
- Partial charge: -0.22
- Atomic mass: 12.011
- Element guess: C
- Atomic number: 6
- Source file: oplsaa.lt


Atom Type Data:
- Atom index: 275
- Force field raw info: C  - CT   | C: CH, carboxylate ion
- Partial charge: -0.16
- Atomic mass: 12.011
- Element guess: C
- Atomic number: 6
- Source file: oplsaa.lt


Atom Type Data:
- Atom index: 276
- Force field raw info: C  - CT   | C: C, carboxylate ion
- Partial charge: -0.1
- Atomic mass: 12.011
- Element guess: C
- Atomic number: 6
- Source file: oplsaa.lt


Atom Type Data:
- Atom index: 277
- Force field raw info: C  - C~   | AA C: aldehyde & acyl halide - for C-alpha use
- Partial charge: 0.45
- Atomic mass: 12.011
- Element guess: C
- Atomic number: 6
- Source file: oplsaa.lt


Atom Type Data:
- Atom index: 280
- Force field raw info: C  - C~   | AA C: ketone - for C-alpha use
- Partial charge: 0.47
- Atomic mass: 12.011
- Element guess: C
- Atomic number: 6
- Source file: oplsaa.lt


Atom Type Data:
- Atom index: 283
- Force field raw info: C  - CT   | AA C-alpha on C-terminal ALA
- Partial charge: 0.04
- Atomic mass: 12.011
- Element guess: C
- Atomic number: 6
- Source file: oplsaa.lt


Atom Type Data:
- Atom index: 284
- Force field raw info: C  - CT   | AA C-alpha on C-terminal GLY
- Partial charge: -0.02
- Atomic mass: 12.011
- Element guess: C
- Atomic number: 6
- Source file: oplsaa.lt


Atom Type Data:
- Atom index: 285
- Force field raw info: C  - CT   | AA C-alpha on C-terminal PRO
- Partial charge: -0.09
- Atomic mass: 12.011
- Element guess: C
- Atomic number: 6
- Source file: oplsaa.lt


Atom Type Data:
- Atom index: 291
- Force field raw info: C  - CT   | C in CH3NH3+
- Partial charge: 0.13
- Atomic mass: 12.011
- Element guess: C
- Atomic number: 6
- Source file: oplsaa.lt


Atom Type Data:
- Atom index: 292
- Force field raw info: C  - CT   | C in RCH2NH3+ & CA in N-term Gly
- Partial charge: 0.19
- Atomic mass: 12.011
- Element guess: C
- Atomic number: 6
- Source file: oplsaa.lt


Atom Type Data:
- Atom index: 293
- Force field raw info: C  - CT   | C in R2CHNH3+ & CA in N-term Ala, etc.
- Partial charge: 0.25
- Atomic mass: 12.011
- Element guess: C
- Atomic number: 6
- Source file: oplsaa.lt


Atom Type Data:
- Atom index: 294
- Force field raw info: C  - CT   | C in R3CNH3+
- Partial charge: 0.31
- Atomic mass: 12.011
- Element guess: C
- Atomic number: 6
- Source file: oplsaa.lt


Atom Type Data:
- Atom index: 295
- Force field raw info: C  - CT   | AA:C-alpha in N-term PRO
- Partial charge: 0.23
- Atomic mass: 12.011
- Element guess: C
- Atomic number: 6
- Source file: oplsaa.lt


Atom Type Data:
- Atom index: 296
- Force field raw info: C  - CT   | AA:C-delta in N-term PRO
- Partial charge: 0.17
- Atomic mass: 12.011
- Element guess: C
- Atomic number: 6
- Source file: oplsaa.lt


Atom Type Data:
- Atom index: 297
- Force field raw info: C  - CT   | CT in CH3NH2+R
- Partial charge: 0.11
- Atomic mass: 12.011
- Element guess: C
- Atomic number: 6
- Source file: oplsaa.lt


Atom Type Data:
- Atom index: 298
- Force field raw info: C  - CT   | AA C-alpha in Gly zwitterion
- Partial charge: 0.09
- Atomic mass: 12.011
- Element guess: C
- Atomic number: 6
- Source file: oplsaa.lt


Atom Type Data:
- Atom index: 299
- Force field raw info: C  - CT   | AA C-alpha in Ala zwitterion
- Partial charge: 0.15
- Atomic mass: 12.011
- Element guess: C
- Atomic number: 6
- Source file: oplsaa.lt
","[
  {
    ""atom_type"": 267,
    ""element"": ""C"",
    ""chemical_environment"": ""carbonyl carbon in a carboxylic acid attached to hydroxyl O-H and an alkyl carbon"",
    ""functional_group"": ""carboxylic acid carbonyl carbon"",
    ""hybridization"": ""sp2"",
    ""example_molecule_smiles"": ""CC(=O)O"",
    ""group_smarts"": ""[C;X3](=O)[OX1H]"",
    ""atom_specific_smarts"": ""[C;X3](=O)([OX1H])[#6]"",
    ""description"": ""C=O carbon of R-COOH; neighbors are one hydroxyl oxygen and one alpha carbon (R)."",
    ""uncertainty"": ""low""
  },
  {
    ""atom_type"": 271,
    ""element"": ""C"",
    ""chemical_environment"": ""carbonyl carbon in a carboxylate anion attached to an alkyl carbon and an anionic oxygen"",
    ""functional_group"": ""carboxylate carbonyl carbon"",
    ""hybridization"": ""sp2"",
    ""example_molecule_smiles"": ""CC(=O)[O-]"",
    ""group_smarts"": ""[C;X3](=O)[O-]"",
    ""atom_specific_smarts"": ""[C;X3](=O)([O-])[#6]"",
    ""description"": ""C=O carbon of R-COO−; neighbors are one anionic oxygen and one alpha carbon (R)."",
    ""uncertainty"": ""low""
  },
  {
    ""atom_type"": 273,
    ""element"": ""C"",
    ""chemical_environment"": ""methyl carbon alpha to a carboxylate group"",
    ""functional_group"": ""alpha-carbon to carboxylate (CH3)"",
    ""hybridization"": ""sp3"",
    ""example_molecule_smiles"": ""CC(=O)[O-]"",
    ""group_smarts"": ""[C;X4]-[C;X3](=O)[O-]"",
    ""atom_specific_smarts"": ""[CH3;X4]-[C;X3](=O)[O-]"",
    ""description"": ""CH3 alpha carbon directly bonded to a carboxylate carbonyl carbon in R-COO− (e.g., acetate)."",
    ""uncertainty"": ""low""
  },
  {
    ""atom_type"": 274,
    ""element"": ""C"",
    ""chemical_environment"": ""methylene carbon alpha to a carboxylate group"",
    ""functional_group"": ""alpha-carbon to carboxylate (CH2)"",
    ""hybridization"": ""sp3"",
    ""example_molecule_smiles"": ""CCC(=O)[O-]"",
    ""group_smarts"": ""[C;X4]-[C;X3](=O)[O-]"",
    ""atom_specific_smarts"": ""[CH2;X4]-[C;X3](=O)[O-]"",
    ""description"": ""CH2 alpha carbon directly bonded to a carboxylate carbonyl carbon in R-CH2-COO− (e.g., propionate)."",
    ""uncertainty"": ""low""
  },
  {
    ""atom_type"": 275,
    ""element"": ""C"",
    ""chemical_environment"": ""tertiary (CH) carbon alpha to a carboxylate group"",
    ""functional_group"": ""alpha-carbon to carboxylate (CH)"",
    ""hybridization"": ""sp3"",
    ""example_molecule_smiles"": ""CC(C)C(=O)[O-]"",
    ""group_smarts"": ""[C;X4]-[C;X3](=O)[O-]"",
    ""atom_specific_smarts"": ""[CH;X4]-[C;X3](=O)[O-]"",
    ""description"": ""Tertiary CH alpha carbon bonded to a carboxylate carbonyl carbon (e.g., isobutyrate)."",
    ""uncertainty"": ""low""
  },
  {
    ""atom_type"": 276,
    ""element"": ""C"",
    ""chemical_environment"": ""quaternary carbon (no H) alpha to a carboxylate group"",
    ""functional_group"": ""alpha-carbon to carboxylate (C, H0)"",
    ""hybridization"": ""sp3"",
    ""example_molecule_smiles"": ""CC(C)(C)C(=O)[O-]"",
    ""group_smarts"": ""[C;X4]-[C;X3](=O)[O-]"",
    ""atom_specific_smarts"": ""[C;X4;H0]-[C;X3](=O)[O-]"",
    ""description"": ""Quaternary alpha carbon (no hydrogens) directly bonded to a carboxylate carbonyl carbon (e.g., pivalate)."",
    ""uncertainty"": ""low""
  },
  {
    ""atom_type"": 277,
    ""element"": ""C"",
    ""chemical_environment"": ""carbonyl carbon of an aldehyde or acyl halide"",
    ""functional_group"": ""aldehyde or acyl halide carbonyl carbon"",
    ""hybridization"": ""sp2"",
    ""example_molecule_smiles"": ""CC(=O)Cl"",
    ""group_smarts"": ""[C;X3](=O)[H,F,Cl,Br,I]"",
    ""atom_specific_smarts"": ""[$([C;X3H1](=O)[#6]),$([C;X3](=O)[F,Cl,Br,I])]"",
    ""description"": ""C=O carbon where the non-carbonyl substituent is H (aldehyde) or a halogen (acyl halide); used when defining C-alpha environments."",
    ""uncertainty"": ""low""
  },
  {
    ""atom_type"": 280,
    ""element"": ""C"",
    ""chemical_environment"": ""carbonyl carbon of a ketone (bound to two carbons)"",
    ""functional_group"": ""ketone carbonyl carbon"",
    ""hybridization"": ""sp2"",
    ""example_molecule_smiles"": ""CC(=O)C"",
    ""group_smarts"": ""[C;X3](=O)([#6])[#6]"",
    ""atom_specific_smarts"": ""[C;X3](=O)([#6])[#6]"",
    ""description"": ""C=O carbon with both single-bond substituents being carbon (R-CO-R′)."",
    ""uncertainty"": ""low""
  },
  {
    ""atom_type"": 283,
    ""element"": ""C"",
    ""chemical_environment"": ""C-alpha of a C-terminal alanine residue (attached to backbone N, side-chain CH3, and terminal carboxyl group)"",
    ""functional_group"": ""amino acid C-alpha at C-terminus (Ala)"",
    ""hybridization"": ""sp3"",
    ""example_molecule_smiles"": ""NC(C)C(=O)[O-]"",
    ""group_smarts"": ""[C;X4]([N;X3])[C;X3](=O)[$([O-]),$([OX1H])]"",
    ""atom_specific_smarts"": ""[CH]([N;X3])([CH3])[C;X3](=O)[$([O-]),$([OX1H])]"",
    ""description"": ""Alanine Cα bonded to backbone N, a methyl side chain, and the C-terminal carboxyl (COO−/COOH)."",
    ""uncertainty"": ""medium""
  },
  {
    ""atom_type"": 284,
    ""element"": ""C"",
    ""chemical_environment"": ""C-alpha of a C-terminal glycine residue (attached to backbone N and terminal carboxyl; side chain is H)"",
    ""functional_group"": ""amino acid C-alpha at C-terminus (Gly)"",
    ""hybridization"": ""sp3"",
    ""example_molecule_smiles"": ""NCC(=O)[O-]"",
    ""group_smarts"": ""[C;X4]([N;X3])[C;X3](=O)[$([O-]),$([OX1H])]"",
    ""atom_specific_smarts"": ""[CH2]([N;X3])[C;X3](=O)[$([O-]),$([OX1H])]"",
    ""description"": ""Glycine Cα (CH2) bonded to backbone N and the C-terminal carboxyl (COO−/COOH)."",
    ""uncertainty"": ""medium""
  },
  {
    ""atom_type"": 285,
    ""element"": ""C"",
    ""chemical_environment"": ""C-alpha of a C-terminal proline residue (attached to ring amide N and terminal carboxyl)"",
    ""functional_group"": ""amino acid C-alpha at C-terminus (Pro)"",
    ""hybridization"": ""sp3"",
    ""example_molecule_smiles"": ""N1CCC[C@H]1C(=O)[O-]"",
    ""group_smarts"": ""[C;X4]([N;X3;R])[C;X3](=O)[$([O-]),$([OX1H])]"",
    ""atom_specific_smarts"": ""[CH]([N;X3;R;H1])[C;X3](=O)[$([O-]),$([OX1H])]"",
    ""description"": ""Proline Cα bonded to a ring amide nitrogen (in the pyrrolidine ring) and the C-terminal carboxyl (COO−/COOH)."",
    ""uncertainty"": ""medium""
  },
  {
    ""atom_type"": 291,
    ""element"": ""C"",
    ""chemical_environment"": ""methyl carbon directly bonded to a primary ammonium (NH3+)"",
    ""functional_group"": ""alkyl adjacent to protonated primary amine"",
    ""hybridization"": ""sp3"",
    ""example_molecule_smiles"": ""C[NH3+]"",
    ""group_smarts"": ""[C;X4]-[N+H3]"",
    ""atom_specific_smarts"": ""[CH3]-[N+H3]"",
    ""description"": ""Terminal CH3 bound to an –NH3+ group (methylammonium)."",
    ""uncertainty"": ""low""
  },
  {
    ""atom_type"": 292,
    ""element"": ""C"",
    ""chemical_environment"": ""methylene carbon directly bonded to a primary ammonium (NH3+); also matches Gly C-alpha at N-terminus"",
    ""functional_group"": ""alkyl adjacent to protonated primary amine"",
    ""hybridization"": ""sp3"",
    ""example_molecule_smiles"": ""CC[NH3+]"",
    ""group_smarts"": ""[C;X4]-[N+H3]"",
    ""atom_specific_smarts"": ""[CH2]-[N+H3]"",
    ""description"": ""CH2 attached to –NH3+ (e.g., ethylammonium) and covers Gly Cα at the N-terminus (–CH2–NH3+)."",
    ""uncertainty"": ""low""
  },
  {
    ""atom_type"": 293,
    ""element"": ""C"",
    ""chemical_environment"": ""tertiary (CH) carbon directly bonded to a primary ammonium (NH3+)"",
    ""functional_group"": ""alkyl adjacent to protonated primary amine"",
    ""hybridization"": ""sp3"",
    ""example_molecule_smiles"": ""CC(C)[NH3+]"",
    ""group_smarts"": ""[C;X4]-[N+H3]"",
    ""atom_specific_smarts"": ""[CH]-[N+H3]"",
    ""description"": ""Tertiary CH bound to –NH3+ (e.g., isopropylammonium)."",
    ""uncertainty"": ""low""
  },
  {
    ""atom_type"": 294,
    ""element"": ""C"",
    ""chemical_environment"": ""quaternary carbon (no H) directly bonded to a primary ammonium (NH3+)"",
    ""functional_group"": ""alkyl adjacent to protonated primary amine"",
    ""hybridization"": ""sp3"",
    ""example_molecule_smiles"": ""C(C)(C)C[NH3+]"",
    ""group_smarts"": ""[C;X4]-[N+H3]"",
    ""atom_specific_smarts"": ""[C;X4;H0]-[N+H3]"",
    ""description"": ""Quaternary carbon (no hydrogens) adjacent to –NH3+ (e.g., t-butylammonium)."",
    ""uncertainty"": ""low""
  },
  {
    ""atom_type"": 295,
    ""element"": ""C"",
    ""chemical_environment"": ""C-alpha of N-terminal proline (attached to protonated ring nitrogen [NH2+] and backbone carbonyl)"",
    ""functional_group"": ""amino acid C-alpha at N-terminus (Pro, protonated)"",
    ""hybridization"": ""sp3"",
    ""example_molecule_smiles"": ""[NH2+]1CCCC[C@H]1C(=O)O"",
    ""group_smarts"": ""[C;X4]([N+H2;R])[C;X3](=O)[$([O-]),$([OX1H])]"",
    ""atom_specific_smarts"": ""[CH]([N+H2;R])[C;X3](=O)[$([O-]),$([OX1H])]"",
    ""description"": ""Proline Cα bonded to ring –NH2+ (protonated secondary amine) and to the carbonyl carbon of the carboxyl group."",
    ""uncertainty"": ""medium""
  },
  {
    ""atom_type"": 296,
    ""element"": ""C"",
    ""chemical_environment"": ""C-delta methylene in N-terminal proline ring adjacent to protonated ring nitrogen"",
    ""functional_group"": ""aliphatic ring carbon alpha to ammonium (proline, N-terminus)"",
    ""hybridization"": ""sp3"",
    ""example_molecule_smiles"": ""[NH2+]1CCCC[C@H]1C(=O)O"",
    ""group_smarts"": ""[CH2;R]-[N+H2;R]"",
    ""atom_specific_smarts"": ""[CH2;R]-[N+H2;R]"",
    ""description"": ""Proline ring CH2 (Cδ) directly bonded within the ring and adjacent to protonated ring nitrogen (–NH2+)."",
    ""uncertainty"": ""medium""
  },
  {
    ""atom_type"": 297,
    ""element"": ""C"",
    ""chemical_environment"": ""methyl carbon attached to a protonated secondary ammonium (–NH2+–R)"",
    ""functional_group"": ""alkyl adjacent to protonated secondary amine"",
    ""hybridization"": ""sp3"",
    ""example_molecule_smiles"": ""C[NH2+]C"",
    ""group_smarts"": ""[C;X4]-[N+H2]-[#6]"",
    ""atom_specific_smarts"": ""[CH3]-[N+H2]-[#6]"",
    ""description"": ""CH3 bound to –NH2+–R (protonated secondary amine)."",
    ""uncertainty"": ""low""
  },
  {
    ""atom_type"": 298,
    ""element"": ""C"",
    ""chemical_environment"": ""C-alpha of glycine in the zwitterion (attached to NH3+ and COO−)"",
    ""functional_group"": ""amino acid C-alpha (Gly, zwitterion)"",
    ""hybridization"": ""sp3"",
    ""example_molecule_smiles"": ""[NH3+]CC(=O)[O-]"",
    ""group_smarts"": ""[C;X4]([N+H3])[C;X3](=O)[O-]"",
    ""atom_specific_smarts"": ""[CH2]([N+H3])[C;X3](=O)[O-]"",
    ""description"": ""Glycine Cα (CH2) bonded to –NH3+ and to the carboxylate carbonyl (COO−)."",
    ""uncertainty"": ""low""
  },
  {
    ""atom_type"": 299,
    ""element"": ""C"",
    ""chemical_environment"": ""C-alpha of alanine in the zwitterion (attached to NH3+, CH3 side chain, and COO−)"",
    ""functional_group"": ""amino acid C-alpha (Ala, zwitterion)"",
    ""hybridization"": ""sp3"",
    ""example_molecule_smiles"": ""[NH3+]C(C)C(=O)[O-]"",
    ""group_smarts"": ""[C;X4]([N+H3])[C;X3](=O)[O-]"",
    ""atom_specific_smarts"": ""[CH]([N+H3])([CH3])[C;X3](=O)[O-]"",
    ""description"": ""Alanine Cα (CH) bonded to –NH3+, a methyl side chain, and the carboxylate carbonyl (COO−)."",
    ""uncertainty"": ""low""
  }
]"
297,0.11,C  - CT   | CT in CH3NH2+R,12.011,oplsaa.lt,C,6,"Convert the following OPLS-AA atom type rows:

Atom Type Data:
- Atom index: 267
- Force field raw info: C  - C~   | Co in CCOOH carboxylic acid
- Partial charge: 0.52
- Atomic mass: 12.011
- Element guess: C
- Atomic number: 6
- Source file: oplsaa.lt


Atom Type Data:
- Atom index: 271
- Force field raw info: C  - C~   | C in COO- carboxylate
- Partial charge: 0.7
- Atomic mass: 12.011
- Element guess: C
- Atomic number: 6
- Source file: oplsaa.lt


Atom Type Data:
- Atom index: 273
- Force field raw info: C  - CT   | C: CH3, carboxylate ion
- Partial charge: -0.28
- Atomic mass: 12.011
- Element guess: C
- Atomic number: 6
- Source file: oplsaa.lt


Atom Type Data:
- Atom index: 274
- Force field raw info: C  - CT   | C: CH2, carboxylate ion
- Partial charge: -0.22
- Atomic mass: 12.011
- Element guess: C
- Atomic number: 6
- Source file: oplsaa.lt


Atom Type Data:
- Atom index: 275
- Force field raw info: C  - CT   | C: CH, carboxylate ion
- Partial charge: -0.16
- Atomic mass: 12.011
- Element guess: C
- Atomic number: 6
- Source file: oplsaa.lt


Atom Type Data:
- Atom index: 276
- Force field raw info: C  - CT   | C: C, carboxylate ion
- Partial charge: -0.1
- Atomic mass: 12.011
- Element guess: C
- Atomic number: 6
- Source file: oplsaa.lt


Atom Type Data:
- Atom index: 277
- Force field raw info: C  - C~   | AA C: aldehyde & acyl halide - for C-alpha use
- Partial charge: 0.45
- Atomic mass: 12.011
- Element guess: C
- Atomic number: 6
- Source file: oplsaa.lt


Atom Type Data:
- Atom index: 280
- Force field raw info: C  - C~   | AA C: ketone - for C-alpha use
- Partial charge: 0.47
- Atomic mass: 12.011
- Element guess: C
- Atomic number: 6
- Source file: oplsaa.lt


Atom Type Data:
- Atom index: 283
- Force field raw info: C  - CT   | AA C-alpha on C-terminal ALA
- Partial charge: 0.04
- Atomic mass: 12.011
- Element guess: C
- Atomic number: 6
- Source file: oplsaa.lt


Atom Type Data:
- Atom index: 284
- Force field raw info: C  - CT   | AA C-alpha on C-terminal GLY
- Partial charge: -0.02
- Atomic mass: 12.011
- Element guess: C
- Atomic number: 6
- Source file: oplsaa.lt


Atom Type Data:
- Atom index: 285
- Force field raw info: C  - CT   | AA C-alpha on C-terminal PRO
- Partial charge: -0.09
- Atomic mass: 12.011
- Element guess: C
- Atomic number: 6
- Source file: oplsaa.lt


Atom Type Data:
- Atom index: 291
- Force field raw info: C  - CT   | C in CH3NH3+
- Partial charge: 0.13
- Atomic mass: 12.011
- Element guess: C
- Atomic number: 6
- Source file: oplsaa.lt


Atom Type Data:
- Atom index: 292
- Force field raw info: C  - CT   | C in RCH2NH3+ & CA in N-term Gly
- Partial charge: 0.19
- Atomic mass: 12.011
- Element guess: C
- Atomic number: 6
- Source file: oplsaa.lt


Atom Type Data:
- Atom index: 293
- Force field raw info: C  - CT   | C in R2CHNH3+ & CA in N-term Ala, etc.
- Partial charge: 0.25
- Atomic mass: 12.011
- Element guess: C
- Atomic number: 6
- Source file: oplsaa.lt


Atom Type Data:
- Atom index: 294
- Force field raw info: C  - CT   | C in R3CNH3+
- Partial charge: 0.31
- Atomic mass: 12.011
- Element guess: C
- Atomic number: 6
- Source file: oplsaa.lt


Atom Type Data:
- Atom index: 295
- Force field raw info: C  - CT   | AA:C-alpha in N-term PRO
- Partial charge: 0.23
- Atomic mass: 12.011
- Element guess: C
- Atomic number: 6
- Source file: oplsaa.lt


Atom Type Data:
- Atom index: 296
- Force field raw info: C  - CT   | AA:C-delta in N-term PRO
- Partial charge: 0.17
- Atomic mass: 12.011
- Element guess: C
- Atomic number: 6
- Source file: oplsaa.lt


Atom Type Data:
- Atom index: 297
- Force field raw info: C  - CT   | CT in CH3NH2+R
- Partial charge: 0.11
- Atomic mass: 12.011
- Element guess: C
- Atomic number: 6
- Source file: oplsaa.lt


Atom Type Data:
- Atom index: 298
- Force field raw info: C  - CT   | AA C-alpha in Gly zwitterion
- Partial charge: 0.09
- Atomic mass: 12.011
- Element guess: C
- Atomic number: 6
- Source file: oplsaa.lt


Atom Type Data:
- Atom index: 299
- Force field raw info: C  - CT   | AA C-alpha in Ala zwitterion
- Partial charge: 0.15
- Atomic mass: 12.011
- Element guess: C
- Atomic number: 6
- Source file: oplsaa.lt
","[
  {
    ""atom_type"": 267,
    ""element"": ""C"",
    ""chemical_environment"": ""carbonyl carbon in a carboxylic acid attached to hydroxyl O-H and an alkyl carbon"",
    ""functional_group"": ""carboxylic acid carbonyl carbon"",
    ""hybridization"": ""sp2"",
    ""example_molecule_smiles"": ""CC(=O)O"",
    ""group_smarts"": ""[C;X3](=O)[OX1H]"",
    ""atom_specific_smarts"": ""[C;X3](=O)([OX1H])[#6]"",
    ""description"": ""C=O carbon of R-COOH; neighbors are one hydroxyl oxygen and one alpha carbon (R)."",
    ""uncertainty"": ""low""
  },
  {
    ""atom_type"": 271,
    ""element"": ""C"",
    ""chemical_environment"": ""carbonyl carbon in a carboxylate anion attached to an alkyl carbon and an anionic oxygen"",
    ""functional_group"": ""carboxylate carbonyl carbon"",
    ""hybridization"": ""sp2"",
    ""example_molecule_smiles"": ""CC(=O)[O-]"",
    ""group_smarts"": ""[C;X3](=O)[O-]"",
    ""atom_specific_smarts"": ""[C;X3](=O)([O-])[#6]"",
    ""description"": ""C=O carbon of R-COO−; neighbors are one anionic oxygen and one alpha carbon (R)."",
    ""uncertainty"": ""low""
  },
  {
    ""atom_type"": 273,
    ""element"": ""C"",
    ""chemical_environment"": ""methyl carbon alpha to a carboxylate group"",
    ""functional_group"": ""alpha-carbon to carboxylate (CH3)"",
    ""hybridization"": ""sp3"",
    ""example_molecule_smiles"": ""CC(=O)[O-]"",
    ""group_smarts"": ""[C;X4]-[C;X3](=O)[O-]"",
    ""atom_specific_smarts"": ""[CH3;X4]-[C;X3](=O)[O-]"",
    ""description"": ""CH3 alpha carbon directly bonded to a carboxylate carbonyl carbon in R-COO− (e.g., acetate)."",
    ""uncertainty"": ""low""
  },
  {
    ""atom_type"": 274,
    ""element"": ""C"",
    ""chemical_environment"": ""methylene carbon alpha to a carboxylate group"",
    ""functional_group"": ""alpha-carbon to carboxylate (CH2)"",
    ""hybridization"": ""sp3"",
    ""example_molecule_smiles"": ""CCC(=O)[O-]"",
    ""group_smarts"": ""[C;X4]-[C;X3](=O)[O-]"",
    ""atom_specific_smarts"": ""[CH2;X4]-[C;X3](=O)[O-]"",
    ""description"": ""CH2 alpha carbon directly bonded to a carboxylate carbonyl carbon in R-CH2-COO− (e.g., propionate)."",
    ""uncertainty"": ""low""
  },
  {
    ""atom_type"": 275,
    ""element"": ""C"",
    ""chemical_environment"": ""tertiary (CH) carbon alpha to a carboxylate group"",
    ""functional_group"": ""alpha-carbon to carboxylate (CH)"",
    ""hybridization"": ""sp3"",
    ""example_molecule_smiles"": ""CC(C)C(=O)[O-]"",
    ""group_smarts"": ""[C;X4]-[C;X3](=O)[O-]"",
    ""atom_specific_smarts"": ""[CH;X4]-[C;X3](=O)[O-]"",
    ""description"": ""Tertiary CH alpha carbon bonded to a carboxylate carbonyl carbon (e.g., isobutyrate)."",
    ""uncertainty"": ""low""
  },
  {
    ""atom_type"": 276,
    ""element"": ""C"",
    ""chemical_environment"": ""quaternary carbon (no H) alpha to a carboxylate group"",
    ""functional_group"": ""alpha-carbon to carboxylate (C, H0)"",
    ""hybridization"": ""sp3"",
    ""example_molecule_smiles"": ""CC(C)(C)C(=O)[O-]"",
    ""group_smarts"": ""[C;X4]-[C;X3](=O)[O-]"",
    ""atom_specific_smarts"": ""[C;X4;H0]-[C;X3](=O)[O-]"",
    ""description"": ""Quaternary alpha carbon (no hydrogens) directly bonded to a carboxylate carbonyl carbon (e.g., pivalate)."",
    ""uncertainty"": ""low""
  },
  {
    ""atom_type"": 277,
    ""element"": ""C"",
    ""chemical_environment"": ""carbonyl carbon of an aldehyde or acyl halide"",
    ""functional_group"": ""aldehyde or acyl halide carbonyl carbon"",
    ""hybridization"": ""sp2"",
    ""example_molecule_smiles"": ""CC(=O)Cl"",
    ""group_smarts"": ""[C;X3](=O)[H,F,Cl,Br,I]"",
    ""atom_specific_smarts"": ""[$([C;X3H1](=O)[#6]),$([C;X3](=O)[F,Cl,Br,I])]"",
    ""description"": ""C=O carbon where the non-carbonyl substituent is H (aldehyde) or a halogen (acyl halide); used when defining C-alpha environments."",
    ""uncertainty"": ""low""
  },
  {
    ""atom_type"": 280,
    ""element"": ""C"",
    ""chemical_environment"": ""carbonyl carbon of a ketone (bound to two carbons)"",
    ""functional_group"": ""ketone carbonyl carbon"",
    ""hybridization"": ""sp2"",
    ""example_molecule_smiles"": ""CC(=O)C"",
    ""group_smarts"": ""[C;X3](=O)([#6])[#6]"",
    ""atom_specific_smarts"": ""[C;X3](=O)([#6])[#6]"",
    ""description"": ""C=O carbon with both single-bond substituents being carbon (R-CO-R′)."",
    ""uncertainty"": ""low""
  },
  {
    ""atom_type"": 283,
    ""element"": ""C"",
    ""chemical_environment"": ""C-alpha of a C-terminal alanine residue (attached to backbone N, side-chain CH3, and terminal carboxyl group)"",
    ""functional_group"": ""amino acid C-alpha at C-terminus (Ala)"",
    ""hybridization"": ""sp3"",
    ""example_molecule_smiles"": ""NC(C)C(=O)[O-]"",
    ""group_smarts"": ""[C;X4]([N;X3])[C;X3](=O)[$([O-]),$([OX1H])]"",
    ""atom_specific_smarts"": ""[CH]([N;X3])([CH3])[C;X3](=O)[$([O-]),$([OX1H])]"",
    ""description"": ""Alanine Cα bonded to backbone N, a methyl side chain, and the C-terminal carboxyl (COO−/COOH)."",
    ""uncertainty"": ""medium""
  },
  {
    ""atom_type"": 284,
    ""element"": ""C"",
    ""chemical_environment"": ""C-alpha of a C-terminal glycine residue (attached to backbone N and terminal carboxyl; side chain is H)"",
    ""functional_group"": ""amino acid C-alpha at C-terminus (Gly)"",
    ""hybridization"": ""sp3"",
    ""example_molecule_smiles"": ""NCC(=O)[O-]"",
    ""group_smarts"": ""[C;X4]([N;X3])[C;X3](=O)[$([O-]),$([OX1H])]"",
    ""atom_specific_smarts"": ""[CH2]([N;X3])[C;X3](=O)[$([O-]),$([OX1H])]"",
    ""description"": ""Glycine Cα (CH2) bonded to backbone N and the C-terminal carboxyl (COO−/COOH)."",
    ""uncertainty"": ""medium""
  },
  {
    ""atom_type"": 285,
    ""element"": ""C"",
    ""chemical_environment"": ""C-alpha of a C-terminal proline residue (attached to ring amide N and terminal carboxyl)"",
    ""functional_group"": ""amino acid C-alpha at C-terminus (Pro)"",
    ""hybridization"": ""sp3"",
    ""example_molecule_smiles"": ""N1CCC[C@H]1C(=O)[O-]"",
    ""group_smarts"": ""[C;X4]([N;X3;R])[C;X3](=O)[$([O-]),$([OX1H])]"",
    ""atom_specific_smarts"": ""[CH]([N;X3;R;H1])[C;X3](=O)[$([O-]),$([OX1H])]"",
    ""description"": ""Proline Cα bonded to a ring amide nitrogen (in the pyrrolidine ring) and the C-terminal carboxyl (COO−/COOH)."",
    ""uncertainty"": ""medium""
  },
  {
    ""atom_type"": 291,
    ""element"": ""C"",
    ""chemical_environment"": ""methyl carbon directly bonded to a primary ammonium (NH3+)"",
    ""functional_group"": ""alkyl adjacent to protonated primary amine"",
    ""hybridization"": ""sp3"",
    ""example_molecule_smiles"": ""C[NH3+]"",
    ""group_smarts"": ""[C;X4]-[N+H3]"",
    ""atom_specific_smarts"": ""[CH3]-[N+H3]"",
    ""description"": ""Terminal CH3 bound to an –NH3+ group (methylammonium)."",
    ""uncertainty"": ""low""
  },
  {
    ""atom_type"": 292,
    ""element"": ""C"",
    ""chemical_environment"": ""methylene carbon directly bonded to a primary ammonium (NH3+); also matches Gly C-alpha at N-terminus"",
    ""functional_group"": ""alkyl adjacent to protonated primary amine"",
    ""hybridization"": ""sp3"",
    ""example_molecule_smiles"": ""CC[NH3+]"",
    ""group_smarts"": ""[C;X4]-[N+H3]"",
    ""atom_specific_smarts"": ""[CH2]-[N+H3]"",
    ""description"": ""CH2 attached to –NH3+ (e.g., ethylammonium) and covers Gly Cα at the N-terminus (–CH2–NH3+)."",
    ""uncertainty"": ""low""
  },
  {
    ""atom_type"": 293,
    ""element"": ""C"",
    ""chemical_environment"": ""tertiary (CH) carbon directly bonded to a primary ammonium (NH3+)"",
    ""functional_group"": ""alkyl adjacent to protonated primary amine"",
    ""hybridization"": ""sp3"",
    ""example_molecule_smiles"": ""CC(C)[NH3+]"",
    ""group_smarts"": ""[C;X4]-[N+H3]"",
    ""atom_specific_smarts"": ""[CH]-[N+H3]"",
    ""description"": ""Tertiary CH bound to –NH3+ (e.g., isopropylammonium)."",
    ""uncertainty"": ""low""
  },
  {
    ""atom_type"": 294,
    ""element"": ""C"",
    ""chemical_environment"": ""quaternary carbon (no H) directly bonded to a primary ammonium (NH3+)"",
    ""functional_group"": ""alkyl adjacent to protonated primary amine"",
    ""hybridization"": ""sp3"",
    ""example_molecule_smiles"": ""C(C)(C)C[NH3+]"",
    ""group_smarts"": ""[C;X4]-[N+H3]"",
    ""atom_specific_smarts"": ""[C;X4;H0]-[N+H3]"",
    ""description"": ""Quaternary carbon (no hydrogens) adjacent to –NH3+ (e.g., t-butylammonium)."",
    ""uncertainty"": ""low""
  },
  {
    ""atom_type"": 295,
    ""element"": ""C"",
    ""chemical_environment"": ""C-alpha of N-terminal proline (attached to protonated ring nitrogen [NH2+] and backbone carbonyl)"",
    ""functional_group"": ""amino acid C-alpha at N-terminus (Pro, protonated)"",
    ""hybridization"": ""sp3"",
    ""example_molecule_smiles"": ""[NH2+]1CCCC[C@H]1C(=O)O"",
    ""group_smarts"": ""[C;X4]([N+H2;R])[C;X3](=O)[$([O-]),$([OX1H])]"",
    ""atom_specific_smarts"": ""[CH]([N+H2;R])[C;X3](=O)[$([O-]),$([OX1H])]"",
    ""description"": ""Proline Cα bonded to ring –NH2+ (protonated secondary amine) and to the carbonyl carbon of the carboxyl group."",
    ""uncertainty"": ""medium""
  },
  {
    ""atom_type"": 296,
    ""element"": ""C"",
    ""chemical_environment"": ""C-delta methylene in N-terminal proline ring adjacent to protonated ring nitrogen"",
    ""functional_group"": ""aliphatic ring carbon alpha to ammonium (proline, N-terminus)"",
    ""hybridization"": ""sp3"",
    ""example_molecule_smiles"": ""[NH2+]1CCCC[C@H]1C(=O)O"",
    ""group_smarts"": ""[CH2;R]-[N+H2;R]"",
    ""atom_specific_smarts"": ""[CH2;R]-[N+H2;R]"",
    ""description"": ""Proline ring CH2 (Cδ) directly bonded within the ring and adjacent to protonated ring nitrogen (–NH2+)."",
    ""uncertainty"": ""medium""
  },
  {
    ""atom_type"": 297,
    ""element"": ""C"",
    ""chemical_environment"": ""methyl carbon attached to a protonated secondary ammonium (–NH2+–R)"",
    ""functional_group"": ""alkyl adjacent to protonated secondary amine"",
    ""hybridization"": ""sp3"",
    ""example_molecule_smiles"": ""C[NH2+]C"",
    ""group_smarts"": ""[C;X4]-[N+H2]-[#6]"",
    ""atom_specific_smarts"": ""[CH3]-[N+H2]-[#6]"",
    ""description"": ""CH3 bound to –NH2+–R (protonated secondary amine)."",
    ""uncertainty"": ""low""
  },
  {
    ""atom_type"": 298,
    ""element"": ""C"",
    ""chemical_environment"": ""C-alpha of glycine in the zwitterion (attached to NH3+ and COO−)"",
    ""functional_group"": ""amino acid C-alpha (Gly, zwitterion)"",
    ""hybridization"": ""sp3"",
    ""example_molecule_smiles"": ""[NH3+]CC(=O)[O-]"",
    ""group_smarts"": ""[C;X4]([N+H3])[C;X3](=O)[O-]"",
    ""atom_specific_smarts"": ""[CH2]([N+H3])[C;X3](=O)[O-]"",
    ""description"": ""Glycine Cα (CH2) bonded to –NH3+ and to the carboxylate carbonyl (COO−)."",
    ""uncertainty"": ""low""
  },
  {
    ""atom_type"": 299,
    ""element"": ""C"",
    ""chemical_environment"": ""C-alpha of alanine in the zwitterion (attached to NH3+, CH3 side chain, and COO−)"",
    ""functional_group"": ""amino acid C-alpha (Ala, zwitterion)"",
    ""hybridization"": ""sp3"",
    ""example_molecule_smiles"": ""[NH3+]C(C)C(=O)[O-]"",
    ""group_smarts"": ""[C;X4]([N+H3])[C;X3](=O)[O-]"",
    ""atom_specific_smarts"": ""[CH]([N+H3])([CH3])[C;X3](=O)[O-]"",
    ""description"": ""Alanine Cα (CH) bonded to –NH3+, a methyl side chain, and the carboxylate carbonyl (COO−)."",
    ""uncertainty"": ""low""
  }
]"
298,0.09,C  - CT   | AA C-alpha in Gly zwitterion,12.011,oplsaa.lt,C,6,"Convert the following OPLS-AA atom type rows:

Atom Type Data:
- Atom index: 267
- Force field raw info: C  - C~   | Co in CCOOH carboxylic acid
- Partial charge: 0.52
- Atomic mass: 12.011
- Element guess: C
- Atomic number: 6
- Source file: oplsaa.lt


Atom Type Data:
- Atom index: 271
- Force field raw info: C  - C~   | C in COO- carboxylate
- Partial charge: 0.7
- Atomic mass: 12.011
- Element guess: C
- Atomic number: 6
- Source file: oplsaa.lt


Atom Type Data:
- Atom index: 273
- Force field raw info: C  - CT   | C: CH3, carboxylate ion
- Partial charge: -0.28
- Atomic mass: 12.011
- Element guess: C
- Atomic number: 6
- Source file: oplsaa.lt


Atom Type Data:
- Atom index: 274
- Force field raw info: C  - CT   | C: CH2, carboxylate ion
- Partial charge: -0.22
- Atomic mass: 12.011
- Element guess: C
- Atomic number: 6
- Source file: oplsaa.lt


Atom Type Data:
- Atom index: 275
- Force field raw info: C  - CT   | C: CH, carboxylate ion
- Partial charge: -0.16
- Atomic mass: 12.011
- Element guess: C
- Atomic number: 6
- Source file: oplsaa.lt


Atom Type Data:
- Atom index: 276
- Force field raw info: C  - CT   | C: C, carboxylate ion
- Partial charge: -0.1
- Atomic mass: 12.011
- Element guess: C
- Atomic number: 6
- Source file: oplsaa.lt


Atom Type Data:
- Atom index: 277
- Force field raw info: C  - C~   | AA C: aldehyde & acyl halide - for C-alpha use
- Partial charge: 0.45
- Atomic mass: 12.011
- Element guess: C
- Atomic number: 6
- Source file: oplsaa.lt


Atom Type Data:
- Atom index: 280
- Force field raw info: C  - C~   | AA C: ketone - for C-alpha use
- Partial charge: 0.47
- Atomic mass: 12.011
- Element guess: C
- Atomic number: 6
- Source file: oplsaa.lt


Atom Type Data:
- Atom index: 283
- Force field raw info: C  - CT   | AA C-alpha on C-terminal ALA
- Partial charge: 0.04
- Atomic mass: 12.011
- Element guess: C
- Atomic number: 6
- Source file: oplsaa.lt


Atom Type Data:
- Atom index: 284
- Force field raw info: C  - CT   | AA C-alpha on C-terminal GLY
- Partial charge: -0.02
- Atomic mass: 12.011
- Element guess: C
- Atomic number: 6
- Source file: oplsaa.lt


Atom Type Data:
- Atom index: 285
- Force field raw info: C  - CT   | AA C-alpha on C-terminal PRO
- Partial charge: -0.09
- Atomic mass: 12.011
- Element guess: C
- Atomic number: 6
- Source file: oplsaa.lt


Atom Type Data:
- Atom index: 291
- Force field raw info: C  - CT   | C in CH3NH3+
- Partial charge: 0.13
- Atomic mass: 12.011
- Element guess: C
- Atomic number: 6
- Source file: oplsaa.lt


Atom Type Data:
- Atom index: 292
- Force field raw info: C  - CT   | C in RCH2NH3+ & CA in N-term Gly
- Partial charge: 0.19
- Atomic mass: 12.011
- Element guess: C
- Atomic number: 6
- Source file: oplsaa.lt


Atom Type Data:
- Atom index: 293
- Force field raw info: C  - CT   | C in R2CHNH3+ & CA in N-term Ala, etc.
- Partial charge: 0.25
- Atomic mass: 12.011
- Element guess: C
- Atomic number: 6
- Source file: oplsaa.lt


Atom Type Data:
- Atom index: 294
- Force field raw info: C  - CT   | C in R3CNH3+
- Partial charge: 0.31
- Atomic mass: 12.011
- Element guess: C
- Atomic number: 6
- Source file: oplsaa.lt


Atom Type Data:
- Atom index: 295
- Force field raw info: C  - CT   | AA:C-alpha in N-term PRO
- Partial charge: 0.23
- Atomic mass: 12.011
- Element guess: C
- Atomic number: 6
- Source file: oplsaa.lt


Atom Type Data:
- Atom index: 296
- Force field raw info: C  - CT   | AA:C-delta in N-term PRO
- Partial charge: 0.17
- Atomic mass: 12.011
- Element guess: C
- Atomic number: 6
- Source file: oplsaa.lt


Atom Type Data:
- Atom index: 297
- Force field raw info: C  - CT   | CT in CH3NH2+R
- Partial charge: 0.11
- Atomic mass: 12.011
- Element guess: C
- Atomic number: 6
- Source file: oplsaa.lt


Atom Type Data:
- Atom index: 298
- Force field raw info: C  - CT   | AA C-alpha in Gly zwitterion
- Partial charge: 0.09
- Atomic mass: 12.011
- Element guess: C
- Atomic number: 6
- Source file: oplsaa.lt


Atom Type Data:
- Atom index: 299
- Force field raw info: C  - CT   | AA C-alpha in Ala zwitterion
- Partial charge: 0.15
- Atomic mass: 12.011
- Element guess: C
- Atomic number: 6
- Source file: oplsaa.lt
","[
  {
    ""atom_type"": 267,
    ""element"": ""C"",
    ""chemical_environment"": ""carbonyl carbon in a carboxylic acid attached to hydroxyl O-H and an alkyl carbon"",
    ""functional_group"": ""carboxylic acid carbonyl carbon"",
    ""hybridization"": ""sp2"",
    ""example_molecule_smiles"": ""CC(=O)O"",
    ""group_smarts"": ""[C;X3](=O)[OX1H]"",
    ""atom_specific_smarts"": ""[C;X3](=O)([OX1H])[#6]"",
    ""description"": ""C=O carbon of R-COOH; neighbors are one hydroxyl oxygen and one alpha carbon (R)."",
    ""uncertainty"": ""low""
  },
  {
    ""atom_type"": 271,
    ""element"": ""C"",
    ""chemical_environment"": ""carbonyl carbon in a carboxylate anion attached to an alkyl carbon and an anionic oxygen"",
    ""functional_group"": ""carboxylate carbonyl carbon"",
    ""hybridization"": ""sp2"",
    ""example_molecule_smiles"": ""CC(=O)[O-]"",
    ""group_smarts"": ""[C;X3](=O)[O-]"",
    ""atom_specific_smarts"": ""[C;X3](=O)([O-])[#6]"",
    ""description"": ""C=O carbon of R-COO−; neighbors are one anionic oxygen and one alpha carbon (R)."",
    ""uncertainty"": ""low""
  },
  {
    ""atom_type"": 273,
    ""element"": ""C"",
    ""chemical_environment"": ""methyl carbon alpha to a carboxylate group"",
    ""functional_group"": ""alpha-carbon to carboxylate (CH3)"",
    ""hybridization"": ""sp3"",
    ""example_molecule_smiles"": ""CC(=O)[O-]"",
    ""group_smarts"": ""[C;X4]-[C;X3](=O)[O-]"",
    ""atom_specific_smarts"": ""[CH3;X4]-[C;X3](=O)[O-]"",
    ""description"": ""CH3 alpha carbon directly bonded to a carboxylate carbonyl carbon in R-COO− (e.g., acetate)."",
    ""uncertainty"": ""low""
  },
  {
    ""atom_type"": 274,
    ""element"": ""C"",
    ""chemical_environment"": ""methylene carbon alpha to a carboxylate group"",
    ""functional_group"": ""alpha-carbon to carboxylate (CH2)"",
    ""hybridization"": ""sp3"",
    ""example_molecule_smiles"": ""CCC(=O)[O-]"",
    ""group_smarts"": ""[C;X4]-[C;X3](=O)[O-]"",
    ""atom_specific_smarts"": ""[CH2;X4]-[C;X3](=O)[O-]"",
    ""description"": ""CH2 alpha carbon directly bonded to a carboxylate carbonyl carbon in R-CH2-COO− (e.g., propionate)."",
    ""uncertainty"": ""low""
  },
  {
    ""atom_type"": 275,
    ""element"": ""C"",
    ""chemical_environment"": ""tertiary (CH) carbon alpha to a carboxylate group"",
    ""functional_group"": ""alpha-carbon to carboxylate (CH)"",
    ""hybridization"": ""sp3"",
    ""example_molecule_smiles"": ""CC(C)C(=O)[O-]"",
    ""group_smarts"": ""[C;X4]-[C;X3](=O)[O-]"",
    ""atom_specific_smarts"": ""[CH;X4]-[C;X3](=O)[O-]"",
    ""description"": ""Tertiary CH alpha carbon bonded to a carboxylate carbonyl carbon (e.g., isobutyrate)."",
    ""uncertainty"": ""low""
  },
  {
    ""atom_type"": 276,
    ""element"": ""C"",
    ""chemical_environment"": ""quaternary carbon (no H) alpha to a carboxylate group"",
    ""functional_group"": ""alpha-carbon to carboxylate (C, H0)"",
    ""hybridization"": ""sp3"",
    ""example_molecule_smiles"": ""CC(C)(C)C(=O)[O-]"",
    ""group_smarts"": ""[C;X4]-[C;X3](=O)[O-]"",
    ""atom_specific_smarts"": ""[C;X4;H0]-[C;X3](=O)[O-]"",
    ""description"": ""Quaternary alpha carbon (no hydrogens) directly bonded to a carboxylate carbonyl carbon (e.g., pivalate)."",
    ""uncertainty"": ""low""
  },
  {
    ""atom_type"": 277,
    ""element"": ""C"",
    ""chemical_environment"": ""carbonyl carbon of an aldehyde or acyl halide"",
    ""functional_group"": ""aldehyde or acyl halide carbonyl carbon"",
    ""hybridization"": ""sp2"",
    ""example_molecule_smiles"": ""CC(=O)Cl"",
    ""group_smarts"": ""[C;X3](=O)[H,F,Cl,Br,I]"",
    ""atom_specific_smarts"": ""[$([C;X3H1](=O)[#6]),$([C;X3](=O)[F,Cl,Br,I])]"",
    ""description"": ""C=O carbon where the non-carbonyl substituent is H (aldehyde) or a halogen (acyl halide); used when defining C-alpha environments."",
    ""uncertainty"": ""low""
  },
  {
    ""atom_type"": 280,
    ""element"": ""C"",
    ""chemical_environment"": ""carbonyl carbon of a ketone (bound to two carbons)"",
    ""functional_group"": ""ketone carbonyl carbon"",
    ""hybridization"": ""sp2"",
    ""example_molecule_smiles"": ""CC(=O)C"",
    ""group_smarts"": ""[C;X3](=O)([#6])[#6]"",
    ""atom_specific_smarts"": ""[C;X3](=O)([#6])[#6]"",
    ""description"": ""C=O carbon with both single-bond substituents being carbon (R-CO-R′)."",
    ""uncertainty"": ""low""
  },
  {
    ""atom_type"": 283,
    ""element"": ""C"",
    ""chemical_environment"": ""C-alpha of a C-terminal alanine residue (attached to backbone N, side-chain CH3, and terminal carboxyl group)"",
    ""functional_group"": ""amino acid C-alpha at C-terminus (Ala)"",
    ""hybridization"": ""sp3"",
    ""example_molecule_smiles"": ""NC(C)C(=O)[O-]"",
    ""group_smarts"": ""[C;X4]([N;X3])[C;X3](=O)[$([O-]),$([OX1H])]"",
    ""atom_specific_smarts"": ""[CH]([N;X3])([CH3])[C;X3](=O)[$([O-]),$([OX1H])]"",
    ""description"": ""Alanine Cα bonded to backbone N, a methyl side chain, and the C-terminal carboxyl (COO−/COOH)."",
    ""uncertainty"": ""medium""
  },
  {
    ""atom_type"": 284,
    ""element"": ""C"",
    ""chemical_environment"": ""C-alpha of a C-terminal glycine residue (attached to backbone N and terminal carboxyl; side chain is H)"",
    ""functional_group"": ""amino acid C-alpha at C-terminus (Gly)"",
    ""hybridization"": ""sp3"",
    ""example_molecule_smiles"": ""NCC(=O)[O-]"",
    ""group_smarts"": ""[C;X4]([N;X3])[C;X3](=O)[$([O-]),$([OX1H])]"",
    ""atom_specific_smarts"": ""[CH2]([N;X3])[C;X3](=O)[$([O-]),$([OX1H])]"",
    ""description"": ""Glycine Cα (CH2) bonded to backbone N and the C-terminal carboxyl (COO−/COOH)."",
    ""uncertainty"": ""medium""
  },
  {
    ""atom_type"": 285,
    ""element"": ""C"",
    ""chemical_environment"": ""C-alpha of a C-terminal proline residue (attached to ring amide N and terminal carboxyl)"",
    ""functional_group"": ""amino acid C-alpha at C-terminus (Pro)"",
    ""hybridization"": ""sp3"",
    ""example_molecule_smiles"": ""N1CCC[C@H]1C(=O)[O-]"",
    ""group_smarts"": ""[C;X4]([N;X3;R])[C;X3](=O)[$([O-]),$([OX1H])]"",
    ""atom_specific_smarts"": ""[CH]([N;X3;R;H1])[C;X3](=O)[$([O-]),$([OX1H])]"",
    ""description"": ""Proline Cα bonded to a ring amide nitrogen (in the pyrrolidine ring) and the C-terminal carboxyl (COO−/COOH)."",
    ""uncertainty"": ""medium""
  },
  {
    ""atom_type"": 291,
    ""element"": ""C"",
    ""chemical_environment"": ""methyl carbon directly bonded to a primary ammonium (NH3+)"",
    ""functional_group"": ""alkyl adjacent to protonated primary amine"",
    ""hybridization"": ""sp3"",
    ""example_molecule_smiles"": ""C[NH3+]"",
    ""group_smarts"": ""[C;X4]-[N+H3]"",
    ""atom_specific_smarts"": ""[CH3]-[N+H3]"",
    ""description"": ""Terminal CH3 bound to an –NH3+ group (methylammonium)."",
    ""uncertainty"": ""low""
  },
  {
    ""atom_type"": 292,
    ""element"": ""C"",
    ""chemical_environment"": ""methylene carbon directly bonded to a primary ammonium (NH3+); also matches Gly C-alpha at N-terminus"",
    ""functional_group"": ""alkyl adjacent to protonated primary amine"",
    ""hybridization"": ""sp3"",
    ""example_molecule_smiles"": ""CC[NH3+]"",
    ""group_smarts"": ""[C;X4]-[N+H3]"",
    ""atom_specific_smarts"": ""[CH2]-[N+H3]"",
    ""description"": ""CH2 attached to –NH3+ (e.g., ethylammonium) and covers Gly Cα at the N-terminus (–CH2–NH3+)."",
    ""uncertainty"": ""low""
  },
  {
    ""atom_type"": 293,
    ""element"": ""C"",
    ""chemical_environment"": ""tertiary (CH) carbon directly bonded to a primary ammonium (NH3+)"",
    ""functional_group"": ""alkyl adjacent to protonated primary amine"",
    ""hybridization"": ""sp3"",
    ""example_molecule_smiles"": ""CC(C)[NH3+]"",
    ""group_smarts"": ""[C;X4]-[N+H3]"",
    ""atom_specific_smarts"": ""[CH]-[N+H3]"",
    ""description"": ""Tertiary CH bound to –NH3+ (e.g., isopropylammonium)."",
    ""uncertainty"": ""low""
  },
  {
    ""atom_type"": 294,
    ""element"": ""C"",
    ""chemical_environment"": ""quaternary carbon (no H) directly bonded to a primary ammonium (NH3+)"",
    ""functional_group"": ""alkyl adjacent to protonated primary amine"",
    ""hybridization"": ""sp3"",
    ""example_molecule_smiles"": ""C(C)(C)C[NH3+]"",
    ""group_smarts"": ""[C;X4]-[N+H3]"",
    ""atom_specific_smarts"": ""[C;X4;H0]-[N+H3]"",
    ""description"": ""Quaternary carbon (no hydrogens) adjacent to –NH3+ (e.g., t-butylammonium)."",
    ""uncertainty"": ""low""
  },
  {
    ""atom_type"": 295,
    ""element"": ""C"",
    ""chemical_environment"": ""C-alpha of N-terminal proline (attached to protonated ring nitrogen [NH2+] and backbone carbonyl)"",
    ""functional_group"": ""amino acid C-alpha at N-terminus (Pro, protonated)"",
    ""hybridization"": ""sp3"",
    ""example_molecule_smiles"": ""[NH2+]1CCCC[C@H]1C(=O)O"",
    ""group_smarts"": ""[C;X4]([N+H2;R])[C;X3](=O)[$([O-]),$([OX1H])]"",
    ""atom_specific_smarts"": ""[CH]([N+H2;R])[C;X3](=O)[$([O-]),$([OX1H])]"",
    ""description"": ""Proline Cα bonded to ring –NH2+ (protonated secondary amine) and to the carbonyl carbon of the carboxyl group."",
    ""uncertainty"": ""medium""
  },
  {
    ""atom_type"": 296,
    ""element"": ""C"",
    ""chemical_environment"": ""C-delta methylene in N-terminal proline ring adjacent to protonated ring nitrogen"",
    ""functional_group"": ""aliphatic ring carbon alpha to ammonium (proline, N-terminus)"",
    ""hybridization"": ""sp3"",
    ""example_molecule_smiles"": ""[NH2+]1CCCC[C@H]1C(=O)O"",
    ""group_smarts"": ""[CH2;R]-[N+H2;R]"",
    ""atom_specific_smarts"": ""[CH2;R]-[N+H2;R]"",
    ""description"": ""Proline ring CH2 (Cδ) directly bonded within the ring and adjacent to protonated ring nitrogen (–NH2+)."",
    ""uncertainty"": ""medium""
  },
  {
    ""atom_type"": 297,
    ""element"": ""C"",
    ""chemical_environment"": ""methyl carbon attached to a protonated secondary ammonium (–NH2+–R)"",
    ""functional_group"": ""alkyl adjacent to protonated secondary amine"",
    ""hybridization"": ""sp3"",
    ""example_molecule_smiles"": ""C[NH2+]C"",
    ""group_smarts"": ""[C;X4]-[N+H2]-[#6]"",
    ""atom_specific_smarts"": ""[CH3]-[N+H2]-[#6]"",
    ""description"": ""CH3 bound to –NH2+–R (protonated secondary amine)."",
    ""uncertainty"": ""low""
  },
  {
    ""atom_type"": 298,
    ""element"": ""C"",
    ""chemical_environment"": ""C-alpha of glycine in the zwitterion (attached to NH3+ and COO−)"",
    ""functional_group"": ""amino acid C-alpha (Gly, zwitterion)"",
    ""hybridization"": ""sp3"",
    ""example_molecule_smiles"": ""[NH3+]CC(=O)[O-]"",
    ""group_smarts"": ""[C;X4]([N+H3])[C;X3](=O)[O-]"",
    ""atom_specific_smarts"": ""[CH2]([N+H3])[C;X3](=O)[O-]"",
    ""description"": ""Glycine Cα (CH2) bonded to –NH3+ and to the carboxylate carbonyl (COO−)."",
    ""uncertainty"": ""low""
  },
  {
    ""atom_type"": 299,
    ""element"": ""C"",
    ""chemical_environment"": ""C-alpha of alanine in the zwitterion (attached to NH3+, CH3 side chain, and COO−)"",
    ""functional_group"": ""amino acid C-alpha (Ala, zwitterion)"",
    ""hybridization"": ""sp3"",
    ""example_molecule_smiles"": ""[NH3+]C(C)C(=O)[O-]"",
    ""group_smarts"": ""[C;X4]([N+H3])[C;X3](=O)[O-]"",
    ""atom_specific_smarts"": ""[CH]([N+H3])([CH3])[C;X3](=O)[O-]"",
    ""description"": ""Alanine Cα (CH) bonded to –NH3+, a methyl side chain, and the carboxylate carbonyl (COO−)."",
    ""uncertainty"": ""low""
  }
]"
299,0.15,C  - CT   | AA C-alpha in Ala zwitterion,12.011,oplsaa.lt,C,6,"Convert the following OPLS-AA atom type rows:

Atom Type Data:
- Atom index: 267
- Force field raw info: C  - C~   | Co in CCOOH carboxylic acid
- Partial charge: 0.52
- Atomic mass: 12.011
- Element guess: C
- Atomic number: 6
- Source file: oplsaa.lt


Atom Type Data:
- Atom index: 271
- Force field raw info: C  - C~   | C in COO- carboxylate
- Partial charge: 0.7
- Atomic mass: 12.011
- Element guess: C
- Atomic number: 6
- Source file: oplsaa.lt


Atom Type Data:
- Atom index: 273
- Force field raw info: C  - CT   | C: CH3, carboxylate ion
- Partial charge: -0.28
- Atomic mass: 12.011
- Element guess: C
- Atomic number: 6
- Source file: oplsaa.lt


Atom Type Data:
- Atom index: 274
- Force field raw info: C  - CT   | C: CH2, carboxylate ion
- Partial charge: -0.22
- Atomic mass: 12.011
- Element guess: C
- Atomic number: 6
- Source file: oplsaa.lt


Atom Type Data:
- Atom index: 275
- Force field raw info: C  - CT   | C: CH, carboxylate ion
- Partial charge: -0.16
- Atomic mass: 12.011
- Element guess: C
- Atomic number: 6
- Source file: oplsaa.lt


Atom Type Data:
- Atom index: 276
- Force field raw info: C  - CT   | C: C, carboxylate ion
- Partial charge: -0.1
- Atomic mass: 12.011
- Element guess: C
- Atomic number: 6
- Source file: oplsaa.lt


Atom Type Data:
- Atom index: 277
- Force field raw info: C  - C~   | AA C: aldehyde & acyl halide - for C-alpha use
- Partial charge: 0.45
- Atomic mass: 12.011
- Element guess: C
- Atomic number: 6
- Source file: oplsaa.lt


Atom Type Data:
- Atom index: 280
- Force field raw info: C  - C~   | AA C: ketone - for C-alpha use
- Partial charge: 0.47
- Atomic mass: 12.011
- Element guess: C
- Atomic number: 6
- Source file: oplsaa.lt


Atom Type Data:
- Atom index: 283
- Force field raw info: C  - CT   | AA C-alpha on C-terminal ALA
- Partial charge: 0.04
- Atomic mass: 12.011
- Element guess: C
- Atomic number: 6
- Source file: oplsaa.lt


Atom Type Data:
- Atom index: 284
- Force field raw info: C  - CT   | AA C-alpha on C-terminal GLY
- Partial charge: -0.02
- Atomic mass: 12.011
- Element guess: C
- Atomic number: 6
- Source file: oplsaa.lt


Atom Type Data:
- Atom index: 285
- Force field raw info: C  - CT   | AA C-alpha on C-terminal PRO
- Partial charge: -0.09
- Atomic mass: 12.011
- Element guess: C
- Atomic number: 6
- Source file: oplsaa.lt


Atom Type Data:
- Atom index: 291
- Force field raw info: C  - CT   | C in CH3NH3+
- Partial charge: 0.13
- Atomic mass: 12.011
- Element guess: C
- Atomic number: 6
- Source file: oplsaa.lt


Atom Type Data:
- Atom index: 292
- Force field raw info: C  - CT   | C in RCH2NH3+ & CA in N-term Gly
- Partial charge: 0.19
- Atomic mass: 12.011
- Element guess: C
- Atomic number: 6
- Source file: oplsaa.lt


Atom Type Data:
- Atom index: 293
- Force field raw info: C  - CT   | C in R2CHNH3+ & CA in N-term Ala, etc.
- Partial charge: 0.25
- Atomic mass: 12.011
- Element guess: C
- Atomic number: 6
- Source file: oplsaa.lt


Atom Type Data:
- Atom index: 294
- Force field raw info: C  - CT   | C in R3CNH3+
- Partial charge: 0.31
- Atomic mass: 12.011
- Element guess: C
- Atomic number: 6
- Source file: oplsaa.lt


Atom Type Data:
- Atom index: 295
- Force field raw info: C  - CT   | AA:C-alpha in N-term PRO
- Partial charge: 0.23
- Atomic mass: 12.011
- Element guess: C
- Atomic number: 6
- Source file: oplsaa.lt


Atom Type Data:
- Atom index: 296
- Force field raw info: C  - CT   | AA:C-delta in N-term PRO
- Partial charge: 0.17
- Atomic mass: 12.011
- Element guess: C
- Atomic number: 6
- Source file: oplsaa.lt


Atom Type Data:
- Atom index: 297
- Force field raw info: C  - CT   | CT in CH3NH2+R
- Partial charge: 0.11
- Atomic mass: 12.011
- Element guess: C
- Atomic number: 6
- Source file: oplsaa.lt


Atom Type Data:
- Atom index: 298
- Force field raw info: C  - CT   | AA C-alpha in Gly zwitterion
- Partial charge: 0.09
- Atomic mass: 12.011
- Element guess: C
- Atomic number: 6
- Source file: oplsaa.lt


Atom Type Data:
- Atom index: 299
- Force field raw info: C  - CT   | AA C-alpha in Ala zwitterion
- Partial charge: 0.15
- Atomic mass: 12.011
- Element guess: C
- Atomic number: 6
- Source file: oplsaa.lt
","[
  {
    ""atom_type"": 267,
    ""element"": ""C"",
    ""chemical_environment"": ""carbonyl carbon in a carboxylic acid attached to hydroxyl O-H and an alkyl carbon"",
    ""functional_group"": ""carboxylic acid carbonyl carbon"",
    ""hybridization"": ""sp2"",
    ""example_molecule_smiles"": ""CC(=O)O"",
    ""group_smarts"": ""[C;X3](=O)[OX1H]"",
    ""atom_specific_smarts"": ""[C;X3](=O)([OX1H])[#6]"",
    ""description"": ""C=O carbon of R-COOH; neighbors are one hydroxyl oxygen and one alpha carbon (R)."",
    ""uncertainty"": ""low""
  },
  {
    ""atom_type"": 271,
    ""element"": ""C"",
    ""chemical_environment"": ""carbonyl carbon in a carboxylate anion attached to an alkyl carbon and an anionic oxygen"",
    ""functional_group"": ""carboxylate carbonyl carbon"",
    ""hybridization"": ""sp2"",
    ""example_molecule_smiles"": ""CC(=O)[O-]"",
    ""group_smarts"": ""[C;X3](=O)[O-]"",
    ""atom_specific_smarts"": ""[C;X3](=O)([O-])[#6]"",
    ""description"": ""C=O carbon of R-COO−; neighbors are one anionic oxygen and one alpha carbon (R)."",
    ""uncertainty"": ""low""
  },
  {
    ""atom_type"": 273,
    ""element"": ""C"",
    ""chemical_environment"": ""methyl carbon alpha to a carboxylate group"",
    ""functional_group"": ""alpha-carbon to carboxylate (CH3)"",
    ""hybridization"": ""sp3"",
    ""example_molecule_smiles"": ""CC(=O)[O-]"",
    ""group_smarts"": ""[C;X4]-[C;X3](=O)[O-]"",
    ""atom_specific_smarts"": ""[CH3;X4]-[C;X3](=O)[O-]"",
    ""description"": ""CH3 alpha carbon directly bonded to a carboxylate carbonyl carbon in R-COO− (e.g., acetate)."",
    ""uncertainty"": ""low""
  },
  {
    ""atom_type"": 274,
    ""element"": ""C"",
    ""chemical_environment"": ""methylene carbon alpha to a carboxylate group"",
    ""functional_group"": ""alpha-carbon to carboxylate (CH2)"",
    ""hybridization"": ""sp3"",
    ""example_molecule_smiles"": ""CCC(=O)[O-]"",
    ""group_smarts"": ""[C;X4]-[C;X3](=O)[O-]"",
    ""atom_specific_smarts"": ""[CH2;X4]-[C;X3](=O)[O-]"",
    ""description"": ""CH2 alpha carbon directly bonded to a carboxylate carbonyl carbon in R-CH2-COO− (e.g., propionate)."",
    ""uncertainty"": ""low""
  },
  {
    ""atom_type"": 275,
    ""element"": ""C"",
    ""chemical_environment"": ""tertiary (CH) carbon alpha to a carboxylate group"",
    ""functional_group"": ""alpha-carbon to carboxylate (CH)"",
    ""hybridization"": ""sp3"",
    ""example_molecule_smiles"": ""CC(C)C(=O)[O-]"",
    ""group_smarts"": ""[C;X4]-[C;X3](=O)[O-]"",
    ""atom_specific_smarts"": ""[CH;X4]-[C;X3](=O)[O-]"",
    ""description"": ""Tertiary CH alpha carbon bonded to a carboxylate carbonyl carbon (e.g., isobutyrate)."",
    ""uncertainty"": ""low""
  },
  {
    ""atom_type"": 276,
    ""element"": ""C"",
    ""chemical_environment"": ""quaternary carbon (no H) alpha to a carboxylate group"",
    ""functional_group"": ""alpha-carbon to carboxylate (C, H0)"",
    ""hybridization"": ""sp3"",
    ""example_molecule_smiles"": ""CC(C)(C)C(=O)[O-]"",
    ""group_smarts"": ""[C;X4]-[C;X3](=O)[O-]"",
    ""atom_specific_smarts"": ""[C;X4;H0]-[C;X3](=O)[O-]"",
    ""description"": ""Quaternary alpha carbon (no hydrogens) directly bonded to a carboxylate carbonyl carbon (e.g., pivalate)."",
    ""uncertainty"": ""low""
  },
  {
    ""atom_type"": 277,
    ""element"": ""C"",
    ""chemical_environment"": ""carbonyl carbon of an aldehyde or acyl halide"",
    ""functional_group"": ""aldehyde or acyl halide carbonyl carbon"",
    ""hybridization"": ""sp2"",
    ""example_molecule_smiles"": ""CC(=O)Cl"",
    ""group_smarts"": ""[C;X3](=O)[H,F,Cl,Br,I]"",
    ""atom_specific_smarts"": ""[$([C;X3H1](=O)[#6]),$([C;X3](=O)[F,Cl,Br,I])]"",
    ""description"": ""C=O carbon where the non-carbonyl substituent is H (aldehyde) or a halogen (acyl halide); used when defining C-alpha environments."",
    ""uncertainty"": ""low""
  },
  {
    ""atom_type"": 280,
    ""element"": ""C"",
    ""chemical_environment"": ""carbonyl carbon of a ketone (bound to two carbons)"",
    ""functional_group"": ""ketone carbonyl carbon"",
    ""hybridization"": ""sp2"",
    ""example_molecule_smiles"": ""CC(=O)C"",
    ""group_smarts"": ""[C;X3](=O)([#6])[#6]"",
    ""atom_specific_smarts"": ""[C;X3](=O)([#6])[#6]"",
    ""description"": ""C=O carbon with both single-bond substituents being carbon (R-CO-R′)."",
    ""uncertainty"": ""low""
  },
  {
    ""atom_type"": 283,
    ""element"": ""C"",
    ""chemical_environment"": ""C-alpha of a C-terminal alanine residue (attached to backbone N, side-chain CH3, and terminal carboxyl group)"",
    ""functional_group"": ""amino acid C-alpha at C-terminus (Ala)"",
    ""hybridization"": ""sp3"",
    ""example_molecule_smiles"": ""NC(C)C(=O)[O-]"",
    ""group_smarts"": ""[C;X4]([N;X3])[C;X3](=O)[$([O-]),$([OX1H])]"",
    ""atom_specific_smarts"": ""[CH]([N;X3])([CH3])[C;X3](=O)[$([O-]),$([OX1H])]"",
    ""description"": ""Alanine Cα bonded to backbone N, a methyl side chain, and the C-terminal carboxyl (COO−/COOH)."",
    ""uncertainty"": ""medium""
  },
  {
    ""atom_type"": 284,
    ""element"": ""C"",
    ""chemical_environment"": ""C-alpha of a C-terminal glycine residue (attached to backbone N and terminal carboxyl; side chain is H)"",
    ""functional_group"": ""amino acid C-alpha at C-terminus (Gly)"",
    ""hybridization"": ""sp3"",
    ""example_molecule_smiles"": ""NCC(=O)[O-]"",
    ""group_smarts"": ""[C;X4]([N;X3])[C;X3](=O)[$([O-]),$([OX1H])]"",
    ""atom_specific_smarts"": ""[CH2]([N;X3])[C;X3](=O)[$([O-]),$([OX1H])]"",
    ""description"": ""Glycine Cα (CH2) bonded to backbone N and the C-terminal carboxyl (COO−/COOH)."",
    ""uncertainty"": ""medium""
  },
  {
    ""atom_type"": 285,
    ""element"": ""C"",
    ""chemical_environment"": ""C-alpha of a C-terminal proline residue (attached to ring amide N and terminal carboxyl)"",
    ""functional_group"": ""amino acid C-alpha at C-terminus (Pro)"",
    ""hybridization"": ""sp3"",
    ""example_molecule_smiles"": ""N1CCC[C@H]1C(=O)[O-]"",
    ""group_smarts"": ""[C;X4]([N;X3;R])[C;X3](=O)[$([O-]),$([OX1H])]"",
    ""atom_specific_smarts"": ""[CH]([N;X3;R;H1])[C;X3](=O)[$([O-]),$([OX1H])]"",
    ""description"": ""Proline Cα bonded to a ring amide nitrogen (in the pyrrolidine ring) and the C-terminal carboxyl (COO−/COOH)."",
    ""uncertainty"": ""medium""
  },
  {
    ""atom_type"": 291,
    ""element"": ""C"",
    ""chemical_environment"": ""methyl carbon directly bonded to a primary ammonium (NH3+)"",
    ""functional_group"": ""alkyl adjacent to protonated primary amine"",
    ""hybridization"": ""sp3"",
    ""example_molecule_smiles"": ""C[NH3+]"",
    ""group_smarts"": ""[C;X4]-[N+H3]"",
    ""atom_specific_smarts"": ""[CH3]-[N+H3]"",
    ""description"": ""Terminal CH3 bound to an –NH3+ group (methylammonium)."",
    ""uncertainty"": ""low""
  },
  {
    ""atom_type"": 292,
    ""element"": ""C"",
    ""chemical_environment"": ""methylene carbon directly bonded to a primary ammonium (NH3+); also matches Gly C-alpha at N-terminus"",
    ""functional_group"": ""alkyl adjacent to protonated primary amine"",
    ""hybridization"": ""sp3"",
    ""example_molecule_smiles"": ""CC[NH3+]"",
    ""group_smarts"": ""[C;X4]-[N+H3]"",
    ""atom_specific_smarts"": ""[CH2]-[N+H3]"",
    ""description"": ""CH2 attached to –NH3+ (e.g., ethylammonium) and covers Gly Cα at the N-terminus (–CH2–NH3+)."",
    ""uncertainty"": ""low""
  },
  {
    ""atom_type"": 293,
    ""element"": ""C"",
    ""chemical_environment"": ""tertiary (CH) carbon directly bonded to a primary ammonium (NH3+)"",
    ""functional_group"": ""alkyl adjacent to protonated primary amine"",
    ""hybridization"": ""sp3"",
    ""example_molecule_smiles"": ""CC(C)[NH3+]"",
    ""group_smarts"": ""[C;X4]-[N+H3]"",
    ""atom_specific_smarts"": ""[CH]-[N+H3]"",
    ""description"": ""Tertiary CH bound to –NH3+ (e.g., isopropylammonium)."",
    ""uncertainty"": ""low""
  },
  {
    ""atom_type"": 294,
    ""element"": ""C"",
    ""chemical_environment"": ""quaternary carbon (no H) directly bonded to a primary ammonium (NH3+)"",
    ""functional_group"": ""alkyl adjacent to protonated primary amine"",
    ""hybridization"": ""sp3"",
    ""example_molecule_smiles"": ""C(C)(C)C[NH3+]"",
    ""group_smarts"": ""[C;X4]-[N+H3]"",
    ""atom_specific_smarts"": ""[C;X4;H0]-[N+H3]"",
    ""description"": ""Quaternary carbon (no hydrogens) adjacent to –NH3+ (e.g., t-butylammonium)."",
    ""uncertainty"": ""low""
  },
  {
    ""atom_type"": 295,
    ""element"": ""C"",
    ""chemical_environment"": ""C-alpha of N-terminal proline (attached to protonated ring nitrogen [NH2+] and backbone carbonyl)"",
    ""functional_group"": ""amino acid C-alpha at N-terminus (Pro, protonated)"",
    ""hybridization"": ""sp3"",
    ""example_molecule_smiles"": ""[NH2+]1CCCC[C@H]1C(=O)O"",
    ""group_smarts"": ""[C;X4]([N+H2;R])[C;X3](=O)[$([O-]),$([OX1H])]"",
    ""atom_specific_smarts"": ""[CH]([N+H2;R])[C;X3](=O)[$([O-]),$([OX1H])]"",
    ""description"": ""Proline Cα bonded to ring –NH2+ (protonated secondary amine) and to the carbonyl carbon of the carboxyl group."",
    ""uncertainty"": ""medium""
  },
  {
    ""atom_type"": 296,
    ""element"": ""C"",
    ""chemical_environment"": ""C-delta methylene in N-terminal proline ring adjacent to protonated ring nitrogen"",
    ""functional_group"": ""aliphatic ring carbon alpha to ammonium (proline, N-terminus)"",
    ""hybridization"": ""sp3"",
    ""example_molecule_smiles"": ""[NH2+]1CCCC[C@H]1C(=O)O"",
    ""group_smarts"": ""[CH2;R]-[N+H2;R]"",
    ""atom_specific_smarts"": ""[CH2;R]-[N+H2;R]"",
    ""description"": ""Proline ring CH2 (Cδ) directly bonded within the ring and adjacent to protonated ring nitrogen (–NH2+)."",
    ""uncertainty"": ""medium""
  },
  {
    ""atom_type"": 297,
    ""element"": ""C"",
    ""chemical_environment"": ""methyl carbon attached to a protonated secondary ammonium (–NH2+–R)"",
    ""functional_group"": ""alkyl adjacent to protonated secondary amine"",
    ""hybridization"": ""sp3"",
    ""example_molecule_smiles"": ""C[NH2+]C"",
    ""group_smarts"": ""[C;X4]-[N+H2]-[#6]"",
    ""atom_specific_smarts"": ""[CH3]-[N+H2]-[#6]"",
    ""description"": ""CH3 bound to –NH2+–R (protonated secondary amine)."",
    ""uncertainty"": ""low""
  },
  {
    ""atom_type"": 298,
    ""element"": ""C"",
    ""chemical_environment"": ""C-alpha of glycine in the zwitterion (attached to NH3+ and COO−)"",
    ""functional_group"": ""amino acid C-alpha (Gly, zwitterion)"",
    ""hybridization"": ""sp3"",
    ""example_molecule_smiles"": ""[NH3+]CC(=O)[O-]"",
    ""group_smarts"": ""[C;X4]([N+H3])[C;X3](=O)[O-]"",
    ""atom_specific_smarts"": ""[CH2]([N+H3])[C;X3](=O)[O-]"",
    ""description"": ""Glycine Cα (CH2) bonded to –NH3+ and to the carboxylate carbonyl (COO−)."",
    ""uncertainty"": ""low""
  },
  {
    ""atom_type"": 299,
    ""element"": ""C"",
    ""chemical_environment"": ""C-alpha of alanine in the zwitterion (attached to NH3+, CH3 side chain, and COO−)"",
    ""functional_group"": ""amino acid C-alpha (Ala, zwitterion)"",
    ""hybridization"": ""sp3"",
    ""example_molecule_smiles"": ""[NH3+]C(C)C(=O)[O-]"",
    ""group_smarts"": ""[C;X4]([N+H3])[C;X3](=O)[O-]"",
    ""atom_specific_smarts"": ""[CH]([N+H3])([CH3])[C;X3](=O)[O-]"",
    ""description"": ""Alanine Cα (CH) bonded to –NH3+, a methyl side chain, and the carboxylate carbonyl (COO−)."",
    ""uncertainty"": ""low""
  }
]"
