Atom_Index,Charge,Info,DataMass,Source,ElementGuess,AtomicNumber,prompt,gpt_output
189,0.06,C  - CO   | C(H2O2): acetal OCH2O,12.011,oplsaa2024.lt,C,6,"Convert the following OPLS-AA atom type rows:

Atom Type Data:
- Atom index: 189
- Force field raw info: C  - CO   | C(H2O2): acetal OCH2O
- Partial charge: 0.06
- Atomic mass: 12.011
- Element guess: C
- Atomic number: 6
- Source file: oplsaa2024.lt


Atom Type Data:
- Atom index: 191
- Force field raw info: C  - CO   | C(H2O2): hemiacetal OCH2OH
- Partial charge: 0.195
- Atomic mass: 12.011
- Element guess: C
- Atomic number: 6
- Source file: oplsaa2024.lt


Atom Type Data:
- Atom index: 193
- Force field raw info: C  - CO   | C(HCO2): acetal OCHRO
- Partial charge: 0.16
- Atomic mass: 12.011
- Element guess: C
- Atomic number: 6
- Source file: oplsaa2024.lt


Atom Type Data:
- Atom index: 195
- Force field raw info: C  - CO   | C(HCO2): hemiacetal OCHROH
- Partial charge: 0.295
- Atomic mass: 12.011
- Element guess: C
- Atomic number: 6
- Source file: oplsaa2024.lt


Atom Type Data:
- Atom index: 197
- Force field raw info: C  - CO   | C(C2O2): acetal OCRRO
- Partial charge: 0.26
- Atomic mass: 12.011
- Element guess: C
- Atomic number: 6
- Source file: oplsaa2024.lt


Atom Type Data:
- Atom index: 198
- Force field raw info: C  - CO   | C(C2O2): hemiacetal OCRROH
- Partial charge: 0.395
- Atomic mass: 12.011
- Element guess: C
- Atomic number: 6
- Source file: oplsaa2024.lt


Atom Type Data:
- Atom index: 199
- Force field raw info: C  - CA   | C(OMe) anisole OPLS/2020
- Partial charge: 0.085
- Atomic mass: 12.011
- Element guess: C
- Atomic number: 6
- Source file: oplsaa2024.lt


Atom Type Data:
- Atom index: 206
- Force field raw info: C  - CT   | all-atom C: CH2, thiols
- Partial charge: 0.06
- Atomic mass: 12.011
- Element guess: C
- Atomic number: 6
- Source file: oplsaa2024.lt


Atom Type Data:
- Atom index: 207
- Force field raw info: C  - CT   | all-atom C: CH, thiols
- Partial charge: 0.12
- Atomic mass: 12.011
- Element guess: C
- Atomic number: 6
- Source file: oplsaa2024.lt


Atom Type Data:
- Atom index: 208
- Force field raw info: C  - CT   | all-atom C: C, thiols
- Partial charge: 0.18
- Atomic mass: 12.011
- Element guess: C
- Atomic number: 6
- Source file: oplsaa2024.lt


Atom Type Data:
- Atom index: 209
- Force field raw info: C  - CT   | all-atom C: CH3, sulfides OPLS-AA/L
- Partial charge: -0.0125
- Atomic mass: 12.011
- Element guess: C
- Atomic number: 6
- Source file: oplsaa2024.lt


Atom Type Data:
- Atom index: 210
- Force field raw info: C  - CT   | all-atom C: CH2, sulfides OPLS-AA/L
- Partial charge: 0.0475
- Atomic mass: 12.011
- Element guess: C
- Atomic number: 6
- Source file: oplsaa2024.lt


Atom Type Data:
- Atom index: 211
- Force field raw info: C  - CT   | all-atom C: CH, sulfides OPLS-AA/L
- Partial charge: 0.1175
- Atomic mass: 12.011
- Element guess: C
- Atomic number: 6
- Source file: oplsaa2024.lt


Atom Type Data:
- Atom index: 212
- Force field raw info: C  - CT   | all-atom C: C, sulfides OPLS-AA/L
- Partial charge: 0.1675
- Atomic mass: 12.011
- Element guess: C
- Atomic number: 6
- Source file: oplsaa2024.lt


Atom Type Data:
- Atom index: 213
- Force field raw info: C  - CT   | all-atom C: CH3, disulfides
- Partial charge: 0.0375
- Atomic mass: 12.011
- Element guess: C
- Atomic number: 6
- Source file: oplsaa2024.lt


Atom Type Data:
- Atom index: 214
- Force field raw info: C  - CT   | all-atom C: CH2, disulfides
- Partial charge: 0.0975
- Atomic mass: 12.011
- Element guess: C
- Atomic number: 6
- Source file: oplsaa2024.lt


Atom Type Data:
- Atom index: 215
- Force field raw info: C  - CT   | all-atom C: CH, disulfides
- Partial charge: 0.1575
- Atomic mass: 12.011
- Element guess: C
- Atomic number: 6
- Source file: oplsaa2024.lt


Atom Type Data:
- Atom index: 216
- Force field raw info: C  - CT   | all-atom C: C, disulfides
- Partial charge: 0.2175
- Atomic mass: 12.011
- Element guess: C
- Atomic number: 6
- Source file: oplsaa2024.lt


Atom Type Data:
- Atom index: 217
- Force field raw info: C  - CT   | all-atom C: CH3, methanethiol
- Partial charge: 0.0
- Atomic mass: 12.011
- Element guess: C
- Atomic number: 6
- Source file: oplsaa2024.lt


Atom Type Data:
- Atom index: 218
- Force field raw info: C  - CT   | C in CH2OH - benzyl alcohols
- Partial charge: 0.2
- Atomic mass: 12.011
- Element guess: C
- Atomic number: 6
- Source file: oplsaa2024.lt
","{
  ""atom_types"": [
    {
      ""atom_type"": 189,
      ""element"": ""C"",
      ""chemical_environment"": ""Acetal methylene carbon bonded to two ether oxygens (O-CH2-O)."",
      ""functional_group"": ""acetal (OCH2O, formal acetal)"",
      ""hybridization"": ""sp3"",
      ""example_molecule_smiles"": ""COCOC"",
      ""group_smarts"": ""[CX4H2](-[OX2])(-[OX2])"",
      ""atom_specific_smarts"": ""[CX4H2](-[OX2H0])(-[OX2H0])"",
      ""description"": ""Central CH2 carbon in dimethoxy methane-type acetals; two single-bonded ether O neighbors and two hydrogens."",
      ""uncertainty"": ""low""
    },
    {
      ""atom_type"": 191,
      ""element"": ""C"",
      ""chemical_environment"": ""Hemiacetal methylene carbon with one ether oxygen and one hydroxyl oxygen (O-CH2-OH)."",
      ""functional_group"": ""hemiacetal (OCH2OH)"",
      ""hybridization"": ""sp3"",
      ""example_molecule_smiles"": ""COCO"",
      ""group_smarts"": ""[CX4H2](-O)(-O)"",
      ""atom_specific_smarts"": ""[CX4H2](-[OX2H0])(-[OX2H])"",
      ""description"": ""Central CH2 carbon in a hemiacetal derived from formaldehyde; one O is an ether, the other is hydroxyl."",
      ""uncertainty"": ""low""
    },
    {
      ""atom_type"": 193,
      ""element"": ""C"",
      ""chemical_environment"": ""Secondary acetal center with one carbon substituent and two ether oxygens (O-CH(-R)-O)."",
      ""functional_group"": ""acetal (OCHRO)"",
      ""hybridization"": ""sp3"",
      ""example_molecule_smiles"": ""CC(OC)OC"",
      ""group_smarts"": ""[CX4H1](-O)(-O)"",
      ""atom_specific_smarts"": ""[CX4H1](-[OX2H0])(-[OX2H0])(-[C,c])"",
      ""description"": ""Acetal methine carbon bearing one hydrogen, one carbon (R) substituent, and two ether oxygens."",
      ""uncertainty"": ""low""
    },
    {
      ""atom_type"": 195,
      ""element"": ""C"",
      ""chemical_environment"": ""Secondary hemiacetal center with one carbon substituent, one ether oxygen, and one hydroxyl (O-CH(-R)-OH)."",
      ""functional_group"": ""hemiacetal (OCHROH)"",
      ""hybridization"": ""sp3"",
      ""example_molecule_smiles"": ""CC(O)OC"",
      ""group_smarts"": ""[CX4H1](-O)(-O)"",
      ""atom_specific_smarts"": ""[CX4H1](-[OX2H0])(-[OX2H])(-[C,c])"",
      ""description"": ""Hemiacetal methine carbon with one H, one carbon substituent, one ether O and one hydroxyl O."",
      ""uncertainty"": ""low""
    },
    {
      ""atom_type"": 197,
      ""element"": ""C"",
      ""chemical_environment"": ""Tertiary acetal center with two carbon substituents and two ether oxygens (O-C(R)(R)-O)."",
      ""functional_group"": ""acetal (OCRRO)"",
      ""hybridization"": ""sp3"",
      ""example_molecule_smiles"": ""CC(C)(OC)OC"",
      ""group_smarts"": ""[CX4H0](-O)(-O)"",
      ""atom_specific_smarts"": ""[CX4H0](-[OX2H0])(-[OX2H0])(-[C,c])(-[C,c])"",
      ""description"": ""Acetal quaternary carbon (no H) bound to two ether oxygens and two carbon substituents."",
      ""uncertainty"": ""low""
    },
    {
      ""atom_type"": 198,
      ""element"": ""C"",
      ""chemical_environment"": ""Tertiary hemiacetal center with two carbon substituents, one ether oxygen, and one hydroxyl (O-C(R)(R)-OH)."",
      ""functional_group"": ""hemiacetal (OCRROH)"",
      ""hybridization"": ""sp3"",
      ""example_molecule_smiles"": ""CC(C)(O)OC"",
      ""group_smarts"": ""[CX4H0](-O)(-O)"",
      ""atom_specific_smarts"": ""[CX4H0](-[OX2H0])(-[OX2H])(-[C,c])(-[C,c])"",
      ""description"": ""Hemiacetal quaternary carbon (no H) with one hydroxyl O, one ether O, and two carbon substituents."",
      ""uncertainty"": ""low""
    },
    {
      ""atom_type"": 199,
      ""element"": ""C"",
      ""chemical_environment"": ""Aromatic ipso carbon of anisole bound to methoxy oxygen."",
      ""functional_group"": ""aryl ether (anisole, C(OMe))"",
      ""hybridization"": ""sp2 (aromatic)"",
      ""example_molecule_smiles"": ""COc1ccccc1"",
      ""group_smarts"": ""[cX3](-[OX2H0]-[C])"",
      ""atom_specific_smarts"": ""[cX3](-[OX2H0]-[CH3])"",
      ""description"": ""Ipso phenyl carbon attached to an ether oxygen that bears a methyl group (methoxy substituent)."",
      ""uncertainty"": ""low""
    },
    {
      ""atom_type"": 206,
      ""element"": ""C"",
      ""chemical_environment"": ""Alpha carbon to thiol sulfur in primary thiols (R-CH2-SH)."",
      ""functional_group"": ""thiol alpha carbon (CH2)"",
      ""hybridization"": ""sp3"",
      ""example_molecule_smiles"": ""CCS"",
      ""group_smarts"": ""[CX4]-[SH1]"",
      ""atom_specific_smarts"": ""[CH2X4]-[SH1]"",
      ""description"": ""Methylene carbon directly bonded to sulfur bearing hydrogen (thiol S-H)."",
      ""uncertainty"": ""low""
    },
    {
      ""atom_type"": 207,
      ""element"": ""C"",
      ""chemical_environment"": ""Alpha carbon to thiol sulfur in secondary thiols (R2CH-SH)."",
      ""functional_group"": ""thiol alpha carbon (CH)"",
      ""hybridization"": ""sp3"",
      ""example_molecule_smiles"": ""CC(C)S"",
      ""group_smarts"": ""[CX4]-[SH1]"",
      ""atom_specific_smarts"": ""[CHX4]-[SH1]"",
      ""description"": ""Methine carbon directly bonded to thiol sulfur (S-H), bearing one hydrogen and two carbon substituents."",
      ""uncertainty"": ""low""
    },
    {
      ""atom_type"": 208,
      ""element"": ""C"",
      ""chemical_environment"": ""Alpha carbon to thiol sulfur in tertiary centers (R3C-SH)."",
      ""functional_group"": ""thiol alpha carbon (quaternary C)"",
      ""hybridization"": ""sp3"",
      ""example_molecule_smiles"": ""CC(C)(C)S"",
      ""group_smarts"": ""[CX4]-[SH1]"",
      ""atom_specific_smarts"": ""[CX4H0]-[SH1]"",
      ""description"": ""Quaternary carbon (no hydrogens) directly bonded to thiol sulfur (S-H)."",
      ""uncertainty"": ""low""
    },
    {
      ""atom_type"": 209,
      ""element"": ""C"",
      ""chemical_environment"": ""Alpha methyl carbon to thioether sulfur (sulfide, R-S-R')."",
      ""functional_group"": ""sulfide alpha carbon (CH3)"",
      ""hybridization"": ""sp3"",
      ""example_molecule_smiles"": ""CSC"",
      ""group_smarts"": ""[CX4]-[S;X2;H0;!$(*-S-*)]"",
      ""atom_specific_smarts"": ""[CH3X4]-[S;X2;H0;!$(*-S-*)]"",
      ""description"": ""Terminal methyl carbon directly bonded to a thioether sulfur (S with no H and not in disulfide)."",
      ""uncertainty"": ""low""
    },
    {
      ""atom_type"": 210,
      ""element"": ""C"",
      ""chemical_environment"": ""Alpha methylene carbon to thioether sulfur (sulfide)."",
      ""functional_group"": ""sulfide alpha carbon (CH2)"",
      ""hybridization"": ""sp3"",
      ""example_molecule_smiles"": ""CSCC"",
      ""group_smarts"": ""[CX4]-[S;X2;H0;!$(*-S-*)]"",
      ""atom_specific_smarts"": ""[CH2X4]-[S;X2;H0;!$(*-S-*)]"",
      ""description"": ""Methylene carbon directly bonded to a thioether sulfur (S with no H and not S–S)."",
      ""uncertainty"": ""low""
    },
    {
      ""atom_type"": 211,
      ""element"": ""C"",
      ""chemical_environment"": ""Alpha methine carbon to thioether sulfur (sulfide)."",
      ""functional_group"": ""sulfide alpha carbon (CH)"",
      ""hybridization"": ""sp3"",
      ""example_molecule_smiles"": ""CC(SC)C"",
      ""group_smarts"": ""[CX4]-[S;X2;H0;!$(*-S-*)]"",
      ""atom_specific_smarts"": ""[CHX4]-[S;X2;H0;!$(*-S-*)]"",
      ""description"": ""Methine carbon directly bonded to a thioether sulfur (S with no H and not in disulfide)."",
      ""uncertainty"": ""low""
    },
    {
      ""atom_type"": 212,
      ""element"": ""C"",
      ""chemical_environment"": ""Alpha quaternary carbon to thioether sulfur (sulfide)."",
      ""functional_group"": ""sulfide alpha carbon (quaternary C)"",
      ""hybridization"": ""sp3"",
      ""example_molecule_smiles"": ""CSC(C)(C)C"",
      ""group_smarts"": ""[CX4]-[S;X2;H0;!$(*-S-*)]"",
      ""atom_specific_smarts"": ""[CX4H0]-[S;X2;H0;!$(*-S-*)]"",
      ""description"": ""Quaternary carbon (no H) directly bonded to thioether sulfur (not part of S–S)."",
      ""uncertainty"": ""low""
    },
    {
      ""atom_type"": 213,
      ""element"": ""C"",
      ""chemical_environment"": ""Alpha methyl carbon to disulfide sulfur (R-S-S-R')."",
      ""functional_group"": ""disulfide alpha carbon (CH3)"",
      ""hybridization"": ""sp3"",
      ""example_molecule_smiles"": ""CSSC"",
      ""group_smarts"": ""[CX4]-[S;X2;H0]-[S;X2;H0]"",
      ""atom_specific_smarts"": ""[CH3X4]-[S;X2;H0]-[S;X2;H0]"",
      ""description"": ""Terminal methyl carbon directly bonded to sulfur that is itself bonded to another sulfur (disulfide)."",
      ""uncertainty"": ""low""
    },
    {
      ""atom_type"": 214,
      ""element"": ""C"",
      ""chemical_environment"": ""Alpha methylene carbon to disulfide sulfur."",
      ""functional_group"": ""disulfide alpha carbon (CH2)"",
      ""hybridization"": ""sp3"",
      ""example_molecule_smiles"": ""CSSCC"",
      ""group_smarts"": ""[CX4]-[S;X2;H0]-[S;X2;H0]"",
      ""atom_specific_smarts"": ""[CH2X4]-[S;X2;H0]-[S;X2;H0]"",
      ""description"": ""Methylene carbon directly bonded to sulfur that participates in an S–S bond."",
      ""uncertainty"": ""low""
    },
    {
      ""atom_type"": 215,
      ""element"": ""C"",
      ""chemical_environment"": ""Alpha methine carbon to disulfide sulfur."",
      ""functional_group"": ""disulfide alpha carbon (CH)"",
      ""hybridization"": ""sp3"",
      ""example_molecule_smiles"": ""CC(SSC)C"",
      ""group_smarts"": ""[CX4]-[S;X2;H0]-[S;X2;H0]"",
      ""atom_specific_smarts"": ""[CHX4]-[S;X2;H0]-[S;X2;H0]"",
      ""description"": ""Methine carbon directly bonded to sulfur that is bonded to another sulfur (S–S)."",
      ""uncertainty"": ""low""
    },
    {
      ""atom_type"": 216,
      ""element"": ""C"",
      ""chemical_environment"": ""Alpha quaternary carbon to disulfide sulfur."",
      ""functional_group"": ""disulfide alpha carbon (quaternary C)"",
      ""hybridization"": ""sp3"",
      ""example_molecule_smiles"": ""CC(C)(C)SSC"",
      ""group_smarts"": ""[CX4]-[S;X2;H0]-[S;X2;H0]"",
      ""atom_specific_smarts"": ""[CX4H0]-[S;X2;H0]-[S;X2;H0]"",
      ""description"": ""Quaternary carbon (no H) directly bonded to sulfur that forms a disulfide linkage."",
      ""uncertainty"": ""low""
    },
    {
      ""atom_type"": 217,
      ""element"": ""C"",
      ""chemical_environment"": ""Methyl carbon of methanethiol (CH3-SH), alpha to thiol sulfur."",
      ""functional_group"": ""thiol alpha carbon (CH3, methanethiol)"",
      ""hybridization"": ""sp3"",
      ""example_molecule_smiles"": ""CS"",
      ""group_smarts"": ""[CX4]-[SH1]"",
      ""atom_specific_smarts"": ""[CH3X4]-[SH1]"",
      ""description"": ""Terminal methyl carbon directly bonded to sulfur bearing hydrogen (specifically Me–SH)."",
      ""uncertainty"": ""low""
    },
    {
      ""atom_type"": 218,
      ""element"": ""C"",
      ""chemical_environment"": ""Benzylic methylene carbon in benzyl alcohols (Ar-CH2-OH)."",
      ""functional_group"": ""benzylic alcohol (CH2OH on aryl)"",
      ""hybridization"": ""sp3"",
      ""example_molecule_smiles"": ""c1ccccc1CO"",
      ""group_smarts"": ""[CH2X4](-[OX2H])(-[c])"",
      ""atom_specific_smarts"": ""[CH2X4](-[OX2H])(-[c])"",
      ""description"": ""Benzylic CH2 linking an aromatic carbon and a hydroxyl oxygen in benzyl alcohol (Ph–CH2–OH)."",
      ""uncertainty"": ""low""
    }
  ]
}"
191,0.195,C  - CO   | C(H2O2): hemiacetal OCH2OH,12.011,oplsaa2024.lt,C,6,"Convert the following OPLS-AA atom type rows:

Atom Type Data:
- Atom index: 189
- Force field raw info: C  - CO   | C(H2O2): acetal OCH2O
- Partial charge: 0.06
- Atomic mass: 12.011
- Element guess: C
- Atomic number: 6
- Source file: oplsaa2024.lt


Atom Type Data:
- Atom index: 191
- Force field raw info: C  - CO   | C(H2O2): hemiacetal OCH2OH
- Partial charge: 0.195
- Atomic mass: 12.011
- Element guess: C
- Atomic number: 6
- Source file: oplsaa2024.lt


Atom Type Data:
- Atom index: 193
- Force field raw info: C  - CO   | C(HCO2): acetal OCHRO
- Partial charge: 0.16
- Atomic mass: 12.011
- Element guess: C
- Atomic number: 6
- Source file: oplsaa2024.lt


Atom Type Data:
- Atom index: 195
- Force field raw info: C  - CO   | C(HCO2): hemiacetal OCHROH
- Partial charge: 0.295
- Atomic mass: 12.011
- Element guess: C
- Atomic number: 6
- Source file: oplsaa2024.lt


Atom Type Data:
- Atom index: 197
- Force field raw info: C  - CO   | C(C2O2): acetal OCRRO
- Partial charge: 0.26
- Atomic mass: 12.011
- Element guess: C
- Atomic number: 6
- Source file: oplsaa2024.lt


Atom Type Data:
- Atom index: 198
- Force field raw info: C  - CO   | C(C2O2): hemiacetal OCRROH
- Partial charge: 0.395
- Atomic mass: 12.011
- Element guess: C
- Atomic number: 6
- Source file: oplsaa2024.lt


Atom Type Data:
- Atom index: 199
- Force field raw info: C  - CA   | C(OMe) anisole OPLS/2020
- Partial charge: 0.085
- Atomic mass: 12.011
- Element guess: C
- Atomic number: 6
- Source file: oplsaa2024.lt


Atom Type Data:
- Atom index: 206
- Force field raw info: C  - CT   | all-atom C: CH2, thiols
- Partial charge: 0.06
- Atomic mass: 12.011
- Element guess: C
- Atomic number: 6
- Source file: oplsaa2024.lt


Atom Type Data:
- Atom index: 207
- Force field raw info: C  - CT   | all-atom C: CH, thiols
- Partial charge: 0.12
- Atomic mass: 12.011
- Element guess: C
- Atomic number: 6
- Source file: oplsaa2024.lt


Atom Type Data:
- Atom index: 208
- Force field raw info: C  - CT   | all-atom C: C, thiols
- Partial charge: 0.18
- Atomic mass: 12.011
- Element guess: C
- Atomic number: 6
- Source file: oplsaa2024.lt


Atom Type Data:
- Atom index: 209
- Force field raw info: C  - CT   | all-atom C: CH3, sulfides OPLS-AA/L
- Partial charge: -0.0125
- Atomic mass: 12.011
- Element guess: C
- Atomic number: 6
- Source file: oplsaa2024.lt


Atom Type Data:
- Atom index: 210
- Force field raw info: C  - CT   | all-atom C: CH2, sulfides OPLS-AA/L
- Partial charge: 0.0475
- Atomic mass: 12.011
- Element guess: C
- Atomic number: 6
- Source file: oplsaa2024.lt


Atom Type Data:
- Atom index: 211
- Force field raw info: C  - CT   | all-atom C: CH, sulfides OPLS-AA/L
- Partial charge: 0.1175
- Atomic mass: 12.011
- Element guess: C
- Atomic number: 6
- Source file: oplsaa2024.lt


Atom Type Data:
- Atom index: 212
- Force field raw info: C  - CT   | all-atom C: C, sulfides OPLS-AA/L
- Partial charge: 0.1675
- Atomic mass: 12.011
- Element guess: C
- Atomic number: 6
- Source file: oplsaa2024.lt


Atom Type Data:
- Atom index: 213
- Force field raw info: C  - CT   | all-atom C: CH3, disulfides
- Partial charge: 0.0375
- Atomic mass: 12.011
- Element guess: C
- Atomic number: 6
- Source file: oplsaa2024.lt


Atom Type Data:
- Atom index: 214
- Force field raw info: C  - CT   | all-atom C: CH2, disulfides
- Partial charge: 0.0975
- Atomic mass: 12.011
- Element guess: C
- Atomic number: 6
- Source file: oplsaa2024.lt


Atom Type Data:
- Atom index: 215
- Force field raw info: C  - CT   | all-atom C: CH, disulfides
- Partial charge: 0.1575
- Atomic mass: 12.011
- Element guess: C
- Atomic number: 6
- Source file: oplsaa2024.lt


Atom Type Data:
- Atom index: 216
- Force field raw info: C  - CT   | all-atom C: C, disulfides
- Partial charge: 0.2175
- Atomic mass: 12.011
- Element guess: C
- Atomic number: 6
- Source file: oplsaa2024.lt


Atom Type Data:
- Atom index: 217
- Force field raw info: C  - CT   | all-atom C: CH3, methanethiol
- Partial charge: 0.0
- Atomic mass: 12.011
- Element guess: C
- Atomic number: 6
- Source file: oplsaa2024.lt


Atom Type Data:
- Atom index: 218
- Force field raw info: C  - CT   | C in CH2OH - benzyl alcohols
- Partial charge: 0.2
- Atomic mass: 12.011
- Element guess: C
- Atomic number: 6
- Source file: oplsaa2024.lt
","{
  ""atom_types"": [
    {
      ""atom_type"": 189,
      ""element"": ""C"",
      ""chemical_environment"": ""Acetal methylene carbon bonded to two ether oxygens (O-CH2-O)."",
      ""functional_group"": ""acetal (OCH2O, formal acetal)"",
      ""hybridization"": ""sp3"",
      ""example_molecule_smiles"": ""COCOC"",
      ""group_smarts"": ""[CX4H2](-[OX2])(-[OX2])"",
      ""atom_specific_smarts"": ""[CX4H2](-[OX2H0])(-[OX2H0])"",
      ""description"": ""Central CH2 carbon in dimethoxy methane-type acetals; two single-bonded ether O neighbors and two hydrogens."",
      ""uncertainty"": ""low""
    },
    {
      ""atom_type"": 191,
      ""element"": ""C"",
      ""chemical_environment"": ""Hemiacetal methylene carbon with one ether oxygen and one hydroxyl oxygen (O-CH2-OH)."",
      ""functional_group"": ""hemiacetal (OCH2OH)"",
      ""hybridization"": ""sp3"",
      ""example_molecule_smiles"": ""COCO"",
      ""group_smarts"": ""[CX4H2](-O)(-O)"",
      ""atom_specific_smarts"": ""[CX4H2](-[OX2H0])(-[OX2H])"",
      ""description"": ""Central CH2 carbon in a hemiacetal derived from formaldehyde; one O is an ether, the other is hydroxyl."",
      ""uncertainty"": ""low""
    },
    {
      ""atom_type"": 193,
      ""element"": ""C"",
      ""chemical_environment"": ""Secondary acetal center with one carbon substituent and two ether oxygens (O-CH(-R)-O)."",
      ""functional_group"": ""acetal (OCHRO)"",
      ""hybridization"": ""sp3"",
      ""example_molecule_smiles"": ""CC(OC)OC"",
      ""group_smarts"": ""[CX4H1](-O)(-O)"",
      ""atom_specific_smarts"": ""[CX4H1](-[OX2H0])(-[OX2H0])(-[C,c])"",
      ""description"": ""Acetal methine carbon bearing one hydrogen, one carbon (R) substituent, and two ether oxygens."",
      ""uncertainty"": ""low""
    },
    {
      ""atom_type"": 195,
      ""element"": ""C"",
      ""chemical_environment"": ""Secondary hemiacetal center with one carbon substituent, one ether oxygen, and one hydroxyl (O-CH(-R)-OH)."",
      ""functional_group"": ""hemiacetal (OCHROH)"",
      ""hybridization"": ""sp3"",
      ""example_molecule_smiles"": ""CC(O)OC"",
      ""group_smarts"": ""[CX4H1](-O)(-O)"",
      ""atom_specific_smarts"": ""[CX4H1](-[OX2H0])(-[OX2H])(-[C,c])"",
      ""description"": ""Hemiacetal methine carbon with one H, one carbon substituent, one ether O and one hydroxyl O."",
      ""uncertainty"": ""low""
    },
    {
      ""atom_type"": 197,
      ""element"": ""C"",
      ""chemical_environment"": ""Tertiary acetal center with two carbon substituents and two ether oxygens (O-C(R)(R)-O)."",
      ""functional_group"": ""acetal (OCRRO)"",
      ""hybridization"": ""sp3"",
      ""example_molecule_smiles"": ""CC(C)(OC)OC"",
      ""group_smarts"": ""[CX4H0](-O)(-O)"",
      ""atom_specific_smarts"": ""[CX4H0](-[OX2H0])(-[OX2H0])(-[C,c])(-[C,c])"",
      ""description"": ""Acetal quaternary carbon (no H) bound to two ether oxygens and two carbon substituents."",
      ""uncertainty"": ""low""
    },
    {
      ""atom_type"": 198,
      ""element"": ""C"",
      ""chemical_environment"": ""Tertiary hemiacetal center with two carbon substituents, one ether oxygen, and one hydroxyl (O-C(R)(R)-OH)."",
      ""functional_group"": ""hemiacetal (OCRROH)"",
      ""hybridization"": ""sp3"",
      ""example_molecule_smiles"": ""CC(C)(O)OC"",
      ""group_smarts"": ""[CX4H0](-O)(-O)"",
      ""atom_specific_smarts"": ""[CX4H0](-[OX2H0])(-[OX2H])(-[C,c])(-[C,c])"",
      ""description"": ""Hemiacetal quaternary carbon (no H) with one hydroxyl O, one ether O, and two carbon substituents."",
      ""uncertainty"": ""low""
    },
    {
      ""atom_type"": 199,
      ""element"": ""C"",
      ""chemical_environment"": ""Aromatic ipso carbon of anisole bound to methoxy oxygen."",
      ""functional_group"": ""aryl ether (anisole, C(OMe))"",
      ""hybridization"": ""sp2 (aromatic)"",
      ""example_molecule_smiles"": ""COc1ccccc1"",
      ""group_smarts"": ""[cX3](-[OX2H0]-[C])"",
      ""atom_specific_smarts"": ""[cX3](-[OX2H0]-[CH3])"",
      ""description"": ""Ipso phenyl carbon attached to an ether oxygen that bears a methyl group (methoxy substituent)."",
      ""uncertainty"": ""low""
    },
    {
      ""atom_type"": 206,
      ""element"": ""C"",
      ""chemical_environment"": ""Alpha carbon to thiol sulfur in primary thiols (R-CH2-SH)."",
      ""functional_group"": ""thiol alpha carbon (CH2)"",
      ""hybridization"": ""sp3"",
      ""example_molecule_smiles"": ""CCS"",
      ""group_smarts"": ""[CX4]-[SH1]"",
      ""atom_specific_smarts"": ""[CH2X4]-[SH1]"",
      ""description"": ""Methylene carbon directly bonded to sulfur bearing hydrogen (thiol S-H)."",
      ""uncertainty"": ""low""
    },
    {
      ""atom_type"": 207,
      ""element"": ""C"",
      ""chemical_environment"": ""Alpha carbon to thiol sulfur in secondary thiols (R2CH-SH)."",
      ""functional_group"": ""thiol alpha carbon (CH)"",
      ""hybridization"": ""sp3"",
      ""example_molecule_smiles"": ""CC(C)S"",
      ""group_smarts"": ""[CX4]-[SH1]"",
      ""atom_specific_smarts"": ""[CHX4]-[SH1]"",
      ""description"": ""Methine carbon directly bonded to thiol sulfur (S-H), bearing one hydrogen and two carbon substituents."",
      ""uncertainty"": ""low""
    },
    {
      ""atom_type"": 208,
      ""element"": ""C"",
      ""chemical_environment"": ""Alpha carbon to thiol sulfur in tertiary centers (R3C-SH)."",
      ""functional_group"": ""thiol alpha carbon (quaternary C)"",
      ""hybridization"": ""sp3"",
      ""example_molecule_smiles"": ""CC(C)(C)S"",
      ""group_smarts"": ""[CX4]-[SH1]"",
      ""atom_specific_smarts"": ""[CX4H0]-[SH1]"",
      ""description"": ""Quaternary carbon (no hydrogens) directly bonded to thiol sulfur (S-H)."",
      ""uncertainty"": ""low""
    },
    {
      ""atom_type"": 209,
      ""element"": ""C"",
      ""chemical_environment"": ""Alpha methyl carbon to thioether sulfur (sulfide, R-S-R')."",
      ""functional_group"": ""sulfide alpha carbon (CH3)"",
      ""hybridization"": ""sp3"",
      ""example_molecule_smiles"": ""CSC"",
      ""group_smarts"": ""[CX4]-[S;X2;H0;!$(*-S-*)]"",
      ""atom_specific_smarts"": ""[CH3X4]-[S;X2;H0;!$(*-S-*)]"",
      ""description"": ""Terminal methyl carbon directly bonded to a thioether sulfur (S with no H and not in disulfide)."",
      ""uncertainty"": ""low""
    },
    {
      ""atom_type"": 210,
      ""element"": ""C"",
      ""chemical_environment"": ""Alpha methylene carbon to thioether sulfur (sulfide)."",
      ""functional_group"": ""sulfide alpha carbon (CH2)"",
      ""hybridization"": ""sp3"",
      ""example_molecule_smiles"": ""CSCC"",
      ""group_smarts"": ""[CX4]-[S;X2;H0;!$(*-S-*)]"",
      ""atom_specific_smarts"": ""[CH2X4]-[S;X2;H0;!$(*-S-*)]"",
      ""description"": ""Methylene carbon directly bonded to a thioether sulfur (S with no H and not S–S)."",
      ""uncertainty"": ""low""
    },
    {
      ""atom_type"": 211,
      ""element"": ""C"",
      ""chemical_environment"": ""Alpha methine carbon to thioether sulfur (sulfide)."",
      ""functional_group"": ""sulfide alpha carbon (CH)"",
      ""hybridization"": ""sp3"",
      ""example_molecule_smiles"": ""CC(SC)C"",
      ""group_smarts"": ""[CX4]-[S;X2;H0;!$(*-S-*)]"",
      ""atom_specific_smarts"": ""[CHX4]-[S;X2;H0;!$(*-S-*)]"",
      ""description"": ""Methine carbon directly bonded to a thioether sulfur (S with no H and not in disulfide)."",
      ""uncertainty"": ""low""
    },
    {
      ""atom_type"": 212,
      ""element"": ""C"",
      ""chemical_environment"": ""Alpha quaternary carbon to thioether sulfur (sulfide)."",
      ""functional_group"": ""sulfide alpha carbon (quaternary C)"",
      ""hybridization"": ""sp3"",
      ""example_molecule_smiles"": ""CSC(C)(C)C"",
      ""group_smarts"": ""[CX4]-[S;X2;H0;!$(*-S-*)]"",
      ""atom_specific_smarts"": ""[CX4H0]-[S;X2;H0;!$(*-S-*)]"",
      ""description"": ""Quaternary carbon (no H) directly bonded to thioether sulfur (not part of S–S)."",
      ""uncertainty"": ""low""
    },
    {
      ""atom_type"": 213,
      ""element"": ""C"",
      ""chemical_environment"": ""Alpha methyl carbon to disulfide sulfur (R-S-S-R')."",
      ""functional_group"": ""disulfide alpha carbon (CH3)"",
      ""hybridization"": ""sp3"",
      ""example_molecule_smiles"": ""CSSC"",
      ""group_smarts"": ""[CX4]-[S;X2;H0]-[S;X2;H0]"",
      ""atom_specific_smarts"": ""[CH3X4]-[S;X2;H0]-[S;X2;H0]"",
      ""description"": ""Terminal methyl carbon directly bonded to sulfur that is itself bonded to another sulfur (disulfide)."",
      ""uncertainty"": ""low""
    },
    {
      ""atom_type"": 214,
      ""element"": ""C"",
      ""chemical_environment"": ""Alpha methylene carbon to disulfide sulfur."",
      ""functional_group"": ""disulfide alpha carbon (CH2)"",
      ""hybridization"": ""sp3"",
      ""example_molecule_smiles"": ""CSSCC"",
      ""group_smarts"": ""[CX4]-[S;X2;H0]-[S;X2;H0]"",
      ""atom_specific_smarts"": ""[CH2X4]-[S;X2;H0]-[S;X2;H0]"",
      ""description"": ""Methylene carbon directly bonded to sulfur that participates in an S–S bond."",
      ""uncertainty"": ""low""
    },
    {
      ""atom_type"": 215,
      ""element"": ""C"",
      ""chemical_environment"": ""Alpha methine carbon to disulfide sulfur."",
      ""functional_group"": ""disulfide alpha carbon (CH)"",
      ""hybridization"": ""sp3"",
      ""example_molecule_smiles"": ""CC(SSC)C"",
      ""group_smarts"": ""[CX4]-[S;X2;H0]-[S;X2;H0]"",
      ""atom_specific_smarts"": ""[CHX4]-[S;X2;H0]-[S;X2;H0]"",
      ""description"": ""Methine carbon directly bonded to sulfur that is bonded to another sulfur (S–S)."",
      ""uncertainty"": ""low""
    },
    {
      ""atom_type"": 216,
      ""element"": ""C"",
      ""chemical_environment"": ""Alpha quaternary carbon to disulfide sulfur."",
      ""functional_group"": ""disulfide alpha carbon (quaternary C)"",
      ""hybridization"": ""sp3"",
      ""example_molecule_smiles"": ""CC(C)(C)SSC"",
      ""group_smarts"": ""[CX4]-[S;X2;H0]-[S;X2;H0]"",
      ""atom_specific_smarts"": ""[CX4H0]-[S;X2;H0]-[S;X2;H0]"",
      ""description"": ""Quaternary carbon (no H) directly bonded to sulfur that forms a disulfide linkage."",
      ""uncertainty"": ""low""
    },
    {
      ""atom_type"": 217,
      ""element"": ""C"",
      ""chemical_environment"": ""Methyl carbon of methanethiol (CH3-SH), alpha to thiol sulfur."",
      ""functional_group"": ""thiol alpha carbon (CH3, methanethiol)"",
      ""hybridization"": ""sp3"",
      ""example_molecule_smiles"": ""CS"",
      ""group_smarts"": ""[CX4]-[SH1]"",
      ""atom_specific_smarts"": ""[CH3X4]-[SH1]"",
      ""description"": ""Terminal methyl carbon directly bonded to sulfur bearing hydrogen (specifically Me–SH)."",
      ""uncertainty"": ""low""
    },
    {
      ""atom_type"": 218,
      ""element"": ""C"",
      ""chemical_environment"": ""Benzylic methylene carbon in benzyl alcohols (Ar-CH2-OH)."",
      ""functional_group"": ""benzylic alcohol (CH2OH on aryl)"",
      ""hybridization"": ""sp3"",
      ""example_molecule_smiles"": ""c1ccccc1CO"",
      ""group_smarts"": ""[CH2X4](-[OX2H])(-[c])"",
      ""atom_specific_smarts"": ""[CH2X4](-[OX2H])(-[c])"",
      ""description"": ""Benzylic CH2 linking an aromatic carbon and a hydroxyl oxygen in benzyl alcohol (Ph–CH2–OH)."",
      ""uncertainty"": ""low""
    }
  ]
}"
193,0.16,C  - CO   | C(HCO2): acetal OCHRO,12.011,oplsaa2024.lt,C,6,"Convert the following OPLS-AA atom type rows:

Atom Type Data:
- Atom index: 189
- Force field raw info: C  - CO   | C(H2O2): acetal OCH2O
- Partial charge: 0.06
- Atomic mass: 12.011
- Element guess: C
- Atomic number: 6
- Source file: oplsaa2024.lt


Atom Type Data:
- Atom index: 191
- Force field raw info: C  - CO   | C(H2O2): hemiacetal OCH2OH
- Partial charge: 0.195
- Atomic mass: 12.011
- Element guess: C
- Atomic number: 6
- Source file: oplsaa2024.lt


Atom Type Data:
- Atom index: 193
- Force field raw info: C  - CO   | C(HCO2): acetal OCHRO
- Partial charge: 0.16
- Atomic mass: 12.011
- Element guess: C
- Atomic number: 6
- Source file: oplsaa2024.lt


Atom Type Data:
- Atom index: 195
- Force field raw info: C  - CO   | C(HCO2): hemiacetal OCHROH
- Partial charge: 0.295
- Atomic mass: 12.011
- Element guess: C
- Atomic number: 6
- Source file: oplsaa2024.lt


Atom Type Data:
- Atom index: 197
- Force field raw info: C  - CO   | C(C2O2): acetal OCRRO
- Partial charge: 0.26
- Atomic mass: 12.011
- Element guess: C
- Atomic number: 6
- Source file: oplsaa2024.lt


Atom Type Data:
- Atom index: 198
- Force field raw info: C  - CO   | C(C2O2): hemiacetal OCRROH
- Partial charge: 0.395
- Atomic mass: 12.011
- Element guess: C
- Atomic number: 6
- Source file: oplsaa2024.lt


Atom Type Data:
- Atom index: 199
- Force field raw info: C  - CA   | C(OMe) anisole OPLS/2020
- Partial charge: 0.085
- Atomic mass: 12.011
- Element guess: C
- Atomic number: 6
- Source file: oplsaa2024.lt


Atom Type Data:
- Atom index: 206
- Force field raw info: C  - CT   | all-atom C: CH2, thiols
- Partial charge: 0.06
- Atomic mass: 12.011
- Element guess: C
- Atomic number: 6
- Source file: oplsaa2024.lt


Atom Type Data:
- Atom index: 207
- Force field raw info: C  - CT   | all-atom C: CH, thiols
- Partial charge: 0.12
- Atomic mass: 12.011
- Element guess: C
- Atomic number: 6
- Source file: oplsaa2024.lt


Atom Type Data:
- Atom index: 208
- Force field raw info: C  - CT   | all-atom C: C, thiols
- Partial charge: 0.18
- Atomic mass: 12.011
- Element guess: C
- Atomic number: 6
- Source file: oplsaa2024.lt


Atom Type Data:
- Atom index: 209
- Force field raw info: C  - CT   | all-atom C: CH3, sulfides OPLS-AA/L
- Partial charge: -0.0125
- Atomic mass: 12.011
- Element guess: C
- Atomic number: 6
- Source file: oplsaa2024.lt


Atom Type Data:
- Atom index: 210
- Force field raw info: C  - CT   | all-atom C: CH2, sulfides OPLS-AA/L
- Partial charge: 0.0475
- Atomic mass: 12.011
- Element guess: C
- Atomic number: 6
- Source file: oplsaa2024.lt


Atom Type Data:
- Atom index: 211
- Force field raw info: C  - CT   | all-atom C: CH, sulfides OPLS-AA/L
- Partial charge: 0.1175
- Atomic mass: 12.011
- Element guess: C
- Atomic number: 6
- Source file: oplsaa2024.lt


Atom Type Data:
- Atom index: 212
- Force field raw info: C  - CT   | all-atom C: C, sulfides OPLS-AA/L
- Partial charge: 0.1675
- Atomic mass: 12.011
- Element guess: C
- Atomic number: 6
- Source file: oplsaa2024.lt


Atom Type Data:
- Atom index: 213
- Force field raw info: C  - CT   | all-atom C: CH3, disulfides
- Partial charge: 0.0375
- Atomic mass: 12.011
- Element guess: C
- Atomic number: 6
- Source file: oplsaa2024.lt


Atom Type Data:
- Atom index: 214
- Force field raw info: C  - CT   | all-atom C: CH2, disulfides
- Partial charge: 0.0975
- Atomic mass: 12.011
- Element guess: C
- Atomic number: 6
- Source file: oplsaa2024.lt


Atom Type Data:
- Atom index: 215
- Force field raw info: C  - CT   | all-atom C: CH, disulfides
- Partial charge: 0.1575
- Atomic mass: 12.011
- Element guess: C
- Atomic number: 6
- Source file: oplsaa2024.lt


Atom Type Data:
- Atom index: 216
- Force field raw info: C  - CT   | all-atom C: C, disulfides
- Partial charge: 0.2175
- Atomic mass: 12.011
- Element guess: C
- Atomic number: 6
- Source file: oplsaa2024.lt


Atom Type Data:
- Atom index: 217
- Force field raw info: C  - CT   | all-atom C: CH3, methanethiol
- Partial charge: 0.0
- Atomic mass: 12.011
- Element guess: C
- Atomic number: 6
- Source file: oplsaa2024.lt


Atom Type Data:
- Atom index: 218
- Force field raw info: C  - CT   | C in CH2OH - benzyl alcohols
- Partial charge: 0.2
- Atomic mass: 12.011
- Element guess: C
- Atomic number: 6
- Source file: oplsaa2024.lt
","{
  ""atom_types"": [
    {
      ""atom_type"": 189,
      ""element"": ""C"",
      ""chemical_environment"": ""Acetal methylene carbon bonded to two ether oxygens (O-CH2-O)."",
      ""functional_group"": ""acetal (OCH2O, formal acetal)"",
      ""hybridization"": ""sp3"",
      ""example_molecule_smiles"": ""COCOC"",
      ""group_smarts"": ""[CX4H2](-[OX2])(-[OX2])"",
      ""atom_specific_smarts"": ""[CX4H2](-[OX2H0])(-[OX2H0])"",
      ""description"": ""Central CH2 carbon in dimethoxy methane-type acetals; two single-bonded ether O neighbors and two hydrogens."",
      ""uncertainty"": ""low""
    },
    {
      ""atom_type"": 191,
      ""element"": ""C"",
      ""chemical_environment"": ""Hemiacetal methylene carbon with one ether oxygen and one hydroxyl oxygen (O-CH2-OH)."",
      ""functional_group"": ""hemiacetal (OCH2OH)"",
      ""hybridization"": ""sp3"",
      ""example_molecule_smiles"": ""COCO"",
      ""group_smarts"": ""[CX4H2](-O)(-O)"",
      ""atom_specific_smarts"": ""[CX4H2](-[OX2H0])(-[OX2H])"",
      ""description"": ""Central CH2 carbon in a hemiacetal derived from formaldehyde; one O is an ether, the other is hydroxyl."",
      ""uncertainty"": ""low""
    },
    {
      ""atom_type"": 193,
      ""element"": ""C"",
      ""chemical_environment"": ""Secondary acetal center with one carbon substituent and two ether oxygens (O-CH(-R)-O)."",
      ""functional_group"": ""acetal (OCHRO)"",
      ""hybridization"": ""sp3"",
      ""example_molecule_smiles"": ""CC(OC)OC"",
      ""group_smarts"": ""[CX4H1](-O)(-O)"",
      ""atom_specific_smarts"": ""[CX4H1](-[OX2H0])(-[OX2H0])(-[C,c])"",
      ""description"": ""Acetal methine carbon bearing one hydrogen, one carbon (R) substituent, and two ether oxygens."",
      ""uncertainty"": ""low""
    },
    {
      ""atom_type"": 195,
      ""element"": ""C"",
      ""chemical_environment"": ""Secondary hemiacetal center with one carbon substituent, one ether oxygen, and one hydroxyl (O-CH(-R)-OH)."",
      ""functional_group"": ""hemiacetal (OCHROH)"",
      ""hybridization"": ""sp3"",
      ""example_molecule_smiles"": ""CC(O)OC"",
      ""group_smarts"": ""[CX4H1](-O)(-O)"",
      ""atom_specific_smarts"": ""[CX4H1](-[OX2H0])(-[OX2H])(-[C,c])"",
      ""description"": ""Hemiacetal methine carbon with one H, one carbon substituent, one ether O and one hydroxyl O."",
      ""uncertainty"": ""low""
    },
    {
      ""atom_type"": 197,
      ""element"": ""C"",
      ""chemical_environment"": ""Tertiary acetal center with two carbon substituents and two ether oxygens (O-C(R)(R)-O)."",
      ""functional_group"": ""acetal (OCRRO)"",
      ""hybridization"": ""sp3"",
      ""example_molecule_smiles"": ""CC(C)(OC)OC"",
      ""group_smarts"": ""[CX4H0](-O)(-O)"",
      ""atom_specific_smarts"": ""[CX4H0](-[OX2H0])(-[OX2H0])(-[C,c])(-[C,c])"",
      ""description"": ""Acetal quaternary carbon (no H) bound to two ether oxygens and two carbon substituents."",
      ""uncertainty"": ""low""
    },
    {
      ""atom_type"": 198,
      ""element"": ""C"",
      ""chemical_environment"": ""Tertiary hemiacetal center with two carbon substituents, one ether oxygen, and one hydroxyl (O-C(R)(R)-OH)."",
      ""functional_group"": ""hemiacetal (OCRROH)"",
      ""hybridization"": ""sp3"",
      ""example_molecule_smiles"": ""CC(C)(O)OC"",
      ""group_smarts"": ""[CX4H0](-O)(-O)"",
      ""atom_specific_smarts"": ""[CX4H0](-[OX2H0])(-[OX2H])(-[C,c])(-[C,c])"",
      ""description"": ""Hemiacetal quaternary carbon (no H) with one hydroxyl O, one ether O, and two carbon substituents."",
      ""uncertainty"": ""low""
    },
    {
      ""atom_type"": 199,
      ""element"": ""C"",
      ""chemical_environment"": ""Aromatic ipso carbon of anisole bound to methoxy oxygen."",
      ""functional_group"": ""aryl ether (anisole, C(OMe))"",
      ""hybridization"": ""sp2 (aromatic)"",
      ""example_molecule_smiles"": ""COc1ccccc1"",
      ""group_smarts"": ""[cX3](-[OX2H0]-[C])"",
      ""atom_specific_smarts"": ""[cX3](-[OX2H0]-[CH3])"",
      ""description"": ""Ipso phenyl carbon attached to an ether oxygen that bears a methyl group (methoxy substituent)."",
      ""uncertainty"": ""low""
    },
    {
      ""atom_type"": 206,
      ""element"": ""C"",
      ""chemical_environment"": ""Alpha carbon to thiol sulfur in primary thiols (R-CH2-SH)."",
      ""functional_group"": ""thiol alpha carbon (CH2)"",
      ""hybridization"": ""sp3"",
      ""example_molecule_smiles"": ""CCS"",
      ""group_smarts"": ""[CX4]-[SH1]"",
      ""atom_specific_smarts"": ""[CH2X4]-[SH1]"",
      ""description"": ""Methylene carbon directly bonded to sulfur bearing hydrogen (thiol S-H)."",
      ""uncertainty"": ""low""
    },
    {
      ""atom_type"": 207,
      ""element"": ""C"",
      ""chemical_environment"": ""Alpha carbon to thiol sulfur in secondary thiols (R2CH-SH)."",
      ""functional_group"": ""thiol alpha carbon (CH)"",
      ""hybridization"": ""sp3"",
      ""example_molecule_smiles"": ""CC(C)S"",
      ""group_smarts"": ""[CX4]-[SH1]"",
      ""atom_specific_smarts"": ""[CHX4]-[SH1]"",
      ""description"": ""Methine carbon directly bonded to thiol sulfur (S-H), bearing one hydrogen and two carbon substituents."",
      ""uncertainty"": ""low""
    },
    {
      ""atom_type"": 208,
      ""element"": ""C"",
      ""chemical_environment"": ""Alpha carbon to thiol sulfur in tertiary centers (R3C-SH)."",
      ""functional_group"": ""thiol alpha carbon (quaternary C)"",
      ""hybridization"": ""sp3"",
      ""example_molecule_smiles"": ""CC(C)(C)S"",
      ""group_smarts"": ""[CX4]-[SH1]"",
      ""atom_specific_smarts"": ""[CX4H0]-[SH1]"",
      ""description"": ""Quaternary carbon (no hydrogens) directly bonded to thiol sulfur (S-H)."",
      ""uncertainty"": ""low""
    },
    {
      ""atom_type"": 209,
      ""element"": ""C"",
      ""chemical_environment"": ""Alpha methyl carbon to thioether sulfur (sulfide, R-S-R')."",
      ""functional_group"": ""sulfide alpha carbon (CH3)"",
      ""hybridization"": ""sp3"",
      ""example_molecule_smiles"": ""CSC"",
      ""group_smarts"": ""[CX4]-[S;X2;H0;!$(*-S-*)]"",
      ""atom_specific_smarts"": ""[CH3X4]-[S;X2;H0;!$(*-S-*)]"",
      ""description"": ""Terminal methyl carbon directly bonded to a thioether sulfur (S with no H and not in disulfide)."",
      ""uncertainty"": ""low""
    },
    {
      ""atom_type"": 210,
      ""element"": ""C"",
      ""chemical_environment"": ""Alpha methylene carbon to thioether sulfur (sulfide)."",
      ""functional_group"": ""sulfide alpha carbon (CH2)"",
      ""hybridization"": ""sp3"",
      ""example_molecule_smiles"": ""CSCC"",
      ""group_smarts"": ""[CX4]-[S;X2;H0;!$(*-S-*)]"",
      ""atom_specific_smarts"": ""[CH2X4]-[S;X2;H0;!$(*-S-*)]"",
      ""description"": ""Methylene carbon directly bonded to a thioether sulfur (S with no H and not S–S)."",
      ""uncertainty"": ""low""
    },
    {
      ""atom_type"": 211,
      ""element"": ""C"",
      ""chemical_environment"": ""Alpha methine carbon to thioether sulfur (sulfide)."",
      ""functional_group"": ""sulfide alpha carbon (CH)"",
      ""hybridization"": ""sp3"",
      ""example_molecule_smiles"": ""CC(SC)C"",
      ""group_smarts"": ""[CX4]-[S;X2;H0;!$(*-S-*)]"",
      ""atom_specific_smarts"": ""[CHX4]-[S;X2;H0;!$(*-S-*)]"",
      ""description"": ""Methine carbon directly bonded to a thioether sulfur (S with no H and not in disulfide)."",
      ""uncertainty"": ""low""
    },
    {
      ""atom_type"": 212,
      ""element"": ""C"",
      ""chemical_environment"": ""Alpha quaternary carbon to thioether sulfur (sulfide)."",
      ""functional_group"": ""sulfide alpha carbon (quaternary C)"",
      ""hybridization"": ""sp3"",
      ""example_molecule_smiles"": ""CSC(C)(C)C"",
      ""group_smarts"": ""[CX4]-[S;X2;H0;!$(*-S-*)]"",
      ""atom_specific_smarts"": ""[CX4H0]-[S;X2;H0;!$(*-S-*)]"",
      ""description"": ""Quaternary carbon (no H) directly bonded to thioether sulfur (not part of S–S)."",
      ""uncertainty"": ""low""
    },
    {
      ""atom_type"": 213,
      ""element"": ""C"",
      ""chemical_environment"": ""Alpha methyl carbon to disulfide sulfur (R-S-S-R')."",
      ""functional_group"": ""disulfide alpha carbon (CH3)"",
      ""hybridization"": ""sp3"",
      ""example_molecule_smiles"": ""CSSC"",
      ""group_smarts"": ""[CX4]-[S;X2;H0]-[S;X2;H0]"",
      ""atom_specific_smarts"": ""[CH3X4]-[S;X2;H0]-[S;X2;H0]"",
      ""description"": ""Terminal methyl carbon directly bonded to sulfur that is itself bonded to another sulfur (disulfide)."",
      ""uncertainty"": ""low""
    },
    {
      ""atom_type"": 214,
      ""element"": ""C"",
      ""chemical_environment"": ""Alpha methylene carbon to disulfide sulfur."",
      ""functional_group"": ""disulfide alpha carbon (CH2)"",
      ""hybridization"": ""sp3"",
      ""example_molecule_smiles"": ""CSSCC"",
      ""group_smarts"": ""[CX4]-[S;X2;H0]-[S;X2;H0]"",
      ""atom_specific_smarts"": ""[CH2X4]-[S;X2;H0]-[S;X2;H0]"",
      ""description"": ""Methylene carbon directly bonded to sulfur that participates in an S–S bond."",
      ""uncertainty"": ""low""
    },
    {
      ""atom_type"": 215,
      ""element"": ""C"",
      ""chemical_environment"": ""Alpha methine carbon to disulfide sulfur."",
      ""functional_group"": ""disulfide alpha carbon (CH)"",
      ""hybridization"": ""sp3"",
      ""example_molecule_smiles"": ""CC(SSC)C"",
      ""group_smarts"": ""[CX4]-[S;X2;H0]-[S;X2;H0]"",
      ""atom_specific_smarts"": ""[CHX4]-[S;X2;H0]-[S;X2;H0]"",
      ""description"": ""Methine carbon directly bonded to sulfur that is bonded to another sulfur (S–S)."",
      ""uncertainty"": ""low""
    },
    {
      ""atom_type"": 216,
      ""element"": ""C"",
      ""chemical_environment"": ""Alpha quaternary carbon to disulfide sulfur."",
      ""functional_group"": ""disulfide alpha carbon (quaternary C)"",
      ""hybridization"": ""sp3"",
      ""example_molecule_smiles"": ""CC(C)(C)SSC"",
      ""group_smarts"": ""[CX4]-[S;X2;H0]-[S;X2;H0]"",
      ""atom_specific_smarts"": ""[CX4H0]-[S;X2;H0]-[S;X2;H0]"",
      ""description"": ""Quaternary carbon (no H) directly bonded to sulfur that forms a disulfide linkage."",
      ""uncertainty"": ""low""
    },
    {
      ""atom_type"": 217,
      ""element"": ""C"",
      ""chemical_environment"": ""Methyl carbon of methanethiol (CH3-SH), alpha to thiol sulfur."",
      ""functional_group"": ""thiol alpha carbon (CH3, methanethiol)"",
      ""hybridization"": ""sp3"",
      ""example_molecule_smiles"": ""CS"",
      ""group_smarts"": ""[CX4]-[SH1]"",
      ""atom_specific_smarts"": ""[CH3X4]-[SH1]"",
      ""description"": ""Terminal methyl carbon directly bonded to sulfur bearing hydrogen (specifically Me–SH)."",
      ""uncertainty"": ""low""
    },
    {
      ""atom_type"": 218,
      ""element"": ""C"",
      ""chemical_environment"": ""Benzylic methylene carbon in benzyl alcohols (Ar-CH2-OH)."",
      ""functional_group"": ""benzylic alcohol (CH2OH on aryl)"",
      ""hybridization"": ""sp3"",
      ""example_molecule_smiles"": ""c1ccccc1CO"",
      ""group_smarts"": ""[CH2X4](-[OX2H])(-[c])"",
      ""atom_specific_smarts"": ""[CH2X4](-[OX2H])(-[c])"",
      ""description"": ""Benzylic CH2 linking an aromatic carbon and a hydroxyl oxygen in benzyl alcohol (Ph–CH2–OH)."",
      ""uncertainty"": ""low""
    }
  ]
}"
195,0.295,C  - CO   | C(HCO2): hemiacetal OCHROH,12.011,oplsaa2024.lt,C,6,"Convert the following OPLS-AA atom type rows:

Atom Type Data:
- Atom index: 189
- Force field raw info: C  - CO   | C(H2O2): acetal OCH2O
- Partial charge: 0.06
- Atomic mass: 12.011
- Element guess: C
- Atomic number: 6
- Source file: oplsaa2024.lt


Atom Type Data:
- Atom index: 191
- Force field raw info: C  - CO   | C(H2O2): hemiacetal OCH2OH
- Partial charge: 0.195
- Atomic mass: 12.011
- Element guess: C
- Atomic number: 6
- Source file: oplsaa2024.lt


Atom Type Data:
- Atom index: 193
- Force field raw info: C  - CO   | C(HCO2): acetal OCHRO
- Partial charge: 0.16
- Atomic mass: 12.011
- Element guess: C
- Atomic number: 6
- Source file: oplsaa2024.lt


Atom Type Data:
- Atom index: 195
- Force field raw info: C  - CO   | C(HCO2): hemiacetal OCHROH
- Partial charge: 0.295
- Atomic mass: 12.011
- Element guess: C
- Atomic number: 6
- Source file: oplsaa2024.lt


Atom Type Data:
- Atom index: 197
- Force field raw info: C  - CO   | C(C2O2): acetal OCRRO
- Partial charge: 0.26
- Atomic mass: 12.011
- Element guess: C
- Atomic number: 6
- Source file: oplsaa2024.lt


Atom Type Data:
- Atom index: 198
- Force field raw info: C  - CO   | C(C2O2): hemiacetal OCRROH
- Partial charge: 0.395
- Atomic mass: 12.011
- Element guess: C
- Atomic number: 6
- Source file: oplsaa2024.lt


Atom Type Data:
- Atom index: 199
- Force field raw info: C  - CA   | C(OMe) anisole OPLS/2020
- Partial charge: 0.085
- Atomic mass: 12.011
- Element guess: C
- Atomic number: 6
- Source file: oplsaa2024.lt


Atom Type Data:
- Atom index: 206
- Force field raw info: C  - CT   | all-atom C: CH2, thiols
- Partial charge: 0.06
- Atomic mass: 12.011
- Element guess: C
- Atomic number: 6
- Source file: oplsaa2024.lt


Atom Type Data:
- Atom index: 207
- Force field raw info: C  - CT   | all-atom C: CH, thiols
- Partial charge: 0.12
- Atomic mass: 12.011
- Element guess: C
- Atomic number: 6
- Source file: oplsaa2024.lt


Atom Type Data:
- Atom index: 208
- Force field raw info: C  - CT   | all-atom C: C, thiols
- Partial charge: 0.18
- Atomic mass: 12.011
- Element guess: C
- Atomic number: 6
- Source file: oplsaa2024.lt


Atom Type Data:
- Atom index: 209
- Force field raw info: C  - CT   | all-atom C: CH3, sulfides OPLS-AA/L
- Partial charge: -0.0125
- Atomic mass: 12.011
- Element guess: C
- Atomic number: 6
- Source file: oplsaa2024.lt


Atom Type Data:
- Atom index: 210
- Force field raw info: C  - CT   | all-atom C: CH2, sulfides OPLS-AA/L
- Partial charge: 0.0475
- Atomic mass: 12.011
- Element guess: C
- Atomic number: 6
- Source file: oplsaa2024.lt


Atom Type Data:
- Atom index: 211
- Force field raw info: C  - CT   | all-atom C: CH, sulfides OPLS-AA/L
- Partial charge: 0.1175
- Atomic mass: 12.011
- Element guess: C
- Atomic number: 6
- Source file: oplsaa2024.lt


Atom Type Data:
- Atom index: 212
- Force field raw info: C  - CT   | all-atom C: C, sulfides OPLS-AA/L
- Partial charge: 0.1675
- Atomic mass: 12.011
- Element guess: C
- Atomic number: 6
- Source file: oplsaa2024.lt


Atom Type Data:
- Atom index: 213
- Force field raw info: C  - CT   | all-atom C: CH3, disulfides
- Partial charge: 0.0375
- Atomic mass: 12.011
- Element guess: C
- Atomic number: 6
- Source file: oplsaa2024.lt


Atom Type Data:
- Atom index: 214
- Force field raw info: C  - CT   | all-atom C: CH2, disulfides
- Partial charge: 0.0975
- Atomic mass: 12.011
- Element guess: C
- Atomic number: 6
- Source file: oplsaa2024.lt


Atom Type Data:
- Atom index: 215
- Force field raw info: C  - CT   | all-atom C: CH, disulfides
- Partial charge: 0.1575
- Atomic mass: 12.011
- Element guess: C
- Atomic number: 6
- Source file: oplsaa2024.lt


Atom Type Data:
- Atom index: 216
- Force field raw info: C  - CT   | all-atom C: C, disulfides
- Partial charge: 0.2175
- Atomic mass: 12.011
- Element guess: C
- Atomic number: 6
- Source file: oplsaa2024.lt


Atom Type Data:
- Atom index: 217
- Force field raw info: C  - CT   | all-atom C: CH3, methanethiol
- Partial charge: 0.0
- Atomic mass: 12.011
- Element guess: C
- Atomic number: 6
- Source file: oplsaa2024.lt


Atom Type Data:
- Atom index: 218
- Force field raw info: C  - CT   | C in CH2OH - benzyl alcohols
- Partial charge: 0.2
- Atomic mass: 12.011
- Element guess: C
- Atomic number: 6
- Source file: oplsaa2024.lt
","{
  ""atom_types"": [
    {
      ""atom_type"": 189,
      ""element"": ""C"",
      ""chemical_environment"": ""Acetal methylene carbon bonded to two ether oxygens (O-CH2-O)."",
      ""functional_group"": ""acetal (OCH2O, formal acetal)"",
      ""hybridization"": ""sp3"",
      ""example_molecule_smiles"": ""COCOC"",
      ""group_smarts"": ""[CX4H2](-[OX2])(-[OX2])"",
      ""atom_specific_smarts"": ""[CX4H2](-[OX2H0])(-[OX2H0])"",
      ""description"": ""Central CH2 carbon in dimethoxy methane-type acetals; two single-bonded ether O neighbors and two hydrogens."",
      ""uncertainty"": ""low""
    },
    {
      ""atom_type"": 191,
      ""element"": ""C"",
      ""chemical_environment"": ""Hemiacetal methylene carbon with one ether oxygen and one hydroxyl oxygen (O-CH2-OH)."",
      ""functional_group"": ""hemiacetal (OCH2OH)"",
      ""hybridization"": ""sp3"",
      ""example_molecule_smiles"": ""COCO"",
      ""group_smarts"": ""[CX4H2](-O)(-O)"",
      ""atom_specific_smarts"": ""[CX4H2](-[OX2H0])(-[OX2H])"",
      ""description"": ""Central CH2 carbon in a hemiacetal derived from formaldehyde; one O is an ether, the other is hydroxyl."",
      ""uncertainty"": ""low""
    },
    {
      ""atom_type"": 193,
      ""element"": ""C"",
      ""chemical_environment"": ""Secondary acetal center with one carbon substituent and two ether oxygens (O-CH(-R)-O)."",
      ""functional_group"": ""acetal (OCHRO)"",
      ""hybridization"": ""sp3"",
      ""example_molecule_smiles"": ""CC(OC)OC"",
      ""group_smarts"": ""[CX4H1](-O)(-O)"",
      ""atom_specific_smarts"": ""[CX4H1](-[OX2H0])(-[OX2H0])(-[C,c])"",
      ""description"": ""Acetal methine carbon bearing one hydrogen, one carbon (R) substituent, and two ether oxygens."",
      ""uncertainty"": ""low""
    },
    {
      ""atom_type"": 195,
      ""element"": ""C"",
      ""chemical_environment"": ""Secondary hemiacetal center with one carbon substituent, one ether oxygen, and one hydroxyl (O-CH(-R)-OH)."",
      ""functional_group"": ""hemiacetal (OCHROH)"",
      ""hybridization"": ""sp3"",
      ""example_molecule_smiles"": ""CC(O)OC"",
      ""group_smarts"": ""[CX4H1](-O)(-O)"",
      ""atom_specific_smarts"": ""[CX4H1](-[OX2H0])(-[OX2H])(-[C,c])"",
      ""description"": ""Hemiacetal methine carbon with one H, one carbon substituent, one ether O and one hydroxyl O."",
      ""uncertainty"": ""low""
    },
    {
      ""atom_type"": 197,
      ""element"": ""C"",
      ""chemical_environment"": ""Tertiary acetal center with two carbon substituents and two ether oxygens (O-C(R)(R)-O)."",
      ""functional_group"": ""acetal (OCRRO)"",
      ""hybridization"": ""sp3"",
      ""example_molecule_smiles"": ""CC(C)(OC)OC"",
      ""group_smarts"": ""[CX4H0](-O)(-O)"",
      ""atom_specific_smarts"": ""[CX4H0](-[OX2H0])(-[OX2H0])(-[C,c])(-[C,c])"",
      ""description"": ""Acetal quaternary carbon (no H) bound to two ether oxygens and two carbon substituents."",
      ""uncertainty"": ""low""
    },
    {
      ""atom_type"": 198,
      ""element"": ""C"",
      ""chemical_environment"": ""Tertiary hemiacetal center with two carbon substituents, one ether oxygen, and one hydroxyl (O-C(R)(R)-OH)."",
      ""functional_group"": ""hemiacetal (OCRROH)"",
      ""hybridization"": ""sp3"",
      ""example_molecule_smiles"": ""CC(C)(O)OC"",
      ""group_smarts"": ""[CX4H0](-O)(-O)"",
      ""atom_specific_smarts"": ""[CX4H0](-[OX2H0])(-[OX2H])(-[C,c])(-[C,c])"",
      ""description"": ""Hemiacetal quaternary carbon (no H) with one hydroxyl O, one ether O, and two carbon substituents."",
      ""uncertainty"": ""low""
    },
    {
      ""atom_type"": 199,
      ""element"": ""C"",
      ""chemical_environment"": ""Aromatic ipso carbon of anisole bound to methoxy oxygen."",
      ""functional_group"": ""aryl ether (anisole, C(OMe))"",
      ""hybridization"": ""sp2 (aromatic)"",
      ""example_molecule_smiles"": ""COc1ccccc1"",
      ""group_smarts"": ""[cX3](-[OX2H0]-[C])"",
      ""atom_specific_smarts"": ""[cX3](-[OX2H0]-[CH3])"",
      ""description"": ""Ipso phenyl carbon attached to an ether oxygen that bears a methyl group (methoxy substituent)."",
      ""uncertainty"": ""low""
    },
    {
      ""atom_type"": 206,
      ""element"": ""C"",
      ""chemical_environment"": ""Alpha carbon to thiol sulfur in primary thiols (R-CH2-SH)."",
      ""functional_group"": ""thiol alpha carbon (CH2)"",
      ""hybridization"": ""sp3"",
      ""example_molecule_smiles"": ""CCS"",
      ""group_smarts"": ""[CX4]-[SH1]"",
      ""atom_specific_smarts"": ""[CH2X4]-[SH1]"",
      ""description"": ""Methylene carbon directly bonded to sulfur bearing hydrogen (thiol S-H)."",
      ""uncertainty"": ""low""
    },
    {
      ""atom_type"": 207,
      ""element"": ""C"",
      ""chemical_environment"": ""Alpha carbon to thiol sulfur in secondary thiols (R2CH-SH)."",
      ""functional_group"": ""thiol alpha carbon (CH)"",
      ""hybridization"": ""sp3"",
      ""example_molecule_smiles"": ""CC(C)S"",
      ""group_smarts"": ""[CX4]-[SH1]"",
      ""atom_specific_smarts"": ""[CHX4]-[SH1]"",
      ""description"": ""Methine carbon directly bonded to thiol sulfur (S-H), bearing one hydrogen and two carbon substituents."",
      ""uncertainty"": ""low""
    },
    {
      ""atom_type"": 208,
      ""element"": ""C"",
      ""chemical_environment"": ""Alpha carbon to thiol sulfur in tertiary centers (R3C-SH)."",
      ""functional_group"": ""thiol alpha carbon (quaternary C)"",
      ""hybridization"": ""sp3"",
      ""example_molecule_smiles"": ""CC(C)(C)S"",
      ""group_smarts"": ""[CX4]-[SH1]"",
      ""atom_specific_smarts"": ""[CX4H0]-[SH1]"",
      ""description"": ""Quaternary carbon (no hydrogens) directly bonded to thiol sulfur (S-H)."",
      ""uncertainty"": ""low""
    },
    {
      ""atom_type"": 209,
      ""element"": ""C"",
      ""chemical_environment"": ""Alpha methyl carbon to thioether sulfur (sulfide, R-S-R')."",
      ""functional_group"": ""sulfide alpha carbon (CH3)"",
      ""hybridization"": ""sp3"",
      ""example_molecule_smiles"": ""CSC"",
      ""group_smarts"": ""[CX4]-[S;X2;H0;!$(*-S-*)]"",
      ""atom_specific_smarts"": ""[CH3X4]-[S;X2;H0;!$(*-S-*)]"",
      ""description"": ""Terminal methyl carbon directly bonded to a thioether sulfur (S with no H and not in disulfide)."",
      ""uncertainty"": ""low""
    },
    {
      ""atom_type"": 210,
      ""element"": ""C"",
      ""chemical_environment"": ""Alpha methylene carbon to thioether sulfur (sulfide)."",
      ""functional_group"": ""sulfide alpha carbon (CH2)"",
      ""hybridization"": ""sp3"",
      ""example_molecule_smiles"": ""CSCC"",
      ""group_smarts"": ""[CX4]-[S;X2;H0;!$(*-S-*)]"",
      ""atom_specific_smarts"": ""[CH2X4]-[S;X2;H0;!$(*-S-*)]"",
      ""description"": ""Methylene carbon directly bonded to a thioether sulfur (S with no H and not S–S)."",
      ""uncertainty"": ""low""
    },
    {
      ""atom_type"": 211,
      ""element"": ""C"",
      ""chemical_environment"": ""Alpha methine carbon to thioether sulfur (sulfide)."",
      ""functional_group"": ""sulfide alpha carbon (CH)"",
      ""hybridization"": ""sp3"",
      ""example_molecule_smiles"": ""CC(SC)C"",
      ""group_smarts"": ""[CX4]-[S;X2;H0;!$(*-S-*)]"",
      ""atom_specific_smarts"": ""[CHX4]-[S;X2;H0;!$(*-S-*)]"",
      ""description"": ""Methine carbon directly bonded to a thioether sulfur (S with no H and not in disulfide)."",
      ""uncertainty"": ""low""
    },
    {
      ""atom_type"": 212,
      ""element"": ""C"",
      ""chemical_environment"": ""Alpha quaternary carbon to thioether sulfur (sulfide)."",
      ""functional_group"": ""sulfide alpha carbon (quaternary C)"",
      ""hybridization"": ""sp3"",
      ""example_molecule_smiles"": ""CSC(C)(C)C"",
      ""group_smarts"": ""[CX4]-[S;X2;H0;!$(*-S-*)]"",
      ""atom_specific_smarts"": ""[CX4H0]-[S;X2;H0;!$(*-S-*)]"",
      ""description"": ""Quaternary carbon (no H) directly bonded to thioether sulfur (not part of S–S)."",
      ""uncertainty"": ""low""
    },
    {
      ""atom_type"": 213,
      ""element"": ""C"",
      ""chemical_environment"": ""Alpha methyl carbon to disulfide sulfur (R-S-S-R')."",
      ""functional_group"": ""disulfide alpha carbon (CH3)"",
      ""hybridization"": ""sp3"",
      ""example_molecule_smiles"": ""CSSC"",
      ""group_smarts"": ""[CX4]-[S;X2;H0]-[S;X2;H0]"",
      ""atom_specific_smarts"": ""[CH3X4]-[S;X2;H0]-[S;X2;H0]"",
      ""description"": ""Terminal methyl carbon directly bonded to sulfur that is itself bonded to another sulfur (disulfide)."",
      ""uncertainty"": ""low""
    },
    {
      ""atom_type"": 214,
      ""element"": ""C"",
      ""chemical_environment"": ""Alpha methylene carbon to disulfide sulfur."",
      ""functional_group"": ""disulfide alpha carbon (CH2)"",
      ""hybridization"": ""sp3"",
      ""example_molecule_smiles"": ""CSSCC"",
      ""group_smarts"": ""[CX4]-[S;X2;H0]-[S;X2;H0]"",
      ""atom_specific_smarts"": ""[CH2X4]-[S;X2;H0]-[S;X2;H0]"",
      ""description"": ""Methylene carbon directly bonded to sulfur that participates in an S–S bond."",
      ""uncertainty"": ""low""
    },
    {
      ""atom_type"": 215,
      ""element"": ""C"",
      ""chemical_environment"": ""Alpha methine carbon to disulfide sulfur."",
      ""functional_group"": ""disulfide alpha carbon (CH)"",
      ""hybridization"": ""sp3"",
      ""example_molecule_smiles"": ""CC(SSC)C"",
      ""group_smarts"": ""[CX4]-[S;X2;H0]-[S;X2;H0]"",
      ""atom_specific_smarts"": ""[CHX4]-[S;X2;H0]-[S;X2;H0]"",
      ""description"": ""Methine carbon directly bonded to sulfur that is bonded to another sulfur (S–S)."",
      ""uncertainty"": ""low""
    },
    {
      ""atom_type"": 216,
      ""element"": ""C"",
      ""chemical_environment"": ""Alpha quaternary carbon to disulfide sulfur."",
      ""functional_group"": ""disulfide alpha carbon (quaternary C)"",
      ""hybridization"": ""sp3"",
      ""example_molecule_smiles"": ""CC(C)(C)SSC"",
      ""group_smarts"": ""[CX4]-[S;X2;H0]-[S;X2;H0]"",
      ""atom_specific_smarts"": ""[CX4H0]-[S;X2;H0]-[S;X2;H0]"",
      ""description"": ""Quaternary carbon (no H) directly bonded to sulfur that forms a disulfide linkage."",
      ""uncertainty"": ""low""
    },
    {
      ""atom_type"": 217,
      ""element"": ""C"",
      ""chemical_environment"": ""Methyl carbon of methanethiol (CH3-SH), alpha to thiol sulfur."",
      ""functional_group"": ""thiol alpha carbon (CH3, methanethiol)"",
      ""hybridization"": ""sp3"",
      ""example_molecule_smiles"": ""CS"",
      ""group_smarts"": ""[CX4]-[SH1]"",
      ""atom_specific_smarts"": ""[CH3X4]-[SH1]"",
      ""description"": ""Terminal methyl carbon directly bonded to sulfur bearing hydrogen (specifically Me–SH)."",
      ""uncertainty"": ""low""
    },
    {
      ""atom_type"": 218,
      ""element"": ""C"",
      ""chemical_environment"": ""Benzylic methylene carbon in benzyl alcohols (Ar-CH2-OH)."",
      ""functional_group"": ""benzylic alcohol (CH2OH on aryl)"",
      ""hybridization"": ""sp3"",
      ""example_molecule_smiles"": ""c1ccccc1CO"",
      ""group_smarts"": ""[CH2X4](-[OX2H])(-[c])"",
      ""atom_specific_smarts"": ""[CH2X4](-[OX2H])(-[c])"",
      ""description"": ""Benzylic CH2 linking an aromatic carbon and a hydroxyl oxygen in benzyl alcohol (Ph–CH2–OH)."",
      ""uncertainty"": ""low""
    }
  ]
}"
197,0.26,C  - CO   | C(C2O2): acetal OCRRO,12.011,oplsaa2024.lt,C,6,"Convert the following OPLS-AA atom type rows:

Atom Type Data:
- Atom index: 189
- Force field raw info: C  - CO   | C(H2O2): acetal OCH2O
- Partial charge: 0.06
- Atomic mass: 12.011
- Element guess: C
- Atomic number: 6
- Source file: oplsaa2024.lt


Atom Type Data:
- Atom index: 191
- Force field raw info: C  - CO   | C(H2O2): hemiacetal OCH2OH
- Partial charge: 0.195
- Atomic mass: 12.011
- Element guess: C
- Atomic number: 6
- Source file: oplsaa2024.lt


Atom Type Data:
- Atom index: 193
- Force field raw info: C  - CO   | C(HCO2): acetal OCHRO
- Partial charge: 0.16
- Atomic mass: 12.011
- Element guess: C
- Atomic number: 6
- Source file: oplsaa2024.lt


Atom Type Data:
- Atom index: 195
- Force field raw info: C  - CO   | C(HCO2): hemiacetal OCHROH
- Partial charge: 0.295
- Atomic mass: 12.011
- Element guess: C
- Atomic number: 6
- Source file: oplsaa2024.lt


Atom Type Data:
- Atom index: 197
- Force field raw info: C  - CO   | C(C2O2): acetal OCRRO
- Partial charge: 0.26
- Atomic mass: 12.011
- Element guess: C
- Atomic number: 6
- Source file: oplsaa2024.lt


Atom Type Data:
- Atom index: 198
- Force field raw info: C  - CO   | C(C2O2): hemiacetal OCRROH
- Partial charge: 0.395
- Atomic mass: 12.011
- Element guess: C
- Atomic number: 6
- Source file: oplsaa2024.lt


Atom Type Data:
- Atom index: 199
- Force field raw info: C  - CA   | C(OMe) anisole OPLS/2020
- Partial charge: 0.085
- Atomic mass: 12.011
- Element guess: C
- Atomic number: 6
- Source file: oplsaa2024.lt


Atom Type Data:
- Atom index: 206
- Force field raw info: C  - CT   | all-atom C: CH2, thiols
- Partial charge: 0.06
- Atomic mass: 12.011
- Element guess: C
- Atomic number: 6
- Source file: oplsaa2024.lt


Atom Type Data:
- Atom index: 207
- Force field raw info: C  - CT   | all-atom C: CH, thiols
- Partial charge: 0.12
- Atomic mass: 12.011
- Element guess: C
- Atomic number: 6
- Source file: oplsaa2024.lt


Atom Type Data:
- Atom index: 208
- Force field raw info: C  - CT   | all-atom C: C, thiols
- Partial charge: 0.18
- Atomic mass: 12.011
- Element guess: C
- Atomic number: 6
- Source file: oplsaa2024.lt


Atom Type Data:
- Atom index: 209
- Force field raw info: C  - CT   | all-atom C: CH3, sulfides OPLS-AA/L
- Partial charge: -0.0125
- Atomic mass: 12.011
- Element guess: C
- Atomic number: 6
- Source file: oplsaa2024.lt


Atom Type Data:
- Atom index: 210
- Force field raw info: C  - CT   | all-atom C: CH2, sulfides OPLS-AA/L
- Partial charge: 0.0475
- Atomic mass: 12.011
- Element guess: C
- Atomic number: 6
- Source file: oplsaa2024.lt


Atom Type Data:
- Atom index: 211
- Force field raw info: C  - CT   | all-atom C: CH, sulfides OPLS-AA/L
- Partial charge: 0.1175
- Atomic mass: 12.011
- Element guess: C
- Atomic number: 6
- Source file: oplsaa2024.lt


Atom Type Data:
- Atom index: 212
- Force field raw info: C  - CT   | all-atom C: C, sulfides OPLS-AA/L
- Partial charge: 0.1675
- Atomic mass: 12.011
- Element guess: C
- Atomic number: 6
- Source file: oplsaa2024.lt


Atom Type Data:
- Atom index: 213
- Force field raw info: C  - CT   | all-atom C: CH3, disulfides
- Partial charge: 0.0375
- Atomic mass: 12.011
- Element guess: C
- Atomic number: 6
- Source file: oplsaa2024.lt


Atom Type Data:
- Atom index: 214
- Force field raw info: C  - CT   | all-atom C: CH2, disulfides
- Partial charge: 0.0975
- Atomic mass: 12.011
- Element guess: C
- Atomic number: 6
- Source file: oplsaa2024.lt


Atom Type Data:
- Atom index: 215
- Force field raw info: C  - CT   | all-atom C: CH, disulfides
- Partial charge: 0.1575
- Atomic mass: 12.011
- Element guess: C
- Atomic number: 6
- Source file: oplsaa2024.lt


Atom Type Data:
- Atom index: 216
- Force field raw info: C  - CT   | all-atom C: C, disulfides
- Partial charge: 0.2175
- Atomic mass: 12.011
- Element guess: C
- Atomic number: 6
- Source file: oplsaa2024.lt


Atom Type Data:
- Atom index: 217
- Force field raw info: C  - CT   | all-atom C: CH3, methanethiol
- Partial charge: 0.0
- Atomic mass: 12.011
- Element guess: C
- Atomic number: 6
- Source file: oplsaa2024.lt


Atom Type Data:
- Atom index: 218
- Force field raw info: C  - CT   | C in CH2OH - benzyl alcohols
- Partial charge: 0.2
- Atomic mass: 12.011
- Element guess: C
- Atomic number: 6
- Source file: oplsaa2024.lt
","{
  ""atom_types"": [
    {
      ""atom_type"": 189,
      ""element"": ""C"",
      ""chemical_environment"": ""Acetal methylene carbon bonded to two ether oxygens (O-CH2-O)."",
      ""functional_group"": ""acetal (OCH2O, formal acetal)"",
      ""hybridization"": ""sp3"",
      ""example_molecule_smiles"": ""COCOC"",
      ""group_smarts"": ""[CX4H2](-[OX2])(-[OX2])"",
      ""atom_specific_smarts"": ""[CX4H2](-[OX2H0])(-[OX2H0])"",
      ""description"": ""Central CH2 carbon in dimethoxy methane-type acetals; two single-bonded ether O neighbors and two hydrogens."",
      ""uncertainty"": ""low""
    },
    {
      ""atom_type"": 191,
      ""element"": ""C"",
      ""chemical_environment"": ""Hemiacetal methylene carbon with one ether oxygen and one hydroxyl oxygen (O-CH2-OH)."",
      ""functional_group"": ""hemiacetal (OCH2OH)"",
      ""hybridization"": ""sp3"",
      ""example_molecule_smiles"": ""COCO"",
      ""group_smarts"": ""[CX4H2](-O)(-O)"",
      ""atom_specific_smarts"": ""[CX4H2](-[OX2H0])(-[OX2H])"",
      ""description"": ""Central CH2 carbon in a hemiacetal derived from formaldehyde; one O is an ether, the other is hydroxyl."",
      ""uncertainty"": ""low""
    },
    {
      ""atom_type"": 193,
      ""element"": ""C"",
      ""chemical_environment"": ""Secondary acetal center with one carbon substituent and two ether oxygens (O-CH(-R)-O)."",
      ""functional_group"": ""acetal (OCHRO)"",
      ""hybridization"": ""sp3"",
      ""example_molecule_smiles"": ""CC(OC)OC"",
      ""group_smarts"": ""[CX4H1](-O)(-O)"",
      ""atom_specific_smarts"": ""[CX4H1](-[OX2H0])(-[OX2H0])(-[C,c])"",
      ""description"": ""Acetal methine carbon bearing one hydrogen, one carbon (R) substituent, and two ether oxygens."",
      ""uncertainty"": ""low""
    },
    {
      ""atom_type"": 195,
      ""element"": ""C"",
      ""chemical_environment"": ""Secondary hemiacetal center with one carbon substituent, one ether oxygen, and one hydroxyl (O-CH(-R)-OH)."",
      ""functional_group"": ""hemiacetal (OCHROH)"",
      ""hybridization"": ""sp3"",
      ""example_molecule_smiles"": ""CC(O)OC"",
      ""group_smarts"": ""[CX4H1](-O)(-O)"",
      ""atom_specific_smarts"": ""[CX4H1](-[OX2H0])(-[OX2H])(-[C,c])"",
      ""description"": ""Hemiacetal methine carbon with one H, one carbon substituent, one ether O and one hydroxyl O."",
      ""uncertainty"": ""low""
    },
    {
      ""atom_type"": 197,
      ""element"": ""C"",
      ""chemical_environment"": ""Tertiary acetal center with two carbon substituents and two ether oxygens (O-C(R)(R)-O)."",
      ""functional_group"": ""acetal (OCRRO)"",
      ""hybridization"": ""sp3"",
      ""example_molecule_smiles"": ""CC(C)(OC)OC"",
      ""group_smarts"": ""[CX4H0](-O)(-O)"",
      ""atom_specific_smarts"": ""[CX4H0](-[OX2H0])(-[OX2H0])(-[C,c])(-[C,c])"",
      ""description"": ""Acetal quaternary carbon (no H) bound to two ether oxygens and two carbon substituents."",
      ""uncertainty"": ""low""
    },
    {
      ""atom_type"": 198,
      ""element"": ""C"",
      ""chemical_environment"": ""Tertiary hemiacetal center with two carbon substituents, one ether oxygen, and one hydroxyl (O-C(R)(R)-OH)."",
      ""functional_group"": ""hemiacetal (OCRROH)"",
      ""hybridization"": ""sp3"",
      ""example_molecule_smiles"": ""CC(C)(O)OC"",
      ""group_smarts"": ""[CX4H0](-O)(-O)"",
      ""atom_specific_smarts"": ""[CX4H0](-[OX2H0])(-[OX2H])(-[C,c])(-[C,c])"",
      ""description"": ""Hemiacetal quaternary carbon (no H) with one hydroxyl O, one ether O, and two carbon substituents."",
      ""uncertainty"": ""low""
    },
    {
      ""atom_type"": 199,
      ""element"": ""C"",
      ""chemical_environment"": ""Aromatic ipso carbon of anisole bound to methoxy oxygen."",
      ""functional_group"": ""aryl ether (anisole, C(OMe))"",
      ""hybridization"": ""sp2 (aromatic)"",
      ""example_molecule_smiles"": ""COc1ccccc1"",
      ""group_smarts"": ""[cX3](-[OX2H0]-[C])"",
      ""atom_specific_smarts"": ""[cX3](-[OX2H0]-[CH3])"",
      ""description"": ""Ipso phenyl carbon attached to an ether oxygen that bears a methyl group (methoxy substituent)."",
      ""uncertainty"": ""low""
    },
    {
      ""atom_type"": 206,
      ""element"": ""C"",
      ""chemical_environment"": ""Alpha carbon to thiol sulfur in primary thiols (R-CH2-SH)."",
      ""functional_group"": ""thiol alpha carbon (CH2)"",
      ""hybridization"": ""sp3"",
      ""example_molecule_smiles"": ""CCS"",
      ""group_smarts"": ""[CX4]-[SH1]"",
      ""atom_specific_smarts"": ""[CH2X4]-[SH1]"",
      ""description"": ""Methylene carbon directly bonded to sulfur bearing hydrogen (thiol S-H)."",
      ""uncertainty"": ""low""
    },
    {
      ""atom_type"": 207,
      ""element"": ""C"",
      ""chemical_environment"": ""Alpha carbon to thiol sulfur in secondary thiols (R2CH-SH)."",
      ""functional_group"": ""thiol alpha carbon (CH)"",
      ""hybridization"": ""sp3"",
      ""example_molecule_smiles"": ""CC(C)S"",
      ""group_smarts"": ""[CX4]-[SH1]"",
      ""atom_specific_smarts"": ""[CHX4]-[SH1]"",
      ""description"": ""Methine carbon directly bonded to thiol sulfur (S-H), bearing one hydrogen and two carbon substituents."",
      ""uncertainty"": ""low""
    },
    {
      ""atom_type"": 208,
      ""element"": ""C"",
      ""chemical_environment"": ""Alpha carbon to thiol sulfur in tertiary centers (R3C-SH)."",
      ""functional_group"": ""thiol alpha carbon (quaternary C)"",
      ""hybridization"": ""sp3"",
      ""example_molecule_smiles"": ""CC(C)(C)S"",
      ""group_smarts"": ""[CX4]-[SH1]"",
      ""atom_specific_smarts"": ""[CX4H0]-[SH1]"",
      ""description"": ""Quaternary carbon (no hydrogens) directly bonded to thiol sulfur (S-H)."",
      ""uncertainty"": ""low""
    },
    {
      ""atom_type"": 209,
      ""element"": ""C"",
      ""chemical_environment"": ""Alpha methyl carbon to thioether sulfur (sulfide, R-S-R')."",
      ""functional_group"": ""sulfide alpha carbon (CH3)"",
      ""hybridization"": ""sp3"",
      ""example_molecule_smiles"": ""CSC"",
      ""group_smarts"": ""[CX4]-[S;X2;H0;!$(*-S-*)]"",
      ""atom_specific_smarts"": ""[CH3X4]-[S;X2;H0;!$(*-S-*)]"",
      ""description"": ""Terminal methyl carbon directly bonded to a thioether sulfur (S with no H and not in disulfide)."",
      ""uncertainty"": ""low""
    },
    {
      ""atom_type"": 210,
      ""element"": ""C"",
      ""chemical_environment"": ""Alpha methylene carbon to thioether sulfur (sulfide)."",
      ""functional_group"": ""sulfide alpha carbon (CH2)"",
      ""hybridization"": ""sp3"",
      ""example_molecule_smiles"": ""CSCC"",
      ""group_smarts"": ""[CX4]-[S;X2;H0;!$(*-S-*)]"",
      ""atom_specific_smarts"": ""[CH2X4]-[S;X2;H0;!$(*-S-*)]"",
      ""description"": ""Methylene carbon directly bonded to a thioether sulfur (S with no H and not S–S)."",
      ""uncertainty"": ""low""
    },
    {
      ""atom_type"": 211,
      ""element"": ""C"",
      ""chemical_environment"": ""Alpha methine carbon to thioether sulfur (sulfide)."",
      ""functional_group"": ""sulfide alpha carbon (CH)"",
      ""hybridization"": ""sp3"",
      ""example_molecule_smiles"": ""CC(SC)C"",
      ""group_smarts"": ""[CX4]-[S;X2;H0;!$(*-S-*)]"",
      ""atom_specific_smarts"": ""[CHX4]-[S;X2;H0;!$(*-S-*)]"",
      ""description"": ""Methine carbon directly bonded to a thioether sulfur (S with no H and not in disulfide)."",
      ""uncertainty"": ""low""
    },
    {
      ""atom_type"": 212,
      ""element"": ""C"",
      ""chemical_environment"": ""Alpha quaternary carbon to thioether sulfur (sulfide)."",
      ""functional_group"": ""sulfide alpha carbon (quaternary C)"",
      ""hybridization"": ""sp3"",
      ""example_molecule_smiles"": ""CSC(C)(C)C"",
      ""group_smarts"": ""[CX4]-[S;X2;H0;!$(*-S-*)]"",
      ""atom_specific_smarts"": ""[CX4H0]-[S;X2;H0;!$(*-S-*)]"",
      ""description"": ""Quaternary carbon (no H) directly bonded to thioether sulfur (not part of S–S)."",
      ""uncertainty"": ""low""
    },
    {
      ""atom_type"": 213,
      ""element"": ""C"",
      ""chemical_environment"": ""Alpha methyl carbon to disulfide sulfur (R-S-S-R')."",
      ""functional_group"": ""disulfide alpha carbon (CH3)"",
      ""hybridization"": ""sp3"",
      ""example_molecule_smiles"": ""CSSC"",
      ""group_smarts"": ""[CX4]-[S;X2;H0]-[S;X2;H0]"",
      ""atom_specific_smarts"": ""[CH3X4]-[S;X2;H0]-[S;X2;H0]"",
      ""description"": ""Terminal methyl carbon directly bonded to sulfur that is itself bonded to another sulfur (disulfide)."",
      ""uncertainty"": ""low""
    },
    {
      ""atom_type"": 214,
      ""element"": ""C"",
      ""chemical_environment"": ""Alpha methylene carbon to disulfide sulfur."",
      ""functional_group"": ""disulfide alpha carbon (CH2)"",
      ""hybridization"": ""sp3"",
      ""example_molecule_smiles"": ""CSSCC"",
      ""group_smarts"": ""[CX4]-[S;X2;H0]-[S;X2;H0]"",
      ""atom_specific_smarts"": ""[CH2X4]-[S;X2;H0]-[S;X2;H0]"",
      ""description"": ""Methylene carbon directly bonded to sulfur that participates in an S–S bond."",
      ""uncertainty"": ""low""
    },
    {
      ""atom_type"": 215,
      ""element"": ""C"",
      ""chemical_environment"": ""Alpha methine carbon to disulfide sulfur."",
      ""functional_group"": ""disulfide alpha carbon (CH)"",
      ""hybridization"": ""sp3"",
      ""example_molecule_smiles"": ""CC(SSC)C"",
      ""group_smarts"": ""[CX4]-[S;X2;H0]-[S;X2;H0]"",
      ""atom_specific_smarts"": ""[CHX4]-[S;X2;H0]-[S;X2;H0]"",
      ""description"": ""Methine carbon directly bonded to sulfur that is bonded to another sulfur (S–S)."",
      ""uncertainty"": ""low""
    },
    {
      ""atom_type"": 216,
      ""element"": ""C"",
      ""chemical_environment"": ""Alpha quaternary carbon to disulfide sulfur."",
      ""functional_group"": ""disulfide alpha carbon (quaternary C)"",
      ""hybridization"": ""sp3"",
      ""example_molecule_smiles"": ""CC(C)(C)SSC"",
      ""group_smarts"": ""[CX4]-[S;X2;H0]-[S;X2;H0]"",
      ""atom_specific_smarts"": ""[CX4H0]-[S;X2;H0]-[S;X2;H0]"",
      ""description"": ""Quaternary carbon (no H) directly bonded to sulfur that forms a disulfide linkage."",
      ""uncertainty"": ""low""
    },
    {
      ""atom_type"": 217,
      ""element"": ""C"",
      ""chemical_environment"": ""Methyl carbon of methanethiol (CH3-SH), alpha to thiol sulfur."",
      ""functional_group"": ""thiol alpha carbon (CH3, methanethiol)"",
      ""hybridization"": ""sp3"",
      ""example_molecule_smiles"": ""CS"",
      ""group_smarts"": ""[CX4]-[SH1]"",
      ""atom_specific_smarts"": ""[CH3X4]-[SH1]"",
      ""description"": ""Terminal methyl carbon directly bonded to sulfur bearing hydrogen (specifically Me–SH)."",
      ""uncertainty"": ""low""
    },
    {
      ""atom_type"": 218,
      ""element"": ""C"",
      ""chemical_environment"": ""Benzylic methylene carbon in benzyl alcohols (Ar-CH2-OH)."",
      ""functional_group"": ""benzylic alcohol (CH2OH on aryl)"",
      ""hybridization"": ""sp3"",
      ""example_molecule_smiles"": ""c1ccccc1CO"",
      ""group_smarts"": ""[CH2X4](-[OX2H])(-[c])"",
      ""atom_specific_smarts"": ""[CH2X4](-[OX2H])(-[c])"",
      ""description"": ""Benzylic CH2 linking an aromatic carbon and a hydroxyl oxygen in benzyl alcohol (Ph–CH2–OH)."",
      ""uncertainty"": ""low""
    }
  ]
}"
198,0.395,C  - CO   | C(C2O2): hemiacetal OCRROH,12.011,oplsaa2024.lt,C,6,"Convert the following OPLS-AA atom type rows:

Atom Type Data:
- Atom index: 189
- Force field raw info: C  - CO   | C(H2O2): acetal OCH2O
- Partial charge: 0.06
- Atomic mass: 12.011
- Element guess: C
- Atomic number: 6
- Source file: oplsaa2024.lt


Atom Type Data:
- Atom index: 191
- Force field raw info: C  - CO   | C(H2O2): hemiacetal OCH2OH
- Partial charge: 0.195
- Atomic mass: 12.011
- Element guess: C
- Atomic number: 6
- Source file: oplsaa2024.lt


Atom Type Data:
- Atom index: 193
- Force field raw info: C  - CO   | C(HCO2): acetal OCHRO
- Partial charge: 0.16
- Atomic mass: 12.011
- Element guess: C
- Atomic number: 6
- Source file: oplsaa2024.lt


Atom Type Data:
- Atom index: 195
- Force field raw info: C  - CO   | C(HCO2): hemiacetal OCHROH
- Partial charge: 0.295
- Atomic mass: 12.011
- Element guess: C
- Atomic number: 6
- Source file: oplsaa2024.lt


Atom Type Data:
- Atom index: 197
- Force field raw info: C  - CO   | C(C2O2): acetal OCRRO
- Partial charge: 0.26
- Atomic mass: 12.011
- Element guess: C
- Atomic number: 6
- Source file: oplsaa2024.lt


Atom Type Data:
- Atom index: 198
- Force field raw info: C  - CO   | C(C2O2): hemiacetal OCRROH
- Partial charge: 0.395
- Atomic mass: 12.011
- Element guess: C
- Atomic number: 6
- Source file: oplsaa2024.lt


Atom Type Data:
- Atom index: 199
- Force field raw info: C  - CA   | C(OMe) anisole OPLS/2020
- Partial charge: 0.085
- Atomic mass: 12.011
- Element guess: C
- Atomic number: 6
- Source file: oplsaa2024.lt


Atom Type Data:
- Atom index: 206
- Force field raw info: C  - CT   | all-atom C: CH2, thiols
- Partial charge: 0.06
- Atomic mass: 12.011
- Element guess: C
- Atomic number: 6
- Source file: oplsaa2024.lt


Atom Type Data:
- Atom index: 207
- Force field raw info: C  - CT   | all-atom C: CH, thiols
- Partial charge: 0.12
- Atomic mass: 12.011
- Element guess: C
- Atomic number: 6
- Source file: oplsaa2024.lt


Atom Type Data:
- Atom index: 208
- Force field raw info: C  - CT   | all-atom C: C, thiols
- Partial charge: 0.18
- Atomic mass: 12.011
- Element guess: C
- Atomic number: 6
- Source file: oplsaa2024.lt


Atom Type Data:
- Atom index: 209
- Force field raw info: C  - CT   | all-atom C: CH3, sulfides OPLS-AA/L
- Partial charge: -0.0125
- Atomic mass: 12.011
- Element guess: C
- Atomic number: 6
- Source file: oplsaa2024.lt


Atom Type Data:
- Atom index: 210
- Force field raw info: C  - CT   | all-atom C: CH2, sulfides OPLS-AA/L
- Partial charge: 0.0475
- Atomic mass: 12.011
- Element guess: C
- Atomic number: 6
- Source file: oplsaa2024.lt


Atom Type Data:
- Atom index: 211
- Force field raw info: C  - CT   | all-atom C: CH, sulfides OPLS-AA/L
- Partial charge: 0.1175
- Atomic mass: 12.011
- Element guess: C
- Atomic number: 6
- Source file: oplsaa2024.lt


Atom Type Data:
- Atom index: 212
- Force field raw info: C  - CT   | all-atom C: C, sulfides OPLS-AA/L
- Partial charge: 0.1675
- Atomic mass: 12.011
- Element guess: C
- Atomic number: 6
- Source file: oplsaa2024.lt


Atom Type Data:
- Atom index: 213
- Force field raw info: C  - CT   | all-atom C: CH3, disulfides
- Partial charge: 0.0375
- Atomic mass: 12.011
- Element guess: C
- Atomic number: 6
- Source file: oplsaa2024.lt


Atom Type Data:
- Atom index: 214
- Force field raw info: C  - CT   | all-atom C: CH2, disulfides
- Partial charge: 0.0975
- Atomic mass: 12.011
- Element guess: C
- Atomic number: 6
- Source file: oplsaa2024.lt


Atom Type Data:
- Atom index: 215
- Force field raw info: C  - CT   | all-atom C: CH, disulfides
- Partial charge: 0.1575
- Atomic mass: 12.011
- Element guess: C
- Atomic number: 6
- Source file: oplsaa2024.lt


Atom Type Data:
- Atom index: 216
- Force field raw info: C  - CT   | all-atom C: C, disulfides
- Partial charge: 0.2175
- Atomic mass: 12.011
- Element guess: C
- Atomic number: 6
- Source file: oplsaa2024.lt


Atom Type Data:
- Atom index: 217
- Force field raw info: C  - CT   | all-atom C: CH3, methanethiol
- Partial charge: 0.0
- Atomic mass: 12.011
- Element guess: C
- Atomic number: 6
- Source file: oplsaa2024.lt


Atom Type Data:
- Atom index: 218
- Force field raw info: C  - CT   | C in CH2OH - benzyl alcohols
- Partial charge: 0.2
- Atomic mass: 12.011
- Element guess: C
- Atomic number: 6
- Source file: oplsaa2024.lt
","{
  ""atom_types"": [
    {
      ""atom_type"": 189,
      ""element"": ""C"",
      ""chemical_environment"": ""Acetal methylene carbon bonded to two ether oxygens (O-CH2-O)."",
      ""functional_group"": ""acetal (OCH2O, formal acetal)"",
      ""hybridization"": ""sp3"",
      ""example_molecule_smiles"": ""COCOC"",
      ""group_smarts"": ""[CX4H2](-[OX2])(-[OX2])"",
      ""atom_specific_smarts"": ""[CX4H2](-[OX2H0])(-[OX2H0])"",
      ""description"": ""Central CH2 carbon in dimethoxy methane-type acetals; two single-bonded ether O neighbors and two hydrogens."",
      ""uncertainty"": ""low""
    },
    {
      ""atom_type"": 191,
      ""element"": ""C"",
      ""chemical_environment"": ""Hemiacetal methylene carbon with one ether oxygen and one hydroxyl oxygen (O-CH2-OH)."",
      ""functional_group"": ""hemiacetal (OCH2OH)"",
      ""hybridization"": ""sp3"",
      ""example_molecule_smiles"": ""COCO"",
      ""group_smarts"": ""[CX4H2](-O)(-O)"",
      ""atom_specific_smarts"": ""[CX4H2](-[OX2H0])(-[OX2H])"",
      ""description"": ""Central CH2 carbon in a hemiacetal derived from formaldehyde; one O is an ether, the other is hydroxyl."",
      ""uncertainty"": ""low""
    },
    {
      ""atom_type"": 193,
      ""element"": ""C"",
      ""chemical_environment"": ""Secondary acetal center with one carbon substituent and two ether oxygens (O-CH(-R)-O)."",
      ""functional_group"": ""acetal (OCHRO)"",
      ""hybridization"": ""sp3"",
      ""example_molecule_smiles"": ""CC(OC)OC"",
      ""group_smarts"": ""[CX4H1](-O)(-O)"",
      ""atom_specific_smarts"": ""[CX4H1](-[OX2H0])(-[OX2H0])(-[C,c])"",
      ""description"": ""Acetal methine carbon bearing one hydrogen, one carbon (R) substituent, and two ether oxygens."",
      ""uncertainty"": ""low""
    },
    {
      ""atom_type"": 195,
      ""element"": ""C"",
      ""chemical_environment"": ""Secondary hemiacetal center with one carbon substituent, one ether oxygen, and one hydroxyl (O-CH(-R)-OH)."",
      ""functional_group"": ""hemiacetal (OCHROH)"",
      ""hybridization"": ""sp3"",
      ""example_molecule_smiles"": ""CC(O)OC"",
      ""group_smarts"": ""[CX4H1](-O)(-O)"",
      ""atom_specific_smarts"": ""[CX4H1](-[OX2H0])(-[OX2H])(-[C,c])"",
      ""description"": ""Hemiacetal methine carbon with one H, one carbon substituent, one ether O and one hydroxyl O."",
      ""uncertainty"": ""low""
    },
    {
      ""atom_type"": 197,
      ""element"": ""C"",
      ""chemical_environment"": ""Tertiary acetal center with two carbon substituents and two ether oxygens (O-C(R)(R)-O)."",
      ""functional_group"": ""acetal (OCRRO)"",
      ""hybridization"": ""sp3"",
      ""example_molecule_smiles"": ""CC(C)(OC)OC"",
      ""group_smarts"": ""[CX4H0](-O)(-O)"",
      ""atom_specific_smarts"": ""[CX4H0](-[OX2H0])(-[OX2H0])(-[C,c])(-[C,c])"",
      ""description"": ""Acetal quaternary carbon (no H) bound to two ether oxygens and two carbon substituents."",
      ""uncertainty"": ""low""
    },
    {
      ""atom_type"": 198,
      ""element"": ""C"",
      ""chemical_environment"": ""Tertiary hemiacetal center with two carbon substituents, one ether oxygen, and one hydroxyl (O-C(R)(R)-OH)."",
      ""functional_group"": ""hemiacetal (OCRROH)"",
      ""hybridization"": ""sp3"",
      ""example_molecule_smiles"": ""CC(C)(O)OC"",
      ""group_smarts"": ""[CX4H0](-O)(-O)"",
      ""atom_specific_smarts"": ""[CX4H0](-[OX2H0])(-[OX2H])(-[C,c])(-[C,c])"",
      ""description"": ""Hemiacetal quaternary carbon (no H) with one hydroxyl O, one ether O, and two carbon substituents."",
      ""uncertainty"": ""low""
    },
    {
      ""atom_type"": 199,
      ""element"": ""C"",
      ""chemical_environment"": ""Aromatic ipso carbon of anisole bound to methoxy oxygen."",
      ""functional_group"": ""aryl ether (anisole, C(OMe))"",
      ""hybridization"": ""sp2 (aromatic)"",
      ""example_molecule_smiles"": ""COc1ccccc1"",
      ""group_smarts"": ""[cX3](-[OX2H0]-[C])"",
      ""atom_specific_smarts"": ""[cX3](-[OX2H0]-[CH3])"",
      ""description"": ""Ipso phenyl carbon attached to an ether oxygen that bears a methyl group (methoxy substituent)."",
      ""uncertainty"": ""low""
    },
    {
      ""atom_type"": 206,
      ""element"": ""C"",
      ""chemical_environment"": ""Alpha carbon to thiol sulfur in primary thiols (R-CH2-SH)."",
      ""functional_group"": ""thiol alpha carbon (CH2)"",
      ""hybridization"": ""sp3"",
      ""example_molecule_smiles"": ""CCS"",
      ""group_smarts"": ""[CX4]-[SH1]"",
      ""atom_specific_smarts"": ""[CH2X4]-[SH1]"",
      ""description"": ""Methylene carbon directly bonded to sulfur bearing hydrogen (thiol S-H)."",
      ""uncertainty"": ""low""
    },
    {
      ""atom_type"": 207,
      ""element"": ""C"",
      ""chemical_environment"": ""Alpha carbon to thiol sulfur in secondary thiols (R2CH-SH)."",
      ""functional_group"": ""thiol alpha carbon (CH)"",
      ""hybridization"": ""sp3"",
      ""example_molecule_smiles"": ""CC(C)S"",
      ""group_smarts"": ""[CX4]-[SH1]"",
      ""atom_specific_smarts"": ""[CHX4]-[SH1]"",
      ""description"": ""Methine carbon directly bonded to thiol sulfur (S-H), bearing one hydrogen and two carbon substituents."",
      ""uncertainty"": ""low""
    },
    {
      ""atom_type"": 208,
      ""element"": ""C"",
      ""chemical_environment"": ""Alpha carbon to thiol sulfur in tertiary centers (R3C-SH)."",
      ""functional_group"": ""thiol alpha carbon (quaternary C)"",
      ""hybridization"": ""sp3"",
      ""example_molecule_smiles"": ""CC(C)(C)S"",
      ""group_smarts"": ""[CX4]-[SH1]"",
      ""atom_specific_smarts"": ""[CX4H0]-[SH1]"",
      ""description"": ""Quaternary carbon (no hydrogens) directly bonded to thiol sulfur (S-H)."",
      ""uncertainty"": ""low""
    },
    {
      ""atom_type"": 209,
      ""element"": ""C"",
      ""chemical_environment"": ""Alpha methyl carbon to thioether sulfur (sulfide, R-S-R')."",
      ""functional_group"": ""sulfide alpha carbon (CH3)"",
      ""hybridization"": ""sp3"",
      ""example_molecule_smiles"": ""CSC"",
      ""group_smarts"": ""[CX4]-[S;X2;H0;!$(*-S-*)]"",
      ""atom_specific_smarts"": ""[CH3X4]-[S;X2;H0;!$(*-S-*)]"",
      ""description"": ""Terminal methyl carbon directly bonded to a thioether sulfur (S with no H and not in disulfide)."",
      ""uncertainty"": ""low""
    },
    {
      ""atom_type"": 210,
      ""element"": ""C"",
      ""chemical_environment"": ""Alpha methylene carbon to thioether sulfur (sulfide)."",
      ""functional_group"": ""sulfide alpha carbon (CH2)"",
      ""hybridization"": ""sp3"",
      ""example_molecule_smiles"": ""CSCC"",
      ""group_smarts"": ""[CX4]-[S;X2;H0;!$(*-S-*)]"",
      ""atom_specific_smarts"": ""[CH2X4]-[S;X2;H0;!$(*-S-*)]"",
      ""description"": ""Methylene carbon directly bonded to a thioether sulfur (S with no H and not S–S)."",
      ""uncertainty"": ""low""
    },
    {
      ""atom_type"": 211,
      ""element"": ""C"",
      ""chemical_environment"": ""Alpha methine carbon to thioether sulfur (sulfide)."",
      ""functional_group"": ""sulfide alpha carbon (CH)"",
      ""hybridization"": ""sp3"",
      ""example_molecule_smiles"": ""CC(SC)C"",
      ""group_smarts"": ""[CX4]-[S;X2;H0;!$(*-S-*)]"",
      ""atom_specific_smarts"": ""[CHX4]-[S;X2;H0;!$(*-S-*)]"",
      ""description"": ""Methine carbon directly bonded to a thioether sulfur (S with no H and not in disulfide)."",
      ""uncertainty"": ""low""
    },
    {
      ""atom_type"": 212,
      ""element"": ""C"",
      ""chemical_environment"": ""Alpha quaternary carbon to thioether sulfur (sulfide)."",
      ""functional_group"": ""sulfide alpha carbon (quaternary C)"",
      ""hybridization"": ""sp3"",
      ""example_molecule_smiles"": ""CSC(C)(C)C"",
      ""group_smarts"": ""[CX4]-[S;X2;H0;!$(*-S-*)]"",
      ""atom_specific_smarts"": ""[CX4H0]-[S;X2;H0;!$(*-S-*)]"",
      ""description"": ""Quaternary carbon (no H) directly bonded to thioether sulfur (not part of S–S)."",
      ""uncertainty"": ""low""
    },
    {
      ""atom_type"": 213,
      ""element"": ""C"",
      ""chemical_environment"": ""Alpha methyl carbon to disulfide sulfur (R-S-S-R')."",
      ""functional_group"": ""disulfide alpha carbon (CH3)"",
      ""hybridization"": ""sp3"",
      ""example_molecule_smiles"": ""CSSC"",
      ""group_smarts"": ""[CX4]-[S;X2;H0]-[S;X2;H0]"",
      ""atom_specific_smarts"": ""[CH3X4]-[S;X2;H0]-[S;X2;H0]"",
      ""description"": ""Terminal methyl carbon directly bonded to sulfur that is itself bonded to another sulfur (disulfide)."",
      ""uncertainty"": ""low""
    },
    {
      ""atom_type"": 214,
      ""element"": ""C"",
      ""chemical_environment"": ""Alpha methylene carbon to disulfide sulfur."",
      ""functional_group"": ""disulfide alpha carbon (CH2)"",
      ""hybridization"": ""sp3"",
      ""example_molecule_smiles"": ""CSSCC"",
      ""group_smarts"": ""[CX4]-[S;X2;H0]-[S;X2;H0]"",
      ""atom_specific_smarts"": ""[CH2X4]-[S;X2;H0]-[S;X2;H0]"",
      ""description"": ""Methylene carbon directly bonded to sulfur that participates in an S–S bond."",
      ""uncertainty"": ""low""
    },
    {
      ""atom_type"": 215,
      ""element"": ""C"",
      ""chemical_environment"": ""Alpha methine carbon to disulfide sulfur."",
      ""functional_group"": ""disulfide alpha carbon (CH)"",
      ""hybridization"": ""sp3"",
      ""example_molecule_smiles"": ""CC(SSC)C"",
      ""group_smarts"": ""[CX4]-[S;X2;H0]-[S;X2;H0]"",
      ""atom_specific_smarts"": ""[CHX4]-[S;X2;H0]-[S;X2;H0]"",
      ""description"": ""Methine carbon directly bonded to sulfur that is bonded to another sulfur (S–S)."",
      ""uncertainty"": ""low""
    },
    {
      ""atom_type"": 216,
      ""element"": ""C"",
      ""chemical_environment"": ""Alpha quaternary carbon to disulfide sulfur."",
      ""functional_group"": ""disulfide alpha carbon (quaternary C)"",
      ""hybridization"": ""sp3"",
      ""example_molecule_smiles"": ""CC(C)(C)SSC"",
      ""group_smarts"": ""[CX4]-[S;X2;H0]-[S;X2;H0]"",
      ""atom_specific_smarts"": ""[CX4H0]-[S;X2;H0]-[S;X2;H0]"",
      ""description"": ""Quaternary carbon (no H) directly bonded to sulfur that forms a disulfide linkage."",
      ""uncertainty"": ""low""
    },
    {
      ""atom_type"": 217,
      ""element"": ""C"",
      ""chemical_environment"": ""Methyl carbon of methanethiol (CH3-SH), alpha to thiol sulfur."",
      ""functional_group"": ""thiol alpha carbon (CH3, methanethiol)"",
      ""hybridization"": ""sp3"",
      ""example_molecule_smiles"": ""CS"",
      ""group_smarts"": ""[CX4]-[SH1]"",
      ""atom_specific_smarts"": ""[CH3X4]-[SH1]"",
      ""description"": ""Terminal methyl carbon directly bonded to sulfur bearing hydrogen (specifically Me–SH)."",
      ""uncertainty"": ""low""
    },
    {
      ""atom_type"": 218,
      ""element"": ""C"",
      ""chemical_environment"": ""Benzylic methylene carbon in benzyl alcohols (Ar-CH2-OH)."",
      ""functional_group"": ""benzylic alcohol (CH2OH on aryl)"",
      ""hybridization"": ""sp3"",
      ""example_molecule_smiles"": ""c1ccccc1CO"",
      ""group_smarts"": ""[CH2X4](-[OX2H])(-[c])"",
      ""atom_specific_smarts"": ""[CH2X4](-[OX2H])(-[c])"",
      ""description"": ""Benzylic CH2 linking an aromatic carbon and a hydroxyl oxygen in benzyl alcohol (Ph–CH2–OH)."",
      ""uncertainty"": ""low""
    }
  ]
}"
199,0.085,C  - CA   | C(OMe) anisole OPLS/2020,12.011,oplsaa2024.lt,C,6,"Convert the following OPLS-AA atom type rows:

Atom Type Data:
- Atom index: 189
- Force field raw info: C  - CO   | C(H2O2): acetal OCH2O
- Partial charge: 0.06
- Atomic mass: 12.011
- Element guess: C
- Atomic number: 6
- Source file: oplsaa2024.lt


Atom Type Data:
- Atom index: 191
- Force field raw info: C  - CO   | C(H2O2): hemiacetal OCH2OH
- Partial charge: 0.195
- Atomic mass: 12.011
- Element guess: C
- Atomic number: 6
- Source file: oplsaa2024.lt


Atom Type Data:
- Atom index: 193
- Force field raw info: C  - CO   | C(HCO2): acetal OCHRO
- Partial charge: 0.16
- Atomic mass: 12.011
- Element guess: C
- Atomic number: 6
- Source file: oplsaa2024.lt


Atom Type Data:
- Atom index: 195
- Force field raw info: C  - CO   | C(HCO2): hemiacetal OCHROH
- Partial charge: 0.295
- Atomic mass: 12.011
- Element guess: C
- Atomic number: 6
- Source file: oplsaa2024.lt


Atom Type Data:
- Atom index: 197
- Force field raw info: C  - CO   | C(C2O2): acetal OCRRO
- Partial charge: 0.26
- Atomic mass: 12.011
- Element guess: C
- Atomic number: 6
- Source file: oplsaa2024.lt


Atom Type Data:
- Atom index: 198
- Force field raw info: C  - CO   | C(C2O2): hemiacetal OCRROH
- Partial charge: 0.395
- Atomic mass: 12.011
- Element guess: C
- Atomic number: 6
- Source file: oplsaa2024.lt


Atom Type Data:
- Atom index: 199
- Force field raw info: C  - CA   | C(OMe) anisole OPLS/2020
- Partial charge: 0.085
- Atomic mass: 12.011
- Element guess: C
- Atomic number: 6
- Source file: oplsaa2024.lt


Atom Type Data:
- Atom index: 206
- Force field raw info: C  - CT   | all-atom C: CH2, thiols
- Partial charge: 0.06
- Atomic mass: 12.011
- Element guess: C
- Atomic number: 6
- Source file: oplsaa2024.lt


Atom Type Data:
- Atom index: 207
- Force field raw info: C  - CT   | all-atom C: CH, thiols
- Partial charge: 0.12
- Atomic mass: 12.011
- Element guess: C
- Atomic number: 6
- Source file: oplsaa2024.lt


Atom Type Data:
- Atom index: 208
- Force field raw info: C  - CT   | all-atom C: C, thiols
- Partial charge: 0.18
- Atomic mass: 12.011
- Element guess: C
- Atomic number: 6
- Source file: oplsaa2024.lt


Atom Type Data:
- Atom index: 209
- Force field raw info: C  - CT   | all-atom C: CH3, sulfides OPLS-AA/L
- Partial charge: -0.0125
- Atomic mass: 12.011
- Element guess: C
- Atomic number: 6
- Source file: oplsaa2024.lt


Atom Type Data:
- Atom index: 210
- Force field raw info: C  - CT   | all-atom C: CH2, sulfides OPLS-AA/L
- Partial charge: 0.0475
- Atomic mass: 12.011
- Element guess: C
- Atomic number: 6
- Source file: oplsaa2024.lt


Atom Type Data:
- Atom index: 211
- Force field raw info: C  - CT   | all-atom C: CH, sulfides OPLS-AA/L
- Partial charge: 0.1175
- Atomic mass: 12.011
- Element guess: C
- Atomic number: 6
- Source file: oplsaa2024.lt


Atom Type Data:
- Atom index: 212
- Force field raw info: C  - CT   | all-atom C: C, sulfides OPLS-AA/L
- Partial charge: 0.1675
- Atomic mass: 12.011
- Element guess: C
- Atomic number: 6
- Source file: oplsaa2024.lt


Atom Type Data:
- Atom index: 213
- Force field raw info: C  - CT   | all-atom C: CH3, disulfides
- Partial charge: 0.0375
- Atomic mass: 12.011
- Element guess: C
- Atomic number: 6
- Source file: oplsaa2024.lt


Atom Type Data:
- Atom index: 214
- Force field raw info: C  - CT   | all-atom C: CH2, disulfides
- Partial charge: 0.0975
- Atomic mass: 12.011
- Element guess: C
- Atomic number: 6
- Source file: oplsaa2024.lt


Atom Type Data:
- Atom index: 215
- Force field raw info: C  - CT   | all-atom C: CH, disulfides
- Partial charge: 0.1575
- Atomic mass: 12.011
- Element guess: C
- Atomic number: 6
- Source file: oplsaa2024.lt


Atom Type Data:
- Atom index: 216
- Force field raw info: C  - CT   | all-atom C: C, disulfides
- Partial charge: 0.2175
- Atomic mass: 12.011
- Element guess: C
- Atomic number: 6
- Source file: oplsaa2024.lt


Atom Type Data:
- Atom index: 217
- Force field raw info: C  - CT   | all-atom C: CH3, methanethiol
- Partial charge: 0.0
- Atomic mass: 12.011
- Element guess: C
- Atomic number: 6
- Source file: oplsaa2024.lt


Atom Type Data:
- Atom index: 218
- Force field raw info: C  - CT   | C in CH2OH - benzyl alcohols
- Partial charge: 0.2
- Atomic mass: 12.011
- Element guess: C
- Atomic number: 6
- Source file: oplsaa2024.lt
","{
  ""atom_types"": [
    {
      ""atom_type"": 189,
      ""element"": ""C"",
      ""chemical_environment"": ""Acetal methylene carbon bonded to two ether oxygens (O-CH2-O)."",
      ""functional_group"": ""acetal (OCH2O, formal acetal)"",
      ""hybridization"": ""sp3"",
      ""example_molecule_smiles"": ""COCOC"",
      ""group_smarts"": ""[CX4H2](-[OX2])(-[OX2])"",
      ""atom_specific_smarts"": ""[CX4H2](-[OX2H0])(-[OX2H0])"",
      ""description"": ""Central CH2 carbon in dimethoxy methane-type acetals; two single-bonded ether O neighbors and two hydrogens."",
      ""uncertainty"": ""low""
    },
    {
      ""atom_type"": 191,
      ""element"": ""C"",
      ""chemical_environment"": ""Hemiacetal methylene carbon with one ether oxygen and one hydroxyl oxygen (O-CH2-OH)."",
      ""functional_group"": ""hemiacetal (OCH2OH)"",
      ""hybridization"": ""sp3"",
      ""example_molecule_smiles"": ""COCO"",
      ""group_smarts"": ""[CX4H2](-O)(-O)"",
      ""atom_specific_smarts"": ""[CX4H2](-[OX2H0])(-[OX2H])"",
      ""description"": ""Central CH2 carbon in a hemiacetal derived from formaldehyde; one O is an ether, the other is hydroxyl."",
      ""uncertainty"": ""low""
    },
    {
      ""atom_type"": 193,
      ""element"": ""C"",
      ""chemical_environment"": ""Secondary acetal center with one carbon substituent and two ether oxygens (O-CH(-R)-O)."",
      ""functional_group"": ""acetal (OCHRO)"",
      ""hybridization"": ""sp3"",
      ""example_molecule_smiles"": ""CC(OC)OC"",
      ""group_smarts"": ""[CX4H1](-O)(-O)"",
      ""atom_specific_smarts"": ""[CX4H1](-[OX2H0])(-[OX2H0])(-[C,c])"",
      ""description"": ""Acetal methine carbon bearing one hydrogen, one carbon (R) substituent, and two ether oxygens."",
      ""uncertainty"": ""low""
    },
    {
      ""atom_type"": 195,
      ""element"": ""C"",
      ""chemical_environment"": ""Secondary hemiacetal center with one carbon substituent, one ether oxygen, and one hydroxyl (O-CH(-R)-OH)."",
      ""functional_group"": ""hemiacetal (OCHROH)"",
      ""hybridization"": ""sp3"",
      ""example_molecule_smiles"": ""CC(O)OC"",
      ""group_smarts"": ""[CX4H1](-O)(-O)"",
      ""atom_specific_smarts"": ""[CX4H1](-[OX2H0])(-[OX2H])(-[C,c])"",
      ""description"": ""Hemiacetal methine carbon with one H, one carbon substituent, one ether O and one hydroxyl O."",
      ""uncertainty"": ""low""
    },
    {
      ""atom_type"": 197,
      ""element"": ""C"",
      ""chemical_environment"": ""Tertiary acetal center with two carbon substituents and two ether oxygens (O-C(R)(R)-O)."",
      ""functional_group"": ""acetal (OCRRO)"",
      ""hybridization"": ""sp3"",
      ""example_molecule_smiles"": ""CC(C)(OC)OC"",
      ""group_smarts"": ""[CX4H0](-O)(-O)"",
      ""atom_specific_smarts"": ""[CX4H0](-[OX2H0])(-[OX2H0])(-[C,c])(-[C,c])"",
      ""description"": ""Acetal quaternary carbon (no H) bound to two ether oxygens and two carbon substituents."",
      ""uncertainty"": ""low""
    },
    {
      ""atom_type"": 198,
      ""element"": ""C"",
      ""chemical_environment"": ""Tertiary hemiacetal center with two carbon substituents, one ether oxygen, and one hydroxyl (O-C(R)(R)-OH)."",
      ""functional_group"": ""hemiacetal (OCRROH)"",
      ""hybridization"": ""sp3"",
      ""example_molecule_smiles"": ""CC(C)(O)OC"",
      ""group_smarts"": ""[CX4H0](-O)(-O)"",
      ""atom_specific_smarts"": ""[CX4H0](-[OX2H0])(-[OX2H])(-[C,c])(-[C,c])"",
      ""description"": ""Hemiacetal quaternary carbon (no H) with one hydroxyl O, one ether O, and two carbon substituents."",
      ""uncertainty"": ""low""
    },
    {
      ""atom_type"": 199,
      ""element"": ""C"",
      ""chemical_environment"": ""Aromatic ipso carbon of anisole bound to methoxy oxygen."",
      ""functional_group"": ""aryl ether (anisole, C(OMe))"",
      ""hybridization"": ""sp2 (aromatic)"",
      ""example_molecule_smiles"": ""COc1ccccc1"",
      ""group_smarts"": ""[cX3](-[OX2H0]-[C])"",
      ""atom_specific_smarts"": ""[cX3](-[OX2H0]-[CH3])"",
      ""description"": ""Ipso phenyl carbon attached to an ether oxygen that bears a methyl group (methoxy substituent)."",
      ""uncertainty"": ""low""
    },
    {
      ""atom_type"": 206,
      ""element"": ""C"",
      ""chemical_environment"": ""Alpha carbon to thiol sulfur in primary thiols (R-CH2-SH)."",
      ""functional_group"": ""thiol alpha carbon (CH2)"",
      ""hybridization"": ""sp3"",
      ""example_molecule_smiles"": ""CCS"",
      ""group_smarts"": ""[CX4]-[SH1]"",
      ""atom_specific_smarts"": ""[CH2X4]-[SH1]"",
      ""description"": ""Methylene carbon directly bonded to sulfur bearing hydrogen (thiol S-H)."",
      ""uncertainty"": ""low""
    },
    {
      ""atom_type"": 207,
      ""element"": ""C"",
      ""chemical_environment"": ""Alpha carbon to thiol sulfur in secondary thiols (R2CH-SH)."",
      ""functional_group"": ""thiol alpha carbon (CH)"",
      ""hybridization"": ""sp3"",
      ""example_molecule_smiles"": ""CC(C)S"",
      ""group_smarts"": ""[CX4]-[SH1]"",
      ""atom_specific_smarts"": ""[CHX4]-[SH1]"",
      ""description"": ""Methine carbon directly bonded to thiol sulfur (S-H), bearing one hydrogen and two carbon substituents."",
      ""uncertainty"": ""low""
    },
    {
      ""atom_type"": 208,
      ""element"": ""C"",
      ""chemical_environment"": ""Alpha carbon to thiol sulfur in tertiary centers (R3C-SH)."",
      ""functional_group"": ""thiol alpha carbon (quaternary C)"",
      ""hybridization"": ""sp3"",
      ""example_molecule_smiles"": ""CC(C)(C)S"",
      ""group_smarts"": ""[CX4]-[SH1]"",
      ""atom_specific_smarts"": ""[CX4H0]-[SH1]"",
      ""description"": ""Quaternary carbon (no hydrogens) directly bonded to thiol sulfur (S-H)."",
      ""uncertainty"": ""low""
    },
    {
      ""atom_type"": 209,
      ""element"": ""C"",
      ""chemical_environment"": ""Alpha methyl carbon to thioether sulfur (sulfide, R-S-R')."",
      ""functional_group"": ""sulfide alpha carbon (CH3)"",
      ""hybridization"": ""sp3"",
      ""example_molecule_smiles"": ""CSC"",
      ""group_smarts"": ""[CX4]-[S;X2;H0;!$(*-S-*)]"",
      ""atom_specific_smarts"": ""[CH3X4]-[S;X2;H0;!$(*-S-*)]"",
      ""description"": ""Terminal methyl carbon directly bonded to a thioether sulfur (S with no H and not in disulfide)."",
      ""uncertainty"": ""low""
    },
    {
      ""atom_type"": 210,
      ""element"": ""C"",
      ""chemical_environment"": ""Alpha methylene carbon to thioether sulfur (sulfide)."",
      ""functional_group"": ""sulfide alpha carbon (CH2)"",
      ""hybridization"": ""sp3"",
      ""example_molecule_smiles"": ""CSCC"",
      ""group_smarts"": ""[CX4]-[S;X2;H0;!$(*-S-*)]"",
      ""atom_specific_smarts"": ""[CH2X4]-[S;X2;H0;!$(*-S-*)]"",
      ""description"": ""Methylene carbon directly bonded to a thioether sulfur (S with no H and not S–S)."",
      ""uncertainty"": ""low""
    },
    {
      ""atom_type"": 211,
      ""element"": ""C"",
      ""chemical_environment"": ""Alpha methine carbon to thioether sulfur (sulfide)."",
      ""functional_group"": ""sulfide alpha carbon (CH)"",
      ""hybridization"": ""sp3"",
      ""example_molecule_smiles"": ""CC(SC)C"",
      ""group_smarts"": ""[CX4]-[S;X2;H0;!$(*-S-*)]"",
      ""atom_specific_smarts"": ""[CHX4]-[S;X2;H0;!$(*-S-*)]"",
      ""description"": ""Methine carbon directly bonded to a thioether sulfur (S with no H and not in disulfide)."",
      ""uncertainty"": ""low""
    },
    {
      ""atom_type"": 212,
      ""element"": ""C"",
      ""chemical_environment"": ""Alpha quaternary carbon to thioether sulfur (sulfide)."",
      ""functional_group"": ""sulfide alpha carbon (quaternary C)"",
      ""hybridization"": ""sp3"",
      ""example_molecule_smiles"": ""CSC(C)(C)C"",
      ""group_smarts"": ""[CX4]-[S;X2;H0;!$(*-S-*)]"",
      ""atom_specific_smarts"": ""[CX4H0]-[S;X2;H0;!$(*-S-*)]"",
      ""description"": ""Quaternary carbon (no H) directly bonded to thioether sulfur (not part of S–S)."",
      ""uncertainty"": ""low""
    },
    {
      ""atom_type"": 213,
      ""element"": ""C"",
      ""chemical_environment"": ""Alpha methyl carbon to disulfide sulfur (R-S-S-R')."",
      ""functional_group"": ""disulfide alpha carbon (CH3)"",
      ""hybridization"": ""sp3"",
      ""example_molecule_smiles"": ""CSSC"",
      ""group_smarts"": ""[CX4]-[S;X2;H0]-[S;X2;H0]"",
      ""atom_specific_smarts"": ""[CH3X4]-[S;X2;H0]-[S;X2;H0]"",
      ""description"": ""Terminal methyl carbon directly bonded to sulfur that is itself bonded to another sulfur (disulfide)."",
      ""uncertainty"": ""low""
    },
    {
      ""atom_type"": 214,
      ""element"": ""C"",
      ""chemical_environment"": ""Alpha methylene carbon to disulfide sulfur."",
      ""functional_group"": ""disulfide alpha carbon (CH2)"",
      ""hybridization"": ""sp3"",
      ""example_molecule_smiles"": ""CSSCC"",
      ""group_smarts"": ""[CX4]-[S;X2;H0]-[S;X2;H0]"",
      ""atom_specific_smarts"": ""[CH2X4]-[S;X2;H0]-[S;X2;H0]"",
      ""description"": ""Methylene carbon directly bonded to sulfur that participates in an S–S bond."",
      ""uncertainty"": ""low""
    },
    {
      ""atom_type"": 215,
      ""element"": ""C"",
      ""chemical_environment"": ""Alpha methine carbon to disulfide sulfur."",
      ""functional_group"": ""disulfide alpha carbon (CH)"",
      ""hybridization"": ""sp3"",
      ""example_molecule_smiles"": ""CC(SSC)C"",
      ""group_smarts"": ""[CX4]-[S;X2;H0]-[S;X2;H0]"",
      ""atom_specific_smarts"": ""[CHX4]-[S;X2;H0]-[S;X2;H0]"",
      ""description"": ""Methine carbon directly bonded to sulfur that is bonded to another sulfur (S–S)."",
      ""uncertainty"": ""low""
    },
    {
      ""atom_type"": 216,
      ""element"": ""C"",
      ""chemical_environment"": ""Alpha quaternary carbon to disulfide sulfur."",
      ""functional_group"": ""disulfide alpha carbon (quaternary C)"",
      ""hybridization"": ""sp3"",
      ""example_molecule_smiles"": ""CC(C)(C)SSC"",
      ""group_smarts"": ""[CX4]-[S;X2;H0]-[S;X2;H0]"",
      ""atom_specific_smarts"": ""[CX4H0]-[S;X2;H0]-[S;X2;H0]"",
      ""description"": ""Quaternary carbon (no H) directly bonded to sulfur that forms a disulfide linkage."",
      ""uncertainty"": ""low""
    },
    {
      ""atom_type"": 217,
      ""element"": ""C"",
      ""chemical_environment"": ""Methyl carbon of methanethiol (CH3-SH), alpha to thiol sulfur."",
      ""functional_group"": ""thiol alpha carbon (CH3, methanethiol)"",
      ""hybridization"": ""sp3"",
      ""example_molecule_smiles"": ""CS"",
      ""group_smarts"": ""[CX4]-[SH1]"",
      ""atom_specific_smarts"": ""[CH3X4]-[SH1]"",
      ""description"": ""Terminal methyl carbon directly bonded to sulfur bearing hydrogen (specifically Me–SH)."",
      ""uncertainty"": ""low""
    },
    {
      ""atom_type"": 218,
      ""element"": ""C"",
      ""chemical_environment"": ""Benzylic methylene carbon in benzyl alcohols (Ar-CH2-OH)."",
      ""functional_group"": ""benzylic alcohol (CH2OH on aryl)"",
      ""hybridization"": ""sp3"",
      ""example_molecule_smiles"": ""c1ccccc1CO"",
      ""group_smarts"": ""[CH2X4](-[OX2H])(-[c])"",
      ""atom_specific_smarts"": ""[CH2X4](-[OX2H])(-[c])"",
      ""description"": ""Benzylic CH2 linking an aromatic carbon and a hydroxyl oxygen in benzyl alcohol (Ph–CH2–OH)."",
      ""uncertainty"": ""low""
    }
  ]
}"
206,0.06,"C  - CT   | all-atom C: CH2, thiols",12.011,oplsaa2024.lt,C,6,"Convert the following OPLS-AA atom type rows:

Atom Type Data:
- Atom index: 189
- Force field raw info: C  - CO   | C(H2O2): acetal OCH2O
- Partial charge: 0.06
- Atomic mass: 12.011
- Element guess: C
- Atomic number: 6
- Source file: oplsaa2024.lt


Atom Type Data:
- Atom index: 191
- Force field raw info: C  - CO   | C(H2O2): hemiacetal OCH2OH
- Partial charge: 0.195
- Atomic mass: 12.011
- Element guess: C
- Atomic number: 6
- Source file: oplsaa2024.lt


Atom Type Data:
- Atom index: 193
- Force field raw info: C  - CO   | C(HCO2): acetal OCHRO
- Partial charge: 0.16
- Atomic mass: 12.011
- Element guess: C
- Atomic number: 6
- Source file: oplsaa2024.lt


Atom Type Data:
- Atom index: 195
- Force field raw info: C  - CO   | C(HCO2): hemiacetal OCHROH
- Partial charge: 0.295
- Atomic mass: 12.011
- Element guess: C
- Atomic number: 6
- Source file: oplsaa2024.lt


Atom Type Data:
- Atom index: 197
- Force field raw info: C  - CO   | C(C2O2): acetal OCRRO
- Partial charge: 0.26
- Atomic mass: 12.011
- Element guess: C
- Atomic number: 6
- Source file: oplsaa2024.lt


Atom Type Data:
- Atom index: 198
- Force field raw info: C  - CO   | C(C2O2): hemiacetal OCRROH
- Partial charge: 0.395
- Atomic mass: 12.011
- Element guess: C
- Atomic number: 6
- Source file: oplsaa2024.lt


Atom Type Data:
- Atom index: 199
- Force field raw info: C  - CA   | C(OMe) anisole OPLS/2020
- Partial charge: 0.085
- Atomic mass: 12.011
- Element guess: C
- Atomic number: 6
- Source file: oplsaa2024.lt


Atom Type Data:
- Atom index: 206
- Force field raw info: C  - CT   | all-atom C: CH2, thiols
- Partial charge: 0.06
- Atomic mass: 12.011
- Element guess: C
- Atomic number: 6
- Source file: oplsaa2024.lt


Atom Type Data:
- Atom index: 207
- Force field raw info: C  - CT   | all-atom C: CH, thiols
- Partial charge: 0.12
- Atomic mass: 12.011
- Element guess: C
- Atomic number: 6
- Source file: oplsaa2024.lt


Atom Type Data:
- Atom index: 208
- Force field raw info: C  - CT   | all-atom C: C, thiols
- Partial charge: 0.18
- Atomic mass: 12.011
- Element guess: C
- Atomic number: 6
- Source file: oplsaa2024.lt


Atom Type Data:
- Atom index: 209
- Force field raw info: C  - CT   | all-atom C: CH3, sulfides OPLS-AA/L
- Partial charge: -0.0125
- Atomic mass: 12.011
- Element guess: C
- Atomic number: 6
- Source file: oplsaa2024.lt


Atom Type Data:
- Atom index: 210
- Force field raw info: C  - CT   | all-atom C: CH2, sulfides OPLS-AA/L
- Partial charge: 0.0475
- Atomic mass: 12.011
- Element guess: C
- Atomic number: 6
- Source file: oplsaa2024.lt


Atom Type Data:
- Atom index: 211
- Force field raw info: C  - CT   | all-atom C: CH, sulfides OPLS-AA/L
- Partial charge: 0.1175
- Atomic mass: 12.011
- Element guess: C
- Atomic number: 6
- Source file: oplsaa2024.lt


Atom Type Data:
- Atom index: 212
- Force field raw info: C  - CT   | all-atom C: C, sulfides OPLS-AA/L
- Partial charge: 0.1675
- Atomic mass: 12.011
- Element guess: C
- Atomic number: 6
- Source file: oplsaa2024.lt


Atom Type Data:
- Atom index: 213
- Force field raw info: C  - CT   | all-atom C: CH3, disulfides
- Partial charge: 0.0375
- Atomic mass: 12.011
- Element guess: C
- Atomic number: 6
- Source file: oplsaa2024.lt


Atom Type Data:
- Atom index: 214
- Force field raw info: C  - CT   | all-atom C: CH2, disulfides
- Partial charge: 0.0975
- Atomic mass: 12.011
- Element guess: C
- Atomic number: 6
- Source file: oplsaa2024.lt


Atom Type Data:
- Atom index: 215
- Force field raw info: C  - CT   | all-atom C: CH, disulfides
- Partial charge: 0.1575
- Atomic mass: 12.011
- Element guess: C
- Atomic number: 6
- Source file: oplsaa2024.lt


Atom Type Data:
- Atom index: 216
- Force field raw info: C  - CT   | all-atom C: C, disulfides
- Partial charge: 0.2175
- Atomic mass: 12.011
- Element guess: C
- Atomic number: 6
- Source file: oplsaa2024.lt


Atom Type Data:
- Atom index: 217
- Force field raw info: C  - CT   | all-atom C: CH3, methanethiol
- Partial charge: 0.0
- Atomic mass: 12.011
- Element guess: C
- Atomic number: 6
- Source file: oplsaa2024.lt


Atom Type Data:
- Atom index: 218
- Force field raw info: C  - CT   | C in CH2OH - benzyl alcohols
- Partial charge: 0.2
- Atomic mass: 12.011
- Element guess: C
- Atomic number: 6
- Source file: oplsaa2024.lt
","{
  ""atom_types"": [
    {
      ""atom_type"": 189,
      ""element"": ""C"",
      ""chemical_environment"": ""Acetal methylene carbon bonded to two ether oxygens (O-CH2-O)."",
      ""functional_group"": ""acetal (OCH2O, formal acetal)"",
      ""hybridization"": ""sp3"",
      ""example_molecule_smiles"": ""COCOC"",
      ""group_smarts"": ""[CX4H2](-[OX2])(-[OX2])"",
      ""atom_specific_smarts"": ""[CX4H2](-[OX2H0])(-[OX2H0])"",
      ""description"": ""Central CH2 carbon in dimethoxy methane-type acetals; two single-bonded ether O neighbors and two hydrogens."",
      ""uncertainty"": ""low""
    },
    {
      ""atom_type"": 191,
      ""element"": ""C"",
      ""chemical_environment"": ""Hemiacetal methylene carbon with one ether oxygen and one hydroxyl oxygen (O-CH2-OH)."",
      ""functional_group"": ""hemiacetal (OCH2OH)"",
      ""hybridization"": ""sp3"",
      ""example_molecule_smiles"": ""COCO"",
      ""group_smarts"": ""[CX4H2](-O)(-O)"",
      ""atom_specific_smarts"": ""[CX4H2](-[OX2H0])(-[OX2H])"",
      ""description"": ""Central CH2 carbon in a hemiacetal derived from formaldehyde; one O is an ether, the other is hydroxyl."",
      ""uncertainty"": ""low""
    },
    {
      ""atom_type"": 193,
      ""element"": ""C"",
      ""chemical_environment"": ""Secondary acetal center with one carbon substituent and two ether oxygens (O-CH(-R)-O)."",
      ""functional_group"": ""acetal (OCHRO)"",
      ""hybridization"": ""sp3"",
      ""example_molecule_smiles"": ""CC(OC)OC"",
      ""group_smarts"": ""[CX4H1](-O)(-O)"",
      ""atom_specific_smarts"": ""[CX4H1](-[OX2H0])(-[OX2H0])(-[C,c])"",
      ""description"": ""Acetal methine carbon bearing one hydrogen, one carbon (R) substituent, and two ether oxygens."",
      ""uncertainty"": ""low""
    },
    {
      ""atom_type"": 195,
      ""element"": ""C"",
      ""chemical_environment"": ""Secondary hemiacetal center with one carbon substituent, one ether oxygen, and one hydroxyl (O-CH(-R)-OH)."",
      ""functional_group"": ""hemiacetal (OCHROH)"",
      ""hybridization"": ""sp3"",
      ""example_molecule_smiles"": ""CC(O)OC"",
      ""group_smarts"": ""[CX4H1](-O)(-O)"",
      ""atom_specific_smarts"": ""[CX4H1](-[OX2H0])(-[OX2H])(-[C,c])"",
      ""description"": ""Hemiacetal methine carbon with one H, one carbon substituent, one ether O and one hydroxyl O."",
      ""uncertainty"": ""low""
    },
    {
      ""atom_type"": 197,
      ""element"": ""C"",
      ""chemical_environment"": ""Tertiary acetal center with two carbon substituents and two ether oxygens (O-C(R)(R)-O)."",
      ""functional_group"": ""acetal (OCRRO)"",
      ""hybridization"": ""sp3"",
      ""example_molecule_smiles"": ""CC(C)(OC)OC"",
      ""group_smarts"": ""[CX4H0](-O)(-O)"",
      ""atom_specific_smarts"": ""[CX4H0](-[OX2H0])(-[OX2H0])(-[C,c])(-[C,c])"",
      ""description"": ""Acetal quaternary carbon (no H) bound to two ether oxygens and two carbon substituents."",
      ""uncertainty"": ""low""
    },
    {
      ""atom_type"": 198,
      ""element"": ""C"",
      ""chemical_environment"": ""Tertiary hemiacetal center with two carbon substituents, one ether oxygen, and one hydroxyl (O-C(R)(R)-OH)."",
      ""functional_group"": ""hemiacetal (OCRROH)"",
      ""hybridization"": ""sp3"",
      ""example_molecule_smiles"": ""CC(C)(O)OC"",
      ""group_smarts"": ""[CX4H0](-O)(-O)"",
      ""atom_specific_smarts"": ""[CX4H0](-[OX2H0])(-[OX2H])(-[C,c])(-[C,c])"",
      ""description"": ""Hemiacetal quaternary carbon (no H) with one hydroxyl O, one ether O, and two carbon substituents."",
      ""uncertainty"": ""low""
    },
    {
      ""atom_type"": 199,
      ""element"": ""C"",
      ""chemical_environment"": ""Aromatic ipso carbon of anisole bound to methoxy oxygen."",
      ""functional_group"": ""aryl ether (anisole, C(OMe))"",
      ""hybridization"": ""sp2 (aromatic)"",
      ""example_molecule_smiles"": ""COc1ccccc1"",
      ""group_smarts"": ""[cX3](-[OX2H0]-[C])"",
      ""atom_specific_smarts"": ""[cX3](-[OX2H0]-[CH3])"",
      ""description"": ""Ipso phenyl carbon attached to an ether oxygen that bears a methyl group (methoxy substituent)."",
      ""uncertainty"": ""low""
    },
    {
      ""atom_type"": 206,
      ""element"": ""C"",
      ""chemical_environment"": ""Alpha carbon to thiol sulfur in primary thiols (R-CH2-SH)."",
      ""functional_group"": ""thiol alpha carbon (CH2)"",
      ""hybridization"": ""sp3"",
      ""example_molecule_smiles"": ""CCS"",
      ""group_smarts"": ""[CX4]-[SH1]"",
      ""atom_specific_smarts"": ""[CH2X4]-[SH1]"",
      ""description"": ""Methylene carbon directly bonded to sulfur bearing hydrogen (thiol S-H)."",
      ""uncertainty"": ""low""
    },
    {
      ""atom_type"": 207,
      ""element"": ""C"",
      ""chemical_environment"": ""Alpha carbon to thiol sulfur in secondary thiols (R2CH-SH)."",
      ""functional_group"": ""thiol alpha carbon (CH)"",
      ""hybridization"": ""sp3"",
      ""example_molecule_smiles"": ""CC(C)S"",
      ""group_smarts"": ""[CX4]-[SH1]"",
      ""atom_specific_smarts"": ""[CHX4]-[SH1]"",
      ""description"": ""Methine carbon directly bonded to thiol sulfur (S-H), bearing one hydrogen and two carbon substituents."",
      ""uncertainty"": ""low""
    },
    {
      ""atom_type"": 208,
      ""element"": ""C"",
      ""chemical_environment"": ""Alpha carbon to thiol sulfur in tertiary centers (R3C-SH)."",
      ""functional_group"": ""thiol alpha carbon (quaternary C)"",
      ""hybridization"": ""sp3"",
      ""example_molecule_smiles"": ""CC(C)(C)S"",
      ""group_smarts"": ""[CX4]-[SH1]"",
      ""atom_specific_smarts"": ""[CX4H0]-[SH1]"",
      ""description"": ""Quaternary carbon (no hydrogens) directly bonded to thiol sulfur (S-H)."",
      ""uncertainty"": ""low""
    },
    {
      ""atom_type"": 209,
      ""element"": ""C"",
      ""chemical_environment"": ""Alpha methyl carbon to thioether sulfur (sulfide, R-S-R')."",
      ""functional_group"": ""sulfide alpha carbon (CH3)"",
      ""hybridization"": ""sp3"",
      ""example_molecule_smiles"": ""CSC"",
      ""group_smarts"": ""[CX4]-[S;X2;H0;!$(*-S-*)]"",
      ""atom_specific_smarts"": ""[CH3X4]-[S;X2;H0;!$(*-S-*)]"",
      ""description"": ""Terminal methyl carbon directly bonded to a thioether sulfur (S with no H and not in disulfide)."",
      ""uncertainty"": ""low""
    },
    {
      ""atom_type"": 210,
      ""element"": ""C"",
      ""chemical_environment"": ""Alpha methylene carbon to thioether sulfur (sulfide)."",
      ""functional_group"": ""sulfide alpha carbon (CH2)"",
      ""hybridization"": ""sp3"",
      ""example_molecule_smiles"": ""CSCC"",
      ""group_smarts"": ""[CX4]-[S;X2;H0;!$(*-S-*)]"",
      ""atom_specific_smarts"": ""[CH2X4]-[S;X2;H0;!$(*-S-*)]"",
      ""description"": ""Methylene carbon directly bonded to a thioether sulfur (S with no H and not S–S)."",
      ""uncertainty"": ""low""
    },
    {
      ""atom_type"": 211,
      ""element"": ""C"",
      ""chemical_environment"": ""Alpha methine carbon to thioether sulfur (sulfide)."",
      ""functional_group"": ""sulfide alpha carbon (CH)"",
      ""hybridization"": ""sp3"",
      ""example_molecule_smiles"": ""CC(SC)C"",
      ""group_smarts"": ""[CX4]-[S;X2;H0;!$(*-S-*)]"",
      ""atom_specific_smarts"": ""[CHX4]-[S;X2;H0;!$(*-S-*)]"",
      ""description"": ""Methine carbon directly bonded to a thioether sulfur (S with no H and not in disulfide)."",
      ""uncertainty"": ""low""
    },
    {
      ""atom_type"": 212,
      ""element"": ""C"",
      ""chemical_environment"": ""Alpha quaternary carbon to thioether sulfur (sulfide)."",
      ""functional_group"": ""sulfide alpha carbon (quaternary C)"",
      ""hybridization"": ""sp3"",
      ""example_molecule_smiles"": ""CSC(C)(C)C"",
      ""group_smarts"": ""[CX4]-[S;X2;H0;!$(*-S-*)]"",
      ""atom_specific_smarts"": ""[CX4H0]-[S;X2;H0;!$(*-S-*)]"",
      ""description"": ""Quaternary carbon (no H) directly bonded to thioether sulfur (not part of S–S)."",
      ""uncertainty"": ""low""
    },
    {
      ""atom_type"": 213,
      ""element"": ""C"",
      ""chemical_environment"": ""Alpha methyl carbon to disulfide sulfur (R-S-S-R')."",
      ""functional_group"": ""disulfide alpha carbon (CH3)"",
      ""hybridization"": ""sp3"",
      ""example_molecule_smiles"": ""CSSC"",
      ""group_smarts"": ""[CX4]-[S;X2;H0]-[S;X2;H0]"",
      ""atom_specific_smarts"": ""[CH3X4]-[S;X2;H0]-[S;X2;H0]"",
      ""description"": ""Terminal methyl carbon directly bonded to sulfur that is itself bonded to another sulfur (disulfide)."",
      ""uncertainty"": ""low""
    },
    {
      ""atom_type"": 214,
      ""element"": ""C"",
      ""chemical_environment"": ""Alpha methylene carbon to disulfide sulfur."",
      ""functional_group"": ""disulfide alpha carbon (CH2)"",
      ""hybridization"": ""sp3"",
      ""example_molecule_smiles"": ""CSSCC"",
      ""group_smarts"": ""[CX4]-[S;X2;H0]-[S;X2;H0]"",
      ""atom_specific_smarts"": ""[CH2X4]-[S;X2;H0]-[S;X2;H0]"",
      ""description"": ""Methylene carbon directly bonded to sulfur that participates in an S–S bond."",
      ""uncertainty"": ""low""
    },
    {
      ""atom_type"": 215,
      ""element"": ""C"",
      ""chemical_environment"": ""Alpha methine carbon to disulfide sulfur."",
      ""functional_group"": ""disulfide alpha carbon (CH)"",
      ""hybridization"": ""sp3"",
      ""example_molecule_smiles"": ""CC(SSC)C"",
      ""group_smarts"": ""[CX4]-[S;X2;H0]-[S;X2;H0]"",
      ""atom_specific_smarts"": ""[CHX4]-[S;X2;H0]-[S;X2;H0]"",
      ""description"": ""Methine carbon directly bonded to sulfur that is bonded to another sulfur (S–S)."",
      ""uncertainty"": ""low""
    },
    {
      ""atom_type"": 216,
      ""element"": ""C"",
      ""chemical_environment"": ""Alpha quaternary carbon to disulfide sulfur."",
      ""functional_group"": ""disulfide alpha carbon (quaternary C)"",
      ""hybridization"": ""sp3"",
      ""example_molecule_smiles"": ""CC(C)(C)SSC"",
      ""group_smarts"": ""[CX4]-[S;X2;H0]-[S;X2;H0]"",
      ""atom_specific_smarts"": ""[CX4H0]-[S;X2;H0]-[S;X2;H0]"",
      ""description"": ""Quaternary carbon (no H) directly bonded to sulfur that forms a disulfide linkage."",
      ""uncertainty"": ""low""
    },
    {
      ""atom_type"": 217,
      ""element"": ""C"",
      ""chemical_environment"": ""Methyl carbon of methanethiol (CH3-SH), alpha to thiol sulfur."",
      ""functional_group"": ""thiol alpha carbon (CH3, methanethiol)"",
      ""hybridization"": ""sp3"",
      ""example_molecule_smiles"": ""CS"",
      ""group_smarts"": ""[CX4]-[SH1]"",
      ""atom_specific_smarts"": ""[CH3X4]-[SH1]"",
      ""description"": ""Terminal methyl carbon directly bonded to sulfur bearing hydrogen (specifically Me–SH)."",
      ""uncertainty"": ""low""
    },
    {
      ""atom_type"": 218,
      ""element"": ""C"",
      ""chemical_environment"": ""Benzylic methylene carbon in benzyl alcohols (Ar-CH2-OH)."",
      ""functional_group"": ""benzylic alcohol (CH2OH on aryl)"",
      ""hybridization"": ""sp3"",
      ""example_molecule_smiles"": ""c1ccccc1CO"",
      ""group_smarts"": ""[CH2X4](-[OX2H])(-[c])"",
      ""atom_specific_smarts"": ""[CH2X4](-[OX2H])(-[c])"",
      ""description"": ""Benzylic CH2 linking an aromatic carbon and a hydroxyl oxygen in benzyl alcohol (Ph–CH2–OH)."",
      ""uncertainty"": ""low""
    }
  ]
}"
207,0.12,"C  - CT   | all-atom C: CH, thiols",12.011,oplsaa2024.lt,C,6,"Convert the following OPLS-AA atom type rows:

Atom Type Data:
- Atom index: 189
- Force field raw info: C  - CO   | C(H2O2): acetal OCH2O
- Partial charge: 0.06
- Atomic mass: 12.011
- Element guess: C
- Atomic number: 6
- Source file: oplsaa2024.lt


Atom Type Data:
- Atom index: 191
- Force field raw info: C  - CO   | C(H2O2): hemiacetal OCH2OH
- Partial charge: 0.195
- Atomic mass: 12.011
- Element guess: C
- Atomic number: 6
- Source file: oplsaa2024.lt


Atom Type Data:
- Atom index: 193
- Force field raw info: C  - CO   | C(HCO2): acetal OCHRO
- Partial charge: 0.16
- Atomic mass: 12.011
- Element guess: C
- Atomic number: 6
- Source file: oplsaa2024.lt


Atom Type Data:
- Atom index: 195
- Force field raw info: C  - CO   | C(HCO2): hemiacetal OCHROH
- Partial charge: 0.295
- Atomic mass: 12.011
- Element guess: C
- Atomic number: 6
- Source file: oplsaa2024.lt


Atom Type Data:
- Atom index: 197
- Force field raw info: C  - CO   | C(C2O2): acetal OCRRO
- Partial charge: 0.26
- Atomic mass: 12.011
- Element guess: C
- Atomic number: 6
- Source file: oplsaa2024.lt


Atom Type Data:
- Atom index: 198
- Force field raw info: C  - CO   | C(C2O2): hemiacetal OCRROH
- Partial charge: 0.395
- Atomic mass: 12.011
- Element guess: C
- Atomic number: 6
- Source file: oplsaa2024.lt


Atom Type Data:
- Atom index: 199
- Force field raw info: C  - CA   | C(OMe) anisole OPLS/2020
- Partial charge: 0.085
- Atomic mass: 12.011
- Element guess: C
- Atomic number: 6
- Source file: oplsaa2024.lt


Atom Type Data:
- Atom index: 206
- Force field raw info: C  - CT   | all-atom C: CH2, thiols
- Partial charge: 0.06
- Atomic mass: 12.011
- Element guess: C
- Atomic number: 6
- Source file: oplsaa2024.lt


Atom Type Data:
- Atom index: 207
- Force field raw info: C  - CT   | all-atom C: CH, thiols
- Partial charge: 0.12
- Atomic mass: 12.011
- Element guess: C
- Atomic number: 6
- Source file: oplsaa2024.lt


Atom Type Data:
- Atom index: 208
- Force field raw info: C  - CT   | all-atom C: C, thiols
- Partial charge: 0.18
- Atomic mass: 12.011
- Element guess: C
- Atomic number: 6
- Source file: oplsaa2024.lt


Atom Type Data:
- Atom index: 209
- Force field raw info: C  - CT   | all-atom C: CH3, sulfides OPLS-AA/L
- Partial charge: -0.0125
- Atomic mass: 12.011
- Element guess: C
- Atomic number: 6
- Source file: oplsaa2024.lt


Atom Type Data:
- Atom index: 210
- Force field raw info: C  - CT   | all-atom C: CH2, sulfides OPLS-AA/L
- Partial charge: 0.0475
- Atomic mass: 12.011
- Element guess: C
- Atomic number: 6
- Source file: oplsaa2024.lt


Atom Type Data:
- Atom index: 211
- Force field raw info: C  - CT   | all-atom C: CH, sulfides OPLS-AA/L
- Partial charge: 0.1175
- Atomic mass: 12.011
- Element guess: C
- Atomic number: 6
- Source file: oplsaa2024.lt


Atom Type Data:
- Atom index: 212
- Force field raw info: C  - CT   | all-atom C: C, sulfides OPLS-AA/L
- Partial charge: 0.1675
- Atomic mass: 12.011
- Element guess: C
- Atomic number: 6
- Source file: oplsaa2024.lt


Atom Type Data:
- Atom index: 213
- Force field raw info: C  - CT   | all-atom C: CH3, disulfides
- Partial charge: 0.0375
- Atomic mass: 12.011
- Element guess: C
- Atomic number: 6
- Source file: oplsaa2024.lt


Atom Type Data:
- Atom index: 214
- Force field raw info: C  - CT   | all-atom C: CH2, disulfides
- Partial charge: 0.0975
- Atomic mass: 12.011
- Element guess: C
- Atomic number: 6
- Source file: oplsaa2024.lt


Atom Type Data:
- Atom index: 215
- Force field raw info: C  - CT   | all-atom C: CH, disulfides
- Partial charge: 0.1575
- Atomic mass: 12.011
- Element guess: C
- Atomic number: 6
- Source file: oplsaa2024.lt


Atom Type Data:
- Atom index: 216
- Force field raw info: C  - CT   | all-atom C: C, disulfides
- Partial charge: 0.2175
- Atomic mass: 12.011
- Element guess: C
- Atomic number: 6
- Source file: oplsaa2024.lt


Atom Type Data:
- Atom index: 217
- Force field raw info: C  - CT   | all-atom C: CH3, methanethiol
- Partial charge: 0.0
- Atomic mass: 12.011
- Element guess: C
- Atomic number: 6
- Source file: oplsaa2024.lt


Atom Type Data:
- Atom index: 218
- Force field raw info: C  - CT   | C in CH2OH - benzyl alcohols
- Partial charge: 0.2
- Atomic mass: 12.011
- Element guess: C
- Atomic number: 6
- Source file: oplsaa2024.lt
","{
  ""atom_types"": [
    {
      ""atom_type"": 189,
      ""element"": ""C"",
      ""chemical_environment"": ""Acetal methylene carbon bonded to two ether oxygens (O-CH2-O)."",
      ""functional_group"": ""acetal (OCH2O, formal acetal)"",
      ""hybridization"": ""sp3"",
      ""example_molecule_smiles"": ""COCOC"",
      ""group_smarts"": ""[CX4H2](-[OX2])(-[OX2])"",
      ""atom_specific_smarts"": ""[CX4H2](-[OX2H0])(-[OX2H0])"",
      ""description"": ""Central CH2 carbon in dimethoxy methane-type acetals; two single-bonded ether O neighbors and two hydrogens."",
      ""uncertainty"": ""low""
    },
    {
      ""atom_type"": 191,
      ""element"": ""C"",
      ""chemical_environment"": ""Hemiacetal methylene carbon with one ether oxygen and one hydroxyl oxygen (O-CH2-OH)."",
      ""functional_group"": ""hemiacetal (OCH2OH)"",
      ""hybridization"": ""sp3"",
      ""example_molecule_smiles"": ""COCO"",
      ""group_smarts"": ""[CX4H2](-O)(-O)"",
      ""atom_specific_smarts"": ""[CX4H2](-[OX2H0])(-[OX2H])"",
      ""description"": ""Central CH2 carbon in a hemiacetal derived from formaldehyde; one O is an ether, the other is hydroxyl."",
      ""uncertainty"": ""low""
    },
    {
      ""atom_type"": 193,
      ""element"": ""C"",
      ""chemical_environment"": ""Secondary acetal center with one carbon substituent and two ether oxygens (O-CH(-R)-O)."",
      ""functional_group"": ""acetal (OCHRO)"",
      ""hybridization"": ""sp3"",
      ""example_molecule_smiles"": ""CC(OC)OC"",
      ""group_smarts"": ""[CX4H1](-O)(-O)"",
      ""atom_specific_smarts"": ""[CX4H1](-[OX2H0])(-[OX2H0])(-[C,c])"",
      ""description"": ""Acetal methine carbon bearing one hydrogen, one carbon (R) substituent, and two ether oxygens."",
      ""uncertainty"": ""low""
    },
    {
      ""atom_type"": 195,
      ""element"": ""C"",
      ""chemical_environment"": ""Secondary hemiacetal center with one carbon substituent, one ether oxygen, and one hydroxyl (O-CH(-R)-OH)."",
      ""functional_group"": ""hemiacetal (OCHROH)"",
      ""hybridization"": ""sp3"",
      ""example_molecule_smiles"": ""CC(O)OC"",
      ""group_smarts"": ""[CX4H1](-O)(-O)"",
      ""atom_specific_smarts"": ""[CX4H1](-[OX2H0])(-[OX2H])(-[C,c])"",
      ""description"": ""Hemiacetal methine carbon with one H, one carbon substituent, one ether O and one hydroxyl O."",
      ""uncertainty"": ""low""
    },
    {
      ""atom_type"": 197,
      ""element"": ""C"",
      ""chemical_environment"": ""Tertiary acetal center with two carbon substituents and two ether oxygens (O-C(R)(R)-O)."",
      ""functional_group"": ""acetal (OCRRO)"",
      ""hybridization"": ""sp3"",
      ""example_molecule_smiles"": ""CC(C)(OC)OC"",
      ""group_smarts"": ""[CX4H0](-O)(-O)"",
      ""atom_specific_smarts"": ""[CX4H0](-[OX2H0])(-[OX2H0])(-[C,c])(-[C,c])"",
      ""description"": ""Acetal quaternary carbon (no H) bound to two ether oxygens and two carbon substituents."",
      ""uncertainty"": ""low""
    },
    {
      ""atom_type"": 198,
      ""element"": ""C"",
      ""chemical_environment"": ""Tertiary hemiacetal center with two carbon substituents, one ether oxygen, and one hydroxyl (O-C(R)(R)-OH)."",
      ""functional_group"": ""hemiacetal (OCRROH)"",
      ""hybridization"": ""sp3"",
      ""example_molecule_smiles"": ""CC(C)(O)OC"",
      ""group_smarts"": ""[CX4H0](-O)(-O)"",
      ""atom_specific_smarts"": ""[CX4H0](-[OX2H0])(-[OX2H])(-[C,c])(-[C,c])"",
      ""description"": ""Hemiacetal quaternary carbon (no H) with one hydroxyl O, one ether O, and two carbon substituents."",
      ""uncertainty"": ""low""
    },
    {
      ""atom_type"": 199,
      ""element"": ""C"",
      ""chemical_environment"": ""Aromatic ipso carbon of anisole bound to methoxy oxygen."",
      ""functional_group"": ""aryl ether (anisole, C(OMe))"",
      ""hybridization"": ""sp2 (aromatic)"",
      ""example_molecule_smiles"": ""COc1ccccc1"",
      ""group_smarts"": ""[cX3](-[OX2H0]-[C])"",
      ""atom_specific_smarts"": ""[cX3](-[OX2H0]-[CH3])"",
      ""description"": ""Ipso phenyl carbon attached to an ether oxygen that bears a methyl group (methoxy substituent)."",
      ""uncertainty"": ""low""
    },
    {
      ""atom_type"": 206,
      ""element"": ""C"",
      ""chemical_environment"": ""Alpha carbon to thiol sulfur in primary thiols (R-CH2-SH)."",
      ""functional_group"": ""thiol alpha carbon (CH2)"",
      ""hybridization"": ""sp3"",
      ""example_molecule_smiles"": ""CCS"",
      ""group_smarts"": ""[CX4]-[SH1]"",
      ""atom_specific_smarts"": ""[CH2X4]-[SH1]"",
      ""description"": ""Methylene carbon directly bonded to sulfur bearing hydrogen (thiol S-H)."",
      ""uncertainty"": ""low""
    },
    {
      ""atom_type"": 207,
      ""element"": ""C"",
      ""chemical_environment"": ""Alpha carbon to thiol sulfur in secondary thiols (R2CH-SH)."",
      ""functional_group"": ""thiol alpha carbon (CH)"",
      ""hybridization"": ""sp3"",
      ""example_molecule_smiles"": ""CC(C)S"",
      ""group_smarts"": ""[CX4]-[SH1]"",
      ""atom_specific_smarts"": ""[CHX4]-[SH1]"",
      ""description"": ""Methine carbon directly bonded to thiol sulfur (S-H), bearing one hydrogen and two carbon substituents."",
      ""uncertainty"": ""low""
    },
    {
      ""atom_type"": 208,
      ""element"": ""C"",
      ""chemical_environment"": ""Alpha carbon to thiol sulfur in tertiary centers (R3C-SH)."",
      ""functional_group"": ""thiol alpha carbon (quaternary C)"",
      ""hybridization"": ""sp3"",
      ""example_molecule_smiles"": ""CC(C)(C)S"",
      ""group_smarts"": ""[CX4]-[SH1]"",
      ""atom_specific_smarts"": ""[CX4H0]-[SH1]"",
      ""description"": ""Quaternary carbon (no hydrogens) directly bonded to thiol sulfur (S-H)."",
      ""uncertainty"": ""low""
    },
    {
      ""atom_type"": 209,
      ""element"": ""C"",
      ""chemical_environment"": ""Alpha methyl carbon to thioether sulfur (sulfide, R-S-R')."",
      ""functional_group"": ""sulfide alpha carbon (CH3)"",
      ""hybridization"": ""sp3"",
      ""example_molecule_smiles"": ""CSC"",
      ""group_smarts"": ""[CX4]-[S;X2;H0;!$(*-S-*)]"",
      ""atom_specific_smarts"": ""[CH3X4]-[S;X2;H0;!$(*-S-*)]"",
      ""description"": ""Terminal methyl carbon directly bonded to a thioether sulfur (S with no H and not in disulfide)."",
      ""uncertainty"": ""low""
    },
    {
      ""atom_type"": 210,
      ""element"": ""C"",
      ""chemical_environment"": ""Alpha methylene carbon to thioether sulfur (sulfide)."",
      ""functional_group"": ""sulfide alpha carbon (CH2)"",
      ""hybridization"": ""sp3"",
      ""example_molecule_smiles"": ""CSCC"",
      ""group_smarts"": ""[CX4]-[S;X2;H0;!$(*-S-*)]"",
      ""atom_specific_smarts"": ""[CH2X4]-[S;X2;H0;!$(*-S-*)]"",
      ""description"": ""Methylene carbon directly bonded to a thioether sulfur (S with no H and not S–S)."",
      ""uncertainty"": ""low""
    },
    {
      ""atom_type"": 211,
      ""element"": ""C"",
      ""chemical_environment"": ""Alpha methine carbon to thioether sulfur (sulfide)."",
      ""functional_group"": ""sulfide alpha carbon (CH)"",
      ""hybridization"": ""sp3"",
      ""example_molecule_smiles"": ""CC(SC)C"",
      ""group_smarts"": ""[CX4]-[S;X2;H0;!$(*-S-*)]"",
      ""atom_specific_smarts"": ""[CHX4]-[S;X2;H0;!$(*-S-*)]"",
      ""description"": ""Methine carbon directly bonded to a thioether sulfur (S with no H and not in disulfide)."",
      ""uncertainty"": ""low""
    },
    {
      ""atom_type"": 212,
      ""element"": ""C"",
      ""chemical_environment"": ""Alpha quaternary carbon to thioether sulfur (sulfide)."",
      ""functional_group"": ""sulfide alpha carbon (quaternary C)"",
      ""hybridization"": ""sp3"",
      ""example_molecule_smiles"": ""CSC(C)(C)C"",
      ""group_smarts"": ""[CX4]-[S;X2;H0;!$(*-S-*)]"",
      ""atom_specific_smarts"": ""[CX4H0]-[S;X2;H0;!$(*-S-*)]"",
      ""description"": ""Quaternary carbon (no H) directly bonded to thioether sulfur (not part of S–S)."",
      ""uncertainty"": ""low""
    },
    {
      ""atom_type"": 213,
      ""element"": ""C"",
      ""chemical_environment"": ""Alpha methyl carbon to disulfide sulfur (R-S-S-R')."",
      ""functional_group"": ""disulfide alpha carbon (CH3)"",
      ""hybridization"": ""sp3"",
      ""example_molecule_smiles"": ""CSSC"",
      ""group_smarts"": ""[CX4]-[S;X2;H0]-[S;X2;H0]"",
      ""atom_specific_smarts"": ""[CH3X4]-[S;X2;H0]-[S;X2;H0]"",
      ""description"": ""Terminal methyl carbon directly bonded to sulfur that is itself bonded to another sulfur (disulfide)."",
      ""uncertainty"": ""low""
    },
    {
      ""atom_type"": 214,
      ""element"": ""C"",
      ""chemical_environment"": ""Alpha methylene carbon to disulfide sulfur."",
      ""functional_group"": ""disulfide alpha carbon (CH2)"",
      ""hybridization"": ""sp3"",
      ""example_molecule_smiles"": ""CSSCC"",
      ""group_smarts"": ""[CX4]-[S;X2;H0]-[S;X2;H0]"",
      ""atom_specific_smarts"": ""[CH2X4]-[S;X2;H0]-[S;X2;H0]"",
      ""description"": ""Methylene carbon directly bonded to sulfur that participates in an S–S bond."",
      ""uncertainty"": ""low""
    },
    {
      ""atom_type"": 215,
      ""element"": ""C"",
      ""chemical_environment"": ""Alpha methine carbon to disulfide sulfur."",
      ""functional_group"": ""disulfide alpha carbon (CH)"",
      ""hybridization"": ""sp3"",
      ""example_molecule_smiles"": ""CC(SSC)C"",
      ""group_smarts"": ""[CX4]-[S;X2;H0]-[S;X2;H0]"",
      ""atom_specific_smarts"": ""[CHX4]-[S;X2;H0]-[S;X2;H0]"",
      ""description"": ""Methine carbon directly bonded to sulfur that is bonded to another sulfur (S–S)."",
      ""uncertainty"": ""low""
    },
    {
      ""atom_type"": 216,
      ""element"": ""C"",
      ""chemical_environment"": ""Alpha quaternary carbon to disulfide sulfur."",
      ""functional_group"": ""disulfide alpha carbon (quaternary C)"",
      ""hybridization"": ""sp3"",
      ""example_molecule_smiles"": ""CC(C)(C)SSC"",
      ""group_smarts"": ""[CX4]-[S;X2;H0]-[S;X2;H0]"",
      ""atom_specific_smarts"": ""[CX4H0]-[S;X2;H0]-[S;X2;H0]"",
      ""description"": ""Quaternary carbon (no H) directly bonded to sulfur that forms a disulfide linkage."",
      ""uncertainty"": ""low""
    },
    {
      ""atom_type"": 217,
      ""element"": ""C"",
      ""chemical_environment"": ""Methyl carbon of methanethiol (CH3-SH), alpha to thiol sulfur."",
      ""functional_group"": ""thiol alpha carbon (CH3, methanethiol)"",
      ""hybridization"": ""sp3"",
      ""example_molecule_smiles"": ""CS"",
      ""group_smarts"": ""[CX4]-[SH1]"",
      ""atom_specific_smarts"": ""[CH3X4]-[SH1]"",
      ""description"": ""Terminal methyl carbon directly bonded to sulfur bearing hydrogen (specifically Me–SH)."",
      ""uncertainty"": ""low""
    },
    {
      ""atom_type"": 218,
      ""element"": ""C"",
      ""chemical_environment"": ""Benzylic methylene carbon in benzyl alcohols (Ar-CH2-OH)."",
      ""functional_group"": ""benzylic alcohol (CH2OH on aryl)"",
      ""hybridization"": ""sp3"",
      ""example_molecule_smiles"": ""c1ccccc1CO"",
      ""group_smarts"": ""[CH2X4](-[OX2H])(-[c])"",
      ""atom_specific_smarts"": ""[CH2X4](-[OX2H])(-[c])"",
      ""description"": ""Benzylic CH2 linking an aromatic carbon and a hydroxyl oxygen in benzyl alcohol (Ph–CH2–OH)."",
      ""uncertainty"": ""low""
    }
  ]
}"
208,0.18,"C  - CT   | all-atom C: C, thiols",12.011,oplsaa2024.lt,C,6,"Convert the following OPLS-AA atom type rows:

Atom Type Data:
- Atom index: 189
- Force field raw info: C  - CO   | C(H2O2): acetal OCH2O
- Partial charge: 0.06
- Atomic mass: 12.011
- Element guess: C
- Atomic number: 6
- Source file: oplsaa2024.lt


Atom Type Data:
- Atom index: 191
- Force field raw info: C  - CO   | C(H2O2): hemiacetal OCH2OH
- Partial charge: 0.195
- Atomic mass: 12.011
- Element guess: C
- Atomic number: 6
- Source file: oplsaa2024.lt


Atom Type Data:
- Atom index: 193
- Force field raw info: C  - CO   | C(HCO2): acetal OCHRO
- Partial charge: 0.16
- Atomic mass: 12.011
- Element guess: C
- Atomic number: 6
- Source file: oplsaa2024.lt


Atom Type Data:
- Atom index: 195
- Force field raw info: C  - CO   | C(HCO2): hemiacetal OCHROH
- Partial charge: 0.295
- Atomic mass: 12.011
- Element guess: C
- Atomic number: 6
- Source file: oplsaa2024.lt


Atom Type Data:
- Atom index: 197
- Force field raw info: C  - CO   | C(C2O2): acetal OCRRO
- Partial charge: 0.26
- Atomic mass: 12.011
- Element guess: C
- Atomic number: 6
- Source file: oplsaa2024.lt


Atom Type Data:
- Atom index: 198
- Force field raw info: C  - CO   | C(C2O2): hemiacetal OCRROH
- Partial charge: 0.395
- Atomic mass: 12.011
- Element guess: C
- Atomic number: 6
- Source file: oplsaa2024.lt


Atom Type Data:
- Atom index: 199
- Force field raw info: C  - CA   | C(OMe) anisole OPLS/2020
- Partial charge: 0.085
- Atomic mass: 12.011
- Element guess: C
- Atomic number: 6
- Source file: oplsaa2024.lt


Atom Type Data:
- Atom index: 206
- Force field raw info: C  - CT   | all-atom C: CH2, thiols
- Partial charge: 0.06
- Atomic mass: 12.011
- Element guess: C
- Atomic number: 6
- Source file: oplsaa2024.lt


Atom Type Data:
- Atom index: 207
- Force field raw info: C  - CT   | all-atom C: CH, thiols
- Partial charge: 0.12
- Atomic mass: 12.011
- Element guess: C
- Atomic number: 6
- Source file: oplsaa2024.lt


Atom Type Data:
- Atom index: 208
- Force field raw info: C  - CT   | all-atom C: C, thiols
- Partial charge: 0.18
- Atomic mass: 12.011
- Element guess: C
- Atomic number: 6
- Source file: oplsaa2024.lt


Atom Type Data:
- Atom index: 209
- Force field raw info: C  - CT   | all-atom C: CH3, sulfides OPLS-AA/L
- Partial charge: -0.0125
- Atomic mass: 12.011
- Element guess: C
- Atomic number: 6
- Source file: oplsaa2024.lt


Atom Type Data:
- Atom index: 210
- Force field raw info: C  - CT   | all-atom C: CH2, sulfides OPLS-AA/L
- Partial charge: 0.0475
- Atomic mass: 12.011
- Element guess: C
- Atomic number: 6
- Source file: oplsaa2024.lt


Atom Type Data:
- Atom index: 211
- Force field raw info: C  - CT   | all-atom C: CH, sulfides OPLS-AA/L
- Partial charge: 0.1175
- Atomic mass: 12.011
- Element guess: C
- Atomic number: 6
- Source file: oplsaa2024.lt


Atom Type Data:
- Atom index: 212
- Force field raw info: C  - CT   | all-atom C: C, sulfides OPLS-AA/L
- Partial charge: 0.1675
- Atomic mass: 12.011
- Element guess: C
- Atomic number: 6
- Source file: oplsaa2024.lt


Atom Type Data:
- Atom index: 213
- Force field raw info: C  - CT   | all-atom C: CH3, disulfides
- Partial charge: 0.0375
- Atomic mass: 12.011
- Element guess: C
- Atomic number: 6
- Source file: oplsaa2024.lt


Atom Type Data:
- Atom index: 214
- Force field raw info: C  - CT   | all-atom C: CH2, disulfides
- Partial charge: 0.0975
- Atomic mass: 12.011
- Element guess: C
- Atomic number: 6
- Source file: oplsaa2024.lt


Atom Type Data:
- Atom index: 215
- Force field raw info: C  - CT   | all-atom C: CH, disulfides
- Partial charge: 0.1575
- Atomic mass: 12.011
- Element guess: C
- Atomic number: 6
- Source file: oplsaa2024.lt


Atom Type Data:
- Atom index: 216
- Force field raw info: C  - CT   | all-atom C: C, disulfides
- Partial charge: 0.2175
- Atomic mass: 12.011
- Element guess: C
- Atomic number: 6
- Source file: oplsaa2024.lt


Atom Type Data:
- Atom index: 217
- Force field raw info: C  - CT   | all-atom C: CH3, methanethiol
- Partial charge: 0.0
- Atomic mass: 12.011
- Element guess: C
- Atomic number: 6
- Source file: oplsaa2024.lt


Atom Type Data:
- Atom index: 218
- Force field raw info: C  - CT   | C in CH2OH - benzyl alcohols
- Partial charge: 0.2
- Atomic mass: 12.011
- Element guess: C
- Atomic number: 6
- Source file: oplsaa2024.lt
","{
  ""atom_types"": [
    {
      ""atom_type"": 189,
      ""element"": ""C"",
      ""chemical_environment"": ""Acetal methylene carbon bonded to two ether oxygens (O-CH2-O)."",
      ""functional_group"": ""acetal (OCH2O, formal acetal)"",
      ""hybridization"": ""sp3"",
      ""example_molecule_smiles"": ""COCOC"",
      ""group_smarts"": ""[CX4H2](-[OX2])(-[OX2])"",
      ""atom_specific_smarts"": ""[CX4H2](-[OX2H0])(-[OX2H0])"",
      ""description"": ""Central CH2 carbon in dimethoxy methane-type acetals; two single-bonded ether O neighbors and two hydrogens."",
      ""uncertainty"": ""low""
    },
    {
      ""atom_type"": 191,
      ""element"": ""C"",
      ""chemical_environment"": ""Hemiacetal methylene carbon with one ether oxygen and one hydroxyl oxygen (O-CH2-OH)."",
      ""functional_group"": ""hemiacetal (OCH2OH)"",
      ""hybridization"": ""sp3"",
      ""example_molecule_smiles"": ""COCO"",
      ""group_smarts"": ""[CX4H2](-O)(-O)"",
      ""atom_specific_smarts"": ""[CX4H2](-[OX2H0])(-[OX2H])"",
      ""description"": ""Central CH2 carbon in a hemiacetal derived from formaldehyde; one O is an ether, the other is hydroxyl."",
      ""uncertainty"": ""low""
    },
    {
      ""atom_type"": 193,
      ""element"": ""C"",
      ""chemical_environment"": ""Secondary acetal center with one carbon substituent and two ether oxygens (O-CH(-R)-O)."",
      ""functional_group"": ""acetal (OCHRO)"",
      ""hybridization"": ""sp3"",
      ""example_molecule_smiles"": ""CC(OC)OC"",
      ""group_smarts"": ""[CX4H1](-O)(-O)"",
      ""atom_specific_smarts"": ""[CX4H1](-[OX2H0])(-[OX2H0])(-[C,c])"",
      ""description"": ""Acetal methine carbon bearing one hydrogen, one carbon (R) substituent, and two ether oxygens."",
      ""uncertainty"": ""low""
    },
    {
      ""atom_type"": 195,
      ""element"": ""C"",
      ""chemical_environment"": ""Secondary hemiacetal center with one carbon substituent, one ether oxygen, and one hydroxyl (O-CH(-R)-OH)."",
      ""functional_group"": ""hemiacetal (OCHROH)"",
      ""hybridization"": ""sp3"",
      ""example_molecule_smiles"": ""CC(O)OC"",
      ""group_smarts"": ""[CX4H1](-O)(-O)"",
      ""atom_specific_smarts"": ""[CX4H1](-[OX2H0])(-[OX2H])(-[C,c])"",
      ""description"": ""Hemiacetal methine carbon with one H, one carbon substituent, one ether O and one hydroxyl O."",
      ""uncertainty"": ""low""
    },
    {
      ""atom_type"": 197,
      ""element"": ""C"",
      ""chemical_environment"": ""Tertiary acetal center with two carbon substituents and two ether oxygens (O-C(R)(R)-O)."",
      ""functional_group"": ""acetal (OCRRO)"",
      ""hybridization"": ""sp3"",
      ""example_molecule_smiles"": ""CC(C)(OC)OC"",
      ""group_smarts"": ""[CX4H0](-O)(-O)"",
      ""atom_specific_smarts"": ""[CX4H0](-[OX2H0])(-[OX2H0])(-[C,c])(-[C,c])"",
      ""description"": ""Acetal quaternary carbon (no H) bound to two ether oxygens and two carbon substituents."",
      ""uncertainty"": ""low""
    },
    {
      ""atom_type"": 198,
      ""element"": ""C"",
      ""chemical_environment"": ""Tertiary hemiacetal center with two carbon substituents, one ether oxygen, and one hydroxyl (O-C(R)(R)-OH)."",
      ""functional_group"": ""hemiacetal (OCRROH)"",
      ""hybridization"": ""sp3"",
      ""example_molecule_smiles"": ""CC(C)(O)OC"",
      ""group_smarts"": ""[CX4H0](-O)(-O)"",
      ""atom_specific_smarts"": ""[CX4H0](-[OX2H0])(-[OX2H])(-[C,c])(-[C,c])"",
      ""description"": ""Hemiacetal quaternary carbon (no H) with one hydroxyl O, one ether O, and two carbon substituents."",
      ""uncertainty"": ""low""
    },
    {
      ""atom_type"": 199,
      ""element"": ""C"",
      ""chemical_environment"": ""Aromatic ipso carbon of anisole bound to methoxy oxygen."",
      ""functional_group"": ""aryl ether (anisole, C(OMe))"",
      ""hybridization"": ""sp2 (aromatic)"",
      ""example_molecule_smiles"": ""COc1ccccc1"",
      ""group_smarts"": ""[cX3](-[OX2H0]-[C])"",
      ""atom_specific_smarts"": ""[cX3](-[OX2H0]-[CH3])"",
      ""description"": ""Ipso phenyl carbon attached to an ether oxygen that bears a methyl group (methoxy substituent)."",
      ""uncertainty"": ""low""
    },
    {
      ""atom_type"": 206,
      ""element"": ""C"",
      ""chemical_environment"": ""Alpha carbon to thiol sulfur in primary thiols (R-CH2-SH)."",
      ""functional_group"": ""thiol alpha carbon (CH2)"",
      ""hybridization"": ""sp3"",
      ""example_molecule_smiles"": ""CCS"",
      ""group_smarts"": ""[CX4]-[SH1]"",
      ""atom_specific_smarts"": ""[CH2X4]-[SH1]"",
      ""description"": ""Methylene carbon directly bonded to sulfur bearing hydrogen (thiol S-H)."",
      ""uncertainty"": ""low""
    },
    {
      ""atom_type"": 207,
      ""element"": ""C"",
      ""chemical_environment"": ""Alpha carbon to thiol sulfur in secondary thiols (R2CH-SH)."",
      ""functional_group"": ""thiol alpha carbon (CH)"",
      ""hybridization"": ""sp3"",
      ""example_molecule_smiles"": ""CC(C)S"",
      ""group_smarts"": ""[CX4]-[SH1]"",
      ""atom_specific_smarts"": ""[CHX4]-[SH1]"",
      ""description"": ""Methine carbon directly bonded to thiol sulfur (S-H), bearing one hydrogen and two carbon substituents."",
      ""uncertainty"": ""low""
    },
    {
      ""atom_type"": 208,
      ""element"": ""C"",
      ""chemical_environment"": ""Alpha carbon to thiol sulfur in tertiary centers (R3C-SH)."",
      ""functional_group"": ""thiol alpha carbon (quaternary C)"",
      ""hybridization"": ""sp3"",
      ""example_molecule_smiles"": ""CC(C)(C)S"",
      ""group_smarts"": ""[CX4]-[SH1]"",
      ""atom_specific_smarts"": ""[CX4H0]-[SH1]"",
      ""description"": ""Quaternary carbon (no hydrogens) directly bonded to thiol sulfur (S-H)."",
      ""uncertainty"": ""low""
    },
    {
      ""atom_type"": 209,
      ""element"": ""C"",
      ""chemical_environment"": ""Alpha methyl carbon to thioether sulfur (sulfide, R-S-R')."",
      ""functional_group"": ""sulfide alpha carbon (CH3)"",
      ""hybridization"": ""sp3"",
      ""example_molecule_smiles"": ""CSC"",
      ""group_smarts"": ""[CX4]-[S;X2;H0;!$(*-S-*)]"",
      ""atom_specific_smarts"": ""[CH3X4]-[S;X2;H0;!$(*-S-*)]"",
      ""description"": ""Terminal methyl carbon directly bonded to a thioether sulfur (S with no H and not in disulfide)."",
      ""uncertainty"": ""low""
    },
    {
      ""atom_type"": 210,
      ""element"": ""C"",
      ""chemical_environment"": ""Alpha methylene carbon to thioether sulfur (sulfide)."",
      ""functional_group"": ""sulfide alpha carbon (CH2)"",
      ""hybridization"": ""sp3"",
      ""example_molecule_smiles"": ""CSCC"",
      ""group_smarts"": ""[CX4]-[S;X2;H0;!$(*-S-*)]"",
      ""atom_specific_smarts"": ""[CH2X4]-[S;X2;H0;!$(*-S-*)]"",
      ""description"": ""Methylene carbon directly bonded to a thioether sulfur (S with no H and not S–S)."",
      ""uncertainty"": ""low""
    },
    {
      ""atom_type"": 211,
      ""element"": ""C"",
      ""chemical_environment"": ""Alpha methine carbon to thioether sulfur (sulfide)."",
      ""functional_group"": ""sulfide alpha carbon (CH)"",
      ""hybridization"": ""sp3"",
      ""example_molecule_smiles"": ""CC(SC)C"",
      ""group_smarts"": ""[CX4]-[S;X2;H0;!$(*-S-*)]"",
      ""atom_specific_smarts"": ""[CHX4]-[S;X2;H0;!$(*-S-*)]"",
      ""description"": ""Methine carbon directly bonded to a thioether sulfur (S with no H and not in disulfide)."",
      ""uncertainty"": ""low""
    },
    {
      ""atom_type"": 212,
      ""element"": ""C"",
      ""chemical_environment"": ""Alpha quaternary carbon to thioether sulfur (sulfide)."",
      ""functional_group"": ""sulfide alpha carbon (quaternary C)"",
      ""hybridization"": ""sp3"",
      ""example_molecule_smiles"": ""CSC(C)(C)C"",
      ""group_smarts"": ""[CX4]-[S;X2;H0;!$(*-S-*)]"",
      ""atom_specific_smarts"": ""[CX4H0]-[S;X2;H0;!$(*-S-*)]"",
      ""description"": ""Quaternary carbon (no H) directly bonded to thioether sulfur (not part of S–S)."",
      ""uncertainty"": ""low""
    },
    {
      ""atom_type"": 213,
      ""element"": ""C"",
      ""chemical_environment"": ""Alpha methyl carbon to disulfide sulfur (R-S-S-R')."",
      ""functional_group"": ""disulfide alpha carbon (CH3)"",
      ""hybridization"": ""sp3"",
      ""example_molecule_smiles"": ""CSSC"",
      ""group_smarts"": ""[CX4]-[S;X2;H0]-[S;X2;H0]"",
      ""atom_specific_smarts"": ""[CH3X4]-[S;X2;H0]-[S;X2;H0]"",
      ""description"": ""Terminal methyl carbon directly bonded to sulfur that is itself bonded to another sulfur (disulfide)."",
      ""uncertainty"": ""low""
    },
    {
      ""atom_type"": 214,
      ""element"": ""C"",
      ""chemical_environment"": ""Alpha methylene carbon to disulfide sulfur."",
      ""functional_group"": ""disulfide alpha carbon (CH2)"",
      ""hybridization"": ""sp3"",
      ""example_molecule_smiles"": ""CSSCC"",
      ""group_smarts"": ""[CX4]-[S;X2;H0]-[S;X2;H0]"",
      ""atom_specific_smarts"": ""[CH2X4]-[S;X2;H0]-[S;X2;H0]"",
      ""description"": ""Methylene carbon directly bonded to sulfur that participates in an S–S bond."",
      ""uncertainty"": ""low""
    },
    {
      ""atom_type"": 215,
      ""element"": ""C"",
      ""chemical_environment"": ""Alpha methine carbon to disulfide sulfur."",
      ""functional_group"": ""disulfide alpha carbon (CH)"",
      ""hybridization"": ""sp3"",
      ""example_molecule_smiles"": ""CC(SSC)C"",
      ""group_smarts"": ""[CX4]-[S;X2;H0]-[S;X2;H0]"",
      ""atom_specific_smarts"": ""[CHX4]-[S;X2;H0]-[S;X2;H0]"",
      ""description"": ""Methine carbon directly bonded to sulfur that is bonded to another sulfur (S–S)."",
      ""uncertainty"": ""low""
    },
    {
      ""atom_type"": 216,
      ""element"": ""C"",
      ""chemical_environment"": ""Alpha quaternary carbon to disulfide sulfur."",
      ""functional_group"": ""disulfide alpha carbon (quaternary C)"",
      ""hybridization"": ""sp3"",
      ""example_molecule_smiles"": ""CC(C)(C)SSC"",
      ""group_smarts"": ""[CX4]-[S;X2;H0]-[S;X2;H0]"",
      ""atom_specific_smarts"": ""[CX4H0]-[S;X2;H0]-[S;X2;H0]"",
      ""description"": ""Quaternary carbon (no H) directly bonded to sulfur that forms a disulfide linkage."",
      ""uncertainty"": ""low""
    },
    {
      ""atom_type"": 217,
      ""element"": ""C"",
      ""chemical_environment"": ""Methyl carbon of methanethiol (CH3-SH), alpha to thiol sulfur."",
      ""functional_group"": ""thiol alpha carbon (CH3, methanethiol)"",
      ""hybridization"": ""sp3"",
      ""example_molecule_smiles"": ""CS"",
      ""group_smarts"": ""[CX4]-[SH1]"",
      ""atom_specific_smarts"": ""[CH3X4]-[SH1]"",
      ""description"": ""Terminal methyl carbon directly bonded to sulfur bearing hydrogen (specifically Me–SH)."",
      ""uncertainty"": ""low""
    },
    {
      ""atom_type"": 218,
      ""element"": ""C"",
      ""chemical_environment"": ""Benzylic methylene carbon in benzyl alcohols (Ar-CH2-OH)."",
      ""functional_group"": ""benzylic alcohol (CH2OH on aryl)"",
      ""hybridization"": ""sp3"",
      ""example_molecule_smiles"": ""c1ccccc1CO"",
      ""group_smarts"": ""[CH2X4](-[OX2H])(-[c])"",
      ""atom_specific_smarts"": ""[CH2X4](-[OX2H])(-[c])"",
      ""description"": ""Benzylic CH2 linking an aromatic carbon and a hydroxyl oxygen in benzyl alcohol (Ph–CH2–OH)."",
      ""uncertainty"": ""low""
    }
  ]
}"
209,-0.0125,"C  - CT   | all-atom C: CH3, sulfides OPLS-AA/L",12.011,oplsaa2024.lt,C,6,"Convert the following OPLS-AA atom type rows:

Atom Type Data:
- Atom index: 189
- Force field raw info: C  - CO   | C(H2O2): acetal OCH2O
- Partial charge: 0.06
- Atomic mass: 12.011
- Element guess: C
- Atomic number: 6
- Source file: oplsaa2024.lt


Atom Type Data:
- Atom index: 191
- Force field raw info: C  - CO   | C(H2O2): hemiacetal OCH2OH
- Partial charge: 0.195
- Atomic mass: 12.011
- Element guess: C
- Atomic number: 6
- Source file: oplsaa2024.lt


Atom Type Data:
- Atom index: 193
- Force field raw info: C  - CO   | C(HCO2): acetal OCHRO
- Partial charge: 0.16
- Atomic mass: 12.011
- Element guess: C
- Atomic number: 6
- Source file: oplsaa2024.lt


Atom Type Data:
- Atom index: 195
- Force field raw info: C  - CO   | C(HCO2): hemiacetal OCHROH
- Partial charge: 0.295
- Atomic mass: 12.011
- Element guess: C
- Atomic number: 6
- Source file: oplsaa2024.lt


Atom Type Data:
- Atom index: 197
- Force field raw info: C  - CO   | C(C2O2): acetal OCRRO
- Partial charge: 0.26
- Atomic mass: 12.011
- Element guess: C
- Atomic number: 6
- Source file: oplsaa2024.lt


Atom Type Data:
- Atom index: 198
- Force field raw info: C  - CO   | C(C2O2): hemiacetal OCRROH
- Partial charge: 0.395
- Atomic mass: 12.011
- Element guess: C
- Atomic number: 6
- Source file: oplsaa2024.lt


Atom Type Data:
- Atom index: 199
- Force field raw info: C  - CA   | C(OMe) anisole OPLS/2020
- Partial charge: 0.085
- Atomic mass: 12.011
- Element guess: C
- Atomic number: 6
- Source file: oplsaa2024.lt


Atom Type Data:
- Atom index: 206
- Force field raw info: C  - CT   | all-atom C: CH2, thiols
- Partial charge: 0.06
- Atomic mass: 12.011
- Element guess: C
- Atomic number: 6
- Source file: oplsaa2024.lt


Atom Type Data:
- Atom index: 207
- Force field raw info: C  - CT   | all-atom C: CH, thiols
- Partial charge: 0.12
- Atomic mass: 12.011
- Element guess: C
- Atomic number: 6
- Source file: oplsaa2024.lt


Atom Type Data:
- Atom index: 208
- Force field raw info: C  - CT   | all-atom C: C, thiols
- Partial charge: 0.18
- Atomic mass: 12.011
- Element guess: C
- Atomic number: 6
- Source file: oplsaa2024.lt


Atom Type Data:
- Atom index: 209
- Force field raw info: C  - CT   | all-atom C: CH3, sulfides OPLS-AA/L
- Partial charge: -0.0125
- Atomic mass: 12.011
- Element guess: C
- Atomic number: 6
- Source file: oplsaa2024.lt


Atom Type Data:
- Atom index: 210
- Force field raw info: C  - CT   | all-atom C: CH2, sulfides OPLS-AA/L
- Partial charge: 0.0475
- Atomic mass: 12.011
- Element guess: C
- Atomic number: 6
- Source file: oplsaa2024.lt


Atom Type Data:
- Atom index: 211
- Force field raw info: C  - CT   | all-atom C: CH, sulfides OPLS-AA/L
- Partial charge: 0.1175
- Atomic mass: 12.011
- Element guess: C
- Atomic number: 6
- Source file: oplsaa2024.lt


Atom Type Data:
- Atom index: 212
- Force field raw info: C  - CT   | all-atom C: C, sulfides OPLS-AA/L
- Partial charge: 0.1675
- Atomic mass: 12.011
- Element guess: C
- Atomic number: 6
- Source file: oplsaa2024.lt


Atom Type Data:
- Atom index: 213
- Force field raw info: C  - CT   | all-atom C: CH3, disulfides
- Partial charge: 0.0375
- Atomic mass: 12.011
- Element guess: C
- Atomic number: 6
- Source file: oplsaa2024.lt


Atom Type Data:
- Atom index: 214
- Force field raw info: C  - CT   | all-atom C: CH2, disulfides
- Partial charge: 0.0975
- Atomic mass: 12.011
- Element guess: C
- Atomic number: 6
- Source file: oplsaa2024.lt


Atom Type Data:
- Atom index: 215
- Force field raw info: C  - CT   | all-atom C: CH, disulfides
- Partial charge: 0.1575
- Atomic mass: 12.011
- Element guess: C
- Atomic number: 6
- Source file: oplsaa2024.lt


Atom Type Data:
- Atom index: 216
- Force field raw info: C  - CT   | all-atom C: C, disulfides
- Partial charge: 0.2175
- Atomic mass: 12.011
- Element guess: C
- Atomic number: 6
- Source file: oplsaa2024.lt


Atom Type Data:
- Atom index: 217
- Force field raw info: C  - CT   | all-atom C: CH3, methanethiol
- Partial charge: 0.0
- Atomic mass: 12.011
- Element guess: C
- Atomic number: 6
- Source file: oplsaa2024.lt


Atom Type Data:
- Atom index: 218
- Force field raw info: C  - CT   | C in CH2OH - benzyl alcohols
- Partial charge: 0.2
- Atomic mass: 12.011
- Element guess: C
- Atomic number: 6
- Source file: oplsaa2024.lt
","{
  ""atom_types"": [
    {
      ""atom_type"": 189,
      ""element"": ""C"",
      ""chemical_environment"": ""Acetal methylene carbon bonded to two ether oxygens (O-CH2-O)."",
      ""functional_group"": ""acetal (OCH2O, formal acetal)"",
      ""hybridization"": ""sp3"",
      ""example_molecule_smiles"": ""COCOC"",
      ""group_smarts"": ""[CX4H2](-[OX2])(-[OX2])"",
      ""atom_specific_smarts"": ""[CX4H2](-[OX2H0])(-[OX2H0])"",
      ""description"": ""Central CH2 carbon in dimethoxy methane-type acetals; two single-bonded ether O neighbors and two hydrogens."",
      ""uncertainty"": ""low""
    },
    {
      ""atom_type"": 191,
      ""element"": ""C"",
      ""chemical_environment"": ""Hemiacetal methylene carbon with one ether oxygen and one hydroxyl oxygen (O-CH2-OH)."",
      ""functional_group"": ""hemiacetal (OCH2OH)"",
      ""hybridization"": ""sp3"",
      ""example_molecule_smiles"": ""COCO"",
      ""group_smarts"": ""[CX4H2](-O)(-O)"",
      ""atom_specific_smarts"": ""[CX4H2](-[OX2H0])(-[OX2H])"",
      ""description"": ""Central CH2 carbon in a hemiacetal derived from formaldehyde; one O is an ether, the other is hydroxyl."",
      ""uncertainty"": ""low""
    },
    {
      ""atom_type"": 193,
      ""element"": ""C"",
      ""chemical_environment"": ""Secondary acetal center with one carbon substituent and two ether oxygens (O-CH(-R)-O)."",
      ""functional_group"": ""acetal (OCHRO)"",
      ""hybridization"": ""sp3"",
      ""example_molecule_smiles"": ""CC(OC)OC"",
      ""group_smarts"": ""[CX4H1](-O)(-O)"",
      ""atom_specific_smarts"": ""[CX4H1](-[OX2H0])(-[OX2H0])(-[C,c])"",
      ""description"": ""Acetal methine carbon bearing one hydrogen, one carbon (R) substituent, and two ether oxygens."",
      ""uncertainty"": ""low""
    },
    {
      ""atom_type"": 195,
      ""element"": ""C"",
      ""chemical_environment"": ""Secondary hemiacetal center with one carbon substituent, one ether oxygen, and one hydroxyl (O-CH(-R)-OH)."",
      ""functional_group"": ""hemiacetal (OCHROH)"",
      ""hybridization"": ""sp3"",
      ""example_molecule_smiles"": ""CC(O)OC"",
      ""group_smarts"": ""[CX4H1](-O)(-O)"",
      ""atom_specific_smarts"": ""[CX4H1](-[OX2H0])(-[OX2H])(-[C,c])"",
      ""description"": ""Hemiacetal methine carbon with one H, one carbon substituent, one ether O and one hydroxyl O."",
      ""uncertainty"": ""low""
    },
    {
      ""atom_type"": 197,
      ""element"": ""C"",
      ""chemical_environment"": ""Tertiary acetal center with two carbon substituents and two ether oxygens (O-C(R)(R)-O)."",
      ""functional_group"": ""acetal (OCRRO)"",
      ""hybridization"": ""sp3"",
      ""example_molecule_smiles"": ""CC(C)(OC)OC"",
      ""group_smarts"": ""[CX4H0](-O)(-O)"",
      ""atom_specific_smarts"": ""[CX4H0](-[OX2H0])(-[OX2H0])(-[C,c])(-[C,c])"",
      ""description"": ""Acetal quaternary carbon (no H) bound to two ether oxygens and two carbon substituents."",
      ""uncertainty"": ""low""
    },
    {
      ""atom_type"": 198,
      ""element"": ""C"",
      ""chemical_environment"": ""Tertiary hemiacetal center with two carbon substituents, one ether oxygen, and one hydroxyl (O-C(R)(R)-OH)."",
      ""functional_group"": ""hemiacetal (OCRROH)"",
      ""hybridization"": ""sp3"",
      ""example_molecule_smiles"": ""CC(C)(O)OC"",
      ""group_smarts"": ""[CX4H0](-O)(-O)"",
      ""atom_specific_smarts"": ""[CX4H0](-[OX2H0])(-[OX2H])(-[C,c])(-[C,c])"",
      ""description"": ""Hemiacetal quaternary carbon (no H) with one hydroxyl O, one ether O, and two carbon substituents."",
      ""uncertainty"": ""low""
    },
    {
      ""atom_type"": 199,
      ""element"": ""C"",
      ""chemical_environment"": ""Aromatic ipso carbon of anisole bound to methoxy oxygen."",
      ""functional_group"": ""aryl ether (anisole, C(OMe))"",
      ""hybridization"": ""sp2 (aromatic)"",
      ""example_molecule_smiles"": ""COc1ccccc1"",
      ""group_smarts"": ""[cX3](-[OX2H0]-[C])"",
      ""atom_specific_smarts"": ""[cX3](-[OX2H0]-[CH3])"",
      ""description"": ""Ipso phenyl carbon attached to an ether oxygen that bears a methyl group (methoxy substituent)."",
      ""uncertainty"": ""low""
    },
    {
      ""atom_type"": 206,
      ""element"": ""C"",
      ""chemical_environment"": ""Alpha carbon to thiol sulfur in primary thiols (R-CH2-SH)."",
      ""functional_group"": ""thiol alpha carbon (CH2)"",
      ""hybridization"": ""sp3"",
      ""example_molecule_smiles"": ""CCS"",
      ""group_smarts"": ""[CX4]-[SH1]"",
      ""atom_specific_smarts"": ""[CH2X4]-[SH1]"",
      ""description"": ""Methylene carbon directly bonded to sulfur bearing hydrogen (thiol S-H)."",
      ""uncertainty"": ""low""
    },
    {
      ""atom_type"": 207,
      ""element"": ""C"",
      ""chemical_environment"": ""Alpha carbon to thiol sulfur in secondary thiols (R2CH-SH)."",
      ""functional_group"": ""thiol alpha carbon (CH)"",
      ""hybridization"": ""sp3"",
      ""example_molecule_smiles"": ""CC(C)S"",
      ""group_smarts"": ""[CX4]-[SH1]"",
      ""atom_specific_smarts"": ""[CHX4]-[SH1]"",
      ""description"": ""Methine carbon directly bonded to thiol sulfur (S-H), bearing one hydrogen and two carbon substituents."",
      ""uncertainty"": ""low""
    },
    {
      ""atom_type"": 208,
      ""element"": ""C"",
      ""chemical_environment"": ""Alpha carbon to thiol sulfur in tertiary centers (R3C-SH)."",
      ""functional_group"": ""thiol alpha carbon (quaternary C)"",
      ""hybridization"": ""sp3"",
      ""example_molecule_smiles"": ""CC(C)(C)S"",
      ""group_smarts"": ""[CX4]-[SH1]"",
      ""atom_specific_smarts"": ""[CX4H0]-[SH1]"",
      ""description"": ""Quaternary carbon (no hydrogens) directly bonded to thiol sulfur (S-H)."",
      ""uncertainty"": ""low""
    },
    {
      ""atom_type"": 209,
      ""element"": ""C"",
      ""chemical_environment"": ""Alpha methyl carbon to thioether sulfur (sulfide, R-S-R')."",
      ""functional_group"": ""sulfide alpha carbon (CH3)"",
      ""hybridization"": ""sp3"",
      ""example_molecule_smiles"": ""CSC"",
      ""group_smarts"": ""[CX4]-[S;X2;H0;!$(*-S-*)]"",
      ""atom_specific_smarts"": ""[CH3X4]-[S;X2;H0;!$(*-S-*)]"",
      ""description"": ""Terminal methyl carbon directly bonded to a thioether sulfur (S with no H and not in disulfide)."",
      ""uncertainty"": ""low""
    },
    {
      ""atom_type"": 210,
      ""element"": ""C"",
      ""chemical_environment"": ""Alpha methylene carbon to thioether sulfur (sulfide)."",
      ""functional_group"": ""sulfide alpha carbon (CH2)"",
      ""hybridization"": ""sp3"",
      ""example_molecule_smiles"": ""CSCC"",
      ""group_smarts"": ""[CX4]-[S;X2;H0;!$(*-S-*)]"",
      ""atom_specific_smarts"": ""[CH2X4]-[S;X2;H0;!$(*-S-*)]"",
      ""description"": ""Methylene carbon directly bonded to a thioether sulfur (S with no H and not S–S)."",
      ""uncertainty"": ""low""
    },
    {
      ""atom_type"": 211,
      ""element"": ""C"",
      ""chemical_environment"": ""Alpha methine carbon to thioether sulfur (sulfide)."",
      ""functional_group"": ""sulfide alpha carbon (CH)"",
      ""hybridization"": ""sp3"",
      ""example_molecule_smiles"": ""CC(SC)C"",
      ""group_smarts"": ""[CX4]-[S;X2;H0;!$(*-S-*)]"",
      ""atom_specific_smarts"": ""[CHX4]-[S;X2;H0;!$(*-S-*)]"",
      ""description"": ""Methine carbon directly bonded to a thioether sulfur (S with no H and not in disulfide)."",
      ""uncertainty"": ""low""
    },
    {
      ""atom_type"": 212,
      ""element"": ""C"",
      ""chemical_environment"": ""Alpha quaternary carbon to thioether sulfur (sulfide)."",
      ""functional_group"": ""sulfide alpha carbon (quaternary C)"",
      ""hybridization"": ""sp3"",
      ""example_molecule_smiles"": ""CSC(C)(C)C"",
      ""group_smarts"": ""[CX4]-[S;X2;H0;!$(*-S-*)]"",
      ""atom_specific_smarts"": ""[CX4H0]-[S;X2;H0;!$(*-S-*)]"",
      ""description"": ""Quaternary carbon (no H) directly bonded to thioether sulfur (not part of S–S)."",
      ""uncertainty"": ""low""
    },
    {
      ""atom_type"": 213,
      ""element"": ""C"",
      ""chemical_environment"": ""Alpha methyl carbon to disulfide sulfur (R-S-S-R')."",
      ""functional_group"": ""disulfide alpha carbon (CH3)"",
      ""hybridization"": ""sp3"",
      ""example_molecule_smiles"": ""CSSC"",
      ""group_smarts"": ""[CX4]-[S;X2;H0]-[S;X2;H0]"",
      ""atom_specific_smarts"": ""[CH3X4]-[S;X2;H0]-[S;X2;H0]"",
      ""description"": ""Terminal methyl carbon directly bonded to sulfur that is itself bonded to another sulfur (disulfide)."",
      ""uncertainty"": ""low""
    },
    {
      ""atom_type"": 214,
      ""element"": ""C"",
      ""chemical_environment"": ""Alpha methylene carbon to disulfide sulfur."",
      ""functional_group"": ""disulfide alpha carbon (CH2)"",
      ""hybridization"": ""sp3"",
      ""example_molecule_smiles"": ""CSSCC"",
      ""group_smarts"": ""[CX4]-[S;X2;H0]-[S;X2;H0]"",
      ""atom_specific_smarts"": ""[CH2X4]-[S;X2;H0]-[S;X2;H0]"",
      ""description"": ""Methylene carbon directly bonded to sulfur that participates in an S–S bond."",
      ""uncertainty"": ""low""
    },
    {
      ""atom_type"": 215,
      ""element"": ""C"",
      ""chemical_environment"": ""Alpha methine carbon to disulfide sulfur."",
      ""functional_group"": ""disulfide alpha carbon (CH)"",
      ""hybridization"": ""sp3"",
      ""example_molecule_smiles"": ""CC(SSC)C"",
      ""group_smarts"": ""[CX4]-[S;X2;H0]-[S;X2;H0]"",
      ""atom_specific_smarts"": ""[CHX4]-[S;X2;H0]-[S;X2;H0]"",
      ""description"": ""Methine carbon directly bonded to sulfur that is bonded to another sulfur (S–S)."",
      ""uncertainty"": ""low""
    },
    {
      ""atom_type"": 216,
      ""element"": ""C"",
      ""chemical_environment"": ""Alpha quaternary carbon to disulfide sulfur."",
      ""functional_group"": ""disulfide alpha carbon (quaternary C)"",
      ""hybridization"": ""sp3"",
      ""example_molecule_smiles"": ""CC(C)(C)SSC"",
      ""group_smarts"": ""[CX4]-[S;X2;H0]-[S;X2;H0]"",
      ""atom_specific_smarts"": ""[CX4H0]-[S;X2;H0]-[S;X2;H0]"",
      ""description"": ""Quaternary carbon (no H) directly bonded to sulfur that forms a disulfide linkage."",
      ""uncertainty"": ""low""
    },
    {
      ""atom_type"": 217,
      ""element"": ""C"",
      ""chemical_environment"": ""Methyl carbon of methanethiol (CH3-SH), alpha to thiol sulfur."",
      ""functional_group"": ""thiol alpha carbon (CH3, methanethiol)"",
      ""hybridization"": ""sp3"",
      ""example_molecule_smiles"": ""CS"",
      ""group_smarts"": ""[CX4]-[SH1]"",
      ""atom_specific_smarts"": ""[CH3X4]-[SH1]"",
      ""description"": ""Terminal methyl carbon directly bonded to sulfur bearing hydrogen (specifically Me–SH)."",
      ""uncertainty"": ""low""
    },
    {
      ""atom_type"": 218,
      ""element"": ""C"",
      ""chemical_environment"": ""Benzylic methylene carbon in benzyl alcohols (Ar-CH2-OH)."",
      ""functional_group"": ""benzylic alcohol (CH2OH on aryl)"",
      ""hybridization"": ""sp3"",
      ""example_molecule_smiles"": ""c1ccccc1CO"",
      ""group_smarts"": ""[CH2X4](-[OX2H])(-[c])"",
      ""atom_specific_smarts"": ""[CH2X4](-[OX2H])(-[c])"",
      ""description"": ""Benzylic CH2 linking an aromatic carbon and a hydroxyl oxygen in benzyl alcohol (Ph–CH2–OH)."",
      ""uncertainty"": ""low""
    }
  ]
}"
210,0.0475,"C  - CT   | all-atom C: CH2, sulfides OPLS-AA/L",12.011,oplsaa2024.lt,C,6,"Convert the following OPLS-AA atom type rows:

Atom Type Data:
- Atom index: 189
- Force field raw info: C  - CO   | C(H2O2): acetal OCH2O
- Partial charge: 0.06
- Atomic mass: 12.011
- Element guess: C
- Atomic number: 6
- Source file: oplsaa2024.lt


Atom Type Data:
- Atom index: 191
- Force field raw info: C  - CO   | C(H2O2): hemiacetal OCH2OH
- Partial charge: 0.195
- Atomic mass: 12.011
- Element guess: C
- Atomic number: 6
- Source file: oplsaa2024.lt


Atom Type Data:
- Atom index: 193
- Force field raw info: C  - CO   | C(HCO2): acetal OCHRO
- Partial charge: 0.16
- Atomic mass: 12.011
- Element guess: C
- Atomic number: 6
- Source file: oplsaa2024.lt


Atom Type Data:
- Atom index: 195
- Force field raw info: C  - CO   | C(HCO2): hemiacetal OCHROH
- Partial charge: 0.295
- Atomic mass: 12.011
- Element guess: C
- Atomic number: 6
- Source file: oplsaa2024.lt


Atom Type Data:
- Atom index: 197
- Force field raw info: C  - CO   | C(C2O2): acetal OCRRO
- Partial charge: 0.26
- Atomic mass: 12.011
- Element guess: C
- Atomic number: 6
- Source file: oplsaa2024.lt


Atom Type Data:
- Atom index: 198
- Force field raw info: C  - CO   | C(C2O2): hemiacetal OCRROH
- Partial charge: 0.395
- Atomic mass: 12.011
- Element guess: C
- Atomic number: 6
- Source file: oplsaa2024.lt


Atom Type Data:
- Atom index: 199
- Force field raw info: C  - CA   | C(OMe) anisole OPLS/2020
- Partial charge: 0.085
- Atomic mass: 12.011
- Element guess: C
- Atomic number: 6
- Source file: oplsaa2024.lt


Atom Type Data:
- Atom index: 206
- Force field raw info: C  - CT   | all-atom C: CH2, thiols
- Partial charge: 0.06
- Atomic mass: 12.011
- Element guess: C
- Atomic number: 6
- Source file: oplsaa2024.lt


Atom Type Data:
- Atom index: 207
- Force field raw info: C  - CT   | all-atom C: CH, thiols
- Partial charge: 0.12
- Atomic mass: 12.011
- Element guess: C
- Atomic number: 6
- Source file: oplsaa2024.lt


Atom Type Data:
- Atom index: 208
- Force field raw info: C  - CT   | all-atom C: C, thiols
- Partial charge: 0.18
- Atomic mass: 12.011
- Element guess: C
- Atomic number: 6
- Source file: oplsaa2024.lt


Atom Type Data:
- Atom index: 209
- Force field raw info: C  - CT   | all-atom C: CH3, sulfides OPLS-AA/L
- Partial charge: -0.0125
- Atomic mass: 12.011
- Element guess: C
- Atomic number: 6
- Source file: oplsaa2024.lt


Atom Type Data:
- Atom index: 210
- Force field raw info: C  - CT   | all-atom C: CH2, sulfides OPLS-AA/L
- Partial charge: 0.0475
- Atomic mass: 12.011
- Element guess: C
- Atomic number: 6
- Source file: oplsaa2024.lt


Atom Type Data:
- Atom index: 211
- Force field raw info: C  - CT   | all-atom C: CH, sulfides OPLS-AA/L
- Partial charge: 0.1175
- Atomic mass: 12.011
- Element guess: C
- Atomic number: 6
- Source file: oplsaa2024.lt


Atom Type Data:
- Atom index: 212
- Force field raw info: C  - CT   | all-atom C: C, sulfides OPLS-AA/L
- Partial charge: 0.1675
- Atomic mass: 12.011
- Element guess: C
- Atomic number: 6
- Source file: oplsaa2024.lt


Atom Type Data:
- Atom index: 213
- Force field raw info: C  - CT   | all-atom C: CH3, disulfides
- Partial charge: 0.0375
- Atomic mass: 12.011
- Element guess: C
- Atomic number: 6
- Source file: oplsaa2024.lt


Atom Type Data:
- Atom index: 214
- Force field raw info: C  - CT   | all-atom C: CH2, disulfides
- Partial charge: 0.0975
- Atomic mass: 12.011
- Element guess: C
- Atomic number: 6
- Source file: oplsaa2024.lt


Atom Type Data:
- Atom index: 215
- Force field raw info: C  - CT   | all-atom C: CH, disulfides
- Partial charge: 0.1575
- Atomic mass: 12.011
- Element guess: C
- Atomic number: 6
- Source file: oplsaa2024.lt


Atom Type Data:
- Atom index: 216
- Force field raw info: C  - CT   | all-atom C: C, disulfides
- Partial charge: 0.2175
- Atomic mass: 12.011
- Element guess: C
- Atomic number: 6
- Source file: oplsaa2024.lt


Atom Type Data:
- Atom index: 217
- Force field raw info: C  - CT   | all-atom C: CH3, methanethiol
- Partial charge: 0.0
- Atomic mass: 12.011
- Element guess: C
- Atomic number: 6
- Source file: oplsaa2024.lt


Atom Type Data:
- Atom index: 218
- Force field raw info: C  - CT   | C in CH2OH - benzyl alcohols
- Partial charge: 0.2
- Atomic mass: 12.011
- Element guess: C
- Atomic number: 6
- Source file: oplsaa2024.lt
","{
  ""atom_types"": [
    {
      ""atom_type"": 189,
      ""element"": ""C"",
      ""chemical_environment"": ""Acetal methylene carbon bonded to two ether oxygens (O-CH2-O)."",
      ""functional_group"": ""acetal (OCH2O, formal acetal)"",
      ""hybridization"": ""sp3"",
      ""example_molecule_smiles"": ""COCOC"",
      ""group_smarts"": ""[CX4H2](-[OX2])(-[OX2])"",
      ""atom_specific_smarts"": ""[CX4H2](-[OX2H0])(-[OX2H0])"",
      ""description"": ""Central CH2 carbon in dimethoxy methane-type acetals; two single-bonded ether O neighbors and two hydrogens."",
      ""uncertainty"": ""low""
    },
    {
      ""atom_type"": 191,
      ""element"": ""C"",
      ""chemical_environment"": ""Hemiacetal methylene carbon with one ether oxygen and one hydroxyl oxygen (O-CH2-OH)."",
      ""functional_group"": ""hemiacetal (OCH2OH)"",
      ""hybridization"": ""sp3"",
      ""example_molecule_smiles"": ""COCO"",
      ""group_smarts"": ""[CX4H2](-O)(-O)"",
      ""atom_specific_smarts"": ""[CX4H2](-[OX2H0])(-[OX2H])"",
      ""description"": ""Central CH2 carbon in a hemiacetal derived from formaldehyde; one O is an ether, the other is hydroxyl."",
      ""uncertainty"": ""low""
    },
    {
      ""atom_type"": 193,
      ""element"": ""C"",
      ""chemical_environment"": ""Secondary acetal center with one carbon substituent and two ether oxygens (O-CH(-R)-O)."",
      ""functional_group"": ""acetal (OCHRO)"",
      ""hybridization"": ""sp3"",
      ""example_molecule_smiles"": ""CC(OC)OC"",
      ""group_smarts"": ""[CX4H1](-O)(-O)"",
      ""atom_specific_smarts"": ""[CX4H1](-[OX2H0])(-[OX2H0])(-[C,c])"",
      ""description"": ""Acetal methine carbon bearing one hydrogen, one carbon (R) substituent, and two ether oxygens."",
      ""uncertainty"": ""low""
    },
    {
      ""atom_type"": 195,
      ""element"": ""C"",
      ""chemical_environment"": ""Secondary hemiacetal center with one carbon substituent, one ether oxygen, and one hydroxyl (O-CH(-R)-OH)."",
      ""functional_group"": ""hemiacetal (OCHROH)"",
      ""hybridization"": ""sp3"",
      ""example_molecule_smiles"": ""CC(O)OC"",
      ""group_smarts"": ""[CX4H1](-O)(-O)"",
      ""atom_specific_smarts"": ""[CX4H1](-[OX2H0])(-[OX2H])(-[C,c])"",
      ""description"": ""Hemiacetal methine carbon with one H, one carbon substituent, one ether O and one hydroxyl O."",
      ""uncertainty"": ""low""
    },
    {
      ""atom_type"": 197,
      ""element"": ""C"",
      ""chemical_environment"": ""Tertiary acetal center with two carbon substituents and two ether oxygens (O-C(R)(R)-O)."",
      ""functional_group"": ""acetal (OCRRO)"",
      ""hybridization"": ""sp3"",
      ""example_molecule_smiles"": ""CC(C)(OC)OC"",
      ""group_smarts"": ""[CX4H0](-O)(-O)"",
      ""atom_specific_smarts"": ""[CX4H0](-[OX2H0])(-[OX2H0])(-[C,c])(-[C,c])"",
      ""description"": ""Acetal quaternary carbon (no H) bound to two ether oxygens and two carbon substituents."",
      ""uncertainty"": ""low""
    },
    {
      ""atom_type"": 198,
      ""element"": ""C"",
      ""chemical_environment"": ""Tertiary hemiacetal center with two carbon substituents, one ether oxygen, and one hydroxyl (O-C(R)(R)-OH)."",
      ""functional_group"": ""hemiacetal (OCRROH)"",
      ""hybridization"": ""sp3"",
      ""example_molecule_smiles"": ""CC(C)(O)OC"",
      ""group_smarts"": ""[CX4H0](-O)(-O)"",
      ""atom_specific_smarts"": ""[CX4H0](-[OX2H0])(-[OX2H])(-[C,c])(-[C,c])"",
      ""description"": ""Hemiacetal quaternary carbon (no H) with one hydroxyl O, one ether O, and two carbon substituents."",
      ""uncertainty"": ""low""
    },
    {
      ""atom_type"": 199,
      ""element"": ""C"",
      ""chemical_environment"": ""Aromatic ipso carbon of anisole bound to methoxy oxygen."",
      ""functional_group"": ""aryl ether (anisole, C(OMe))"",
      ""hybridization"": ""sp2 (aromatic)"",
      ""example_molecule_smiles"": ""COc1ccccc1"",
      ""group_smarts"": ""[cX3](-[OX2H0]-[C])"",
      ""atom_specific_smarts"": ""[cX3](-[OX2H0]-[CH3])"",
      ""description"": ""Ipso phenyl carbon attached to an ether oxygen that bears a methyl group (methoxy substituent)."",
      ""uncertainty"": ""low""
    },
    {
      ""atom_type"": 206,
      ""element"": ""C"",
      ""chemical_environment"": ""Alpha carbon to thiol sulfur in primary thiols (R-CH2-SH)."",
      ""functional_group"": ""thiol alpha carbon (CH2)"",
      ""hybridization"": ""sp3"",
      ""example_molecule_smiles"": ""CCS"",
      ""group_smarts"": ""[CX4]-[SH1]"",
      ""atom_specific_smarts"": ""[CH2X4]-[SH1]"",
      ""description"": ""Methylene carbon directly bonded to sulfur bearing hydrogen (thiol S-H)."",
      ""uncertainty"": ""low""
    },
    {
      ""atom_type"": 207,
      ""element"": ""C"",
      ""chemical_environment"": ""Alpha carbon to thiol sulfur in secondary thiols (R2CH-SH)."",
      ""functional_group"": ""thiol alpha carbon (CH)"",
      ""hybridization"": ""sp3"",
      ""example_molecule_smiles"": ""CC(C)S"",
      ""group_smarts"": ""[CX4]-[SH1]"",
      ""atom_specific_smarts"": ""[CHX4]-[SH1]"",
      ""description"": ""Methine carbon directly bonded to thiol sulfur (S-H), bearing one hydrogen and two carbon substituents."",
      ""uncertainty"": ""low""
    },
    {
      ""atom_type"": 208,
      ""element"": ""C"",
      ""chemical_environment"": ""Alpha carbon to thiol sulfur in tertiary centers (R3C-SH)."",
      ""functional_group"": ""thiol alpha carbon (quaternary C)"",
      ""hybridization"": ""sp3"",
      ""example_molecule_smiles"": ""CC(C)(C)S"",
      ""group_smarts"": ""[CX4]-[SH1]"",
      ""atom_specific_smarts"": ""[CX4H0]-[SH1]"",
      ""description"": ""Quaternary carbon (no hydrogens) directly bonded to thiol sulfur (S-H)."",
      ""uncertainty"": ""low""
    },
    {
      ""atom_type"": 209,
      ""element"": ""C"",
      ""chemical_environment"": ""Alpha methyl carbon to thioether sulfur (sulfide, R-S-R')."",
      ""functional_group"": ""sulfide alpha carbon (CH3)"",
      ""hybridization"": ""sp3"",
      ""example_molecule_smiles"": ""CSC"",
      ""group_smarts"": ""[CX4]-[S;X2;H0;!$(*-S-*)]"",
      ""atom_specific_smarts"": ""[CH3X4]-[S;X2;H0;!$(*-S-*)]"",
      ""description"": ""Terminal methyl carbon directly bonded to a thioether sulfur (S with no H and not in disulfide)."",
      ""uncertainty"": ""low""
    },
    {
      ""atom_type"": 210,
      ""element"": ""C"",
      ""chemical_environment"": ""Alpha methylene carbon to thioether sulfur (sulfide)."",
      ""functional_group"": ""sulfide alpha carbon (CH2)"",
      ""hybridization"": ""sp3"",
      ""example_molecule_smiles"": ""CSCC"",
      ""group_smarts"": ""[CX4]-[S;X2;H0;!$(*-S-*)]"",
      ""atom_specific_smarts"": ""[CH2X4]-[S;X2;H0;!$(*-S-*)]"",
      ""description"": ""Methylene carbon directly bonded to a thioether sulfur (S with no H and not S–S)."",
      ""uncertainty"": ""low""
    },
    {
      ""atom_type"": 211,
      ""element"": ""C"",
      ""chemical_environment"": ""Alpha methine carbon to thioether sulfur (sulfide)."",
      ""functional_group"": ""sulfide alpha carbon (CH)"",
      ""hybridization"": ""sp3"",
      ""example_molecule_smiles"": ""CC(SC)C"",
      ""group_smarts"": ""[CX4]-[S;X2;H0;!$(*-S-*)]"",
      ""atom_specific_smarts"": ""[CHX4]-[S;X2;H0;!$(*-S-*)]"",
      ""description"": ""Methine carbon directly bonded to a thioether sulfur (S with no H and not in disulfide)."",
      ""uncertainty"": ""low""
    },
    {
      ""atom_type"": 212,
      ""element"": ""C"",
      ""chemical_environment"": ""Alpha quaternary carbon to thioether sulfur (sulfide)."",
      ""functional_group"": ""sulfide alpha carbon (quaternary C)"",
      ""hybridization"": ""sp3"",
      ""example_molecule_smiles"": ""CSC(C)(C)C"",
      ""group_smarts"": ""[CX4]-[S;X2;H0;!$(*-S-*)]"",
      ""atom_specific_smarts"": ""[CX4H0]-[S;X2;H0;!$(*-S-*)]"",
      ""description"": ""Quaternary carbon (no H) directly bonded to thioether sulfur (not part of S–S)."",
      ""uncertainty"": ""low""
    },
    {
      ""atom_type"": 213,
      ""element"": ""C"",
      ""chemical_environment"": ""Alpha methyl carbon to disulfide sulfur (R-S-S-R')."",
      ""functional_group"": ""disulfide alpha carbon (CH3)"",
      ""hybridization"": ""sp3"",
      ""example_molecule_smiles"": ""CSSC"",
      ""group_smarts"": ""[CX4]-[S;X2;H0]-[S;X2;H0]"",
      ""atom_specific_smarts"": ""[CH3X4]-[S;X2;H0]-[S;X2;H0]"",
      ""description"": ""Terminal methyl carbon directly bonded to sulfur that is itself bonded to another sulfur (disulfide)."",
      ""uncertainty"": ""low""
    },
    {
      ""atom_type"": 214,
      ""element"": ""C"",
      ""chemical_environment"": ""Alpha methylene carbon to disulfide sulfur."",
      ""functional_group"": ""disulfide alpha carbon (CH2)"",
      ""hybridization"": ""sp3"",
      ""example_molecule_smiles"": ""CSSCC"",
      ""group_smarts"": ""[CX4]-[S;X2;H0]-[S;X2;H0]"",
      ""atom_specific_smarts"": ""[CH2X4]-[S;X2;H0]-[S;X2;H0]"",
      ""description"": ""Methylene carbon directly bonded to sulfur that participates in an S–S bond."",
      ""uncertainty"": ""low""
    },
    {
      ""atom_type"": 215,
      ""element"": ""C"",
      ""chemical_environment"": ""Alpha methine carbon to disulfide sulfur."",
      ""functional_group"": ""disulfide alpha carbon (CH)"",
      ""hybridization"": ""sp3"",
      ""example_molecule_smiles"": ""CC(SSC)C"",
      ""group_smarts"": ""[CX4]-[S;X2;H0]-[S;X2;H0]"",
      ""atom_specific_smarts"": ""[CHX4]-[S;X2;H0]-[S;X2;H0]"",
      ""description"": ""Methine carbon directly bonded to sulfur that is bonded to another sulfur (S–S)."",
      ""uncertainty"": ""low""
    },
    {
      ""atom_type"": 216,
      ""element"": ""C"",
      ""chemical_environment"": ""Alpha quaternary carbon to disulfide sulfur."",
      ""functional_group"": ""disulfide alpha carbon (quaternary C)"",
      ""hybridization"": ""sp3"",
      ""example_molecule_smiles"": ""CC(C)(C)SSC"",
      ""group_smarts"": ""[CX4]-[S;X2;H0]-[S;X2;H0]"",
      ""atom_specific_smarts"": ""[CX4H0]-[S;X2;H0]-[S;X2;H0]"",
      ""description"": ""Quaternary carbon (no H) directly bonded to sulfur that forms a disulfide linkage."",
      ""uncertainty"": ""low""
    },
    {
      ""atom_type"": 217,
      ""element"": ""C"",
      ""chemical_environment"": ""Methyl carbon of methanethiol (CH3-SH), alpha to thiol sulfur."",
      ""functional_group"": ""thiol alpha carbon (CH3, methanethiol)"",
      ""hybridization"": ""sp3"",
      ""example_molecule_smiles"": ""CS"",
      ""group_smarts"": ""[CX4]-[SH1]"",
      ""atom_specific_smarts"": ""[CH3X4]-[SH1]"",
      ""description"": ""Terminal methyl carbon directly bonded to sulfur bearing hydrogen (specifically Me–SH)."",
      ""uncertainty"": ""low""
    },
    {
      ""atom_type"": 218,
      ""element"": ""C"",
      ""chemical_environment"": ""Benzylic methylene carbon in benzyl alcohols (Ar-CH2-OH)."",
      ""functional_group"": ""benzylic alcohol (CH2OH on aryl)"",
      ""hybridization"": ""sp3"",
      ""example_molecule_smiles"": ""c1ccccc1CO"",
      ""group_smarts"": ""[CH2X4](-[OX2H])(-[c])"",
      ""atom_specific_smarts"": ""[CH2X4](-[OX2H])(-[c])"",
      ""description"": ""Benzylic CH2 linking an aromatic carbon and a hydroxyl oxygen in benzyl alcohol (Ph–CH2–OH)."",
      ""uncertainty"": ""low""
    }
  ]
}"
211,0.1175,"C  - CT   | all-atom C: CH, sulfides OPLS-AA/L",12.011,oplsaa2024.lt,C,6,"Convert the following OPLS-AA atom type rows:

Atom Type Data:
- Atom index: 189
- Force field raw info: C  - CO   | C(H2O2): acetal OCH2O
- Partial charge: 0.06
- Atomic mass: 12.011
- Element guess: C
- Atomic number: 6
- Source file: oplsaa2024.lt


Atom Type Data:
- Atom index: 191
- Force field raw info: C  - CO   | C(H2O2): hemiacetal OCH2OH
- Partial charge: 0.195
- Atomic mass: 12.011
- Element guess: C
- Atomic number: 6
- Source file: oplsaa2024.lt


Atom Type Data:
- Atom index: 193
- Force field raw info: C  - CO   | C(HCO2): acetal OCHRO
- Partial charge: 0.16
- Atomic mass: 12.011
- Element guess: C
- Atomic number: 6
- Source file: oplsaa2024.lt


Atom Type Data:
- Atom index: 195
- Force field raw info: C  - CO   | C(HCO2): hemiacetal OCHROH
- Partial charge: 0.295
- Atomic mass: 12.011
- Element guess: C
- Atomic number: 6
- Source file: oplsaa2024.lt


Atom Type Data:
- Atom index: 197
- Force field raw info: C  - CO   | C(C2O2): acetal OCRRO
- Partial charge: 0.26
- Atomic mass: 12.011
- Element guess: C
- Atomic number: 6
- Source file: oplsaa2024.lt


Atom Type Data:
- Atom index: 198
- Force field raw info: C  - CO   | C(C2O2): hemiacetal OCRROH
- Partial charge: 0.395
- Atomic mass: 12.011
- Element guess: C
- Atomic number: 6
- Source file: oplsaa2024.lt


Atom Type Data:
- Atom index: 199
- Force field raw info: C  - CA   | C(OMe) anisole OPLS/2020
- Partial charge: 0.085
- Atomic mass: 12.011
- Element guess: C
- Atomic number: 6
- Source file: oplsaa2024.lt


Atom Type Data:
- Atom index: 206
- Force field raw info: C  - CT   | all-atom C: CH2, thiols
- Partial charge: 0.06
- Atomic mass: 12.011
- Element guess: C
- Atomic number: 6
- Source file: oplsaa2024.lt


Atom Type Data:
- Atom index: 207
- Force field raw info: C  - CT   | all-atom C: CH, thiols
- Partial charge: 0.12
- Atomic mass: 12.011
- Element guess: C
- Atomic number: 6
- Source file: oplsaa2024.lt


Atom Type Data:
- Atom index: 208
- Force field raw info: C  - CT   | all-atom C: C, thiols
- Partial charge: 0.18
- Atomic mass: 12.011
- Element guess: C
- Atomic number: 6
- Source file: oplsaa2024.lt


Atom Type Data:
- Atom index: 209
- Force field raw info: C  - CT   | all-atom C: CH3, sulfides OPLS-AA/L
- Partial charge: -0.0125
- Atomic mass: 12.011
- Element guess: C
- Atomic number: 6
- Source file: oplsaa2024.lt


Atom Type Data:
- Atom index: 210
- Force field raw info: C  - CT   | all-atom C: CH2, sulfides OPLS-AA/L
- Partial charge: 0.0475
- Atomic mass: 12.011
- Element guess: C
- Atomic number: 6
- Source file: oplsaa2024.lt


Atom Type Data:
- Atom index: 211
- Force field raw info: C  - CT   | all-atom C: CH, sulfides OPLS-AA/L
- Partial charge: 0.1175
- Atomic mass: 12.011
- Element guess: C
- Atomic number: 6
- Source file: oplsaa2024.lt


Atom Type Data:
- Atom index: 212
- Force field raw info: C  - CT   | all-atom C: C, sulfides OPLS-AA/L
- Partial charge: 0.1675
- Atomic mass: 12.011
- Element guess: C
- Atomic number: 6
- Source file: oplsaa2024.lt


Atom Type Data:
- Atom index: 213
- Force field raw info: C  - CT   | all-atom C: CH3, disulfides
- Partial charge: 0.0375
- Atomic mass: 12.011
- Element guess: C
- Atomic number: 6
- Source file: oplsaa2024.lt


Atom Type Data:
- Atom index: 214
- Force field raw info: C  - CT   | all-atom C: CH2, disulfides
- Partial charge: 0.0975
- Atomic mass: 12.011
- Element guess: C
- Atomic number: 6
- Source file: oplsaa2024.lt


Atom Type Data:
- Atom index: 215
- Force field raw info: C  - CT   | all-atom C: CH, disulfides
- Partial charge: 0.1575
- Atomic mass: 12.011
- Element guess: C
- Atomic number: 6
- Source file: oplsaa2024.lt


Atom Type Data:
- Atom index: 216
- Force field raw info: C  - CT   | all-atom C: C, disulfides
- Partial charge: 0.2175
- Atomic mass: 12.011
- Element guess: C
- Atomic number: 6
- Source file: oplsaa2024.lt


Atom Type Data:
- Atom index: 217
- Force field raw info: C  - CT   | all-atom C: CH3, methanethiol
- Partial charge: 0.0
- Atomic mass: 12.011
- Element guess: C
- Atomic number: 6
- Source file: oplsaa2024.lt


Atom Type Data:
- Atom index: 218
- Force field raw info: C  - CT   | C in CH2OH - benzyl alcohols
- Partial charge: 0.2
- Atomic mass: 12.011
- Element guess: C
- Atomic number: 6
- Source file: oplsaa2024.lt
","{
  ""atom_types"": [
    {
      ""atom_type"": 189,
      ""element"": ""C"",
      ""chemical_environment"": ""Acetal methylene carbon bonded to two ether oxygens (O-CH2-O)."",
      ""functional_group"": ""acetal (OCH2O, formal acetal)"",
      ""hybridization"": ""sp3"",
      ""example_molecule_smiles"": ""COCOC"",
      ""group_smarts"": ""[CX4H2](-[OX2])(-[OX2])"",
      ""atom_specific_smarts"": ""[CX4H2](-[OX2H0])(-[OX2H0])"",
      ""description"": ""Central CH2 carbon in dimethoxy methane-type acetals; two single-bonded ether O neighbors and two hydrogens."",
      ""uncertainty"": ""low""
    },
    {
      ""atom_type"": 191,
      ""element"": ""C"",
      ""chemical_environment"": ""Hemiacetal methylene carbon with one ether oxygen and one hydroxyl oxygen (O-CH2-OH)."",
      ""functional_group"": ""hemiacetal (OCH2OH)"",
      ""hybridization"": ""sp3"",
      ""example_molecule_smiles"": ""COCO"",
      ""group_smarts"": ""[CX4H2](-O)(-O)"",
      ""atom_specific_smarts"": ""[CX4H2](-[OX2H0])(-[OX2H])"",
      ""description"": ""Central CH2 carbon in a hemiacetal derived from formaldehyde; one O is an ether, the other is hydroxyl."",
      ""uncertainty"": ""low""
    },
    {
      ""atom_type"": 193,
      ""element"": ""C"",
      ""chemical_environment"": ""Secondary acetal center with one carbon substituent and two ether oxygens (O-CH(-R)-O)."",
      ""functional_group"": ""acetal (OCHRO)"",
      ""hybridization"": ""sp3"",
      ""example_molecule_smiles"": ""CC(OC)OC"",
      ""group_smarts"": ""[CX4H1](-O)(-O)"",
      ""atom_specific_smarts"": ""[CX4H1](-[OX2H0])(-[OX2H0])(-[C,c])"",
      ""description"": ""Acetal methine carbon bearing one hydrogen, one carbon (R) substituent, and two ether oxygens."",
      ""uncertainty"": ""low""
    },
    {
      ""atom_type"": 195,
      ""element"": ""C"",
      ""chemical_environment"": ""Secondary hemiacetal center with one carbon substituent, one ether oxygen, and one hydroxyl (O-CH(-R)-OH)."",
      ""functional_group"": ""hemiacetal (OCHROH)"",
      ""hybridization"": ""sp3"",
      ""example_molecule_smiles"": ""CC(O)OC"",
      ""group_smarts"": ""[CX4H1](-O)(-O)"",
      ""atom_specific_smarts"": ""[CX4H1](-[OX2H0])(-[OX2H])(-[C,c])"",
      ""description"": ""Hemiacetal methine carbon with one H, one carbon substituent, one ether O and one hydroxyl O."",
      ""uncertainty"": ""low""
    },
    {
      ""atom_type"": 197,
      ""element"": ""C"",
      ""chemical_environment"": ""Tertiary acetal center with two carbon substituents and two ether oxygens (O-C(R)(R)-O)."",
      ""functional_group"": ""acetal (OCRRO)"",
      ""hybridization"": ""sp3"",
      ""example_molecule_smiles"": ""CC(C)(OC)OC"",
      ""group_smarts"": ""[CX4H0](-O)(-O)"",
      ""atom_specific_smarts"": ""[CX4H0](-[OX2H0])(-[OX2H0])(-[C,c])(-[C,c])"",
      ""description"": ""Acetal quaternary carbon (no H) bound to two ether oxygens and two carbon substituents."",
      ""uncertainty"": ""low""
    },
    {
      ""atom_type"": 198,
      ""element"": ""C"",
      ""chemical_environment"": ""Tertiary hemiacetal center with two carbon substituents, one ether oxygen, and one hydroxyl (O-C(R)(R)-OH)."",
      ""functional_group"": ""hemiacetal (OCRROH)"",
      ""hybridization"": ""sp3"",
      ""example_molecule_smiles"": ""CC(C)(O)OC"",
      ""group_smarts"": ""[CX4H0](-O)(-O)"",
      ""atom_specific_smarts"": ""[CX4H0](-[OX2H0])(-[OX2H])(-[C,c])(-[C,c])"",
      ""description"": ""Hemiacetal quaternary carbon (no H) with one hydroxyl O, one ether O, and two carbon substituents."",
      ""uncertainty"": ""low""
    },
    {
      ""atom_type"": 199,
      ""element"": ""C"",
      ""chemical_environment"": ""Aromatic ipso carbon of anisole bound to methoxy oxygen."",
      ""functional_group"": ""aryl ether (anisole, C(OMe))"",
      ""hybridization"": ""sp2 (aromatic)"",
      ""example_molecule_smiles"": ""COc1ccccc1"",
      ""group_smarts"": ""[cX3](-[OX2H0]-[C])"",
      ""atom_specific_smarts"": ""[cX3](-[OX2H0]-[CH3])"",
      ""description"": ""Ipso phenyl carbon attached to an ether oxygen that bears a methyl group (methoxy substituent)."",
      ""uncertainty"": ""low""
    },
    {
      ""atom_type"": 206,
      ""element"": ""C"",
      ""chemical_environment"": ""Alpha carbon to thiol sulfur in primary thiols (R-CH2-SH)."",
      ""functional_group"": ""thiol alpha carbon (CH2)"",
      ""hybridization"": ""sp3"",
      ""example_molecule_smiles"": ""CCS"",
      ""group_smarts"": ""[CX4]-[SH1]"",
      ""atom_specific_smarts"": ""[CH2X4]-[SH1]"",
      ""description"": ""Methylene carbon directly bonded to sulfur bearing hydrogen (thiol S-H)."",
      ""uncertainty"": ""low""
    },
    {
      ""atom_type"": 207,
      ""element"": ""C"",
      ""chemical_environment"": ""Alpha carbon to thiol sulfur in secondary thiols (R2CH-SH)."",
      ""functional_group"": ""thiol alpha carbon (CH)"",
      ""hybridization"": ""sp3"",
      ""example_molecule_smiles"": ""CC(C)S"",
      ""group_smarts"": ""[CX4]-[SH1]"",
      ""atom_specific_smarts"": ""[CHX4]-[SH1]"",
      ""description"": ""Methine carbon directly bonded to thiol sulfur (S-H), bearing one hydrogen and two carbon substituents."",
      ""uncertainty"": ""low""
    },
    {
      ""atom_type"": 208,
      ""element"": ""C"",
      ""chemical_environment"": ""Alpha carbon to thiol sulfur in tertiary centers (R3C-SH)."",
      ""functional_group"": ""thiol alpha carbon (quaternary C)"",
      ""hybridization"": ""sp3"",
      ""example_molecule_smiles"": ""CC(C)(C)S"",
      ""group_smarts"": ""[CX4]-[SH1]"",
      ""atom_specific_smarts"": ""[CX4H0]-[SH1]"",
      ""description"": ""Quaternary carbon (no hydrogens) directly bonded to thiol sulfur (S-H)."",
      ""uncertainty"": ""low""
    },
    {
      ""atom_type"": 209,
      ""element"": ""C"",
      ""chemical_environment"": ""Alpha methyl carbon to thioether sulfur (sulfide, R-S-R')."",
      ""functional_group"": ""sulfide alpha carbon (CH3)"",
      ""hybridization"": ""sp3"",
      ""example_molecule_smiles"": ""CSC"",
      ""group_smarts"": ""[CX4]-[S;X2;H0;!$(*-S-*)]"",
      ""atom_specific_smarts"": ""[CH3X4]-[S;X2;H0;!$(*-S-*)]"",
      ""description"": ""Terminal methyl carbon directly bonded to a thioether sulfur (S with no H and not in disulfide)."",
      ""uncertainty"": ""low""
    },
    {
      ""atom_type"": 210,
      ""element"": ""C"",
      ""chemical_environment"": ""Alpha methylene carbon to thioether sulfur (sulfide)."",
      ""functional_group"": ""sulfide alpha carbon (CH2)"",
      ""hybridization"": ""sp3"",
      ""example_molecule_smiles"": ""CSCC"",
      ""group_smarts"": ""[CX4]-[S;X2;H0;!$(*-S-*)]"",
      ""atom_specific_smarts"": ""[CH2X4]-[S;X2;H0;!$(*-S-*)]"",
      ""description"": ""Methylene carbon directly bonded to a thioether sulfur (S with no H and not S–S)."",
      ""uncertainty"": ""low""
    },
    {
      ""atom_type"": 211,
      ""element"": ""C"",
      ""chemical_environment"": ""Alpha methine carbon to thioether sulfur (sulfide)."",
      ""functional_group"": ""sulfide alpha carbon (CH)"",
      ""hybridization"": ""sp3"",
      ""example_molecule_smiles"": ""CC(SC)C"",
      ""group_smarts"": ""[CX4]-[S;X2;H0;!$(*-S-*)]"",
      ""atom_specific_smarts"": ""[CHX4]-[S;X2;H0;!$(*-S-*)]"",
      ""description"": ""Methine carbon directly bonded to a thioether sulfur (S with no H and not in disulfide)."",
      ""uncertainty"": ""low""
    },
    {
      ""atom_type"": 212,
      ""element"": ""C"",
      ""chemical_environment"": ""Alpha quaternary carbon to thioether sulfur (sulfide)."",
      ""functional_group"": ""sulfide alpha carbon (quaternary C)"",
      ""hybridization"": ""sp3"",
      ""example_molecule_smiles"": ""CSC(C)(C)C"",
      ""group_smarts"": ""[CX4]-[S;X2;H0;!$(*-S-*)]"",
      ""atom_specific_smarts"": ""[CX4H0]-[S;X2;H0;!$(*-S-*)]"",
      ""description"": ""Quaternary carbon (no H) directly bonded to thioether sulfur (not part of S–S)."",
      ""uncertainty"": ""low""
    },
    {
      ""atom_type"": 213,
      ""element"": ""C"",
      ""chemical_environment"": ""Alpha methyl carbon to disulfide sulfur (R-S-S-R')."",
      ""functional_group"": ""disulfide alpha carbon (CH3)"",
      ""hybridization"": ""sp3"",
      ""example_molecule_smiles"": ""CSSC"",
      ""group_smarts"": ""[CX4]-[S;X2;H0]-[S;X2;H0]"",
      ""atom_specific_smarts"": ""[CH3X4]-[S;X2;H0]-[S;X2;H0]"",
      ""description"": ""Terminal methyl carbon directly bonded to sulfur that is itself bonded to another sulfur (disulfide)."",
      ""uncertainty"": ""low""
    },
    {
      ""atom_type"": 214,
      ""element"": ""C"",
      ""chemical_environment"": ""Alpha methylene carbon to disulfide sulfur."",
      ""functional_group"": ""disulfide alpha carbon (CH2)"",
      ""hybridization"": ""sp3"",
      ""example_molecule_smiles"": ""CSSCC"",
      ""group_smarts"": ""[CX4]-[S;X2;H0]-[S;X2;H0]"",
      ""atom_specific_smarts"": ""[CH2X4]-[S;X2;H0]-[S;X2;H0]"",
      ""description"": ""Methylene carbon directly bonded to sulfur that participates in an S–S bond."",
      ""uncertainty"": ""low""
    },
    {
      ""atom_type"": 215,
      ""element"": ""C"",
      ""chemical_environment"": ""Alpha methine carbon to disulfide sulfur."",
      ""functional_group"": ""disulfide alpha carbon (CH)"",
      ""hybridization"": ""sp3"",
      ""example_molecule_smiles"": ""CC(SSC)C"",
      ""group_smarts"": ""[CX4]-[S;X2;H0]-[S;X2;H0]"",
      ""atom_specific_smarts"": ""[CHX4]-[S;X2;H0]-[S;X2;H0]"",
      ""description"": ""Methine carbon directly bonded to sulfur that is bonded to another sulfur (S–S)."",
      ""uncertainty"": ""low""
    },
    {
      ""atom_type"": 216,
      ""element"": ""C"",
      ""chemical_environment"": ""Alpha quaternary carbon to disulfide sulfur."",
      ""functional_group"": ""disulfide alpha carbon (quaternary C)"",
      ""hybridization"": ""sp3"",
      ""example_molecule_smiles"": ""CC(C)(C)SSC"",
      ""group_smarts"": ""[CX4]-[S;X2;H0]-[S;X2;H0]"",
      ""atom_specific_smarts"": ""[CX4H0]-[S;X2;H0]-[S;X2;H0]"",
      ""description"": ""Quaternary carbon (no H) directly bonded to sulfur that forms a disulfide linkage."",
      ""uncertainty"": ""low""
    },
    {
      ""atom_type"": 217,
      ""element"": ""C"",
      ""chemical_environment"": ""Methyl carbon of methanethiol (CH3-SH), alpha to thiol sulfur."",
      ""functional_group"": ""thiol alpha carbon (CH3, methanethiol)"",
      ""hybridization"": ""sp3"",
      ""example_molecule_smiles"": ""CS"",
      ""group_smarts"": ""[CX4]-[SH1]"",
      ""atom_specific_smarts"": ""[CH3X4]-[SH1]"",
      ""description"": ""Terminal methyl carbon directly bonded to sulfur bearing hydrogen (specifically Me–SH)."",
      ""uncertainty"": ""low""
    },
    {
      ""atom_type"": 218,
      ""element"": ""C"",
      ""chemical_environment"": ""Benzylic methylene carbon in benzyl alcohols (Ar-CH2-OH)."",
      ""functional_group"": ""benzylic alcohol (CH2OH on aryl)"",
      ""hybridization"": ""sp3"",
      ""example_molecule_smiles"": ""c1ccccc1CO"",
      ""group_smarts"": ""[CH2X4](-[OX2H])(-[c])"",
      ""atom_specific_smarts"": ""[CH2X4](-[OX2H])(-[c])"",
      ""description"": ""Benzylic CH2 linking an aromatic carbon and a hydroxyl oxygen in benzyl alcohol (Ph–CH2–OH)."",
      ""uncertainty"": ""low""
    }
  ]
}"
212,0.1675,"C  - CT   | all-atom C: C, sulfides OPLS-AA/L",12.011,oplsaa2024.lt,C,6,"Convert the following OPLS-AA atom type rows:

Atom Type Data:
- Atom index: 189
- Force field raw info: C  - CO   | C(H2O2): acetal OCH2O
- Partial charge: 0.06
- Atomic mass: 12.011
- Element guess: C
- Atomic number: 6
- Source file: oplsaa2024.lt


Atom Type Data:
- Atom index: 191
- Force field raw info: C  - CO   | C(H2O2): hemiacetal OCH2OH
- Partial charge: 0.195
- Atomic mass: 12.011
- Element guess: C
- Atomic number: 6
- Source file: oplsaa2024.lt


Atom Type Data:
- Atom index: 193
- Force field raw info: C  - CO   | C(HCO2): acetal OCHRO
- Partial charge: 0.16
- Atomic mass: 12.011
- Element guess: C
- Atomic number: 6
- Source file: oplsaa2024.lt


Atom Type Data:
- Atom index: 195
- Force field raw info: C  - CO   | C(HCO2): hemiacetal OCHROH
- Partial charge: 0.295
- Atomic mass: 12.011
- Element guess: C
- Atomic number: 6
- Source file: oplsaa2024.lt


Atom Type Data:
- Atom index: 197
- Force field raw info: C  - CO   | C(C2O2): acetal OCRRO
- Partial charge: 0.26
- Atomic mass: 12.011
- Element guess: C
- Atomic number: 6
- Source file: oplsaa2024.lt


Atom Type Data:
- Atom index: 198
- Force field raw info: C  - CO   | C(C2O2): hemiacetal OCRROH
- Partial charge: 0.395
- Atomic mass: 12.011
- Element guess: C
- Atomic number: 6
- Source file: oplsaa2024.lt


Atom Type Data:
- Atom index: 199
- Force field raw info: C  - CA   | C(OMe) anisole OPLS/2020
- Partial charge: 0.085
- Atomic mass: 12.011
- Element guess: C
- Atomic number: 6
- Source file: oplsaa2024.lt


Atom Type Data:
- Atom index: 206
- Force field raw info: C  - CT   | all-atom C: CH2, thiols
- Partial charge: 0.06
- Atomic mass: 12.011
- Element guess: C
- Atomic number: 6
- Source file: oplsaa2024.lt


Atom Type Data:
- Atom index: 207
- Force field raw info: C  - CT   | all-atom C: CH, thiols
- Partial charge: 0.12
- Atomic mass: 12.011
- Element guess: C
- Atomic number: 6
- Source file: oplsaa2024.lt


Atom Type Data:
- Atom index: 208
- Force field raw info: C  - CT   | all-atom C: C, thiols
- Partial charge: 0.18
- Atomic mass: 12.011
- Element guess: C
- Atomic number: 6
- Source file: oplsaa2024.lt


Atom Type Data:
- Atom index: 209
- Force field raw info: C  - CT   | all-atom C: CH3, sulfides OPLS-AA/L
- Partial charge: -0.0125
- Atomic mass: 12.011
- Element guess: C
- Atomic number: 6
- Source file: oplsaa2024.lt


Atom Type Data:
- Atom index: 210
- Force field raw info: C  - CT   | all-atom C: CH2, sulfides OPLS-AA/L
- Partial charge: 0.0475
- Atomic mass: 12.011
- Element guess: C
- Atomic number: 6
- Source file: oplsaa2024.lt


Atom Type Data:
- Atom index: 211
- Force field raw info: C  - CT   | all-atom C: CH, sulfides OPLS-AA/L
- Partial charge: 0.1175
- Atomic mass: 12.011
- Element guess: C
- Atomic number: 6
- Source file: oplsaa2024.lt


Atom Type Data:
- Atom index: 212
- Force field raw info: C  - CT   | all-atom C: C, sulfides OPLS-AA/L
- Partial charge: 0.1675
- Atomic mass: 12.011
- Element guess: C
- Atomic number: 6
- Source file: oplsaa2024.lt


Atom Type Data:
- Atom index: 213
- Force field raw info: C  - CT   | all-atom C: CH3, disulfides
- Partial charge: 0.0375
- Atomic mass: 12.011
- Element guess: C
- Atomic number: 6
- Source file: oplsaa2024.lt


Atom Type Data:
- Atom index: 214
- Force field raw info: C  - CT   | all-atom C: CH2, disulfides
- Partial charge: 0.0975
- Atomic mass: 12.011
- Element guess: C
- Atomic number: 6
- Source file: oplsaa2024.lt


Atom Type Data:
- Atom index: 215
- Force field raw info: C  - CT   | all-atom C: CH, disulfides
- Partial charge: 0.1575
- Atomic mass: 12.011
- Element guess: C
- Atomic number: 6
- Source file: oplsaa2024.lt


Atom Type Data:
- Atom index: 216
- Force field raw info: C  - CT   | all-atom C: C, disulfides
- Partial charge: 0.2175
- Atomic mass: 12.011
- Element guess: C
- Atomic number: 6
- Source file: oplsaa2024.lt


Atom Type Data:
- Atom index: 217
- Force field raw info: C  - CT   | all-atom C: CH3, methanethiol
- Partial charge: 0.0
- Atomic mass: 12.011
- Element guess: C
- Atomic number: 6
- Source file: oplsaa2024.lt


Atom Type Data:
- Atom index: 218
- Force field raw info: C  - CT   | C in CH2OH - benzyl alcohols
- Partial charge: 0.2
- Atomic mass: 12.011
- Element guess: C
- Atomic number: 6
- Source file: oplsaa2024.lt
","{
  ""atom_types"": [
    {
      ""atom_type"": 189,
      ""element"": ""C"",
      ""chemical_environment"": ""Acetal methylene carbon bonded to two ether oxygens (O-CH2-O)."",
      ""functional_group"": ""acetal (OCH2O, formal acetal)"",
      ""hybridization"": ""sp3"",
      ""example_molecule_smiles"": ""COCOC"",
      ""group_smarts"": ""[CX4H2](-[OX2])(-[OX2])"",
      ""atom_specific_smarts"": ""[CX4H2](-[OX2H0])(-[OX2H0])"",
      ""description"": ""Central CH2 carbon in dimethoxy methane-type acetals; two single-bonded ether O neighbors and two hydrogens."",
      ""uncertainty"": ""low""
    },
    {
      ""atom_type"": 191,
      ""element"": ""C"",
      ""chemical_environment"": ""Hemiacetal methylene carbon with one ether oxygen and one hydroxyl oxygen (O-CH2-OH)."",
      ""functional_group"": ""hemiacetal (OCH2OH)"",
      ""hybridization"": ""sp3"",
      ""example_molecule_smiles"": ""COCO"",
      ""group_smarts"": ""[CX4H2](-O)(-O)"",
      ""atom_specific_smarts"": ""[CX4H2](-[OX2H0])(-[OX2H])"",
      ""description"": ""Central CH2 carbon in a hemiacetal derived from formaldehyde; one O is an ether, the other is hydroxyl."",
      ""uncertainty"": ""low""
    },
    {
      ""atom_type"": 193,
      ""element"": ""C"",
      ""chemical_environment"": ""Secondary acetal center with one carbon substituent and two ether oxygens (O-CH(-R)-O)."",
      ""functional_group"": ""acetal (OCHRO)"",
      ""hybridization"": ""sp3"",
      ""example_molecule_smiles"": ""CC(OC)OC"",
      ""group_smarts"": ""[CX4H1](-O)(-O)"",
      ""atom_specific_smarts"": ""[CX4H1](-[OX2H0])(-[OX2H0])(-[C,c])"",
      ""description"": ""Acetal methine carbon bearing one hydrogen, one carbon (R) substituent, and two ether oxygens."",
      ""uncertainty"": ""low""
    },
    {
      ""atom_type"": 195,
      ""element"": ""C"",
      ""chemical_environment"": ""Secondary hemiacetal center with one carbon substituent, one ether oxygen, and one hydroxyl (O-CH(-R)-OH)."",
      ""functional_group"": ""hemiacetal (OCHROH)"",
      ""hybridization"": ""sp3"",
      ""example_molecule_smiles"": ""CC(O)OC"",
      ""group_smarts"": ""[CX4H1](-O)(-O)"",
      ""atom_specific_smarts"": ""[CX4H1](-[OX2H0])(-[OX2H])(-[C,c])"",
      ""description"": ""Hemiacetal methine carbon with one H, one carbon substituent, one ether O and one hydroxyl O."",
      ""uncertainty"": ""low""
    },
    {
      ""atom_type"": 197,
      ""element"": ""C"",
      ""chemical_environment"": ""Tertiary acetal center with two carbon substituents and two ether oxygens (O-C(R)(R)-O)."",
      ""functional_group"": ""acetal (OCRRO)"",
      ""hybridization"": ""sp3"",
      ""example_molecule_smiles"": ""CC(C)(OC)OC"",
      ""group_smarts"": ""[CX4H0](-O)(-O)"",
      ""atom_specific_smarts"": ""[CX4H0](-[OX2H0])(-[OX2H0])(-[C,c])(-[C,c])"",
      ""description"": ""Acetal quaternary carbon (no H) bound to two ether oxygens and two carbon substituents."",
      ""uncertainty"": ""low""
    },
    {
      ""atom_type"": 198,
      ""element"": ""C"",
      ""chemical_environment"": ""Tertiary hemiacetal center with two carbon substituents, one ether oxygen, and one hydroxyl (O-C(R)(R)-OH)."",
      ""functional_group"": ""hemiacetal (OCRROH)"",
      ""hybridization"": ""sp3"",
      ""example_molecule_smiles"": ""CC(C)(O)OC"",
      ""group_smarts"": ""[CX4H0](-O)(-O)"",
      ""atom_specific_smarts"": ""[CX4H0](-[OX2H0])(-[OX2H])(-[C,c])(-[C,c])"",
      ""description"": ""Hemiacetal quaternary carbon (no H) with one hydroxyl O, one ether O, and two carbon substituents."",
      ""uncertainty"": ""low""
    },
    {
      ""atom_type"": 199,
      ""element"": ""C"",
      ""chemical_environment"": ""Aromatic ipso carbon of anisole bound to methoxy oxygen."",
      ""functional_group"": ""aryl ether (anisole, C(OMe))"",
      ""hybridization"": ""sp2 (aromatic)"",
      ""example_molecule_smiles"": ""COc1ccccc1"",
      ""group_smarts"": ""[cX3](-[OX2H0]-[C])"",
      ""atom_specific_smarts"": ""[cX3](-[OX2H0]-[CH3])"",
      ""description"": ""Ipso phenyl carbon attached to an ether oxygen that bears a methyl group (methoxy substituent)."",
      ""uncertainty"": ""low""
    },
    {
      ""atom_type"": 206,
      ""element"": ""C"",
      ""chemical_environment"": ""Alpha carbon to thiol sulfur in primary thiols (R-CH2-SH)."",
      ""functional_group"": ""thiol alpha carbon (CH2)"",
      ""hybridization"": ""sp3"",
      ""example_molecule_smiles"": ""CCS"",
      ""group_smarts"": ""[CX4]-[SH1]"",
      ""atom_specific_smarts"": ""[CH2X4]-[SH1]"",
      ""description"": ""Methylene carbon directly bonded to sulfur bearing hydrogen (thiol S-H)."",
      ""uncertainty"": ""low""
    },
    {
      ""atom_type"": 207,
      ""element"": ""C"",
      ""chemical_environment"": ""Alpha carbon to thiol sulfur in secondary thiols (R2CH-SH)."",
      ""functional_group"": ""thiol alpha carbon (CH)"",
      ""hybridization"": ""sp3"",
      ""example_molecule_smiles"": ""CC(C)S"",
      ""group_smarts"": ""[CX4]-[SH1]"",
      ""atom_specific_smarts"": ""[CHX4]-[SH1]"",
      ""description"": ""Methine carbon directly bonded to thiol sulfur (S-H), bearing one hydrogen and two carbon substituents."",
      ""uncertainty"": ""low""
    },
    {
      ""atom_type"": 208,
      ""element"": ""C"",
      ""chemical_environment"": ""Alpha carbon to thiol sulfur in tertiary centers (R3C-SH)."",
      ""functional_group"": ""thiol alpha carbon (quaternary C)"",
      ""hybridization"": ""sp3"",
      ""example_molecule_smiles"": ""CC(C)(C)S"",
      ""group_smarts"": ""[CX4]-[SH1]"",
      ""atom_specific_smarts"": ""[CX4H0]-[SH1]"",
      ""description"": ""Quaternary carbon (no hydrogens) directly bonded to thiol sulfur (S-H)."",
      ""uncertainty"": ""low""
    },
    {
      ""atom_type"": 209,
      ""element"": ""C"",
      ""chemical_environment"": ""Alpha methyl carbon to thioether sulfur (sulfide, R-S-R')."",
      ""functional_group"": ""sulfide alpha carbon (CH3)"",
      ""hybridization"": ""sp3"",
      ""example_molecule_smiles"": ""CSC"",
      ""group_smarts"": ""[CX4]-[S;X2;H0;!$(*-S-*)]"",
      ""atom_specific_smarts"": ""[CH3X4]-[S;X2;H0;!$(*-S-*)]"",
      ""description"": ""Terminal methyl carbon directly bonded to a thioether sulfur (S with no H and not in disulfide)."",
      ""uncertainty"": ""low""
    },
    {
      ""atom_type"": 210,
      ""element"": ""C"",
      ""chemical_environment"": ""Alpha methylene carbon to thioether sulfur (sulfide)."",
      ""functional_group"": ""sulfide alpha carbon (CH2)"",
      ""hybridization"": ""sp3"",
      ""example_molecule_smiles"": ""CSCC"",
      ""group_smarts"": ""[CX4]-[S;X2;H0;!$(*-S-*)]"",
      ""atom_specific_smarts"": ""[CH2X4]-[S;X2;H0;!$(*-S-*)]"",
      ""description"": ""Methylene carbon directly bonded to a thioether sulfur (S with no H and not S–S)."",
      ""uncertainty"": ""low""
    },
    {
      ""atom_type"": 211,
      ""element"": ""C"",
      ""chemical_environment"": ""Alpha methine carbon to thioether sulfur (sulfide)."",
      ""functional_group"": ""sulfide alpha carbon (CH)"",
      ""hybridization"": ""sp3"",
      ""example_molecule_smiles"": ""CC(SC)C"",
      ""group_smarts"": ""[CX4]-[S;X2;H0;!$(*-S-*)]"",
      ""atom_specific_smarts"": ""[CHX4]-[S;X2;H0;!$(*-S-*)]"",
      ""description"": ""Methine carbon directly bonded to a thioether sulfur (S with no H and not in disulfide)."",
      ""uncertainty"": ""low""
    },
    {
      ""atom_type"": 212,
      ""element"": ""C"",
      ""chemical_environment"": ""Alpha quaternary carbon to thioether sulfur (sulfide)."",
      ""functional_group"": ""sulfide alpha carbon (quaternary C)"",
      ""hybridization"": ""sp3"",
      ""example_molecule_smiles"": ""CSC(C)(C)C"",
      ""group_smarts"": ""[CX4]-[S;X2;H0;!$(*-S-*)]"",
      ""atom_specific_smarts"": ""[CX4H0]-[S;X2;H0;!$(*-S-*)]"",
      ""description"": ""Quaternary carbon (no H) directly bonded to thioether sulfur (not part of S–S)."",
      ""uncertainty"": ""low""
    },
    {
      ""atom_type"": 213,
      ""element"": ""C"",
      ""chemical_environment"": ""Alpha methyl carbon to disulfide sulfur (R-S-S-R')."",
      ""functional_group"": ""disulfide alpha carbon (CH3)"",
      ""hybridization"": ""sp3"",
      ""example_molecule_smiles"": ""CSSC"",
      ""group_smarts"": ""[CX4]-[S;X2;H0]-[S;X2;H0]"",
      ""atom_specific_smarts"": ""[CH3X4]-[S;X2;H0]-[S;X2;H0]"",
      ""description"": ""Terminal methyl carbon directly bonded to sulfur that is itself bonded to another sulfur (disulfide)."",
      ""uncertainty"": ""low""
    },
    {
      ""atom_type"": 214,
      ""element"": ""C"",
      ""chemical_environment"": ""Alpha methylene carbon to disulfide sulfur."",
      ""functional_group"": ""disulfide alpha carbon (CH2)"",
      ""hybridization"": ""sp3"",
      ""example_molecule_smiles"": ""CSSCC"",
      ""group_smarts"": ""[CX4]-[S;X2;H0]-[S;X2;H0]"",
      ""atom_specific_smarts"": ""[CH2X4]-[S;X2;H0]-[S;X2;H0]"",
      ""description"": ""Methylene carbon directly bonded to sulfur that participates in an S–S bond."",
      ""uncertainty"": ""low""
    },
    {
      ""atom_type"": 215,
      ""element"": ""C"",
      ""chemical_environment"": ""Alpha methine carbon to disulfide sulfur."",
      ""functional_group"": ""disulfide alpha carbon (CH)"",
      ""hybridization"": ""sp3"",
      ""example_molecule_smiles"": ""CC(SSC)C"",
      ""group_smarts"": ""[CX4]-[S;X2;H0]-[S;X2;H0]"",
      ""atom_specific_smarts"": ""[CHX4]-[S;X2;H0]-[S;X2;H0]"",
      ""description"": ""Methine carbon directly bonded to sulfur that is bonded to another sulfur (S–S)."",
      ""uncertainty"": ""low""
    },
    {
      ""atom_type"": 216,
      ""element"": ""C"",
      ""chemical_environment"": ""Alpha quaternary carbon to disulfide sulfur."",
      ""functional_group"": ""disulfide alpha carbon (quaternary C)"",
      ""hybridization"": ""sp3"",
      ""example_molecule_smiles"": ""CC(C)(C)SSC"",
      ""group_smarts"": ""[CX4]-[S;X2;H0]-[S;X2;H0]"",
      ""atom_specific_smarts"": ""[CX4H0]-[S;X2;H0]-[S;X2;H0]"",
      ""description"": ""Quaternary carbon (no H) directly bonded to sulfur that forms a disulfide linkage."",
      ""uncertainty"": ""low""
    },
    {
      ""atom_type"": 217,
      ""element"": ""C"",
      ""chemical_environment"": ""Methyl carbon of methanethiol (CH3-SH), alpha to thiol sulfur."",
      ""functional_group"": ""thiol alpha carbon (CH3, methanethiol)"",
      ""hybridization"": ""sp3"",
      ""example_molecule_smiles"": ""CS"",
      ""group_smarts"": ""[CX4]-[SH1]"",
      ""atom_specific_smarts"": ""[CH3X4]-[SH1]"",
      ""description"": ""Terminal methyl carbon directly bonded to sulfur bearing hydrogen (specifically Me–SH)."",
      ""uncertainty"": ""low""
    },
    {
      ""atom_type"": 218,
      ""element"": ""C"",
      ""chemical_environment"": ""Benzylic methylene carbon in benzyl alcohols (Ar-CH2-OH)."",
      ""functional_group"": ""benzylic alcohol (CH2OH on aryl)"",
      ""hybridization"": ""sp3"",
      ""example_molecule_smiles"": ""c1ccccc1CO"",
      ""group_smarts"": ""[CH2X4](-[OX2H])(-[c])"",
      ""atom_specific_smarts"": ""[CH2X4](-[OX2H])(-[c])"",
      ""description"": ""Benzylic CH2 linking an aromatic carbon and a hydroxyl oxygen in benzyl alcohol (Ph–CH2–OH)."",
      ""uncertainty"": ""low""
    }
  ]
}"
213,0.0375,"C  - CT   | all-atom C: CH3, disulfides",12.011,oplsaa2024.lt,C,6,"Convert the following OPLS-AA atom type rows:

Atom Type Data:
- Atom index: 189
- Force field raw info: C  - CO   | C(H2O2): acetal OCH2O
- Partial charge: 0.06
- Atomic mass: 12.011
- Element guess: C
- Atomic number: 6
- Source file: oplsaa2024.lt


Atom Type Data:
- Atom index: 191
- Force field raw info: C  - CO   | C(H2O2): hemiacetal OCH2OH
- Partial charge: 0.195
- Atomic mass: 12.011
- Element guess: C
- Atomic number: 6
- Source file: oplsaa2024.lt


Atom Type Data:
- Atom index: 193
- Force field raw info: C  - CO   | C(HCO2): acetal OCHRO
- Partial charge: 0.16
- Atomic mass: 12.011
- Element guess: C
- Atomic number: 6
- Source file: oplsaa2024.lt


Atom Type Data:
- Atom index: 195
- Force field raw info: C  - CO   | C(HCO2): hemiacetal OCHROH
- Partial charge: 0.295
- Atomic mass: 12.011
- Element guess: C
- Atomic number: 6
- Source file: oplsaa2024.lt


Atom Type Data:
- Atom index: 197
- Force field raw info: C  - CO   | C(C2O2): acetal OCRRO
- Partial charge: 0.26
- Atomic mass: 12.011
- Element guess: C
- Atomic number: 6
- Source file: oplsaa2024.lt


Atom Type Data:
- Atom index: 198
- Force field raw info: C  - CO   | C(C2O2): hemiacetal OCRROH
- Partial charge: 0.395
- Atomic mass: 12.011
- Element guess: C
- Atomic number: 6
- Source file: oplsaa2024.lt


Atom Type Data:
- Atom index: 199
- Force field raw info: C  - CA   | C(OMe) anisole OPLS/2020
- Partial charge: 0.085
- Atomic mass: 12.011
- Element guess: C
- Atomic number: 6
- Source file: oplsaa2024.lt


Atom Type Data:
- Atom index: 206
- Force field raw info: C  - CT   | all-atom C: CH2, thiols
- Partial charge: 0.06
- Atomic mass: 12.011
- Element guess: C
- Atomic number: 6
- Source file: oplsaa2024.lt


Atom Type Data:
- Atom index: 207
- Force field raw info: C  - CT   | all-atom C: CH, thiols
- Partial charge: 0.12
- Atomic mass: 12.011
- Element guess: C
- Atomic number: 6
- Source file: oplsaa2024.lt


Atom Type Data:
- Atom index: 208
- Force field raw info: C  - CT   | all-atom C: C, thiols
- Partial charge: 0.18
- Atomic mass: 12.011
- Element guess: C
- Atomic number: 6
- Source file: oplsaa2024.lt


Atom Type Data:
- Atom index: 209
- Force field raw info: C  - CT   | all-atom C: CH3, sulfides OPLS-AA/L
- Partial charge: -0.0125
- Atomic mass: 12.011
- Element guess: C
- Atomic number: 6
- Source file: oplsaa2024.lt


Atom Type Data:
- Atom index: 210
- Force field raw info: C  - CT   | all-atom C: CH2, sulfides OPLS-AA/L
- Partial charge: 0.0475
- Atomic mass: 12.011
- Element guess: C
- Atomic number: 6
- Source file: oplsaa2024.lt


Atom Type Data:
- Atom index: 211
- Force field raw info: C  - CT   | all-atom C: CH, sulfides OPLS-AA/L
- Partial charge: 0.1175
- Atomic mass: 12.011
- Element guess: C
- Atomic number: 6
- Source file: oplsaa2024.lt


Atom Type Data:
- Atom index: 212
- Force field raw info: C  - CT   | all-atom C: C, sulfides OPLS-AA/L
- Partial charge: 0.1675
- Atomic mass: 12.011
- Element guess: C
- Atomic number: 6
- Source file: oplsaa2024.lt


Atom Type Data:
- Atom index: 213
- Force field raw info: C  - CT   | all-atom C: CH3, disulfides
- Partial charge: 0.0375
- Atomic mass: 12.011
- Element guess: C
- Atomic number: 6
- Source file: oplsaa2024.lt


Atom Type Data:
- Atom index: 214
- Force field raw info: C  - CT   | all-atom C: CH2, disulfides
- Partial charge: 0.0975
- Atomic mass: 12.011
- Element guess: C
- Atomic number: 6
- Source file: oplsaa2024.lt


Atom Type Data:
- Atom index: 215
- Force field raw info: C  - CT   | all-atom C: CH, disulfides
- Partial charge: 0.1575
- Atomic mass: 12.011
- Element guess: C
- Atomic number: 6
- Source file: oplsaa2024.lt


Atom Type Data:
- Atom index: 216
- Force field raw info: C  - CT   | all-atom C: C, disulfides
- Partial charge: 0.2175
- Atomic mass: 12.011
- Element guess: C
- Atomic number: 6
- Source file: oplsaa2024.lt


Atom Type Data:
- Atom index: 217
- Force field raw info: C  - CT   | all-atom C: CH3, methanethiol
- Partial charge: 0.0
- Atomic mass: 12.011
- Element guess: C
- Atomic number: 6
- Source file: oplsaa2024.lt


Atom Type Data:
- Atom index: 218
- Force field raw info: C  - CT   | C in CH2OH - benzyl alcohols
- Partial charge: 0.2
- Atomic mass: 12.011
- Element guess: C
- Atomic number: 6
- Source file: oplsaa2024.lt
","{
  ""atom_types"": [
    {
      ""atom_type"": 189,
      ""element"": ""C"",
      ""chemical_environment"": ""Acetal methylene carbon bonded to two ether oxygens (O-CH2-O)."",
      ""functional_group"": ""acetal (OCH2O, formal acetal)"",
      ""hybridization"": ""sp3"",
      ""example_molecule_smiles"": ""COCOC"",
      ""group_smarts"": ""[CX4H2](-[OX2])(-[OX2])"",
      ""atom_specific_smarts"": ""[CX4H2](-[OX2H0])(-[OX2H0])"",
      ""description"": ""Central CH2 carbon in dimethoxy methane-type acetals; two single-bonded ether O neighbors and two hydrogens."",
      ""uncertainty"": ""low""
    },
    {
      ""atom_type"": 191,
      ""element"": ""C"",
      ""chemical_environment"": ""Hemiacetal methylene carbon with one ether oxygen and one hydroxyl oxygen (O-CH2-OH)."",
      ""functional_group"": ""hemiacetal (OCH2OH)"",
      ""hybridization"": ""sp3"",
      ""example_molecule_smiles"": ""COCO"",
      ""group_smarts"": ""[CX4H2](-O)(-O)"",
      ""atom_specific_smarts"": ""[CX4H2](-[OX2H0])(-[OX2H])"",
      ""description"": ""Central CH2 carbon in a hemiacetal derived from formaldehyde; one O is an ether, the other is hydroxyl."",
      ""uncertainty"": ""low""
    },
    {
      ""atom_type"": 193,
      ""element"": ""C"",
      ""chemical_environment"": ""Secondary acetal center with one carbon substituent and two ether oxygens (O-CH(-R)-O)."",
      ""functional_group"": ""acetal (OCHRO)"",
      ""hybridization"": ""sp3"",
      ""example_molecule_smiles"": ""CC(OC)OC"",
      ""group_smarts"": ""[CX4H1](-O)(-O)"",
      ""atom_specific_smarts"": ""[CX4H1](-[OX2H0])(-[OX2H0])(-[C,c])"",
      ""description"": ""Acetal methine carbon bearing one hydrogen, one carbon (R) substituent, and two ether oxygens."",
      ""uncertainty"": ""low""
    },
    {
      ""atom_type"": 195,
      ""element"": ""C"",
      ""chemical_environment"": ""Secondary hemiacetal center with one carbon substituent, one ether oxygen, and one hydroxyl (O-CH(-R)-OH)."",
      ""functional_group"": ""hemiacetal (OCHROH)"",
      ""hybridization"": ""sp3"",
      ""example_molecule_smiles"": ""CC(O)OC"",
      ""group_smarts"": ""[CX4H1](-O)(-O)"",
      ""atom_specific_smarts"": ""[CX4H1](-[OX2H0])(-[OX2H])(-[C,c])"",
      ""description"": ""Hemiacetal methine carbon with one H, one carbon substituent, one ether O and one hydroxyl O."",
      ""uncertainty"": ""low""
    },
    {
      ""atom_type"": 197,
      ""element"": ""C"",
      ""chemical_environment"": ""Tertiary acetal center with two carbon substituents and two ether oxygens (O-C(R)(R)-O)."",
      ""functional_group"": ""acetal (OCRRO)"",
      ""hybridization"": ""sp3"",
      ""example_molecule_smiles"": ""CC(C)(OC)OC"",
      ""group_smarts"": ""[CX4H0](-O)(-O)"",
      ""atom_specific_smarts"": ""[CX4H0](-[OX2H0])(-[OX2H0])(-[C,c])(-[C,c])"",
      ""description"": ""Acetal quaternary carbon (no H) bound to two ether oxygens and two carbon substituents."",
      ""uncertainty"": ""low""
    },
    {
      ""atom_type"": 198,
      ""element"": ""C"",
      ""chemical_environment"": ""Tertiary hemiacetal center with two carbon substituents, one ether oxygen, and one hydroxyl (O-C(R)(R)-OH)."",
      ""functional_group"": ""hemiacetal (OCRROH)"",
      ""hybridization"": ""sp3"",
      ""example_molecule_smiles"": ""CC(C)(O)OC"",
      ""group_smarts"": ""[CX4H0](-O)(-O)"",
      ""atom_specific_smarts"": ""[CX4H0](-[OX2H0])(-[OX2H])(-[C,c])(-[C,c])"",
      ""description"": ""Hemiacetal quaternary carbon (no H) with one hydroxyl O, one ether O, and two carbon substituents."",
      ""uncertainty"": ""low""
    },
    {
      ""atom_type"": 199,
      ""element"": ""C"",
      ""chemical_environment"": ""Aromatic ipso carbon of anisole bound to methoxy oxygen."",
      ""functional_group"": ""aryl ether (anisole, C(OMe))"",
      ""hybridization"": ""sp2 (aromatic)"",
      ""example_molecule_smiles"": ""COc1ccccc1"",
      ""group_smarts"": ""[cX3](-[OX2H0]-[C])"",
      ""atom_specific_smarts"": ""[cX3](-[OX2H0]-[CH3])"",
      ""description"": ""Ipso phenyl carbon attached to an ether oxygen that bears a methyl group (methoxy substituent)."",
      ""uncertainty"": ""low""
    },
    {
      ""atom_type"": 206,
      ""element"": ""C"",
      ""chemical_environment"": ""Alpha carbon to thiol sulfur in primary thiols (R-CH2-SH)."",
      ""functional_group"": ""thiol alpha carbon (CH2)"",
      ""hybridization"": ""sp3"",
      ""example_molecule_smiles"": ""CCS"",
      ""group_smarts"": ""[CX4]-[SH1]"",
      ""atom_specific_smarts"": ""[CH2X4]-[SH1]"",
      ""description"": ""Methylene carbon directly bonded to sulfur bearing hydrogen (thiol S-H)."",
      ""uncertainty"": ""low""
    },
    {
      ""atom_type"": 207,
      ""element"": ""C"",
      ""chemical_environment"": ""Alpha carbon to thiol sulfur in secondary thiols (R2CH-SH)."",
      ""functional_group"": ""thiol alpha carbon (CH)"",
      ""hybridization"": ""sp3"",
      ""example_molecule_smiles"": ""CC(C)S"",
      ""group_smarts"": ""[CX4]-[SH1]"",
      ""atom_specific_smarts"": ""[CHX4]-[SH1]"",
      ""description"": ""Methine carbon directly bonded to thiol sulfur (S-H), bearing one hydrogen and two carbon substituents."",
      ""uncertainty"": ""low""
    },
    {
      ""atom_type"": 208,
      ""element"": ""C"",
      ""chemical_environment"": ""Alpha carbon to thiol sulfur in tertiary centers (R3C-SH)."",
      ""functional_group"": ""thiol alpha carbon (quaternary C)"",
      ""hybridization"": ""sp3"",
      ""example_molecule_smiles"": ""CC(C)(C)S"",
      ""group_smarts"": ""[CX4]-[SH1]"",
      ""atom_specific_smarts"": ""[CX4H0]-[SH1]"",
      ""description"": ""Quaternary carbon (no hydrogens) directly bonded to thiol sulfur (S-H)."",
      ""uncertainty"": ""low""
    },
    {
      ""atom_type"": 209,
      ""element"": ""C"",
      ""chemical_environment"": ""Alpha methyl carbon to thioether sulfur (sulfide, R-S-R')."",
      ""functional_group"": ""sulfide alpha carbon (CH3)"",
      ""hybridization"": ""sp3"",
      ""example_molecule_smiles"": ""CSC"",
      ""group_smarts"": ""[CX4]-[S;X2;H0;!$(*-S-*)]"",
      ""atom_specific_smarts"": ""[CH3X4]-[S;X2;H0;!$(*-S-*)]"",
      ""description"": ""Terminal methyl carbon directly bonded to a thioether sulfur (S with no H and not in disulfide)."",
      ""uncertainty"": ""low""
    },
    {
      ""atom_type"": 210,
      ""element"": ""C"",
      ""chemical_environment"": ""Alpha methylene carbon to thioether sulfur (sulfide)."",
      ""functional_group"": ""sulfide alpha carbon (CH2)"",
      ""hybridization"": ""sp3"",
      ""example_molecule_smiles"": ""CSCC"",
      ""group_smarts"": ""[CX4]-[S;X2;H0;!$(*-S-*)]"",
      ""atom_specific_smarts"": ""[CH2X4]-[S;X2;H0;!$(*-S-*)]"",
      ""description"": ""Methylene carbon directly bonded to a thioether sulfur (S with no H and not S–S)."",
      ""uncertainty"": ""low""
    },
    {
      ""atom_type"": 211,
      ""element"": ""C"",
      ""chemical_environment"": ""Alpha methine carbon to thioether sulfur (sulfide)."",
      ""functional_group"": ""sulfide alpha carbon (CH)"",
      ""hybridization"": ""sp3"",
      ""example_molecule_smiles"": ""CC(SC)C"",
      ""group_smarts"": ""[CX4]-[S;X2;H0;!$(*-S-*)]"",
      ""atom_specific_smarts"": ""[CHX4]-[S;X2;H0;!$(*-S-*)]"",
      ""description"": ""Methine carbon directly bonded to a thioether sulfur (S with no H and not in disulfide)."",
      ""uncertainty"": ""low""
    },
    {
      ""atom_type"": 212,
      ""element"": ""C"",
      ""chemical_environment"": ""Alpha quaternary carbon to thioether sulfur (sulfide)."",
      ""functional_group"": ""sulfide alpha carbon (quaternary C)"",
      ""hybridization"": ""sp3"",
      ""example_molecule_smiles"": ""CSC(C)(C)C"",
      ""group_smarts"": ""[CX4]-[S;X2;H0;!$(*-S-*)]"",
      ""atom_specific_smarts"": ""[CX4H0]-[S;X2;H0;!$(*-S-*)]"",
      ""description"": ""Quaternary carbon (no H) directly bonded to thioether sulfur (not part of S–S)."",
      ""uncertainty"": ""low""
    },
    {
      ""atom_type"": 213,
      ""element"": ""C"",
      ""chemical_environment"": ""Alpha methyl carbon to disulfide sulfur (R-S-S-R')."",
      ""functional_group"": ""disulfide alpha carbon (CH3)"",
      ""hybridization"": ""sp3"",
      ""example_molecule_smiles"": ""CSSC"",
      ""group_smarts"": ""[CX4]-[S;X2;H0]-[S;X2;H0]"",
      ""atom_specific_smarts"": ""[CH3X4]-[S;X2;H0]-[S;X2;H0]"",
      ""description"": ""Terminal methyl carbon directly bonded to sulfur that is itself bonded to another sulfur (disulfide)."",
      ""uncertainty"": ""low""
    },
    {
      ""atom_type"": 214,
      ""element"": ""C"",
      ""chemical_environment"": ""Alpha methylene carbon to disulfide sulfur."",
      ""functional_group"": ""disulfide alpha carbon (CH2)"",
      ""hybridization"": ""sp3"",
      ""example_molecule_smiles"": ""CSSCC"",
      ""group_smarts"": ""[CX4]-[S;X2;H0]-[S;X2;H0]"",
      ""atom_specific_smarts"": ""[CH2X4]-[S;X2;H0]-[S;X2;H0]"",
      ""description"": ""Methylene carbon directly bonded to sulfur that participates in an S–S bond."",
      ""uncertainty"": ""low""
    },
    {
      ""atom_type"": 215,
      ""element"": ""C"",
      ""chemical_environment"": ""Alpha methine carbon to disulfide sulfur."",
      ""functional_group"": ""disulfide alpha carbon (CH)"",
      ""hybridization"": ""sp3"",
      ""example_molecule_smiles"": ""CC(SSC)C"",
      ""group_smarts"": ""[CX4]-[S;X2;H0]-[S;X2;H0]"",
      ""atom_specific_smarts"": ""[CHX4]-[S;X2;H0]-[S;X2;H0]"",
      ""description"": ""Methine carbon directly bonded to sulfur that is bonded to another sulfur (S–S)."",
      ""uncertainty"": ""low""
    },
    {
      ""atom_type"": 216,
      ""element"": ""C"",
      ""chemical_environment"": ""Alpha quaternary carbon to disulfide sulfur."",
      ""functional_group"": ""disulfide alpha carbon (quaternary C)"",
      ""hybridization"": ""sp3"",
      ""example_molecule_smiles"": ""CC(C)(C)SSC"",
      ""group_smarts"": ""[CX4]-[S;X2;H0]-[S;X2;H0]"",
      ""atom_specific_smarts"": ""[CX4H0]-[S;X2;H0]-[S;X2;H0]"",
      ""description"": ""Quaternary carbon (no H) directly bonded to sulfur that forms a disulfide linkage."",
      ""uncertainty"": ""low""
    },
    {
      ""atom_type"": 217,
      ""element"": ""C"",
      ""chemical_environment"": ""Methyl carbon of methanethiol (CH3-SH), alpha to thiol sulfur."",
      ""functional_group"": ""thiol alpha carbon (CH3, methanethiol)"",
      ""hybridization"": ""sp3"",
      ""example_molecule_smiles"": ""CS"",
      ""group_smarts"": ""[CX4]-[SH1]"",
      ""atom_specific_smarts"": ""[CH3X4]-[SH1]"",
      ""description"": ""Terminal methyl carbon directly bonded to sulfur bearing hydrogen (specifically Me–SH)."",
      ""uncertainty"": ""low""
    },
    {
      ""atom_type"": 218,
      ""element"": ""C"",
      ""chemical_environment"": ""Benzylic methylene carbon in benzyl alcohols (Ar-CH2-OH)."",
      ""functional_group"": ""benzylic alcohol (CH2OH on aryl)"",
      ""hybridization"": ""sp3"",
      ""example_molecule_smiles"": ""c1ccccc1CO"",
      ""group_smarts"": ""[CH2X4](-[OX2H])(-[c])"",
      ""atom_specific_smarts"": ""[CH2X4](-[OX2H])(-[c])"",
      ""description"": ""Benzylic CH2 linking an aromatic carbon and a hydroxyl oxygen in benzyl alcohol (Ph–CH2–OH)."",
      ""uncertainty"": ""low""
    }
  ]
}"
214,0.0975,"C  - CT   | all-atom C: CH2, disulfides",12.011,oplsaa2024.lt,C,6,"Convert the following OPLS-AA atom type rows:

Atom Type Data:
- Atom index: 189
- Force field raw info: C  - CO   | C(H2O2): acetal OCH2O
- Partial charge: 0.06
- Atomic mass: 12.011
- Element guess: C
- Atomic number: 6
- Source file: oplsaa2024.lt


Atom Type Data:
- Atom index: 191
- Force field raw info: C  - CO   | C(H2O2): hemiacetal OCH2OH
- Partial charge: 0.195
- Atomic mass: 12.011
- Element guess: C
- Atomic number: 6
- Source file: oplsaa2024.lt


Atom Type Data:
- Atom index: 193
- Force field raw info: C  - CO   | C(HCO2): acetal OCHRO
- Partial charge: 0.16
- Atomic mass: 12.011
- Element guess: C
- Atomic number: 6
- Source file: oplsaa2024.lt


Atom Type Data:
- Atom index: 195
- Force field raw info: C  - CO   | C(HCO2): hemiacetal OCHROH
- Partial charge: 0.295
- Atomic mass: 12.011
- Element guess: C
- Atomic number: 6
- Source file: oplsaa2024.lt


Atom Type Data:
- Atom index: 197
- Force field raw info: C  - CO   | C(C2O2): acetal OCRRO
- Partial charge: 0.26
- Atomic mass: 12.011
- Element guess: C
- Atomic number: 6
- Source file: oplsaa2024.lt


Atom Type Data:
- Atom index: 198
- Force field raw info: C  - CO   | C(C2O2): hemiacetal OCRROH
- Partial charge: 0.395
- Atomic mass: 12.011
- Element guess: C
- Atomic number: 6
- Source file: oplsaa2024.lt


Atom Type Data:
- Atom index: 199
- Force field raw info: C  - CA   | C(OMe) anisole OPLS/2020
- Partial charge: 0.085
- Atomic mass: 12.011
- Element guess: C
- Atomic number: 6
- Source file: oplsaa2024.lt


Atom Type Data:
- Atom index: 206
- Force field raw info: C  - CT   | all-atom C: CH2, thiols
- Partial charge: 0.06
- Atomic mass: 12.011
- Element guess: C
- Atomic number: 6
- Source file: oplsaa2024.lt


Atom Type Data:
- Atom index: 207
- Force field raw info: C  - CT   | all-atom C: CH, thiols
- Partial charge: 0.12
- Atomic mass: 12.011
- Element guess: C
- Atomic number: 6
- Source file: oplsaa2024.lt


Atom Type Data:
- Atom index: 208
- Force field raw info: C  - CT   | all-atom C: C, thiols
- Partial charge: 0.18
- Atomic mass: 12.011
- Element guess: C
- Atomic number: 6
- Source file: oplsaa2024.lt


Atom Type Data:
- Atom index: 209
- Force field raw info: C  - CT   | all-atom C: CH3, sulfides OPLS-AA/L
- Partial charge: -0.0125
- Atomic mass: 12.011
- Element guess: C
- Atomic number: 6
- Source file: oplsaa2024.lt


Atom Type Data:
- Atom index: 210
- Force field raw info: C  - CT   | all-atom C: CH2, sulfides OPLS-AA/L
- Partial charge: 0.0475
- Atomic mass: 12.011
- Element guess: C
- Atomic number: 6
- Source file: oplsaa2024.lt


Atom Type Data:
- Atom index: 211
- Force field raw info: C  - CT   | all-atom C: CH, sulfides OPLS-AA/L
- Partial charge: 0.1175
- Atomic mass: 12.011
- Element guess: C
- Atomic number: 6
- Source file: oplsaa2024.lt


Atom Type Data:
- Atom index: 212
- Force field raw info: C  - CT   | all-atom C: C, sulfides OPLS-AA/L
- Partial charge: 0.1675
- Atomic mass: 12.011
- Element guess: C
- Atomic number: 6
- Source file: oplsaa2024.lt


Atom Type Data:
- Atom index: 213
- Force field raw info: C  - CT   | all-atom C: CH3, disulfides
- Partial charge: 0.0375
- Atomic mass: 12.011
- Element guess: C
- Atomic number: 6
- Source file: oplsaa2024.lt


Atom Type Data:
- Atom index: 214
- Force field raw info: C  - CT   | all-atom C: CH2, disulfides
- Partial charge: 0.0975
- Atomic mass: 12.011
- Element guess: C
- Atomic number: 6
- Source file: oplsaa2024.lt


Atom Type Data:
- Atom index: 215
- Force field raw info: C  - CT   | all-atom C: CH, disulfides
- Partial charge: 0.1575
- Atomic mass: 12.011
- Element guess: C
- Atomic number: 6
- Source file: oplsaa2024.lt


Atom Type Data:
- Atom index: 216
- Force field raw info: C  - CT   | all-atom C: C, disulfides
- Partial charge: 0.2175
- Atomic mass: 12.011
- Element guess: C
- Atomic number: 6
- Source file: oplsaa2024.lt


Atom Type Data:
- Atom index: 217
- Force field raw info: C  - CT   | all-atom C: CH3, methanethiol
- Partial charge: 0.0
- Atomic mass: 12.011
- Element guess: C
- Atomic number: 6
- Source file: oplsaa2024.lt


Atom Type Data:
- Atom index: 218
- Force field raw info: C  - CT   | C in CH2OH - benzyl alcohols
- Partial charge: 0.2
- Atomic mass: 12.011
- Element guess: C
- Atomic number: 6
- Source file: oplsaa2024.lt
","{
  ""atom_types"": [
    {
      ""atom_type"": 189,
      ""element"": ""C"",
      ""chemical_environment"": ""Acetal methylene carbon bonded to two ether oxygens (O-CH2-O)."",
      ""functional_group"": ""acetal (OCH2O, formal acetal)"",
      ""hybridization"": ""sp3"",
      ""example_molecule_smiles"": ""COCOC"",
      ""group_smarts"": ""[CX4H2](-[OX2])(-[OX2])"",
      ""atom_specific_smarts"": ""[CX4H2](-[OX2H0])(-[OX2H0])"",
      ""description"": ""Central CH2 carbon in dimethoxy methane-type acetals; two single-bonded ether O neighbors and two hydrogens."",
      ""uncertainty"": ""low""
    },
    {
      ""atom_type"": 191,
      ""element"": ""C"",
      ""chemical_environment"": ""Hemiacetal methylene carbon with one ether oxygen and one hydroxyl oxygen (O-CH2-OH)."",
      ""functional_group"": ""hemiacetal (OCH2OH)"",
      ""hybridization"": ""sp3"",
      ""example_molecule_smiles"": ""COCO"",
      ""group_smarts"": ""[CX4H2](-O)(-O)"",
      ""atom_specific_smarts"": ""[CX4H2](-[OX2H0])(-[OX2H])"",
      ""description"": ""Central CH2 carbon in a hemiacetal derived from formaldehyde; one O is an ether, the other is hydroxyl."",
      ""uncertainty"": ""low""
    },
    {
      ""atom_type"": 193,
      ""element"": ""C"",
      ""chemical_environment"": ""Secondary acetal center with one carbon substituent and two ether oxygens (O-CH(-R)-O)."",
      ""functional_group"": ""acetal (OCHRO)"",
      ""hybridization"": ""sp3"",
      ""example_molecule_smiles"": ""CC(OC)OC"",
      ""group_smarts"": ""[CX4H1](-O)(-O)"",
      ""atom_specific_smarts"": ""[CX4H1](-[OX2H0])(-[OX2H0])(-[C,c])"",
      ""description"": ""Acetal methine carbon bearing one hydrogen, one carbon (R) substituent, and two ether oxygens."",
      ""uncertainty"": ""low""
    },
    {
      ""atom_type"": 195,
      ""element"": ""C"",
      ""chemical_environment"": ""Secondary hemiacetal center with one carbon substituent, one ether oxygen, and one hydroxyl (O-CH(-R)-OH)."",
      ""functional_group"": ""hemiacetal (OCHROH)"",
      ""hybridization"": ""sp3"",
      ""example_molecule_smiles"": ""CC(O)OC"",
      ""group_smarts"": ""[CX4H1](-O)(-O)"",
      ""atom_specific_smarts"": ""[CX4H1](-[OX2H0])(-[OX2H])(-[C,c])"",
      ""description"": ""Hemiacetal methine carbon with one H, one carbon substituent, one ether O and one hydroxyl O."",
      ""uncertainty"": ""low""
    },
    {
      ""atom_type"": 197,
      ""element"": ""C"",
      ""chemical_environment"": ""Tertiary acetal center with two carbon substituents and two ether oxygens (O-C(R)(R)-O)."",
      ""functional_group"": ""acetal (OCRRO)"",
      ""hybridization"": ""sp3"",
      ""example_molecule_smiles"": ""CC(C)(OC)OC"",
      ""group_smarts"": ""[CX4H0](-O)(-O)"",
      ""atom_specific_smarts"": ""[CX4H0](-[OX2H0])(-[OX2H0])(-[C,c])(-[C,c])"",
      ""description"": ""Acetal quaternary carbon (no H) bound to two ether oxygens and two carbon substituents."",
      ""uncertainty"": ""low""
    },
    {
      ""atom_type"": 198,
      ""element"": ""C"",
      ""chemical_environment"": ""Tertiary hemiacetal center with two carbon substituents, one ether oxygen, and one hydroxyl (O-C(R)(R)-OH)."",
      ""functional_group"": ""hemiacetal (OCRROH)"",
      ""hybridization"": ""sp3"",
      ""example_molecule_smiles"": ""CC(C)(O)OC"",
      ""group_smarts"": ""[CX4H0](-O)(-O)"",
      ""atom_specific_smarts"": ""[CX4H0](-[OX2H0])(-[OX2H])(-[C,c])(-[C,c])"",
      ""description"": ""Hemiacetal quaternary carbon (no H) with one hydroxyl O, one ether O, and two carbon substituents."",
      ""uncertainty"": ""low""
    },
    {
      ""atom_type"": 199,
      ""element"": ""C"",
      ""chemical_environment"": ""Aromatic ipso carbon of anisole bound to methoxy oxygen."",
      ""functional_group"": ""aryl ether (anisole, C(OMe))"",
      ""hybridization"": ""sp2 (aromatic)"",
      ""example_molecule_smiles"": ""COc1ccccc1"",
      ""group_smarts"": ""[cX3](-[OX2H0]-[C])"",
      ""atom_specific_smarts"": ""[cX3](-[OX2H0]-[CH3])"",
      ""description"": ""Ipso phenyl carbon attached to an ether oxygen that bears a methyl group (methoxy substituent)."",
      ""uncertainty"": ""low""
    },
    {
      ""atom_type"": 206,
      ""element"": ""C"",
      ""chemical_environment"": ""Alpha carbon to thiol sulfur in primary thiols (R-CH2-SH)."",
      ""functional_group"": ""thiol alpha carbon (CH2)"",
      ""hybridization"": ""sp3"",
      ""example_molecule_smiles"": ""CCS"",
      ""group_smarts"": ""[CX4]-[SH1]"",
      ""atom_specific_smarts"": ""[CH2X4]-[SH1]"",
      ""description"": ""Methylene carbon directly bonded to sulfur bearing hydrogen (thiol S-H)."",
      ""uncertainty"": ""low""
    },
    {
      ""atom_type"": 207,
      ""element"": ""C"",
      ""chemical_environment"": ""Alpha carbon to thiol sulfur in secondary thiols (R2CH-SH)."",
      ""functional_group"": ""thiol alpha carbon (CH)"",
      ""hybridization"": ""sp3"",
      ""example_molecule_smiles"": ""CC(C)S"",
      ""group_smarts"": ""[CX4]-[SH1]"",
      ""atom_specific_smarts"": ""[CHX4]-[SH1]"",
      ""description"": ""Methine carbon directly bonded to thiol sulfur (S-H), bearing one hydrogen and two carbon substituents."",
      ""uncertainty"": ""low""
    },
    {
      ""atom_type"": 208,
      ""element"": ""C"",
      ""chemical_environment"": ""Alpha carbon to thiol sulfur in tertiary centers (R3C-SH)."",
      ""functional_group"": ""thiol alpha carbon (quaternary C)"",
      ""hybridization"": ""sp3"",
      ""example_molecule_smiles"": ""CC(C)(C)S"",
      ""group_smarts"": ""[CX4]-[SH1]"",
      ""atom_specific_smarts"": ""[CX4H0]-[SH1]"",
      ""description"": ""Quaternary carbon (no hydrogens) directly bonded to thiol sulfur (S-H)."",
      ""uncertainty"": ""low""
    },
    {
      ""atom_type"": 209,
      ""element"": ""C"",
      ""chemical_environment"": ""Alpha methyl carbon to thioether sulfur (sulfide, R-S-R')."",
      ""functional_group"": ""sulfide alpha carbon (CH3)"",
      ""hybridization"": ""sp3"",
      ""example_molecule_smiles"": ""CSC"",
      ""group_smarts"": ""[CX4]-[S;X2;H0;!$(*-S-*)]"",
      ""atom_specific_smarts"": ""[CH3X4]-[S;X2;H0;!$(*-S-*)]"",
      ""description"": ""Terminal methyl carbon directly bonded to a thioether sulfur (S with no H and not in disulfide)."",
      ""uncertainty"": ""low""
    },
    {
      ""atom_type"": 210,
      ""element"": ""C"",
      ""chemical_environment"": ""Alpha methylene carbon to thioether sulfur (sulfide)."",
      ""functional_group"": ""sulfide alpha carbon (CH2)"",
      ""hybridization"": ""sp3"",
      ""example_molecule_smiles"": ""CSCC"",
      ""group_smarts"": ""[CX4]-[S;X2;H0;!$(*-S-*)]"",
      ""atom_specific_smarts"": ""[CH2X4]-[S;X2;H0;!$(*-S-*)]"",
      ""description"": ""Methylene carbon directly bonded to a thioether sulfur (S with no H and not S–S)."",
      ""uncertainty"": ""low""
    },
    {
      ""atom_type"": 211,
      ""element"": ""C"",
      ""chemical_environment"": ""Alpha methine carbon to thioether sulfur (sulfide)."",
      ""functional_group"": ""sulfide alpha carbon (CH)"",
      ""hybridization"": ""sp3"",
      ""example_molecule_smiles"": ""CC(SC)C"",
      ""group_smarts"": ""[CX4]-[S;X2;H0;!$(*-S-*)]"",
      ""atom_specific_smarts"": ""[CHX4]-[S;X2;H0;!$(*-S-*)]"",
      ""description"": ""Methine carbon directly bonded to a thioether sulfur (S with no H and not in disulfide)."",
      ""uncertainty"": ""low""
    },
    {
      ""atom_type"": 212,
      ""element"": ""C"",
      ""chemical_environment"": ""Alpha quaternary carbon to thioether sulfur (sulfide)."",
      ""functional_group"": ""sulfide alpha carbon (quaternary C)"",
      ""hybridization"": ""sp3"",
      ""example_molecule_smiles"": ""CSC(C)(C)C"",
      ""group_smarts"": ""[CX4]-[S;X2;H0;!$(*-S-*)]"",
      ""atom_specific_smarts"": ""[CX4H0]-[S;X2;H0;!$(*-S-*)]"",
      ""description"": ""Quaternary carbon (no H) directly bonded to thioether sulfur (not part of S–S)."",
      ""uncertainty"": ""low""
    },
    {
      ""atom_type"": 213,
      ""element"": ""C"",
      ""chemical_environment"": ""Alpha methyl carbon to disulfide sulfur (R-S-S-R')."",
      ""functional_group"": ""disulfide alpha carbon (CH3)"",
      ""hybridization"": ""sp3"",
      ""example_molecule_smiles"": ""CSSC"",
      ""group_smarts"": ""[CX4]-[S;X2;H0]-[S;X2;H0]"",
      ""atom_specific_smarts"": ""[CH3X4]-[S;X2;H0]-[S;X2;H0]"",
      ""description"": ""Terminal methyl carbon directly bonded to sulfur that is itself bonded to another sulfur (disulfide)."",
      ""uncertainty"": ""low""
    },
    {
      ""atom_type"": 214,
      ""element"": ""C"",
      ""chemical_environment"": ""Alpha methylene carbon to disulfide sulfur."",
      ""functional_group"": ""disulfide alpha carbon (CH2)"",
      ""hybridization"": ""sp3"",
      ""example_molecule_smiles"": ""CSSCC"",
      ""group_smarts"": ""[CX4]-[S;X2;H0]-[S;X2;H0]"",
      ""atom_specific_smarts"": ""[CH2X4]-[S;X2;H0]-[S;X2;H0]"",
      ""description"": ""Methylene carbon directly bonded to sulfur that participates in an S–S bond."",
      ""uncertainty"": ""low""
    },
    {
      ""atom_type"": 215,
      ""element"": ""C"",
      ""chemical_environment"": ""Alpha methine carbon to disulfide sulfur."",
      ""functional_group"": ""disulfide alpha carbon (CH)"",
      ""hybridization"": ""sp3"",
      ""example_molecule_smiles"": ""CC(SSC)C"",
      ""group_smarts"": ""[CX4]-[S;X2;H0]-[S;X2;H0]"",
      ""atom_specific_smarts"": ""[CHX4]-[S;X2;H0]-[S;X2;H0]"",
      ""description"": ""Methine carbon directly bonded to sulfur that is bonded to another sulfur (S–S)."",
      ""uncertainty"": ""low""
    },
    {
      ""atom_type"": 216,
      ""element"": ""C"",
      ""chemical_environment"": ""Alpha quaternary carbon to disulfide sulfur."",
      ""functional_group"": ""disulfide alpha carbon (quaternary C)"",
      ""hybridization"": ""sp3"",
      ""example_molecule_smiles"": ""CC(C)(C)SSC"",
      ""group_smarts"": ""[CX4]-[S;X2;H0]-[S;X2;H0]"",
      ""atom_specific_smarts"": ""[CX4H0]-[S;X2;H0]-[S;X2;H0]"",
      ""description"": ""Quaternary carbon (no H) directly bonded to sulfur that forms a disulfide linkage."",
      ""uncertainty"": ""low""
    },
    {
      ""atom_type"": 217,
      ""element"": ""C"",
      ""chemical_environment"": ""Methyl carbon of methanethiol (CH3-SH), alpha to thiol sulfur."",
      ""functional_group"": ""thiol alpha carbon (CH3, methanethiol)"",
      ""hybridization"": ""sp3"",
      ""example_molecule_smiles"": ""CS"",
      ""group_smarts"": ""[CX4]-[SH1]"",
      ""atom_specific_smarts"": ""[CH3X4]-[SH1]"",
      ""description"": ""Terminal methyl carbon directly bonded to sulfur bearing hydrogen (specifically Me–SH)."",
      ""uncertainty"": ""low""
    },
    {
      ""atom_type"": 218,
      ""element"": ""C"",
      ""chemical_environment"": ""Benzylic methylene carbon in benzyl alcohols (Ar-CH2-OH)."",
      ""functional_group"": ""benzylic alcohol (CH2OH on aryl)"",
      ""hybridization"": ""sp3"",
      ""example_molecule_smiles"": ""c1ccccc1CO"",
      ""group_smarts"": ""[CH2X4](-[OX2H])(-[c])"",
      ""atom_specific_smarts"": ""[CH2X4](-[OX2H])(-[c])"",
      ""description"": ""Benzylic CH2 linking an aromatic carbon and a hydroxyl oxygen in benzyl alcohol (Ph–CH2–OH)."",
      ""uncertainty"": ""low""
    }
  ]
}"
215,0.1575,"C  - CT   | all-atom C: CH, disulfides",12.011,oplsaa2024.lt,C,6,"Convert the following OPLS-AA atom type rows:

Atom Type Data:
- Atom index: 189
- Force field raw info: C  - CO   | C(H2O2): acetal OCH2O
- Partial charge: 0.06
- Atomic mass: 12.011
- Element guess: C
- Atomic number: 6
- Source file: oplsaa2024.lt


Atom Type Data:
- Atom index: 191
- Force field raw info: C  - CO   | C(H2O2): hemiacetal OCH2OH
- Partial charge: 0.195
- Atomic mass: 12.011
- Element guess: C
- Atomic number: 6
- Source file: oplsaa2024.lt


Atom Type Data:
- Atom index: 193
- Force field raw info: C  - CO   | C(HCO2): acetal OCHRO
- Partial charge: 0.16
- Atomic mass: 12.011
- Element guess: C
- Atomic number: 6
- Source file: oplsaa2024.lt


Atom Type Data:
- Atom index: 195
- Force field raw info: C  - CO   | C(HCO2): hemiacetal OCHROH
- Partial charge: 0.295
- Atomic mass: 12.011
- Element guess: C
- Atomic number: 6
- Source file: oplsaa2024.lt


Atom Type Data:
- Atom index: 197
- Force field raw info: C  - CO   | C(C2O2): acetal OCRRO
- Partial charge: 0.26
- Atomic mass: 12.011
- Element guess: C
- Atomic number: 6
- Source file: oplsaa2024.lt


Atom Type Data:
- Atom index: 198
- Force field raw info: C  - CO   | C(C2O2): hemiacetal OCRROH
- Partial charge: 0.395
- Atomic mass: 12.011
- Element guess: C
- Atomic number: 6
- Source file: oplsaa2024.lt


Atom Type Data:
- Atom index: 199
- Force field raw info: C  - CA   | C(OMe) anisole OPLS/2020
- Partial charge: 0.085
- Atomic mass: 12.011
- Element guess: C
- Atomic number: 6
- Source file: oplsaa2024.lt


Atom Type Data:
- Atom index: 206
- Force field raw info: C  - CT   | all-atom C: CH2, thiols
- Partial charge: 0.06
- Atomic mass: 12.011
- Element guess: C
- Atomic number: 6
- Source file: oplsaa2024.lt


Atom Type Data:
- Atom index: 207
- Force field raw info: C  - CT   | all-atom C: CH, thiols
- Partial charge: 0.12
- Atomic mass: 12.011
- Element guess: C
- Atomic number: 6
- Source file: oplsaa2024.lt


Atom Type Data:
- Atom index: 208
- Force field raw info: C  - CT   | all-atom C: C, thiols
- Partial charge: 0.18
- Atomic mass: 12.011
- Element guess: C
- Atomic number: 6
- Source file: oplsaa2024.lt


Atom Type Data:
- Atom index: 209
- Force field raw info: C  - CT   | all-atom C: CH3, sulfides OPLS-AA/L
- Partial charge: -0.0125
- Atomic mass: 12.011
- Element guess: C
- Atomic number: 6
- Source file: oplsaa2024.lt


Atom Type Data:
- Atom index: 210
- Force field raw info: C  - CT   | all-atom C: CH2, sulfides OPLS-AA/L
- Partial charge: 0.0475
- Atomic mass: 12.011
- Element guess: C
- Atomic number: 6
- Source file: oplsaa2024.lt


Atom Type Data:
- Atom index: 211
- Force field raw info: C  - CT   | all-atom C: CH, sulfides OPLS-AA/L
- Partial charge: 0.1175
- Atomic mass: 12.011
- Element guess: C
- Atomic number: 6
- Source file: oplsaa2024.lt


Atom Type Data:
- Atom index: 212
- Force field raw info: C  - CT   | all-atom C: C, sulfides OPLS-AA/L
- Partial charge: 0.1675
- Atomic mass: 12.011
- Element guess: C
- Atomic number: 6
- Source file: oplsaa2024.lt


Atom Type Data:
- Atom index: 213
- Force field raw info: C  - CT   | all-atom C: CH3, disulfides
- Partial charge: 0.0375
- Atomic mass: 12.011
- Element guess: C
- Atomic number: 6
- Source file: oplsaa2024.lt


Atom Type Data:
- Atom index: 214
- Force field raw info: C  - CT   | all-atom C: CH2, disulfides
- Partial charge: 0.0975
- Atomic mass: 12.011
- Element guess: C
- Atomic number: 6
- Source file: oplsaa2024.lt


Atom Type Data:
- Atom index: 215
- Force field raw info: C  - CT   | all-atom C: CH, disulfides
- Partial charge: 0.1575
- Atomic mass: 12.011
- Element guess: C
- Atomic number: 6
- Source file: oplsaa2024.lt


Atom Type Data:
- Atom index: 216
- Force field raw info: C  - CT   | all-atom C: C, disulfides
- Partial charge: 0.2175
- Atomic mass: 12.011
- Element guess: C
- Atomic number: 6
- Source file: oplsaa2024.lt


Atom Type Data:
- Atom index: 217
- Force field raw info: C  - CT   | all-atom C: CH3, methanethiol
- Partial charge: 0.0
- Atomic mass: 12.011
- Element guess: C
- Atomic number: 6
- Source file: oplsaa2024.lt


Atom Type Data:
- Atom index: 218
- Force field raw info: C  - CT   | C in CH2OH - benzyl alcohols
- Partial charge: 0.2
- Atomic mass: 12.011
- Element guess: C
- Atomic number: 6
- Source file: oplsaa2024.lt
","{
  ""atom_types"": [
    {
      ""atom_type"": 189,
      ""element"": ""C"",
      ""chemical_environment"": ""Acetal methylene carbon bonded to two ether oxygens (O-CH2-O)."",
      ""functional_group"": ""acetal (OCH2O, formal acetal)"",
      ""hybridization"": ""sp3"",
      ""example_molecule_smiles"": ""COCOC"",
      ""group_smarts"": ""[CX4H2](-[OX2])(-[OX2])"",
      ""atom_specific_smarts"": ""[CX4H2](-[OX2H0])(-[OX2H0])"",
      ""description"": ""Central CH2 carbon in dimethoxy methane-type acetals; two single-bonded ether O neighbors and two hydrogens."",
      ""uncertainty"": ""low""
    },
    {
      ""atom_type"": 191,
      ""element"": ""C"",
      ""chemical_environment"": ""Hemiacetal methylene carbon with one ether oxygen and one hydroxyl oxygen (O-CH2-OH)."",
      ""functional_group"": ""hemiacetal (OCH2OH)"",
      ""hybridization"": ""sp3"",
      ""example_molecule_smiles"": ""COCO"",
      ""group_smarts"": ""[CX4H2](-O)(-O)"",
      ""atom_specific_smarts"": ""[CX4H2](-[OX2H0])(-[OX2H])"",
      ""description"": ""Central CH2 carbon in a hemiacetal derived from formaldehyde; one O is an ether, the other is hydroxyl."",
      ""uncertainty"": ""low""
    },
    {
      ""atom_type"": 193,
      ""element"": ""C"",
      ""chemical_environment"": ""Secondary acetal center with one carbon substituent and two ether oxygens (O-CH(-R)-O)."",
      ""functional_group"": ""acetal (OCHRO)"",
      ""hybridization"": ""sp3"",
      ""example_molecule_smiles"": ""CC(OC)OC"",
      ""group_smarts"": ""[CX4H1](-O)(-O)"",
      ""atom_specific_smarts"": ""[CX4H1](-[OX2H0])(-[OX2H0])(-[C,c])"",
      ""description"": ""Acetal methine carbon bearing one hydrogen, one carbon (R) substituent, and two ether oxygens."",
      ""uncertainty"": ""low""
    },
    {
      ""atom_type"": 195,
      ""element"": ""C"",
      ""chemical_environment"": ""Secondary hemiacetal center with one carbon substituent, one ether oxygen, and one hydroxyl (O-CH(-R)-OH)."",
      ""functional_group"": ""hemiacetal (OCHROH)"",
      ""hybridization"": ""sp3"",
      ""example_molecule_smiles"": ""CC(O)OC"",
      ""group_smarts"": ""[CX4H1](-O)(-O)"",
      ""atom_specific_smarts"": ""[CX4H1](-[OX2H0])(-[OX2H])(-[C,c])"",
      ""description"": ""Hemiacetal methine carbon with one H, one carbon substituent, one ether O and one hydroxyl O."",
      ""uncertainty"": ""low""
    },
    {
      ""atom_type"": 197,
      ""element"": ""C"",
      ""chemical_environment"": ""Tertiary acetal center with two carbon substituents and two ether oxygens (O-C(R)(R)-O)."",
      ""functional_group"": ""acetal (OCRRO)"",
      ""hybridization"": ""sp3"",
      ""example_molecule_smiles"": ""CC(C)(OC)OC"",
      ""group_smarts"": ""[CX4H0](-O)(-O)"",
      ""atom_specific_smarts"": ""[CX4H0](-[OX2H0])(-[OX2H0])(-[C,c])(-[C,c])"",
      ""description"": ""Acetal quaternary carbon (no H) bound to two ether oxygens and two carbon substituents."",
      ""uncertainty"": ""low""
    },
    {
      ""atom_type"": 198,
      ""element"": ""C"",
      ""chemical_environment"": ""Tertiary hemiacetal center with two carbon substituents, one ether oxygen, and one hydroxyl (O-C(R)(R)-OH)."",
      ""functional_group"": ""hemiacetal (OCRROH)"",
      ""hybridization"": ""sp3"",
      ""example_molecule_smiles"": ""CC(C)(O)OC"",
      ""group_smarts"": ""[CX4H0](-O)(-O)"",
      ""atom_specific_smarts"": ""[CX4H0](-[OX2H0])(-[OX2H])(-[C,c])(-[C,c])"",
      ""description"": ""Hemiacetal quaternary carbon (no H) with one hydroxyl O, one ether O, and two carbon substituents."",
      ""uncertainty"": ""low""
    },
    {
      ""atom_type"": 199,
      ""element"": ""C"",
      ""chemical_environment"": ""Aromatic ipso carbon of anisole bound to methoxy oxygen."",
      ""functional_group"": ""aryl ether (anisole, C(OMe))"",
      ""hybridization"": ""sp2 (aromatic)"",
      ""example_molecule_smiles"": ""COc1ccccc1"",
      ""group_smarts"": ""[cX3](-[OX2H0]-[C])"",
      ""atom_specific_smarts"": ""[cX3](-[OX2H0]-[CH3])"",
      ""description"": ""Ipso phenyl carbon attached to an ether oxygen that bears a methyl group (methoxy substituent)."",
      ""uncertainty"": ""low""
    },
    {
      ""atom_type"": 206,
      ""element"": ""C"",
      ""chemical_environment"": ""Alpha carbon to thiol sulfur in primary thiols (R-CH2-SH)."",
      ""functional_group"": ""thiol alpha carbon (CH2)"",
      ""hybridization"": ""sp3"",
      ""example_molecule_smiles"": ""CCS"",
      ""group_smarts"": ""[CX4]-[SH1]"",
      ""atom_specific_smarts"": ""[CH2X4]-[SH1]"",
      ""description"": ""Methylene carbon directly bonded to sulfur bearing hydrogen (thiol S-H)."",
      ""uncertainty"": ""low""
    },
    {
      ""atom_type"": 207,
      ""element"": ""C"",
      ""chemical_environment"": ""Alpha carbon to thiol sulfur in secondary thiols (R2CH-SH)."",
      ""functional_group"": ""thiol alpha carbon (CH)"",
      ""hybridization"": ""sp3"",
      ""example_molecule_smiles"": ""CC(C)S"",
      ""group_smarts"": ""[CX4]-[SH1]"",
      ""atom_specific_smarts"": ""[CHX4]-[SH1]"",
      ""description"": ""Methine carbon directly bonded to thiol sulfur (S-H), bearing one hydrogen and two carbon substituents."",
      ""uncertainty"": ""low""
    },
    {
      ""atom_type"": 208,
      ""element"": ""C"",
      ""chemical_environment"": ""Alpha carbon to thiol sulfur in tertiary centers (R3C-SH)."",
      ""functional_group"": ""thiol alpha carbon (quaternary C)"",
      ""hybridization"": ""sp3"",
      ""example_molecule_smiles"": ""CC(C)(C)S"",
      ""group_smarts"": ""[CX4]-[SH1]"",
      ""atom_specific_smarts"": ""[CX4H0]-[SH1]"",
      ""description"": ""Quaternary carbon (no hydrogens) directly bonded to thiol sulfur (S-H)."",
      ""uncertainty"": ""low""
    },
    {
      ""atom_type"": 209,
      ""element"": ""C"",
      ""chemical_environment"": ""Alpha methyl carbon to thioether sulfur (sulfide, R-S-R')."",
      ""functional_group"": ""sulfide alpha carbon (CH3)"",
      ""hybridization"": ""sp3"",
      ""example_molecule_smiles"": ""CSC"",
      ""group_smarts"": ""[CX4]-[S;X2;H0;!$(*-S-*)]"",
      ""atom_specific_smarts"": ""[CH3X4]-[S;X2;H0;!$(*-S-*)]"",
      ""description"": ""Terminal methyl carbon directly bonded to a thioether sulfur (S with no H and not in disulfide)."",
      ""uncertainty"": ""low""
    },
    {
      ""atom_type"": 210,
      ""element"": ""C"",
      ""chemical_environment"": ""Alpha methylene carbon to thioether sulfur (sulfide)."",
      ""functional_group"": ""sulfide alpha carbon (CH2)"",
      ""hybridization"": ""sp3"",
      ""example_molecule_smiles"": ""CSCC"",
      ""group_smarts"": ""[CX4]-[S;X2;H0;!$(*-S-*)]"",
      ""atom_specific_smarts"": ""[CH2X4]-[S;X2;H0;!$(*-S-*)]"",
      ""description"": ""Methylene carbon directly bonded to a thioether sulfur (S with no H and not S–S)."",
      ""uncertainty"": ""low""
    },
    {
      ""atom_type"": 211,
      ""element"": ""C"",
      ""chemical_environment"": ""Alpha methine carbon to thioether sulfur (sulfide)."",
      ""functional_group"": ""sulfide alpha carbon (CH)"",
      ""hybridization"": ""sp3"",
      ""example_molecule_smiles"": ""CC(SC)C"",
      ""group_smarts"": ""[CX4]-[S;X2;H0;!$(*-S-*)]"",
      ""atom_specific_smarts"": ""[CHX4]-[S;X2;H0;!$(*-S-*)]"",
      ""description"": ""Methine carbon directly bonded to a thioether sulfur (S with no H and not in disulfide)."",
      ""uncertainty"": ""low""
    },
    {
      ""atom_type"": 212,
      ""element"": ""C"",
      ""chemical_environment"": ""Alpha quaternary carbon to thioether sulfur (sulfide)."",
      ""functional_group"": ""sulfide alpha carbon (quaternary C)"",
      ""hybridization"": ""sp3"",
      ""example_molecule_smiles"": ""CSC(C)(C)C"",
      ""group_smarts"": ""[CX4]-[S;X2;H0;!$(*-S-*)]"",
      ""atom_specific_smarts"": ""[CX4H0]-[S;X2;H0;!$(*-S-*)]"",
      ""description"": ""Quaternary carbon (no H) directly bonded to thioether sulfur (not part of S–S)."",
      ""uncertainty"": ""low""
    },
    {
      ""atom_type"": 213,
      ""element"": ""C"",
      ""chemical_environment"": ""Alpha methyl carbon to disulfide sulfur (R-S-S-R')."",
      ""functional_group"": ""disulfide alpha carbon (CH3)"",
      ""hybridization"": ""sp3"",
      ""example_molecule_smiles"": ""CSSC"",
      ""group_smarts"": ""[CX4]-[S;X2;H0]-[S;X2;H0]"",
      ""atom_specific_smarts"": ""[CH3X4]-[S;X2;H0]-[S;X2;H0]"",
      ""description"": ""Terminal methyl carbon directly bonded to sulfur that is itself bonded to another sulfur (disulfide)."",
      ""uncertainty"": ""low""
    },
    {
      ""atom_type"": 214,
      ""element"": ""C"",
      ""chemical_environment"": ""Alpha methylene carbon to disulfide sulfur."",
      ""functional_group"": ""disulfide alpha carbon (CH2)"",
      ""hybridization"": ""sp3"",
      ""example_molecule_smiles"": ""CSSCC"",
      ""group_smarts"": ""[CX4]-[S;X2;H0]-[S;X2;H0]"",
      ""atom_specific_smarts"": ""[CH2X4]-[S;X2;H0]-[S;X2;H0]"",
      ""description"": ""Methylene carbon directly bonded to sulfur that participates in an S–S bond."",
      ""uncertainty"": ""low""
    },
    {
      ""atom_type"": 215,
      ""element"": ""C"",
      ""chemical_environment"": ""Alpha methine carbon to disulfide sulfur."",
      ""functional_group"": ""disulfide alpha carbon (CH)"",
      ""hybridization"": ""sp3"",
      ""example_molecule_smiles"": ""CC(SSC)C"",
      ""group_smarts"": ""[CX4]-[S;X2;H0]-[S;X2;H0]"",
      ""atom_specific_smarts"": ""[CHX4]-[S;X2;H0]-[S;X2;H0]"",
      ""description"": ""Methine carbon directly bonded to sulfur that is bonded to another sulfur (S–S)."",
      ""uncertainty"": ""low""
    },
    {
      ""atom_type"": 216,
      ""element"": ""C"",
      ""chemical_environment"": ""Alpha quaternary carbon to disulfide sulfur."",
      ""functional_group"": ""disulfide alpha carbon (quaternary C)"",
      ""hybridization"": ""sp3"",
      ""example_molecule_smiles"": ""CC(C)(C)SSC"",
      ""group_smarts"": ""[CX4]-[S;X2;H0]-[S;X2;H0]"",
      ""atom_specific_smarts"": ""[CX4H0]-[S;X2;H0]-[S;X2;H0]"",
      ""description"": ""Quaternary carbon (no H) directly bonded to sulfur that forms a disulfide linkage."",
      ""uncertainty"": ""low""
    },
    {
      ""atom_type"": 217,
      ""element"": ""C"",
      ""chemical_environment"": ""Methyl carbon of methanethiol (CH3-SH), alpha to thiol sulfur."",
      ""functional_group"": ""thiol alpha carbon (CH3, methanethiol)"",
      ""hybridization"": ""sp3"",
      ""example_molecule_smiles"": ""CS"",
      ""group_smarts"": ""[CX4]-[SH1]"",
      ""atom_specific_smarts"": ""[CH3X4]-[SH1]"",
      ""description"": ""Terminal methyl carbon directly bonded to sulfur bearing hydrogen (specifically Me–SH)."",
      ""uncertainty"": ""low""
    },
    {
      ""atom_type"": 218,
      ""element"": ""C"",
      ""chemical_environment"": ""Benzylic methylene carbon in benzyl alcohols (Ar-CH2-OH)."",
      ""functional_group"": ""benzylic alcohol (CH2OH on aryl)"",
      ""hybridization"": ""sp3"",
      ""example_molecule_smiles"": ""c1ccccc1CO"",
      ""group_smarts"": ""[CH2X4](-[OX2H])(-[c])"",
      ""atom_specific_smarts"": ""[CH2X4](-[OX2H])(-[c])"",
      ""description"": ""Benzylic CH2 linking an aromatic carbon and a hydroxyl oxygen in benzyl alcohol (Ph–CH2–OH)."",
      ""uncertainty"": ""low""
    }
  ]
}"
216,0.2175,"C  - CT   | all-atom C: C, disulfides",12.011,oplsaa2024.lt,C,6,"Convert the following OPLS-AA atom type rows:

Atom Type Data:
- Atom index: 189
- Force field raw info: C  - CO   | C(H2O2): acetal OCH2O
- Partial charge: 0.06
- Atomic mass: 12.011
- Element guess: C
- Atomic number: 6
- Source file: oplsaa2024.lt


Atom Type Data:
- Atom index: 191
- Force field raw info: C  - CO   | C(H2O2): hemiacetal OCH2OH
- Partial charge: 0.195
- Atomic mass: 12.011
- Element guess: C
- Atomic number: 6
- Source file: oplsaa2024.lt


Atom Type Data:
- Atom index: 193
- Force field raw info: C  - CO   | C(HCO2): acetal OCHRO
- Partial charge: 0.16
- Atomic mass: 12.011
- Element guess: C
- Atomic number: 6
- Source file: oplsaa2024.lt


Atom Type Data:
- Atom index: 195
- Force field raw info: C  - CO   | C(HCO2): hemiacetal OCHROH
- Partial charge: 0.295
- Atomic mass: 12.011
- Element guess: C
- Atomic number: 6
- Source file: oplsaa2024.lt


Atom Type Data:
- Atom index: 197
- Force field raw info: C  - CO   | C(C2O2): acetal OCRRO
- Partial charge: 0.26
- Atomic mass: 12.011
- Element guess: C
- Atomic number: 6
- Source file: oplsaa2024.lt


Atom Type Data:
- Atom index: 198
- Force field raw info: C  - CO   | C(C2O2): hemiacetal OCRROH
- Partial charge: 0.395
- Atomic mass: 12.011
- Element guess: C
- Atomic number: 6
- Source file: oplsaa2024.lt


Atom Type Data:
- Atom index: 199
- Force field raw info: C  - CA   | C(OMe) anisole OPLS/2020
- Partial charge: 0.085
- Atomic mass: 12.011
- Element guess: C
- Atomic number: 6
- Source file: oplsaa2024.lt


Atom Type Data:
- Atom index: 206
- Force field raw info: C  - CT   | all-atom C: CH2, thiols
- Partial charge: 0.06
- Atomic mass: 12.011
- Element guess: C
- Atomic number: 6
- Source file: oplsaa2024.lt


Atom Type Data:
- Atom index: 207
- Force field raw info: C  - CT   | all-atom C: CH, thiols
- Partial charge: 0.12
- Atomic mass: 12.011
- Element guess: C
- Atomic number: 6
- Source file: oplsaa2024.lt


Atom Type Data:
- Atom index: 208
- Force field raw info: C  - CT   | all-atom C: C, thiols
- Partial charge: 0.18
- Atomic mass: 12.011
- Element guess: C
- Atomic number: 6
- Source file: oplsaa2024.lt


Atom Type Data:
- Atom index: 209
- Force field raw info: C  - CT   | all-atom C: CH3, sulfides OPLS-AA/L
- Partial charge: -0.0125
- Atomic mass: 12.011
- Element guess: C
- Atomic number: 6
- Source file: oplsaa2024.lt


Atom Type Data:
- Atom index: 210
- Force field raw info: C  - CT   | all-atom C: CH2, sulfides OPLS-AA/L
- Partial charge: 0.0475
- Atomic mass: 12.011
- Element guess: C
- Atomic number: 6
- Source file: oplsaa2024.lt


Atom Type Data:
- Atom index: 211
- Force field raw info: C  - CT   | all-atom C: CH, sulfides OPLS-AA/L
- Partial charge: 0.1175
- Atomic mass: 12.011
- Element guess: C
- Atomic number: 6
- Source file: oplsaa2024.lt


Atom Type Data:
- Atom index: 212
- Force field raw info: C  - CT   | all-atom C: C, sulfides OPLS-AA/L
- Partial charge: 0.1675
- Atomic mass: 12.011
- Element guess: C
- Atomic number: 6
- Source file: oplsaa2024.lt


Atom Type Data:
- Atom index: 213
- Force field raw info: C  - CT   | all-atom C: CH3, disulfides
- Partial charge: 0.0375
- Atomic mass: 12.011
- Element guess: C
- Atomic number: 6
- Source file: oplsaa2024.lt


Atom Type Data:
- Atom index: 214
- Force field raw info: C  - CT   | all-atom C: CH2, disulfides
- Partial charge: 0.0975
- Atomic mass: 12.011
- Element guess: C
- Atomic number: 6
- Source file: oplsaa2024.lt


Atom Type Data:
- Atom index: 215
- Force field raw info: C  - CT   | all-atom C: CH, disulfides
- Partial charge: 0.1575
- Atomic mass: 12.011
- Element guess: C
- Atomic number: 6
- Source file: oplsaa2024.lt


Atom Type Data:
- Atom index: 216
- Force field raw info: C  - CT   | all-atom C: C, disulfides
- Partial charge: 0.2175
- Atomic mass: 12.011
- Element guess: C
- Atomic number: 6
- Source file: oplsaa2024.lt


Atom Type Data:
- Atom index: 217
- Force field raw info: C  - CT   | all-atom C: CH3, methanethiol
- Partial charge: 0.0
- Atomic mass: 12.011
- Element guess: C
- Atomic number: 6
- Source file: oplsaa2024.lt


Atom Type Data:
- Atom index: 218
- Force field raw info: C  - CT   | C in CH2OH - benzyl alcohols
- Partial charge: 0.2
- Atomic mass: 12.011
- Element guess: C
- Atomic number: 6
- Source file: oplsaa2024.lt
","{
  ""atom_types"": [
    {
      ""atom_type"": 189,
      ""element"": ""C"",
      ""chemical_environment"": ""Acetal methylene carbon bonded to two ether oxygens (O-CH2-O)."",
      ""functional_group"": ""acetal (OCH2O, formal acetal)"",
      ""hybridization"": ""sp3"",
      ""example_molecule_smiles"": ""COCOC"",
      ""group_smarts"": ""[CX4H2](-[OX2])(-[OX2])"",
      ""atom_specific_smarts"": ""[CX4H2](-[OX2H0])(-[OX2H0])"",
      ""description"": ""Central CH2 carbon in dimethoxy methane-type acetals; two single-bonded ether O neighbors and two hydrogens."",
      ""uncertainty"": ""low""
    },
    {
      ""atom_type"": 191,
      ""element"": ""C"",
      ""chemical_environment"": ""Hemiacetal methylene carbon with one ether oxygen and one hydroxyl oxygen (O-CH2-OH)."",
      ""functional_group"": ""hemiacetal (OCH2OH)"",
      ""hybridization"": ""sp3"",
      ""example_molecule_smiles"": ""COCO"",
      ""group_smarts"": ""[CX4H2](-O)(-O)"",
      ""atom_specific_smarts"": ""[CX4H2](-[OX2H0])(-[OX2H])"",
      ""description"": ""Central CH2 carbon in a hemiacetal derived from formaldehyde; one O is an ether, the other is hydroxyl."",
      ""uncertainty"": ""low""
    },
    {
      ""atom_type"": 193,
      ""element"": ""C"",
      ""chemical_environment"": ""Secondary acetal center with one carbon substituent and two ether oxygens (O-CH(-R)-O)."",
      ""functional_group"": ""acetal (OCHRO)"",
      ""hybridization"": ""sp3"",
      ""example_molecule_smiles"": ""CC(OC)OC"",
      ""group_smarts"": ""[CX4H1](-O)(-O)"",
      ""atom_specific_smarts"": ""[CX4H1](-[OX2H0])(-[OX2H0])(-[C,c])"",
      ""description"": ""Acetal methine carbon bearing one hydrogen, one carbon (R) substituent, and two ether oxygens."",
      ""uncertainty"": ""low""
    },
    {
      ""atom_type"": 195,
      ""element"": ""C"",
      ""chemical_environment"": ""Secondary hemiacetal center with one carbon substituent, one ether oxygen, and one hydroxyl (O-CH(-R)-OH)."",
      ""functional_group"": ""hemiacetal (OCHROH)"",
      ""hybridization"": ""sp3"",
      ""example_molecule_smiles"": ""CC(O)OC"",
      ""group_smarts"": ""[CX4H1](-O)(-O)"",
      ""atom_specific_smarts"": ""[CX4H1](-[OX2H0])(-[OX2H])(-[C,c])"",
      ""description"": ""Hemiacetal methine carbon with one H, one carbon substituent, one ether O and one hydroxyl O."",
      ""uncertainty"": ""low""
    },
    {
      ""atom_type"": 197,
      ""element"": ""C"",
      ""chemical_environment"": ""Tertiary acetal center with two carbon substituents and two ether oxygens (O-C(R)(R)-O)."",
      ""functional_group"": ""acetal (OCRRO)"",
      ""hybridization"": ""sp3"",
      ""example_molecule_smiles"": ""CC(C)(OC)OC"",
      ""group_smarts"": ""[CX4H0](-O)(-O)"",
      ""atom_specific_smarts"": ""[CX4H0](-[OX2H0])(-[OX2H0])(-[C,c])(-[C,c])"",
      ""description"": ""Acetal quaternary carbon (no H) bound to two ether oxygens and two carbon substituents."",
      ""uncertainty"": ""low""
    },
    {
      ""atom_type"": 198,
      ""element"": ""C"",
      ""chemical_environment"": ""Tertiary hemiacetal center with two carbon substituents, one ether oxygen, and one hydroxyl (O-C(R)(R)-OH)."",
      ""functional_group"": ""hemiacetal (OCRROH)"",
      ""hybridization"": ""sp3"",
      ""example_molecule_smiles"": ""CC(C)(O)OC"",
      ""group_smarts"": ""[CX4H0](-O)(-O)"",
      ""atom_specific_smarts"": ""[CX4H0](-[OX2H0])(-[OX2H])(-[C,c])(-[C,c])"",
      ""description"": ""Hemiacetal quaternary carbon (no H) with one hydroxyl O, one ether O, and two carbon substituents."",
      ""uncertainty"": ""low""
    },
    {
      ""atom_type"": 199,
      ""element"": ""C"",
      ""chemical_environment"": ""Aromatic ipso carbon of anisole bound to methoxy oxygen."",
      ""functional_group"": ""aryl ether (anisole, C(OMe))"",
      ""hybridization"": ""sp2 (aromatic)"",
      ""example_molecule_smiles"": ""COc1ccccc1"",
      ""group_smarts"": ""[cX3](-[OX2H0]-[C])"",
      ""atom_specific_smarts"": ""[cX3](-[OX2H0]-[CH3])"",
      ""description"": ""Ipso phenyl carbon attached to an ether oxygen that bears a methyl group (methoxy substituent)."",
      ""uncertainty"": ""low""
    },
    {
      ""atom_type"": 206,
      ""element"": ""C"",
      ""chemical_environment"": ""Alpha carbon to thiol sulfur in primary thiols (R-CH2-SH)."",
      ""functional_group"": ""thiol alpha carbon (CH2)"",
      ""hybridization"": ""sp3"",
      ""example_molecule_smiles"": ""CCS"",
      ""group_smarts"": ""[CX4]-[SH1]"",
      ""atom_specific_smarts"": ""[CH2X4]-[SH1]"",
      ""description"": ""Methylene carbon directly bonded to sulfur bearing hydrogen (thiol S-H)."",
      ""uncertainty"": ""low""
    },
    {
      ""atom_type"": 207,
      ""element"": ""C"",
      ""chemical_environment"": ""Alpha carbon to thiol sulfur in secondary thiols (R2CH-SH)."",
      ""functional_group"": ""thiol alpha carbon (CH)"",
      ""hybridization"": ""sp3"",
      ""example_molecule_smiles"": ""CC(C)S"",
      ""group_smarts"": ""[CX4]-[SH1]"",
      ""atom_specific_smarts"": ""[CHX4]-[SH1]"",
      ""description"": ""Methine carbon directly bonded to thiol sulfur (S-H), bearing one hydrogen and two carbon substituents."",
      ""uncertainty"": ""low""
    },
    {
      ""atom_type"": 208,
      ""element"": ""C"",
      ""chemical_environment"": ""Alpha carbon to thiol sulfur in tertiary centers (R3C-SH)."",
      ""functional_group"": ""thiol alpha carbon (quaternary C)"",
      ""hybridization"": ""sp3"",
      ""example_molecule_smiles"": ""CC(C)(C)S"",
      ""group_smarts"": ""[CX4]-[SH1]"",
      ""atom_specific_smarts"": ""[CX4H0]-[SH1]"",
      ""description"": ""Quaternary carbon (no hydrogens) directly bonded to thiol sulfur (S-H)."",
      ""uncertainty"": ""low""
    },
    {
      ""atom_type"": 209,
      ""element"": ""C"",
      ""chemical_environment"": ""Alpha methyl carbon to thioether sulfur (sulfide, R-S-R')."",
      ""functional_group"": ""sulfide alpha carbon (CH3)"",
      ""hybridization"": ""sp3"",
      ""example_molecule_smiles"": ""CSC"",
      ""group_smarts"": ""[CX4]-[S;X2;H0;!$(*-S-*)]"",
      ""atom_specific_smarts"": ""[CH3X4]-[S;X2;H0;!$(*-S-*)]"",
      ""description"": ""Terminal methyl carbon directly bonded to a thioether sulfur (S with no H and not in disulfide)."",
      ""uncertainty"": ""low""
    },
    {
      ""atom_type"": 210,
      ""element"": ""C"",
      ""chemical_environment"": ""Alpha methylene carbon to thioether sulfur (sulfide)."",
      ""functional_group"": ""sulfide alpha carbon (CH2)"",
      ""hybridization"": ""sp3"",
      ""example_molecule_smiles"": ""CSCC"",
      ""group_smarts"": ""[CX4]-[S;X2;H0;!$(*-S-*)]"",
      ""atom_specific_smarts"": ""[CH2X4]-[S;X2;H0;!$(*-S-*)]"",
      ""description"": ""Methylene carbon directly bonded to a thioether sulfur (S with no H and not S–S)."",
      ""uncertainty"": ""low""
    },
    {
      ""atom_type"": 211,
      ""element"": ""C"",
      ""chemical_environment"": ""Alpha methine carbon to thioether sulfur (sulfide)."",
      ""functional_group"": ""sulfide alpha carbon (CH)"",
      ""hybridization"": ""sp3"",
      ""example_molecule_smiles"": ""CC(SC)C"",
      ""group_smarts"": ""[CX4]-[S;X2;H0;!$(*-S-*)]"",
      ""atom_specific_smarts"": ""[CHX4]-[S;X2;H0;!$(*-S-*)]"",
      ""description"": ""Methine carbon directly bonded to a thioether sulfur (S with no H and not in disulfide)."",
      ""uncertainty"": ""low""
    },
    {
      ""atom_type"": 212,
      ""element"": ""C"",
      ""chemical_environment"": ""Alpha quaternary carbon to thioether sulfur (sulfide)."",
      ""functional_group"": ""sulfide alpha carbon (quaternary C)"",
      ""hybridization"": ""sp3"",
      ""example_molecule_smiles"": ""CSC(C)(C)C"",
      ""group_smarts"": ""[CX4]-[S;X2;H0;!$(*-S-*)]"",
      ""atom_specific_smarts"": ""[CX4H0]-[S;X2;H0;!$(*-S-*)]"",
      ""description"": ""Quaternary carbon (no H) directly bonded to thioether sulfur (not part of S–S)."",
      ""uncertainty"": ""low""
    },
    {
      ""atom_type"": 213,
      ""element"": ""C"",
      ""chemical_environment"": ""Alpha methyl carbon to disulfide sulfur (R-S-S-R')."",
      ""functional_group"": ""disulfide alpha carbon (CH3)"",
      ""hybridization"": ""sp3"",
      ""example_molecule_smiles"": ""CSSC"",
      ""group_smarts"": ""[CX4]-[S;X2;H0]-[S;X2;H0]"",
      ""atom_specific_smarts"": ""[CH3X4]-[S;X2;H0]-[S;X2;H0]"",
      ""description"": ""Terminal methyl carbon directly bonded to sulfur that is itself bonded to another sulfur (disulfide)."",
      ""uncertainty"": ""low""
    },
    {
      ""atom_type"": 214,
      ""element"": ""C"",
      ""chemical_environment"": ""Alpha methylene carbon to disulfide sulfur."",
      ""functional_group"": ""disulfide alpha carbon (CH2)"",
      ""hybridization"": ""sp3"",
      ""example_molecule_smiles"": ""CSSCC"",
      ""group_smarts"": ""[CX4]-[S;X2;H0]-[S;X2;H0]"",
      ""atom_specific_smarts"": ""[CH2X4]-[S;X2;H0]-[S;X2;H0]"",
      ""description"": ""Methylene carbon directly bonded to sulfur that participates in an S–S bond."",
      ""uncertainty"": ""low""
    },
    {
      ""atom_type"": 215,
      ""element"": ""C"",
      ""chemical_environment"": ""Alpha methine carbon to disulfide sulfur."",
      ""functional_group"": ""disulfide alpha carbon (CH)"",
      ""hybridization"": ""sp3"",
      ""example_molecule_smiles"": ""CC(SSC)C"",
      ""group_smarts"": ""[CX4]-[S;X2;H0]-[S;X2;H0]"",
      ""atom_specific_smarts"": ""[CHX4]-[S;X2;H0]-[S;X2;H0]"",
      ""description"": ""Methine carbon directly bonded to sulfur that is bonded to another sulfur (S–S)."",
      ""uncertainty"": ""low""
    },
    {
      ""atom_type"": 216,
      ""element"": ""C"",
      ""chemical_environment"": ""Alpha quaternary carbon to disulfide sulfur."",
      ""functional_group"": ""disulfide alpha carbon (quaternary C)"",
      ""hybridization"": ""sp3"",
      ""example_molecule_smiles"": ""CC(C)(C)SSC"",
      ""group_smarts"": ""[CX4]-[S;X2;H0]-[S;X2;H0]"",
      ""atom_specific_smarts"": ""[CX4H0]-[S;X2;H0]-[S;X2;H0]"",
      ""description"": ""Quaternary carbon (no H) directly bonded to sulfur that forms a disulfide linkage."",
      ""uncertainty"": ""low""
    },
    {
      ""atom_type"": 217,
      ""element"": ""C"",
      ""chemical_environment"": ""Methyl carbon of methanethiol (CH3-SH), alpha to thiol sulfur."",
      ""functional_group"": ""thiol alpha carbon (CH3, methanethiol)"",
      ""hybridization"": ""sp3"",
      ""example_molecule_smiles"": ""CS"",
      ""group_smarts"": ""[CX4]-[SH1]"",
      ""atom_specific_smarts"": ""[CH3X4]-[SH1]"",
      ""description"": ""Terminal methyl carbon directly bonded to sulfur bearing hydrogen (specifically Me–SH)."",
      ""uncertainty"": ""low""
    },
    {
      ""atom_type"": 218,
      ""element"": ""C"",
      ""chemical_environment"": ""Benzylic methylene carbon in benzyl alcohols (Ar-CH2-OH)."",
      ""functional_group"": ""benzylic alcohol (CH2OH on aryl)"",
      ""hybridization"": ""sp3"",
      ""example_molecule_smiles"": ""c1ccccc1CO"",
      ""group_smarts"": ""[CH2X4](-[OX2H])(-[c])"",
      ""atom_specific_smarts"": ""[CH2X4](-[OX2H])(-[c])"",
      ""description"": ""Benzylic CH2 linking an aromatic carbon and a hydroxyl oxygen in benzyl alcohol (Ph–CH2–OH)."",
      ""uncertainty"": ""low""
    }
  ]
}"
217,0.0,"C  - CT   | all-atom C: CH3, methanethiol",12.011,oplsaa2024.lt,C,6,"Convert the following OPLS-AA atom type rows:

Atom Type Data:
- Atom index: 189
- Force field raw info: C  - CO   | C(H2O2): acetal OCH2O
- Partial charge: 0.06
- Atomic mass: 12.011
- Element guess: C
- Atomic number: 6
- Source file: oplsaa2024.lt


Atom Type Data:
- Atom index: 191
- Force field raw info: C  - CO   | C(H2O2): hemiacetal OCH2OH
- Partial charge: 0.195
- Atomic mass: 12.011
- Element guess: C
- Atomic number: 6
- Source file: oplsaa2024.lt


Atom Type Data:
- Atom index: 193
- Force field raw info: C  - CO   | C(HCO2): acetal OCHRO
- Partial charge: 0.16
- Atomic mass: 12.011
- Element guess: C
- Atomic number: 6
- Source file: oplsaa2024.lt


Atom Type Data:
- Atom index: 195
- Force field raw info: C  - CO   | C(HCO2): hemiacetal OCHROH
- Partial charge: 0.295
- Atomic mass: 12.011
- Element guess: C
- Atomic number: 6
- Source file: oplsaa2024.lt


Atom Type Data:
- Atom index: 197
- Force field raw info: C  - CO   | C(C2O2): acetal OCRRO
- Partial charge: 0.26
- Atomic mass: 12.011
- Element guess: C
- Atomic number: 6
- Source file: oplsaa2024.lt


Atom Type Data:
- Atom index: 198
- Force field raw info: C  - CO   | C(C2O2): hemiacetal OCRROH
- Partial charge: 0.395
- Atomic mass: 12.011
- Element guess: C
- Atomic number: 6
- Source file: oplsaa2024.lt


Atom Type Data:
- Atom index: 199
- Force field raw info: C  - CA   | C(OMe) anisole OPLS/2020
- Partial charge: 0.085
- Atomic mass: 12.011
- Element guess: C
- Atomic number: 6
- Source file: oplsaa2024.lt


Atom Type Data:
- Atom index: 206
- Force field raw info: C  - CT   | all-atom C: CH2, thiols
- Partial charge: 0.06
- Atomic mass: 12.011
- Element guess: C
- Atomic number: 6
- Source file: oplsaa2024.lt


Atom Type Data:
- Atom index: 207
- Force field raw info: C  - CT   | all-atom C: CH, thiols
- Partial charge: 0.12
- Atomic mass: 12.011
- Element guess: C
- Atomic number: 6
- Source file: oplsaa2024.lt


Atom Type Data:
- Atom index: 208
- Force field raw info: C  - CT   | all-atom C: C, thiols
- Partial charge: 0.18
- Atomic mass: 12.011
- Element guess: C
- Atomic number: 6
- Source file: oplsaa2024.lt


Atom Type Data:
- Atom index: 209
- Force field raw info: C  - CT   | all-atom C: CH3, sulfides OPLS-AA/L
- Partial charge: -0.0125
- Atomic mass: 12.011
- Element guess: C
- Atomic number: 6
- Source file: oplsaa2024.lt


Atom Type Data:
- Atom index: 210
- Force field raw info: C  - CT   | all-atom C: CH2, sulfides OPLS-AA/L
- Partial charge: 0.0475
- Atomic mass: 12.011
- Element guess: C
- Atomic number: 6
- Source file: oplsaa2024.lt


Atom Type Data:
- Atom index: 211
- Force field raw info: C  - CT   | all-atom C: CH, sulfides OPLS-AA/L
- Partial charge: 0.1175
- Atomic mass: 12.011
- Element guess: C
- Atomic number: 6
- Source file: oplsaa2024.lt


Atom Type Data:
- Atom index: 212
- Force field raw info: C  - CT   | all-atom C: C, sulfides OPLS-AA/L
- Partial charge: 0.1675
- Atomic mass: 12.011
- Element guess: C
- Atomic number: 6
- Source file: oplsaa2024.lt


Atom Type Data:
- Atom index: 213
- Force field raw info: C  - CT   | all-atom C: CH3, disulfides
- Partial charge: 0.0375
- Atomic mass: 12.011
- Element guess: C
- Atomic number: 6
- Source file: oplsaa2024.lt


Atom Type Data:
- Atom index: 214
- Force field raw info: C  - CT   | all-atom C: CH2, disulfides
- Partial charge: 0.0975
- Atomic mass: 12.011
- Element guess: C
- Atomic number: 6
- Source file: oplsaa2024.lt


Atom Type Data:
- Atom index: 215
- Force field raw info: C  - CT   | all-atom C: CH, disulfides
- Partial charge: 0.1575
- Atomic mass: 12.011
- Element guess: C
- Atomic number: 6
- Source file: oplsaa2024.lt


Atom Type Data:
- Atom index: 216
- Force field raw info: C  - CT   | all-atom C: C, disulfides
- Partial charge: 0.2175
- Atomic mass: 12.011
- Element guess: C
- Atomic number: 6
- Source file: oplsaa2024.lt


Atom Type Data:
- Atom index: 217
- Force field raw info: C  - CT   | all-atom C: CH3, methanethiol
- Partial charge: 0.0
- Atomic mass: 12.011
- Element guess: C
- Atomic number: 6
- Source file: oplsaa2024.lt


Atom Type Data:
- Atom index: 218
- Force field raw info: C  - CT   | C in CH2OH - benzyl alcohols
- Partial charge: 0.2
- Atomic mass: 12.011
- Element guess: C
- Atomic number: 6
- Source file: oplsaa2024.lt
","{
  ""atom_types"": [
    {
      ""atom_type"": 189,
      ""element"": ""C"",
      ""chemical_environment"": ""Acetal methylene carbon bonded to two ether oxygens (O-CH2-O)."",
      ""functional_group"": ""acetal (OCH2O, formal acetal)"",
      ""hybridization"": ""sp3"",
      ""example_molecule_smiles"": ""COCOC"",
      ""group_smarts"": ""[CX4H2](-[OX2])(-[OX2])"",
      ""atom_specific_smarts"": ""[CX4H2](-[OX2H0])(-[OX2H0])"",
      ""description"": ""Central CH2 carbon in dimethoxy methane-type acetals; two single-bonded ether O neighbors and two hydrogens."",
      ""uncertainty"": ""low""
    },
    {
      ""atom_type"": 191,
      ""element"": ""C"",
      ""chemical_environment"": ""Hemiacetal methylene carbon with one ether oxygen and one hydroxyl oxygen (O-CH2-OH)."",
      ""functional_group"": ""hemiacetal (OCH2OH)"",
      ""hybridization"": ""sp3"",
      ""example_molecule_smiles"": ""COCO"",
      ""group_smarts"": ""[CX4H2](-O)(-O)"",
      ""atom_specific_smarts"": ""[CX4H2](-[OX2H0])(-[OX2H])"",
      ""description"": ""Central CH2 carbon in a hemiacetal derived from formaldehyde; one O is an ether, the other is hydroxyl."",
      ""uncertainty"": ""low""
    },
    {
      ""atom_type"": 193,
      ""element"": ""C"",
      ""chemical_environment"": ""Secondary acetal center with one carbon substituent and two ether oxygens (O-CH(-R)-O)."",
      ""functional_group"": ""acetal (OCHRO)"",
      ""hybridization"": ""sp3"",
      ""example_molecule_smiles"": ""CC(OC)OC"",
      ""group_smarts"": ""[CX4H1](-O)(-O)"",
      ""atom_specific_smarts"": ""[CX4H1](-[OX2H0])(-[OX2H0])(-[C,c])"",
      ""description"": ""Acetal methine carbon bearing one hydrogen, one carbon (R) substituent, and two ether oxygens."",
      ""uncertainty"": ""low""
    },
    {
      ""atom_type"": 195,
      ""element"": ""C"",
      ""chemical_environment"": ""Secondary hemiacetal center with one carbon substituent, one ether oxygen, and one hydroxyl (O-CH(-R)-OH)."",
      ""functional_group"": ""hemiacetal (OCHROH)"",
      ""hybridization"": ""sp3"",
      ""example_molecule_smiles"": ""CC(O)OC"",
      ""group_smarts"": ""[CX4H1](-O)(-O)"",
      ""atom_specific_smarts"": ""[CX4H1](-[OX2H0])(-[OX2H])(-[C,c])"",
      ""description"": ""Hemiacetal methine carbon with one H, one carbon substituent, one ether O and one hydroxyl O."",
      ""uncertainty"": ""low""
    },
    {
      ""atom_type"": 197,
      ""element"": ""C"",
      ""chemical_environment"": ""Tertiary acetal center with two carbon substituents and two ether oxygens (O-C(R)(R)-O)."",
      ""functional_group"": ""acetal (OCRRO)"",
      ""hybridization"": ""sp3"",
      ""example_molecule_smiles"": ""CC(C)(OC)OC"",
      ""group_smarts"": ""[CX4H0](-O)(-O)"",
      ""atom_specific_smarts"": ""[CX4H0](-[OX2H0])(-[OX2H0])(-[C,c])(-[C,c])"",
      ""description"": ""Acetal quaternary carbon (no H) bound to two ether oxygens and two carbon substituents."",
      ""uncertainty"": ""low""
    },
    {
      ""atom_type"": 198,
      ""element"": ""C"",
      ""chemical_environment"": ""Tertiary hemiacetal center with two carbon substituents, one ether oxygen, and one hydroxyl (O-C(R)(R)-OH)."",
      ""functional_group"": ""hemiacetal (OCRROH)"",
      ""hybridization"": ""sp3"",
      ""example_molecule_smiles"": ""CC(C)(O)OC"",
      ""group_smarts"": ""[CX4H0](-O)(-O)"",
      ""atom_specific_smarts"": ""[CX4H0](-[OX2H0])(-[OX2H])(-[C,c])(-[C,c])"",
      ""description"": ""Hemiacetal quaternary carbon (no H) with one hydroxyl O, one ether O, and two carbon substituents."",
      ""uncertainty"": ""low""
    },
    {
      ""atom_type"": 199,
      ""element"": ""C"",
      ""chemical_environment"": ""Aromatic ipso carbon of anisole bound to methoxy oxygen."",
      ""functional_group"": ""aryl ether (anisole, C(OMe))"",
      ""hybridization"": ""sp2 (aromatic)"",
      ""example_molecule_smiles"": ""COc1ccccc1"",
      ""group_smarts"": ""[cX3](-[OX2H0]-[C])"",
      ""atom_specific_smarts"": ""[cX3](-[OX2H0]-[CH3])"",
      ""description"": ""Ipso phenyl carbon attached to an ether oxygen that bears a methyl group (methoxy substituent)."",
      ""uncertainty"": ""low""
    },
    {
      ""atom_type"": 206,
      ""element"": ""C"",
      ""chemical_environment"": ""Alpha carbon to thiol sulfur in primary thiols (R-CH2-SH)."",
      ""functional_group"": ""thiol alpha carbon (CH2)"",
      ""hybridization"": ""sp3"",
      ""example_molecule_smiles"": ""CCS"",
      ""group_smarts"": ""[CX4]-[SH1]"",
      ""atom_specific_smarts"": ""[CH2X4]-[SH1]"",
      ""description"": ""Methylene carbon directly bonded to sulfur bearing hydrogen (thiol S-H)."",
      ""uncertainty"": ""low""
    },
    {
      ""atom_type"": 207,
      ""element"": ""C"",
      ""chemical_environment"": ""Alpha carbon to thiol sulfur in secondary thiols (R2CH-SH)."",
      ""functional_group"": ""thiol alpha carbon (CH)"",
      ""hybridization"": ""sp3"",
      ""example_molecule_smiles"": ""CC(C)S"",
      ""group_smarts"": ""[CX4]-[SH1]"",
      ""atom_specific_smarts"": ""[CHX4]-[SH1]"",
      ""description"": ""Methine carbon directly bonded to thiol sulfur (S-H), bearing one hydrogen and two carbon substituents."",
      ""uncertainty"": ""low""
    },
    {
      ""atom_type"": 208,
      ""element"": ""C"",
      ""chemical_environment"": ""Alpha carbon to thiol sulfur in tertiary centers (R3C-SH)."",
      ""functional_group"": ""thiol alpha carbon (quaternary C)"",
      ""hybridization"": ""sp3"",
      ""example_molecule_smiles"": ""CC(C)(C)S"",
      ""group_smarts"": ""[CX4]-[SH1]"",
      ""atom_specific_smarts"": ""[CX4H0]-[SH1]"",
      ""description"": ""Quaternary carbon (no hydrogens) directly bonded to thiol sulfur (S-H)."",
      ""uncertainty"": ""low""
    },
    {
      ""atom_type"": 209,
      ""element"": ""C"",
      ""chemical_environment"": ""Alpha methyl carbon to thioether sulfur (sulfide, R-S-R')."",
      ""functional_group"": ""sulfide alpha carbon (CH3)"",
      ""hybridization"": ""sp3"",
      ""example_molecule_smiles"": ""CSC"",
      ""group_smarts"": ""[CX4]-[S;X2;H0;!$(*-S-*)]"",
      ""atom_specific_smarts"": ""[CH3X4]-[S;X2;H0;!$(*-S-*)]"",
      ""description"": ""Terminal methyl carbon directly bonded to a thioether sulfur (S with no H and not in disulfide)."",
      ""uncertainty"": ""low""
    },
    {
      ""atom_type"": 210,
      ""element"": ""C"",
      ""chemical_environment"": ""Alpha methylene carbon to thioether sulfur (sulfide)."",
      ""functional_group"": ""sulfide alpha carbon (CH2)"",
      ""hybridization"": ""sp3"",
      ""example_molecule_smiles"": ""CSCC"",
      ""group_smarts"": ""[CX4]-[S;X2;H0;!$(*-S-*)]"",
      ""atom_specific_smarts"": ""[CH2X4]-[S;X2;H0;!$(*-S-*)]"",
      ""description"": ""Methylene carbon directly bonded to a thioether sulfur (S with no H and not S–S)."",
      ""uncertainty"": ""low""
    },
    {
      ""atom_type"": 211,
      ""element"": ""C"",
      ""chemical_environment"": ""Alpha methine carbon to thioether sulfur (sulfide)."",
      ""functional_group"": ""sulfide alpha carbon (CH)"",
      ""hybridization"": ""sp3"",
      ""example_molecule_smiles"": ""CC(SC)C"",
      ""group_smarts"": ""[CX4]-[S;X2;H0;!$(*-S-*)]"",
      ""atom_specific_smarts"": ""[CHX4]-[S;X2;H0;!$(*-S-*)]"",
      ""description"": ""Methine carbon directly bonded to a thioether sulfur (S with no H and not in disulfide)."",
      ""uncertainty"": ""low""
    },
    {
      ""atom_type"": 212,
      ""element"": ""C"",
      ""chemical_environment"": ""Alpha quaternary carbon to thioether sulfur (sulfide)."",
      ""functional_group"": ""sulfide alpha carbon (quaternary C)"",
      ""hybridization"": ""sp3"",
      ""example_molecule_smiles"": ""CSC(C)(C)C"",
      ""group_smarts"": ""[CX4]-[S;X2;H0;!$(*-S-*)]"",
      ""atom_specific_smarts"": ""[CX4H0]-[S;X2;H0;!$(*-S-*)]"",
      ""description"": ""Quaternary carbon (no H) directly bonded to thioether sulfur (not part of S–S)."",
      ""uncertainty"": ""low""
    },
    {
      ""atom_type"": 213,
      ""element"": ""C"",
      ""chemical_environment"": ""Alpha methyl carbon to disulfide sulfur (R-S-S-R')."",
      ""functional_group"": ""disulfide alpha carbon (CH3)"",
      ""hybridization"": ""sp3"",
      ""example_molecule_smiles"": ""CSSC"",
      ""group_smarts"": ""[CX4]-[S;X2;H0]-[S;X2;H0]"",
      ""atom_specific_smarts"": ""[CH3X4]-[S;X2;H0]-[S;X2;H0]"",
      ""description"": ""Terminal methyl carbon directly bonded to sulfur that is itself bonded to another sulfur (disulfide)."",
      ""uncertainty"": ""low""
    },
    {
      ""atom_type"": 214,
      ""element"": ""C"",
      ""chemical_environment"": ""Alpha methylene carbon to disulfide sulfur."",
      ""functional_group"": ""disulfide alpha carbon (CH2)"",
      ""hybridization"": ""sp3"",
      ""example_molecule_smiles"": ""CSSCC"",
      ""group_smarts"": ""[CX4]-[S;X2;H0]-[S;X2;H0]"",
      ""atom_specific_smarts"": ""[CH2X4]-[S;X2;H0]-[S;X2;H0]"",
      ""description"": ""Methylene carbon directly bonded to sulfur that participates in an S–S bond."",
      ""uncertainty"": ""low""
    },
    {
      ""atom_type"": 215,
      ""element"": ""C"",
      ""chemical_environment"": ""Alpha methine carbon to disulfide sulfur."",
      ""functional_group"": ""disulfide alpha carbon (CH)"",
      ""hybridization"": ""sp3"",
      ""example_molecule_smiles"": ""CC(SSC)C"",
      ""group_smarts"": ""[CX4]-[S;X2;H0]-[S;X2;H0]"",
      ""atom_specific_smarts"": ""[CHX4]-[S;X2;H0]-[S;X2;H0]"",
      ""description"": ""Methine carbon directly bonded to sulfur that is bonded to another sulfur (S–S)."",
      ""uncertainty"": ""low""
    },
    {
      ""atom_type"": 216,
      ""element"": ""C"",
      ""chemical_environment"": ""Alpha quaternary carbon to disulfide sulfur."",
      ""functional_group"": ""disulfide alpha carbon (quaternary C)"",
      ""hybridization"": ""sp3"",
      ""example_molecule_smiles"": ""CC(C)(C)SSC"",
      ""group_smarts"": ""[CX4]-[S;X2;H0]-[S;X2;H0]"",
      ""atom_specific_smarts"": ""[CX4H0]-[S;X2;H0]-[S;X2;H0]"",
      ""description"": ""Quaternary carbon (no H) directly bonded to sulfur that forms a disulfide linkage."",
      ""uncertainty"": ""low""
    },
    {
      ""atom_type"": 217,
      ""element"": ""C"",
      ""chemical_environment"": ""Methyl carbon of methanethiol (CH3-SH), alpha to thiol sulfur."",
      ""functional_group"": ""thiol alpha carbon (CH3, methanethiol)"",
      ""hybridization"": ""sp3"",
      ""example_molecule_smiles"": ""CS"",
      ""group_smarts"": ""[CX4]-[SH1]"",
      ""atom_specific_smarts"": ""[CH3X4]-[SH1]"",
      ""description"": ""Terminal methyl carbon directly bonded to sulfur bearing hydrogen (specifically Me–SH)."",
      ""uncertainty"": ""low""
    },
    {
      ""atom_type"": 218,
      ""element"": ""C"",
      ""chemical_environment"": ""Benzylic methylene carbon in benzyl alcohols (Ar-CH2-OH)."",
      ""functional_group"": ""benzylic alcohol (CH2OH on aryl)"",
      ""hybridization"": ""sp3"",
      ""example_molecule_smiles"": ""c1ccccc1CO"",
      ""group_smarts"": ""[CH2X4](-[OX2H])(-[c])"",
      ""atom_specific_smarts"": ""[CH2X4](-[OX2H])(-[c])"",
      ""description"": ""Benzylic CH2 linking an aromatic carbon and a hydroxyl oxygen in benzyl alcohol (Ph–CH2–OH)."",
      ""uncertainty"": ""low""
    }
  ]
}"
218,0.2,C  - CT   | C in CH2OH - benzyl alcohols,12.011,oplsaa2024.lt,C,6,"Convert the following OPLS-AA atom type rows:

Atom Type Data:
- Atom index: 189
- Force field raw info: C  - CO   | C(H2O2): acetal OCH2O
- Partial charge: 0.06
- Atomic mass: 12.011
- Element guess: C
- Atomic number: 6
- Source file: oplsaa2024.lt


Atom Type Data:
- Atom index: 191
- Force field raw info: C  - CO   | C(H2O2): hemiacetal OCH2OH
- Partial charge: 0.195
- Atomic mass: 12.011
- Element guess: C
- Atomic number: 6
- Source file: oplsaa2024.lt


Atom Type Data:
- Atom index: 193
- Force field raw info: C  - CO   | C(HCO2): acetal OCHRO
- Partial charge: 0.16
- Atomic mass: 12.011
- Element guess: C
- Atomic number: 6
- Source file: oplsaa2024.lt


Atom Type Data:
- Atom index: 195
- Force field raw info: C  - CO   | C(HCO2): hemiacetal OCHROH
- Partial charge: 0.295
- Atomic mass: 12.011
- Element guess: C
- Atomic number: 6
- Source file: oplsaa2024.lt


Atom Type Data:
- Atom index: 197
- Force field raw info: C  - CO   | C(C2O2): acetal OCRRO
- Partial charge: 0.26
- Atomic mass: 12.011
- Element guess: C
- Atomic number: 6
- Source file: oplsaa2024.lt


Atom Type Data:
- Atom index: 198
- Force field raw info: C  - CO   | C(C2O2): hemiacetal OCRROH
- Partial charge: 0.395
- Atomic mass: 12.011
- Element guess: C
- Atomic number: 6
- Source file: oplsaa2024.lt


Atom Type Data:
- Atom index: 199
- Force field raw info: C  - CA   | C(OMe) anisole OPLS/2020
- Partial charge: 0.085
- Atomic mass: 12.011
- Element guess: C
- Atomic number: 6
- Source file: oplsaa2024.lt


Atom Type Data:
- Atom index: 206
- Force field raw info: C  - CT   | all-atom C: CH2, thiols
- Partial charge: 0.06
- Atomic mass: 12.011
- Element guess: C
- Atomic number: 6
- Source file: oplsaa2024.lt


Atom Type Data:
- Atom index: 207
- Force field raw info: C  - CT   | all-atom C: CH, thiols
- Partial charge: 0.12
- Atomic mass: 12.011
- Element guess: C
- Atomic number: 6
- Source file: oplsaa2024.lt


Atom Type Data:
- Atom index: 208
- Force field raw info: C  - CT   | all-atom C: C, thiols
- Partial charge: 0.18
- Atomic mass: 12.011
- Element guess: C
- Atomic number: 6
- Source file: oplsaa2024.lt


Atom Type Data:
- Atom index: 209
- Force field raw info: C  - CT   | all-atom C: CH3, sulfides OPLS-AA/L
- Partial charge: -0.0125
- Atomic mass: 12.011
- Element guess: C
- Atomic number: 6
- Source file: oplsaa2024.lt


Atom Type Data:
- Atom index: 210
- Force field raw info: C  - CT   | all-atom C: CH2, sulfides OPLS-AA/L
- Partial charge: 0.0475
- Atomic mass: 12.011
- Element guess: C
- Atomic number: 6
- Source file: oplsaa2024.lt


Atom Type Data:
- Atom index: 211
- Force field raw info: C  - CT   | all-atom C: CH, sulfides OPLS-AA/L
- Partial charge: 0.1175
- Atomic mass: 12.011
- Element guess: C
- Atomic number: 6
- Source file: oplsaa2024.lt


Atom Type Data:
- Atom index: 212
- Force field raw info: C  - CT   | all-atom C: C, sulfides OPLS-AA/L
- Partial charge: 0.1675
- Atomic mass: 12.011
- Element guess: C
- Atomic number: 6
- Source file: oplsaa2024.lt


Atom Type Data:
- Atom index: 213
- Force field raw info: C  - CT   | all-atom C: CH3, disulfides
- Partial charge: 0.0375
- Atomic mass: 12.011
- Element guess: C
- Atomic number: 6
- Source file: oplsaa2024.lt


Atom Type Data:
- Atom index: 214
- Force field raw info: C  - CT   | all-atom C: CH2, disulfides
- Partial charge: 0.0975
- Atomic mass: 12.011
- Element guess: C
- Atomic number: 6
- Source file: oplsaa2024.lt


Atom Type Data:
- Atom index: 215
- Force field raw info: C  - CT   | all-atom C: CH, disulfides
- Partial charge: 0.1575
- Atomic mass: 12.011
- Element guess: C
- Atomic number: 6
- Source file: oplsaa2024.lt


Atom Type Data:
- Atom index: 216
- Force field raw info: C  - CT   | all-atom C: C, disulfides
- Partial charge: 0.2175
- Atomic mass: 12.011
- Element guess: C
- Atomic number: 6
- Source file: oplsaa2024.lt


Atom Type Data:
- Atom index: 217
- Force field raw info: C  - CT   | all-atom C: CH3, methanethiol
- Partial charge: 0.0
- Atomic mass: 12.011
- Element guess: C
- Atomic number: 6
- Source file: oplsaa2024.lt


Atom Type Data:
- Atom index: 218
- Force field raw info: C  - CT   | C in CH2OH - benzyl alcohols
- Partial charge: 0.2
- Atomic mass: 12.011
- Element guess: C
- Atomic number: 6
- Source file: oplsaa2024.lt
","{
  ""atom_types"": [
    {
      ""atom_type"": 189,
      ""element"": ""C"",
      ""chemical_environment"": ""Acetal methylene carbon bonded to two ether oxygens (O-CH2-O)."",
      ""functional_group"": ""acetal (OCH2O, formal acetal)"",
      ""hybridization"": ""sp3"",
      ""example_molecule_smiles"": ""COCOC"",
      ""group_smarts"": ""[CX4H2](-[OX2])(-[OX2])"",
      ""atom_specific_smarts"": ""[CX4H2](-[OX2H0])(-[OX2H0])"",
      ""description"": ""Central CH2 carbon in dimethoxy methane-type acetals; two single-bonded ether O neighbors and two hydrogens."",
      ""uncertainty"": ""low""
    },
    {
      ""atom_type"": 191,
      ""element"": ""C"",
      ""chemical_environment"": ""Hemiacetal methylene carbon with one ether oxygen and one hydroxyl oxygen (O-CH2-OH)."",
      ""functional_group"": ""hemiacetal (OCH2OH)"",
      ""hybridization"": ""sp3"",
      ""example_molecule_smiles"": ""COCO"",
      ""group_smarts"": ""[CX4H2](-O)(-O)"",
      ""atom_specific_smarts"": ""[CX4H2](-[OX2H0])(-[OX2H])"",
      ""description"": ""Central CH2 carbon in a hemiacetal derived from formaldehyde; one O is an ether, the other is hydroxyl."",
      ""uncertainty"": ""low""
    },
    {
      ""atom_type"": 193,
      ""element"": ""C"",
      ""chemical_environment"": ""Secondary acetal center with one carbon substituent and two ether oxygens (O-CH(-R)-O)."",
      ""functional_group"": ""acetal (OCHRO)"",
      ""hybridization"": ""sp3"",
      ""example_molecule_smiles"": ""CC(OC)OC"",
      ""group_smarts"": ""[CX4H1](-O)(-O)"",
      ""atom_specific_smarts"": ""[CX4H1](-[OX2H0])(-[OX2H0])(-[C,c])"",
      ""description"": ""Acetal methine carbon bearing one hydrogen, one carbon (R) substituent, and two ether oxygens."",
      ""uncertainty"": ""low""
    },
    {
      ""atom_type"": 195,
      ""element"": ""C"",
      ""chemical_environment"": ""Secondary hemiacetal center with one carbon substituent, one ether oxygen, and one hydroxyl (O-CH(-R)-OH)."",
      ""functional_group"": ""hemiacetal (OCHROH)"",
      ""hybridization"": ""sp3"",
      ""example_molecule_smiles"": ""CC(O)OC"",
      ""group_smarts"": ""[CX4H1](-O)(-O)"",
      ""atom_specific_smarts"": ""[CX4H1](-[OX2H0])(-[OX2H])(-[C,c])"",
      ""description"": ""Hemiacetal methine carbon with one H, one carbon substituent, one ether O and one hydroxyl O."",
      ""uncertainty"": ""low""
    },
    {
      ""atom_type"": 197,
      ""element"": ""C"",
      ""chemical_environment"": ""Tertiary acetal center with two carbon substituents and two ether oxygens (O-C(R)(R)-O)."",
      ""functional_group"": ""acetal (OCRRO)"",
      ""hybridization"": ""sp3"",
      ""example_molecule_smiles"": ""CC(C)(OC)OC"",
      ""group_smarts"": ""[CX4H0](-O)(-O)"",
      ""atom_specific_smarts"": ""[CX4H0](-[OX2H0])(-[OX2H0])(-[C,c])(-[C,c])"",
      ""description"": ""Acetal quaternary carbon (no H) bound to two ether oxygens and two carbon substituents."",
      ""uncertainty"": ""low""
    },
    {
      ""atom_type"": 198,
      ""element"": ""C"",
      ""chemical_environment"": ""Tertiary hemiacetal center with two carbon substituents, one ether oxygen, and one hydroxyl (O-C(R)(R)-OH)."",
      ""functional_group"": ""hemiacetal (OCRROH)"",
      ""hybridization"": ""sp3"",
      ""example_molecule_smiles"": ""CC(C)(O)OC"",
      ""group_smarts"": ""[CX4H0](-O)(-O)"",
      ""atom_specific_smarts"": ""[CX4H0](-[OX2H0])(-[OX2H])(-[C,c])(-[C,c])"",
      ""description"": ""Hemiacetal quaternary carbon (no H) with one hydroxyl O, one ether O, and two carbon substituents."",
      ""uncertainty"": ""low""
    },
    {
      ""atom_type"": 199,
      ""element"": ""C"",
      ""chemical_environment"": ""Aromatic ipso carbon of anisole bound to methoxy oxygen."",
      ""functional_group"": ""aryl ether (anisole, C(OMe))"",
      ""hybridization"": ""sp2 (aromatic)"",
      ""example_molecule_smiles"": ""COc1ccccc1"",
      ""group_smarts"": ""[cX3](-[OX2H0]-[C])"",
      ""atom_specific_smarts"": ""[cX3](-[OX2H0]-[CH3])"",
      ""description"": ""Ipso phenyl carbon attached to an ether oxygen that bears a methyl group (methoxy substituent)."",
      ""uncertainty"": ""low""
    },
    {
      ""atom_type"": 206,
      ""element"": ""C"",
      ""chemical_environment"": ""Alpha carbon to thiol sulfur in primary thiols (R-CH2-SH)."",
      ""functional_group"": ""thiol alpha carbon (CH2)"",
      ""hybridization"": ""sp3"",
      ""example_molecule_smiles"": ""CCS"",
      ""group_smarts"": ""[CX4]-[SH1]"",
      ""atom_specific_smarts"": ""[CH2X4]-[SH1]"",
      ""description"": ""Methylene carbon directly bonded to sulfur bearing hydrogen (thiol S-H)."",
      ""uncertainty"": ""low""
    },
    {
      ""atom_type"": 207,
      ""element"": ""C"",
      ""chemical_environment"": ""Alpha carbon to thiol sulfur in secondary thiols (R2CH-SH)."",
      ""functional_group"": ""thiol alpha carbon (CH)"",
      ""hybridization"": ""sp3"",
      ""example_molecule_smiles"": ""CC(C)S"",
      ""group_smarts"": ""[CX4]-[SH1]"",
      ""atom_specific_smarts"": ""[CHX4]-[SH1]"",
      ""description"": ""Methine carbon directly bonded to thiol sulfur (S-H), bearing one hydrogen and two carbon substituents."",
      ""uncertainty"": ""low""
    },
    {
      ""atom_type"": 208,
      ""element"": ""C"",
      ""chemical_environment"": ""Alpha carbon to thiol sulfur in tertiary centers (R3C-SH)."",
      ""functional_group"": ""thiol alpha carbon (quaternary C)"",
      ""hybridization"": ""sp3"",
      ""example_molecule_smiles"": ""CC(C)(C)S"",
      ""group_smarts"": ""[CX4]-[SH1]"",
      ""atom_specific_smarts"": ""[CX4H0]-[SH1]"",
      ""description"": ""Quaternary carbon (no hydrogens) directly bonded to thiol sulfur (S-H)."",
      ""uncertainty"": ""low""
    },
    {
      ""atom_type"": 209,
      ""element"": ""C"",
      ""chemical_environment"": ""Alpha methyl carbon to thioether sulfur (sulfide, R-S-R')."",
      ""functional_group"": ""sulfide alpha carbon (CH3)"",
      ""hybridization"": ""sp3"",
      ""example_molecule_smiles"": ""CSC"",
      ""group_smarts"": ""[CX4]-[S;X2;H0;!$(*-S-*)]"",
      ""atom_specific_smarts"": ""[CH3X4]-[S;X2;H0;!$(*-S-*)]"",
      ""description"": ""Terminal methyl carbon directly bonded to a thioether sulfur (S with no H and not in disulfide)."",
      ""uncertainty"": ""low""
    },
    {
      ""atom_type"": 210,
      ""element"": ""C"",
      ""chemical_environment"": ""Alpha methylene carbon to thioether sulfur (sulfide)."",
      ""functional_group"": ""sulfide alpha carbon (CH2)"",
      ""hybridization"": ""sp3"",
      ""example_molecule_smiles"": ""CSCC"",
      ""group_smarts"": ""[CX4]-[S;X2;H0;!$(*-S-*)]"",
      ""atom_specific_smarts"": ""[CH2X4]-[S;X2;H0;!$(*-S-*)]"",
      ""description"": ""Methylene carbon directly bonded to a thioether sulfur (S with no H and not S–S)."",
      ""uncertainty"": ""low""
    },
    {
      ""atom_type"": 211,
      ""element"": ""C"",
      ""chemical_environment"": ""Alpha methine carbon to thioether sulfur (sulfide)."",
      ""functional_group"": ""sulfide alpha carbon (CH)"",
      ""hybridization"": ""sp3"",
      ""example_molecule_smiles"": ""CC(SC)C"",
      ""group_smarts"": ""[CX4]-[S;X2;H0;!$(*-S-*)]"",
      ""atom_specific_smarts"": ""[CHX4]-[S;X2;H0;!$(*-S-*)]"",
      ""description"": ""Methine carbon directly bonded to a thioether sulfur (S with no H and not in disulfide)."",
      ""uncertainty"": ""low""
    },
    {
      ""atom_type"": 212,
      ""element"": ""C"",
      ""chemical_environment"": ""Alpha quaternary carbon to thioether sulfur (sulfide)."",
      ""functional_group"": ""sulfide alpha carbon (quaternary C)"",
      ""hybridization"": ""sp3"",
      ""example_molecule_smiles"": ""CSC(C)(C)C"",
      ""group_smarts"": ""[CX4]-[S;X2;H0;!$(*-S-*)]"",
      ""atom_specific_smarts"": ""[CX4H0]-[S;X2;H0;!$(*-S-*)]"",
      ""description"": ""Quaternary carbon (no H) directly bonded to thioether sulfur (not part of S–S)."",
      ""uncertainty"": ""low""
    },
    {
      ""atom_type"": 213,
      ""element"": ""C"",
      ""chemical_environment"": ""Alpha methyl carbon to disulfide sulfur (R-S-S-R')."",
      ""functional_group"": ""disulfide alpha carbon (CH3)"",
      ""hybridization"": ""sp3"",
      ""example_molecule_smiles"": ""CSSC"",
      ""group_smarts"": ""[CX4]-[S;X2;H0]-[S;X2;H0]"",
      ""atom_specific_smarts"": ""[CH3X4]-[S;X2;H0]-[S;X2;H0]"",
      ""description"": ""Terminal methyl carbon directly bonded to sulfur that is itself bonded to another sulfur (disulfide)."",
      ""uncertainty"": ""low""
    },
    {
      ""atom_type"": 214,
      ""element"": ""C"",
      ""chemical_environment"": ""Alpha methylene carbon to disulfide sulfur."",
      ""functional_group"": ""disulfide alpha carbon (CH2)"",
      ""hybridization"": ""sp3"",
      ""example_molecule_smiles"": ""CSSCC"",
      ""group_smarts"": ""[CX4]-[S;X2;H0]-[S;X2;H0]"",
      ""atom_specific_smarts"": ""[CH2X4]-[S;X2;H0]-[S;X2;H0]"",
      ""description"": ""Methylene carbon directly bonded to sulfur that participates in an S–S bond."",
      ""uncertainty"": ""low""
    },
    {
      ""atom_type"": 215,
      ""element"": ""C"",
      ""chemical_environment"": ""Alpha methine carbon to disulfide sulfur."",
      ""functional_group"": ""disulfide alpha carbon (CH)"",
      ""hybridization"": ""sp3"",
      ""example_molecule_smiles"": ""CC(SSC)C"",
      ""group_smarts"": ""[CX4]-[S;X2;H0]-[S;X2;H0]"",
      ""atom_specific_smarts"": ""[CHX4]-[S;X2;H0]-[S;X2;H0]"",
      ""description"": ""Methine carbon directly bonded to sulfur that is bonded to another sulfur (S–S)."",
      ""uncertainty"": ""low""
    },
    {
      ""atom_type"": 216,
      ""element"": ""C"",
      ""chemical_environment"": ""Alpha quaternary carbon to disulfide sulfur."",
      ""functional_group"": ""disulfide alpha carbon (quaternary C)"",
      ""hybridization"": ""sp3"",
      ""example_molecule_smiles"": ""CC(C)(C)SSC"",
      ""group_smarts"": ""[CX4]-[S;X2;H0]-[S;X2;H0]"",
      ""atom_specific_smarts"": ""[CX4H0]-[S;X2;H0]-[S;X2;H0]"",
      ""description"": ""Quaternary carbon (no H) directly bonded to sulfur that forms a disulfide linkage."",
      ""uncertainty"": ""low""
    },
    {
      ""atom_type"": 217,
      ""element"": ""C"",
      ""chemical_environment"": ""Methyl carbon of methanethiol (CH3-SH), alpha to thiol sulfur."",
      ""functional_group"": ""thiol alpha carbon (CH3, methanethiol)"",
      ""hybridization"": ""sp3"",
      ""example_molecule_smiles"": ""CS"",
      ""group_smarts"": ""[CX4]-[SH1]"",
      ""atom_specific_smarts"": ""[CH3X4]-[SH1]"",
      ""description"": ""Terminal methyl carbon directly bonded to sulfur bearing hydrogen (specifically Me–SH)."",
      ""uncertainty"": ""low""
    },
    {
      ""atom_type"": 218,
      ""element"": ""C"",
      ""chemical_environment"": ""Benzylic methylene carbon in benzyl alcohols (Ar-CH2-OH)."",
      ""functional_group"": ""benzylic alcohol (CH2OH on aryl)"",
      ""hybridization"": ""sp3"",
      ""example_molecule_smiles"": ""c1ccccc1CO"",
      ""group_smarts"": ""[CH2X4](-[OX2H])(-[c])"",
      ""atom_specific_smarts"": ""[CH2X4](-[OX2H])(-[c])"",
      ""description"": ""Benzylic CH2 linking an aromatic carbon and a hydroxyl oxygen in benzyl alcohol (Ph–CH2–OH)."",
      ""uncertainty"": ""low""
    }
  ]
}"
