Atom_Index,Charge,Info,DataMass,Source,ElementGuess,AtomicNumber,prompt,gpt_output
894,0.135,"""Anilinium C-NR3+""",12.011,oplsaa2008.lt,C,6,"Convert the following OPLS-AA atom type rows:

Atom Type Data:
- Atom index: 894
- Force field raw info: ""Anilinium C-NR3+""
- Partial charge: 0.135
- Atomic mass: 12.011
- Element guess: C
- Atomic number: 6
- Source file: oplsaa2008.lt


Atom Type Data:
- Atom index: 896
- Force field raw info: ""Anilinium C-NHR2+""
- Partial charge: 0.155
- Atomic mass: 12.011
- Element guess: C
- Atomic number: 6
- Source file: oplsaa2008.lt


Atom Type Data:
- Atom index: 897
- Force field raw info: ""Triene R2-C= (mid C=C)""
- Partial charge: 0.0
- Atomic mass: 12.011
- Element guess: C
- Atomic number: 6
- Source file: oplsaa2008.lt


Atom Type Data:
- Atom index: 898
- Force field raw info: ""Triene RH-C= (mid C=C)""
- Partial charge: -0.115
- Atomic mass: 12.011
- Element guess: C
- Atomic number: 6
- Source file: oplsaa2008.lt


Atom Type Data:
- Atom index: 900
- Force field raw info: ""Allene/Ketene H2C=C=X""
- Partial charge: -0.25
- Atomic mass: 12.011
- Element guess: C
- Atomic number: 6
- Source file: oplsaa2008.lt


Atom Type Data:
- Atom index: 901
- Force field raw info: ""Allene/Ketene HRC=C=X""
- Partial charge: -0.1
- Atomic mass: 12.011
- Element guess: C
- Atomic number: 6
- Source file: oplsaa2008.lt


Atom Type Data:
- Atom index: 902
- Force field raw info: ""Allene/Ketene R2C=C=X""
- Partial charge: 0.05
- Atomic mass: 12.011
- Element guess: C
- Atomic number: 6
- Source file: oplsaa2008.lt


Atom Type Data:
- Atom index: 903
- Force field raw info: ""Allene =C=""
- Partial charge: -0.1
- Atomic mass: 12.011
- Element guess: C
- Atomic number: 6
- Source file: oplsaa2008.lt


Atom Type Data:
- Atom index: 904
- Force field raw info: ""Ketene =C=""
- Partial charge: 0.2
- Atomic mass: 12.011
- Element guess: C
- Atomic number: 6
- Source file: oplsaa2008.lt


Atom Type Data:
- Atom index: 906
- Force field raw info: ""N-Me-HIS CB""
- Partial charge: 0.088
- Atomic mass: 12.011
- Element guess: C
- Atomic number: 6
- Source file: oplsaa2008.lt


Atom Type Data:
- Atom index: 6
- Force field raw info: C  - C~   |
- Partial charge: 0.0
- Atomic mass: 12.011
- Element guess: C
- Atomic number: 6
- Source file: oplsaa2024.lt


Atom Type Data:
- Atom index: 54
- Force field raw info: C  - CT   | n-CH3 all-atom C: alkanes
- Partial charge: -0.18
- Atomic mass: 12.011
- Element guess: C
- Atomic number: 6
- Source file: oplsaa2024.lt


Atom Type Data:
- Atom index: 55
- Force field raw info: C  - CT   | iso-CH3 all-atom C: alkanes
- Partial charge: -0.18
- Atomic mass: 12.011
- Element guess: C
- Atomic number: 6
- Source file: oplsaa2024.lt


Atom Type Data:
- Atom index: 56
- Force field raw info: C  - CT   | neo-CH3 all-atom C: alkanes
- Partial charge: -0.18
- Atomic mass: 12.011
- Element guess: C
- Atomic number: 6
- Source file: oplsaa2024.lt


Atom Type Data:
- Atom index: 57
- Force field raw info: C  - CT   | CH2 all-atom C: alkanes
- Partial charge: -0.12
- Atomic mass: 12.011
- Element guess: C
- Atomic number: 6
- Source file: oplsaa2024.lt


Atom Type Data:
- Atom index: 58
- Force field raw info: C  - CT   | CH all-atom C: alkanes
- Partial charge: -0.06
- Atomic mass: 12.011
- Element guess: C
- Atomic number: 6
- Source file: oplsaa2024.lt


Atom Type Data:
- Atom index: 59
- Force field raw info: C  - CT   | C all-atom C: alkanes
- Partial charge: 0.0
- Atomic mass: 12.011
- Element guess: C
- Atomic number: 6
- Source file: oplsaa2024.lt


Atom Type Data:
- Atom index: 61
- Force field raw info: C  - CT   | all-atom C: CH3, toluene
- Partial charge: -0.065
- Atomic mass: 12.011
- Element guess: C
- Atomic number: 6
- Source file: oplsaa2024.lt


Atom Type Data:
- Atom index: 62
- Force field raw info: C  - CT   | all-atom C: CH2, ethyl benzene
- Partial charge: -0.005
- Atomic mass: 12.011
- Element guess: C
- Atomic number: 6
- Source file: oplsaa2024.lt


Atom Type Data:
- Atom index: 63
- Force field raw info: C  - CT   | all-atom C: CH, i-propyl benzene
- Partial charge: 0.055
- Atomic mass: 12.011
- Element guess: C
- Atomic number: 6
- Source file: oplsaa2024.lt
","[
  {
    ""atom_type"": 894,
    ""element"": ""C"",
    ""chemical_environment"": ""Aromatic ipso carbon bonded to a protonated tertiary anilinium nitrogen"",
    ""functional_group"": ""anilinium (aryl ammonium, tertiary)"",
    ""hybridization"": ""sp2"",
    ""example_molecule_smiles"": ""c1ccc(cc1)[N+H](C)C"",
    ""group_smarts"": ""[cX3]-[N+H]([#6])([#6])[#6]"",
    ""atom_specific_smarts"": ""[cX3:1]-[N+H]([#6])([#6])[#6]"",
    ""description"": ""Ring carbon of an aniline bearing a protonated tertiary amine; neighbors: two aromatic carbons and one [N+H] bonded to three carbons."",
    ""uncertainty"": ""30""
  },
  {
    ""atom_type"": 896,
    ""element"": ""C"",
    ""chemical_environment"": ""Aromatic ipso carbon bonded to a protonated secondary anilinium nitrogen"",
    ""functional_group"": ""anilinium (aryl ammonium, secondary)"",
    ""hybridization"": ""sp2"",
    ""example_molecule_smiles"": ""c1ccc(cc1)[N+H2]CC"",
    ""group_smarts"": ""[cX3]-[N+H2]([#6])[#6]"",
    ""atom_specific_smarts"": ""[cX3:1]-[N+H2]([#6])[#6]"",
    ""description"": ""Ring carbon of an aniline bearing a protonated secondary amine; neighbors: two aromatic carbons and one [N+H2] bonded to two carbons."",
    ""uncertainty"": ""35""
  },
  {
    ""atom_type"": 897,
    ""element"": ""C"",
    ""chemical_environment"": ""Internal alkene carbon in the middle C=C of a conjugated triene, disubstituted (no hydrogens)"",
    ""functional_group"": ""conjugated triene (hexatriene-like), mid C=C (R2C=)"",
    ""hybridization"": ""sp2"",
    ""example_molecule_smiles"": ""C=C(C)C=C(C)C=C"",
    ""group_smarts"": ""[CX3](=C)-C=C"",
    ""atom_specific_smarts"": ""[CX3H0:1](=C(-C=C))-C=C"",
    ""description"": ""Middle double-bond carbon of a C=C-C=C-C=C system; one double-bonded sp2 neighbor and two single-bonded sp2 neighbors that each continue as C=C; this atom has no H."",
    ""uncertainty"": ""25""
  },
  {
    ""atom_type"": 898,
    ""element"": ""C"",
    ""chemical_environment"": ""Internal alkene carbon in the middle C=C of a conjugated triene, monosubstituted (one hydrogen)"",
    ""functional_group"": ""conjugated triene (hexatriene-like), mid C=C (RH-C=)"",
    ""hybridization"": ""sp2"",
    ""example_molecule_smiles"": ""C=CC=CC=C"",
    ""group_smarts"": ""[CX3H1](=C)-C=C"",
    ""atom_specific_smarts"": ""[CX3H1:1](=C(-C=C))-C=C"",
    ""description"": ""Middle double-bond carbon of a C=C-C=C-C=C system; one double-bonded sp2 neighbor and one single-bonded sp2 neighbor that continues as C=C; this atom has one H."",
    ""uncertainty"": ""25""
  },
  {
    ""atom_type"": 900,
    ""element"": ""C"",
    ""chemical_environment"": ""Terminal sp2 carbon of an allene/ketene fragment H2C=C=X"",
    ""functional_group"": ""allene or ketene (terminal CH2)"",
    ""hybridization"": ""sp2"",
    ""example_molecule_smiles"": ""C=C=O"",
    ""group_smarts"": ""[CH2]=C=[C,O]"",
    ""atom_specific_smarts"": ""[CH2:1]=C=[C,O]"",
    ""description"": ""Terminal vinylidene carbon bearing two hydrogens, double-bonded to the central cumulenic carbon that is further double-bonded to C or O."",
    ""uncertainty"": ""15""
  },
  {
    ""atom_type"": 901,
    ""element"": ""C"",
    ""chemical_environment"": ""Terminal sp2 carbon of an allene/ketene fragment HRC=C=X (one H, one carbon substituent)"",
    ""functional_group"": ""allene or ketene (substituted terminal CH)"",
    ""hybridization"": ""sp2"",
    ""example_molecule_smiles"": ""CC=C=O"",
    ""group_smarts"": ""[CH1](-[#6])=C=[C,O]"",
    ""atom_specific_smarts"": ""[CH1:1](-[#6])=C=[C,O]"",
    ""description"": ""Terminal sp2 carbon with one hydrogen and one carbon substituent, double-bonded to the central cumulenic carbon which is double-bonded to C or O."",
    ""uncertainty"": ""15""
  },
  {
    ""atom_type"": 902,
    ""element"": ""C"",
    ""chemical_environment"": ""Terminal sp2 carbon of an allene/ketene fragment R2C=C=X (no hydrogens)"",
    ""functional_group"": ""allene or ketene (disubstituted terminal carbon)"",
    ""hybridization"": ""sp2"",
    ""example_molecule_smiles"": ""CC(=C=O)C"",
    ""group_smarts"": ""[CH0](-[#6])(-[#6])=C=[C,O]"",
    ""atom_specific_smarts"": ""[CX3H0:1](-[#6])(-[#6])=C=[C,O]"",
    ""description"": ""Terminal sp2 carbon with two carbon substituents, double-bonded to the central cumulenic carbon which is double-bonded to C or O."",
    ""uncertainty"": ""15""
  },
  {
    ""atom_type"": 903,
    ""element"": ""C"",
    ""chemical_environment"": ""Central sp carbon of an allene fragment =C="",
    ""functional_group"": ""allene (central cumulenic carbon)"",
    ""hybridization"": ""sp"",
    ""example_molecule_smiles"": ""C=C=C"",
    ""group_smarts"": ""[CX2H0](=[C])[C]=[C]"",
    ""atom_specific_smarts"": ""[CX2H0:1](=[C;X3])[C;X3]=[C;X3]"",
    ""description"": ""Central cumulenic carbon double-bonded to two carbons (no heteroatom); neighbors are two terminal sp2 carbons."",
    ""uncertainty"": ""15""
  },
  {
    ""atom_type"": 904,
    ""element"": ""C"",
    ""chemical_environment"": ""Central sp carbon of a ketene fragment =C="",
    ""functional_group"": ""ketene (central cumulenic carbon)"",
    ""hybridization"": ""sp"",
    ""example_molecule_smiles"": ""C=C=O"",
    ""group_smarts"": ""[CX2H0](=C)=O"",
    ""atom_specific_smarts"": ""[CX2H0:1](=[C;X3])=O"",
    ""description"": ""Central cumulenic carbon double-bonded to one carbon and one oxygen (ketene C=C=O)."",
    ""uncertainty"": ""15""
  },
  {
    ""atom_type"": 906,
    ""element"": ""C"",
    ""chemical_environment"": ""Histidine sidechain CB (methylene linking CA to imidazole), in N-methyl-His"",
    ""functional_group"": ""amino acid side chain (benzylic-like CH2 alpha to imidazole)"",
    ""hybridization"": ""sp3"",
    ""example_molecule_smiles"": ""NC(Cc1n(C)ccn1)C(=O)O"",
    ""group_smarts"": ""[CH2]-c1ncnc1"",
    ""atom_specific_smarts"": ""[CH2:1]-c1ncnc1"",
    ""description"": ""Sidechain beta carbon of histidine; sp3 CH2 bonded to the alpha carbon and to an imidazole ring carbon. N-methylation is on the ring nitrogen and does not change CB connectivity."",
    ""uncertainty"": ""40""
  },
  {
    ""atom_type"": 6,
    ""element"": ""C"",
    ""chemical_environment"": ""Generic carbon placeholder (unspecified bonding in source entry)"",
    ""functional_group"": ""unspecified"",
    ""hybridization"": ""unspecified"",
    ""example_molecule_smiles"": ""C"",
    ""group_smarts"": ""[#6]"",
    ""atom_specific_smarts"": ""[#6:1]"",
    ""description"": ""Ambiguous generic carbon type from source; no clear local environment provided."",
    ""uncertainty"": ""80""
  },
  {
    ""atom_type"": 54,
    ""element"": ""C"",
    ""chemical_environment"": ""Primary methyl in n-alkanes (attached to a methylene carbon)"",
    ""functional_group"": ""alkane (n-CH3)"",
    ""hybridization"": ""sp3"",
    ""example_molecule_smiles"": ""CCC"",
    ""group_smarts"": ""[CH3]-[CH2]"",
    ""atom_specific_smarts"": ""[CH3:1]-[CH2X4]"",
    ""description"": ""Terminal methyl attached to a methylene (primary chain end). Neighbor carbon is sp3 CH2."",
    ""uncertainty"": ""10""
  },
  {
    ""atom_type"": 55,
    ""element"": ""C"",
    ""chemical_environment"": ""Methyl attached to a secondary carbon (iso-alkyl, e.g., isopropyl)"",
    ""functional_group"": ""alkane (iso-CH3)"",
    ""hybridization"": ""sp3"",
    ""example_molecule_smiles"": ""CC(C)C"",
    ""group_smarts"": ""[CH3]-[CHX4]"",
    ""atom_specific_smarts"": ""[CH3:1]-[CHX4](-[#6X4])-[#6X4]"",
    ""description"": ""Methyl whose single carbon neighbor is a secondary sp3 carbon (CH) bound to two other carbons."",
    ""uncertainty"": ""10""
  },
  {
    ""atom_type"": 56,
    ""element"": ""C"",
    ""chemical_environment"": ""Methyl attached to a quaternary carbon (neo-alkyl, e.g., neopentyl/tert-butyl center)"",
    ""functional_group"": ""alkane (neo-CH3)"",
    ""hybridization"": ""sp3"",
    ""example_molecule_smiles"": ""CC(C)(C)C"",
    ""group_smarts"": ""[CH3]-[CX4H0]"",
    ""atom_specific_smarts"": ""[CH3:1]-[CX4H0](-[#6X4])(-[#6X4])-[#6X4]"",
    ""description"": ""Methyl whose single carbon neighbor is a quaternary sp3 carbon (no hydrogens)."",
    ""uncertainty"": ""10""
  },
  {
    ""atom_type"": 57,
    ""element"": ""C"",
    ""chemical_environment"": ""Methylene carbon in alkanes (two C neighbors, two H)"",
    ""functional_group"": ""alkane (CH2)"",
    ""hybridization"": ""sp3"",
    ""example_molecule_smiles"": ""CCCC"",
    ""group_smarts"": ""[CH2]-[#6X4]"",
    ""atom_specific_smarts"": ""[CH2:1](-[#6X4])-[#6X4]"",
    ""description"": ""Internal or near-terminal methylene in saturated hydrocarbons; two sp3 carbon neighbors."",
    ""uncertainty"": ""10""
  },
  {
    ""atom_type"": 58,
    ""element"": ""C"",
    ""chemical_environment"": ""Secondary (methine) carbon in alkanes (three C neighbors, one H)"",
    ""functional_group"": ""alkane (CH)"",
    ""hybridization"": ""sp3"",
    ""example_molecule_smiles"": ""CC(C)C"",
    ""group_smarts"": ""[CH]-[#6X4]"",
    ""atom_specific_smarts"": ""[CH:1](-[#6X4])(-[#6X4])-[#6X4]"",
    ""description"": ""Methine carbon in saturated hydrocarbons; three sp3 carbon neighbors and one hydrogen."",
    ""uncertainty"": ""10""
  },
  {
    ""atom_type"": 59,
    ""element"": ""C"",
    ""chemical_environment"": ""Quaternary carbon in alkanes (four C neighbors, no H)"",
    ""functional_group"": ""alkane (C tertiary/quaternary center)"",
    ""hybridization"": ""sp3"",
    ""example_molecule_smiles"": ""CC(C)(C)C"",
    ""group_smarts"": ""[CX4H0]-[#6X4]"",
    ""atom_specific_smarts"": ""[CX4H0:1](-[#6X4])(-[#6X4])(-[#6X4])-[#6X4]"",
    ""description"": ""Saturated quaternary carbon bound to four carbons (no hydrogens)."",
    ""uncertainty"": ""10""
  },
  {
    ""atom_type"": 61,
    ""element"": ""C"",
    ""chemical_environment"": ""Benzylic methyl (methyl attached directly to an aromatic ring, e.g., toluene)"",
    ""functional_group"": ""alkyl-aryl (benzylic CH3)"",
    ""hybridization"": ""sp3"",
    ""example_molecule_smiles"": ""Cc1ccccc1"",
    ""group_smarts"": ""[CH3]-c"",
    ""atom_specific_smarts"": ""[CH3:1]-[cX3]"",
    ""description"": ""Methyl carbon bonded to an aromatic sp2 carbon (benzylic position)."",
    ""uncertainty"": ""15""
  },
  {
    ""atom_type"": 62,
    ""element"": ""C"",
    ""chemical_environment"": ""Benzylic methylene in ethylbenzene (CH2 alpha to an aromatic ring)"",
    ""functional_group"": ""alkyl-aryl (benzylic CH2)"",
    ""hybridization"": ""sp3"",
    ""example_molecule_smiles"": ""CCc1ccccc1"",
    ""group_smarts"": ""[CH2]-c"",
    ""atom_specific_smarts"": ""[CH2:1](-[cX3])-[#6X4]"",
    ""description"": ""Benzylic CH2 attached directly to an aromatic sp2 carbon and to one sp3 carbon."",
    ""uncertainty"": ""15""
  },
  {
    ""atom_type"": 63,
    ""element"": ""C"",
    ""chemical_environment"": ""Benzylic methine in isopropyl benzene (cumene) attached to two alkyl groups and an aromatic ring"",
    ""functional_group"": ""alkyl-aryl (benzylic CH)"",
    ""hybridization"": ""sp3"",
    ""example_molecule_smiles"": ""CC(C)c1ccccc1"",
    ""group_smarts"": ""[CH]-c"",
    ""atom_specific_smarts"": ""[CH:1](-[cX3])(-[#6X4])-[#6X4]"",
    ""description"": ""Benzylic CH attached directly to an aromatic carbon and to two sp3 carbon substituents (isopropyl benzene)."",
    ""uncertainty"": ""15""
  }
]"
896,0.155,"""Anilinium C-NHR2+""",12.011,oplsaa2008.lt,C,6,"Convert the following OPLS-AA atom type rows:

Atom Type Data:
- Atom index: 894
- Force field raw info: ""Anilinium C-NR3+""
- Partial charge: 0.135
- Atomic mass: 12.011
- Element guess: C
- Atomic number: 6
- Source file: oplsaa2008.lt


Atom Type Data:
- Atom index: 896
- Force field raw info: ""Anilinium C-NHR2+""
- Partial charge: 0.155
- Atomic mass: 12.011
- Element guess: C
- Atomic number: 6
- Source file: oplsaa2008.lt


Atom Type Data:
- Atom index: 897
- Force field raw info: ""Triene R2-C= (mid C=C)""
- Partial charge: 0.0
- Atomic mass: 12.011
- Element guess: C
- Atomic number: 6
- Source file: oplsaa2008.lt


Atom Type Data:
- Atom index: 898
- Force field raw info: ""Triene RH-C= (mid C=C)""
- Partial charge: -0.115
- Atomic mass: 12.011
- Element guess: C
- Atomic number: 6
- Source file: oplsaa2008.lt


Atom Type Data:
- Atom index: 900
- Force field raw info: ""Allene/Ketene H2C=C=X""
- Partial charge: -0.25
- Atomic mass: 12.011
- Element guess: C
- Atomic number: 6
- Source file: oplsaa2008.lt


Atom Type Data:
- Atom index: 901
- Force field raw info: ""Allene/Ketene HRC=C=X""
- Partial charge: -0.1
- Atomic mass: 12.011
- Element guess: C
- Atomic number: 6
- Source file: oplsaa2008.lt


Atom Type Data:
- Atom index: 902
- Force field raw info: ""Allene/Ketene R2C=C=X""
- Partial charge: 0.05
- Atomic mass: 12.011
- Element guess: C
- Atomic number: 6
- Source file: oplsaa2008.lt


Atom Type Data:
- Atom index: 903
- Force field raw info: ""Allene =C=""
- Partial charge: -0.1
- Atomic mass: 12.011
- Element guess: C
- Atomic number: 6
- Source file: oplsaa2008.lt


Atom Type Data:
- Atom index: 904
- Force field raw info: ""Ketene =C=""
- Partial charge: 0.2
- Atomic mass: 12.011
- Element guess: C
- Atomic number: 6
- Source file: oplsaa2008.lt


Atom Type Data:
- Atom index: 906
- Force field raw info: ""N-Me-HIS CB""
- Partial charge: 0.088
- Atomic mass: 12.011
- Element guess: C
- Atomic number: 6
- Source file: oplsaa2008.lt


Atom Type Data:
- Atom index: 6
- Force field raw info: C  - C~   |
- Partial charge: 0.0
- Atomic mass: 12.011
- Element guess: C
- Atomic number: 6
- Source file: oplsaa2024.lt


Atom Type Data:
- Atom index: 54
- Force field raw info: C  - CT   | n-CH3 all-atom C: alkanes
- Partial charge: -0.18
- Atomic mass: 12.011
- Element guess: C
- Atomic number: 6
- Source file: oplsaa2024.lt


Atom Type Data:
- Atom index: 55
- Force field raw info: C  - CT   | iso-CH3 all-atom C: alkanes
- Partial charge: -0.18
- Atomic mass: 12.011
- Element guess: C
- Atomic number: 6
- Source file: oplsaa2024.lt


Atom Type Data:
- Atom index: 56
- Force field raw info: C  - CT   | neo-CH3 all-atom C: alkanes
- Partial charge: -0.18
- Atomic mass: 12.011
- Element guess: C
- Atomic number: 6
- Source file: oplsaa2024.lt


Atom Type Data:
- Atom index: 57
- Force field raw info: C  - CT   | CH2 all-atom C: alkanes
- Partial charge: -0.12
- Atomic mass: 12.011
- Element guess: C
- Atomic number: 6
- Source file: oplsaa2024.lt


Atom Type Data:
- Atom index: 58
- Force field raw info: C  - CT   | CH all-atom C: alkanes
- Partial charge: -0.06
- Atomic mass: 12.011
- Element guess: C
- Atomic number: 6
- Source file: oplsaa2024.lt


Atom Type Data:
- Atom index: 59
- Force field raw info: C  - CT   | C all-atom C: alkanes
- Partial charge: 0.0
- Atomic mass: 12.011
- Element guess: C
- Atomic number: 6
- Source file: oplsaa2024.lt


Atom Type Data:
- Atom index: 61
- Force field raw info: C  - CT   | all-atom C: CH3, toluene
- Partial charge: -0.065
- Atomic mass: 12.011
- Element guess: C
- Atomic number: 6
- Source file: oplsaa2024.lt


Atom Type Data:
- Atom index: 62
- Force field raw info: C  - CT   | all-atom C: CH2, ethyl benzene
- Partial charge: -0.005
- Atomic mass: 12.011
- Element guess: C
- Atomic number: 6
- Source file: oplsaa2024.lt


Atom Type Data:
- Atom index: 63
- Force field raw info: C  - CT   | all-atom C: CH, i-propyl benzene
- Partial charge: 0.055
- Atomic mass: 12.011
- Element guess: C
- Atomic number: 6
- Source file: oplsaa2024.lt
","[
  {
    ""atom_type"": 894,
    ""element"": ""C"",
    ""chemical_environment"": ""Aromatic ipso carbon bonded to a protonated tertiary anilinium nitrogen"",
    ""functional_group"": ""anilinium (aryl ammonium, tertiary)"",
    ""hybridization"": ""sp2"",
    ""example_molecule_smiles"": ""c1ccc(cc1)[N+H](C)C"",
    ""group_smarts"": ""[cX3]-[N+H]([#6])([#6])[#6]"",
    ""atom_specific_smarts"": ""[cX3:1]-[N+H]([#6])([#6])[#6]"",
    ""description"": ""Ring carbon of an aniline bearing a protonated tertiary amine; neighbors: two aromatic carbons and one [N+H] bonded to three carbons."",
    ""uncertainty"": ""30""
  },
  {
    ""atom_type"": 896,
    ""element"": ""C"",
    ""chemical_environment"": ""Aromatic ipso carbon bonded to a protonated secondary anilinium nitrogen"",
    ""functional_group"": ""anilinium (aryl ammonium, secondary)"",
    ""hybridization"": ""sp2"",
    ""example_molecule_smiles"": ""c1ccc(cc1)[N+H2]CC"",
    ""group_smarts"": ""[cX3]-[N+H2]([#6])[#6]"",
    ""atom_specific_smarts"": ""[cX3:1]-[N+H2]([#6])[#6]"",
    ""description"": ""Ring carbon of an aniline bearing a protonated secondary amine; neighbors: two aromatic carbons and one [N+H2] bonded to two carbons."",
    ""uncertainty"": ""35""
  },
  {
    ""atom_type"": 897,
    ""element"": ""C"",
    ""chemical_environment"": ""Internal alkene carbon in the middle C=C of a conjugated triene, disubstituted (no hydrogens)"",
    ""functional_group"": ""conjugated triene (hexatriene-like), mid C=C (R2C=)"",
    ""hybridization"": ""sp2"",
    ""example_molecule_smiles"": ""C=C(C)C=C(C)C=C"",
    ""group_smarts"": ""[CX3](=C)-C=C"",
    ""atom_specific_smarts"": ""[CX3H0:1](=C(-C=C))-C=C"",
    ""description"": ""Middle double-bond carbon of a C=C-C=C-C=C system; one double-bonded sp2 neighbor and two single-bonded sp2 neighbors that each continue as C=C; this atom has no H."",
    ""uncertainty"": ""25""
  },
  {
    ""atom_type"": 898,
    ""element"": ""C"",
    ""chemical_environment"": ""Internal alkene carbon in the middle C=C of a conjugated triene, monosubstituted (one hydrogen)"",
    ""functional_group"": ""conjugated triene (hexatriene-like), mid C=C (RH-C=)"",
    ""hybridization"": ""sp2"",
    ""example_molecule_smiles"": ""C=CC=CC=C"",
    ""group_smarts"": ""[CX3H1](=C)-C=C"",
    ""atom_specific_smarts"": ""[CX3H1:1](=C(-C=C))-C=C"",
    ""description"": ""Middle double-bond carbon of a C=C-C=C-C=C system; one double-bonded sp2 neighbor and one single-bonded sp2 neighbor that continues as C=C; this atom has one H."",
    ""uncertainty"": ""25""
  },
  {
    ""atom_type"": 900,
    ""element"": ""C"",
    ""chemical_environment"": ""Terminal sp2 carbon of an allene/ketene fragment H2C=C=X"",
    ""functional_group"": ""allene or ketene (terminal CH2)"",
    ""hybridization"": ""sp2"",
    ""example_molecule_smiles"": ""C=C=O"",
    ""group_smarts"": ""[CH2]=C=[C,O]"",
    ""atom_specific_smarts"": ""[CH2:1]=C=[C,O]"",
    ""description"": ""Terminal vinylidene carbon bearing two hydrogens, double-bonded to the central cumulenic carbon that is further double-bonded to C or O."",
    ""uncertainty"": ""15""
  },
  {
    ""atom_type"": 901,
    ""element"": ""C"",
    ""chemical_environment"": ""Terminal sp2 carbon of an allene/ketene fragment HRC=C=X (one H, one carbon substituent)"",
    ""functional_group"": ""allene or ketene (substituted terminal CH)"",
    ""hybridization"": ""sp2"",
    ""example_molecule_smiles"": ""CC=C=O"",
    ""group_smarts"": ""[CH1](-[#6])=C=[C,O]"",
    ""atom_specific_smarts"": ""[CH1:1](-[#6])=C=[C,O]"",
    ""description"": ""Terminal sp2 carbon with one hydrogen and one carbon substituent, double-bonded to the central cumulenic carbon which is double-bonded to C or O."",
    ""uncertainty"": ""15""
  },
  {
    ""atom_type"": 902,
    ""element"": ""C"",
    ""chemical_environment"": ""Terminal sp2 carbon of an allene/ketene fragment R2C=C=X (no hydrogens)"",
    ""functional_group"": ""allene or ketene (disubstituted terminal carbon)"",
    ""hybridization"": ""sp2"",
    ""example_molecule_smiles"": ""CC(=C=O)C"",
    ""group_smarts"": ""[CH0](-[#6])(-[#6])=C=[C,O]"",
    ""atom_specific_smarts"": ""[CX3H0:1](-[#6])(-[#6])=C=[C,O]"",
    ""description"": ""Terminal sp2 carbon with two carbon substituents, double-bonded to the central cumulenic carbon which is double-bonded to C or O."",
    ""uncertainty"": ""15""
  },
  {
    ""atom_type"": 903,
    ""element"": ""C"",
    ""chemical_environment"": ""Central sp carbon of an allene fragment =C="",
    ""functional_group"": ""allene (central cumulenic carbon)"",
    ""hybridization"": ""sp"",
    ""example_molecule_smiles"": ""C=C=C"",
    ""group_smarts"": ""[CX2H0](=[C])[C]=[C]"",
    ""atom_specific_smarts"": ""[CX2H0:1](=[C;X3])[C;X3]=[C;X3]"",
    ""description"": ""Central cumulenic carbon double-bonded to two carbons (no heteroatom); neighbors are two terminal sp2 carbons."",
    ""uncertainty"": ""15""
  },
  {
    ""atom_type"": 904,
    ""element"": ""C"",
    ""chemical_environment"": ""Central sp carbon of a ketene fragment =C="",
    ""functional_group"": ""ketene (central cumulenic carbon)"",
    ""hybridization"": ""sp"",
    ""example_molecule_smiles"": ""C=C=O"",
    ""group_smarts"": ""[CX2H0](=C)=O"",
    ""atom_specific_smarts"": ""[CX2H0:1](=[C;X3])=O"",
    ""description"": ""Central cumulenic carbon double-bonded to one carbon and one oxygen (ketene C=C=O)."",
    ""uncertainty"": ""15""
  },
  {
    ""atom_type"": 906,
    ""element"": ""C"",
    ""chemical_environment"": ""Histidine sidechain CB (methylene linking CA to imidazole), in N-methyl-His"",
    ""functional_group"": ""amino acid side chain (benzylic-like CH2 alpha to imidazole)"",
    ""hybridization"": ""sp3"",
    ""example_molecule_smiles"": ""NC(Cc1n(C)ccn1)C(=O)O"",
    ""group_smarts"": ""[CH2]-c1ncnc1"",
    ""atom_specific_smarts"": ""[CH2:1]-c1ncnc1"",
    ""description"": ""Sidechain beta carbon of histidine; sp3 CH2 bonded to the alpha carbon and to an imidazole ring carbon. N-methylation is on the ring nitrogen and does not change CB connectivity."",
    ""uncertainty"": ""40""
  },
  {
    ""atom_type"": 6,
    ""element"": ""C"",
    ""chemical_environment"": ""Generic carbon placeholder (unspecified bonding in source entry)"",
    ""functional_group"": ""unspecified"",
    ""hybridization"": ""unspecified"",
    ""example_molecule_smiles"": ""C"",
    ""group_smarts"": ""[#6]"",
    ""atom_specific_smarts"": ""[#6:1]"",
    ""description"": ""Ambiguous generic carbon type from source; no clear local environment provided."",
    ""uncertainty"": ""80""
  },
  {
    ""atom_type"": 54,
    ""element"": ""C"",
    ""chemical_environment"": ""Primary methyl in n-alkanes (attached to a methylene carbon)"",
    ""functional_group"": ""alkane (n-CH3)"",
    ""hybridization"": ""sp3"",
    ""example_molecule_smiles"": ""CCC"",
    ""group_smarts"": ""[CH3]-[CH2]"",
    ""atom_specific_smarts"": ""[CH3:1]-[CH2X4]"",
    ""description"": ""Terminal methyl attached to a methylene (primary chain end). Neighbor carbon is sp3 CH2."",
    ""uncertainty"": ""10""
  },
  {
    ""atom_type"": 55,
    ""element"": ""C"",
    ""chemical_environment"": ""Methyl attached to a secondary carbon (iso-alkyl, e.g., isopropyl)"",
    ""functional_group"": ""alkane (iso-CH3)"",
    ""hybridization"": ""sp3"",
    ""example_molecule_smiles"": ""CC(C)C"",
    ""group_smarts"": ""[CH3]-[CHX4]"",
    ""atom_specific_smarts"": ""[CH3:1]-[CHX4](-[#6X4])-[#6X4]"",
    ""description"": ""Methyl whose single carbon neighbor is a secondary sp3 carbon (CH) bound to two other carbons."",
    ""uncertainty"": ""10""
  },
  {
    ""atom_type"": 56,
    ""element"": ""C"",
    ""chemical_environment"": ""Methyl attached to a quaternary carbon (neo-alkyl, e.g., neopentyl/tert-butyl center)"",
    ""functional_group"": ""alkane (neo-CH3)"",
    ""hybridization"": ""sp3"",
    ""example_molecule_smiles"": ""CC(C)(C)C"",
    ""group_smarts"": ""[CH3]-[CX4H0]"",
    ""atom_specific_smarts"": ""[CH3:1]-[CX4H0](-[#6X4])(-[#6X4])-[#6X4]"",
    ""description"": ""Methyl whose single carbon neighbor is a quaternary sp3 carbon (no hydrogens)."",
    ""uncertainty"": ""10""
  },
  {
    ""atom_type"": 57,
    ""element"": ""C"",
    ""chemical_environment"": ""Methylene carbon in alkanes (two C neighbors, two H)"",
    ""functional_group"": ""alkane (CH2)"",
    ""hybridization"": ""sp3"",
    ""example_molecule_smiles"": ""CCCC"",
    ""group_smarts"": ""[CH2]-[#6X4]"",
    ""atom_specific_smarts"": ""[CH2:1](-[#6X4])-[#6X4]"",
    ""description"": ""Internal or near-terminal methylene in saturated hydrocarbons; two sp3 carbon neighbors."",
    ""uncertainty"": ""10""
  },
  {
    ""atom_type"": 58,
    ""element"": ""C"",
    ""chemical_environment"": ""Secondary (methine) carbon in alkanes (three C neighbors, one H)"",
    ""functional_group"": ""alkane (CH)"",
    ""hybridization"": ""sp3"",
    ""example_molecule_smiles"": ""CC(C)C"",
    ""group_smarts"": ""[CH]-[#6X4]"",
    ""atom_specific_smarts"": ""[CH:1](-[#6X4])(-[#6X4])-[#6X4]"",
    ""description"": ""Methine carbon in saturated hydrocarbons; three sp3 carbon neighbors and one hydrogen."",
    ""uncertainty"": ""10""
  },
  {
    ""atom_type"": 59,
    ""element"": ""C"",
    ""chemical_environment"": ""Quaternary carbon in alkanes (four C neighbors, no H)"",
    ""functional_group"": ""alkane (C tertiary/quaternary center)"",
    ""hybridization"": ""sp3"",
    ""example_molecule_smiles"": ""CC(C)(C)C"",
    ""group_smarts"": ""[CX4H0]-[#6X4]"",
    ""atom_specific_smarts"": ""[CX4H0:1](-[#6X4])(-[#6X4])(-[#6X4])-[#6X4]"",
    ""description"": ""Saturated quaternary carbon bound to four carbons (no hydrogens)."",
    ""uncertainty"": ""10""
  },
  {
    ""atom_type"": 61,
    ""element"": ""C"",
    ""chemical_environment"": ""Benzylic methyl (methyl attached directly to an aromatic ring, e.g., toluene)"",
    ""functional_group"": ""alkyl-aryl (benzylic CH3)"",
    ""hybridization"": ""sp3"",
    ""example_molecule_smiles"": ""Cc1ccccc1"",
    ""group_smarts"": ""[CH3]-c"",
    ""atom_specific_smarts"": ""[CH3:1]-[cX3]"",
    ""description"": ""Methyl carbon bonded to an aromatic sp2 carbon (benzylic position)."",
    ""uncertainty"": ""15""
  },
  {
    ""atom_type"": 62,
    ""element"": ""C"",
    ""chemical_environment"": ""Benzylic methylene in ethylbenzene (CH2 alpha to an aromatic ring)"",
    ""functional_group"": ""alkyl-aryl (benzylic CH2)"",
    ""hybridization"": ""sp3"",
    ""example_molecule_smiles"": ""CCc1ccccc1"",
    ""group_smarts"": ""[CH2]-c"",
    ""atom_specific_smarts"": ""[CH2:1](-[cX3])-[#6X4]"",
    ""description"": ""Benzylic CH2 attached directly to an aromatic sp2 carbon and to one sp3 carbon."",
    ""uncertainty"": ""15""
  },
  {
    ""atom_type"": 63,
    ""element"": ""C"",
    ""chemical_environment"": ""Benzylic methine in isopropyl benzene (cumene) attached to two alkyl groups and an aromatic ring"",
    ""functional_group"": ""alkyl-aryl (benzylic CH)"",
    ""hybridization"": ""sp3"",
    ""example_molecule_smiles"": ""CC(C)c1ccccc1"",
    ""group_smarts"": ""[CH]-c"",
    ""atom_specific_smarts"": ""[CH:1](-[cX3])(-[#6X4])-[#6X4]"",
    ""description"": ""Benzylic CH attached directly to an aromatic carbon and to two sp3 carbon substituents (isopropyl benzene)."",
    ""uncertainty"": ""15""
  }
]"
897,0.0,"""Triene R2-C= (mid C=C)""",12.011,oplsaa2008.lt,C,6,"Convert the following OPLS-AA atom type rows:

Atom Type Data:
- Atom index: 894
- Force field raw info: ""Anilinium C-NR3+""
- Partial charge: 0.135
- Atomic mass: 12.011
- Element guess: C
- Atomic number: 6
- Source file: oplsaa2008.lt


Atom Type Data:
- Atom index: 896
- Force field raw info: ""Anilinium C-NHR2+""
- Partial charge: 0.155
- Atomic mass: 12.011
- Element guess: C
- Atomic number: 6
- Source file: oplsaa2008.lt


Atom Type Data:
- Atom index: 897
- Force field raw info: ""Triene R2-C= (mid C=C)""
- Partial charge: 0.0
- Atomic mass: 12.011
- Element guess: C
- Atomic number: 6
- Source file: oplsaa2008.lt


Atom Type Data:
- Atom index: 898
- Force field raw info: ""Triene RH-C= (mid C=C)""
- Partial charge: -0.115
- Atomic mass: 12.011
- Element guess: C
- Atomic number: 6
- Source file: oplsaa2008.lt


Atom Type Data:
- Atom index: 900
- Force field raw info: ""Allene/Ketene H2C=C=X""
- Partial charge: -0.25
- Atomic mass: 12.011
- Element guess: C
- Atomic number: 6
- Source file: oplsaa2008.lt


Atom Type Data:
- Atom index: 901
- Force field raw info: ""Allene/Ketene HRC=C=X""
- Partial charge: -0.1
- Atomic mass: 12.011
- Element guess: C
- Atomic number: 6
- Source file: oplsaa2008.lt


Atom Type Data:
- Atom index: 902
- Force field raw info: ""Allene/Ketene R2C=C=X""
- Partial charge: 0.05
- Atomic mass: 12.011
- Element guess: C
- Atomic number: 6
- Source file: oplsaa2008.lt


Atom Type Data:
- Atom index: 903
- Force field raw info: ""Allene =C=""
- Partial charge: -0.1
- Atomic mass: 12.011
- Element guess: C
- Atomic number: 6
- Source file: oplsaa2008.lt


Atom Type Data:
- Atom index: 904
- Force field raw info: ""Ketene =C=""
- Partial charge: 0.2
- Atomic mass: 12.011
- Element guess: C
- Atomic number: 6
- Source file: oplsaa2008.lt


Atom Type Data:
- Atom index: 906
- Force field raw info: ""N-Me-HIS CB""
- Partial charge: 0.088
- Atomic mass: 12.011
- Element guess: C
- Atomic number: 6
- Source file: oplsaa2008.lt


Atom Type Data:
- Atom index: 6
- Force field raw info: C  - C~   |
- Partial charge: 0.0
- Atomic mass: 12.011
- Element guess: C
- Atomic number: 6
- Source file: oplsaa2024.lt


Atom Type Data:
- Atom index: 54
- Force field raw info: C  - CT   | n-CH3 all-atom C: alkanes
- Partial charge: -0.18
- Atomic mass: 12.011
- Element guess: C
- Atomic number: 6
- Source file: oplsaa2024.lt


Atom Type Data:
- Atom index: 55
- Force field raw info: C  - CT   | iso-CH3 all-atom C: alkanes
- Partial charge: -0.18
- Atomic mass: 12.011
- Element guess: C
- Atomic number: 6
- Source file: oplsaa2024.lt


Atom Type Data:
- Atom index: 56
- Force field raw info: C  - CT   | neo-CH3 all-atom C: alkanes
- Partial charge: -0.18
- Atomic mass: 12.011
- Element guess: C
- Atomic number: 6
- Source file: oplsaa2024.lt


Atom Type Data:
- Atom index: 57
- Force field raw info: C  - CT   | CH2 all-atom C: alkanes
- Partial charge: -0.12
- Atomic mass: 12.011
- Element guess: C
- Atomic number: 6
- Source file: oplsaa2024.lt


Atom Type Data:
- Atom index: 58
- Force field raw info: C  - CT   | CH all-atom C: alkanes
- Partial charge: -0.06
- Atomic mass: 12.011
- Element guess: C
- Atomic number: 6
- Source file: oplsaa2024.lt


Atom Type Data:
- Atom index: 59
- Force field raw info: C  - CT   | C all-atom C: alkanes
- Partial charge: 0.0
- Atomic mass: 12.011
- Element guess: C
- Atomic number: 6
- Source file: oplsaa2024.lt


Atom Type Data:
- Atom index: 61
- Force field raw info: C  - CT   | all-atom C: CH3, toluene
- Partial charge: -0.065
- Atomic mass: 12.011
- Element guess: C
- Atomic number: 6
- Source file: oplsaa2024.lt


Atom Type Data:
- Atom index: 62
- Force field raw info: C  - CT   | all-atom C: CH2, ethyl benzene
- Partial charge: -0.005
- Atomic mass: 12.011
- Element guess: C
- Atomic number: 6
- Source file: oplsaa2024.lt


Atom Type Data:
- Atom index: 63
- Force field raw info: C  - CT   | all-atom C: CH, i-propyl benzene
- Partial charge: 0.055
- Atomic mass: 12.011
- Element guess: C
- Atomic number: 6
- Source file: oplsaa2024.lt
","[
  {
    ""atom_type"": 894,
    ""element"": ""C"",
    ""chemical_environment"": ""Aromatic ipso carbon bonded to a protonated tertiary anilinium nitrogen"",
    ""functional_group"": ""anilinium (aryl ammonium, tertiary)"",
    ""hybridization"": ""sp2"",
    ""example_molecule_smiles"": ""c1ccc(cc1)[N+H](C)C"",
    ""group_smarts"": ""[cX3]-[N+H]([#6])([#6])[#6]"",
    ""atom_specific_smarts"": ""[cX3:1]-[N+H]([#6])([#6])[#6]"",
    ""description"": ""Ring carbon of an aniline bearing a protonated tertiary amine; neighbors: two aromatic carbons and one [N+H] bonded to three carbons."",
    ""uncertainty"": ""30""
  },
  {
    ""atom_type"": 896,
    ""element"": ""C"",
    ""chemical_environment"": ""Aromatic ipso carbon bonded to a protonated secondary anilinium nitrogen"",
    ""functional_group"": ""anilinium (aryl ammonium, secondary)"",
    ""hybridization"": ""sp2"",
    ""example_molecule_smiles"": ""c1ccc(cc1)[N+H2]CC"",
    ""group_smarts"": ""[cX3]-[N+H2]([#6])[#6]"",
    ""atom_specific_smarts"": ""[cX3:1]-[N+H2]([#6])[#6]"",
    ""description"": ""Ring carbon of an aniline bearing a protonated secondary amine; neighbors: two aromatic carbons and one [N+H2] bonded to two carbons."",
    ""uncertainty"": ""35""
  },
  {
    ""atom_type"": 897,
    ""element"": ""C"",
    ""chemical_environment"": ""Internal alkene carbon in the middle C=C of a conjugated triene, disubstituted (no hydrogens)"",
    ""functional_group"": ""conjugated triene (hexatriene-like), mid C=C (R2C=)"",
    ""hybridization"": ""sp2"",
    ""example_molecule_smiles"": ""C=C(C)C=C(C)C=C"",
    ""group_smarts"": ""[CX3](=C)-C=C"",
    ""atom_specific_smarts"": ""[CX3H0:1](=C(-C=C))-C=C"",
    ""description"": ""Middle double-bond carbon of a C=C-C=C-C=C system; one double-bonded sp2 neighbor and two single-bonded sp2 neighbors that each continue as C=C; this atom has no H."",
    ""uncertainty"": ""25""
  },
  {
    ""atom_type"": 898,
    ""element"": ""C"",
    ""chemical_environment"": ""Internal alkene carbon in the middle C=C of a conjugated triene, monosubstituted (one hydrogen)"",
    ""functional_group"": ""conjugated triene (hexatriene-like), mid C=C (RH-C=)"",
    ""hybridization"": ""sp2"",
    ""example_molecule_smiles"": ""C=CC=CC=C"",
    ""group_smarts"": ""[CX3H1](=C)-C=C"",
    ""atom_specific_smarts"": ""[CX3H1:1](=C(-C=C))-C=C"",
    ""description"": ""Middle double-bond carbon of a C=C-C=C-C=C system; one double-bonded sp2 neighbor and one single-bonded sp2 neighbor that continues as C=C; this atom has one H."",
    ""uncertainty"": ""25""
  },
  {
    ""atom_type"": 900,
    ""element"": ""C"",
    ""chemical_environment"": ""Terminal sp2 carbon of an allene/ketene fragment H2C=C=X"",
    ""functional_group"": ""allene or ketene (terminal CH2)"",
    ""hybridization"": ""sp2"",
    ""example_molecule_smiles"": ""C=C=O"",
    ""group_smarts"": ""[CH2]=C=[C,O]"",
    ""atom_specific_smarts"": ""[CH2:1]=C=[C,O]"",
    ""description"": ""Terminal vinylidene carbon bearing two hydrogens, double-bonded to the central cumulenic carbon that is further double-bonded to C or O."",
    ""uncertainty"": ""15""
  },
  {
    ""atom_type"": 901,
    ""element"": ""C"",
    ""chemical_environment"": ""Terminal sp2 carbon of an allene/ketene fragment HRC=C=X (one H, one carbon substituent)"",
    ""functional_group"": ""allene or ketene (substituted terminal CH)"",
    ""hybridization"": ""sp2"",
    ""example_molecule_smiles"": ""CC=C=O"",
    ""group_smarts"": ""[CH1](-[#6])=C=[C,O]"",
    ""atom_specific_smarts"": ""[CH1:1](-[#6])=C=[C,O]"",
    ""description"": ""Terminal sp2 carbon with one hydrogen and one carbon substituent, double-bonded to the central cumulenic carbon which is double-bonded to C or O."",
    ""uncertainty"": ""15""
  },
  {
    ""atom_type"": 902,
    ""element"": ""C"",
    ""chemical_environment"": ""Terminal sp2 carbon of an allene/ketene fragment R2C=C=X (no hydrogens)"",
    ""functional_group"": ""allene or ketene (disubstituted terminal carbon)"",
    ""hybridization"": ""sp2"",
    ""example_molecule_smiles"": ""CC(=C=O)C"",
    ""group_smarts"": ""[CH0](-[#6])(-[#6])=C=[C,O]"",
    ""atom_specific_smarts"": ""[CX3H0:1](-[#6])(-[#6])=C=[C,O]"",
    ""description"": ""Terminal sp2 carbon with two carbon substituents, double-bonded to the central cumulenic carbon which is double-bonded to C or O."",
    ""uncertainty"": ""15""
  },
  {
    ""atom_type"": 903,
    ""element"": ""C"",
    ""chemical_environment"": ""Central sp carbon of an allene fragment =C="",
    ""functional_group"": ""allene (central cumulenic carbon)"",
    ""hybridization"": ""sp"",
    ""example_molecule_smiles"": ""C=C=C"",
    ""group_smarts"": ""[CX2H0](=[C])[C]=[C]"",
    ""atom_specific_smarts"": ""[CX2H0:1](=[C;X3])[C;X3]=[C;X3]"",
    ""description"": ""Central cumulenic carbon double-bonded to two carbons (no heteroatom); neighbors are two terminal sp2 carbons."",
    ""uncertainty"": ""15""
  },
  {
    ""atom_type"": 904,
    ""element"": ""C"",
    ""chemical_environment"": ""Central sp carbon of a ketene fragment =C="",
    ""functional_group"": ""ketene (central cumulenic carbon)"",
    ""hybridization"": ""sp"",
    ""example_molecule_smiles"": ""C=C=O"",
    ""group_smarts"": ""[CX2H0](=C)=O"",
    ""atom_specific_smarts"": ""[CX2H0:1](=[C;X3])=O"",
    ""description"": ""Central cumulenic carbon double-bonded to one carbon and one oxygen (ketene C=C=O)."",
    ""uncertainty"": ""15""
  },
  {
    ""atom_type"": 906,
    ""element"": ""C"",
    ""chemical_environment"": ""Histidine sidechain CB (methylene linking CA to imidazole), in N-methyl-His"",
    ""functional_group"": ""amino acid side chain (benzylic-like CH2 alpha to imidazole)"",
    ""hybridization"": ""sp3"",
    ""example_molecule_smiles"": ""NC(Cc1n(C)ccn1)C(=O)O"",
    ""group_smarts"": ""[CH2]-c1ncnc1"",
    ""atom_specific_smarts"": ""[CH2:1]-c1ncnc1"",
    ""description"": ""Sidechain beta carbon of histidine; sp3 CH2 bonded to the alpha carbon and to an imidazole ring carbon. N-methylation is on the ring nitrogen and does not change CB connectivity."",
    ""uncertainty"": ""40""
  },
  {
    ""atom_type"": 6,
    ""element"": ""C"",
    ""chemical_environment"": ""Generic carbon placeholder (unspecified bonding in source entry)"",
    ""functional_group"": ""unspecified"",
    ""hybridization"": ""unspecified"",
    ""example_molecule_smiles"": ""C"",
    ""group_smarts"": ""[#6]"",
    ""atom_specific_smarts"": ""[#6:1]"",
    ""description"": ""Ambiguous generic carbon type from source; no clear local environment provided."",
    ""uncertainty"": ""80""
  },
  {
    ""atom_type"": 54,
    ""element"": ""C"",
    ""chemical_environment"": ""Primary methyl in n-alkanes (attached to a methylene carbon)"",
    ""functional_group"": ""alkane (n-CH3)"",
    ""hybridization"": ""sp3"",
    ""example_molecule_smiles"": ""CCC"",
    ""group_smarts"": ""[CH3]-[CH2]"",
    ""atom_specific_smarts"": ""[CH3:1]-[CH2X4]"",
    ""description"": ""Terminal methyl attached to a methylene (primary chain end). Neighbor carbon is sp3 CH2."",
    ""uncertainty"": ""10""
  },
  {
    ""atom_type"": 55,
    ""element"": ""C"",
    ""chemical_environment"": ""Methyl attached to a secondary carbon (iso-alkyl, e.g., isopropyl)"",
    ""functional_group"": ""alkane (iso-CH3)"",
    ""hybridization"": ""sp3"",
    ""example_molecule_smiles"": ""CC(C)C"",
    ""group_smarts"": ""[CH3]-[CHX4]"",
    ""atom_specific_smarts"": ""[CH3:1]-[CHX4](-[#6X4])-[#6X4]"",
    ""description"": ""Methyl whose single carbon neighbor is a secondary sp3 carbon (CH) bound to two other carbons."",
    ""uncertainty"": ""10""
  },
  {
    ""atom_type"": 56,
    ""element"": ""C"",
    ""chemical_environment"": ""Methyl attached to a quaternary carbon (neo-alkyl, e.g., neopentyl/tert-butyl center)"",
    ""functional_group"": ""alkane (neo-CH3)"",
    ""hybridization"": ""sp3"",
    ""example_molecule_smiles"": ""CC(C)(C)C"",
    ""group_smarts"": ""[CH3]-[CX4H0]"",
    ""atom_specific_smarts"": ""[CH3:1]-[CX4H0](-[#6X4])(-[#6X4])-[#6X4]"",
    ""description"": ""Methyl whose single carbon neighbor is a quaternary sp3 carbon (no hydrogens)."",
    ""uncertainty"": ""10""
  },
  {
    ""atom_type"": 57,
    ""element"": ""C"",
    ""chemical_environment"": ""Methylene carbon in alkanes (two C neighbors, two H)"",
    ""functional_group"": ""alkane (CH2)"",
    ""hybridization"": ""sp3"",
    ""example_molecule_smiles"": ""CCCC"",
    ""group_smarts"": ""[CH2]-[#6X4]"",
    ""atom_specific_smarts"": ""[CH2:1](-[#6X4])-[#6X4]"",
    ""description"": ""Internal or near-terminal methylene in saturated hydrocarbons; two sp3 carbon neighbors."",
    ""uncertainty"": ""10""
  },
  {
    ""atom_type"": 58,
    ""element"": ""C"",
    ""chemical_environment"": ""Secondary (methine) carbon in alkanes (three C neighbors, one H)"",
    ""functional_group"": ""alkane (CH)"",
    ""hybridization"": ""sp3"",
    ""example_molecule_smiles"": ""CC(C)C"",
    ""group_smarts"": ""[CH]-[#6X4]"",
    ""atom_specific_smarts"": ""[CH:1](-[#6X4])(-[#6X4])-[#6X4]"",
    ""description"": ""Methine carbon in saturated hydrocarbons; three sp3 carbon neighbors and one hydrogen."",
    ""uncertainty"": ""10""
  },
  {
    ""atom_type"": 59,
    ""element"": ""C"",
    ""chemical_environment"": ""Quaternary carbon in alkanes (four C neighbors, no H)"",
    ""functional_group"": ""alkane (C tertiary/quaternary center)"",
    ""hybridization"": ""sp3"",
    ""example_molecule_smiles"": ""CC(C)(C)C"",
    ""group_smarts"": ""[CX4H0]-[#6X4]"",
    ""atom_specific_smarts"": ""[CX4H0:1](-[#6X4])(-[#6X4])(-[#6X4])-[#6X4]"",
    ""description"": ""Saturated quaternary carbon bound to four carbons (no hydrogens)."",
    ""uncertainty"": ""10""
  },
  {
    ""atom_type"": 61,
    ""element"": ""C"",
    ""chemical_environment"": ""Benzylic methyl (methyl attached directly to an aromatic ring, e.g., toluene)"",
    ""functional_group"": ""alkyl-aryl (benzylic CH3)"",
    ""hybridization"": ""sp3"",
    ""example_molecule_smiles"": ""Cc1ccccc1"",
    ""group_smarts"": ""[CH3]-c"",
    ""atom_specific_smarts"": ""[CH3:1]-[cX3]"",
    ""description"": ""Methyl carbon bonded to an aromatic sp2 carbon (benzylic position)."",
    ""uncertainty"": ""15""
  },
  {
    ""atom_type"": 62,
    ""element"": ""C"",
    ""chemical_environment"": ""Benzylic methylene in ethylbenzene (CH2 alpha to an aromatic ring)"",
    ""functional_group"": ""alkyl-aryl (benzylic CH2)"",
    ""hybridization"": ""sp3"",
    ""example_molecule_smiles"": ""CCc1ccccc1"",
    ""group_smarts"": ""[CH2]-c"",
    ""atom_specific_smarts"": ""[CH2:1](-[cX3])-[#6X4]"",
    ""description"": ""Benzylic CH2 attached directly to an aromatic sp2 carbon and to one sp3 carbon."",
    ""uncertainty"": ""15""
  },
  {
    ""atom_type"": 63,
    ""element"": ""C"",
    ""chemical_environment"": ""Benzylic methine in isopropyl benzene (cumene) attached to two alkyl groups and an aromatic ring"",
    ""functional_group"": ""alkyl-aryl (benzylic CH)"",
    ""hybridization"": ""sp3"",
    ""example_molecule_smiles"": ""CC(C)c1ccccc1"",
    ""group_smarts"": ""[CH]-c"",
    ""atom_specific_smarts"": ""[CH:1](-[cX3])(-[#6X4])-[#6X4]"",
    ""description"": ""Benzylic CH attached directly to an aromatic carbon and to two sp3 carbon substituents (isopropyl benzene)."",
    ""uncertainty"": ""15""
  }
]"
898,-0.115,"""Triene RH-C= (mid C=C)""",12.011,oplsaa2008.lt,C,6,"Convert the following OPLS-AA atom type rows:

Atom Type Data:
- Atom index: 894
- Force field raw info: ""Anilinium C-NR3+""
- Partial charge: 0.135
- Atomic mass: 12.011
- Element guess: C
- Atomic number: 6
- Source file: oplsaa2008.lt


Atom Type Data:
- Atom index: 896
- Force field raw info: ""Anilinium C-NHR2+""
- Partial charge: 0.155
- Atomic mass: 12.011
- Element guess: C
- Atomic number: 6
- Source file: oplsaa2008.lt


Atom Type Data:
- Atom index: 897
- Force field raw info: ""Triene R2-C= (mid C=C)""
- Partial charge: 0.0
- Atomic mass: 12.011
- Element guess: C
- Atomic number: 6
- Source file: oplsaa2008.lt


Atom Type Data:
- Atom index: 898
- Force field raw info: ""Triene RH-C= (mid C=C)""
- Partial charge: -0.115
- Atomic mass: 12.011
- Element guess: C
- Atomic number: 6
- Source file: oplsaa2008.lt


Atom Type Data:
- Atom index: 900
- Force field raw info: ""Allene/Ketene H2C=C=X""
- Partial charge: -0.25
- Atomic mass: 12.011
- Element guess: C
- Atomic number: 6
- Source file: oplsaa2008.lt


Atom Type Data:
- Atom index: 901
- Force field raw info: ""Allene/Ketene HRC=C=X""
- Partial charge: -0.1
- Atomic mass: 12.011
- Element guess: C
- Atomic number: 6
- Source file: oplsaa2008.lt


Atom Type Data:
- Atom index: 902
- Force field raw info: ""Allene/Ketene R2C=C=X""
- Partial charge: 0.05
- Atomic mass: 12.011
- Element guess: C
- Atomic number: 6
- Source file: oplsaa2008.lt


Atom Type Data:
- Atom index: 903
- Force field raw info: ""Allene =C=""
- Partial charge: -0.1
- Atomic mass: 12.011
- Element guess: C
- Atomic number: 6
- Source file: oplsaa2008.lt


Atom Type Data:
- Atom index: 904
- Force field raw info: ""Ketene =C=""
- Partial charge: 0.2
- Atomic mass: 12.011
- Element guess: C
- Atomic number: 6
- Source file: oplsaa2008.lt


Atom Type Data:
- Atom index: 906
- Force field raw info: ""N-Me-HIS CB""
- Partial charge: 0.088
- Atomic mass: 12.011
- Element guess: C
- Atomic number: 6
- Source file: oplsaa2008.lt


Atom Type Data:
- Atom index: 6
- Force field raw info: C  - C~   |
- Partial charge: 0.0
- Atomic mass: 12.011
- Element guess: C
- Atomic number: 6
- Source file: oplsaa2024.lt


Atom Type Data:
- Atom index: 54
- Force field raw info: C  - CT   | n-CH3 all-atom C: alkanes
- Partial charge: -0.18
- Atomic mass: 12.011
- Element guess: C
- Atomic number: 6
- Source file: oplsaa2024.lt


Atom Type Data:
- Atom index: 55
- Force field raw info: C  - CT   | iso-CH3 all-atom C: alkanes
- Partial charge: -0.18
- Atomic mass: 12.011
- Element guess: C
- Atomic number: 6
- Source file: oplsaa2024.lt


Atom Type Data:
- Atom index: 56
- Force field raw info: C  - CT   | neo-CH3 all-atom C: alkanes
- Partial charge: -0.18
- Atomic mass: 12.011
- Element guess: C
- Atomic number: 6
- Source file: oplsaa2024.lt


Atom Type Data:
- Atom index: 57
- Force field raw info: C  - CT   | CH2 all-atom C: alkanes
- Partial charge: -0.12
- Atomic mass: 12.011
- Element guess: C
- Atomic number: 6
- Source file: oplsaa2024.lt


Atom Type Data:
- Atom index: 58
- Force field raw info: C  - CT   | CH all-atom C: alkanes
- Partial charge: -0.06
- Atomic mass: 12.011
- Element guess: C
- Atomic number: 6
- Source file: oplsaa2024.lt


Atom Type Data:
- Atom index: 59
- Force field raw info: C  - CT   | C all-atom C: alkanes
- Partial charge: 0.0
- Atomic mass: 12.011
- Element guess: C
- Atomic number: 6
- Source file: oplsaa2024.lt


Atom Type Data:
- Atom index: 61
- Force field raw info: C  - CT   | all-atom C: CH3, toluene
- Partial charge: -0.065
- Atomic mass: 12.011
- Element guess: C
- Atomic number: 6
- Source file: oplsaa2024.lt


Atom Type Data:
- Atom index: 62
- Force field raw info: C  - CT   | all-atom C: CH2, ethyl benzene
- Partial charge: -0.005
- Atomic mass: 12.011
- Element guess: C
- Atomic number: 6
- Source file: oplsaa2024.lt


Atom Type Data:
- Atom index: 63
- Force field raw info: C  - CT   | all-atom C: CH, i-propyl benzene
- Partial charge: 0.055
- Atomic mass: 12.011
- Element guess: C
- Atomic number: 6
- Source file: oplsaa2024.lt
","[
  {
    ""atom_type"": 894,
    ""element"": ""C"",
    ""chemical_environment"": ""Aromatic ipso carbon bonded to a protonated tertiary anilinium nitrogen"",
    ""functional_group"": ""anilinium (aryl ammonium, tertiary)"",
    ""hybridization"": ""sp2"",
    ""example_molecule_smiles"": ""c1ccc(cc1)[N+H](C)C"",
    ""group_smarts"": ""[cX3]-[N+H]([#6])([#6])[#6]"",
    ""atom_specific_smarts"": ""[cX3:1]-[N+H]([#6])([#6])[#6]"",
    ""description"": ""Ring carbon of an aniline bearing a protonated tertiary amine; neighbors: two aromatic carbons and one [N+H] bonded to three carbons."",
    ""uncertainty"": ""30""
  },
  {
    ""atom_type"": 896,
    ""element"": ""C"",
    ""chemical_environment"": ""Aromatic ipso carbon bonded to a protonated secondary anilinium nitrogen"",
    ""functional_group"": ""anilinium (aryl ammonium, secondary)"",
    ""hybridization"": ""sp2"",
    ""example_molecule_smiles"": ""c1ccc(cc1)[N+H2]CC"",
    ""group_smarts"": ""[cX3]-[N+H2]([#6])[#6]"",
    ""atom_specific_smarts"": ""[cX3:1]-[N+H2]([#6])[#6]"",
    ""description"": ""Ring carbon of an aniline bearing a protonated secondary amine; neighbors: two aromatic carbons and one [N+H2] bonded to two carbons."",
    ""uncertainty"": ""35""
  },
  {
    ""atom_type"": 897,
    ""element"": ""C"",
    ""chemical_environment"": ""Internal alkene carbon in the middle C=C of a conjugated triene, disubstituted (no hydrogens)"",
    ""functional_group"": ""conjugated triene (hexatriene-like), mid C=C (R2C=)"",
    ""hybridization"": ""sp2"",
    ""example_molecule_smiles"": ""C=C(C)C=C(C)C=C"",
    ""group_smarts"": ""[CX3](=C)-C=C"",
    ""atom_specific_smarts"": ""[CX3H0:1](=C(-C=C))-C=C"",
    ""description"": ""Middle double-bond carbon of a C=C-C=C-C=C system; one double-bonded sp2 neighbor and two single-bonded sp2 neighbors that each continue as C=C; this atom has no H."",
    ""uncertainty"": ""25""
  },
  {
    ""atom_type"": 898,
    ""element"": ""C"",
    ""chemical_environment"": ""Internal alkene carbon in the middle C=C of a conjugated triene, monosubstituted (one hydrogen)"",
    ""functional_group"": ""conjugated triene (hexatriene-like), mid C=C (RH-C=)"",
    ""hybridization"": ""sp2"",
    ""example_molecule_smiles"": ""C=CC=CC=C"",
    ""group_smarts"": ""[CX3H1](=C)-C=C"",
    ""atom_specific_smarts"": ""[CX3H1:1](=C(-C=C))-C=C"",
    ""description"": ""Middle double-bond carbon of a C=C-C=C-C=C system; one double-bonded sp2 neighbor and one single-bonded sp2 neighbor that continues as C=C; this atom has one H."",
    ""uncertainty"": ""25""
  },
  {
    ""atom_type"": 900,
    ""element"": ""C"",
    ""chemical_environment"": ""Terminal sp2 carbon of an allene/ketene fragment H2C=C=X"",
    ""functional_group"": ""allene or ketene (terminal CH2)"",
    ""hybridization"": ""sp2"",
    ""example_molecule_smiles"": ""C=C=O"",
    ""group_smarts"": ""[CH2]=C=[C,O]"",
    ""atom_specific_smarts"": ""[CH2:1]=C=[C,O]"",
    ""description"": ""Terminal vinylidene carbon bearing two hydrogens, double-bonded to the central cumulenic carbon that is further double-bonded to C or O."",
    ""uncertainty"": ""15""
  },
  {
    ""atom_type"": 901,
    ""element"": ""C"",
    ""chemical_environment"": ""Terminal sp2 carbon of an allene/ketene fragment HRC=C=X (one H, one carbon substituent)"",
    ""functional_group"": ""allene or ketene (substituted terminal CH)"",
    ""hybridization"": ""sp2"",
    ""example_molecule_smiles"": ""CC=C=O"",
    ""group_smarts"": ""[CH1](-[#6])=C=[C,O]"",
    ""atom_specific_smarts"": ""[CH1:1](-[#6])=C=[C,O]"",
    ""description"": ""Terminal sp2 carbon with one hydrogen and one carbon substituent, double-bonded to the central cumulenic carbon which is double-bonded to C or O."",
    ""uncertainty"": ""15""
  },
  {
    ""atom_type"": 902,
    ""element"": ""C"",
    ""chemical_environment"": ""Terminal sp2 carbon of an allene/ketene fragment R2C=C=X (no hydrogens)"",
    ""functional_group"": ""allene or ketene (disubstituted terminal carbon)"",
    ""hybridization"": ""sp2"",
    ""example_molecule_smiles"": ""CC(=C=O)C"",
    ""group_smarts"": ""[CH0](-[#6])(-[#6])=C=[C,O]"",
    ""atom_specific_smarts"": ""[CX3H0:1](-[#6])(-[#6])=C=[C,O]"",
    ""description"": ""Terminal sp2 carbon with two carbon substituents, double-bonded to the central cumulenic carbon which is double-bonded to C or O."",
    ""uncertainty"": ""15""
  },
  {
    ""atom_type"": 903,
    ""element"": ""C"",
    ""chemical_environment"": ""Central sp carbon of an allene fragment =C="",
    ""functional_group"": ""allene (central cumulenic carbon)"",
    ""hybridization"": ""sp"",
    ""example_molecule_smiles"": ""C=C=C"",
    ""group_smarts"": ""[CX2H0](=[C])[C]=[C]"",
    ""atom_specific_smarts"": ""[CX2H0:1](=[C;X3])[C;X3]=[C;X3]"",
    ""description"": ""Central cumulenic carbon double-bonded to two carbons (no heteroatom); neighbors are two terminal sp2 carbons."",
    ""uncertainty"": ""15""
  },
  {
    ""atom_type"": 904,
    ""element"": ""C"",
    ""chemical_environment"": ""Central sp carbon of a ketene fragment =C="",
    ""functional_group"": ""ketene (central cumulenic carbon)"",
    ""hybridization"": ""sp"",
    ""example_molecule_smiles"": ""C=C=O"",
    ""group_smarts"": ""[CX2H0](=C)=O"",
    ""atom_specific_smarts"": ""[CX2H0:1](=[C;X3])=O"",
    ""description"": ""Central cumulenic carbon double-bonded to one carbon and one oxygen (ketene C=C=O)."",
    ""uncertainty"": ""15""
  },
  {
    ""atom_type"": 906,
    ""element"": ""C"",
    ""chemical_environment"": ""Histidine sidechain CB (methylene linking CA to imidazole), in N-methyl-His"",
    ""functional_group"": ""amino acid side chain (benzylic-like CH2 alpha to imidazole)"",
    ""hybridization"": ""sp3"",
    ""example_molecule_smiles"": ""NC(Cc1n(C)ccn1)C(=O)O"",
    ""group_smarts"": ""[CH2]-c1ncnc1"",
    ""atom_specific_smarts"": ""[CH2:1]-c1ncnc1"",
    ""description"": ""Sidechain beta carbon of histidine; sp3 CH2 bonded to the alpha carbon and to an imidazole ring carbon. N-methylation is on the ring nitrogen and does not change CB connectivity."",
    ""uncertainty"": ""40""
  },
  {
    ""atom_type"": 6,
    ""element"": ""C"",
    ""chemical_environment"": ""Generic carbon placeholder (unspecified bonding in source entry)"",
    ""functional_group"": ""unspecified"",
    ""hybridization"": ""unspecified"",
    ""example_molecule_smiles"": ""C"",
    ""group_smarts"": ""[#6]"",
    ""atom_specific_smarts"": ""[#6:1]"",
    ""description"": ""Ambiguous generic carbon type from source; no clear local environment provided."",
    ""uncertainty"": ""80""
  },
  {
    ""atom_type"": 54,
    ""element"": ""C"",
    ""chemical_environment"": ""Primary methyl in n-alkanes (attached to a methylene carbon)"",
    ""functional_group"": ""alkane (n-CH3)"",
    ""hybridization"": ""sp3"",
    ""example_molecule_smiles"": ""CCC"",
    ""group_smarts"": ""[CH3]-[CH2]"",
    ""atom_specific_smarts"": ""[CH3:1]-[CH2X4]"",
    ""description"": ""Terminal methyl attached to a methylene (primary chain end). Neighbor carbon is sp3 CH2."",
    ""uncertainty"": ""10""
  },
  {
    ""atom_type"": 55,
    ""element"": ""C"",
    ""chemical_environment"": ""Methyl attached to a secondary carbon (iso-alkyl, e.g., isopropyl)"",
    ""functional_group"": ""alkane (iso-CH3)"",
    ""hybridization"": ""sp3"",
    ""example_molecule_smiles"": ""CC(C)C"",
    ""group_smarts"": ""[CH3]-[CHX4]"",
    ""atom_specific_smarts"": ""[CH3:1]-[CHX4](-[#6X4])-[#6X4]"",
    ""description"": ""Methyl whose single carbon neighbor is a secondary sp3 carbon (CH) bound to two other carbons."",
    ""uncertainty"": ""10""
  },
  {
    ""atom_type"": 56,
    ""element"": ""C"",
    ""chemical_environment"": ""Methyl attached to a quaternary carbon (neo-alkyl, e.g., neopentyl/tert-butyl center)"",
    ""functional_group"": ""alkane (neo-CH3)"",
    ""hybridization"": ""sp3"",
    ""example_molecule_smiles"": ""CC(C)(C)C"",
    ""group_smarts"": ""[CH3]-[CX4H0]"",
    ""atom_specific_smarts"": ""[CH3:1]-[CX4H0](-[#6X4])(-[#6X4])-[#6X4]"",
    ""description"": ""Methyl whose single carbon neighbor is a quaternary sp3 carbon (no hydrogens)."",
    ""uncertainty"": ""10""
  },
  {
    ""atom_type"": 57,
    ""element"": ""C"",
    ""chemical_environment"": ""Methylene carbon in alkanes (two C neighbors, two H)"",
    ""functional_group"": ""alkane (CH2)"",
    ""hybridization"": ""sp3"",
    ""example_molecule_smiles"": ""CCCC"",
    ""group_smarts"": ""[CH2]-[#6X4]"",
    ""atom_specific_smarts"": ""[CH2:1](-[#6X4])-[#6X4]"",
    ""description"": ""Internal or near-terminal methylene in saturated hydrocarbons; two sp3 carbon neighbors."",
    ""uncertainty"": ""10""
  },
  {
    ""atom_type"": 58,
    ""element"": ""C"",
    ""chemical_environment"": ""Secondary (methine) carbon in alkanes (three C neighbors, one H)"",
    ""functional_group"": ""alkane (CH)"",
    ""hybridization"": ""sp3"",
    ""example_molecule_smiles"": ""CC(C)C"",
    ""group_smarts"": ""[CH]-[#6X4]"",
    ""atom_specific_smarts"": ""[CH:1](-[#6X4])(-[#6X4])-[#6X4]"",
    ""description"": ""Methine carbon in saturated hydrocarbons; three sp3 carbon neighbors and one hydrogen."",
    ""uncertainty"": ""10""
  },
  {
    ""atom_type"": 59,
    ""element"": ""C"",
    ""chemical_environment"": ""Quaternary carbon in alkanes (four C neighbors, no H)"",
    ""functional_group"": ""alkane (C tertiary/quaternary center)"",
    ""hybridization"": ""sp3"",
    ""example_molecule_smiles"": ""CC(C)(C)C"",
    ""group_smarts"": ""[CX4H0]-[#6X4]"",
    ""atom_specific_smarts"": ""[CX4H0:1](-[#6X4])(-[#6X4])(-[#6X4])-[#6X4]"",
    ""description"": ""Saturated quaternary carbon bound to four carbons (no hydrogens)."",
    ""uncertainty"": ""10""
  },
  {
    ""atom_type"": 61,
    ""element"": ""C"",
    ""chemical_environment"": ""Benzylic methyl (methyl attached directly to an aromatic ring, e.g., toluene)"",
    ""functional_group"": ""alkyl-aryl (benzylic CH3)"",
    ""hybridization"": ""sp3"",
    ""example_molecule_smiles"": ""Cc1ccccc1"",
    ""group_smarts"": ""[CH3]-c"",
    ""atom_specific_smarts"": ""[CH3:1]-[cX3]"",
    ""description"": ""Methyl carbon bonded to an aromatic sp2 carbon (benzylic position)."",
    ""uncertainty"": ""15""
  },
  {
    ""atom_type"": 62,
    ""element"": ""C"",
    ""chemical_environment"": ""Benzylic methylene in ethylbenzene (CH2 alpha to an aromatic ring)"",
    ""functional_group"": ""alkyl-aryl (benzylic CH2)"",
    ""hybridization"": ""sp3"",
    ""example_molecule_smiles"": ""CCc1ccccc1"",
    ""group_smarts"": ""[CH2]-c"",
    ""atom_specific_smarts"": ""[CH2:1](-[cX3])-[#6X4]"",
    ""description"": ""Benzylic CH2 attached directly to an aromatic sp2 carbon and to one sp3 carbon."",
    ""uncertainty"": ""15""
  },
  {
    ""atom_type"": 63,
    ""element"": ""C"",
    ""chemical_environment"": ""Benzylic methine in isopropyl benzene (cumene) attached to two alkyl groups and an aromatic ring"",
    ""functional_group"": ""alkyl-aryl (benzylic CH)"",
    ""hybridization"": ""sp3"",
    ""example_molecule_smiles"": ""CC(C)c1ccccc1"",
    ""group_smarts"": ""[CH]-c"",
    ""atom_specific_smarts"": ""[CH:1](-[cX3])(-[#6X4])-[#6X4]"",
    ""description"": ""Benzylic CH attached directly to an aromatic carbon and to two sp3 carbon substituents (isopropyl benzene)."",
    ""uncertainty"": ""15""
  }
]"
900,-0.25,"""Allene/Ketene H2C=C=X""",12.011,oplsaa2008.lt,C,6,"Convert the following OPLS-AA atom type rows:

Atom Type Data:
- Atom index: 894
- Force field raw info: ""Anilinium C-NR3+""
- Partial charge: 0.135
- Atomic mass: 12.011
- Element guess: C
- Atomic number: 6
- Source file: oplsaa2008.lt


Atom Type Data:
- Atom index: 896
- Force field raw info: ""Anilinium C-NHR2+""
- Partial charge: 0.155
- Atomic mass: 12.011
- Element guess: C
- Atomic number: 6
- Source file: oplsaa2008.lt


Atom Type Data:
- Atom index: 897
- Force field raw info: ""Triene R2-C= (mid C=C)""
- Partial charge: 0.0
- Atomic mass: 12.011
- Element guess: C
- Atomic number: 6
- Source file: oplsaa2008.lt


Atom Type Data:
- Atom index: 898
- Force field raw info: ""Triene RH-C= (mid C=C)""
- Partial charge: -0.115
- Atomic mass: 12.011
- Element guess: C
- Atomic number: 6
- Source file: oplsaa2008.lt


Atom Type Data:
- Atom index: 900
- Force field raw info: ""Allene/Ketene H2C=C=X""
- Partial charge: -0.25
- Atomic mass: 12.011
- Element guess: C
- Atomic number: 6
- Source file: oplsaa2008.lt


Atom Type Data:
- Atom index: 901
- Force field raw info: ""Allene/Ketene HRC=C=X""
- Partial charge: -0.1
- Atomic mass: 12.011
- Element guess: C
- Atomic number: 6
- Source file: oplsaa2008.lt


Atom Type Data:
- Atom index: 902
- Force field raw info: ""Allene/Ketene R2C=C=X""
- Partial charge: 0.05
- Atomic mass: 12.011
- Element guess: C
- Atomic number: 6
- Source file: oplsaa2008.lt


Atom Type Data:
- Atom index: 903
- Force field raw info: ""Allene =C=""
- Partial charge: -0.1
- Atomic mass: 12.011
- Element guess: C
- Atomic number: 6
- Source file: oplsaa2008.lt


Atom Type Data:
- Atom index: 904
- Force field raw info: ""Ketene =C=""
- Partial charge: 0.2
- Atomic mass: 12.011
- Element guess: C
- Atomic number: 6
- Source file: oplsaa2008.lt


Atom Type Data:
- Atom index: 906
- Force field raw info: ""N-Me-HIS CB""
- Partial charge: 0.088
- Atomic mass: 12.011
- Element guess: C
- Atomic number: 6
- Source file: oplsaa2008.lt


Atom Type Data:
- Atom index: 6
- Force field raw info: C  - C~   |
- Partial charge: 0.0
- Atomic mass: 12.011
- Element guess: C
- Atomic number: 6
- Source file: oplsaa2024.lt


Atom Type Data:
- Atom index: 54
- Force field raw info: C  - CT   | n-CH3 all-atom C: alkanes
- Partial charge: -0.18
- Atomic mass: 12.011
- Element guess: C
- Atomic number: 6
- Source file: oplsaa2024.lt


Atom Type Data:
- Atom index: 55
- Force field raw info: C  - CT   | iso-CH3 all-atom C: alkanes
- Partial charge: -0.18
- Atomic mass: 12.011
- Element guess: C
- Atomic number: 6
- Source file: oplsaa2024.lt


Atom Type Data:
- Atom index: 56
- Force field raw info: C  - CT   | neo-CH3 all-atom C: alkanes
- Partial charge: -0.18
- Atomic mass: 12.011
- Element guess: C
- Atomic number: 6
- Source file: oplsaa2024.lt


Atom Type Data:
- Atom index: 57
- Force field raw info: C  - CT   | CH2 all-atom C: alkanes
- Partial charge: -0.12
- Atomic mass: 12.011
- Element guess: C
- Atomic number: 6
- Source file: oplsaa2024.lt


Atom Type Data:
- Atom index: 58
- Force field raw info: C  - CT   | CH all-atom C: alkanes
- Partial charge: -0.06
- Atomic mass: 12.011
- Element guess: C
- Atomic number: 6
- Source file: oplsaa2024.lt


Atom Type Data:
- Atom index: 59
- Force field raw info: C  - CT   | C all-atom C: alkanes
- Partial charge: 0.0
- Atomic mass: 12.011
- Element guess: C
- Atomic number: 6
- Source file: oplsaa2024.lt


Atom Type Data:
- Atom index: 61
- Force field raw info: C  - CT   | all-atom C: CH3, toluene
- Partial charge: -0.065
- Atomic mass: 12.011
- Element guess: C
- Atomic number: 6
- Source file: oplsaa2024.lt


Atom Type Data:
- Atom index: 62
- Force field raw info: C  - CT   | all-atom C: CH2, ethyl benzene
- Partial charge: -0.005
- Atomic mass: 12.011
- Element guess: C
- Atomic number: 6
- Source file: oplsaa2024.lt


Atom Type Data:
- Atom index: 63
- Force field raw info: C  - CT   | all-atom C: CH, i-propyl benzene
- Partial charge: 0.055
- Atomic mass: 12.011
- Element guess: C
- Atomic number: 6
- Source file: oplsaa2024.lt
","[
  {
    ""atom_type"": 894,
    ""element"": ""C"",
    ""chemical_environment"": ""Aromatic ipso carbon bonded to a protonated tertiary anilinium nitrogen"",
    ""functional_group"": ""anilinium (aryl ammonium, tertiary)"",
    ""hybridization"": ""sp2"",
    ""example_molecule_smiles"": ""c1ccc(cc1)[N+H](C)C"",
    ""group_smarts"": ""[cX3]-[N+H]([#6])([#6])[#6]"",
    ""atom_specific_smarts"": ""[cX3:1]-[N+H]([#6])([#6])[#6]"",
    ""description"": ""Ring carbon of an aniline bearing a protonated tertiary amine; neighbors: two aromatic carbons and one [N+H] bonded to three carbons."",
    ""uncertainty"": ""30""
  },
  {
    ""atom_type"": 896,
    ""element"": ""C"",
    ""chemical_environment"": ""Aromatic ipso carbon bonded to a protonated secondary anilinium nitrogen"",
    ""functional_group"": ""anilinium (aryl ammonium, secondary)"",
    ""hybridization"": ""sp2"",
    ""example_molecule_smiles"": ""c1ccc(cc1)[N+H2]CC"",
    ""group_smarts"": ""[cX3]-[N+H2]([#6])[#6]"",
    ""atom_specific_smarts"": ""[cX3:1]-[N+H2]([#6])[#6]"",
    ""description"": ""Ring carbon of an aniline bearing a protonated secondary amine; neighbors: two aromatic carbons and one [N+H2] bonded to two carbons."",
    ""uncertainty"": ""35""
  },
  {
    ""atom_type"": 897,
    ""element"": ""C"",
    ""chemical_environment"": ""Internal alkene carbon in the middle C=C of a conjugated triene, disubstituted (no hydrogens)"",
    ""functional_group"": ""conjugated triene (hexatriene-like), mid C=C (R2C=)"",
    ""hybridization"": ""sp2"",
    ""example_molecule_smiles"": ""C=C(C)C=C(C)C=C"",
    ""group_smarts"": ""[CX3](=C)-C=C"",
    ""atom_specific_smarts"": ""[CX3H0:1](=C(-C=C))-C=C"",
    ""description"": ""Middle double-bond carbon of a C=C-C=C-C=C system; one double-bonded sp2 neighbor and two single-bonded sp2 neighbors that each continue as C=C; this atom has no H."",
    ""uncertainty"": ""25""
  },
  {
    ""atom_type"": 898,
    ""element"": ""C"",
    ""chemical_environment"": ""Internal alkene carbon in the middle C=C of a conjugated triene, monosubstituted (one hydrogen)"",
    ""functional_group"": ""conjugated triene (hexatriene-like), mid C=C (RH-C=)"",
    ""hybridization"": ""sp2"",
    ""example_molecule_smiles"": ""C=CC=CC=C"",
    ""group_smarts"": ""[CX3H1](=C)-C=C"",
    ""atom_specific_smarts"": ""[CX3H1:1](=C(-C=C))-C=C"",
    ""description"": ""Middle double-bond carbon of a C=C-C=C-C=C system; one double-bonded sp2 neighbor and one single-bonded sp2 neighbor that continues as C=C; this atom has one H."",
    ""uncertainty"": ""25""
  },
  {
    ""atom_type"": 900,
    ""element"": ""C"",
    ""chemical_environment"": ""Terminal sp2 carbon of an allene/ketene fragment H2C=C=X"",
    ""functional_group"": ""allene or ketene (terminal CH2)"",
    ""hybridization"": ""sp2"",
    ""example_molecule_smiles"": ""C=C=O"",
    ""group_smarts"": ""[CH2]=C=[C,O]"",
    ""atom_specific_smarts"": ""[CH2:1]=C=[C,O]"",
    ""description"": ""Terminal vinylidene carbon bearing two hydrogens, double-bonded to the central cumulenic carbon that is further double-bonded to C or O."",
    ""uncertainty"": ""15""
  },
  {
    ""atom_type"": 901,
    ""element"": ""C"",
    ""chemical_environment"": ""Terminal sp2 carbon of an allene/ketene fragment HRC=C=X (one H, one carbon substituent)"",
    ""functional_group"": ""allene or ketene (substituted terminal CH)"",
    ""hybridization"": ""sp2"",
    ""example_molecule_smiles"": ""CC=C=O"",
    ""group_smarts"": ""[CH1](-[#6])=C=[C,O]"",
    ""atom_specific_smarts"": ""[CH1:1](-[#6])=C=[C,O]"",
    ""description"": ""Terminal sp2 carbon with one hydrogen and one carbon substituent, double-bonded to the central cumulenic carbon which is double-bonded to C or O."",
    ""uncertainty"": ""15""
  },
  {
    ""atom_type"": 902,
    ""element"": ""C"",
    ""chemical_environment"": ""Terminal sp2 carbon of an allene/ketene fragment R2C=C=X (no hydrogens)"",
    ""functional_group"": ""allene or ketene (disubstituted terminal carbon)"",
    ""hybridization"": ""sp2"",
    ""example_molecule_smiles"": ""CC(=C=O)C"",
    ""group_smarts"": ""[CH0](-[#6])(-[#6])=C=[C,O]"",
    ""atom_specific_smarts"": ""[CX3H0:1](-[#6])(-[#6])=C=[C,O]"",
    ""description"": ""Terminal sp2 carbon with two carbon substituents, double-bonded to the central cumulenic carbon which is double-bonded to C or O."",
    ""uncertainty"": ""15""
  },
  {
    ""atom_type"": 903,
    ""element"": ""C"",
    ""chemical_environment"": ""Central sp carbon of an allene fragment =C="",
    ""functional_group"": ""allene (central cumulenic carbon)"",
    ""hybridization"": ""sp"",
    ""example_molecule_smiles"": ""C=C=C"",
    ""group_smarts"": ""[CX2H0](=[C])[C]=[C]"",
    ""atom_specific_smarts"": ""[CX2H0:1](=[C;X3])[C;X3]=[C;X3]"",
    ""description"": ""Central cumulenic carbon double-bonded to two carbons (no heteroatom); neighbors are two terminal sp2 carbons."",
    ""uncertainty"": ""15""
  },
  {
    ""atom_type"": 904,
    ""element"": ""C"",
    ""chemical_environment"": ""Central sp carbon of a ketene fragment =C="",
    ""functional_group"": ""ketene (central cumulenic carbon)"",
    ""hybridization"": ""sp"",
    ""example_molecule_smiles"": ""C=C=O"",
    ""group_smarts"": ""[CX2H0](=C)=O"",
    ""atom_specific_smarts"": ""[CX2H0:1](=[C;X3])=O"",
    ""description"": ""Central cumulenic carbon double-bonded to one carbon and one oxygen (ketene C=C=O)."",
    ""uncertainty"": ""15""
  },
  {
    ""atom_type"": 906,
    ""element"": ""C"",
    ""chemical_environment"": ""Histidine sidechain CB (methylene linking CA to imidazole), in N-methyl-His"",
    ""functional_group"": ""amino acid side chain (benzylic-like CH2 alpha to imidazole)"",
    ""hybridization"": ""sp3"",
    ""example_molecule_smiles"": ""NC(Cc1n(C)ccn1)C(=O)O"",
    ""group_smarts"": ""[CH2]-c1ncnc1"",
    ""atom_specific_smarts"": ""[CH2:1]-c1ncnc1"",
    ""description"": ""Sidechain beta carbon of histidine; sp3 CH2 bonded to the alpha carbon and to an imidazole ring carbon. N-methylation is on the ring nitrogen and does not change CB connectivity."",
    ""uncertainty"": ""40""
  },
  {
    ""atom_type"": 6,
    ""element"": ""C"",
    ""chemical_environment"": ""Generic carbon placeholder (unspecified bonding in source entry)"",
    ""functional_group"": ""unspecified"",
    ""hybridization"": ""unspecified"",
    ""example_molecule_smiles"": ""C"",
    ""group_smarts"": ""[#6]"",
    ""atom_specific_smarts"": ""[#6:1]"",
    ""description"": ""Ambiguous generic carbon type from source; no clear local environment provided."",
    ""uncertainty"": ""80""
  },
  {
    ""atom_type"": 54,
    ""element"": ""C"",
    ""chemical_environment"": ""Primary methyl in n-alkanes (attached to a methylene carbon)"",
    ""functional_group"": ""alkane (n-CH3)"",
    ""hybridization"": ""sp3"",
    ""example_molecule_smiles"": ""CCC"",
    ""group_smarts"": ""[CH3]-[CH2]"",
    ""atom_specific_smarts"": ""[CH3:1]-[CH2X4]"",
    ""description"": ""Terminal methyl attached to a methylene (primary chain end). Neighbor carbon is sp3 CH2."",
    ""uncertainty"": ""10""
  },
  {
    ""atom_type"": 55,
    ""element"": ""C"",
    ""chemical_environment"": ""Methyl attached to a secondary carbon (iso-alkyl, e.g., isopropyl)"",
    ""functional_group"": ""alkane (iso-CH3)"",
    ""hybridization"": ""sp3"",
    ""example_molecule_smiles"": ""CC(C)C"",
    ""group_smarts"": ""[CH3]-[CHX4]"",
    ""atom_specific_smarts"": ""[CH3:1]-[CHX4](-[#6X4])-[#6X4]"",
    ""description"": ""Methyl whose single carbon neighbor is a secondary sp3 carbon (CH) bound to two other carbons."",
    ""uncertainty"": ""10""
  },
  {
    ""atom_type"": 56,
    ""element"": ""C"",
    ""chemical_environment"": ""Methyl attached to a quaternary carbon (neo-alkyl, e.g., neopentyl/tert-butyl center)"",
    ""functional_group"": ""alkane (neo-CH3)"",
    ""hybridization"": ""sp3"",
    ""example_molecule_smiles"": ""CC(C)(C)C"",
    ""group_smarts"": ""[CH3]-[CX4H0]"",
    ""atom_specific_smarts"": ""[CH3:1]-[CX4H0](-[#6X4])(-[#6X4])-[#6X4]"",
    ""description"": ""Methyl whose single carbon neighbor is a quaternary sp3 carbon (no hydrogens)."",
    ""uncertainty"": ""10""
  },
  {
    ""atom_type"": 57,
    ""element"": ""C"",
    ""chemical_environment"": ""Methylene carbon in alkanes (two C neighbors, two H)"",
    ""functional_group"": ""alkane (CH2)"",
    ""hybridization"": ""sp3"",
    ""example_molecule_smiles"": ""CCCC"",
    ""group_smarts"": ""[CH2]-[#6X4]"",
    ""atom_specific_smarts"": ""[CH2:1](-[#6X4])-[#6X4]"",
    ""description"": ""Internal or near-terminal methylene in saturated hydrocarbons; two sp3 carbon neighbors."",
    ""uncertainty"": ""10""
  },
  {
    ""atom_type"": 58,
    ""element"": ""C"",
    ""chemical_environment"": ""Secondary (methine) carbon in alkanes (three C neighbors, one H)"",
    ""functional_group"": ""alkane (CH)"",
    ""hybridization"": ""sp3"",
    ""example_molecule_smiles"": ""CC(C)C"",
    ""group_smarts"": ""[CH]-[#6X4]"",
    ""atom_specific_smarts"": ""[CH:1](-[#6X4])(-[#6X4])-[#6X4]"",
    ""description"": ""Methine carbon in saturated hydrocarbons; three sp3 carbon neighbors and one hydrogen."",
    ""uncertainty"": ""10""
  },
  {
    ""atom_type"": 59,
    ""element"": ""C"",
    ""chemical_environment"": ""Quaternary carbon in alkanes (four C neighbors, no H)"",
    ""functional_group"": ""alkane (C tertiary/quaternary center)"",
    ""hybridization"": ""sp3"",
    ""example_molecule_smiles"": ""CC(C)(C)C"",
    ""group_smarts"": ""[CX4H0]-[#6X4]"",
    ""atom_specific_smarts"": ""[CX4H0:1](-[#6X4])(-[#6X4])(-[#6X4])-[#6X4]"",
    ""description"": ""Saturated quaternary carbon bound to four carbons (no hydrogens)."",
    ""uncertainty"": ""10""
  },
  {
    ""atom_type"": 61,
    ""element"": ""C"",
    ""chemical_environment"": ""Benzylic methyl (methyl attached directly to an aromatic ring, e.g., toluene)"",
    ""functional_group"": ""alkyl-aryl (benzylic CH3)"",
    ""hybridization"": ""sp3"",
    ""example_molecule_smiles"": ""Cc1ccccc1"",
    ""group_smarts"": ""[CH3]-c"",
    ""atom_specific_smarts"": ""[CH3:1]-[cX3]"",
    ""description"": ""Methyl carbon bonded to an aromatic sp2 carbon (benzylic position)."",
    ""uncertainty"": ""15""
  },
  {
    ""atom_type"": 62,
    ""element"": ""C"",
    ""chemical_environment"": ""Benzylic methylene in ethylbenzene (CH2 alpha to an aromatic ring)"",
    ""functional_group"": ""alkyl-aryl (benzylic CH2)"",
    ""hybridization"": ""sp3"",
    ""example_molecule_smiles"": ""CCc1ccccc1"",
    ""group_smarts"": ""[CH2]-c"",
    ""atom_specific_smarts"": ""[CH2:1](-[cX3])-[#6X4]"",
    ""description"": ""Benzylic CH2 attached directly to an aromatic sp2 carbon and to one sp3 carbon."",
    ""uncertainty"": ""15""
  },
  {
    ""atom_type"": 63,
    ""element"": ""C"",
    ""chemical_environment"": ""Benzylic methine in isopropyl benzene (cumene) attached to two alkyl groups and an aromatic ring"",
    ""functional_group"": ""alkyl-aryl (benzylic CH)"",
    ""hybridization"": ""sp3"",
    ""example_molecule_smiles"": ""CC(C)c1ccccc1"",
    ""group_smarts"": ""[CH]-c"",
    ""atom_specific_smarts"": ""[CH:1](-[cX3])(-[#6X4])-[#6X4]"",
    ""description"": ""Benzylic CH attached directly to an aromatic carbon and to two sp3 carbon substituents (isopropyl benzene)."",
    ""uncertainty"": ""15""
  }
]"
901,-0.1,"""Allene/Ketene HRC=C=X""",12.011,oplsaa2008.lt,C,6,"Convert the following OPLS-AA atom type rows:

Atom Type Data:
- Atom index: 894
- Force field raw info: ""Anilinium C-NR3+""
- Partial charge: 0.135
- Atomic mass: 12.011
- Element guess: C
- Atomic number: 6
- Source file: oplsaa2008.lt


Atom Type Data:
- Atom index: 896
- Force field raw info: ""Anilinium C-NHR2+""
- Partial charge: 0.155
- Atomic mass: 12.011
- Element guess: C
- Atomic number: 6
- Source file: oplsaa2008.lt


Atom Type Data:
- Atom index: 897
- Force field raw info: ""Triene R2-C= (mid C=C)""
- Partial charge: 0.0
- Atomic mass: 12.011
- Element guess: C
- Atomic number: 6
- Source file: oplsaa2008.lt


Atom Type Data:
- Atom index: 898
- Force field raw info: ""Triene RH-C= (mid C=C)""
- Partial charge: -0.115
- Atomic mass: 12.011
- Element guess: C
- Atomic number: 6
- Source file: oplsaa2008.lt


Atom Type Data:
- Atom index: 900
- Force field raw info: ""Allene/Ketene H2C=C=X""
- Partial charge: -0.25
- Atomic mass: 12.011
- Element guess: C
- Atomic number: 6
- Source file: oplsaa2008.lt


Atom Type Data:
- Atom index: 901
- Force field raw info: ""Allene/Ketene HRC=C=X""
- Partial charge: -0.1
- Atomic mass: 12.011
- Element guess: C
- Atomic number: 6
- Source file: oplsaa2008.lt


Atom Type Data:
- Atom index: 902
- Force field raw info: ""Allene/Ketene R2C=C=X""
- Partial charge: 0.05
- Atomic mass: 12.011
- Element guess: C
- Atomic number: 6
- Source file: oplsaa2008.lt


Atom Type Data:
- Atom index: 903
- Force field raw info: ""Allene =C=""
- Partial charge: -0.1
- Atomic mass: 12.011
- Element guess: C
- Atomic number: 6
- Source file: oplsaa2008.lt


Atom Type Data:
- Atom index: 904
- Force field raw info: ""Ketene =C=""
- Partial charge: 0.2
- Atomic mass: 12.011
- Element guess: C
- Atomic number: 6
- Source file: oplsaa2008.lt


Atom Type Data:
- Atom index: 906
- Force field raw info: ""N-Me-HIS CB""
- Partial charge: 0.088
- Atomic mass: 12.011
- Element guess: C
- Atomic number: 6
- Source file: oplsaa2008.lt


Atom Type Data:
- Atom index: 6
- Force field raw info: C  - C~   |
- Partial charge: 0.0
- Atomic mass: 12.011
- Element guess: C
- Atomic number: 6
- Source file: oplsaa2024.lt


Atom Type Data:
- Atom index: 54
- Force field raw info: C  - CT   | n-CH3 all-atom C: alkanes
- Partial charge: -0.18
- Atomic mass: 12.011
- Element guess: C
- Atomic number: 6
- Source file: oplsaa2024.lt


Atom Type Data:
- Atom index: 55
- Force field raw info: C  - CT   | iso-CH3 all-atom C: alkanes
- Partial charge: -0.18
- Atomic mass: 12.011
- Element guess: C
- Atomic number: 6
- Source file: oplsaa2024.lt


Atom Type Data:
- Atom index: 56
- Force field raw info: C  - CT   | neo-CH3 all-atom C: alkanes
- Partial charge: -0.18
- Atomic mass: 12.011
- Element guess: C
- Atomic number: 6
- Source file: oplsaa2024.lt


Atom Type Data:
- Atom index: 57
- Force field raw info: C  - CT   | CH2 all-atom C: alkanes
- Partial charge: -0.12
- Atomic mass: 12.011
- Element guess: C
- Atomic number: 6
- Source file: oplsaa2024.lt


Atom Type Data:
- Atom index: 58
- Force field raw info: C  - CT   | CH all-atom C: alkanes
- Partial charge: -0.06
- Atomic mass: 12.011
- Element guess: C
- Atomic number: 6
- Source file: oplsaa2024.lt


Atom Type Data:
- Atom index: 59
- Force field raw info: C  - CT   | C all-atom C: alkanes
- Partial charge: 0.0
- Atomic mass: 12.011
- Element guess: C
- Atomic number: 6
- Source file: oplsaa2024.lt


Atom Type Data:
- Atom index: 61
- Force field raw info: C  - CT   | all-atom C: CH3, toluene
- Partial charge: -0.065
- Atomic mass: 12.011
- Element guess: C
- Atomic number: 6
- Source file: oplsaa2024.lt


Atom Type Data:
- Atom index: 62
- Force field raw info: C  - CT   | all-atom C: CH2, ethyl benzene
- Partial charge: -0.005
- Atomic mass: 12.011
- Element guess: C
- Atomic number: 6
- Source file: oplsaa2024.lt


Atom Type Data:
- Atom index: 63
- Force field raw info: C  - CT   | all-atom C: CH, i-propyl benzene
- Partial charge: 0.055
- Atomic mass: 12.011
- Element guess: C
- Atomic number: 6
- Source file: oplsaa2024.lt
","[
  {
    ""atom_type"": 894,
    ""element"": ""C"",
    ""chemical_environment"": ""Aromatic ipso carbon bonded to a protonated tertiary anilinium nitrogen"",
    ""functional_group"": ""anilinium (aryl ammonium, tertiary)"",
    ""hybridization"": ""sp2"",
    ""example_molecule_smiles"": ""c1ccc(cc1)[N+H](C)C"",
    ""group_smarts"": ""[cX3]-[N+H]([#6])([#6])[#6]"",
    ""atom_specific_smarts"": ""[cX3:1]-[N+H]([#6])([#6])[#6]"",
    ""description"": ""Ring carbon of an aniline bearing a protonated tertiary amine; neighbors: two aromatic carbons and one [N+H] bonded to three carbons."",
    ""uncertainty"": ""30""
  },
  {
    ""atom_type"": 896,
    ""element"": ""C"",
    ""chemical_environment"": ""Aromatic ipso carbon bonded to a protonated secondary anilinium nitrogen"",
    ""functional_group"": ""anilinium (aryl ammonium, secondary)"",
    ""hybridization"": ""sp2"",
    ""example_molecule_smiles"": ""c1ccc(cc1)[N+H2]CC"",
    ""group_smarts"": ""[cX3]-[N+H2]([#6])[#6]"",
    ""atom_specific_smarts"": ""[cX3:1]-[N+H2]([#6])[#6]"",
    ""description"": ""Ring carbon of an aniline bearing a protonated secondary amine; neighbors: two aromatic carbons and one [N+H2] bonded to two carbons."",
    ""uncertainty"": ""35""
  },
  {
    ""atom_type"": 897,
    ""element"": ""C"",
    ""chemical_environment"": ""Internal alkene carbon in the middle C=C of a conjugated triene, disubstituted (no hydrogens)"",
    ""functional_group"": ""conjugated triene (hexatriene-like), mid C=C (R2C=)"",
    ""hybridization"": ""sp2"",
    ""example_molecule_smiles"": ""C=C(C)C=C(C)C=C"",
    ""group_smarts"": ""[CX3](=C)-C=C"",
    ""atom_specific_smarts"": ""[CX3H0:1](=C(-C=C))-C=C"",
    ""description"": ""Middle double-bond carbon of a C=C-C=C-C=C system; one double-bonded sp2 neighbor and two single-bonded sp2 neighbors that each continue as C=C; this atom has no H."",
    ""uncertainty"": ""25""
  },
  {
    ""atom_type"": 898,
    ""element"": ""C"",
    ""chemical_environment"": ""Internal alkene carbon in the middle C=C of a conjugated triene, monosubstituted (one hydrogen)"",
    ""functional_group"": ""conjugated triene (hexatriene-like), mid C=C (RH-C=)"",
    ""hybridization"": ""sp2"",
    ""example_molecule_smiles"": ""C=CC=CC=C"",
    ""group_smarts"": ""[CX3H1](=C)-C=C"",
    ""atom_specific_smarts"": ""[CX3H1:1](=C(-C=C))-C=C"",
    ""description"": ""Middle double-bond carbon of a C=C-C=C-C=C system; one double-bonded sp2 neighbor and one single-bonded sp2 neighbor that continues as C=C; this atom has one H."",
    ""uncertainty"": ""25""
  },
  {
    ""atom_type"": 900,
    ""element"": ""C"",
    ""chemical_environment"": ""Terminal sp2 carbon of an allene/ketene fragment H2C=C=X"",
    ""functional_group"": ""allene or ketene (terminal CH2)"",
    ""hybridization"": ""sp2"",
    ""example_molecule_smiles"": ""C=C=O"",
    ""group_smarts"": ""[CH2]=C=[C,O]"",
    ""atom_specific_smarts"": ""[CH2:1]=C=[C,O]"",
    ""description"": ""Terminal vinylidene carbon bearing two hydrogens, double-bonded to the central cumulenic carbon that is further double-bonded to C or O."",
    ""uncertainty"": ""15""
  },
  {
    ""atom_type"": 901,
    ""element"": ""C"",
    ""chemical_environment"": ""Terminal sp2 carbon of an allene/ketene fragment HRC=C=X (one H, one carbon substituent)"",
    ""functional_group"": ""allene or ketene (substituted terminal CH)"",
    ""hybridization"": ""sp2"",
    ""example_molecule_smiles"": ""CC=C=O"",
    ""group_smarts"": ""[CH1](-[#6])=C=[C,O]"",
    ""atom_specific_smarts"": ""[CH1:1](-[#6])=C=[C,O]"",
    ""description"": ""Terminal sp2 carbon with one hydrogen and one carbon substituent, double-bonded to the central cumulenic carbon which is double-bonded to C or O."",
    ""uncertainty"": ""15""
  },
  {
    ""atom_type"": 902,
    ""element"": ""C"",
    ""chemical_environment"": ""Terminal sp2 carbon of an allene/ketene fragment R2C=C=X (no hydrogens)"",
    ""functional_group"": ""allene or ketene (disubstituted terminal carbon)"",
    ""hybridization"": ""sp2"",
    ""example_molecule_smiles"": ""CC(=C=O)C"",
    ""group_smarts"": ""[CH0](-[#6])(-[#6])=C=[C,O]"",
    ""atom_specific_smarts"": ""[CX3H0:1](-[#6])(-[#6])=C=[C,O]"",
    ""description"": ""Terminal sp2 carbon with two carbon substituents, double-bonded to the central cumulenic carbon which is double-bonded to C or O."",
    ""uncertainty"": ""15""
  },
  {
    ""atom_type"": 903,
    ""element"": ""C"",
    ""chemical_environment"": ""Central sp carbon of an allene fragment =C="",
    ""functional_group"": ""allene (central cumulenic carbon)"",
    ""hybridization"": ""sp"",
    ""example_molecule_smiles"": ""C=C=C"",
    ""group_smarts"": ""[CX2H0](=[C])[C]=[C]"",
    ""atom_specific_smarts"": ""[CX2H0:1](=[C;X3])[C;X3]=[C;X3]"",
    ""description"": ""Central cumulenic carbon double-bonded to two carbons (no heteroatom); neighbors are two terminal sp2 carbons."",
    ""uncertainty"": ""15""
  },
  {
    ""atom_type"": 904,
    ""element"": ""C"",
    ""chemical_environment"": ""Central sp carbon of a ketene fragment =C="",
    ""functional_group"": ""ketene (central cumulenic carbon)"",
    ""hybridization"": ""sp"",
    ""example_molecule_smiles"": ""C=C=O"",
    ""group_smarts"": ""[CX2H0](=C)=O"",
    ""atom_specific_smarts"": ""[CX2H0:1](=[C;X3])=O"",
    ""description"": ""Central cumulenic carbon double-bonded to one carbon and one oxygen (ketene C=C=O)."",
    ""uncertainty"": ""15""
  },
  {
    ""atom_type"": 906,
    ""element"": ""C"",
    ""chemical_environment"": ""Histidine sidechain CB (methylene linking CA to imidazole), in N-methyl-His"",
    ""functional_group"": ""amino acid side chain (benzylic-like CH2 alpha to imidazole)"",
    ""hybridization"": ""sp3"",
    ""example_molecule_smiles"": ""NC(Cc1n(C)ccn1)C(=O)O"",
    ""group_smarts"": ""[CH2]-c1ncnc1"",
    ""atom_specific_smarts"": ""[CH2:1]-c1ncnc1"",
    ""description"": ""Sidechain beta carbon of histidine; sp3 CH2 bonded to the alpha carbon and to an imidazole ring carbon. N-methylation is on the ring nitrogen and does not change CB connectivity."",
    ""uncertainty"": ""40""
  },
  {
    ""atom_type"": 6,
    ""element"": ""C"",
    ""chemical_environment"": ""Generic carbon placeholder (unspecified bonding in source entry)"",
    ""functional_group"": ""unspecified"",
    ""hybridization"": ""unspecified"",
    ""example_molecule_smiles"": ""C"",
    ""group_smarts"": ""[#6]"",
    ""atom_specific_smarts"": ""[#6:1]"",
    ""description"": ""Ambiguous generic carbon type from source; no clear local environment provided."",
    ""uncertainty"": ""80""
  },
  {
    ""atom_type"": 54,
    ""element"": ""C"",
    ""chemical_environment"": ""Primary methyl in n-alkanes (attached to a methylene carbon)"",
    ""functional_group"": ""alkane (n-CH3)"",
    ""hybridization"": ""sp3"",
    ""example_molecule_smiles"": ""CCC"",
    ""group_smarts"": ""[CH3]-[CH2]"",
    ""atom_specific_smarts"": ""[CH3:1]-[CH2X4]"",
    ""description"": ""Terminal methyl attached to a methylene (primary chain end). Neighbor carbon is sp3 CH2."",
    ""uncertainty"": ""10""
  },
  {
    ""atom_type"": 55,
    ""element"": ""C"",
    ""chemical_environment"": ""Methyl attached to a secondary carbon (iso-alkyl, e.g., isopropyl)"",
    ""functional_group"": ""alkane (iso-CH3)"",
    ""hybridization"": ""sp3"",
    ""example_molecule_smiles"": ""CC(C)C"",
    ""group_smarts"": ""[CH3]-[CHX4]"",
    ""atom_specific_smarts"": ""[CH3:1]-[CHX4](-[#6X4])-[#6X4]"",
    ""description"": ""Methyl whose single carbon neighbor is a secondary sp3 carbon (CH) bound to two other carbons."",
    ""uncertainty"": ""10""
  },
  {
    ""atom_type"": 56,
    ""element"": ""C"",
    ""chemical_environment"": ""Methyl attached to a quaternary carbon (neo-alkyl, e.g., neopentyl/tert-butyl center)"",
    ""functional_group"": ""alkane (neo-CH3)"",
    ""hybridization"": ""sp3"",
    ""example_molecule_smiles"": ""CC(C)(C)C"",
    ""group_smarts"": ""[CH3]-[CX4H0]"",
    ""atom_specific_smarts"": ""[CH3:1]-[CX4H0](-[#6X4])(-[#6X4])-[#6X4]"",
    ""description"": ""Methyl whose single carbon neighbor is a quaternary sp3 carbon (no hydrogens)."",
    ""uncertainty"": ""10""
  },
  {
    ""atom_type"": 57,
    ""element"": ""C"",
    ""chemical_environment"": ""Methylene carbon in alkanes (two C neighbors, two H)"",
    ""functional_group"": ""alkane (CH2)"",
    ""hybridization"": ""sp3"",
    ""example_molecule_smiles"": ""CCCC"",
    ""group_smarts"": ""[CH2]-[#6X4]"",
    ""atom_specific_smarts"": ""[CH2:1](-[#6X4])-[#6X4]"",
    ""description"": ""Internal or near-terminal methylene in saturated hydrocarbons; two sp3 carbon neighbors."",
    ""uncertainty"": ""10""
  },
  {
    ""atom_type"": 58,
    ""element"": ""C"",
    ""chemical_environment"": ""Secondary (methine) carbon in alkanes (three C neighbors, one H)"",
    ""functional_group"": ""alkane (CH)"",
    ""hybridization"": ""sp3"",
    ""example_molecule_smiles"": ""CC(C)C"",
    ""group_smarts"": ""[CH]-[#6X4]"",
    ""atom_specific_smarts"": ""[CH:1](-[#6X4])(-[#6X4])-[#6X4]"",
    ""description"": ""Methine carbon in saturated hydrocarbons; three sp3 carbon neighbors and one hydrogen."",
    ""uncertainty"": ""10""
  },
  {
    ""atom_type"": 59,
    ""element"": ""C"",
    ""chemical_environment"": ""Quaternary carbon in alkanes (four C neighbors, no H)"",
    ""functional_group"": ""alkane (C tertiary/quaternary center)"",
    ""hybridization"": ""sp3"",
    ""example_molecule_smiles"": ""CC(C)(C)C"",
    ""group_smarts"": ""[CX4H0]-[#6X4]"",
    ""atom_specific_smarts"": ""[CX4H0:1](-[#6X4])(-[#6X4])(-[#6X4])-[#6X4]"",
    ""description"": ""Saturated quaternary carbon bound to four carbons (no hydrogens)."",
    ""uncertainty"": ""10""
  },
  {
    ""atom_type"": 61,
    ""element"": ""C"",
    ""chemical_environment"": ""Benzylic methyl (methyl attached directly to an aromatic ring, e.g., toluene)"",
    ""functional_group"": ""alkyl-aryl (benzylic CH3)"",
    ""hybridization"": ""sp3"",
    ""example_molecule_smiles"": ""Cc1ccccc1"",
    ""group_smarts"": ""[CH3]-c"",
    ""atom_specific_smarts"": ""[CH3:1]-[cX3]"",
    ""description"": ""Methyl carbon bonded to an aromatic sp2 carbon (benzylic position)."",
    ""uncertainty"": ""15""
  },
  {
    ""atom_type"": 62,
    ""element"": ""C"",
    ""chemical_environment"": ""Benzylic methylene in ethylbenzene (CH2 alpha to an aromatic ring)"",
    ""functional_group"": ""alkyl-aryl (benzylic CH2)"",
    ""hybridization"": ""sp3"",
    ""example_molecule_smiles"": ""CCc1ccccc1"",
    ""group_smarts"": ""[CH2]-c"",
    ""atom_specific_smarts"": ""[CH2:1](-[cX3])-[#6X4]"",
    ""description"": ""Benzylic CH2 attached directly to an aromatic sp2 carbon and to one sp3 carbon."",
    ""uncertainty"": ""15""
  },
  {
    ""atom_type"": 63,
    ""element"": ""C"",
    ""chemical_environment"": ""Benzylic methine in isopropyl benzene (cumene) attached to two alkyl groups and an aromatic ring"",
    ""functional_group"": ""alkyl-aryl (benzylic CH)"",
    ""hybridization"": ""sp3"",
    ""example_molecule_smiles"": ""CC(C)c1ccccc1"",
    ""group_smarts"": ""[CH]-c"",
    ""atom_specific_smarts"": ""[CH:1](-[cX3])(-[#6X4])-[#6X4]"",
    ""description"": ""Benzylic CH attached directly to an aromatic carbon and to two sp3 carbon substituents (isopropyl benzene)."",
    ""uncertainty"": ""15""
  }
]"
902,0.05,"""Allene/Ketene R2C=C=X""",12.011,oplsaa2008.lt,C,6,"Convert the following OPLS-AA atom type rows:

Atom Type Data:
- Atom index: 894
- Force field raw info: ""Anilinium C-NR3+""
- Partial charge: 0.135
- Atomic mass: 12.011
- Element guess: C
- Atomic number: 6
- Source file: oplsaa2008.lt


Atom Type Data:
- Atom index: 896
- Force field raw info: ""Anilinium C-NHR2+""
- Partial charge: 0.155
- Atomic mass: 12.011
- Element guess: C
- Atomic number: 6
- Source file: oplsaa2008.lt


Atom Type Data:
- Atom index: 897
- Force field raw info: ""Triene R2-C= (mid C=C)""
- Partial charge: 0.0
- Atomic mass: 12.011
- Element guess: C
- Atomic number: 6
- Source file: oplsaa2008.lt


Atom Type Data:
- Atom index: 898
- Force field raw info: ""Triene RH-C= (mid C=C)""
- Partial charge: -0.115
- Atomic mass: 12.011
- Element guess: C
- Atomic number: 6
- Source file: oplsaa2008.lt


Atom Type Data:
- Atom index: 900
- Force field raw info: ""Allene/Ketene H2C=C=X""
- Partial charge: -0.25
- Atomic mass: 12.011
- Element guess: C
- Atomic number: 6
- Source file: oplsaa2008.lt


Atom Type Data:
- Atom index: 901
- Force field raw info: ""Allene/Ketene HRC=C=X""
- Partial charge: -0.1
- Atomic mass: 12.011
- Element guess: C
- Atomic number: 6
- Source file: oplsaa2008.lt


Atom Type Data:
- Atom index: 902
- Force field raw info: ""Allene/Ketene R2C=C=X""
- Partial charge: 0.05
- Atomic mass: 12.011
- Element guess: C
- Atomic number: 6
- Source file: oplsaa2008.lt


Atom Type Data:
- Atom index: 903
- Force field raw info: ""Allene =C=""
- Partial charge: -0.1
- Atomic mass: 12.011
- Element guess: C
- Atomic number: 6
- Source file: oplsaa2008.lt


Atom Type Data:
- Atom index: 904
- Force field raw info: ""Ketene =C=""
- Partial charge: 0.2
- Atomic mass: 12.011
- Element guess: C
- Atomic number: 6
- Source file: oplsaa2008.lt


Atom Type Data:
- Atom index: 906
- Force field raw info: ""N-Me-HIS CB""
- Partial charge: 0.088
- Atomic mass: 12.011
- Element guess: C
- Atomic number: 6
- Source file: oplsaa2008.lt


Atom Type Data:
- Atom index: 6
- Force field raw info: C  - C~   |
- Partial charge: 0.0
- Atomic mass: 12.011
- Element guess: C
- Atomic number: 6
- Source file: oplsaa2024.lt


Atom Type Data:
- Atom index: 54
- Force field raw info: C  - CT   | n-CH3 all-atom C: alkanes
- Partial charge: -0.18
- Atomic mass: 12.011
- Element guess: C
- Atomic number: 6
- Source file: oplsaa2024.lt


Atom Type Data:
- Atom index: 55
- Force field raw info: C  - CT   | iso-CH3 all-atom C: alkanes
- Partial charge: -0.18
- Atomic mass: 12.011
- Element guess: C
- Atomic number: 6
- Source file: oplsaa2024.lt


Atom Type Data:
- Atom index: 56
- Force field raw info: C  - CT   | neo-CH3 all-atom C: alkanes
- Partial charge: -0.18
- Atomic mass: 12.011
- Element guess: C
- Atomic number: 6
- Source file: oplsaa2024.lt


Atom Type Data:
- Atom index: 57
- Force field raw info: C  - CT   | CH2 all-atom C: alkanes
- Partial charge: -0.12
- Atomic mass: 12.011
- Element guess: C
- Atomic number: 6
- Source file: oplsaa2024.lt


Atom Type Data:
- Atom index: 58
- Force field raw info: C  - CT   | CH all-atom C: alkanes
- Partial charge: -0.06
- Atomic mass: 12.011
- Element guess: C
- Atomic number: 6
- Source file: oplsaa2024.lt


Atom Type Data:
- Atom index: 59
- Force field raw info: C  - CT   | C all-atom C: alkanes
- Partial charge: 0.0
- Atomic mass: 12.011
- Element guess: C
- Atomic number: 6
- Source file: oplsaa2024.lt


Atom Type Data:
- Atom index: 61
- Force field raw info: C  - CT   | all-atom C: CH3, toluene
- Partial charge: -0.065
- Atomic mass: 12.011
- Element guess: C
- Atomic number: 6
- Source file: oplsaa2024.lt


Atom Type Data:
- Atom index: 62
- Force field raw info: C  - CT   | all-atom C: CH2, ethyl benzene
- Partial charge: -0.005
- Atomic mass: 12.011
- Element guess: C
- Atomic number: 6
- Source file: oplsaa2024.lt


Atom Type Data:
- Atom index: 63
- Force field raw info: C  - CT   | all-atom C: CH, i-propyl benzene
- Partial charge: 0.055
- Atomic mass: 12.011
- Element guess: C
- Atomic number: 6
- Source file: oplsaa2024.lt
","[
  {
    ""atom_type"": 894,
    ""element"": ""C"",
    ""chemical_environment"": ""Aromatic ipso carbon bonded to a protonated tertiary anilinium nitrogen"",
    ""functional_group"": ""anilinium (aryl ammonium, tertiary)"",
    ""hybridization"": ""sp2"",
    ""example_molecule_smiles"": ""c1ccc(cc1)[N+H](C)C"",
    ""group_smarts"": ""[cX3]-[N+H]([#6])([#6])[#6]"",
    ""atom_specific_smarts"": ""[cX3:1]-[N+H]([#6])([#6])[#6]"",
    ""description"": ""Ring carbon of an aniline bearing a protonated tertiary amine; neighbors: two aromatic carbons and one [N+H] bonded to three carbons."",
    ""uncertainty"": ""30""
  },
  {
    ""atom_type"": 896,
    ""element"": ""C"",
    ""chemical_environment"": ""Aromatic ipso carbon bonded to a protonated secondary anilinium nitrogen"",
    ""functional_group"": ""anilinium (aryl ammonium, secondary)"",
    ""hybridization"": ""sp2"",
    ""example_molecule_smiles"": ""c1ccc(cc1)[N+H2]CC"",
    ""group_smarts"": ""[cX3]-[N+H2]([#6])[#6]"",
    ""atom_specific_smarts"": ""[cX3:1]-[N+H2]([#6])[#6]"",
    ""description"": ""Ring carbon of an aniline bearing a protonated secondary amine; neighbors: two aromatic carbons and one [N+H2] bonded to two carbons."",
    ""uncertainty"": ""35""
  },
  {
    ""atom_type"": 897,
    ""element"": ""C"",
    ""chemical_environment"": ""Internal alkene carbon in the middle C=C of a conjugated triene, disubstituted (no hydrogens)"",
    ""functional_group"": ""conjugated triene (hexatriene-like), mid C=C (R2C=)"",
    ""hybridization"": ""sp2"",
    ""example_molecule_smiles"": ""C=C(C)C=C(C)C=C"",
    ""group_smarts"": ""[CX3](=C)-C=C"",
    ""atom_specific_smarts"": ""[CX3H0:1](=C(-C=C))-C=C"",
    ""description"": ""Middle double-bond carbon of a C=C-C=C-C=C system; one double-bonded sp2 neighbor and two single-bonded sp2 neighbors that each continue as C=C; this atom has no H."",
    ""uncertainty"": ""25""
  },
  {
    ""atom_type"": 898,
    ""element"": ""C"",
    ""chemical_environment"": ""Internal alkene carbon in the middle C=C of a conjugated triene, monosubstituted (one hydrogen)"",
    ""functional_group"": ""conjugated triene (hexatriene-like), mid C=C (RH-C=)"",
    ""hybridization"": ""sp2"",
    ""example_molecule_smiles"": ""C=CC=CC=C"",
    ""group_smarts"": ""[CX3H1](=C)-C=C"",
    ""atom_specific_smarts"": ""[CX3H1:1](=C(-C=C))-C=C"",
    ""description"": ""Middle double-bond carbon of a C=C-C=C-C=C system; one double-bonded sp2 neighbor and one single-bonded sp2 neighbor that continues as C=C; this atom has one H."",
    ""uncertainty"": ""25""
  },
  {
    ""atom_type"": 900,
    ""element"": ""C"",
    ""chemical_environment"": ""Terminal sp2 carbon of an allene/ketene fragment H2C=C=X"",
    ""functional_group"": ""allene or ketene (terminal CH2)"",
    ""hybridization"": ""sp2"",
    ""example_molecule_smiles"": ""C=C=O"",
    ""group_smarts"": ""[CH2]=C=[C,O]"",
    ""atom_specific_smarts"": ""[CH2:1]=C=[C,O]"",
    ""description"": ""Terminal vinylidene carbon bearing two hydrogens, double-bonded to the central cumulenic carbon that is further double-bonded to C or O."",
    ""uncertainty"": ""15""
  },
  {
    ""atom_type"": 901,
    ""element"": ""C"",
    ""chemical_environment"": ""Terminal sp2 carbon of an allene/ketene fragment HRC=C=X (one H, one carbon substituent)"",
    ""functional_group"": ""allene or ketene (substituted terminal CH)"",
    ""hybridization"": ""sp2"",
    ""example_molecule_smiles"": ""CC=C=O"",
    ""group_smarts"": ""[CH1](-[#6])=C=[C,O]"",
    ""atom_specific_smarts"": ""[CH1:1](-[#6])=C=[C,O]"",
    ""description"": ""Terminal sp2 carbon with one hydrogen and one carbon substituent, double-bonded to the central cumulenic carbon which is double-bonded to C or O."",
    ""uncertainty"": ""15""
  },
  {
    ""atom_type"": 902,
    ""element"": ""C"",
    ""chemical_environment"": ""Terminal sp2 carbon of an allene/ketene fragment R2C=C=X (no hydrogens)"",
    ""functional_group"": ""allene or ketene (disubstituted terminal carbon)"",
    ""hybridization"": ""sp2"",
    ""example_molecule_smiles"": ""CC(=C=O)C"",
    ""group_smarts"": ""[CH0](-[#6])(-[#6])=C=[C,O]"",
    ""atom_specific_smarts"": ""[CX3H0:1](-[#6])(-[#6])=C=[C,O]"",
    ""description"": ""Terminal sp2 carbon with two carbon substituents, double-bonded to the central cumulenic carbon which is double-bonded to C or O."",
    ""uncertainty"": ""15""
  },
  {
    ""atom_type"": 903,
    ""element"": ""C"",
    ""chemical_environment"": ""Central sp carbon of an allene fragment =C="",
    ""functional_group"": ""allene (central cumulenic carbon)"",
    ""hybridization"": ""sp"",
    ""example_molecule_smiles"": ""C=C=C"",
    ""group_smarts"": ""[CX2H0](=[C])[C]=[C]"",
    ""atom_specific_smarts"": ""[CX2H0:1](=[C;X3])[C;X3]=[C;X3]"",
    ""description"": ""Central cumulenic carbon double-bonded to two carbons (no heteroatom); neighbors are two terminal sp2 carbons."",
    ""uncertainty"": ""15""
  },
  {
    ""atom_type"": 904,
    ""element"": ""C"",
    ""chemical_environment"": ""Central sp carbon of a ketene fragment =C="",
    ""functional_group"": ""ketene (central cumulenic carbon)"",
    ""hybridization"": ""sp"",
    ""example_molecule_smiles"": ""C=C=O"",
    ""group_smarts"": ""[CX2H0](=C)=O"",
    ""atom_specific_smarts"": ""[CX2H0:1](=[C;X3])=O"",
    ""description"": ""Central cumulenic carbon double-bonded to one carbon and one oxygen (ketene C=C=O)."",
    ""uncertainty"": ""15""
  },
  {
    ""atom_type"": 906,
    ""element"": ""C"",
    ""chemical_environment"": ""Histidine sidechain CB (methylene linking CA to imidazole), in N-methyl-His"",
    ""functional_group"": ""amino acid side chain (benzylic-like CH2 alpha to imidazole)"",
    ""hybridization"": ""sp3"",
    ""example_molecule_smiles"": ""NC(Cc1n(C)ccn1)C(=O)O"",
    ""group_smarts"": ""[CH2]-c1ncnc1"",
    ""atom_specific_smarts"": ""[CH2:1]-c1ncnc1"",
    ""description"": ""Sidechain beta carbon of histidine; sp3 CH2 bonded to the alpha carbon and to an imidazole ring carbon. N-methylation is on the ring nitrogen and does not change CB connectivity."",
    ""uncertainty"": ""40""
  },
  {
    ""atom_type"": 6,
    ""element"": ""C"",
    ""chemical_environment"": ""Generic carbon placeholder (unspecified bonding in source entry)"",
    ""functional_group"": ""unspecified"",
    ""hybridization"": ""unspecified"",
    ""example_molecule_smiles"": ""C"",
    ""group_smarts"": ""[#6]"",
    ""atom_specific_smarts"": ""[#6:1]"",
    ""description"": ""Ambiguous generic carbon type from source; no clear local environment provided."",
    ""uncertainty"": ""80""
  },
  {
    ""atom_type"": 54,
    ""element"": ""C"",
    ""chemical_environment"": ""Primary methyl in n-alkanes (attached to a methylene carbon)"",
    ""functional_group"": ""alkane (n-CH3)"",
    ""hybridization"": ""sp3"",
    ""example_molecule_smiles"": ""CCC"",
    ""group_smarts"": ""[CH3]-[CH2]"",
    ""atom_specific_smarts"": ""[CH3:1]-[CH2X4]"",
    ""description"": ""Terminal methyl attached to a methylene (primary chain end). Neighbor carbon is sp3 CH2."",
    ""uncertainty"": ""10""
  },
  {
    ""atom_type"": 55,
    ""element"": ""C"",
    ""chemical_environment"": ""Methyl attached to a secondary carbon (iso-alkyl, e.g., isopropyl)"",
    ""functional_group"": ""alkane (iso-CH3)"",
    ""hybridization"": ""sp3"",
    ""example_molecule_smiles"": ""CC(C)C"",
    ""group_smarts"": ""[CH3]-[CHX4]"",
    ""atom_specific_smarts"": ""[CH3:1]-[CHX4](-[#6X4])-[#6X4]"",
    ""description"": ""Methyl whose single carbon neighbor is a secondary sp3 carbon (CH) bound to two other carbons."",
    ""uncertainty"": ""10""
  },
  {
    ""atom_type"": 56,
    ""element"": ""C"",
    ""chemical_environment"": ""Methyl attached to a quaternary carbon (neo-alkyl, e.g., neopentyl/tert-butyl center)"",
    ""functional_group"": ""alkane (neo-CH3)"",
    ""hybridization"": ""sp3"",
    ""example_molecule_smiles"": ""CC(C)(C)C"",
    ""group_smarts"": ""[CH3]-[CX4H0]"",
    ""atom_specific_smarts"": ""[CH3:1]-[CX4H0](-[#6X4])(-[#6X4])-[#6X4]"",
    ""description"": ""Methyl whose single carbon neighbor is a quaternary sp3 carbon (no hydrogens)."",
    ""uncertainty"": ""10""
  },
  {
    ""atom_type"": 57,
    ""element"": ""C"",
    ""chemical_environment"": ""Methylene carbon in alkanes (two C neighbors, two H)"",
    ""functional_group"": ""alkane (CH2)"",
    ""hybridization"": ""sp3"",
    ""example_molecule_smiles"": ""CCCC"",
    ""group_smarts"": ""[CH2]-[#6X4]"",
    ""atom_specific_smarts"": ""[CH2:1](-[#6X4])-[#6X4]"",
    ""description"": ""Internal or near-terminal methylene in saturated hydrocarbons; two sp3 carbon neighbors."",
    ""uncertainty"": ""10""
  },
  {
    ""atom_type"": 58,
    ""element"": ""C"",
    ""chemical_environment"": ""Secondary (methine) carbon in alkanes (three C neighbors, one H)"",
    ""functional_group"": ""alkane (CH)"",
    ""hybridization"": ""sp3"",
    ""example_molecule_smiles"": ""CC(C)C"",
    ""group_smarts"": ""[CH]-[#6X4]"",
    ""atom_specific_smarts"": ""[CH:1](-[#6X4])(-[#6X4])-[#6X4]"",
    ""description"": ""Methine carbon in saturated hydrocarbons; three sp3 carbon neighbors and one hydrogen."",
    ""uncertainty"": ""10""
  },
  {
    ""atom_type"": 59,
    ""element"": ""C"",
    ""chemical_environment"": ""Quaternary carbon in alkanes (four C neighbors, no H)"",
    ""functional_group"": ""alkane (C tertiary/quaternary center)"",
    ""hybridization"": ""sp3"",
    ""example_molecule_smiles"": ""CC(C)(C)C"",
    ""group_smarts"": ""[CX4H0]-[#6X4]"",
    ""atom_specific_smarts"": ""[CX4H0:1](-[#6X4])(-[#6X4])(-[#6X4])-[#6X4]"",
    ""description"": ""Saturated quaternary carbon bound to four carbons (no hydrogens)."",
    ""uncertainty"": ""10""
  },
  {
    ""atom_type"": 61,
    ""element"": ""C"",
    ""chemical_environment"": ""Benzylic methyl (methyl attached directly to an aromatic ring, e.g., toluene)"",
    ""functional_group"": ""alkyl-aryl (benzylic CH3)"",
    ""hybridization"": ""sp3"",
    ""example_molecule_smiles"": ""Cc1ccccc1"",
    ""group_smarts"": ""[CH3]-c"",
    ""atom_specific_smarts"": ""[CH3:1]-[cX3]"",
    ""description"": ""Methyl carbon bonded to an aromatic sp2 carbon (benzylic position)."",
    ""uncertainty"": ""15""
  },
  {
    ""atom_type"": 62,
    ""element"": ""C"",
    ""chemical_environment"": ""Benzylic methylene in ethylbenzene (CH2 alpha to an aromatic ring)"",
    ""functional_group"": ""alkyl-aryl (benzylic CH2)"",
    ""hybridization"": ""sp3"",
    ""example_molecule_smiles"": ""CCc1ccccc1"",
    ""group_smarts"": ""[CH2]-c"",
    ""atom_specific_smarts"": ""[CH2:1](-[cX3])-[#6X4]"",
    ""description"": ""Benzylic CH2 attached directly to an aromatic sp2 carbon and to one sp3 carbon."",
    ""uncertainty"": ""15""
  },
  {
    ""atom_type"": 63,
    ""element"": ""C"",
    ""chemical_environment"": ""Benzylic methine in isopropyl benzene (cumene) attached to two alkyl groups and an aromatic ring"",
    ""functional_group"": ""alkyl-aryl (benzylic CH)"",
    ""hybridization"": ""sp3"",
    ""example_molecule_smiles"": ""CC(C)c1ccccc1"",
    ""group_smarts"": ""[CH]-c"",
    ""atom_specific_smarts"": ""[CH:1](-[cX3])(-[#6X4])-[#6X4]"",
    ""description"": ""Benzylic CH attached directly to an aromatic carbon and to two sp3 carbon substituents (isopropyl benzene)."",
    ""uncertainty"": ""15""
  }
]"
903,-0.1,"""Allene =C=""",12.011,oplsaa2008.lt,C,6,"Convert the following OPLS-AA atom type rows:

Atom Type Data:
- Atom index: 894
- Force field raw info: ""Anilinium C-NR3+""
- Partial charge: 0.135
- Atomic mass: 12.011
- Element guess: C
- Atomic number: 6
- Source file: oplsaa2008.lt


Atom Type Data:
- Atom index: 896
- Force field raw info: ""Anilinium C-NHR2+""
- Partial charge: 0.155
- Atomic mass: 12.011
- Element guess: C
- Atomic number: 6
- Source file: oplsaa2008.lt


Atom Type Data:
- Atom index: 897
- Force field raw info: ""Triene R2-C= (mid C=C)""
- Partial charge: 0.0
- Atomic mass: 12.011
- Element guess: C
- Atomic number: 6
- Source file: oplsaa2008.lt


Atom Type Data:
- Atom index: 898
- Force field raw info: ""Triene RH-C= (mid C=C)""
- Partial charge: -0.115
- Atomic mass: 12.011
- Element guess: C
- Atomic number: 6
- Source file: oplsaa2008.lt


Atom Type Data:
- Atom index: 900
- Force field raw info: ""Allene/Ketene H2C=C=X""
- Partial charge: -0.25
- Atomic mass: 12.011
- Element guess: C
- Atomic number: 6
- Source file: oplsaa2008.lt


Atom Type Data:
- Atom index: 901
- Force field raw info: ""Allene/Ketene HRC=C=X""
- Partial charge: -0.1
- Atomic mass: 12.011
- Element guess: C
- Atomic number: 6
- Source file: oplsaa2008.lt


Atom Type Data:
- Atom index: 902
- Force field raw info: ""Allene/Ketene R2C=C=X""
- Partial charge: 0.05
- Atomic mass: 12.011
- Element guess: C
- Atomic number: 6
- Source file: oplsaa2008.lt


Atom Type Data:
- Atom index: 903
- Force field raw info: ""Allene =C=""
- Partial charge: -0.1
- Atomic mass: 12.011
- Element guess: C
- Atomic number: 6
- Source file: oplsaa2008.lt


Atom Type Data:
- Atom index: 904
- Force field raw info: ""Ketene =C=""
- Partial charge: 0.2
- Atomic mass: 12.011
- Element guess: C
- Atomic number: 6
- Source file: oplsaa2008.lt


Atom Type Data:
- Atom index: 906
- Force field raw info: ""N-Me-HIS CB""
- Partial charge: 0.088
- Atomic mass: 12.011
- Element guess: C
- Atomic number: 6
- Source file: oplsaa2008.lt


Atom Type Data:
- Atom index: 6
- Force field raw info: C  - C~   |
- Partial charge: 0.0
- Atomic mass: 12.011
- Element guess: C
- Atomic number: 6
- Source file: oplsaa2024.lt


Atom Type Data:
- Atom index: 54
- Force field raw info: C  - CT   | n-CH3 all-atom C: alkanes
- Partial charge: -0.18
- Atomic mass: 12.011
- Element guess: C
- Atomic number: 6
- Source file: oplsaa2024.lt


Atom Type Data:
- Atom index: 55
- Force field raw info: C  - CT   | iso-CH3 all-atom C: alkanes
- Partial charge: -0.18
- Atomic mass: 12.011
- Element guess: C
- Atomic number: 6
- Source file: oplsaa2024.lt


Atom Type Data:
- Atom index: 56
- Force field raw info: C  - CT   | neo-CH3 all-atom C: alkanes
- Partial charge: -0.18
- Atomic mass: 12.011
- Element guess: C
- Atomic number: 6
- Source file: oplsaa2024.lt


Atom Type Data:
- Atom index: 57
- Force field raw info: C  - CT   | CH2 all-atom C: alkanes
- Partial charge: -0.12
- Atomic mass: 12.011
- Element guess: C
- Atomic number: 6
- Source file: oplsaa2024.lt


Atom Type Data:
- Atom index: 58
- Force field raw info: C  - CT   | CH all-atom C: alkanes
- Partial charge: -0.06
- Atomic mass: 12.011
- Element guess: C
- Atomic number: 6
- Source file: oplsaa2024.lt


Atom Type Data:
- Atom index: 59
- Force field raw info: C  - CT   | C all-atom C: alkanes
- Partial charge: 0.0
- Atomic mass: 12.011
- Element guess: C
- Atomic number: 6
- Source file: oplsaa2024.lt


Atom Type Data:
- Atom index: 61
- Force field raw info: C  - CT   | all-atom C: CH3, toluene
- Partial charge: -0.065
- Atomic mass: 12.011
- Element guess: C
- Atomic number: 6
- Source file: oplsaa2024.lt


Atom Type Data:
- Atom index: 62
- Force field raw info: C  - CT   | all-atom C: CH2, ethyl benzene
- Partial charge: -0.005
- Atomic mass: 12.011
- Element guess: C
- Atomic number: 6
- Source file: oplsaa2024.lt


Atom Type Data:
- Atom index: 63
- Force field raw info: C  - CT   | all-atom C: CH, i-propyl benzene
- Partial charge: 0.055
- Atomic mass: 12.011
- Element guess: C
- Atomic number: 6
- Source file: oplsaa2024.lt
","[
  {
    ""atom_type"": 894,
    ""element"": ""C"",
    ""chemical_environment"": ""Aromatic ipso carbon bonded to a protonated tertiary anilinium nitrogen"",
    ""functional_group"": ""anilinium (aryl ammonium, tertiary)"",
    ""hybridization"": ""sp2"",
    ""example_molecule_smiles"": ""c1ccc(cc1)[N+H](C)C"",
    ""group_smarts"": ""[cX3]-[N+H]([#6])([#6])[#6]"",
    ""atom_specific_smarts"": ""[cX3:1]-[N+H]([#6])([#6])[#6]"",
    ""description"": ""Ring carbon of an aniline bearing a protonated tertiary amine; neighbors: two aromatic carbons and one [N+H] bonded to three carbons."",
    ""uncertainty"": ""30""
  },
  {
    ""atom_type"": 896,
    ""element"": ""C"",
    ""chemical_environment"": ""Aromatic ipso carbon bonded to a protonated secondary anilinium nitrogen"",
    ""functional_group"": ""anilinium (aryl ammonium, secondary)"",
    ""hybridization"": ""sp2"",
    ""example_molecule_smiles"": ""c1ccc(cc1)[N+H2]CC"",
    ""group_smarts"": ""[cX3]-[N+H2]([#6])[#6]"",
    ""atom_specific_smarts"": ""[cX3:1]-[N+H2]([#6])[#6]"",
    ""description"": ""Ring carbon of an aniline bearing a protonated secondary amine; neighbors: two aromatic carbons and one [N+H2] bonded to two carbons."",
    ""uncertainty"": ""35""
  },
  {
    ""atom_type"": 897,
    ""element"": ""C"",
    ""chemical_environment"": ""Internal alkene carbon in the middle C=C of a conjugated triene, disubstituted (no hydrogens)"",
    ""functional_group"": ""conjugated triene (hexatriene-like), mid C=C (R2C=)"",
    ""hybridization"": ""sp2"",
    ""example_molecule_smiles"": ""C=C(C)C=C(C)C=C"",
    ""group_smarts"": ""[CX3](=C)-C=C"",
    ""atom_specific_smarts"": ""[CX3H0:1](=C(-C=C))-C=C"",
    ""description"": ""Middle double-bond carbon of a C=C-C=C-C=C system; one double-bonded sp2 neighbor and two single-bonded sp2 neighbors that each continue as C=C; this atom has no H."",
    ""uncertainty"": ""25""
  },
  {
    ""atom_type"": 898,
    ""element"": ""C"",
    ""chemical_environment"": ""Internal alkene carbon in the middle C=C of a conjugated triene, monosubstituted (one hydrogen)"",
    ""functional_group"": ""conjugated triene (hexatriene-like), mid C=C (RH-C=)"",
    ""hybridization"": ""sp2"",
    ""example_molecule_smiles"": ""C=CC=CC=C"",
    ""group_smarts"": ""[CX3H1](=C)-C=C"",
    ""atom_specific_smarts"": ""[CX3H1:1](=C(-C=C))-C=C"",
    ""description"": ""Middle double-bond carbon of a C=C-C=C-C=C system; one double-bonded sp2 neighbor and one single-bonded sp2 neighbor that continues as C=C; this atom has one H."",
    ""uncertainty"": ""25""
  },
  {
    ""atom_type"": 900,
    ""element"": ""C"",
    ""chemical_environment"": ""Terminal sp2 carbon of an allene/ketene fragment H2C=C=X"",
    ""functional_group"": ""allene or ketene (terminal CH2)"",
    ""hybridization"": ""sp2"",
    ""example_molecule_smiles"": ""C=C=O"",
    ""group_smarts"": ""[CH2]=C=[C,O]"",
    ""atom_specific_smarts"": ""[CH2:1]=C=[C,O]"",
    ""description"": ""Terminal vinylidene carbon bearing two hydrogens, double-bonded to the central cumulenic carbon that is further double-bonded to C or O."",
    ""uncertainty"": ""15""
  },
  {
    ""atom_type"": 901,
    ""element"": ""C"",
    ""chemical_environment"": ""Terminal sp2 carbon of an allene/ketene fragment HRC=C=X (one H, one carbon substituent)"",
    ""functional_group"": ""allene or ketene (substituted terminal CH)"",
    ""hybridization"": ""sp2"",
    ""example_molecule_smiles"": ""CC=C=O"",
    ""group_smarts"": ""[CH1](-[#6])=C=[C,O]"",
    ""atom_specific_smarts"": ""[CH1:1](-[#6])=C=[C,O]"",
    ""description"": ""Terminal sp2 carbon with one hydrogen and one carbon substituent, double-bonded to the central cumulenic carbon which is double-bonded to C or O."",
    ""uncertainty"": ""15""
  },
  {
    ""atom_type"": 902,
    ""element"": ""C"",
    ""chemical_environment"": ""Terminal sp2 carbon of an allene/ketene fragment R2C=C=X (no hydrogens)"",
    ""functional_group"": ""allene or ketene (disubstituted terminal carbon)"",
    ""hybridization"": ""sp2"",
    ""example_molecule_smiles"": ""CC(=C=O)C"",
    ""group_smarts"": ""[CH0](-[#6])(-[#6])=C=[C,O]"",
    ""atom_specific_smarts"": ""[CX3H0:1](-[#6])(-[#6])=C=[C,O]"",
    ""description"": ""Terminal sp2 carbon with two carbon substituents, double-bonded to the central cumulenic carbon which is double-bonded to C or O."",
    ""uncertainty"": ""15""
  },
  {
    ""atom_type"": 903,
    ""element"": ""C"",
    ""chemical_environment"": ""Central sp carbon of an allene fragment =C="",
    ""functional_group"": ""allene (central cumulenic carbon)"",
    ""hybridization"": ""sp"",
    ""example_molecule_smiles"": ""C=C=C"",
    ""group_smarts"": ""[CX2H0](=[C])[C]=[C]"",
    ""atom_specific_smarts"": ""[CX2H0:1](=[C;X3])[C;X3]=[C;X3]"",
    ""description"": ""Central cumulenic carbon double-bonded to two carbons (no heteroatom); neighbors are two terminal sp2 carbons."",
    ""uncertainty"": ""15""
  },
  {
    ""atom_type"": 904,
    ""element"": ""C"",
    ""chemical_environment"": ""Central sp carbon of a ketene fragment =C="",
    ""functional_group"": ""ketene (central cumulenic carbon)"",
    ""hybridization"": ""sp"",
    ""example_molecule_smiles"": ""C=C=O"",
    ""group_smarts"": ""[CX2H0](=C)=O"",
    ""atom_specific_smarts"": ""[CX2H0:1](=[C;X3])=O"",
    ""description"": ""Central cumulenic carbon double-bonded to one carbon and one oxygen (ketene C=C=O)."",
    ""uncertainty"": ""15""
  },
  {
    ""atom_type"": 906,
    ""element"": ""C"",
    ""chemical_environment"": ""Histidine sidechain CB (methylene linking CA to imidazole), in N-methyl-His"",
    ""functional_group"": ""amino acid side chain (benzylic-like CH2 alpha to imidazole)"",
    ""hybridization"": ""sp3"",
    ""example_molecule_smiles"": ""NC(Cc1n(C)ccn1)C(=O)O"",
    ""group_smarts"": ""[CH2]-c1ncnc1"",
    ""atom_specific_smarts"": ""[CH2:1]-c1ncnc1"",
    ""description"": ""Sidechain beta carbon of histidine; sp3 CH2 bonded to the alpha carbon and to an imidazole ring carbon. N-methylation is on the ring nitrogen and does not change CB connectivity."",
    ""uncertainty"": ""40""
  },
  {
    ""atom_type"": 6,
    ""element"": ""C"",
    ""chemical_environment"": ""Generic carbon placeholder (unspecified bonding in source entry)"",
    ""functional_group"": ""unspecified"",
    ""hybridization"": ""unspecified"",
    ""example_molecule_smiles"": ""C"",
    ""group_smarts"": ""[#6]"",
    ""atom_specific_smarts"": ""[#6:1]"",
    ""description"": ""Ambiguous generic carbon type from source; no clear local environment provided."",
    ""uncertainty"": ""80""
  },
  {
    ""atom_type"": 54,
    ""element"": ""C"",
    ""chemical_environment"": ""Primary methyl in n-alkanes (attached to a methylene carbon)"",
    ""functional_group"": ""alkane (n-CH3)"",
    ""hybridization"": ""sp3"",
    ""example_molecule_smiles"": ""CCC"",
    ""group_smarts"": ""[CH3]-[CH2]"",
    ""atom_specific_smarts"": ""[CH3:1]-[CH2X4]"",
    ""description"": ""Terminal methyl attached to a methylene (primary chain end). Neighbor carbon is sp3 CH2."",
    ""uncertainty"": ""10""
  },
  {
    ""atom_type"": 55,
    ""element"": ""C"",
    ""chemical_environment"": ""Methyl attached to a secondary carbon (iso-alkyl, e.g., isopropyl)"",
    ""functional_group"": ""alkane (iso-CH3)"",
    ""hybridization"": ""sp3"",
    ""example_molecule_smiles"": ""CC(C)C"",
    ""group_smarts"": ""[CH3]-[CHX4]"",
    ""atom_specific_smarts"": ""[CH3:1]-[CHX4](-[#6X4])-[#6X4]"",
    ""description"": ""Methyl whose single carbon neighbor is a secondary sp3 carbon (CH) bound to two other carbons."",
    ""uncertainty"": ""10""
  },
  {
    ""atom_type"": 56,
    ""element"": ""C"",
    ""chemical_environment"": ""Methyl attached to a quaternary carbon (neo-alkyl, e.g., neopentyl/tert-butyl center)"",
    ""functional_group"": ""alkane (neo-CH3)"",
    ""hybridization"": ""sp3"",
    ""example_molecule_smiles"": ""CC(C)(C)C"",
    ""group_smarts"": ""[CH3]-[CX4H0]"",
    ""atom_specific_smarts"": ""[CH3:1]-[CX4H0](-[#6X4])(-[#6X4])-[#6X4]"",
    ""description"": ""Methyl whose single carbon neighbor is a quaternary sp3 carbon (no hydrogens)."",
    ""uncertainty"": ""10""
  },
  {
    ""atom_type"": 57,
    ""element"": ""C"",
    ""chemical_environment"": ""Methylene carbon in alkanes (two C neighbors, two H)"",
    ""functional_group"": ""alkane (CH2)"",
    ""hybridization"": ""sp3"",
    ""example_molecule_smiles"": ""CCCC"",
    ""group_smarts"": ""[CH2]-[#6X4]"",
    ""atom_specific_smarts"": ""[CH2:1](-[#6X4])-[#6X4]"",
    ""description"": ""Internal or near-terminal methylene in saturated hydrocarbons; two sp3 carbon neighbors."",
    ""uncertainty"": ""10""
  },
  {
    ""atom_type"": 58,
    ""element"": ""C"",
    ""chemical_environment"": ""Secondary (methine) carbon in alkanes (three C neighbors, one H)"",
    ""functional_group"": ""alkane (CH)"",
    ""hybridization"": ""sp3"",
    ""example_molecule_smiles"": ""CC(C)C"",
    ""group_smarts"": ""[CH]-[#6X4]"",
    ""atom_specific_smarts"": ""[CH:1](-[#6X4])(-[#6X4])-[#6X4]"",
    ""description"": ""Methine carbon in saturated hydrocarbons; three sp3 carbon neighbors and one hydrogen."",
    ""uncertainty"": ""10""
  },
  {
    ""atom_type"": 59,
    ""element"": ""C"",
    ""chemical_environment"": ""Quaternary carbon in alkanes (four C neighbors, no H)"",
    ""functional_group"": ""alkane (C tertiary/quaternary center)"",
    ""hybridization"": ""sp3"",
    ""example_molecule_smiles"": ""CC(C)(C)C"",
    ""group_smarts"": ""[CX4H0]-[#6X4]"",
    ""atom_specific_smarts"": ""[CX4H0:1](-[#6X4])(-[#6X4])(-[#6X4])-[#6X4]"",
    ""description"": ""Saturated quaternary carbon bound to four carbons (no hydrogens)."",
    ""uncertainty"": ""10""
  },
  {
    ""atom_type"": 61,
    ""element"": ""C"",
    ""chemical_environment"": ""Benzylic methyl (methyl attached directly to an aromatic ring, e.g., toluene)"",
    ""functional_group"": ""alkyl-aryl (benzylic CH3)"",
    ""hybridization"": ""sp3"",
    ""example_molecule_smiles"": ""Cc1ccccc1"",
    ""group_smarts"": ""[CH3]-c"",
    ""atom_specific_smarts"": ""[CH3:1]-[cX3]"",
    ""description"": ""Methyl carbon bonded to an aromatic sp2 carbon (benzylic position)."",
    ""uncertainty"": ""15""
  },
  {
    ""atom_type"": 62,
    ""element"": ""C"",
    ""chemical_environment"": ""Benzylic methylene in ethylbenzene (CH2 alpha to an aromatic ring)"",
    ""functional_group"": ""alkyl-aryl (benzylic CH2)"",
    ""hybridization"": ""sp3"",
    ""example_molecule_smiles"": ""CCc1ccccc1"",
    ""group_smarts"": ""[CH2]-c"",
    ""atom_specific_smarts"": ""[CH2:1](-[cX3])-[#6X4]"",
    ""description"": ""Benzylic CH2 attached directly to an aromatic sp2 carbon and to one sp3 carbon."",
    ""uncertainty"": ""15""
  },
  {
    ""atom_type"": 63,
    ""element"": ""C"",
    ""chemical_environment"": ""Benzylic methine in isopropyl benzene (cumene) attached to two alkyl groups and an aromatic ring"",
    ""functional_group"": ""alkyl-aryl (benzylic CH)"",
    ""hybridization"": ""sp3"",
    ""example_molecule_smiles"": ""CC(C)c1ccccc1"",
    ""group_smarts"": ""[CH]-c"",
    ""atom_specific_smarts"": ""[CH:1](-[cX3])(-[#6X4])-[#6X4]"",
    ""description"": ""Benzylic CH attached directly to an aromatic carbon and to two sp3 carbon substituents (isopropyl benzene)."",
    ""uncertainty"": ""15""
  }
]"
904,0.2,"""Ketene =C=""",12.011,oplsaa2008.lt,C,6,"Convert the following OPLS-AA atom type rows:

Atom Type Data:
- Atom index: 894
- Force field raw info: ""Anilinium C-NR3+""
- Partial charge: 0.135
- Atomic mass: 12.011
- Element guess: C
- Atomic number: 6
- Source file: oplsaa2008.lt


Atom Type Data:
- Atom index: 896
- Force field raw info: ""Anilinium C-NHR2+""
- Partial charge: 0.155
- Atomic mass: 12.011
- Element guess: C
- Atomic number: 6
- Source file: oplsaa2008.lt


Atom Type Data:
- Atom index: 897
- Force field raw info: ""Triene R2-C= (mid C=C)""
- Partial charge: 0.0
- Atomic mass: 12.011
- Element guess: C
- Atomic number: 6
- Source file: oplsaa2008.lt


Atom Type Data:
- Atom index: 898
- Force field raw info: ""Triene RH-C= (mid C=C)""
- Partial charge: -0.115
- Atomic mass: 12.011
- Element guess: C
- Atomic number: 6
- Source file: oplsaa2008.lt


Atom Type Data:
- Atom index: 900
- Force field raw info: ""Allene/Ketene H2C=C=X""
- Partial charge: -0.25
- Atomic mass: 12.011
- Element guess: C
- Atomic number: 6
- Source file: oplsaa2008.lt


Atom Type Data:
- Atom index: 901
- Force field raw info: ""Allene/Ketene HRC=C=X""
- Partial charge: -0.1
- Atomic mass: 12.011
- Element guess: C
- Atomic number: 6
- Source file: oplsaa2008.lt


Atom Type Data:
- Atom index: 902
- Force field raw info: ""Allene/Ketene R2C=C=X""
- Partial charge: 0.05
- Atomic mass: 12.011
- Element guess: C
- Atomic number: 6
- Source file: oplsaa2008.lt


Atom Type Data:
- Atom index: 903
- Force field raw info: ""Allene =C=""
- Partial charge: -0.1
- Atomic mass: 12.011
- Element guess: C
- Atomic number: 6
- Source file: oplsaa2008.lt


Atom Type Data:
- Atom index: 904
- Force field raw info: ""Ketene =C=""
- Partial charge: 0.2
- Atomic mass: 12.011
- Element guess: C
- Atomic number: 6
- Source file: oplsaa2008.lt


Atom Type Data:
- Atom index: 906
- Force field raw info: ""N-Me-HIS CB""
- Partial charge: 0.088
- Atomic mass: 12.011
- Element guess: C
- Atomic number: 6
- Source file: oplsaa2008.lt


Atom Type Data:
- Atom index: 6
- Force field raw info: C  - C~   |
- Partial charge: 0.0
- Atomic mass: 12.011
- Element guess: C
- Atomic number: 6
- Source file: oplsaa2024.lt


Atom Type Data:
- Atom index: 54
- Force field raw info: C  - CT   | n-CH3 all-atom C: alkanes
- Partial charge: -0.18
- Atomic mass: 12.011
- Element guess: C
- Atomic number: 6
- Source file: oplsaa2024.lt


Atom Type Data:
- Atom index: 55
- Force field raw info: C  - CT   | iso-CH3 all-atom C: alkanes
- Partial charge: -0.18
- Atomic mass: 12.011
- Element guess: C
- Atomic number: 6
- Source file: oplsaa2024.lt


Atom Type Data:
- Atom index: 56
- Force field raw info: C  - CT   | neo-CH3 all-atom C: alkanes
- Partial charge: -0.18
- Atomic mass: 12.011
- Element guess: C
- Atomic number: 6
- Source file: oplsaa2024.lt


Atom Type Data:
- Atom index: 57
- Force field raw info: C  - CT   | CH2 all-atom C: alkanes
- Partial charge: -0.12
- Atomic mass: 12.011
- Element guess: C
- Atomic number: 6
- Source file: oplsaa2024.lt


Atom Type Data:
- Atom index: 58
- Force field raw info: C  - CT   | CH all-atom C: alkanes
- Partial charge: -0.06
- Atomic mass: 12.011
- Element guess: C
- Atomic number: 6
- Source file: oplsaa2024.lt


Atom Type Data:
- Atom index: 59
- Force field raw info: C  - CT   | C all-atom C: alkanes
- Partial charge: 0.0
- Atomic mass: 12.011
- Element guess: C
- Atomic number: 6
- Source file: oplsaa2024.lt


Atom Type Data:
- Atom index: 61
- Force field raw info: C  - CT   | all-atom C: CH3, toluene
- Partial charge: -0.065
- Atomic mass: 12.011
- Element guess: C
- Atomic number: 6
- Source file: oplsaa2024.lt


Atom Type Data:
- Atom index: 62
- Force field raw info: C  - CT   | all-atom C: CH2, ethyl benzene
- Partial charge: -0.005
- Atomic mass: 12.011
- Element guess: C
- Atomic number: 6
- Source file: oplsaa2024.lt


Atom Type Data:
- Atom index: 63
- Force field raw info: C  - CT   | all-atom C: CH, i-propyl benzene
- Partial charge: 0.055
- Atomic mass: 12.011
- Element guess: C
- Atomic number: 6
- Source file: oplsaa2024.lt
","[
  {
    ""atom_type"": 894,
    ""element"": ""C"",
    ""chemical_environment"": ""Aromatic ipso carbon bonded to a protonated tertiary anilinium nitrogen"",
    ""functional_group"": ""anilinium (aryl ammonium, tertiary)"",
    ""hybridization"": ""sp2"",
    ""example_molecule_smiles"": ""c1ccc(cc1)[N+H](C)C"",
    ""group_smarts"": ""[cX3]-[N+H]([#6])([#6])[#6]"",
    ""atom_specific_smarts"": ""[cX3:1]-[N+H]([#6])([#6])[#6]"",
    ""description"": ""Ring carbon of an aniline bearing a protonated tertiary amine; neighbors: two aromatic carbons and one [N+H] bonded to three carbons."",
    ""uncertainty"": ""30""
  },
  {
    ""atom_type"": 896,
    ""element"": ""C"",
    ""chemical_environment"": ""Aromatic ipso carbon bonded to a protonated secondary anilinium nitrogen"",
    ""functional_group"": ""anilinium (aryl ammonium, secondary)"",
    ""hybridization"": ""sp2"",
    ""example_molecule_smiles"": ""c1ccc(cc1)[N+H2]CC"",
    ""group_smarts"": ""[cX3]-[N+H2]([#6])[#6]"",
    ""atom_specific_smarts"": ""[cX3:1]-[N+H2]([#6])[#6]"",
    ""description"": ""Ring carbon of an aniline bearing a protonated secondary amine; neighbors: two aromatic carbons and one [N+H2] bonded to two carbons."",
    ""uncertainty"": ""35""
  },
  {
    ""atom_type"": 897,
    ""element"": ""C"",
    ""chemical_environment"": ""Internal alkene carbon in the middle C=C of a conjugated triene, disubstituted (no hydrogens)"",
    ""functional_group"": ""conjugated triene (hexatriene-like), mid C=C (R2C=)"",
    ""hybridization"": ""sp2"",
    ""example_molecule_smiles"": ""C=C(C)C=C(C)C=C"",
    ""group_smarts"": ""[CX3](=C)-C=C"",
    ""atom_specific_smarts"": ""[CX3H0:1](=C(-C=C))-C=C"",
    ""description"": ""Middle double-bond carbon of a C=C-C=C-C=C system; one double-bonded sp2 neighbor and two single-bonded sp2 neighbors that each continue as C=C; this atom has no H."",
    ""uncertainty"": ""25""
  },
  {
    ""atom_type"": 898,
    ""element"": ""C"",
    ""chemical_environment"": ""Internal alkene carbon in the middle C=C of a conjugated triene, monosubstituted (one hydrogen)"",
    ""functional_group"": ""conjugated triene (hexatriene-like), mid C=C (RH-C=)"",
    ""hybridization"": ""sp2"",
    ""example_molecule_smiles"": ""C=CC=CC=C"",
    ""group_smarts"": ""[CX3H1](=C)-C=C"",
    ""atom_specific_smarts"": ""[CX3H1:1](=C(-C=C))-C=C"",
    ""description"": ""Middle double-bond carbon of a C=C-C=C-C=C system; one double-bonded sp2 neighbor and one single-bonded sp2 neighbor that continues as C=C; this atom has one H."",
    ""uncertainty"": ""25""
  },
  {
    ""atom_type"": 900,
    ""element"": ""C"",
    ""chemical_environment"": ""Terminal sp2 carbon of an allene/ketene fragment H2C=C=X"",
    ""functional_group"": ""allene or ketene (terminal CH2)"",
    ""hybridization"": ""sp2"",
    ""example_molecule_smiles"": ""C=C=O"",
    ""group_smarts"": ""[CH2]=C=[C,O]"",
    ""atom_specific_smarts"": ""[CH2:1]=C=[C,O]"",
    ""description"": ""Terminal vinylidene carbon bearing two hydrogens, double-bonded to the central cumulenic carbon that is further double-bonded to C or O."",
    ""uncertainty"": ""15""
  },
  {
    ""atom_type"": 901,
    ""element"": ""C"",
    ""chemical_environment"": ""Terminal sp2 carbon of an allene/ketene fragment HRC=C=X (one H, one carbon substituent)"",
    ""functional_group"": ""allene or ketene (substituted terminal CH)"",
    ""hybridization"": ""sp2"",
    ""example_molecule_smiles"": ""CC=C=O"",
    ""group_smarts"": ""[CH1](-[#6])=C=[C,O]"",
    ""atom_specific_smarts"": ""[CH1:1](-[#6])=C=[C,O]"",
    ""description"": ""Terminal sp2 carbon with one hydrogen and one carbon substituent, double-bonded to the central cumulenic carbon which is double-bonded to C or O."",
    ""uncertainty"": ""15""
  },
  {
    ""atom_type"": 902,
    ""element"": ""C"",
    ""chemical_environment"": ""Terminal sp2 carbon of an allene/ketene fragment R2C=C=X (no hydrogens)"",
    ""functional_group"": ""allene or ketene (disubstituted terminal carbon)"",
    ""hybridization"": ""sp2"",
    ""example_molecule_smiles"": ""CC(=C=O)C"",
    ""group_smarts"": ""[CH0](-[#6])(-[#6])=C=[C,O]"",
    ""atom_specific_smarts"": ""[CX3H0:1](-[#6])(-[#6])=C=[C,O]"",
    ""description"": ""Terminal sp2 carbon with two carbon substituents, double-bonded to the central cumulenic carbon which is double-bonded to C or O."",
    ""uncertainty"": ""15""
  },
  {
    ""atom_type"": 903,
    ""element"": ""C"",
    ""chemical_environment"": ""Central sp carbon of an allene fragment =C="",
    ""functional_group"": ""allene (central cumulenic carbon)"",
    ""hybridization"": ""sp"",
    ""example_molecule_smiles"": ""C=C=C"",
    ""group_smarts"": ""[CX2H0](=[C])[C]=[C]"",
    ""atom_specific_smarts"": ""[CX2H0:1](=[C;X3])[C;X3]=[C;X3]"",
    ""description"": ""Central cumulenic carbon double-bonded to two carbons (no heteroatom); neighbors are two terminal sp2 carbons."",
    ""uncertainty"": ""15""
  },
  {
    ""atom_type"": 904,
    ""element"": ""C"",
    ""chemical_environment"": ""Central sp carbon of a ketene fragment =C="",
    ""functional_group"": ""ketene (central cumulenic carbon)"",
    ""hybridization"": ""sp"",
    ""example_molecule_smiles"": ""C=C=O"",
    ""group_smarts"": ""[CX2H0](=C)=O"",
    ""atom_specific_smarts"": ""[CX2H0:1](=[C;X3])=O"",
    ""description"": ""Central cumulenic carbon double-bonded to one carbon and one oxygen (ketene C=C=O)."",
    ""uncertainty"": ""15""
  },
  {
    ""atom_type"": 906,
    ""element"": ""C"",
    ""chemical_environment"": ""Histidine sidechain CB (methylene linking CA to imidazole), in N-methyl-His"",
    ""functional_group"": ""amino acid side chain (benzylic-like CH2 alpha to imidazole)"",
    ""hybridization"": ""sp3"",
    ""example_molecule_smiles"": ""NC(Cc1n(C)ccn1)C(=O)O"",
    ""group_smarts"": ""[CH2]-c1ncnc1"",
    ""atom_specific_smarts"": ""[CH2:1]-c1ncnc1"",
    ""description"": ""Sidechain beta carbon of histidine; sp3 CH2 bonded to the alpha carbon and to an imidazole ring carbon. N-methylation is on the ring nitrogen and does not change CB connectivity."",
    ""uncertainty"": ""40""
  },
  {
    ""atom_type"": 6,
    ""element"": ""C"",
    ""chemical_environment"": ""Generic carbon placeholder (unspecified bonding in source entry)"",
    ""functional_group"": ""unspecified"",
    ""hybridization"": ""unspecified"",
    ""example_molecule_smiles"": ""C"",
    ""group_smarts"": ""[#6]"",
    ""atom_specific_smarts"": ""[#6:1]"",
    ""description"": ""Ambiguous generic carbon type from source; no clear local environment provided."",
    ""uncertainty"": ""80""
  },
  {
    ""atom_type"": 54,
    ""element"": ""C"",
    ""chemical_environment"": ""Primary methyl in n-alkanes (attached to a methylene carbon)"",
    ""functional_group"": ""alkane (n-CH3)"",
    ""hybridization"": ""sp3"",
    ""example_molecule_smiles"": ""CCC"",
    ""group_smarts"": ""[CH3]-[CH2]"",
    ""atom_specific_smarts"": ""[CH3:1]-[CH2X4]"",
    ""description"": ""Terminal methyl attached to a methylene (primary chain end). Neighbor carbon is sp3 CH2."",
    ""uncertainty"": ""10""
  },
  {
    ""atom_type"": 55,
    ""element"": ""C"",
    ""chemical_environment"": ""Methyl attached to a secondary carbon (iso-alkyl, e.g., isopropyl)"",
    ""functional_group"": ""alkane (iso-CH3)"",
    ""hybridization"": ""sp3"",
    ""example_molecule_smiles"": ""CC(C)C"",
    ""group_smarts"": ""[CH3]-[CHX4]"",
    ""atom_specific_smarts"": ""[CH3:1]-[CHX4](-[#6X4])-[#6X4]"",
    ""description"": ""Methyl whose single carbon neighbor is a secondary sp3 carbon (CH) bound to two other carbons."",
    ""uncertainty"": ""10""
  },
  {
    ""atom_type"": 56,
    ""element"": ""C"",
    ""chemical_environment"": ""Methyl attached to a quaternary carbon (neo-alkyl, e.g., neopentyl/tert-butyl center)"",
    ""functional_group"": ""alkane (neo-CH3)"",
    ""hybridization"": ""sp3"",
    ""example_molecule_smiles"": ""CC(C)(C)C"",
    ""group_smarts"": ""[CH3]-[CX4H0]"",
    ""atom_specific_smarts"": ""[CH3:1]-[CX4H0](-[#6X4])(-[#6X4])-[#6X4]"",
    ""description"": ""Methyl whose single carbon neighbor is a quaternary sp3 carbon (no hydrogens)."",
    ""uncertainty"": ""10""
  },
  {
    ""atom_type"": 57,
    ""element"": ""C"",
    ""chemical_environment"": ""Methylene carbon in alkanes (two C neighbors, two H)"",
    ""functional_group"": ""alkane (CH2)"",
    ""hybridization"": ""sp3"",
    ""example_molecule_smiles"": ""CCCC"",
    ""group_smarts"": ""[CH2]-[#6X4]"",
    ""atom_specific_smarts"": ""[CH2:1](-[#6X4])-[#6X4]"",
    ""description"": ""Internal or near-terminal methylene in saturated hydrocarbons; two sp3 carbon neighbors."",
    ""uncertainty"": ""10""
  },
  {
    ""atom_type"": 58,
    ""element"": ""C"",
    ""chemical_environment"": ""Secondary (methine) carbon in alkanes (three C neighbors, one H)"",
    ""functional_group"": ""alkane (CH)"",
    ""hybridization"": ""sp3"",
    ""example_molecule_smiles"": ""CC(C)C"",
    ""group_smarts"": ""[CH]-[#6X4]"",
    ""atom_specific_smarts"": ""[CH:1](-[#6X4])(-[#6X4])-[#6X4]"",
    ""description"": ""Methine carbon in saturated hydrocarbons; three sp3 carbon neighbors and one hydrogen."",
    ""uncertainty"": ""10""
  },
  {
    ""atom_type"": 59,
    ""element"": ""C"",
    ""chemical_environment"": ""Quaternary carbon in alkanes (four C neighbors, no H)"",
    ""functional_group"": ""alkane (C tertiary/quaternary center)"",
    ""hybridization"": ""sp3"",
    ""example_molecule_smiles"": ""CC(C)(C)C"",
    ""group_smarts"": ""[CX4H0]-[#6X4]"",
    ""atom_specific_smarts"": ""[CX4H0:1](-[#6X4])(-[#6X4])(-[#6X4])-[#6X4]"",
    ""description"": ""Saturated quaternary carbon bound to four carbons (no hydrogens)."",
    ""uncertainty"": ""10""
  },
  {
    ""atom_type"": 61,
    ""element"": ""C"",
    ""chemical_environment"": ""Benzylic methyl (methyl attached directly to an aromatic ring, e.g., toluene)"",
    ""functional_group"": ""alkyl-aryl (benzylic CH3)"",
    ""hybridization"": ""sp3"",
    ""example_molecule_smiles"": ""Cc1ccccc1"",
    ""group_smarts"": ""[CH3]-c"",
    ""atom_specific_smarts"": ""[CH3:1]-[cX3]"",
    ""description"": ""Methyl carbon bonded to an aromatic sp2 carbon (benzylic position)."",
    ""uncertainty"": ""15""
  },
  {
    ""atom_type"": 62,
    ""element"": ""C"",
    ""chemical_environment"": ""Benzylic methylene in ethylbenzene (CH2 alpha to an aromatic ring)"",
    ""functional_group"": ""alkyl-aryl (benzylic CH2)"",
    ""hybridization"": ""sp3"",
    ""example_molecule_smiles"": ""CCc1ccccc1"",
    ""group_smarts"": ""[CH2]-c"",
    ""atom_specific_smarts"": ""[CH2:1](-[cX3])-[#6X4]"",
    ""description"": ""Benzylic CH2 attached directly to an aromatic sp2 carbon and to one sp3 carbon."",
    ""uncertainty"": ""15""
  },
  {
    ""atom_type"": 63,
    ""element"": ""C"",
    ""chemical_environment"": ""Benzylic methine in isopropyl benzene (cumene) attached to two alkyl groups and an aromatic ring"",
    ""functional_group"": ""alkyl-aryl (benzylic CH)"",
    ""hybridization"": ""sp3"",
    ""example_molecule_smiles"": ""CC(C)c1ccccc1"",
    ""group_smarts"": ""[CH]-c"",
    ""atom_specific_smarts"": ""[CH:1](-[cX3])(-[#6X4])-[#6X4]"",
    ""description"": ""Benzylic CH attached directly to an aromatic carbon and to two sp3 carbon substituents (isopropyl benzene)."",
    ""uncertainty"": ""15""
  }
]"
906,0.088,"""N-Me-HIS CB""",12.011,oplsaa2008.lt,C,6,"Convert the following OPLS-AA atom type rows:

Atom Type Data:
- Atom index: 894
- Force field raw info: ""Anilinium C-NR3+""
- Partial charge: 0.135
- Atomic mass: 12.011
- Element guess: C
- Atomic number: 6
- Source file: oplsaa2008.lt


Atom Type Data:
- Atom index: 896
- Force field raw info: ""Anilinium C-NHR2+""
- Partial charge: 0.155
- Atomic mass: 12.011
- Element guess: C
- Atomic number: 6
- Source file: oplsaa2008.lt


Atom Type Data:
- Atom index: 897
- Force field raw info: ""Triene R2-C= (mid C=C)""
- Partial charge: 0.0
- Atomic mass: 12.011
- Element guess: C
- Atomic number: 6
- Source file: oplsaa2008.lt


Atom Type Data:
- Atom index: 898
- Force field raw info: ""Triene RH-C= (mid C=C)""
- Partial charge: -0.115
- Atomic mass: 12.011
- Element guess: C
- Atomic number: 6
- Source file: oplsaa2008.lt


Atom Type Data:
- Atom index: 900
- Force field raw info: ""Allene/Ketene H2C=C=X""
- Partial charge: -0.25
- Atomic mass: 12.011
- Element guess: C
- Atomic number: 6
- Source file: oplsaa2008.lt


Atom Type Data:
- Atom index: 901
- Force field raw info: ""Allene/Ketene HRC=C=X""
- Partial charge: -0.1
- Atomic mass: 12.011
- Element guess: C
- Atomic number: 6
- Source file: oplsaa2008.lt


Atom Type Data:
- Atom index: 902
- Force field raw info: ""Allene/Ketene R2C=C=X""
- Partial charge: 0.05
- Atomic mass: 12.011
- Element guess: C
- Atomic number: 6
- Source file: oplsaa2008.lt


Atom Type Data:
- Atom index: 903
- Force field raw info: ""Allene =C=""
- Partial charge: -0.1
- Atomic mass: 12.011
- Element guess: C
- Atomic number: 6
- Source file: oplsaa2008.lt


Atom Type Data:
- Atom index: 904
- Force field raw info: ""Ketene =C=""
- Partial charge: 0.2
- Atomic mass: 12.011
- Element guess: C
- Atomic number: 6
- Source file: oplsaa2008.lt


Atom Type Data:
- Atom index: 906
- Force field raw info: ""N-Me-HIS CB""
- Partial charge: 0.088
- Atomic mass: 12.011
- Element guess: C
- Atomic number: 6
- Source file: oplsaa2008.lt


Atom Type Data:
- Atom index: 6
- Force field raw info: C  - C~   |
- Partial charge: 0.0
- Atomic mass: 12.011
- Element guess: C
- Atomic number: 6
- Source file: oplsaa2024.lt


Atom Type Data:
- Atom index: 54
- Force field raw info: C  - CT   | n-CH3 all-atom C: alkanes
- Partial charge: -0.18
- Atomic mass: 12.011
- Element guess: C
- Atomic number: 6
- Source file: oplsaa2024.lt


Atom Type Data:
- Atom index: 55
- Force field raw info: C  - CT   | iso-CH3 all-atom C: alkanes
- Partial charge: -0.18
- Atomic mass: 12.011
- Element guess: C
- Atomic number: 6
- Source file: oplsaa2024.lt


Atom Type Data:
- Atom index: 56
- Force field raw info: C  - CT   | neo-CH3 all-atom C: alkanes
- Partial charge: -0.18
- Atomic mass: 12.011
- Element guess: C
- Atomic number: 6
- Source file: oplsaa2024.lt


Atom Type Data:
- Atom index: 57
- Force field raw info: C  - CT   | CH2 all-atom C: alkanes
- Partial charge: -0.12
- Atomic mass: 12.011
- Element guess: C
- Atomic number: 6
- Source file: oplsaa2024.lt


Atom Type Data:
- Atom index: 58
- Force field raw info: C  - CT   | CH all-atom C: alkanes
- Partial charge: -0.06
- Atomic mass: 12.011
- Element guess: C
- Atomic number: 6
- Source file: oplsaa2024.lt


Atom Type Data:
- Atom index: 59
- Force field raw info: C  - CT   | C all-atom C: alkanes
- Partial charge: 0.0
- Atomic mass: 12.011
- Element guess: C
- Atomic number: 6
- Source file: oplsaa2024.lt


Atom Type Data:
- Atom index: 61
- Force field raw info: C  - CT   | all-atom C: CH3, toluene
- Partial charge: -0.065
- Atomic mass: 12.011
- Element guess: C
- Atomic number: 6
- Source file: oplsaa2024.lt


Atom Type Data:
- Atom index: 62
- Force field raw info: C  - CT   | all-atom C: CH2, ethyl benzene
- Partial charge: -0.005
- Atomic mass: 12.011
- Element guess: C
- Atomic number: 6
- Source file: oplsaa2024.lt


Atom Type Data:
- Atom index: 63
- Force field raw info: C  - CT   | all-atom C: CH, i-propyl benzene
- Partial charge: 0.055
- Atomic mass: 12.011
- Element guess: C
- Atomic number: 6
- Source file: oplsaa2024.lt
","[
  {
    ""atom_type"": 894,
    ""element"": ""C"",
    ""chemical_environment"": ""Aromatic ipso carbon bonded to a protonated tertiary anilinium nitrogen"",
    ""functional_group"": ""anilinium (aryl ammonium, tertiary)"",
    ""hybridization"": ""sp2"",
    ""example_molecule_smiles"": ""c1ccc(cc1)[N+H](C)C"",
    ""group_smarts"": ""[cX3]-[N+H]([#6])([#6])[#6]"",
    ""atom_specific_smarts"": ""[cX3:1]-[N+H]([#6])([#6])[#6]"",
    ""description"": ""Ring carbon of an aniline bearing a protonated tertiary amine; neighbors: two aromatic carbons and one [N+H] bonded to three carbons."",
    ""uncertainty"": ""30""
  },
  {
    ""atom_type"": 896,
    ""element"": ""C"",
    ""chemical_environment"": ""Aromatic ipso carbon bonded to a protonated secondary anilinium nitrogen"",
    ""functional_group"": ""anilinium (aryl ammonium, secondary)"",
    ""hybridization"": ""sp2"",
    ""example_molecule_smiles"": ""c1ccc(cc1)[N+H2]CC"",
    ""group_smarts"": ""[cX3]-[N+H2]([#6])[#6]"",
    ""atom_specific_smarts"": ""[cX3:1]-[N+H2]([#6])[#6]"",
    ""description"": ""Ring carbon of an aniline bearing a protonated secondary amine; neighbors: two aromatic carbons and one [N+H2] bonded to two carbons."",
    ""uncertainty"": ""35""
  },
  {
    ""atom_type"": 897,
    ""element"": ""C"",
    ""chemical_environment"": ""Internal alkene carbon in the middle C=C of a conjugated triene, disubstituted (no hydrogens)"",
    ""functional_group"": ""conjugated triene (hexatriene-like), mid C=C (R2C=)"",
    ""hybridization"": ""sp2"",
    ""example_molecule_smiles"": ""C=C(C)C=C(C)C=C"",
    ""group_smarts"": ""[CX3](=C)-C=C"",
    ""atom_specific_smarts"": ""[CX3H0:1](=C(-C=C))-C=C"",
    ""description"": ""Middle double-bond carbon of a C=C-C=C-C=C system; one double-bonded sp2 neighbor and two single-bonded sp2 neighbors that each continue as C=C; this atom has no H."",
    ""uncertainty"": ""25""
  },
  {
    ""atom_type"": 898,
    ""element"": ""C"",
    ""chemical_environment"": ""Internal alkene carbon in the middle C=C of a conjugated triene, monosubstituted (one hydrogen)"",
    ""functional_group"": ""conjugated triene (hexatriene-like), mid C=C (RH-C=)"",
    ""hybridization"": ""sp2"",
    ""example_molecule_smiles"": ""C=CC=CC=C"",
    ""group_smarts"": ""[CX3H1](=C)-C=C"",
    ""atom_specific_smarts"": ""[CX3H1:1](=C(-C=C))-C=C"",
    ""description"": ""Middle double-bond carbon of a C=C-C=C-C=C system; one double-bonded sp2 neighbor and one single-bonded sp2 neighbor that continues as C=C; this atom has one H."",
    ""uncertainty"": ""25""
  },
  {
    ""atom_type"": 900,
    ""element"": ""C"",
    ""chemical_environment"": ""Terminal sp2 carbon of an allene/ketene fragment H2C=C=X"",
    ""functional_group"": ""allene or ketene (terminal CH2)"",
    ""hybridization"": ""sp2"",
    ""example_molecule_smiles"": ""C=C=O"",
    ""group_smarts"": ""[CH2]=C=[C,O]"",
    ""atom_specific_smarts"": ""[CH2:1]=C=[C,O]"",
    ""description"": ""Terminal vinylidene carbon bearing two hydrogens, double-bonded to the central cumulenic carbon that is further double-bonded to C or O."",
    ""uncertainty"": ""15""
  },
  {
    ""atom_type"": 901,
    ""element"": ""C"",
    ""chemical_environment"": ""Terminal sp2 carbon of an allene/ketene fragment HRC=C=X (one H, one carbon substituent)"",
    ""functional_group"": ""allene or ketene (substituted terminal CH)"",
    ""hybridization"": ""sp2"",
    ""example_molecule_smiles"": ""CC=C=O"",
    ""group_smarts"": ""[CH1](-[#6])=C=[C,O]"",
    ""atom_specific_smarts"": ""[CH1:1](-[#6])=C=[C,O]"",
    ""description"": ""Terminal sp2 carbon with one hydrogen and one carbon substituent, double-bonded to the central cumulenic carbon which is double-bonded to C or O."",
    ""uncertainty"": ""15""
  },
  {
    ""atom_type"": 902,
    ""element"": ""C"",
    ""chemical_environment"": ""Terminal sp2 carbon of an allene/ketene fragment R2C=C=X (no hydrogens)"",
    ""functional_group"": ""allene or ketene (disubstituted terminal carbon)"",
    ""hybridization"": ""sp2"",
    ""example_molecule_smiles"": ""CC(=C=O)C"",
    ""group_smarts"": ""[CH0](-[#6])(-[#6])=C=[C,O]"",
    ""atom_specific_smarts"": ""[CX3H0:1](-[#6])(-[#6])=C=[C,O]"",
    ""description"": ""Terminal sp2 carbon with two carbon substituents, double-bonded to the central cumulenic carbon which is double-bonded to C or O."",
    ""uncertainty"": ""15""
  },
  {
    ""atom_type"": 903,
    ""element"": ""C"",
    ""chemical_environment"": ""Central sp carbon of an allene fragment =C="",
    ""functional_group"": ""allene (central cumulenic carbon)"",
    ""hybridization"": ""sp"",
    ""example_molecule_smiles"": ""C=C=C"",
    ""group_smarts"": ""[CX2H0](=[C])[C]=[C]"",
    ""atom_specific_smarts"": ""[CX2H0:1](=[C;X3])[C;X3]=[C;X3]"",
    ""description"": ""Central cumulenic carbon double-bonded to two carbons (no heteroatom); neighbors are two terminal sp2 carbons."",
    ""uncertainty"": ""15""
  },
  {
    ""atom_type"": 904,
    ""element"": ""C"",
    ""chemical_environment"": ""Central sp carbon of a ketene fragment =C="",
    ""functional_group"": ""ketene (central cumulenic carbon)"",
    ""hybridization"": ""sp"",
    ""example_molecule_smiles"": ""C=C=O"",
    ""group_smarts"": ""[CX2H0](=C)=O"",
    ""atom_specific_smarts"": ""[CX2H0:1](=[C;X3])=O"",
    ""description"": ""Central cumulenic carbon double-bonded to one carbon and one oxygen (ketene C=C=O)."",
    ""uncertainty"": ""15""
  },
  {
    ""atom_type"": 906,
    ""element"": ""C"",
    ""chemical_environment"": ""Histidine sidechain CB (methylene linking CA to imidazole), in N-methyl-His"",
    ""functional_group"": ""amino acid side chain (benzylic-like CH2 alpha to imidazole)"",
    ""hybridization"": ""sp3"",
    ""example_molecule_smiles"": ""NC(Cc1n(C)ccn1)C(=O)O"",
    ""group_smarts"": ""[CH2]-c1ncnc1"",
    ""atom_specific_smarts"": ""[CH2:1]-c1ncnc1"",
    ""description"": ""Sidechain beta carbon of histidine; sp3 CH2 bonded to the alpha carbon and to an imidazole ring carbon. N-methylation is on the ring nitrogen and does not change CB connectivity."",
    ""uncertainty"": ""40""
  },
  {
    ""atom_type"": 6,
    ""element"": ""C"",
    ""chemical_environment"": ""Generic carbon placeholder (unspecified bonding in source entry)"",
    ""functional_group"": ""unspecified"",
    ""hybridization"": ""unspecified"",
    ""example_molecule_smiles"": ""C"",
    ""group_smarts"": ""[#6]"",
    ""atom_specific_smarts"": ""[#6:1]"",
    ""description"": ""Ambiguous generic carbon type from source; no clear local environment provided."",
    ""uncertainty"": ""80""
  },
  {
    ""atom_type"": 54,
    ""element"": ""C"",
    ""chemical_environment"": ""Primary methyl in n-alkanes (attached to a methylene carbon)"",
    ""functional_group"": ""alkane (n-CH3)"",
    ""hybridization"": ""sp3"",
    ""example_molecule_smiles"": ""CCC"",
    ""group_smarts"": ""[CH3]-[CH2]"",
    ""atom_specific_smarts"": ""[CH3:1]-[CH2X4]"",
    ""description"": ""Terminal methyl attached to a methylene (primary chain end). Neighbor carbon is sp3 CH2."",
    ""uncertainty"": ""10""
  },
  {
    ""atom_type"": 55,
    ""element"": ""C"",
    ""chemical_environment"": ""Methyl attached to a secondary carbon (iso-alkyl, e.g., isopropyl)"",
    ""functional_group"": ""alkane (iso-CH3)"",
    ""hybridization"": ""sp3"",
    ""example_molecule_smiles"": ""CC(C)C"",
    ""group_smarts"": ""[CH3]-[CHX4]"",
    ""atom_specific_smarts"": ""[CH3:1]-[CHX4](-[#6X4])-[#6X4]"",
    ""description"": ""Methyl whose single carbon neighbor is a secondary sp3 carbon (CH) bound to two other carbons."",
    ""uncertainty"": ""10""
  },
  {
    ""atom_type"": 56,
    ""element"": ""C"",
    ""chemical_environment"": ""Methyl attached to a quaternary carbon (neo-alkyl, e.g., neopentyl/tert-butyl center)"",
    ""functional_group"": ""alkane (neo-CH3)"",
    ""hybridization"": ""sp3"",
    ""example_molecule_smiles"": ""CC(C)(C)C"",
    ""group_smarts"": ""[CH3]-[CX4H0]"",
    ""atom_specific_smarts"": ""[CH3:1]-[CX4H0](-[#6X4])(-[#6X4])-[#6X4]"",
    ""description"": ""Methyl whose single carbon neighbor is a quaternary sp3 carbon (no hydrogens)."",
    ""uncertainty"": ""10""
  },
  {
    ""atom_type"": 57,
    ""element"": ""C"",
    ""chemical_environment"": ""Methylene carbon in alkanes (two C neighbors, two H)"",
    ""functional_group"": ""alkane (CH2)"",
    ""hybridization"": ""sp3"",
    ""example_molecule_smiles"": ""CCCC"",
    ""group_smarts"": ""[CH2]-[#6X4]"",
    ""atom_specific_smarts"": ""[CH2:1](-[#6X4])-[#6X4]"",
    ""description"": ""Internal or near-terminal methylene in saturated hydrocarbons; two sp3 carbon neighbors."",
    ""uncertainty"": ""10""
  },
  {
    ""atom_type"": 58,
    ""element"": ""C"",
    ""chemical_environment"": ""Secondary (methine) carbon in alkanes (three C neighbors, one H)"",
    ""functional_group"": ""alkane (CH)"",
    ""hybridization"": ""sp3"",
    ""example_molecule_smiles"": ""CC(C)C"",
    ""group_smarts"": ""[CH]-[#6X4]"",
    ""atom_specific_smarts"": ""[CH:1](-[#6X4])(-[#6X4])-[#6X4]"",
    ""description"": ""Methine carbon in saturated hydrocarbons; three sp3 carbon neighbors and one hydrogen."",
    ""uncertainty"": ""10""
  },
  {
    ""atom_type"": 59,
    ""element"": ""C"",
    ""chemical_environment"": ""Quaternary carbon in alkanes (four C neighbors, no H)"",
    ""functional_group"": ""alkane (C tertiary/quaternary center)"",
    ""hybridization"": ""sp3"",
    ""example_molecule_smiles"": ""CC(C)(C)C"",
    ""group_smarts"": ""[CX4H0]-[#6X4]"",
    ""atom_specific_smarts"": ""[CX4H0:1](-[#6X4])(-[#6X4])(-[#6X4])-[#6X4]"",
    ""description"": ""Saturated quaternary carbon bound to four carbons (no hydrogens)."",
    ""uncertainty"": ""10""
  },
  {
    ""atom_type"": 61,
    ""element"": ""C"",
    ""chemical_environment"": ""Benzylic methyl (methyl attached directly to an aromatic ring, e.g., toluene)"",
    ""functional_group"": ""alkyl-aryl (benzylic CH3)"",
    ""hybridization"": ""sp3"",
    ""example_molecule_smiles"": ""Cc1ccccc1"",
    ""group_smarts"": ""[CH3]-c"",
    ""atom_specific_smarts"": ""[CH3:1]-[cX3]"",
    ""description"": ""Methyl carbon bonded to an aromatic sp2 carbon (benzylic position)."",
    ""uncertainty"": ""15""
  },
  {
    ""atom_type"": 62,
    ""element"": ""C"",
    ""chemical_environment"": ""Benzylic methylene in ethylbenzene (CH2 alpha to an aromatic ring)"",
    ""functional_group"": ""alkyl-aryl (benzylic CH2)"",
    ""hybridization"": ""sp3"",
    ""example_molecule_smiles"": ""CCc1ccccc1"",
    ""group_smarts"": ""[CH2]-c"",
    ""atom_specific_smarts"": ""[CH2:1](-[cX3])-[#6X4]"",
    ""description"": ""Benzylic CH2 attached directly to an aromatic sp2 carbon and to one sp3 carbon."",
    ""uncertainty"": ""15""
  },
  {
    ""atom_type"": 63,
    ""element"": ""C"",
    ""chemical_environment"": ""Benzylic methine in isopropyl benzene (cumene) attached to two alkyl groups and an aromatic ring"",
    ""functional_group"": ""alkyl-aryl (benzylic CH)"",
    ""hybridization"": ""sp3"",
    ""example_molecule_smiles"": ""CC(C)c1ccccc1"",
    ""group_smarts"": ""[CH]-c"",
    ""atom_specific_smarts"": ""[CH:1](-[cX3])(-[#6X4])-[#6X4]"",
    ""description"": ""Benzylic CH attached directly to an aromatic carbon and to two sp3 carbon substituents (isopropyl benzene)."",
    ""uncertainty"": ""15""
  }
]"
6,0.0,C  - C~   |,12.011,oplsaa2024.lt,C,6,"Convert the following OPLS-AA atom type rows:

Atom Type Data:
- Atom index: 894
- Force field raw info: ""Anilinium C-NR3+""
- Partial charge: 0.135
- Atomic mass: 12.011
- Element guess: C
- Atomic number: 6
- Source file: oplsaa2008.lt


Atom Type Data:
- Atom index: 896
- Force field raw info: ""Anilinium C-NHR2+""
- Partial charge: 0.155
- Atomic mass: 12.011
- Element guess: C
- Atomic number: 6
- Source file: oplsaa2008.lt


Atom Type Data:
- Atom index: 897
- Force field raw info: ""Triene R2-C= (mid C=C)""
- Partial charge: 0.0
- Atomic mass: 12.011
- Element guess: C
- Atomic number: 6
- Source file: oplsaa2008.lt


Atom Type Data:
- Atom index: 898
- Force field raw info: ""Triene RH-C= (mid C=C)""
- Partial charge: -0.115
- Atomic mass: 12.011
- Element guess: C
- Atomic number: 6
- Source file: oplsaa2008.lt


Atom Type Data:
- Atom index: 900
- Force field raw info: ""Allene/Ketene H2C=C=X""
- Partial charge: -0.25
- Atomic mass: 12.011
- Element guess: C
- Atomic number: 6
- Source file: oplsaa2008.lt


Atom Type Data:
- Atom index: 901
- Force field raw info: ""Allene/Ketene HRC=C=X""
- Partial charge: -0.1
- Atomic mass: 12.011
- Element guess: C
- Atomic number: 6
- Source file: oplsaa2008.lt


Atom Type Data:
- Atom index: 902
- Force field raw info: ""Allene/Ketene R2C=C=X""
- Partial charge: 0.05
- Atomic mass: 12.011
- Element guess: C
- Atomic number: 6
- Source file: oplsaa2008.lt


Atom Type Data:
- Atom index: 903
- Force field raw info: ""Allene =C=""
- Partial charge: -0.1
- Atomic mass: 12.011
- Element guess: C
- Atomic number: 6
- Source file: oplsaa2008.lt


Atom Type Data:
- Atom index: 904
- Force field raw info: ""Ketene =C=""
- Partial charge: 0.2
- Atomic mass: 12.011
- Element guess: C
- Atomic number: 6
- Source file: oplsaa2008.lt


Atom Type Data:
- Atom index: 906
- Force field raw info: ""N-Me-HIS CB""
- Partial charge: 0.088
- Atomic mass: 12.011
- Element guess: C
- Atomic number: 6
- Source file: oplsaa2008.lt


Atom Type Data:
- Atom index: 6
- Force field raw info: C  - C~   |
- Partial charge: 0.0
- Atomic mass: 12.011
- Element guess: C
- Atomic number: 6
- Source file: oplsaa2024.lt


Atom Type Data:
- Atom index: 54
- Force field raw info: C  - CT   | n-CH3 all-atom C: alkanes
- Partial charge: -0.18
- Atomic mass: 12.011
- Element guess: C
- Atomic number: 6
- Source file: oplsaa2024.lt


Atom Type Data:
- Atom index: 55
- Force field raw info: C  - CT   | iso-CH3 all-atom C: alkanes
- Partial charge: -0.18
- Atomic mass: 12.011
- Element guess: C
- Atomic number: 6
- Source file: oplsaa2024.lt


Atom Type Data:
- Atom index: 56
- Force field raw info: C  - CT   | neo-CH3 all-atom C: alkanes
- Partial charge: -0.18
- Atomic mass: 12.011
- Element guess: C
- Atomic number: 6
- Source file: oplsaa2024.lt


Atom Type Data:
- Atom index: 57
- Force field raw info: C  - CT   | CH2 all-atom C: alkanes
- Partial charge: -0.12
- Atomic mass: 12.011
- Element guess: C
- Atomic number: 6
- Source file: oplsaa2024.lt


Atom Type Data:
- Atom index: 58
- Force field raw info: C  - CT   | CH all-atom C: alkanes
- Partial charge: -0.06
- Atomic mass: 12.011
- Element guess: C
- Atomic number: 6
- Source file: oplsaa2024.lt


Atom Type Data:
- Atom index: 59
- Force field raw info: C  - CT   | C all-atom C: alkanes
- Partial charge: 0.0
- Atomic mass: 12.011
- Element guess: C
- Atomic number: 6
- Source file: oplsaa2024.lt


Atom Type Data:
- Atom index: 61
- Force field raw info: C  - CT   | all-atom C: CH3, toluene
- Partial charge: -0.065
- Atomic mass: 12.011
- Element guess: C
- Atomic number: 6
- Source file: oplsaa2024.lt


Atom Type Data:
- Atom index: 62
- Force field raw info: C  - CT   | all-atom C: CH2, ethyl benzene
- Partial charge: -0.005
- Atomic mass: 12.011
- Element guess: C
- Atomic number: 6
- Source file: oplsaa2024.lt


Atom Type Data:
- Atom index: 63
- Force field raw info: C  - CT   | all-atom C: CH, i-propyl benzene
- Partial charge: 0.055
- Atomic mass: 12.011
- Element guess: C
- Atomic number: 6
- Source file: oplsaa2024.lt
","[
  {
    ""atom_type"": 894,
    ""element"": ""C"",
    ""chemical_environment"": ""Aromatic ipso carbon bonded to a protonated tertiary anilinium nitrogen"",
    ""functional_group"": ""anilinium (aryl ammonium, tertiary)"",
    ""hybridization"": ""sp2"",
    ""example_molecule_smiles"": ""c1ccc(cc1)[N+H](C)C"",
    ""group_smarts"": ""[cX3]-[N+H]([#6])([#6])[#6]"",
    ""atom_specific_smarts"": ""[cX3:1]-[N+H]([#6])([#6])[#6]"",
    ""description"": ""Ring carbon of an aniline bearing a protonated tertiary amine; neighbors: two aromatic carbons and one [N+H] bonded to three carbons."",
    ""uncertainty"": ""30""
  },
  {
    ""atom_type"": 896,
    ""element"": ""C"",
    ""chemical_environment"": ""Aromatic ipso carbon bonded to a protonated secondary anilinium nitrogen"",
    ""functional_group"": ""anilinium (aryl ammonium, secondary)"",
    ""hybridization"": ""sp2"",
    ""example_molecule_smiles"": ""c1ccc(cc1)[N+H2]CC"",
    ""group_smarts"": ""[cX3]-[N+H2]([#6])[#6]"",
    ""atom_specific_smarts"": ""[cX3:1]-[N+H2]([#6])[#6]"",
    ""description"": ""Ring carbon of an aniline bearing a protonated secondary amine; neighbors: two aromatic carbons and one [N+H2] bonded to two carbons."",
    ""uncertainty"": ""35""
  },
  {
    ""atom_type"": 897,
    ""element"": ""C"",
    ""chemical_environment"": ""Internal alkene carbon in the middle C=C of a conjugated triene, disubstituted (no hydrogens)"",
    ""functional_group"": ""conjugated triene (hexatriene-like), mid C=C (R2C=)"",
    ""hybridization"": ""sp2"",
    ""example_molecule_smiles"": ""C=C(C)C=C(C)C=C"",
    ""group_smarts"": ""[CX3](=C)-C=C"",
    ""atom_specific_smarts"": ""[CX3H0:1](=C(-C=C))-C=C"",
    ""description"": ""Middle double-bond carbon of a C=C-C=C-C=C system; one double-bonded sp2 neighbor and two single-bonded sp2 neighbors that each continue as C=C; this atom has no H."",
    ""uncertainty"": ""25""
  },
  {
    ""atom_type"": 898,
    ""element"": ""C"",
    ""chemical_environment"": ""Internal alkene carbon in the middle C=C of a conjugated triene, monosubstituted (one hydrogen)"",
    ""functional_group"": ""conjugated triene (hexatriene-like), mid C=C (RH-C=)"",
    ""hybridization"": ""sp2"",
    ""example_molecule_smiles"": ""C=CC=CC=C"",
    ""group_smarts"": ""[CX3H1](=C)-C=C"",
    ""atom_specific_smarts"": ""[CX3H1:1](=C(-C=C))-C=C"",
    ""description"": ""Middle double-bond carbon of a C=C-C=C-C=C system; one double-bonded sp2 neighbor and one single-bonded sp2 neighbor that continues as C=C; this atom has one H."",
    ""uncertainty"": ""25""
  },
  {
    ""atom_type"": 900,
    ""element"": ""C"",
    ""chemical_environment"": ""Terminal sp2 carbon of an allene/ketene fragment H2C=C=X"",
    ""functional_group"": ""allene or ketene (terminal CH2)"",
    ""hybridization"": ""sp2"",
    ""example_molecule_smiles"": ""C=C=O"",
    ""group_smarts"": ""[CH2]=C=[C,O]"",
    ""atom_specific_smarts"": ""[CH2:1]=C=[C,O]"",
    ""description"": ""Terminal vinylidene carbon bearing two hydrogens, double-bonded to the central cumulenic carbon that is further double-bonded to C or O."",
    ""uncertainty"": ""15""
  },
  {
    ""atom_type"": 901,
    ""element"": ""C"",
    ""chemical_environment"": ""Terminal sp2 carbon of an allene/ketene fragment HRC=C=X (one H, one carbon substituent)"",
    ""functional_group"": ""allene or ketene (substituted terminal CH)"",
    ""hybridization"": ""sp2"",
    ""example_molecule_smiles"": ""CC=C=O"",
    ""group_smarts"": ""[CH1](-[#6])=C=[C,O]"",
    ""atom_specific_smarts"": ""[CH1:1](-[#6])=C=[C,O]"",
    ""description"": ""Terminal sp2 carbon with one hydrogen and one carbon substituent, double-bonded to the central cumulenic carbon which is double-bonded to C or O."",
    ""uncertainty"": ""15""
  },
  {
    ""atom_type"": 902,
    ""element"": ""C"",
    ""chemical_environment"": ""Terminal sp2 carbon of an allene/ketene fragment R2C=C=X (no hydrogens)"",
    ""functional_group"": ""allene or ketene (disubstituted terminal carbon)"",
    ""hybridization"": ""sp2"",
    ""example_molecule_smiles"": ""CC(=C=O)C"",
    ""group_smarts"": ""[CH0](-[#6])(-[#6])=C=[C,O]"",
    ""atom_specific_smarts"": ""[CX3H0:1](-[#6])(-[#6])=C=[C,O]"",
    ""description"": ""Terminal sp2 carbon with two carbon substituents, double-bonded to the central cumulenic carbon which is double-bonded to C or O."",
    ""uncertainty"": ""15""
  },
  {
    ""atom_type"": 903,
    ""element"": ""C"",
    ""chemical_environment"": ""Central sp carbon of an allene fragment =C="",
    ""functional_group"": ""allene (central cumulenic carbon)"",
    ""hybridization"": ""sp"",
    ""example_molecule_smiles"": ""C=C=C"",
    ""group_smarts"": ""[CX2H0](=[C])[C]=[C]"",
    ""atom_specific_smarts"": ""[CX2H0:1](=[C;X3])[C;X3]=[C;X3]"",
    ""description"": ""Central cumulenic carbon double-bonded to two carbons (no heteroatom); neighbors are two terminal sp2 carbons."",
    ""uncertainty"": ""15""
  },
  {
    ""atom_type"": 904,
    ""element"": ""C"",
    ""chemical_environment"": ""Central sp carbon of a ketene fragment =C="",
    ""functional_group"": ""ketene (central cumulenic carbon)"",
    ""hybridization"": ""sp"",
    ""example_molecule_smiles"": ""C=C=O"",
    ""group_smarts"": ""[CX2H0](=C)=O"",
    ""atom_specific_smarts"": ""[CX2H0:1](=[C;X3])=O"",
    ""description"": ""Central cumulenic carbon double-bonded to one carbon and one oxygen (ketene C=C=O)."",
    ""uncertainty"": ""15""
  },
  {
    ""atom_type"": 906,
    ""element"": ""C"",
    ""chemical_environment"": ""Histidine sidechain CB (methylene linking CA to imidazole), in N-methyl-His"",
    ""functional_group"": ""amino acid side chain (benzylic-like CH2 alpha to imidazole)"",
    ""hybridization"": ""sp3"",
    ""example_molecule_smiles"": ""NC(Cc1n(C)ccn1)C(=O)O"",
    ""group_smarts"": ""[CH2]-c1ncnc1"",
    ""atom_specific_smarts"": ""[CH2:1]-c1ncnc1"",
    ""description"": ""Sidechain beta carbon of histidine; sp3 CH2 bonded to the alpha carbon and to an imidazole ring carbon. N-methylation is on the ring nitrogen and does not change CB connectivity."",
    ""uncertainty"": ""40""
  },
  {
    ""atom_type"": 6,
    ""element"": ""C"",
    ""chemical_environment"": ""Generic carbon placeholder (unspecified bonding in source entry)"",
    ""functional_group"": ""unspecified"",
    ""hybridization"": ""unspecified"",
    ""example_molecule_smiles"": ""C"",
    ""group_smarts"": ""[#6]"",
    ""atom_specific_smarts"": ""[#6:1]"",
    ""description"": ""Ambiguous generic carbon type from source; no clear local environment provided."",
    ""uncertainty"": ""80""
  },
  {
    ""atom_type"": 54,
    ""element"": ""C"",
    ""chemical_environment"": ""Primary methyl in n-alkanes (attached to a methylene carbon)"",
    ""functional_group"": ""alkane (n-CH3)"",
    ""hybridization"": ""sp3"",
    ""example_molecule_smiles"": ""CCC"",
    ""group_smarts"": ""[CH3]-[CH2]"",
    ""atom_specific_smarts"": ""[CH3:1]-[CH2X4]"",
    ""description"": ""Terminal methyl attached to a methylene (primary chain end). Neighbor carbon is sp3 CH2."",
    ""uncertainty"": ""10""
  },
  {
    ""atom_type"": 55,
    ""element"": ""C"",
    ""chemical_environment"": ""Methyl attached to a secondary carbon (iso-alkyl, e.g., isopropyl)"",
    ""functional_group"": ""alkane (iso-CH3)"",
    ""hybridization"": ""sp3"",
    ""example_molecule_smiles"": ""CC(C)C"",
    ""group_smarts"": ""[CH3]-[CHX4]"",
    ""atom_specific_smarts"": ""[CH3:1]-[CHX4](-[#6X4])-[#6X4]"",
    ""description"": ""Methyl whose single carbon neighbor is a secondary sp3 carbon (CH) bound to two other carbons."",
    ""uncertainty"": ""10""
  },
  {
    ""atom_type"": 56,
    ""element"": ""C"",
    ""chemical_environment"": ""Methyl attached to a quaternary carbon (neo-alkyl, e.g., neopentyl/tert-butyl center)"",
    ""functional_group"": ""alkane (neo-CH3)"",
    ""hybridization"": ""sp3"",
    ""example_molecule_smiles"": ""CC(C)(C)C"",
    ""group_smarts"": ""[CH3]-[CX4H0]"",
    ""atom_specific_smarts"": ""[CH3:1]-[CX4H0](-[#6X4])(-[#6X4])-[#6X4]"",
    ""description"": ""Methyl whose single carbon neighbor is a quaternary sp3 carbon (no hydrogens)."",
    ""uncertainty"": ""10""
  },
  {
    ""atom_type"": 57,
    ""element"": ""C"",
    ""chemical_environment"": ""Methylene carbon in alkanes (two C neighbors, two H)"",
    ""functional_group"": ""alkane (CH2)"",
    ""hybridization"": ""sp3"",
    ""example_molecule_smiles"": ""CCCC"",
    ""group_smarts"": ""[CH2]-[#6X4]"",
    ""atom_specific_smarts"": ""[CH2:1](-[#6X4])-[#6X4]"",
    ""description"": ""Internal or near-terminal methylene in saturated hydrocarbons; two sp3 carbon neighbors."",
    ""uncertainty"": ""10""
  },
  {
    ""atom_type"": 58,
    ""element"": ""C"",
    ""chemical_environment"": ""Secondary (methine) carbon in alkanes (three C neighbors, one H)"",
    ""functional_group"": ""alkane (CH)"",
    ""hybridization"": ""sp3"",
    ""example_molecule_smiles"": ""CC(C)C"",
    ""group_smarts"": ""[CH]-[#6X4]"",
    ""atom_specific_smarts"": ""[CH:1](-[#6X4])(-[#6X4])-[#6X4]"",
    ""description"": ""Methine carbon in saturated hydrocarbons; three sp3 carbon neighbors and one hydrogen."",
    ""uncertainty"": ""10""
  },
  {
    ""atom_type"": 59,
    ""element"": ""C"",
    ""chemical_environment"": ""Quaternary carbon in alkanes (four C neighbors, no H)"",
    ""functional_group"": ""alkane (C tertiary/quaternary center)"",
    ""hybridization"": ""sp3"",
    ""example_molecule_smiles"": ""CC(C)(C)C"",
    ""group_smarts"": ""[CX4H0]-[#6X4]"",
    ""atom_specific_smarts"": ""[CX4H0:1](-[#6X4])(-[#6X4])(-[#6X4])-[#6X4]"",
    ""description"": ""Saturated quaternary carbon bound to four carbons (no hydrogens)."",
    ""uncertainty"": ""10""
  },
  {
    ""atom_type"": 61,
    ""element"": ""C"",
    ""chemical_environment"": ""Benzylic methyl (methyl attached directly to an aromatic ring, e.g., toluene)"",
    ""functional_group"": ""alkyl-aryl (benzylic CH3)"",
    ""hybridization"": ""sp3"",
    ""example_molecule_smiles"": ""Cc1ccccc1"",
    ""group_smarts"": ""[CH3]-c"",
    ""atom_specific_smarts"": ""[CH3:1]-[cX3]"",
    ""description"": ""Methyl carbon bonded to an aromatic sp2 carbon (benzylic position)."",
    ""uncertainty"": ""15""
  },
  {
    ""atom_type"": 62,
    ""element"": ""C"",
    ""chemical_environment"": ""Benzylic methylene in ethylbenzene (CH2 alpha to an aromatic ring)"",
    ""functional_group"": ""alkyl-aryl (benzylic CH2)"",
    ""hybridization"": ""sp3"",
    ""example_molecule_smiles"": ""CCc1ccccc1"",
    ""group_smarts"": ""[CH2]-c"",
    ""atom_specific_smarts"": ""[CH2:1](-[cX3])-[#6X4]"",
    ""description"": ""Benzylic CH2 attached directly to an aromatic sp2 carbon and to one sp3 carbon."",
    ""uncertainty"": ""15""
  },
  {
    ""atom_type"": 63,
    ""element"": ""C"",
    ""chemical_environment"": ""Benzylic methine in isopropyl benzene (cumene) attached to two alkyl groups and an aromatic ring"",
    ""functional_group"": ""alkyl-aryl (benzylic CH)"",
    ""hybridization"": ""sp3"",
    ""example_molecule_smiles"": ""CC(C)c1ccccc1"",
    ""group_smarts"": ""[CH]-c"",
    ""atom_specific_smarts"": ""[CH:1](-[cX3])(-[#6X4])-[#6X4]"",
    ""description"": ""Benzylic CH attached directly to an aromatic carbon and to two sp3 carbon substituents (isopropyl benzene)."",
    ""uncertainty"": ""15""
  }
]"
54,-0.18,C  - CT   | n-CH3 all-atom C: alkanes,12.011,oplsaa2024.lt,C,6,"Convert the following OPLS-AA atom type rows:

Atom Type Data:
- Atom index: 894
- Force field raw info: ""Anilinium C-NR3+""
- Partial charge: 0.135
- Atomic mass: 12.011
- Element guess: C
- Atomic number: 6
- Source file: oplsaa2008.lt


Atom Type Data:
- Atom index: 896
- Force field raw info: ""Anilinium C-NHR2+""
- Partial charge: 0.155
- Atomic mass: 12.011
- Element guess: C
- Atomic number: 6
- Source file: oplsaa2008.lt


Atom Type Data:
- Atom index: 897
- Force field raw info: ""Triene R2-C= (mid C=C)""
- Partial charge: 0.0
- Atomic mass: 12.011
- Element guess: C
- Atomic number: 6
- Source file: oplsaa2008.lt


Atom Type Data:
- Atom index: 898
- Force field raw info: ""Triene RH-C= (mid C=C)""
- Partial charge: -0.115
- Atomic mass: 12.011
- Element guess: C
- Atomic number: 6
- Source file: oplsaa2008.lt


Atom Type Data:
- Atom index: 900
- Force field raw info: ""Allene/Ketene H2C=C=X""
- Partial charge: -0.25
- Atomic mass: 12.011
- Element guess: C
- Atomic number: 6
- Source file: oplsaa2008.lt


Atom Type Data:
- Atom index: 901
- Force field raw info: ""Allene/Ketene HRC=C=X""
- Partial charge: -0.1
- Atomic mass: 12.011
- Element guess: C
- Atomic number: 6
- Source file: oplsaa2008.lt


Atom Type Data:
- Atom index: 902
- Force field raw info: ""Allene/Ketene R2C=C=X""
- Partial charge: 0.05
- Atomic mass: 12.011
- Element guess: C
- Atomic number: 6
- Source file: oplsaa2008.lt


Atom Type Data:
- Atom index: 903
- Force field raw info: ""Allene =C=""
- Partial charge: -0.1
- Atomic mass: 12.011
- Element guess: C
- Atomic number: 6
- Source file: oplsaa2008.lt


Atom Type Data:
- Atom index: 904
- Force field raw info: ""Ketene =C=""
- Partial charge: 0.2
- Atomic mass: 12.011
- Element guess: C
- Atomic number: 6
- Source file: oplsaa2008.lt


Atom Type Data:
- Atom index: 906
- Force field raw info: ""N-Me-HIS CB""
- Partial charge: 0.088
- Atomic mass: 12.011
- Element guess: C
- Atomic number: 6
- Source file: oplsaa2008.lt


Atom Type Data:
- Atom index: 6
- Force field raw info: C  - C~   |
- Partial charge: 0.0
- Atomic mass: 12.011
- Element guess: C
- Atomic number: 6
- Source file: oplsaa2024.lt


Atom Type Data:
- Atom index: 54
- Force field raw info: C  - CT   | n-CH3 all-atom C: alkanes
- Partial charge: -0.18
- Atomic mass: 12.011
- Element guess: C
- Atomic number: 6
- Source file: oplsaa2024.lt


Atom Type Data:
- Atom index: 55
- Force field raw info: C  - CT   | iso-CH3 all-atom C: alkanes
- Partial charge: -0.18
- Atomic mass: 12.011
- Element guess: C
- Atomic number: 6
- Source file: oplsaa2024.lt


Atom Type Data:
- Atom index: 56
- Force field raw info: C  - CT   | neo-CH3 all-atom C: alkanes
- Partial charge: -0.18
- Atomic mass: 12.011
- Element guess: C
- Atomic number: 6
- Source file: oplsaa2024.lt


Atom Type Data:
- Atom index: 57
- Force field raw info: C  - CT   | CH2 all-atom C: alkanes
- Partial charge: -0.12
- Atomic mass: 12.011
- Element guess: C
- Atomic number: 6
- Source file: oplsaa2024.lt


Atom Type Data:
- Atom index: 58
- Force field raw info: C  - CT   | CH all-atom C: alkanes
- Partial charge: -0.06
- Atomic mass: 12.011
- Element guess: C
- Atomic number: 6
- Source file: oplsaa2024.lt


Atom Type Data:
- Atom index: 59
- Force field raw info: C  - CT   | C all-atom C: alkanes
- Partial charge: 0.0
- Atomic mass: 12.011
- Element guess: C
- Atomic number: 6
- Source file: oplsaa2024.lt


Atom Type Data:
- Atom index: 61
- Force field raw info: C  - CT   | all-atom C: CH3, toluene
- Partial charge: -0.065
- Atomic mass: 12.011
- Element guess: C
- Atomic number: 6
- Source file: oplsaa2024.lt


Atom Type Data:
- Atom index: 62
- Force field raw info: C  - CT   | all-atom C: CH2, ethyl benzene
- Partial charge: -0.005
- Atomic mass: 12.011
- Element guess: C
- Atomic number: 6
- Source file: oplsaa2024.lt


Atom Type Data:
- Atom index: 63
- Force field raw info: C  - CT   | all-atom C: CH, i-propyl benzene
- Partial charge: 0.055
- Atomic mass: 12.011
- Element guess: C
- Atomic number: 6
- Source file: oplsaa2024.lt
","[
  {
    ""atom_type"": 894,
    ""element"": ""C"",
    ""chemical_environment"": ""Aromatic ipso carbon bonded to a protonated tertiary anilinium nitrogen"",
    ""functional_group"": ""anilinium (aryl ammonium, tertiary)"",
    ""hybridization"": ""sp2"",
    ""example_molecule_smiles"": ""c1ccc(cc1)[N+H](C)C"",
    ""group_smarts"": ""[cX3]-[N+H]([#6])([#6])[#6]"",
    ""atom_specific_smarts"": ""[cX3:1]-[N+H]([#6])([#6])[#6]"",
    ""description"": ""Ring carbon of an aniline bearing a protonated tertiary amine; neighbors: two aromatic carbons and one [N+H] bonded to three carbons."",
    ""uncertainty"": ""30""
  },
  {
    ""atom_type"": 896,
    ""element"": ""C"",
    ""chemical_environment"": ""Aromatic ipso carbon bonded to a protonated secondary anilinium nitrogen"",
    ""functional_group"": ""anilinium (aryl ammonium, secondary)"",
    ""hybridization"": ""sp2"",
    ""example_molecule_smiles"": ""c1ccc(cc1)[N+H2]CC"",
    ""group_smarts"": ""[cX3]-[N+H2]([#6])[#6]"",
    ""atom_specific_smarts"": ""[cX3:1]-[N+H2]([#6])[#6]"",
    ""description"": ""Ring carbon of an aniline bearing a protonated secondary amine; neighbors: two aromatic carbons and one [N+H2] bonded to two carbons."",
    ""uncertainty"": ""35""
  },
  {
    ""atom_type"": 897,
    ""element"": ""C"",
    ""chemical_environment"": ""Internal alkene carbon in the middle C=C of a conjugated triene, disubstituted (no hydrogens)"",
    ""functional_group"": ""conjugated triene (hexatriene-like), mid C=C (R2C=)"",
    ""hybridization"": ""sp2"",
    ""example_molecule_smiles"": ""C=C(C)C=C(C)C=C"",
    ""group_smarts"": ""[CX3](=C)-C=C"",
    ""atom_specific_smarts"": ""[CX3H0:1](=C(-C=C))-C=C"",
    ""description"": ""Middle double-bond carbon of a C=C-C=C-C=C system; one double-bonded sp2 neighbor and two single-bonded sp2 neighbors that each continue as C=C; this atom has no H."",
    ""uncertainty"": ""25""
  },
  {
    ""atom_type"": 898,
    ""element"": ""C"",
    ""chemical_environment"": ""Internal alkene carbon in the middle C=C of a conjugated triene, monosubstituted (one hydrogen)"",
    ""functional_group"": ""conjugated triene (hexatriene-like), mid C=C (RH-C=)"",
    ""hybridization"": ""sp2"",
    ""example_molecule_smiles"": ""C=CC=CC=C"",
    ""group_smarts"": ""[CX3H1](=C)-C=C"",
    ""atom_specific_smarts"": ""[CX3H1:1](=C(-C=C))-C=C"",
    ""description"": ""Middle double-bond carbon of a C=C-C=C-C=C system; one double-bonded sp2 neighbor and one single-bonded sp2 neighbor that continues as C=C; this atom has one H."",
    ""uncertainty"": ""25""
  },
  {
    ""atom_type"": 900,
    ""element"": ""C"",
    ""chemical_environment"": ""Terminal sp2 carbon of an allene/ketene fragment H2C=C=X"",
    ""functional_group"": ""allene or ketene (terminal CH2)"",
    ""hybridization"": ""sp2"",
    ""example_molecule_smiles"": ""C=C=O"",
    ""group_smarts"": ""[CH2]=C=[C,O]"",
    ""atom_specific_smarts"": ""[CH2:1]=C=[C,O]"",
    ""description"": ""Terminal vinylidene carbon bearing two hydrogens, double-bonded to the central cumulenic carbon that is further double-bonded to C or O."",
    ""uncertainty"": ""15""
  },
  {
    ""atom_type"": 901,
    ""element"": ""C"",
    ""chemical_environment"": ""Terminal sp2 carbon of an allene/ketene fragment HRC=C=X (one H, one carbon substituent)"",
    ""functional_group"": ""allene or ketene (substituted terminal CH)"",
    ""hybridization"": ""sp2"",
    ""example_molecule_smiles"": ""CC=C=O"",
    ""group_smarts"": ""[CH1](-[#6])=C=[C,O]"",
    ""atom_specific_smarts"": ""[CH1:1](-[#6])=C=[C,O]"",
    ""description"": ""Terminal sp2 carbon with one hydrogen and one carbon substituent, double-bonded to the central cumulenic carbon which is double-bonded to C or O."",
    ""uncertainty"": ""15""
  },
  {
    ""atom_type"": 902,
    ""element"": ""C"",
    ""chemical_environment"": ""Terminal sp2 carbon of an allene/ketene fragment R2C=C=X (no hydrogens)"",
    ""functional_group"": ""allene or ketene (disubstituted terminal carbon)"",
    ""hybridization"": ""sp2"",
    ""example_molecule_smiles"": ""CC(=C=O)C"",
    ""group_smarts"": ""[CH0](-[#6])(-[#6])=C=[C,O]"",
    ""atom_specific_smarts"": ""[CX3H0:1](-[#6])(-[#6])=C=[C,O]"",
    ""description"": ""Terminal sp2 carbon with two carbon substituents, double-bonded to the central cumulenic carbon which is double-bonded to C or O."",
    ""uncertainty"": ""15""
  },
  {
    ""atom_type"": 903,
    ""element"": ""C"",
    ""chemical_environment"": ""Central sp carbon of an allene fragment =C="",
    ""functional_group"": ""allene (central cumulenic carbon)"",
    ""hybridization"": ""sp"",
    ""example_molecule_smiles"": ""C=C=C"",
    ""group_smarts"": ""[CX2H0](=[C])[C]=[C]"",
    ""atom_specific_smarts"": ""[CX2H0:1](=[C;X3])[C;X3]=[C;X3]"",
    ""description"": ""Central cumulenic carbon double-bonded to two carbons (no heteroatom); neighbors are two terminal sp2 carbons."",
    ""uncertainty"": ""15""
  },
  {
    ""atom_type"": 904,
    ""element"": ""C"",
    ""chemical_environment"": ""Central sp carbon of a ketene fragment =C="",
    ""functional_group"": ""ketene (central cumulenic carbon)"",
    ""hybridization"": ""sp"",
    ""example_molecule_smiles"": ""C=C=O"",
    ""group_smarts"": ""[CX2H0](=C)=O"",
    ""atom_specific_smarts"": ""[CX2H0:1](=[C;X3])=O"",
    ""description"": ""Central cumulenic carbon double-bonded to one carbon and one oxygen (ketene C=C=O)."",
    ""uncertainty"": ""15""
  },
  {
    ""atom_type"": 906,
    ""element"": ""C"",
    ""chemical_environment"": ""Histidine sidechain CB (methylene linking CA to imidazole), in N-methyl-His"",
    ""functional_group"": ""amino acid side chain (benzylic-like CH2 alpha to imidazole)"",
    ""hybridization"": ""sp3"",
    ""example_molecule_smiles"": ""NC(Cc1n(C)ccn1)C(=O)O"",
    ""group_smarts"": ""[CH2]-c1ncnc1"",
    ""atom_specific_smarts"": ""[CH2:1]-c1ncnc1"",
    ""description"": ""Sidechain beta carbon of histidine; sp3 CH2 bonded to the alpha carbon and to an imidazole ring carbon. N-methylation is on the ring nitrogen and does not change CB connectivity."",
    ""uncertainty"": ""40""
  },
  {
    ""atom_type"": 6,
    ""element"": ""C"",
    ""chemical_environment"": ""Generic carbon placeholder (unspecified bonding in source entry)"",
    ""functional_group"": ""unspecified"",
    ""hybridization"": ""unspecified"",
    ""example_molecule_smiles"": ""C"",
    ""group_smarts"": ""[#6]"",
    ""atom_specific_smarts"": ""[#6:1]"",
    ""description"": ""Ambiguous generic carbon type from source; no clear local environment provided."",
    ""uncertainty"": ""80""
  },
  {
    ""atom_type"": 54,
    ""element"": ""C"",
    ""chemical_environment"": ""Primary methyl in n-alkanes (attached to a methylene carbon)"",
    ""functional_group"": ""alkane (n-CH3)"",
    ""hybridization"": ""sp3"",
    ""example_molecule_smiles"": ""CCC"",
    ""group_smarts"": ""[CH3]-[CH2]"",
    ""atom_specific_smarts"": ""[CH3:1]-[CH2X4]"",
    ""description"": ""Terminal methyl attached to a methylene (primary chain end). Neighbor carbon is sp3 CH2."",
    ""uncertainty"": ""10""
  },
  {
    ""atom_type"": 55,
    ""element"": ""C"",
    ""chemical_environment"": ""Methyl attached to a secondary carbon (iso-alkyl, e.g., isopropyl)"",
    ""functional_group"": ""alkane (iso-CH3)"",
    ""hybridization"": ""sp3"",
    ""example_molecule_smiles"": ""CC(C)C"",
    ""group_smarts"": ""[CH3]-[CHX4]"",
    ""atom_specific_smarts"": ""[CH3:1]-[CHX4](-[#6X4])-[#6X4]"",
    ""description"": ""Methyl whose single carbon neighbor is a secondary sp3 carbon (CH) bound to two other carbons."",
    ""uncertainty"": ""10""
  },
  {
    ""atom_type"": 56,
    ""element"": ""C"",
    ""chemical_environment"": ""Methyl attached to a quaternary carbon (neo-alkyl, e.g., neopentyl/tert-butyl center)"",
    ""functional_group"": ""alkane (neo-CH3)"",
    ""hybridization"": ""sp3"",
    ""example_molecule_smiles"": ""CC(C)(C)C"",
    ""group_smarts"": ""[CH3]-[CX4H0]"",
    ""atom_specific_smarts"": ""[CH3:1]-[CX4H0](-[#6X4])(-[#6X4])-[#6X4]"",
    ""description"": ""Methyl whose single carbon neighbor is a quaternary sp3 carbon (no hydrogens)."",
    ""uncertainty"": ""10""
  },
  {
    ""atom_type"": 57,
    ""element"": ""C"",
    ""chemical_environment"": ""Methylene carbon in alkanes (two C neighbors, two H)"",
    ""functional_group"": ""alkane (CH2)"",
    ""hybridization"": ""sp3"",
    ""example_molecule_smiles"": ""CCCC"",
    ""group_smarts"": ""[CH2]-[#6X4]"",
    ""atom_specific_smarts"": ""[CH2:1](-[#6X4])-[#6X4]"",
    ""description"": ""Internal or near-terminal methylene in saturated hydrocarbons; two sp3 carbon neighbors."",
    ""uncertainty"": ""10""
  },
  {
    ""atom_type"": 58,
    ""element"": ""C"",
    ""chemical_environment"": ""Secondary (methine) carbon in alkanes (three C neighbors, one H)"",
    ""functional_group"": ""alkane (CH)"",
    ""hybridization"": ""sp3"",
    ""example_molecule_smiles"": ""CC(C)C"",
    ""group_smarts"": ""[CH]-[#6X4]"",
    ""atom_specific_smarts"": ""[CH:1](-[#6X4])(-[#6X4])-[#6X4]"",
    ""description"": ""Methine carbon in saturated hydrocarbons; three sp3 carbon neighbors and one hydrogen."",
    ""uncertainty"": ""10""
  },
  {
    ""atom_type"": 59,
    ""element"": ""C"",
    ""chemical_environment"": ""Quaternary carbon in alkanes (four C neighbors, no H)"",
    ""functional_group"": ""alkane (C tertiary/quaternary center)"",
    ""hybridization"": ""sp3"",
    ""example_molecule_smiles"": ""CC(C)(C)C"",
    ""group_smarts"": ""[CX4H0]-[#6X4]"",
    ""atom_specific_smarts"": ""[CX4H0:1](-[#6X4])(-[#6X4])(-[#6X4])-[#6X4]"",
    ""description"": ""Saturated quaternary carbon bound to four carbons (no hydrogens)."",
    ""uncertainty"": ""10""
  },
  {
    ""atom_type"": 61,
    ""element"": ""C"",
    ""chemical_environment"": ""Benzylic methyl (methyl attached directly to an aromatic ring, e.g., toluene)"",
    ""functional_group"": ""alkyl-aryl (benzylic CH3)"",
    ""hybridization"": ""sp3"",
    ""example_molecule_smiles"": ""Cc1ccccc1"",
    ""group_smarts"": ""[CH3]-c"",
    ""atom_specific_smarts"": ""[CH3:1]-[cX3]"",
    ""description"": ""Methyl carbon bonded to an aromatic sp2 carbon (benzylic position)."",
    ""uncertainty"": ""15""
  },
  {
    ""atom_type"": 62,
    ""element"": ""C"",
    ""chemical_environment"": ""Benzylic methylene in ethylbenzene (CH2 alpha to an aromatic ring)"",
    ""functional_group"": ""alkyl-aryl (benzylic CH2)"",
    ""hybridization"": ""sp3"",
    ""example_molecule_smiles"": ""CCc1ccccc1"",
    ""group_smarts"": ""[CH2]-c"",
    ""atom_specific_smarts"": ""[CH2:1](-[cX3])-[#6X4]"",
    ""description"": ""Benzylic CH2 attached directly to an aromatic sp2 carbon and to one sp3 carbon."",
    ""uncertainty"": ""15""
  },
  {
    ""atom_type"": 63,
    ""element"": ""C"",
    ""chemical_environment"": ""Benzylic methine in isopropyl benzene (cumene) attached to two alkyl groups and an aromatic ring"",
    ""functional_group"": ""alkyl-aryl (benzylic CH)"",
    ""hybridization"": ""sp3"",
    ""example_molecule_smiles"": ""CC(C)c1ccccc1"",
    ""group_smarts"": ""[CH]-c"",
    ""atom_specific_smarts"": ""[CH:1](-[cX3])(-[#6X4])-[#6X4]"",
    ""description"": ""Benzylic CH attached directly to an aromatic carbon and to two sp3 carbon substituents (isopropyl benzene)."",
    ""uncertainty"": ""15""
  }
]"
55,-0.18,C  - CT   | iso-CH3 all-atom C: alkanes,12.011,oplsaa2024.lt,C,6,"Convert the following OPLS-AA atom type rows:

Atom Type Data:
- Atom index: 894
- Force field raw info: ""Anilinium C-NR3+""
- Partial charge: 0.135
- Atomic mass: 12.011
- Element guess: C
- Atomic number: 6
- Source file: oplsaa2008.lt


Atom Type Data:
- Atom index: 896
- Force field raw info: ""Anilinium C-NHR2+""
- Partial charge: 0.155
- Atomic mass: 12.011
- Element guess: C
- Atomic number: 6
- Source file: oplsaa2008.lt


Atom Type Data:
- Atom index: 897
- Force field raw info: ""Triene R2-C= (mid C=C)""
- Partial charge: 0.0
- Atomic mass: 12.011
- Element guess: C
- Atomic number: 6
- Source file: oplsaa2008.lt


Atom Type Data:
- Atom index: 898
- Force field raw info: ""Triene RH-C= (mid C=C)""
- Partial charge: -0.115
- Atomic mass: 12.011
- Element guess: C
- Atomic number: 6
- Source file: oplsaa2008.lt


Atom Type Data:
- Atom index: 900
- Force field raw info: ""Allene/Ketene H2C=C=X""
- Partial charge: -0.25
- Atomic mass: 12.011
- Element guess: C
- Atomic number: 6
- Source file: oplsaa2008.lt


Atom Type Data:
- Atom index: 901
- Force field raw info: ""Allene/Ketene HRC=C=X""
- Partial charge: -0.1
- Atomic mass: 12.011
- Element guess: C
- Atomic number: 6
- Source file: oplsaa2008.lt


Atom Type Data:
- Atom index: 902
- Force field raw info: ""Allene/Ketene R2C=C=X""
- Partial charge: 0.05
- Atomic mass: 12.011
- Element guess: C
- Atomic number: 6
- Source file: oplsaa2008.lt


Atom Type Data:
- Atom index: 903
- Force field raw info: ""Allene =C=""
- Partial charge: -0.1
- Atomic mass: 12.011
- Element guess: C
- Atomic number: 6
- Source file: oplsaa2008.lt


Atom Type Data:
- Atom index: 904
- Force field raw info: ""Ketene =C=""
- Partial charge: 0.2
- Atomic mass: 12.011
- Element guess: C
- Atomic number: 6
- Source file: oplsaa2008.lt


Atom Type Data:
- Atom index: 906
- Force field raw info: ""N-Me-HIS CB""
- Partial charge: 0.088
- Atomic mass: 12.011
- Element guess: C
- Atomic number: 6
- Source file: oplsaa2008.lt


Atom Type Data:
- Atom index: 6
- Force field raw info: C  - C~   |
- Partial charge: 0.0
- Atomic mass: 12.011
- Element guess: C
- Atomic number: 6
- Source file: oplsaa2024.lt


Atom Type Data:
- Atom index: 54
- Force field raw info: C  - CT   | n-CH3 all-atom C: alkanes
- Partial charge: -0.18
- Atomic mass: 12.011
- Element guess: C
- Atomic number: 6
- Source file: oplsaa2024.lt


Atom Type Data:
- Atom index: 55
- Force field raw info: C  - CT   | iso-CH3 all-atom C: alkanes
- Partial charge: -0.18
- Atomic mass: 12.011
- Element guess: C
- Atomic number: 6
- Source file: oplsaa2024.lt


Atom Type Data:
- Atom index: 56
- Force field raw info: C  - CT   | neo-CH3 all-atom C: alkanes
- Partial charge: -0.18
- Atomic mass: 12.011
- Element guess: C
- Atomic number: 6
- Source file: oplsaa2024.lt


Atom Type Data:
- Atom index: 57
- Force field raw info: C  - CT   | CH2 all-atom C: alkanes
- Partial charge: -0.12
- Atomic mass: 12.011
- Element guess: C
- Atomic number: 6
- Source file: oplsaa2024.lt


Atom Type Data:
- Atom index: 58
- Force field raw info: C  - CT   | CH all-atom C: alkanes
- Partial charge: -0.06
- Atomic mass: 12.011
- Element guess: C
- Atomic number: 6
- Source file: oplsaa2024.lt


Atom Type Data:
- Atom index: 59
- Force field raw info: C  - CT   | C all-atom C: alkanes
- Partial charge: 0.0
- Atomic mass: 12.011
- Element guess: C
- Atomic number: 6
- Source file: oplsaa2024.lt


Atom Type Data:
- Atom index: 61
- Force field raw info: C  - CT   | all-atom C: CH3, toluene
- Partial charge: -0.065
- Atomic mass: 12.011
- Element guess: C
- Atomic number: 6
- Source file: oplsaa2024.lt


Atom Type Data:
- Atom index: 62
- Force field raw info: C  - CT   | all-atom C: CH2, ethyl benzene
- Partial charge: -0.005
- Atomic mass: 12.011
- Element guess: C
- Atomic number: 6
- Source file: oplsaa2024.lt


Atom Type Data:
- Atom index: 63
- Force field raw info: C  - CT   | all-atom C: CH, i-propyl benzene
- Partial charge: 0.055
- Atomic mass: 12.011
- Element guess: C
- Atomic number: 6
- Source file: oplsaa2024.lt
","[
  {
    ""atom_type"": 894,
    ""element"": ""C"",
    ""chemical_environment"": ""Aromatic ipso carbon bonded to a protonated tertiary anilinium nitrogen"",
    ""functional_group"": ""anilinium (aryl ammonium, tertiary)"",
    ""hybridization"": ""sp2"",
    ""example_molecule_smiles"": ""c1ccc(cc1)[N+H](C)C"",
    ""group_smarts"": ""[cX3]-[N+H]([#6])([#6])[#6]"",
    ""atom_specific_smarts"": ""[cX3:1]-[N+H]([#6])([#6])[#6]"",
    ""description"": ""Ring carbon of an aniline bearing a protonated tertiary amine; neighbors: two aromatic carbons and one [N+H] bonded to three carbons."",
    ""uncertainty"": ""30""
  },
  {
    ""atom_type"": 896,
    ""element"": ""C"",
    ""chemical_environment"": ""Aromatic ipso carbon bonded to a protonated secondary anilinium nitrogen"",
    ""functional_group"": ""anilinium (aryl ammonium, secondary)"",
    ""hybridization"": ""sp2"",
    ""example_molecule_smiles"": ""c1ccc(cc1)[N+H2]CC"",
    ""group_smarts"": ""[cX3]-[N+H2]([#6])[#6]"",
    ""atom_specific_smarts"": ""[cX3:1]-[N+H2]([#6])[#6]"",
    ""description"": ""Ring carbon of an aniline bearing a protonated secondary amine; neighbors: two aromatic carbons and one [N+H2] bonded to two carbons."",
    ""uncertainty"": ""35""
  },
  {
    ""atom_type"": 897,
    ""element"": ""C"",
    ""chemical_environment"": ""Internal alkene carbon in the middle C=C of a conjugated triene, disubstituted (no hydrogens)"",
    ""functional_group"": ""conjugated triene (hexatriene-like), mid C=C (R2C=)"",
    ""hybridization"": ""sp2"",
    ""example_molecule_smiles"": ""C=C(C)C=C(C)C=C"",
    ""group_smarts"": ""[CX3](=C)-C=C"",
    ""atom_specific_smarts"": ""[CX3H0:1](=C(-C=C))-C=C"",
    ""description"": ""Middle double-bond carbon of a C=C-C=C-C=C system; one double-bonded sp2 neighbor and two single-bonded sp2 neighbors that each continue as C=C; this atom has no H."",
    ""uncertainty"": ""25""
  },
  {
    ""atom_type"": 898,
    ""element"": ""C"",
    ""chemical_environment"": ""Internal alkene carbon in the middle C=C of a conjugated triene, monosubstituted (one hydrogen)"",
    ""functional_group"": ""conjugated triene (hexatriene-like), mid C=C (RH-C=)"",
    ""hybridization"": ""sp2"",
    ""example_molecule_smiles"": ""C=CC=CC=C"",
    ""group_smarts"": ""[CX3H1](=C)-C=C"",
    ""atom_specific_smarts"": ""[CX3H1:1](=C(-C=C))-C=C"",
    ""description"": ""Middle double-bond carbon of a C=C-C=C-C=C system; one double-bonded sp2 neighbor and one single-bonded sp2 neighbor that continues as C=C; this atom has one H."",
    ""uncertainty"": ""25""
  },
  {
    ""atom_type"": 900,
    ""element"": ""C"",
    ""chemical_environment"": ""Terminal sp2 carbon of an allene/ketene fragment H2C=C=X"",
    ""functional_group"": ""allene or ketene (terminal CH2)"",
    ""hybridization"": ""sp2"",
    ""example_molecule_smiles"": ""C=C=O"",
    ""group_smarts"": ""[CH2]=C=[C,O]"",
    ""atom_specific_smarts"": ""[CH2:1]=C=[C,O]"",
    ""description"": ""Terminal vinylidene carbon bearing two hydrogens, double-bonded to the central cumulenic carbon that is further double-bonded to C or O."",
    ""uncertainty"": ""15""
  },
  {
    ""atom_type"": 901,
    ""element"": ""C"",
    ""chemical_environment"": ""Terminal sp2 carbon of an allene/ketene fragment HRC=C=X (one H, one carbon substituent)"",
    ""functional_group"": ""allene or ketene (substituted terminal CH)"",
    ""hybridization"": ""sp2"",
    ""example_molecule_smiles"": ""CC=C=O"",
    ""group_smarts"": ""[CH1](-[#6])=C=[C,O]"",
    ""atom_specific_smarts"": ""[CH1:1](-[#6])=C=[C,O]"",
    ""description"": ""Terminal sp2 carbon with one hydrogen and one carbon substituent, double-bonded to the central cumulenic carbon which is double-bonded to C or O."",
    ""uncertainty"": ""15""
  },
  {
    ""atom_type"": 902,
    ""element"": ""C"",
    ""chemical_environment"": ""Terminal sp2 carbon of an allene/ketene fragment R2C=C=X (no hydrogens)"",
    ""functional_group"": ""allene or ketene (disubstituted terminal carbon)"",
    ""hybridization"": ""sp2"",
    ""example_molecule_smiles"": ""CC(=C=O)C"",
    ""group_smarts"": ""[CH0](-[#6])(-[#6])=C=[C,O]"",
    ""atom_specific_smarts"": ""[CX3H0:1](-[#6])(-[#6])=C=[C,O]"",
    ""description"": ""Terminal sp2 carbon with two carbon substituents, double-bonded to the central cumulenic carbon which is double-bonded to C or O."",
    ""uncertainty"": ""15""
  },
  {
    ""atom_type"": 903,
    ""element"": ""C"",
    ""chemical_environment"": ""Central sp carbon of an allene fragment =C="",
    ""functional_group"": ""allene (central cumulenic carbon)"",
    ""hybridization"": ""sp"",
    ""example_molecule_smiles"": ""C=C=C"",
    ""group_smarts"": ""[CX2H0](=[C])[C]=[C]"",
    ""atom_specific_smarts"": ""[CX2H0:1](=[C;X3])[C;X3]=[C;X3]"",
    ""description"": ""Central cumulenic carbon double-bonded to two carbons (no heteroatom); neighbors are two terminal sp2 carbons."",
    ""uncertainty"": ""15""
  },
  {
    ""atom_type"": 904,
    ""element"": ""C"",
    ""chemical_environment"": ""Central sp carbon of a ketene fragment =C="",
    ""functional_group"": ""ketene (central cumulenic carbon)"",
    ""hybridization"": ""sp"",
    ""example_molecule_smiles"": ""C=C=O"",
    ""group_smarts"": ""[CX2H0](=C)=O"",
    ""atom_specific_smarts"": ""[CX2H0:1](=[C;X3])=O"",
    ""description"": ""Central cumulenic carbon double-bonded to one carbon and one oxygen (ketene C=C=O)."",
    ""uncertainty"": ""15""
  },
  {
    ""atom_type"": 906,
    ""element"": ""C"",
    ""chemical_environment"": ""Histidine sidechain CB (methylene linking CA to imidazole), in N-methyl-His"",
    ""functional_group"": ""amino acid side chain (benzylic-like CH2 alpha to imidazole)"",
    ""hybridization"": ""sp3"",
    ""example_molecule_smiles"": ""NC(Cc1n(C)ccn1)C(=O)O"",
    ""group_smarts"": ""[CH2]-c1ncnc1"",
    ""atom_specific_smarts"": ""[CH2:1]-c1ncnc1"",
    ""description"": ""Sidechain beta carbon of histidine; sp3 CH2 bonded to the alpha carbon and to an imidazole ring carbon. N-methylation is on the ring nitrogen and does not change CB connectivity."",
    ""uncertainty"": ""40""
  },
  {
    ""atom_type"": 6,
    ""element"": ""C"",
    ""chemical_environment"": ""Generic carbon placeholder (unspecified bonding in source entry)"",
    ""functional_group"": ""unspecified"",
    ""hybridization"": ""unspecified"",
    ""example_molecule_smiles"": ""C"",
    ""group_smarts"": ""[#6]"",
    ""atom_specific_smarts"": ""[#6:1]"",
    ""description"": ""Ambiguous generic carbon type from source; no clear local environment provided."",
    ""uncertainty"": ""80""
  },
  {
    ""atom_type"": 54,
    ""element"": ""C"",
    ""chemical_environment"": ""Primary methyl in n-alkanes (attached to a methylene carbon)"",
    ""functional_group"": ""alkane (n-CH3)"",
    ""hybridization"": ""sp3"",
    ""example_molecule_smiles"": ""CCC"",
    ""group_smarts"": ""[CH3]-[CH2]"",
    ""atom_specific_smarts"": ""[CH3:1]-[CH2X4]"",
    ""description"": ""Terminal methyl attached to a methylene (primary chain end). Neighbor carbon is sp3 CH2."",
    ""uncertainty"": ""10""
  },
  {
    ""atom_type"": 55,
    ""element"": ""C"",
    ""chemical_environment"": ""Methyl attached to a secondary carbon (iso-alkyl, e.g., isopropyl)"",
    ""functional_group"": ""alkane (iso-CH3)"",
    ""hybridization"": ""sp3"",
    ""example_molecule_smiles"": ""CC(C)C"",
    ""group_smarts"": ""[CH3]-[CHX4]"",
    ""atom_specific_smarts"": ""[CH3:1]-[CHX4](-[#6X4])-[#6X4]"",
    ""description"": ""Methyl whose single carbon neighbor is a secondary sp3 carbon (CH) bound to two other carbons."",
    ""uncertainty"": ""10""
  },
  {
    ""atom_type"": 56,
    ""element"": ""C"",
    ""chemical_environment"": ""Methyl attached to a quaternary carbon (neo-alkyl, e.g., neopentyl/tert-butyl center)"",
    ""functional_group"": ""alkane (neo-CH3)"",
    ""hybridization"": ""sp3"",
    ""example_molecule_smiles"": ""CC(C)(C)C"",
    ""group_smarts"": ""[CH3]-[CX4H0]"",
    ""atom_specific_smarts"": ""[CH3:1]-[CX4H0](-[#6X4])(-[#6X4])-[#6X4]"",
    ""description"": ""Methyl whose single carbon neighbor is a quaternary sp3 carbon (no hydrogens)."",
    ""uncertainty"": ""10""
  },
  {
    ""atom_type"": 57,
    ""element"": ""C"",
    ""chemical_environment"": ""Methylene carbon in alkanes (two C neighbors, two H)"",
    ""functional_group"": ""alkane (CH2)"",
    ""hybridization"": ""sp3"",
    ""example_molecule_smiles"": ""CCCC"",
    ""group_smarts"": ""[CH2]-[#6X4]"",
    ""atom_specific_smarts"": ""[CH2:1](-[#6X4])-[#6X4]"",
    ""description"": ""Internal or near-terminal methylene in saturated hydrocarbons; two sp3 carbon neighbors."",
    ""uncertainty"": ""10""
  },
  {
    ""atom_type"": 58,
    ""element"": ""C"",
    ""chemical_environment"": ""Secondary (methine) carbon in alkanes (three C neighbors, one H)"",
    ""functional_group"": ""alkane (CH)"",
    ""hybridization"": ""sp3"",
    ""example_molecule_smiles"": ""CC(C)C"",
    ""group_smarts"": ""[CH]-[#6X4]"",
    ""atom_specific_smarts"": ""[CH:1](-[#6X4])(-[#6X4])-[#6X4]"",
    ""description"": ""Methine carbon in saturated hydrocarbons; three sp3 carbon neighbors and one hydrogen."",
    ""uncertainty"": ""10""
  },
  {
    ""atom_type"": 59,
    ""element"": ""C"",
    ""chemical_environment"": ""Quaternary carbon in alkanes (four C neighbors, no H)"",
    ""functional_group"": ""alkane (C tertiary/quaternary center)"",
    ""hybridization"": ""sp3"",
    ""example_molecule_smiles"": ""CC(C)(C)C"",
    ""group_smarts"": ""[CX4H0]-[#6X4]"",
    ""atom_specific_smarts"": ""[CX4H0:1](-[#6X4])(-[#6X4])(-[#6X4])-[#6X4]"",
    ""description"": ""Saturated quaternary carbon bound to four carbons (no hydrogens)."",
    ""uncertainty"": ""10""
  },
  {
    ""atom_type"": 61,
    ""element"": ""C"",
    ""chemical_environment"": ""Benzylic methyl (methyl attached directly to an aromatic ring, e.g., toluene)"",
    ""functional_group"": ""alkyl-aryl (benzylic CH3)"",
    ""hybridization"": ""sp3"",
    ""example_molecule_smiles"": ""Cc1ccccc1"",
    ""group_smarts"": ""[CH3]-c"",
    ""atom_specific_smarts"": ""[CH3:1]-[cX3]"",
    ""description"": ""Methyl carbon bonded to an aromatic sp2 carbon (benzylic position)."",
    ""uncertainty"": ""15""
  },
  {
    ""atom_type"": 62,
    ""element"": ""C"",
    ""chemical_environment"": ""Benzylic methylene in ethylbenzene (CH2 alpha to an aromatic ring)"",
    ""functional_group"": ""alkyl-aryl (benzylic CH2)"",
    ""hybridization"": ""sp3"",
    ""example_molecule_smiles"": ""CCc1ccccc1"",
    ""group_smarts"": ""[CH2]-c"",
    ""atom_specific_smarts"": ""[CH2:1](-[cX3])-[#6X4]"",
    ""description"": ""Benzylic CH2 attached directly to an aromatic sp2 carbon and to one sp3 carbon."",
    ""uncertainty"": ""15""
  },
  {
    ""atom_type"": 63,
    ""element"": ""C"",
    ""chemical_environment"": ""Benzylic methine in isopropyl benzene (cumene) attached to two alkyl groups and an aromatic ring"",
    ""functional_group"": ""alkyl-aryl (benzylic CH)"",
    ""hybridization"": ""sp3"",
    ""example_molecule_smiles"": ""CC(C)c1ccccc1"",
    ""group_smarts"": ""[CH]-c"",
    ""atom_specific_smarts"": ""[CH:1](-[cX3])(-[#6X4])-[#6X4]"",
    ""description"": ""Benzylic CH attached directly to an aromatic carbon and to two sp3 carbon substituents (isopropyl benzene)."",
    ""uncertainty"": ""15""
  }
]"
56,-0.18,C  - CT   | neo-CH3 all-atom C: alkanes,12.011,oplsaa2024.lt,C,6,"Convert the following OPLS-AA atom type rows:

Atom Type Data:
- Atom index: 894
- Force field raw info: ""Anilinium C-NR3+""
- Partial charge: 0.135
- Atomic mass: 12.011
- Element guess: C
- Atomic number: 6
- Source file: oplsaa2008.lt


Atom Type Data:
- Atom index: 896
- Force field raw info: ""Anilinium C-NHR2+""
- Partial charge: 0.155
- Atomic mass: 12.011
- Element guess: C
- Atomic number: 6
- Source file: oplsaa2008.lt


Atom Type Data:
- Atom index: 897
- Force field raw info: ""Triene R2-C= (mid C=C)""
- Partial charge: 0.0
- Atomic mass: 12.011
- Element guess: C
- Atomic number: 6
- Source file: oplsaa2008.lt


Atom Type Data:
- Atom index: 898
- Force field raw info: ""Triene RH-C= (mid C=C)""
- Partial charge: -0.115
- Atomic mass: 12.011
- Element guess: C
- Atomic number: 6
- Source file: oplsaa2008.lt


Atom Type Data:
- Atom index: 900
- Force field raw info: ""Allene/Ketene H2C=C=X""
- Partial charge: -0.25
- Atomic mass: 12.011
- Element guess: C
- Atomic number: 6
- Source file: oplsaa2008.lt


Atom Type Data:
- Atom index: 901
- Force field raw info: ""Allene/Ketene HRC=C=X""
- Partial charge: -0.1
- Atomic mass: 12.011
- Element guess: C
- Atomic number: 6
- Source file: oplsaa2008.lt


Atom Type Data:
- Atom index: 902
- Force field raw info: ""Allene/Ketene R2C=C=X""
- Partial charge: 0.05
- Atomic mass: 12.011
- Element guess: C
- Atomic number: 6
- Source file: oplsaa2008.lt


Atom Type Data:
- Atom index: 903
- Force field raw info: ""Allene =C=""
- Partial charge: -0.1
- Atomic mass: 12.011
- Element guess: C
- Atomic number: 6
- Source file: oplsaa2008.lt


Atom Type Data:
- Atom index: 904
- Force field raw info: ""Ketene =C=""
- Partial charge: 0.2
- Atomic mass: 12.011
- Element guess: C
- Atomic number: 6
- Source file: oplsaa2008.lt


Atom Type Data:
- Atom index: 906
- Force field raw info: ""N-Me-HIS CB""
- Partial charge: 0.088
- Atomic mass: 12.011
- Element guess: C
- Atomic number: 6
- Source file: oplsaa2008.lt


Atom Type Data:
- Atom index: 6
- Force field raw info: C  - C~   |
- Partial charge: 0.0
- Atomic mass: 12.011
- Element guess: C
- Atomic number: 6
- Source file: oplsaa2024.lt


Atom Type Data:
- Atom index: 54
- Force field raw info: C  - CT   | n-CH3 all-atom C: alkanes
- Partial charge: -0.18
- Atomic mass: 12.011
- Element guess: C
- Atomic number: 6
- Source file: oplsaa2024.lt


Atom Type Data:
- Atom index: 55
- Force field raw info: C  - CT   | iso-CH3 all-atom C: alkanes
- Partial charge: -0.18
- Atomic mass: 12.011
- Element guess: C
- Atomic number: 6
- Source file: oplsaa2024.lt


Atom Type Data:
- Atom index: 56
- Force field raw info: C  - CT   | neo-CH3 all-atom C: alkanes
- Partial charge: -0.18
- Atomic mass: 12.011
- Element guess: C
- Atomic number: 6
- Source file: oplsaa2024.lt


Atom Type Data:
- Atom index: 57
- Force field raw info: C  - CT   | CH2 all-atom C: alkanes
- Partial charge: -0.12
- Atomic mass: 12.011
- Element guess: C
- Atomic number: 6
- Source file: oplsaa2024.lt


Atom Type Data:
- Atom index: 58
- Force field raw info: C  - CT   | CH all-atom C: alkanes
- Partial charge: -0.06
- Atomic mass: 12.011
- Element guess: C
- Atomic number: 6
- Source file: oplsaa2024.lt


Atom Type Data:
- Atom index: 59
- Force field raw info: C  - CT   | C all-atom C: alkanes
- Partial charge: 0.0
- Atomic mass: 12.011
- Element guess: C
- Atomic number: 6
- Source file: oplsaa2024.lt


Atom Type Data:
- Atom index: 61
- Force field raw info: C  - CT   | all-atom C: CH3, toluene
- Partial charge: -0.065
- Atomic mass: 12.011
- Element guess: C
- Atomic number: 6
- Source file: oplsaa2024.lt


Atom Type Data:
- Atom index: 62
- Force field raw info: C  - CT   | all-atom C: CH2, ethyl benzene
- Partial charge: -0.005
- Atomic mass: 12.011
- Element guess: C
- Atomic number: 6
- Source file: oplsaa2024.lt


Atom Type Data:
- Atom index: 63
- Force field raw info: C  - CT   | all-atom C: CH, i-propyl benzene
- Partial charge: 0.055
- Atomic mass: 12.011
- Element guess: C
- Atomic number: 6
- Source file: oplsaa2024.lt
","[
  {
    ""atom_type"": 894,
    ""element"": ""C"",
    ""chemical_environment"": ""Aromatic ipso carbon bonded to a protonated tertiary anilinium nitrogen"",
    ""functional_group"": ""anilinium (aryl ammonium, tertiary)"",
    ""hybridization"": ""sp2"",
    ""example_molecule_smiles"": ""c1ccc(cc1)[N+H](C)C"",
    ""group_smarts"": ""[cX3]-[N+H]([#6])([#6])[#6]"",
    ""atom_specific_smarts"": ""[cX3:1]-[N+H]([#6])([#6])[#6]"",
    ""description"": ""Ring carbon of an aniline bearing a protonated tertiary amine; neighbors: two aromatic carbons and one [N+H] bonded to three carbons."",
    ""uncertainty"": ""30""
  },
  {
    ""atom_type"": 896,
    ""element"": ""C"",
    ""chemical_environment"": ""Aromatic ipso carbon bonded to a protonated secondary anilinium nitrogen"",
    ""functional_group"": ""anilinium (aryl ammonium, secondary)"",
    ""hybridization"": ""sp2"",
    ""example_molecule_smiles"": ""c1ccc(cc1)[N+H2]CC"",
    ""group_smarts"": ""[cX3]-[N+H2]([#6])[#6]"",
    ""atom_specific_smarts"": ""[cX3:1]-[N+H2]([#6])[#6]"",
    ""description"": ""Ring carbon of an aniline bearing a protonated secondary amine; neighbors: two aromatic carbons and one [N+H2] bonded to two carbons."",
    ""uncertainty"": ""35""
  },
  {
    ""atom_type"": 897,
    ""element"": ""C"",
    ""chemical_environment"": ""Internal alkene carbon in the middle C=C of a conjugated triene, disubstituted (no hydrogens)"",
    ""functional_group"": ""conjugated triene (hexatriene-like), mid C=C (R2C=)"",
    ""hybridization"": ""sp2"",
    ""example_molecule_smiles"": ""C=C(C)C=C(C)C=C"",
    ""group_smarts"": ""[CX3](=C)-C=C"",
    ""atom_specific_smarts"": ""[CX3H0:1](=C(-C=C))-C=C"",
    ""description"": ""Middle double-bond carbon of a C=C-C=C-C=C system; one double-bonded sp2 neighbor and two single-bonded sp2 neighbors that each continue as C=C; this atom has no H."",
    ""uncertainty"": ""25""
  },
  {
    ""atom_type"": 898,
    ""element"": ""C"",
    ""chemical_environment"": ""Internal alkene carbon in the middle C=C of a conjugated triene, monosubstituted (one hydrogen)"",
    ""functional_group"": ""conjugated triene (hexatriene-like), mid C=C (RH-C=)"",
    ""hybridization"": ""sp2"",
    ""example_molecule_smiles"": ""C=CC=CC=C"",
    ""group_smarts"": ""[CX3H1](=C)-C=C"",
    ""atom_specific_smarts"": ""[CX3H1:1](=C(-C=C))-C=C"",
    ""description"": ""Middle double-bond carbon of a C=C-C=C-C=C system; one double-bonded sp2 neighbor and one single-bonded sp2 neighbor that continues as C=C; this atom has one H."",
    ""uncertainty"": ""25""
  },
  {
    ""atom_type"": 900,
    ""element"": ""C"",
    ""chemical_environment"": ""Terminal sp2 carbon of an allene/ketene fragment H2C=C=X"",
    ""functional_group"": ""allene or ketene (terminal CH2)"",
    ""hybridization"": ""sp2"",
    ""example_molecule_smiles"": ""C=C=O"",
    ""group_smarts"": ""[CH2]=C=[C,O]"",
    ""atom_specific_smarts"": ""[CH2:1]=C=[C,O]"",
    ""description"": ""Terminal vinylidene carbon bearing two hydrogens, double-bonded to the central cumulenic carbon that is further double-bonded to C or O."",
    ""uncertainty"": ""15""
  },
  {
    ""atom_type"": 901,
    ""element"": ""C"",
    ""chemical_environment"": ""Terminal sp2 carbon of an allene/ketene fragment HRC=C=X (one H, one carbon substituent)"",
    ""functional_group"": ""allene or ketene (substituted terminal CH)"",
    ""hybridization"": ""sp2"",
    ""example_molecule_smiles"": ""CC=C=O"",
    ""group_smarts"": ""[CH1](-[#6])=C=[C,O]"",
    ""atom_specific_smarts"": ""[CH1:1](-[#6])=C=[C,O]"",
    ""description"": ""Terminal sp2 carbon with one hydrogen and one carbon substituent, double-bonded to the central cumulenic carbon which is double-bonded to C or O."",
    ""uncertainty"": ""15""
  },
  {
    ""atom_type"": 902,
    ""element"": ""C"",
    ""chemical_environment"": ""Terminal sp2 carbon of an allene/ketene fragment R2C=C=X (no hydrogens)"",
    ""functional_group"": ""allene or ketene (disubstituted terminal carbon)"",
    ""hybridization"": ""sp2"",
    ""example_molecule_smiles"": ""CC(=C=O)C"",
    ""group_smarts"": ""[CH0](-[#6])(-[#6])=C=[C,O]"",
    ""atom_specific_smarts"": ""[CX3H0:1](-[#6])(-[#6])=C=[C,O]"",
    ""description"": ""Terminal sp2 carbon with two carbon substituents, double-bonded to the central cumulenic carbon which is double-bonded to C or O."",
    ""uncertainty"": ""15""
  },
  {
    ""atom_type"": 903,
    ""element"": ""C"",
    ""chemical_environment"": ""Central sp carbon of an allene fragment =C="",
    ""functional_group"": ""allene (central cumulenic carbon)"",
    ""hybridization"": ""sp"",
    ""example_molecule_smiles"": ""C=C=C"",
    ""group_smarts"": ""[CX2H0](=[C])[C]=[C]"",
    ""atom_specific_smarts"": ""[CX2H0:1](=[C;X3])[C;X3]=[C;X3]"",
    ""description"": ""Central cumulenic carbon double-bonded to two carbons (no heteroatom); neighbors are two terminal sp2 carbons."",
    ""uncertainty"": ""15""
  },
  {
    ""atom_type"": 904,
    ""element"": ""C"",
    ""chemical_environment"": ""Central sp carbon of a ketene fragment =C="",
    ""functional_group"": ""ketene (central cumulenic carbon)"",
    ""hybridization"": ""sp"",
    ""example_molecule_smiles"": ""C=C=O"",
    ""group_smarts"": ""[CX2H0](=C)=O"",
    ""atom_specific_smarts"": ""[CX2H0:1](=[C;X3])=O"",
    ""description"": ""Central cumulenic carbon double-bonded to one carbon and one oxygen (ketene C=C=O)."",
    ""uncertainty"": ""15""
  },
  {
    ""atom_type"": 906,
    ""element"": ""C"",
    ""chemical_environment"": ""Histidine sidechain CB (methylene linking CA to imidazole), in N-methyl-His"",
    ""functional_group"": ""amino acid side chain (benzylic-like CH2 alpha to imidazole)"",
    ""hybridization"": ""sp3"",
    ""example_molecule_smiles"": ""NC(Cc1n(C)ccn1)C(=O)O"",
    ""group_smarts"": ""[CH2]-c1ncnc1"",
    ""atom_specific_smarts"": ""[CH2:1]-c1ncnc1"",
    ""description"": ""Sidechain beta carbon of histidine; sp3 CH2 bonded to the alpha carbon and to an imidazole ring carbon. N-methylation is on the ring nitrogen and does not change CB connectivity."",
    ""uncertainty"": ""40""
  },
  {
    ""atom_type"": 6,
    ""element"": ""C"",
    ""chemical_environment"": ""Generic carbon placeholder (unspecified bonding in source entry)"",
    ""functional_group"": ""unspecified"",
    ""hybridization"": ""unspecified"",
    ""example_molecule_smiles"": ""C"",
    ""group_smarts"": ""[#6]"",
    ""atom_specific_smarts"": ""[#6:1]"",
    ""description"": ""Ambiguous generic carbon type from source; no clear local environment provided."",
    ""uncertainty"": ""80""
  },
  {
    ""atom_type"": 54,
    ""element"": ""C"",
    ""chemical_environment"": ""Primary methyl in n-alkanes (attached to a methylene carbon)"",
    ""functional_group"": ""alkane (n-CH3)"",
    ""hybridization"": ""sp3"",
    ""example_molecule_smiles"": ""CCC"",
    ""group_smarts"": ""[CH3]-[CH2]"",
    ""atom_specific_smarts"": ""[CH3:1]-[CH2X4]"",
    ""description"": ""Terminal methyl attached to a methylene (primary chain end). Neighbor carbon is sp3 CH2."",
    ""uncertainty"": ""10""
  },
  {
    ""atom_type"": 55,
    ""element"": ""C"",
    ""chemical_environment"": ""Methyl attached to a secondary carbon (iso-alkyl, e.g., isopropyl)"",
    ""functional_group"": ""alkane (iso-CH3)"",
    ""hybridization"": ""sp3"",
    ""example_molecule_smiles"": ""CC(C)C"",
    ""group_smarts"": ""[CH3]-[CHX4]"",
    ""atom_specific_smarts"": ""[CH3:1]-[CHX4](-[#6X4])-[#6X4]"",
    ""description"": ""Methyl whose single carbon neighbor is a secondary sp3 carbon (CH) bound to two other carbons."",
    ""uncertainty"": ""10""
  },
  {
    ""atom_type"": 56,
    ""element"": ""C"",
    ""chemical_environment"": ""Methyl attached to a quaternary carbon (neo-alkyl, e.g., neopentyl/tert-butyl center)"",
    ""functional_group"": ""alkane (neo-CH3)"",
    ""hybridization"": ""sp3"",
    ""example_molecule_smiles"": ""CC(C)(C)C"",
    ""group_smarts"": ""[CH3]-[CX4H0]"",
    ""atom_specific_smarts"": ""[CH3:1]-[CX4H0](-[#6X4])(-[#6X4])-[#6X4]"",
    ""description"": ""Methyl whose single carbon neighbor is a quaternary sp3 carbon (no hydrogens)."",
    ""uncertainty"": ""10""
  },
  {
    ""atom_type"": 57,
    ""element"": ""C"",
    ""chemical_environment"": ""Methylene carbon in alkanes (two C neighbors, two H)"",
    ""functional_group"": ""alkane (CH2)"",
    ""hybridization"": ""sp3"",
    ""example_molecule_smiles"": ""CCCC"",
    ""group_smarts"": ""[CH2]-[#6X4]"",
    ""atom_specific_smarts"": ""[CH2:1](-[#6X4])-[#6X4]"",
    ""description"": ""Internal or near-terminal methylene in saturated hydrocarbons; two sp3 carbon neighbors."",
    ""uncertainty"": ""10""
  },
  {
    ""atom_type"": 58,
    ""element"": ""C"",
    ""chemical_environment"": ""Secondary (methine) carbon in alkanes (three C neighbors, one H)"",
    ""functional_group"": ""alkane (CH)"",
    ""hybridization"": ""sp3"",
    ""example_molecule_smiles"": ""CC(C)C"",
    ""group_smarts"": ""[CH]-[#6X4]"",
    ""atom_specific_smarts"": ""[CH:1](-[#6X4])(-[#6X4])-[#6X4]"",
    ""description"": ""Methine carbon in saturated hydrocarbons; three sp3 carbon neighbors and one hydrogen."",
    ""uncertainty"": ""10""
  },
  {
    ""atom_type"": 59,
    ""element"": ""C"",
    ""chemical_environment"": ""Quaternary carbon in alkanes (four C neighbors, no H)"",
    ""functional_group"": ""alkane (C tertiary/quaternary center)"",
    ""hybridization"": ""sp3"",
    ""example_molecule_smiles"": ""CC(C)(C)C"",
    ""group_smarts"": ""[CX4H0]-[#6X4]"",
    ""atom_specific_smarts"": ""[CX4H0:1](-[#6X4])(-[#6X4])(-[#6X4])-[#6X4]"",
    ""description"": ""Saturated quaternary carbon bound to four carbons (no hydrogens)."",
    ""uncertainty"": ""10""
  },
  {
    ""atom_type"": 61,
    ""element"": ""C"",
    ""chemical_environment"": ""Benzylic methyl (methyl attached directly to an aromatic ring, e.g., toluene)"",
    ""functional_group"": ""alkyl-aryl (benzylic CH3)"",
    ""hybridization"": ""sp3"",
    ""example_molecule_smiles"": ""Cc1ccccc1"",
    ""group_smarts"": ""[CH3]-c"",
    ""atom_specific_smarts"": ""[CH3:1]-[cX3]"",
    ""description"": ""Methyl carbon bonded to an aromatic sp2 carbon (benzylic position)."",
    ""uncertainty"": ""15""
  },
  {
    ""atom_type"": 62,
    ""element"": ""C"",
    ""chemical_environment"": ""Benzylic methylene in ethylbenzene (CH2 alpha to an aromatic ring)"",
    ""functional_group"": ""alkyl-aryl (benzylic CH2)"",
    ""hybridization"": ""sp3"",
    ""example_molecule_smiles"": ""CCc1ccccc1"",
    ""group_smarts"": ""[CH2]-c"",
    ""atom_specific_smarts"": ""[CH2:1](-[cX3])-[#6X4]"",
    ""description"": ""Benzylic CH2 attached directly to an aromatic sp2 carbon and to one sp3 carbon."",
    ""uncertainty"": ""15""
  },
  {
    ""atom_type"": 63,
    ""element"": ""C"",
    ""chemical_environment"": ""Benzylic methine in isopropyl benzene (cumene) attached to two alkyl groups and an aromatic ring"",
    ""functional_group"": ""alkyl-aryl (benzylic CH)"",
    ""hybridization"": ""sp3"",
    ""example_molecule_smiles"": ""CC(C)c1ccccc1"",
    ""group_smarts"": ""[CH]-c"",
    ""atom_specific_smarts"": ""[CH:1](-[cX3])(-[#6X4])-[#6X4]"",
    ""description"": ""Benzylic CH attached directly to an aromatic carbon and to two sp3 carbon substituents (isopropyl benzene)."",
    ""uncertainty"": ""15""
  }
]"
57,-0.12,C  - CT   | CH2 all-atom C: alkanes,12.011,oplsaa2024.lt,C,6,"Convert the following OPLS-AA atom type rows:

Atom Type Data:
- Atom index: 894
- Force field raw info: ""Anilinium C-NR3+""
- Partial charge: 0.135
- Atomic mass: 12.011
- Element guess: C
- Atomic number: 6
- Source file: oplsaa2008.lt


Atom Type Data:
- Atom index: 896
- Force field raw info: ""Anilinium C-NHR2+""
- Partial charge: 0.155
- Atomic mass: 12.011
- Element guess: C
- Atomic number: 6
- Source file: oplsaa2008.lt


Atom Type Data:
- Atom index: 897
- Force field raw info: ""Triene R2-C= (mid C=C)""
- Partial charge: 0.0
- Atomic mass: 12.011
- Element guess: C
- Atomic number: 6
- Source file: oplsaa2008.lt


Atom Type Data:
- Atom index: 898
- Force field raw info: ""Triene RH-C= (mid C=C)""
- Partial charge: -0.115
- Atomic mass: 12.011
- Element guess: C
- Atomic number: 6
- Source file: oplsaa2008.lt


Atom Type Data:
- Atom index: 900
- Force field raw info: ""Allene/Ketene H2C=C=X""
- Partial charge: -0.25
- Atomic mass: 12.011
- Element guess: C
- Atomic number: 6
- Source file: oplsaa2008.lt


Atom Type Data:
- Atom index: 901
- Force field raw info: ""Allene/Ketene HRC=C=X""
- Partial charge: -0.1
- Atomic mass: 12.011
- Element guess: C
- Atomic number: 6
- Source file: oplsaa2008.lt


Atom Type Data:
- Atom index: 902
- Force field raw info: ""Allene/Ketene R2C=C=X""
- Partial charge: 0.05
- Atomic mass: 12.011
- Element guess: C
- Atomic number: 6
- Source file: oplsaa2008.lt


Atom Type Data:
- Atom index: 903
- Force field raw info: ""Allene =C=""
- Partial charge: -0.1
- Atomic mass: 12.011
- Element guess: C
- Atomic number: 6
- Source file: oplsaa2008.lt


Atom Type Data:
- Atom index: 904
- Force field raw info: ""Ketene =C=""
- Partial charge: 0.2
- Atomic mass: 12.011
- Element guess: C
- Atomic number: 6
- Source file: oplsaa2008.lt


Atom Type Data:
- Atom index: 906
- Force field raw info: ""N-Me-HIS CB""
- Partial charge: 0.088
- Atomic mass: 12.011
- Element guess: C
- Atomic number: 6
- Source file: oplsaa2008.lt


Atom Type Data:
- Atom index: 6
- Force field raw info: C  - C~   |
- Partial charge: 0.0
- Atomic mass: 12.011
- Element guess: C
- Atomic number: 6
- Source file: oplsaa2024.lt


Atom Type Data:
- Atom index: 54
- Force field raw info: C  - CT   | n-CH3 all-atom C: alkanes
- Partial charge: -0.18
- Atomic mass: 12.011
- Element guess: C
- Atomic number: 6
- Source file: oplsaa2024.lt


Atom Type Data:
- Atom index: 55
- Force field raw info: C  - CT   | iso-CH3 all-atom C: alkanes
- Partial charge: -0.18
- Atomic mass: 12.011
- Element guess: C
- Atomic number: 6
- Source file: oplsaa2024.lt


Atom Type Data:
- Atom index: 56
- Force field raw info: C  - CT   | neo-CH3 all-atom C: alkanes
- Partial charge: -0.18
- Atomic mass: 12.011
- Element guess: C
- Atomic number: 6
- Source file: oplsaa2024.lt


Atom Type Data:
- Atom index: 57
- Force field raw info: C  - CT   | CH2 all-atom C: alkanes
- Partial charge: -0.12
- Atomic mass: 12.011
- Element guess: C
- Atomic number: 6
- Source file: oplsaa2024.lt


Atom Type Data:
- Atom index: 58
- Force field raw info: C  - CT   | CH all-atom C: alkanes
- Partial charge: -0.06
- Atomic mass: 12.011
- Element guess: C
- Atomic number: 6
- Source file: oplsaa2024.lt


Atom Type Data:
- Atom index: 59
- Force field raw info: C  - CT   | C all-atom C: alkanes
- Partial charge: 0.0
- Atomic mass: 12.011
- Element guess: C
- Atomic number: 6
- Source file: oplsaa2024.lt


Atom Type Data:
- Atom index: 61
- Force field raw info: C  - CT   | all-atom C: CH3, toluene
- Partial charge: -0.065
- Atomic mass: 12.011
- Element guess: C
- Atomic number: 6
- Source file: oplsaa2024.lt


Atom Type Data:
- Atom index: 62
- Force field raw info: C  - CT   | all-atom C: CH2, ethyl benzene
- Partial charge: -0.005
- Atomic mass: 12.011
- Element guess: C
- Atomic number: 6
- Source file: oplsaa2024.lt


Atom Type Data:
- Atom index: 63
- Force field raw info: C  - CT   | all-atom C: CH, i-propyl benzene
- Partial charge: 0.055
- Atomic mass: 12.011
- Element guess: C
- Atomic number: 6
- Source file: oplsaa2024.lt
","[
  {
    ""atom_type"": 894,
    ""element"": ""C"",
    ""chemical_environment"": ""Aromatic ipso carbon bonded to a protonated tertiary anilinium nitrogen"",
    ""functional_group"": ""anilinium (aryl ammonium, tertiary)"",
    ""hybridization"": ""sp2"",
    ""example_molecule_smiles"": ""c1ccc(cc1)[N+H](C)C"",
    ""group_smarts"": ""[cX3]-[N+H]([#6])([#6])[#6]"",
    ""atom_specific_smarts"": ""[cX3:1]-[N+H]([#6])([#6])[#6]"",
    ""description"": ""Ring carbon of an aniline bearing a protonated tertiary amine; neighbors: two aromatic carbons and one [N+H] bonded to three carbons."",
    ""uncertainty"": ""30""
  },
  {
    ""atom_type"": 896,
    ""element"": ""C"",
    ""chemical_environment"": ""Aromatic ipso carbon bonded to a protonated secondary anilinium nitrogen"",
    ""functional_group"": ""anilinium (aryl ammonium, secondary)"",
    ""hybridization"": ""sp2"",
    ""example_molecule_smiles"": ""c1ccc(cc1)[N+H2]CC"",
    ""group_smarts"": ""[cX3]-[N+H2]([#6])[#6]"",
    ""atom_specific_smarts"": ""[cX3:1]-[N+H2]([#6])[#6]"",
    ""description"": ""Ring carbon of an aniline bearing a protonated secondary amine; neighbors: two aromatic carbons and one [N+H2] bonded to two carbons."",
    ""uncertainty"": ""35""
  },
  {
    ""atom_type"": 897,
    ""element"": ""C"",
    ""chemical_environment"": ""Internal alkene carbon in the middle C=C of a conjugated triene, disubstituted (no hydrogens)"",
    ""functional_group"": ""conjugated triene (hexatriene-like), mid C=C (R2C=)"",
    ""hybridization"": ""sp2"",
    ""example_molecule_smiles"": ""C=C(C)C=C(C)C=C"",
    ""group_smarts"": ""[CX3](=C)-C=C"",
    ""atom_specific_smarts"": ""[CX3H0:1](=C(-C=C))-C=C"",
    ""description"": ""Middle double-bond carbon of a C=C-C=C-C=C system; one double-bonded sp2 neighbor and two single-bonded sp2 neighbors that each continue as C=C; this atom has no H."",
    ""uncertainty"": ""25""
  },
  {
    ""atom_type"": 898,
    ""element"": ""C"",
    ""chemical_environment"": ""Internal alkene carbon in the middle C=C of a conjugated triene, monosubstituted (one hydrogen)"",
    ""functional_group"": ""conjugated triene (hexatriene-like), mid C=C (RH-C=)"",
    ""hybridization"": ""sp2"",
    ""example_molecule_smiles"": ""C=CC=CC=C"",
    ""group_smarts"": ""[CX3H1](=C)-C=C"",
    ""atom_specific_smarts"": ""[CX3H1:1](=C(-C=C))-C=C"",
    ""description"": ""Middle double-bond carbon of a C=C-C=C-C=C system; one double-bonded sp2 neighbor and one single-bonded sp2 neighbor that continues as C=C; this atom has one H."",
    ""uncertainty"": ""25""
  },
  {
    ""atom_type"": 900,
    ""element"": ""C"",
    ""chemical_environment"": ""Terminal sp2 carbon of an allene/ketene fragment H2C=C=X"",
    ""functional_group"": ""allene or ketene (terminal CH2)"",
    ""hybridization"": ""sp2"",
    ""example_molecule_smiles"": ""C=C=O"",
    ""group_smarts"": ""[CH2]=C=[C,O]"",
    ""atom_specific_smarts"": ""[CH2:1]=C=[C,O]"",
    ""description"": ""Terminal vinylidene carbon bearing two hydrogens, double-bonded to the central cumulenic carbon that is further double-bonded to C or O."",
    ""uncertainty"": ""15""
  },
  {
    ""atom_type"": 901,
    ""element"": ""C"",
    ""chemical_environment"": ""Terminal sp2 carbon of an allene/ketene fragment HRC=C=X (one H, one carbon substituent)"",
    ""functional_group"": ""allene or ketene (substituted terminal CH)"",
    ""hybridization"": ""sp2"",
    ""example_molecule_smiles"": ""CC=C=O"",
    ""group_smarts"": ""[CH1](-[#6])=C=[C,O]"",
    ""atom_specific_smarts"": ""[CH1:1](-[#6])=C=[C,O]"",
    ""description"": ""Terminal sp2 carbon with one hydrogen and one carbon substituent, double-bonded to the central cumulenic carbon which is double-bonded to C or O."",
    ""uncertainty"": ""15""
  },
  {
    ""atom_type"": 902,
    ""element"": ""C"",
    ""chemical_environment"": ""Terminal sp2 carbon of an allene/ketene fragment R2C=C=X (no hydrogens)"",
    ""functional_group"": ""allene or ketene (disubstituted terminal carbon)"",
    ""hybridization"": ""sp2"",
    ""example_molecule_smiles"": ""CC(=C=O)C"",
    ""group_smarts"": ""[CH0](-[#6])(-[#6])=C=[C,O]"",
    ""atom_specific_smarts"": ""[CX3H0:1](-[#6])(-[#6])=C=[C,O]"",
    ""description"": ""Terminal sp2 carbon with two carbon substituents, double-bonded to the central cumulenic carbon which is double-bonded to C or O."",
    ""uncertainty"": ""15""
  },
  {
    ""atom_type"": 903,
    ""element"": ""C"",
    ""chemical_environment"": ""Central sp carbon of an allene fragment =C="",
    ""functional_group"": ""allene (central cumulenic carbon)"",
    ""hybridization"": ""sp"",
    ""example_molecule_smiles"": ""C=C=C"",
    ""group_smarts"": ""[CX2H0](=[C])[C]=[C]"",
    ""atom_specific_smarts"": ""[CX2H0:1](=[C;X3])[C;X3]=[C;X3]"",
    ""description"": ""Central cumulenic carbon double-bonded to two carbons (no heteroatom); neighbors are two terminal sp2 carbons."",
    ""uncertainty"": ""15""
  },
  {
    ""atom_type"": 904,
    ""element"": ""C"",
    ""chemical_environment"": ""Central sp carbon of a ketene fragment =C="",
    ""functional_group"": ""ketene (central cumulenic carbon)"",
    ""hybridization"": ""sp"",
    ""example_molecule_smiles"": ""C=C=O"",
    ""group_smarts"": ""[CX2H0](=C)=O"",
    ""atom_specific_smarts"": ""[CX2H0:1](=[C;X3])=O"",
    ""description"": ""Central cumulenic carbon double-bonded to one carbon and one oxygen (ketene C=C=O)."",
    ""uncertainty"": ""15""
  },
  {
    ""atom_type"": 906,
    ""element"": ""C"",
    ""chemical_environment"": ""Histidine sidechain CB (methylene linking CA to imidazole), in N-methyl-His"",
    ""functional_group"": ""amino acid side chain (benzylic-like CH2 alpha to imidazole)"",
    ""hybridization"": ""sp3"",
    ""example_molecule_smiles"": ""NC(Cc1n(C)ccn1)C(=O)O"",
    ""group_smarts"": ""[CH2]-c1ncnc1"",
    ""atom_specific_smarts"": ""[CH2:1]-c1ncnc1"",
    ""description"": ""Sidechain beta carbon of histidine; sp3 CH2 bonded to the alpha carbon and to an imidazole ring carbon. N-methylation is on the ring nitrogen and does not change CB connectivity."",
    ""uncertainty"": ""40""
  },
  {
    ""atom_type"": 6,
    ""element"": ""C"",
    ""chemical_environment"": ""Generic carbon placeholder (unspecified bonding in source entry)"",
    ""functional_group"": ""unspecified"",
    ""hybridization"": ""unspecified"",
    ""example_molecule_smiles"": ""C"",
    ""group_smarts"": ""[#6]"",
    ""atom_specific_smarts"": ""[#6:1]"",
    ""description"": ""Ambiguous generic carbon type from source; no clear local environment provided."",
    ""uncertainty"": ""80""
  },
  {
    ""atom_type"": 54,
    ""element"": ""C"",
    ""chemical_environment"": ""Primary methyl in n-alkanes (attached to a methylene carbon)"",
    ""functional_group"": ""alkane (n-CH3)"",
    ""hybridization"": ""sp3"",
    ""example_molecule_smiles"": ""CCC"",
    ""group_smarts"": ""[CH3]-[CH2]"",
    ""atom_specific_smarts"": ""[CH3:1]-[CH2X4]"",
    ""description"": ""Terminal methyl attached to a methylene (primary chain end). Neighbor carbon is sp3 CH2."",
    ""uncertainty"": ""10""
  },
  {
    ""atom_type"": 55,
    ""element"": ""C"",
    ""chemical_environment"": ""Methyl attached to a secondary carbon (iso-alkyl, e.g., isopropyl)"",
    ""functional_group"": ""alkane (iso-CH3)"",
    ""hybridization"": ""sp3"",
    ""example_molecule_smiles"": ""CC(C)C"",
    ""group_smarts"": ""[CH3]-[CHX4]"",
    ""atom_specific_smarts"": ""[CH3:1]-[CHX4](-[#6X4])-[#6X4]"",
    ""description"": ""Methyl whose single carbon neighbor is a secondary sp3 carbon (CH) bound to two other carbons."",
    ""uncertainty"": ""10""
  },
  {
    ""atom_type"": 56,
    ""element"": ""C"",
    ""chemical_environment"": ""Methyl attached to a quaternary carbon (neo-alkyl, e.g., neopentyl/tert-butyl center)"",
    ""functional_group"": ""alkane (neo-CH3)"",
    ""hybridization"": ""sp3"",
    ""example_molecule_smiles"": ""CC(C)(C)C"",
    ""group_smarts"": ""[CH3]-[CX4H0]"",
    ""atom_specific_smarts"": ""[CH3:1]-[CX4H0](-[#6X4])(-[#6X4])-[#6X4]"",
    ""description"": ""Methyl whose single carbon neighbor is a quaternary sp3 carbon (no hydrogens)."",
    ""uncertainty"": ""10""
  },
  {
    ""atom_type"": 57,
    ""element"": ""C"",
    ""chemical_environment"": ""Methylene carbon in alkanes (two C neighbors, two H)"",
    ""functional_group"": ""alkane (CH2)"",
    ""hybridization"": ""sp3"",
    ""example_molecule_smiles"": ""CCCC"",
    ""group_smarts"": ""[CH2]-[#6X4]"",
    ""atom_specific_smarts"": ""[CH2:1](-[#6X4])-[#6X4]"",
    ""description"": ""Internal or near-terminal methylene in saturated hydrocarbons; two sp3 carbon neighbors."",
    ""uncertainty"": ""10""
  },
  {
    ""atom_type"": 58,
    ""element"": ""C"",
    ""chemical_environment"": ""Secondary (methine) carbon in alkanes (three C neighbors, one H)"",
    ""functional_group"": ""alkane (CH)"",
    ""hybridization"": ""sp3"",
    ""example_molecule_smiles"": ""CC(C)C"",
    ""group_smarts"": ""[CH]-[#6X4]"",
    ""atom_specific_smarts"": ""[CH:1](-[#6X4])(-[#6X4])-[#6X4]"",
    ""description"": ""Methine carbon in saturated hydrocarbons; three sp3 carbon neighbors and one hydrogen."",
    ""uncertainty"": ""10""
  },
  {
    ""atom_type"": 59,
    ""element"": ""C"",
    ""chemical_environment"": ""Quaternary carbon in alkanes (four C neighbors, no H)"",
    ""functional_group"": ""alkane (C tertiary/quaternary center)"",
    ""hybridization"": ""sp3"",
    ""example_molecule_smiles"": ""CC(C)(C)C"",
    ""group_smarts"": ""[CX4H0]-[#6X4]"",
    ""atom_specific_smarts"": ""[CX4H0:1](-[#6X4])(-[#6X4])(-[#6X4])-[#6X4]"",
    ""description"": ""Saturated quaternary carbon bound to four carbons (no hydrogens)."",
    ""uncertainty"": ""10""
  },
  {
    ""atom_type"": 61,
    ""element"": ""C"",
    ""chemical_environment"": ""Benzylic methyl (methyl attached directly to an aromatic ring, e.g., toluene)"",
    ""functional_group"": ""alkyl-aryl (benzylic CH3)"",
    ""hybridization"": ""sp3"",
    ""example_molecule_smiles"": ""Cc1ccccc1"",
    ""group_smarts"": ""[CH3]-c"",
    ""atom_specific_smarts"": ""[CH3:1]-[cX3]"",
    ""description"": ""Methyl carbon bonded to an aromatic sp2 carbon (benzylic position)."",
    ""uncertainty"": ""15""
  },
  {
    ""atom_type"": 62,
    ""element"": ""C"",
    ""chemical_environment"": ""Benzylic methylene in ethylbenzene (CH2 alpha to an aromatic ring)"",
    ""functional_group"": ""alkyl-aryl (benzylic CH2)"",
    ""hybridization"": ""sp3"",
    ""example_molecule_smiles"": ""CCc1ccccc1"",
    ""group_smarts"": ""[CH2]-c"",
    ""atom_specific_smarts"": ""[CH2:1](-[cX3])-[#6X4]"",
    ""description"": ""Benzylic CH2 attached directly to an aromatic sp2 carbon and to one sp3 carbon."",
    ""uncertainty"": ""15""
  },
  {
    ""atom_type"": 63,
    ""element"": ""C"",
    ""chemical_environment"": ""Benzylic methine in isopropyl benzene (cumene) attached to two alkyl groups and an aromatic ring"",
    ""functional_group"": ""alkyl-aryl (benzylic CH)"",
    ""hybridization"": ""sp3"",
    ""example_molecule_smiles"": ""CC(C)c1ccccc1"",
    ""group_smarts"": ""[CH]-c"",
    ""atom_specific_smarts"": ""[CH:1](-[cX3])(-[#6X4])-[#6X4]"",
    ""description"": ""Benzylic CH attached directly to an aromatic carbon and to two sp3 carbon substituents (isopropyl benzene)."",
    ""uncertainty"": ""15""
  }
]"
58,-0.06,C  - CT   | CH all-atom C: alkanes,12.011,oplsaa2024.lt,C,6,"Convert the following OPLS-AA atom type rows:

Atom Type Data:
- Atom index: 894
- Force field raw info: ""Anilinium C-NR3+""
- Partial charge: 0.135
- Atomic mass: 12.011
- Element guess: C
- Atomic number: 6
- Source file: oplsaa2008.lt


Atom Type Data:
- Atom index: 896
- Force field raw info: ""Anilinium C-NHR2+""
- Partial charge: 0.155
- Atomic mass: 12.011
- Element guess: C
- Atomic number: 6
- Source file: oplsaa2008.lt


Atom Type Data:
- Atom index: 897
- Force field raw info: ""Triene R2-C= (mid C=C)""
- Partial charge: 0.0
- Atomic mass: 12.011
- Element guess: C
- Atomic number: 6
- Source file: oplsaa2008.lt


Atom Type Data:
- Atom index: 898
- Force field raw info: ""Triene RH-C= (mid C=C)""
- Partial charge: -0.115
- Atomic mass: 12.011
- Element guess: C
- Atomic number: 6
- Source file: oplsaa2008.lt


Atom Type Data:
- Atom index: 900
- Force field raw info: ""Allene/Ketene H2C=C=X""
- Partial charge: -0.25
- Atomic mass: 12.011
- Element guess: C
- Atomic number: 6
- Source file: oplsaa2008.lt


Atom Type Data:
- Atom index: 901
- Force field raw info: ""Allene/Ketene HRC=C=X""
- Partial charge: -0.1
- Atomic mass: 12.011
- Element guess: C
- Atomic number: 6
- Source file: oplsaa2008.lt


Atom Type Data:
- Atom index: 902
- Force field raw info: ""Allene/Ketene R2C=C=X""
- Partial charge: 0.05
- Atomic mass: 12.011
- Element guess: C
- Atomic number: 6
- Source file: oplsaa2008.lt


Atom Type Data:
- Atom index: 903
- Force field raw info: ""Allene =C=""
- Partial charge: -0.1
- Atomic mass: 12.011
- Element guess: C
- Atomic number: 6
- Source file: oplsaa2008.lt


Atom Type Data:
- Atom index: 904
- Force field raw info: ""Ketene =C=""
- Partial charge: 0.2
- Atomic mass: 12.011
- Element guess: C
- Atomic number: 6
- Source file: oplsaa2008.lt


Atom Type Data:
- Atom index: 906
- Force field raw info: ""N-Me-HIS CB""
- Partial charge: 0.088
- Atomic mass: 12.011
- Element guess: C
- Atomic number: 6
- Source file: oplsaa2008.lt


Atom Type Data:
- Atom index: 6
- Force field raw info: C  - C~   |
- Partial charge: 0.0
- Atomic mass: 12.011
- Element guess: C
- Atomic number: 6
- Source file: oplsaa2024.lt


Atom Type Data:
- Atom index: 54
- Force field raw info: C  - CT   | n-CH3 all-atom C: alkanes
- Partial charge: -0.18
- Atomic mass: 12.011
- Element guess: C
- Atomic number: 6
- Source file: oplsaa2024.lt


Atom Type Data:
- Atom index: 55
- Force field raw info: C  - CT   | iso-CH3 all-atom C: alkanes
- Partial charge: -0.18
- Atomic mass: 12.011
- Element guess: C
- Atomic number: 6
- Source file: oplsaa2024.lt


Atom Type Data:
- Atom index: 56
- Force field raw info: C  - CT   | neo-CH3 all-atom C: alkanes
- Partial charge: -0.18
- Atomic mass: 12.011
- Element guess: C
- Atomic number: 6
- Source file: oplsaa2024.lt


Atom Type Data:
- Atom index: 57
- Force field raw info: C  - CT   | CH2 all-atom C: alkanes
- Partial charge: -0.12
- Atomic mass: 12.011
- Element guess: C
- Atomic number: 6
- Source file: oplsaa2024.lt


Atom Type Data:
- Atom index: 58
- Force field raw info: C  - CT   | CH all-atom C: alkanes
- Partial charge: -0.06
- Atomic mass: 12.011
- Element guess: C
- Atomic number: 6
- Source file: oplsaa2024.lt


Atom Type Data:
- Atom index: 59
- Force field raw info: C  - CT   | C all-atom C: alkanes
- Partial charge: 0.0
- Atomic mass: 12.011
- Element guess: C
- Atomic number: 6
- Source file: oplsaa2024.lt


Atom Type Data:
- Atom index: 61
- Force field raw info: C  - CT   | all-atom C: CH3, toluene
- Partial charge: -0.065
- Atomic mass: 12.011
- Element guess: C
- Atomic number: 6
- Source file: oplsaa2024.lt


Atom Type Data:
- Atom index: 62
- Force field raw info: C  - CT   | all-atom C: CH2, ethyl benzene
- Partial charge: -0.005
- Atomic mass: 12.011
- Element guess: C
- Atomic number: 6
- Source file: oplsaa2024.lt


Atom Type Data:
- Atom index: 63
- Force field raw info: C  - CT   | all-atom C: CH, i-propyl benzene
- Partial charge: 0.055
- Atomic mass: 12.011
- Element guess: C
- Atomic number: 6
- Source file: oplsaa2024.lt
","[
  {
    ""atom_type"": 894,
    ""element"": ""C"",
    ""chemical_environment"": ""Aromatic ipso carbon bonded to a protonated tertiary anilinium nitrogen"",
    ""functional_group"": ""anilinium (aryl ammonium, tertiary)"",
    ""hybridization"": ""sp2"",
    ""example_molecule_smiles"": ""c1ccc(cc1)[N+H](C)C"",
    ""group_smarts"": ""[cX3]-[N+H]([#6])([#6])[#6]"",
    ""atom_specific_smarts"": ""[cX3:1]-[N+H]([#6])([#6])[#6]"",
    ""description"": ""Ring carbon of an aniline bearing a protonated tertiary amine; neighbors: two aromatic carbons and one [N+H] bonded to three carbons."",
    ""uncertainty"": ""30""
  },
  {
    ""atom_type"": 896,
    ""element"": ""C"",
    ""chemical_environment"": ""Aromatic ipso carbon bonded to a protonated secondary anilinium nitrogen"",
    ""functional_group"": ""anilinium (aryl ammonium, secondary)"",
    ""hybridization"": ""sp2"",
    ""example_molecule_smiles"": ""c1ccc(cc1)[N+H2]CC"",
    ""group_smarts"": ""[cX3]-[N+H2]([#6])[#6]"",
    ""atom_specific_smarts"": ""[cX3:1]-[N+H2]([#6])[#6]"",
    ""description"": ""Ring carbon of an aniline bearing a protonated secondary amine; neighbors: two aromatic carbons and one [N+H2] bonded to two carbons."",
    ""uncertainty"": ""35""
  },
  {
    ""atom_type"": 897,
    ""element"": ""C"",
    ""chemical_environment"": ""Internal alkene carbon in the middle C=C of a conjugated triene, disubstituted (no hydrogens)"",
    ""functional_group"": ""conjugated triene (hexatriene-like), mid C=C (R2C=)"",
    ""hybridization"": ""sp2"",
    ""example_molecule_smiles"": ""C=C(C)C=C(C)C=C"",
    ""group_smarts"": ""[CX3](=C)-C=C"",
    ""atom_specific_smarts"": ""[CX3H0:1](=C(-C=C))-C=C"",
    ""description"": ""Middle double-bond carbon of a C=C-C=C-C=C system; one double-bonded sp2 neighbor and two single-bonded sp2 neighbors that each continue as C=C; this atom has no H."",
    ""uncertainty"": ""25""
  },
  {
    ""atom_type"": 898,
    ""element"": ""C"",
    ""chemical_environment"": ""Internal alkene carbon in the middle C=C of a conjugated triene, monosubstituted (one hydrogen)"",
    ""functional_group"": ""conjugated triene (hexatriene-like), mid C=C (RH-C=)"",
    ""hybridization"": ""sp2"",
    ""example_molecule_smiles"": ""C=CC=CC=C"",
    ""group_smarts"": ""[CX3H1](=C)-C=C"",
    ""atom_specific_smarts"": ""[CX3H1:1](=C(-C=C))-C=C"",
    ""description"": ""Middle double-bond carbon of a C=C-C=C-C=C system; one double-bonded sp2 neighbor and one single-bonded sp2 neighbor that continues as C=C; this atom has one H."",
    ""uncertainty"": ""25""
  },
  {
    ""atom_type"": 900,
    ""element"": ""C"",
    ""chemical_environment"": ""Terminal sp2 carbon of an allene/ketene fragment H2C=C=X"",
    ""functional_group"": ""allene or ketene (terminal CH2)"",
    ""hybridization"": ""sp2"",
    ""example_molecule_smiles"": ""C=C=O"",
    ""group_smarts"": ""[CH2]=C=[C,O]"",
    ""atom_specific_smarts"": ""[CH2:1]=C=[C,O]"",
    ""description"": ""Terminal vinylidene carbon bearing two hydrogens, double-bonded to the central cumulenic carbon that is further double-bonded to C or O."",
    ""uncertainty"": ""15""
  },
  {
    ""atom_type"": 901,
    ""element"": ""C"",
    ""chemical_environment"": ""Terminal sp2 carbon of an allene/ketene fragment HRC=C=X (one H, one carbon substituent)"",
    ""functional_group"": ""allene or ketene (substituted terminal CH)"",
    ""hybridization"": ""sp2"",
    ""example_molecule_smiles"": ""CC=C=O"",
    ""group_smarts"": ""[CH1](-[#6])=C=[C,O]"",
    ""atom_specific_smarts"": ""[CH1:1](-[#6])=C=[C,O]"",
    ""description"": ""Terminal sp2 carbon with one hydrogen and one carbon substituent, double-bonded to the central cumulenic carbon which is double-bonded to C or O."",
    ""uncertainty"": ""15""
  },
  {
    ""atom_type"": 902,
    ""element"": ""C"",
    ""chemical_environment"": ""Terminal sp2 carbon of an allene/ketene fragment R2C=C=X (no hydrogens)"",
    ""functional_group"": ""allene or ketene (disubstituted terminal carbon)"",
    ""hybridization"": ""sp2"",
    ""example_molecule_smiles"": ""CC(=C=O)C"",
    ""group_smarts"": ""[CH0](-[#6])(-[#6])=C=[C,O]"",
    ""atom_specific_smarts"": ""[CX3H0:1](-[#6])(-[#6])=C=[C,O]"",
    ""description"": ""Terminal sp2 carbon with two carbon substituents, double-bonded to the central cumulenic carbon which is double-bonded to C or O."",
    ""uncertainty"": ""15""
  },
  {
    ""atom_type"": 903,
    ""element"": ""C"",
    ""chemical_environment"": ""Central sp carbon of an allene fragment =C="",
    ""functional_group"": ""allene (central cumulenic carbon)"",
    ""hybridization"": ""sp"",
    ""example_molecule_smiles"": ""C=C=C"",
    ""group_smarts"": ""[CX2H0](=[C])[C]=[C]"",
    ""atom_specific_smarts"": ""[CX2H0:1](=[C;X3])[C;X3]=[C;X3]"",
    ""description"": ""Central cumulenic carbon double-bonded to two carbons (no heteroatom); neighbors are two terminal sp2 carbons."",
    ""uncertainty"": ""15""
  },
  {
    ""atom_type"": 904,
    ""element"": ""C"",
    ""chemical_environment"": ""Central sp carbon of a ketene fragment =C="",
    ""functional_group"": ""ketene (central cumulenic carbon)"",
    ""hybridization"": ""sp"",
    ""example_molecule_smiles"": ""C=C=O"",
    ""group_smarts"": ""[CX2H0](=C)=O"",
    ""atom_specific_smarts"": ""[CX2H0:1](=[C;X3])=O"",
    ""description"": ""Central cumulenic carbon double-bonded to one carbon and one oxygen (ketene C=C=O)."",
    ""uncertainty"": ""15""
  },
  {
    ""atom_type"": 906,
    ""element"": ""C"",
    ""chemical_environment"": ""Histidine sidechain CB (methylene linking CA to imidazole), in N-methyl-His"",
    ""functional_group"": ""amino acid side chain (benzylic-like CH2 alpha to imidazole)"",
    ""hybridization"": ""sp3"",
    ""example_molecule_smiles"": ""NC(Cc1n(C)ccn1)C(=O)O"",
    ""group_smarts"": ""[CH2]-c1ncnc1"",
    ""atom_specific_smarts"": ""[CH2:1]-c1ncnc1"",
    ""description"": ""Sidechain beta carbon of histidine; sp3 CH2 bonded to the alpha carbon and to an imidazole ring carbon. N-methylation is on the ring nitrogen and does not change CB connectivity."",
    ""uncertainty"": ""40""
  },
  {
    ""atom_type"": 6,
    ""element"": ""C"",
    ""chemical_environment"": ""Generic carbon placeholder (unspecified bonding in source entry)"",
    ""functional_group"": ""unspecified"",
    ""hybridization"": ""unspecified"",
    ""example_molecule_smiles"": ""C"",
    ""group_smarts"": ""[#6]"",
    ""atom_specific_smarts"": ""[#6:1]"",
    ""description"": ""Ambiguous generic carbon type from source; no clear local environment provided."",
    ""uncertainty"": ""80""
  },
  {
    ""atom_type"": 54,
    ""element"": ""C"",
    ""chemical_environment"": ""Primary methyl in n-alkanes (attached to a methylene carbon)"",
    ""functional_group"": ""alkane (n-CH3)"",
    ""hybridization"": ""sp3"",
    ""example_molecule_smiles"": ""CCC"",
    ""group_smarts"": ""[CH3]-[CH2]"",
    ""atom_specific_smarts"": ""[CH3:1]-[CH2X4]"",
    ""description"": ""Terminal methyl attached to a methylene (primary chain end). Neighbor carbon is sp3 CH2."",
    ""uncertainty"": ""10""
  },
  {
    ""atom_type"": 55,
    ""element"": ""C"",
    ""chemical_environment"": ""Methyl attached to a secondary carbon (iso-alkyl, e.g., isopropyl)"",
    ""functional_group"": ""alkane (iso-CH3)"",
    ""hybridization"": ""sp3"",
    ""example_molecule_smiles"": ""CC(C)C"",
    ""group_smarts"": ""[CH3]-[CHX4]"",
    ""atom_specific_smarts"": ""[CH3:1]-[CHX4](-[#6X4])-[#6X4]"",
    ""description"": ""Methyl whose single carbon neighbor is a secondary sp3 carbon (CH) bound to two other carbons."",
    ""uncertainty"": ""10""
  },
  {
    ""atom_type"": 56,
    ""element"": ""C"",
    ""chemical_environment"": ""Methyl attached to a quaternary carbon (neo-alkyl, e.g., neopentyl/tert-butyl center)"",
    ""functional_group"": ""alkane (neo-CH3)"",
    ""hybridization"": ""sp3"",
    ""example_molecule_smiles"": ""CC(C)(C)C"",
    ""group_smarts"": ""[CH3]-[CX4H0]"",
    ""atom_specific_smarts"": ""[CH3:1]-[CX4H0](-[#6X4])(-[#6X4])-[#6X4]"",
    ""description"": ""Methyl whose single carbon neighbor is a quaternary sp3 carbon (no hydrogens)."",
    ""uncertainty"": ""10""
  },
  {
    ""atom_type"": 57,
    ""element"": ""C"",
    ""chemical_environment"": ""Methylene carbon in alkanes (two C neighbors, two H)"",
    ""functional_group"": ""alkane (CH2)"",
    ""hybridization"": ""sp3"",
    ""example_molecule_smiles"": ""CCCC"",
    ""group_smarts"": ""[CH2]-[#6X4]"",
    ""atom_specific_smarts"": ""[CH2:1](-[#6X4])-[#6X4]"",
    ""description"": ""Internal or near-terminal methylene in saturated hydrocarbons; two sp3 carbon neighbors."",
    ""uncertainty"": ""10""
  },
  {
    ""atom_type"": 58,
    ""element"": ""C"",
    ""chemical_environment"": ""Secondary (methine) carbon in alkanes (three C neighbors, one H)"",
    ""functional_group"": ""alkane (CH)"",
    ""hybridization"": ""sp3"",
    ""example_molecule_smiles"": ""CC(C)C"",
    ""group_smarts"": ""[CH]-[#6X4]"",
    ""atom_specific_smarts"": ""[CH:1](-[#6X4])(-[#6X4])-[#6X4]"",
    ""description"": ""Methine carbon in saturated hydrocarbons; three sp3 carbon neighbors and one hydrogen."",
    ""uncertainty"": ""10""
  },
  {
    ""atom_type"": 59,
    ""element"": ""C"",
    ""chemical_environment"": ""Quaternary carbon in alkanes (four C neighbors, no H)"",
    ""functional_group"": ""alkane (C tertiary/quaternary center)"",
    ""hybridization"": ""sp3"",
    ""example_molecule_smiles"": ""CC(C)(C)C"",
    ""group_smarts"": ""[CX4H0]-[#6X4]"",
    ""atom_specific_smarts"": ""[CX4H0:1](-[#6X4])(-[#6X4])(-[#6X4])-[#6X4]"",
    ""description"": ""Saturated quaternary carbon bound to four carbons (no hydrogens)."",
    ""uncertainty"": ""10""
  },
  {
    ""atom_type"": 61,
    ""element"": ""C"",
    ""chemical_environment"": ""Benzylic methyl (methyl attached directly to an aromatic ring, e.g., toluene)"",
    ""functional_group"": ""alkyl-aryl (benzylic CH3)"",
    ""hybridization"": ""sp3"",
    ""example_molecule_smiles"": ""Cc1ccccc1"",
    ""group_smarts"": ""[CH3]-c"",
    ""atom_specific_smarts"": ""[CH3:1]-[cX3]"",
    ""description"": ""Methyl carbon bonded to an aromatic sp2 carbon (benzylic position)."",
    ""uncertainty"": ""15""
  },
  {
    ""atom_type"": 62,
    ""element"": ""C"",
    ""chemical_environment"": ""Benzylic methylene in ethylbenzene (CH2 alpha to an aromatic ring)"",
    ""functional_group"": ""alkyl-aryl (benzylic CH2)"",
    ""hybridization"": ""sp3"",
    ""example_molecule_smiles"": ""CCc1ccccc1"",
    ""group_smarts"": ""[CH2]-c"",
    ""atom_specific_smarts"": ""[CH2:1](-[cX3])-[#6X4]"",
    ""description"": ""Benzylic CH2 attached directly to an aromatic sp2 carbon and to one sp3 carbon."",
    ""uncertainty"": ""15""
  },
  {
    ""atom_type"": 63,
    ""element"": ""C"",
    ""chemical_environment"": ""Benzylic methine in isopropyl benzene (cumene) attached to two alkyl groups and an aromatic ring"",
    ""functional_group"": ""alkyl-aryl (benzylic CH)"",
    ""hybridization"": ""sp3"",
    ""example_molecule_smiles"": ""CC(C)c1ccccc1"",
    ""group_smarts"": ""[CH]-c"",
    ""atom_specific_smarts"": ""[CH:1](-[cX3])(-[#6X4])-[#6X4]"",
    ""description"": ""Benzylic CH attached directly to an aromatic carbon and to two sp3 carbon substituents (isopropyl benzene)."",
    ""uncertainty"": ""15""
  }
]"
59,0.0,C  - CT   | C all-atom C: alkanes,12.011,oplsaa2024.lt,C,6,"Convert the following OPLS-AA atom type rows:

Atom Type Data:
- Atom index: 894
- Force field raw info: ""Anilinium C-NR3+""
- Partial charge: 0.135
- Atomic mass: 12.011
- Element guess: C
- Atomic number: 6
- Source file: oplsaa2008.lt


Atom Type Data:
- Atom index: 896
- Force field raw info: ""Anilinium C-NHR2+""
- Partial charge: 0.155
- Atomic mass: 12.011
- Element guess: C
- Atomic number: 6
- Source file: oplsaa2008.lt


Atom Type Data:
- Atom index: 897
- Force field raw info: ""Triene R2-C= (mid C=C)""
- Partial charge: 0.0
- Atomic mass: 12.011
- Element guess: C
- Atomic number: 6
- Source file: oplsaa2008.lt


Atom Type Data:
- Atom index: 898
- Force field raw info: ""Triene RH-C= (mid C=C)""
- Partial charge: -0.115
- Atomic mass: 12.011
- Element guess: C
- Atomic number: 6
- Source file: oplsaa2008.lt


Atom Type Data:
- Atom index: 900
- Force field raw info: ""Allene/Ketene H2C=C=X""
- Partial charge: -0.25
- Atomic mass: 12.011
- Element guess: C
- Atomic number: 6
- Source file: oplsaa2008.lt


Atom Type Data:
- Atom index: 901
- Force field raw info: ""Allene/Ketene HRC=C=X""
- Partial charge: -0.1
- Atomic mass: 12.011
- Element guess: C
- Atomic number: 6
- Source file: oplsaa2008.lt


Atom Type Data:
- Atom index: 902
- Force field raw info: ""Allene/Ketene R2C=C=X""
- Partial charge: 0.05
- Atomic mass: 12.011
- Element guess: C
- Atomic number: 6
- Source file: oplsaa2008.lt


Atom Type Data:
- Atom index: 903
- Force field raw info: ""Allene =C=""
- Partial charge: -0.1
- Atomic mass: 12.011
- Element guess: C
- Atomic number: 6
- Source file: oplsaa2008.lt


Atom Type Data:
- Atom index: 904
- Force field raw info: ""Ketene =C=""
- Partial charge: 0.2
- Atomic mass: 12.011
- Element guess: C
- Atomic number: 6
- Source file: oplsaa2008.lt


Atom Type Data:
- Atom index: 906
- Force field raw info: ""N-Me-HIS CB""
- Partial charge: 0.088
- Atomic mass: 12.011
- Element guess: C
- Atomic number: 6
- Source file: oplsaa2008.lt


Atom Type Data:
- Atom index: 6
- Force field raw info: C  - C~   |
- Partial charge: 0.0
- Atomic mass: 12.011
- Element guess: C
- Atomic number: 6
- Source file: oplsaa2024.lt


Atom Type Data:
- Atom index: 54
- Force field raw info: C  - CT   | n-CH3 all-atom C: alkanes
- Partial charge: -0.18
- Atomic mass: 12.011
- Element guess: C
- Atomic number: 6
- Source file: oplsaa2024.lt


Atom Type Data:
- Atom index: 55
- Force field raw info: C  - CT   | iso-CH3 all-atom C: alkanes
- Partial charge: -0.18
- Atomic mass: 12.011
- Element guess: C
- Atomic number: 6
- Source file: oplsaa2024.lt


Atom Type Data:
- Atom index: 56
- Force field raw info: C  - CT   | neo-CH3 all-atom C: alkanes
- Partial charge: -0.18
- Atomic mass: 12.011
- Element guess: C
- Atomic number: 6
- Source file: oplsaa2024.lt


Atom Type Data:
- Atom index: 57
- Force field raw info: C  - CT   | CH2 all-atom C: alkanes
- Partial charge: -0.12
- Atomic mass: 12.011
- Element guess: C
- Atomic number: 6
- Source file: oplsaa2024.lt


Atom Type Data:
- Atom index: 58
- Force field raw info: C  - CT   | CH all-atom C: alkanes
- Partial charge: -0.06
- Atomic mass: 12.011
- Element guess: C
- Atomic number: 6
- Source file: oplsaa2024.lt


Atom Type Data:
- Atom index: 59
- Force field raw info: C  - CT   | C all-atom C: alkanes
- Partial charge: 0.0
- Atomic mass: 12.011
- Element guess: C
- Atomic number: 6
- Source file: oplsaa2024.lt


Atom Type Data:
- Atom index: 61
- Force field raw info: C  - CT   | all-atom C: CH3, toluene
- Partial charge: -0.065
- Atomic mass: 12.011
- Element guess: C
- Atomic number: 6
- Source file: oplsaa2024.lt


Atom Type Data:
- Atom index: 62
- Force field raw info: C  - CT   | all-atom C: CH2, ethyl benzene
- Partial charge: -0.005
- Atomic mass: 12.011
- Element guess: C
- Atomic number: 6
- Source file: oplsaa2024.lt


Atom Type Data:
- Atom index: 63
- Force field raw info: C  - CT   | all-atom C: CH, i-propyl benzene
- Partial charge: 0.055
- Atomic mass: 12.011
- Element guess: C
- Atomic number: 6
- Source file: oplsaa2024.lt
","[
  {
    ""atom_type"": 894,
    ""element"": ""C"",
    ""chemical_environment"": ""Aromatic ipso carbon bonded to a protonated tertiary anilinium nitrogen"",
    ""functional_group"": ""anilinium (aryl ammonium, tertiary)"",
    ""hybridization"": ""sp2"",
    ""example_molecule_smiles"": ""c1ccc(cc1)[N+H](C)C"",
    ""group_smarts"": ""[cX3]-[N+H]([#6])([#6])[#6]"",
    ""atom_specific_smarts"": ""[cX3:1]-[N+H]([#6])([#6])[#6]"",
    ""description"": ""Ring carbon of an aniline bearing a protonated tertiary amine; neighbors: two aromatic carbons and one [N+H] bonded to three carbons."",
    ""uncertainty"": ""30""
  },
  {
    ""atom_type"": 896,
    ""element"": ""C"",
    ""chemical_environment"": ""Aromatic ipso carbon bonded to a protonated secondary anilinium nitrogen"",
    ""functional_group"": ""anilinium (aryl ammonium, secondary)"",
    ""hybridization"": ""sp2"",
    ""example_molecule_smiles"": ""c1ccc(cc1)[N+H2]CC"",
    ""group_smarts"": ""[cX3]-[N+H2]([#6])[#6]"",
    ""atom_specific_smarts"": ""[cX3:1]-[N+H2]([#6])[#6]"",
    ""description"": ""Ring carbon of an aniline bearing a protonated secondary amine; neighbors: two aromatic carbons and one [N+H2] bonded to two carbons."",
    ""uncertainty"": ""35""
  },
  {
    ""atom_type"": 897,
    ""element"": ""C"",
    ""chemical_environment"": ""Internal alkene carbon in the middle C=C of a conjugated triene, disubstituted (no hydrogens)"",
    ""functional_group"": ""conjugated triene (hexatriene-like), mid C=C (R2C=)"",
    ""hybridization"": ""sp2"",
    ""example_molecule_smiles"": ""C=C(C)C=C(C)C=C"",
    ""group_smarts"": ""[CX3](=C)-C=C"",
    ""atom_specific_smarts"": ""[CX3H0:1](=C(-C=C))-C=C"",
    ""description"": ""Middle double-bond carbon of a C=C-C=C-C=C system; one double-bonded sp2 neighbor and two single-bonded sp2 neighbors that each continue as C=C; this atom has no H."",
    ""uncertainty"": ""25""
  },
  {
    ""atom_type"": 898,
    ""element"": ""C"",
    ""chemical_environment"": ""Internal alkene carbon in the middle C=C of a conjugated triene, monosubstituted (one hydrogen)"",
    ""functional_group"": ""conjugated triene (hexatriene-like), mid C=C (RH-C=)"",
    ""hybridization"": ""sp2"",
    ""example_molecule_smiles"": ""C=CC=CC=C"",
    ""group_smarts"": ""[CX3H1](=C)-C=C"",
    ""atom_specific_smarts"": ""[CX3H1:1](=C(-C=C))-C=C"",
    ""description"": ""Middle double-bond carbon of a C=C-C=C-C=C system; one double-bonded sp2 neighbor and one single-bonded sp2 neighbor that continues as C=C; this atom has one H."",
    ""uncertainty"": ""25""
  },
  {
    ""atom_type"": 900,
    ""element"": ""C"",
    ""chemical_environment"": ""Terminal sp2 carbon of an allene/ketene fragment H2C=C=X"",
    ""functional_group"": ""allene or ketene (terminal CH2)"",
    ""hybridization"": ""sp2"",
    ""example_molecule_smiles"": ""C=C=O"",
    ""group_smarts"": ""[CH2]=C=[C,O]"",
    ""atom_specific_smarts"": ""[CH2:1]=C=[C,O]"",
    ""description"": ""Terminal vinylidene carbon bearing two hydrogens, double-bonded to the central cumulenic carbon that is further double-bonded to C or O."",
    ""uncertainty"": ""15""
  },
  {
    ""atom_type"": 901,
    ""element"": ""C"",
    ""chemical_environment"": ""Terminal sp2 carbon of an allene/ketene fragment HRC=C=X (one H, one carbon substituent)"",
    ""functional_group"": ""allene or ketene (substituted terminal CH)"",
    ""hybridization"": ""sp2"",
    ""example_molecule_smiles"": ""CC=C=O"",
    ""group_smarts"": ""[CH1](-[#6])=C=[C,O]"",
    ""atom_specific_smarts"": ""[CH1:1](-[#6])=C=[C,O]"",
    ""description"": ""Terminal sp2 carbon with one hydrogen and one carbon substituent, double-bonded to the central cumulenic carbon which is double-bonded to C or O."",
    ""uncertainty"": ""15""
  },
  {
    ""atom_type"": 902,
    ""element"": ""C"",
    ""chemical_environment"": ""Terminal sp2 carbon of an allene/ketene fragment R2C=C=X (no hydrogens)"",
    ""functional_group"": ""allene or ketene (disubstituted terminal carbon)"",
    ""hybridization"": ""sp2"",
    ""example_molecule_smiles"": ""CC(=C=O)C"",
    ""group_smarts"": ""[CH0](-[#6])(-[#6])=C=[C,O]"",
    ""atom_specific_smarts"": ""[CX3H0:1](-[#6])(-[#6])=C=[C,O]"",
    ""description"": ""Terminal sp2 carbon with two carbon substituents, double-bonded to the central cumulenic carbon which is double-bonded to C or O."",
    ""uncertainty"": ""15""
  },
  {
    ""atom_type"": 903,
    ""element"": ""C"",
    ""chemical_environment"": ""Central sp carbon of an allene fragment =C="",
    ""functional_group"": ""allene (central cumulenic carbon)"",
    ""hybridization"": ""sp"",
    ""example_molecule_smiles"": ""C=C=C"",
    ""group_smarts"": ""[CX2H0](=[C])[C]=[C]"",
    ""atom_specific_smarts"": ""[CX2H0:1](=[C;X3])[C;X3]=[C;X3]"",
    ""description"": ""Central cumulenic carbon double-bonded to two carbons (no heteroatom); neighbors are two terminal sp2 carbons."",
    ""uncertainty"": ""15""
  },
  {
    ""atom_type"": 904,
    ""element"": ""C"",
    ""chemical_environment"": ""Central sp carbon of a ketene fragment =C="",
    ""functional_group"": ""ketene (central cumulenic carbon)"",
    ""hybridization"": ""sp"",
    ""example_molecule_smiles"": ""C=C=O"",
    ""group_smarts"": ""[CX2H0](=C)=O"",
    ""atom_specific_smarts"": ""[CX2H0:1](=[C;X3])=O"",
    ""description"": ""Central cumulenic carbon double-bonded to one carbon and one oxygen (ketene C=C=O)."",
    ""uncertainty"": ""15""
  },
  {
    ""atom_type"": 906,
    ""element"": ""C"",
    ""chemical_environment"": ""Histidine sidechain CB (methylene linking CA to imidazole), in N-methyl-His"",
    ""functional_group"": ""amino acid side chain (benzylic-like CH2 alpha to imidazole)"",
    ""hybridization"": ""sp3"",
    ""example_molecule_smiles"": ""NC(Cc1n(C)ccn1)C(=O)O"",
    ""group_smarts"": ""[CH2]-c1ncnc1"",
    ""atom_specific_smarts"": ""[CH2:1]-c1ncnc1"",
    ""description"": ""Sidechain beta carbon of histidine; sp3 CH2 bonded to the alpha carbon and to an imidazole ring carbon. N-methylation is on the ring nitrogen and does not change CB connectivity."",
    ""uncertainty"": ""40""
  },
  {
    ""atom_type"": 6,
    ""element"": ""C"",
    ""chemical_environment"": ""Generic carbon placeholder (unspecified bonding in source entry)"",
    ""functional_group"": ""unspecified"",
    ""hybridization"": ""unspecified"",
    ""example_molecule_smiles"": ""C"",
    ""group_smarts"": ""[#6]"",
    ""atom_specific_smarts"": ""[#6:1]"",
    ""description"": ""Ambiguous generic carbon type from source; no clear local environment provided."",
    ""uncertainty"": ""80""
  },
  {
    ""atom_type"": 54,
    ""element"": ""C"",
    ""chemical_environment"": ""Primary methyl in n-alkanes (attached to a methylene carbon)"",
    ""functional_group"": ""alkane (n-CH3)"",
    ""hybridization"": ""sp3"",
    ""example_molecule_smiles"": ""CCC"",
    ""group_smarts"": ""[CH3]-[CH2]"",
    ""atom_specific_smarts"": ""[CH3:1]-[CH2X4]"",
    ""description"": ""Terminal methyl attached to a methylene (primary chain end). Neighbor carbon is sp3 CH2."",
    ""uncertainty"": ""10""
  },
  {
    ""atom_type"": 55,
    ""element"": ""C"",
    ""chemical_environment"": ""Methyl attached to a secondary carbon (iso-alkyl, e.g., isopropyl)"",
    ""functional_group"": ""alkane (iso-CH3)"",
    ""hybridization"": ""sp3"",
    ""example_molecule_smiles"": ""CC(C)C"",
    ""group_smarts"": ""[CH3]-[CHX4]"",
    ""atom_specific_smarts"": ""[CH3:1]-[CHX4](-[#6X4])-[#6X4]"",
    ""description"": ""Methyl whose single carbon neighbor is a secondary sp3 carbon (CH) bound to two other carbons."",
    ""uncertainty"": ""10""
  },
  {
    ""atom_type"": 56,
    ""element"": ""C"",
    ""chemical_environment"": ""Methyl attached to a quaternary carbon (neo-alkyl, e.g., neopentyl/tert-butyl center)"",
    ""functional_group"": ""alkane (neo-CH3)"",
    ""hybridization"": ""sp3"",
    ""example_molecule_smiles"": ""CC(C)(C)C"",
    ""group_smarts"": ""[CH3]-[CX4H0]"",
    ""atom_specific_smarts"": ""[CH3:1]-[CX4H0](-[#6X4])(-[#6X4])-[#6X4]"",
    ""description"": ""Methyl whose single carbon neighbor is a quaternary sp3 carbon (no hydrogens)."",
    ""uncertainty"": ""10""
  },
  {
    ""atom_type"": 57,
    ""element"": ""C"",
    ""chemical_environment"": ""Methylene carbon in alkanes (two C neighbors, two H)"",
    ""functional_group"": ""alkane (CH2)"",
    ""hybridization"": ""sp3"",
    ""example_molecule_smiles"": ""CCCC"",
    ""group_smarts"": ""[CH2]-[#6X4]"",
    ""atom_specific_smarts"": ""[CH2:1](-[#6X4])-[#6X4]"",
    ""description"": ""Internal or near-terminal methylene in saturated hydrocarbons; two sp3 carbon neighbors."",
    ""uncertainty"": ""10""
  },
  {
    ""atom_type"": 58,
    ""element"": ""C"",
    ""chemical_environment"": ""Secondary (methine) carbon in alkanes (three C neighbors, one H)"",
    ""functional_group"": ""alkane (CH)"",
    ""hybridization"": ""sp3"",
    ""example_molecule_smiles"": ""CC(C)C"",
    ""group_smarts"": ""[CH]-[#6X4]"",
    ""atom_specific_smarts"": ""[CH:1](-[#6X4])(-[#6X4])-[#6X4]"",
    ""description"": ""Methine carbon in saturated hydrocarbons; three sp3 carbon neighbors and one hydrogen."",
    ""uncertainty"": ""10""
  },
  {
    ""atom_type"": 59,
    ""element"": ""C"",
    ""chemical_environment"": ""Quaternary carbon in alkanes (four C neighbors, no H)"",
    ""functional_group"": ""alkane (C tertiary/quaternary center)"",
    ""hybridization"": ""sp3"",
    ""example_molecule_smiles"": ""CC(C)(C)C"",
    ""group_smarts"": ""[CX4H0]-[#6X4]"",
    ""atom_specific_smarts"": ""[CX4H0:1](-[#6X4])(-[#6X4])(-[#6X4])-[#6X4]"",
    ""description"": ""Saturated quaternary carbon bound to four carbons (no hydrogens)."",
    ""uncertainty"": ""10""
  },
  {
    ""atom_type"": 61,
    ""element"": ""C"",
    ""chemical_environment"": ""Benzylic methyl (methyl attached directly to an aromatic ring, e.g., toluene)"",
    ""functional_group"": ""alkyl-aryl (benzylic CH3)"",
    ""hybridization"": ""sp3"",
    ""example_molecule_smiles"": ""Cc1ccccc1"",
    ""group_smarts"": ""[CH3]-c"",
    ""atom_specific_smarts"": ""[CH3:1]-[cX3]"",
    ""description"": ""Methyl carbon bonded to an aromatic sp2 carbon (benzylic position)."",
    ""uncertainty"": ""15""
  },
  {
    ""atom_type"": 62,
    ""element"": ""C"",
    ""chemical_environment"": ""Benzylic methylene in ethylbenzene (CH2 alpha to an aromatic ring)"",
    ""functional_group"": ""alkyl-aryl (benzylic CH2)"",
    ""hybridization"": ""sp3"",
    ""example_molecule_smiles"": ""CCc1ccccc1"",
    ""group_smarts"": ""[CH2]-c"",
    ""atom_specific_smarts"": ""[CH2:1](-[cX3])-[#6X4]"",
    ""description"": ""Benzylic CH2 attached directly to an aromatic sp2 carbon and to one sp3 carbon."",
    ""uncertainty"": ""15""
  },
  {
    ""atom_type"": 63,
    ""element"": ""C"",
    ""chemical_environment"": ""Benzylic methine in isopropyl benzene (cumene) attached to two alkyl groups and an aromatic ring"",
    ""functional_group"": ""alkyl-aryl (benzylic CH)"",
    ""hybridization"": ""sp3"",
    ""example_molecule_smiles"": ""CC(C)c1ccccc1"",
    ""group_smarts"": ""[CH]-c"",
    ""atom_specific_smarts"": ""[CH:1](-[cX3])(-[#6X4])-[#6X4]"",
    ""description"": ""Benzylic CH attached directly to an aromatic carbon and to two sp3 carbon substituents (isopropyl benzene)."",
    ""uncertainty"": ""15""
  }
]"
61,-0.065,"C  - CT   | all-atom C: CH3, toluene",12.011,oplsaa2024.lt,C,6,"Convert the following OPLS-AA atom type rows:

Atom Type Data:
- Atom index: 894
- Force field raw info: ""Anilinium C-NR3+""
- Partial charge: 0.135
- Atomic mass: 12.011
- Element guess: C
- Atomic number: 6
- Source file: oplsaa2008.lt


Atom Type Data:
- Atom index: 896
- Force field raw info: ""Anilinium C-NHR2+""
- Partial charge: 0.155
- Atomic mass: 12.011
- Element guess: C
- Atomic number: 6
- Source file: oplsaa2008.lt


Atom Type Data:
- Atom index: 897
- Force field raw info: ""Triene R2-C= (mid C=C)""
- Partial charge: 0.0
- Atomic mass: 12.011
- Element guess: C
- Atomic number: 6
- Source file: oplsaa2008.lt


Atom Type Data:
- Atom index: 898
- Force field raw info: ""Triene RH-C= (mid C=C)""
- Partial charge: -0.115
- Atomic mass: 12.011
- Element guess: C
- Atomic number: 6
- Source file: oplsaa2008.lt


Atom Type Data:
- Atom index: 900
- Force field raw info: ""Allene/Ketene H2C=C=X""
- Partial charge: -0.25
- Atomic mass: 12.011
- Element guess: C
- Atomic number: 6
- Source file: oplsaa2008.lt


Atom Type Data:
- Atom index: 901
- Force field raw info: ""Allene/Ketene HRC=C=X""
- Partial charge: -0.1
- Atomic mass: 12.011
- Element guess: C
- Atomic number: 6
- Source file: oplsaa2008.lt


Atom Type Data:
- Atom index: 902
- Force field raw info: ""Allene/Ketene R2C=C=X""
- Partial charge: 0.05
- Atomic mass: 12.011
- Element guess: C
- Atomic number: 6
- Source file: oplsaa2008.lt


Atom Type Data:
- Atom index: 903
- Force field raw info: ""Allene =C=""
- Partial charge: -0.1
- Atomic mass: 12.011
- Element guess: C
- Atomic number: 6
- Source file: oplsaa2008.lt


Atom Type Data:
- Atom index: 904
- Force field raw info: ""Ketene =C=""
- Partial charge: 0.2
- Atomic mass: 12.011
- Element guess: C
- Atomic number: 6
- Source file: oplsaa2008.lt


Atom Type Data:
- Atom index: 906
- Force field raw info: ""N-Me-HIS CB""
- Partial charge: 0.088
- Atomic mass: 12.011
- Element guess: C
- Atomic number: 6
- Source file: oplsaa2008.lt


Atom Type Data:
- Atom index: 6
- Force field raw info: C  - C~   |
- Partial charge: 0.0
- Atomic mass: 12.011
- Element guess: C
- Atomic number: 6
- Source file: oplsaa2024.lt


Atom Type Data:
- Atom index: 54
- Force field raw info: C  - CT   | n-CH3 all-atom C: alkanes
- Partial charge: -0.18
- Atomic mass: 12.011
- Element guess: C
- Atomic number: 6
- Source file: oplsaa2024.lt


Atom Type Data:
- Atom index: 55
- Force field raw info: C  - CT   | iso-CH3 all-atom C: alkanes
- Partial charge: -0.18
- Atomic mass: 12.011
- Element guess: C
- Atomic number: 6
- Source file: oplsaa2024.lt


Atom Type Data:
- Atom index: 56
- Force field raw info: C  - CT   | neo-CH3 all-atom C: alkanes
- Partial charge: -0.18
- Atomic mass: 12.011
- Element guess: C
- Atomic number: 6
- Source file: oplsaa2024.lt


Atom Type Data:
- Atom index: 57
- Force field raw info: C  - CT   | CH2 all-atom C: alkanes
- Partial charge: -0.12
- Atomic mass: 12.011
- Element guess: C
- Atomic number: 6
- Source file: oplsaa2024.lt


Atom Type Data:
- Atom index: 58
- Force field raw info: C  - CT   | CH all-atom C: alkanes
- Partial charge: -0.06
- Atomic mass: 12.011
- Element guess: C
- Atomic number: 6
- Source file: oplsaa2024.lt


Atom Type Data:
- Atom index: 59
- Force field raw info: C  - CT   | C all-atom C: alkanes
- Partial charge: 0.0
- Atomic mass: 12.011
- Element guess: C
- Atomic number: 6
- Source file: oplsaa2024.lt


Atom Type Data:
- Atom index: 61
- Force field raw info: C  - CT   | all-atom C: CH3, toluene
- Partial charge: -0.065
- Atomic mass: 12.011
- Element guess: C
- Atomic number: 6
- Source file: oplsaa2024.lt


Atom Type Data:
- Atom index: 62
- Force field raw info: C  - CT   | all-atom C: CH2, ethyl benzene
- Partial charge: -0.005
- Atomic mass: 12.011
- Element guess: C
- Atomic number: 6
- Source file: oplsaa2024.lt


Atom Type Data:
- Atom index: 63
- Force field raw info: C  - CT   | all-atom C: CH, i-propyl benzene
- Partial charge: 0.055
- Atomic mass: 12.011
- Element guess: C
- Atomic number: 6
- Source file: oplsaa2024.lt
","[
  {
    ""atom_type"": 894,
    ""element"": ""C"",
    ""chemical_environment"": ""Aromatic ipso carbon bonded to a protonated tertiary anilinium nitrogen"",
    ""functional_group"": ""anilinium (aryl ammonium, tertiary)"",
    ""hybridization"": ""sp2"",
    ""example_molecule_smiles"": ""c1ccc(cc1)[N+H](C)C"",
    ""group_smarts"": ""[cX3]-[N+H]([#6])([#6])[#6]"",
    ""atom_specific_smarts"": ""[cX3:1]-[N+H]([#6])([#6])[#6]"",
    ""description"": ""Ring carbon of an aniline bearing a protonated tertiary amine; neighbors: two aromatic carbons and one [N+H] bonded to three carbons."",
    ""uncertainty"": ""30""
  },
  {
    ""atom_type"": 896,
    ""element"": ""C"",
    ""chemical_environment"": ""Aromatic ipso carbon bonded to a protonated secondary anilinium nitrogen"",
    ""functional_group"": ""anilinium (aryl ammonium, secondary)"",
    ""hybridization"": ""sp2"",
    ""example_molecule_smiles"": ""c1ccc(cc1)[N+H2]CC"",
    ""group_smarts"": ""[cX3]-[N+H2]([#6])[#6]"",
    ""atom_specific_smarts"": ""[cX3:1]-[N+H2]([#6])[#6]"",
    ""description"": ""Ring carbon of an aniline bearing a protonated secondary amine; neighbors: two aromatic carbons and one [N+H2] bonded to two carbons."",
    ""uncertainty"": ""35""
  },
  {
    ""atom_type"": 897,
    ""element"": ""C"",
    ""chemical_environment"": ""Internal alkene carbon in the middle C=C of a conjugated triene, disubstituted (no hydrogens)"",
    ""functional_group"": ""conjugated triene (hexatriene-like), mid C=C (R2C=)"",
    ""hybridization"": ""sp2"",
    ""example_molecule_smiles"": ""C=C(C)C=C(C)C=C"",
    ""group_smarts"": ""[CX3](=C)-C=C"",
    ""atom_specific_smarts"": ""[CX3H0:1](=C(-C=C))-C=C"",
    ""description"": ""Middle double-bond carbon of a C=C-C=C-C=C system; one double-bonded sp2 neighbor and two single-bonded sp2 neighbors that each continue as C=C; this atom has no H."",
    ""uncertainty"": ""25""
  },
  {
    ""atom_type"": 898,
    ""element"": ""C"",
    ""chemical_environment"": ""Internal alkene carbon in the middle C=C of a conjugated triene, monosubstituted (one hydrogen)"",
    ""functional_group"": ""conjugated triene (hexatriene-like), mid C=C (RH-C=)"",
    ""hybridization"": ""sp2"",
    ""example_molecule_smiles"": ""C=CC=CC=C"",
    ""group_smarts"": ""[CX3H1](=C)-C=C"",
    ""atom_specific_smarts"": ""[CX3H1:1](=C(-C=C))-C=C"",
    ""description"": ""Middle double-bond carbon of a C=C-C=C-C=C system; one double-bonded sp2 neighbor and one single-bonded sp2 neighbor that continues as C=C; this atom has one H."",
    ""uncertainty"": ""25""
  },
  {
    ""atom_type"": 900,
    ""element"": ""C"",
    ""chemical_environment"": ""Terminal sp2 carbon of an allene/ketene fragment H2C=C=X"",
    ""functional_group"": ""allene or ketene (terminal CH2)"",
    ""hybridization"": ""sp2"",
    ""example_molecule_smiles"": ""C=C=O"",
    ""group_smarts"": ""[CH2]=C=[C,O]"",
    ""atom_specific_smarts"": ""[CH2:1]=C=[C,O]"",
    ""description"": ""Terminal vinylidene carbon bearing two hydrogens, double-bonded to the central cumulenic carbon that is further double-bonded to C or O."",
    ""uncertainty"": ""15""
  },
  {
    ""atom_type"": 901,
    ""element"": ""C"",
    ""chemical_environment"": ""Terminal sp2 carbon of an allene/ketene fragment HRC=C=X (one H, one carbon substituent)"",
    ""functional_group"": ""allene or ketene (substituted terminal CH)"",
    ""hybridization"": ""sp2"",
    ""example_molecule_smiles"": ""CC=C=O"",
    ""group_smarts"": ""[CH1](-[#6])=C=[C,O]"",
    ""atom_specific_smarts"": ""[CH1:1](-[#6])=C=[C,O]"",
    ""description"": ""Terminal sp2 carbon with one hydrogen and one carbon substituent, double-bonded to the central cumulenic carbon which is double-bonded to C or O."",
    ""uncertainty"": ""15""
  },
  {
    ""atom_type"": 902,
    ""element"": ""C"",
    ""chemical_environment"": ""Terminal sp2 carbon of an allene/ketene fragment R2C=C=X (no hydrogens)"",
    ""functional_group"": ""allene or ketene (disubstituted terminal carbon)"",
    ""hybridization"": ""sp2"",
    ""example_molecule_smiles"": ""CC(=C=O)C"",
    ""group_smarts"": ""[CH0](-[#6])(-[#6])=C=[C,O]"",
    ""atom_specific_smarts"": ""[CX3H0:1](-[#6])(-[#6])=C=[C,O]"",
    ""description"": ""Terminal sp2 carbon with two carbon substituents, double-bonded to the central cumulenic carbon which is double-bonded to C or O."",
    ""uncertainty"": ""15""
  },
  {
    ""atom_type"": 903,
    ""element"": ""C"",
    ""chemical_environment"": ""Central sp carbon of an allene fragment =C="",
    ""functional_group"": ""allene (central cumulenic carbon)"",
    ""hybridization"": ""sp"",
    ""example_molecule_smiles"": ""C=C=C"",
    ""group_smarts"": ""[CX2H0](=[C])[C]=[C]"",
    ""atom_specific_smarts"": ""[CX2H0:1](=[C;X3])[C;X3]=[C;X3]"",
    ""description"": ""Central cumulenic carbon double-bonded to two carbons (no heteroatom); neighbors are two terminal sp2 carbons."",
    ""uncertainty"": ""15""
  },
  {
    ""atom_type"": 904,
    ""element"": ""C"",
    ""chemical_environment"": ""Central sp carbon of a ketene fragment =C="",
    ""functional_group"": ""ketene (central cumulenic carbon)"",
    ""hybridization"": ""sp"",
    ""example_molecule_smiles"": ""C=C=O"",
    ""group_smarts"": ""[CX2H0](=C)=O"",
    ""atom_specific_smarts"": ""[CX2H0:1](=[C;X3])=O"",
    ""description"": ""Central cumulenic carbon double-bonded to one carbon and one oxygen (ketene C=C=O)."",
    ""uncertainty"": ""15""
  },
  {
    ""atom_type"": 906,
    ""element"": ""C"",
    ""chemical_environment"": ""Histidine sidechain CB (methylene linking CA to imidazole), in N-methyl-His"",
    ""functional_group"": ""amino acid side chain (benzylic-like CH2 alpha to imidazole)"",
    ""hybridization"": ""sp3"",
    ""example_molecule_smiles"": ""NC(Cc1n(C)ccn1)C(=O)O"",
    ""group_smarts"": ""[CH2]-c1ncnc1"",
    ""atom_specific_smarts"": ""[CH2:1]-c1ncnc1"",
    ""description"": ""Sidechain beta carbon of histidine; sp3 CH2 bonded to the alpha carbon and to an imidazole ring carbon. N-methylation is on the ring nitrogen and does not change CB connectivity."",
    ""uncertainty"": ""40""
  },
  {
    ""atom_type"": 6,
    ""element"": ""C"",
    ""chemical_environment"": ""Generic carbon placeholder (unspecified bonding in source entry)"",
    ""functional_group"": ""unspecified"",
    ""hybridization"": ""unspecified"",
    ""example_molecule_smiles"": ""C"",
    ""group_smarts"": ""[#6]"",
    ""atom_specific_smarts"": ""[#6:1]"",
    ""description"": ""Ambiguous generic carbon type from source; no clear local environment provided."",
    ""uncertainty"": ""80""
  },
  {
    ""atom_type"": 54,
    ""element"": ""C"",
    ""chemical_environment"": ""Primary methyl in n-alkanes (attached to a methylene carbon)"",
    ""functional_group"": ""alkane (n-CH3)"",
    ""hybridization"": ""sp3"",
    ""example_molecule_smiles"": ""CCC"",
    ""group_smarts"": ""[CH3]-[CH2]"",
    ""atom_specific_smarts"": ""[CH3:1]-[CH2X4]"",
    ""description"": ""Terminal methyl attached to a methylene (primary chain end). Neighbor carbon is sp3 CH2."",
    ""uncertainty"": ""10""
  },
  {
    ""atom_type"": 55,
    ""element"": ""C"",
    ""chemical_environment"": ""Methyl attached to a secondary carbon (iso-alkyl, e.g., isopropyl)"",
    ""functional_group"": ""alkane (iso-CH3)"",
    ""hybridization"": ""sp3"",
    ""example_molecule_smiles"": ""CC(C)C"",
    ""group_smarts"": ""[CH3]-[CHX4]"",
    ""atom_specific_smarts"": ""[CH3:1]-[CHX4](-[#6X4])-[#6X4]"",
    ""description"": ""Methyl whose single carbon neighbor is a secondary sp3 carbon (CH) bound to two other carbons."",
    ""uncertainty"": ""10""
  },
  {
    ""atom_type"": 56,
    ""element"": ""C"",
    ""chemical_environment"": ""Methyl attached to a quaternary carbon (neo-alkyl, e.g., neopentyl/tert-butyl center)"",
    ""functional_group"": ""alkane (neo-CH3)"",
    ""hybridization"": ""sp3"",
    ""example_molecule_smiles"": ""CC(C)(C)C"",
    ""group_smarts"": ""[CH3]-[CX4H0]"",
    ""atom_specific_smarts"": ""[CH3:1]-[CX4H0](-[#6X4])(-[#6X4])-[#6X4]"",
    ""description"": ""Methyl whose single carbon neighbor is a quaternary sp3 carbon (no hydrogens)."",
    ""uncertainty"": ""10""
  },
  {
    ""atom_type"": 57,
    ""element"": ""C"",
    ""chemical_environment"": ""Methylene carbon in alkanes (two C neighbors, two H)"",
    ""functional_group"": ""alkane (CH2)"",
    ""hybridization"": ""sp3"",
    ""example_molecule_smiles"": ""CCCC"",
    ""group_smarts"": ""[CH2]-[#6X4]"",
    ""atom_specific_smarts"": ""[CH2:1](-[#6X4])-[#6X4]"",
    ""description"": ""Internal or near-terminal methylene in saturated hydrocarbons; two sp3 carbon neighbors."",
    ""uncertainty"": ""10""
  },
  {
    ""atom_type"": 58,
    ""element"": ""C"",
    ""chemical_environment"": ""Secondary (methine) carbon in alkanes (three C neighbors, one H)"",
    ""functional_group"": ""alkane (CH)"",
    ""hybridization"": ""sp3"",
    ""example_molecule_smiles"": ""CC(C)C"",
    ""group_smarts"": ""[CH]-[#6X4]"",
    ""atom_specific_smarts"": ""[CH:1](-[#6X4])(-[#6X4])-[#6X4]"",
    ""description"": ""Methine carbon in saturated hydrocarbons; three sp3 carbon neighbors and one hydrogen."",
    ""uncertainty"": ""10""
  },
  {
    ""atom_type"": 59,
    ""element"": ""C"",
    ""chemical_environment"": ""Quaternary carbon in alkanes (four C neighbors, no H)"",
    ""functional_group"": ""alkane (C tertiary/quaternary center)"",
    ""hybridization"": ""sp3"",
    ""example_molecule_smiles"": ""CC(C)(C)C"",
    ""group_smarts"": ""[CX4H0]-[#6X4]"",
    ""atom_specific_smarts"": ""[CX4H0:1](-[#6X4])(-[#6X4])(-[#6X4])-[#6X4]"",
    ""description"": ""Saturated quaternary carbon bound to four carbons (no hydrogens)."",
    ""uncertainty"": ""10""
  },
  {
    ""atom_type"": 61,
    ""element"": ""C"",
    ""chemical_environment"": ""Benzylic methyl (methyl attached directly to an aromatic ring, e.g., toluene)"",
    ""functional_group"": ""alkyl-aryl (benzylic CH3)"",
    ""hybridization"": ""sp3"",
    ""example_molecule_smiles"": ""Cc1ccccc1"",
    ""group_smarts"": ""[CH3]-c"",
    ""atom_specific_smarts"": ""[CH3:1]-[cX3]"",
    ""description"": ""Methyl carbon bonded to an aromatic sp2 carbon (benzylic position)."",
    ""uncertainty"": ""15""
  },
  {
    ""atom_type"": 62,
    ""element"": ""C"",
    ""chemical_environment"": ""Benzylic methylene in ethylbenzene (CH2 alpha to an aromatic ring)"",
    ""functional_group"": ""alkyl-aryl (benzylic CH2)"",
    ""hybridization"": ""sp3"",
    ""example_molecule_smiles"": ""CCc1ccccc1"",
    ""group_smarts"": ""[CH2]-c"",
    ""atom_specific_smarts"": ""[CH2:1](-[cX3])-[#6X4]"",
    ""description"": ""Benzylic CH2 attached directly to an aromatic sp2 carbon and to one sp3 carbon."",
    ""uncertainty"": ""15""
  },
  {
    ""atom_type"": 63,
    ""element"": ""C"",
    ""chemical_environment"": ""Benzylic methine in isopropyl benzene (cumene) attached to two alkyl groups and an aromatic ring"",
    ""functional_group"": ""alkyl-aryl (benzylic CH)"",
    ""hybridization"": ""sp3"",
    ""example_molecule_smiles"": ""CC(C)c1ccccc1"",
    ""group_smarts"": ""[CH]-c"",
    ""atom_specific_smarts"": ""[CH:1](-[cX3])(-[#6X4])-[#6X4]"",
    ""description"": ""Benzylic CH attached directly to an aromatic carbon and to two sp3 carbon substituents (isopropyl benzene)."",
    ""uncertainty"": ""15""
  }
]"
62,-0.005,"C  - CT   | all-atom C: CH2, ethyl benzene",12.011,oplsaa2024.lt,C,6,"Convert the following OPLS-AA atom type rows:

Atom Type Data:
- Atom index: 894
- Force field raw info: ""Anilinium C-NR3+""
- Partial charge: 0.135
- Atomic mass: 12.011
- Element guess: C
- Atomic number: 6
- Source file: oplsaa2008.lt


Atom Type Data:
- Atom index: 896
- Force field raw info: ""Anilinium C-NHR2+""
- Partial charge: 0.155
- Atomic mass: 12.011
- Element guess: C
- Atomic number: 6
- Source file: oplsaa2008.lt


Atom Type Data:
- Atom index: 897
- Force field raw info: ""Triene R2-C= (mid C=C)""
- Partial charge: 0.0
- Atomic mass: 12.011
- Element guess: C
- Atomic number: 6
- Source file: oplsaa2008.lt


Atom Type Data:
- Atom index: 898
- Force field raw info: ""Triene RH-C= (mid C=C)""
- Partial charge: -0.115
- Atomic mass: 12.011
- Element guess: C
- Atomic number: 6
- Source file: oplsaa2008.lt


Atom Type Data:
- Atom index: 900
- Force field raw info: ""Allene/Ketene H2C=C=X""
- Partial charge: -0.25
- Atomic mass: 12.011
- Element guess: C
- Atomic number: 6
- Source file: oplsaa2008.lt


Atom Type Data:
- Atom index: 901
- Force field raw info: ""Allene/Ketene HRC=C=X""
- Partial charge: -0.1
- Atomic mass: 12.011
- Element guess: C
- Atomic number: 6
- Source file: oplsaa2008.lt


Atom Type Data:
- Atom index: 902
- Force field raw info: ""Allene/Ketene R2C=C=X""
- Partial charge: 0.05
- Atomic mass: 12.011
- Element guess: C
- Atomic number: 6
- Source file: oplsaa2008.lt


Atom Type Data:
- Atom index: 903
- Force field raw info: ""Allene =C=""
- Partial charge: -0.1
- Atomic mass: 12.011
- Element guess: C
- Atomic number: 6
- Source file: oplsaa2008.lt


Atom Type Data:
- Atom index: 904
- Force field raw info: ""Ketene =C=""
- Partial charge: 0.2
- Atomic mass: 12.011
- Element guess: C
- Atomic number: 6
- Source file: oplsaa2008.lt


Atom Type Data:
- Atom index: 906
- Force field raw info: ""N-Me-HIS CB""
- Partial charge: 0.088
- Atomic mass: 12.011
- Element guess: C
- Atomic number: 6
- Source file: oplsaa2008.lt


Atom Type Data:
- Atom index: 6
- Force field raw info: C  - C~   |
- Partial charge: 0.0
- Atomic mass: 12.011
- Element guess: C
- Atomic number: 6
- Source file: oplsaa2024.lt


Atom Type Data:
- Atom index: 54
- Force field raw info: C  - CT   | n-CH3 all-atom C: alkanes
- Partial charge: -0.18
- Atomic mass: 12.011
- Element guess: C
- Atomic number: 6
- Source file: oplsaa2024.lt


Atom Type Data:
- Atom index: 55
- Force field raw info: C  - CT   | iso-CH3 all-atom C: alkanes
- Partial charge: -0.18
- Atomic mass: 12.011
- Element guess: C
- Atomic number: 6
- Source file: oplsaa2024.lt


Atom Type Data:
- Atom index: 56
- Force field raw info: C  - CT   | neo-CH3 all-atom C: alkanes
- Partial charge: -0.18
- Atomic mass: 12.011
- Element guess: C
- Atomic number: 6
- Source file: oplsaa2024.lt


Atom Type Data:
- Atom index: 57
- Force field raw info: C  - CT   | CH2 all-atom C: alkanes
- Partial charge: -0.12
- Atomic mass: 12.011
- Element guess: C
- Atomic number: 6
- Source file: oplsaa2024.lt


Atom Type Data:
- Atom index: 58
- Force field raw info: C  - CT   | CH all-atom C: alkanes
- Partial charge: -0.06
- Atomic mass: 12.011
- Element guess: C
- Atomic number: 6
- Source file: oplsaa2024.lt


Atom Type Data:
- Atom index: 59
- Force field raw info: C  - CT   | C all-atom C: alkanes
- Partial charge: 0.0
- Atomic mass: 12.011
- Element guess: C
- Atomic number: 6
- Source file: oplsaa2024.lt


Atom Type Data:
- Atom index: 61
- Force field raw info: C  - CT   | all-atom C: CH3, toluene
- Partial charge: -0.065
- Atomic mass: 12.011
- Element guess: C
- Atomic number: 6
- Source file: oplsaa2024.lt


Atom Type Data:
- Atom index: 62
- Force field raw info: C  - CT   | all-atom C: CH2, ethyl benzene
- Partial charge: -0.005
- Atomic mass: 12.011
- Element guess: C
- Atomic number: 6
- Source file: oplsaa2024.lt


Atom Type Data:
- Atom index: 63
- Force field raw info: C  - CT   | all-atom C: CH, i-propyl benzene
- Partial charge: 0.055
- Atomic mass: 12.011
- Element guess: C
- Atomic number: 6
- Source file: oplsaa2024.lt
","[
  {
    ""atom_type"": 894,
    ""element"": ""C"",
    ""chemical_environment"": ""Aromatic ipso carbon bonded to a protonated tertiary anilinium nitrogen"",
    ""functional_group"": ""anilinium (aryl ammonium, tertiary)"",
    ""hybridization"": ""sp2"",
    ""example_molecule_smiles"": ""c1ccc(cc1)[N+H](C)C"",
    ""group_smarts"": ""[cX3]-[N+H]([#6])([#6])[#6]"",
    ""atom_specific_smarts"": ""[cX3:1]-[N+H]([#6])([#6])[#6]"",
    ""description"": ""Ring carbon of an aniline bearing a protonated tertiary amine; neighbors: two aromatic carbons and one [N+H] bonded to three carbons."",
    ""uncertainty"": ""30""
  },
  {
    ""atom_type"": 896,
    ""element"": ""C"",
    ""chemical_environment"": ""Aromatic ipso carbon bonded to a protonated secondary anilinium nitrogen"",
    ""functional_group"": ""anilinium (aryl ammonium, secondary)"",
    ""hybridization"": ""sp2"",
    ""example_molecule_smiles"": ""c1ccc(cc1)[N+H2]CC"",
    ""group_smarts"": ""[cX3]-[N+H2]([#6])[#6]"",
    ""atom_specific_smarts"": ""[cX3:1]-[N+H2]([#6])[#6]"",
    ""description"": ""Ring carbon of an aniline bearing a protonated secondary amine; neighbors: two aromatic carbons and one [N+H2] bonded to two carbons."",
    ""uncertainty"": ""35""
  },
  {
    ""atom_type"": 897,
    ""element"": ""C"",
    ""chemical_environment"": ""Internal alkene carbon in the middle C=C of a conjugated triene, disubstituted (no hydrogens)"",
    ""functional_group"": ""conjugated triene (hexatriene-like), mid C=C (R2C=)"",
    ""hybridization"": ""sp2"",
    ""example_molecule_smiles"": ""C=C(C)C=C(C)C=C"",
    ""group_smarts"": ""[CX3](=C)-C=C"",
    ""atom_specific_smarts"": ""[CX3H0:1](=C(-C=C))-C=C"",
    ""description"": ""Middle double-bond carbon of a C=C-C=C-C=C system; one double-bonded sp2 neighbor and two single-bonded sp2 neighbors that each continue as C=C; this atom has no H."",
    ""uncertainty"": ""25""
  },
  {
    ""atom_type"": 898,
    ""element"": ""C"",
    ""chemical_environment"": ""Internal alkene carbon in the middle C=C of a conjugated triene, monosubstituted (one hydrogen)"",
    ""functional_group"": ""conjugated triene (hexatriene-like), mid C=C (RH-C=)"",
    ""hybridization"": ""sp2"",
    ""example_molecule_smiles"": ""C=CC=CC=C"",
    ""group_smarts"": ""[CX3H1](=C)-C=C"",
    ""atom_specific_smarts"": ""[CX3H1:1](=C(-C=C))-C=C"",
    ""description"": ""Middle double-bond carbon of a C=C-C=C-C=C system; one double-bonded sp2 neighbor and one single-bonded sp2 neighbor that continues as C=C; this atom has one H."",
    ""uncertainty"": ""25""
  },
  {
    ""atom_type"": 900,
    ""element"": ""C"",
    ""chemical_environment"": ""Terminal sp2 carbon of an allene/ketene fragment H2C=C=X"",
    ""functional_group"": ""allene or ketene (terminal CH2)"",
    ""hybridization"": ""sp2"",
    ""example_molecule_smiles"": ""C=C=O"",
    ""group_smarts"": ""[CH2]=C=[C,O]"",
    ""atom_specific_smarts"": ""[CH2:1]=C=[C,O]"",
    ""description"": ""Terminal vinylidene carbon bearing two hydrogens, double-bonded to the central cumulenic carbon that is further double-bonded to C or O."",
    ""uncertainty"": ""15""
  },
  {
    ""atom_type"": 901,
    ""element"": ""C"",
    ""chemical_environment"": ""Terminal sp2 carbon of an allene/ketene fragment HRC=C=X (one H, one carbon substituent)"",
    ""functional_group"": ""allene or ketene (substituted terminal CH)"",
    ""hybridization"": ""sp2"",
    ""example_molecule_smiles"": ""CC=C=O"",
    ""group_smarts"": ""[CH1](-[#6])=C=[C,O]"",
    ""atom_specific_smarts"": ""[CH1:1](-[#6])=C=[C,O]"",
    ""description"": ""Terminal sp2 carbon with one hydrogen and one carbon substituent, double-bonded to the central cumulenic carbon which is double-bonded to C or O."",
    ""uncertainty"": ""15""
  },
  {
    ""atom_type"": 902,
    ""element"": ""C"",
    ""chemical_environment"": ""Terminal sp2 carbon of an allene/ketene fragment R2C=C=X (no hydrogens)"",
    ""functional_group"": ""allene or ketene (disubstituted terminal carbon)"",
    ""hybridization"": ""sp2"",
    ""example_molecule_smiles"": ""CC(=C=O)C"",
    ""group_smarts"": ""[CH0](-[#6])(-[#6])=C=[C,O]"",
    ""atom_specific_smarts"": ""[CX3H0:1](-[#6])(-[#6])=C=[C,O]"",
    ""description"": ""Terminal sp2 carbon with two carbon substituents, double-bonded to the central cumulenic carbon which is double-bonded to C or O."",
    ""uncertainty"": ""15""
  },
  {
    ""atom_type"": 903,
    ""element"": ""C"",
    ""chemical_environment"": ""Central sp carbon of an allene fragment =C="",
    ""functional_group"": ""allene (central cumulenic carbon)"",
    ""hybridization"": ""sp"",
    ""example_molecule_smiles"": ""C=C=C"",
    ""group_smarts"": ""[CX2H0](=[C])[C]=[C]"",
    ""atom_specific_smarts"": ""[CX2H0:1](=[C;X3])[C;X3]=[C;X3]"",
    ""description"": ""Central cumulenic carbon double-bonded to two carbons (no heteroatom); neighbors are two terminal sp2 carbons."",
    ""uncertainty"": ""15""
  },
  {
    ""atom_type"": 904,
    ""element"": ""C"",
    ""chemical_environment"": ""Central sp carbon of a ketene fragment =C="",
    ""functional_group"": ""ketene (central cumulenic carbon)"",
    ""hybridization"": ""sp"",
    ""example_molecule_smiles"": ""C=C=O"",
    ""group_smarts"": ""[CX2H0](=C)=O"",
    ""atom_specific_smarts"": ""[CX2H0:1](=[C;X3])=O"",
    ""description"": ""Central cumulenic carbon double-bonded to one carbon and one oxygen (ketene C=C=O)."",
    ""uncertainty"": ""15""
  },
  {
    ""atom_type"": 906,
    ""element"": ""C"",
    ""chemical_environment"": ""Histidine sidechain CB (methylene linking CA to imidazole), in N-methyl-His"",
    ""functional_group"": ""amino acid side chain (benzylic-like CH2 alpha to imidazole)"",
    ""hybridization"": ""sp3"",
    ""example_molecule_smiles"": ""NC(Cc1n(C)ccn1)C(=O)O"",
    ""group_smarts"": ""[CH2]-c1ncnc1"",
    ""atom_specific_smarts"": ""[CH2:1]-c1ncnc1"",
    ""description"": ""Sidechain beta carbon of histidine; sp3 CH2 bonded to the alpha carbon and to an imidazole ring carbon. N-methylation is on the ring nitrogen and does not change CB connectivity."",
    ""uncertainty"": ""40""
  },
  {
    ""atom_type"": 6,
    ""element"": ""C"",
    ""chemical_environment"": ""Generic carbon placeholder (unspecified bonding in source entry)"",
    ""functional_group"": ""unspecified"",
    ""hybridization"": ""unspecified"",
    ""example_molecule_smiles"": ""C"",
    ""group_smarts"": ""[#6]"",
    ""atom_specific_smarts"": ""[#6:1]"",
    ""description"": ""Ambiguous generic carbon type from source; no clear local environment provided."",
    ""uncertainty"": ""80""
  },
  {
    ""atom_type"": 54,
    ""element"": ""C"",
    ""chemical_environment"": ""Primary methyl in n-alkanes (attached to a methylene carbon)"",
    ""functional_group"": ""alkane (n-CH3)"",
    ""hybridization"": ""sp3"",
    ""example_molecule_smiles"": ""CCC"",
    ""group_smarts"": ""[CH3]-[CH2]"",
    ""atom_specific_smarts"": ""[CH3:1]-[CH2X4]"",
    ""description"": ""Terminal methyl attached to a methylene (primary chain end). Neighbor carbon is sp3 CH2."",
    ""uncertainty"": ""10""
  },
  {
    ""atom_type"": 55,
    ""element"": ""C"",
    ""chemical_environment"": ""Methyl attached to a secondary carbon (iso-alkyl, e.g., isopropyl)"",
    ""functional_group"": ""alkane (iso-CH3)"",
    ""hybridization"": ""sp3"",
    ""example_molecule_smiles"": ""CC(C)C"",
    ""group_smarts"": ""[CH3]-[CHX4]"",
    ""atom_specific_smarts"": ""[CH3:1]-[CHX4](-[#6X4])-[#6X4]"",
    ""description"": ""Methyl whose single carbon neighbor is a secondary sp3 carbon (CH) bound to two other carbons."",
    ""uncertainty"": ""10""
  },
  {
    ""atom_type"": 56,
    ""element"": ""C"",
    ""chemical_environment"": ""Methyl attached to a quaternary carbon (neo-alkyl, e.g., neopentyl/tert-butyl center)"",
    ""functional_group"": ""alkane (neo-CH3)"",
    ""hybridization"": ""sp3"",
    ""example_molecule_smiles"": ""CC(C)(C)C"",
    ""group_smarts"": ""[CH3]-[CX4H0]"",
    ""atom_specific_smarts"": ""[CH3:1]-[CX4H0](-[#6X4])(-[#6X4])-[#6X4]"",
    ""description"": ""Methyl whose single carbon neighbor is a quaternary sp3 carbon (no hydrogens)."",
    ""uncertainty"": ""10""
  },
  {
    ""atom_type"": 57,
    ""element"": ""C"",
    ""chemical_environment"": ""Methylene carbon in alkanes (two C neighbors, two H)"",
    ""functional_group"": ""alkane (CH2)"",
    ""hybridization"": ""sp3"",
    ""example_molecule_smiles"": ""CCCC"",
    ""group_smarts"": ""[CH2]-[#6X4]"",
    ""atom_specific_smarts"": ""[CH2:1](-[#6X4])-[#6X4]"",
    ""description"": ""Internal or near-terminal methylene in saturated hydrocarbons; two sp3 carbon neighbors."",
    ""uncertainty"": ""10""
  },
  {
    ""atom_type"": 58,
    ""element"": ""C"",
    ""chemical_environment"": ""Secondary (methine) carbon in alkanes (three C neighbors, one H)"",
    ""functional_group"": ""alkane (CH)"",
    ""hybridization"": ""sp3"",
    ""example_molecule_smiles"": ""CC(C)C"",
    ""group_smarts"": ""[CH]-[#6X4]"",
    ""atom_specific_smarts"": ""[CH:1](-[#6X4])(-[#6X4])-[#6X4]"",
    ""description"": ""Methine carbon in saturated hydrocarbons; three sp3 carbon neighbors and one hydrogen."",
    ""uncertainty"": ""10""
  },
  {
    ""atom_type"": 59,
    ""element"": ""C"",
    ""chemical_environment"": ""Quaternary carbon in alkanes (four C neighbors, no H)"",
    ""functional_group"": ""alkane (C tertiary/quaternary center)"",
    ""hybridization"": ""sp3"",
    ""example_molecule_smiles"": ""CC(C)(C)C"",
    ""group_smarts"": ""[CX4H0]-[#6X4]"",
    ""atom_specific_smarts"": ""[CX4H0:1](-[#6X4])(-[#6X4])(-[#6X4])-[#6X4]"",
    ""description"": ""Saturated quaternary carbon bound to four carbons (no hydrogens)."",
    ""uncertainty"": ""10""
  },
  {
    ""atom_type"": 61,
    ""element"": ""C"",
    ""chemical_environment"": ""Benzylic methyl (methyl attached directly to an aromatic ring, e.g., toluene)"",
    ""functional_group"": ""alkyl-aryl (benzylic CH3)"",
    ""hybridization"": ""sp3"",
    ""example_molecule_smiles"": ""Cc1ccccc1"",
    ""group_smarts"": ""[CH3]-c"",
    ""atom_specific_smarts"": ""[CH3:1]-[cX3]"",
    ""description"": ""Methyl carbon bonded to an aromatic sp2 carbon (benzylic position)."",
    ""uncertainty"": ""15""
  },
  {
    ""atom_type"": 62,
    ""element"": ""C"",
    ""chemical_environment"": ""Benzylic methylene in ethylbenzene (CH2 alpha to an aromatic ring)"",
    ""functional_group"": ""alkyl-aryl (benzylic CH2)"",
    ""hybridization"": ""sp3"",
    ""example_molecule_smiles"": ""CCc1ccccc1"",
    ""group_smarts"": ""[CH2]-c"",
    ""atom_specific_smarts"": ""[CH2:1](-[cX3])-[#6X4]"",
    ""description"": ""Benzylic CH2 attached directly to an aromatic sp2 carbon and to one sp3 carbon."",
    ""uncertainty"": ""15""
  },
  {
    ""atom_type"": 63,
    ""element"": ""C"",
    ""chemical_environment"": ""Benzylic methine in isopropyl benzene (cumene) attached to two alkyl groups and an aromatic ring"",
    ""functional_group"": ""alkyl-aryl (benzylic CH)"",
    ""hybridization"": ""sp3"",
    ""example_molecule_smiles"": ""CC(C)c1ccccc1"",
    ""group_smarts"": ""[CH]-c"",
    ""atom_specific_smarts"": ""[CH:1](-[cX3])(-[#6X4])-[#6X4]"",
    ""description"": ""Benzylic CH attached directly to an aromatic carbon and to two sp3 carbon substituents (isopropyl benzene)."",
    ""uncertainty"": ""15""
  }
]"
63,0.055,"C  - CT   | all-atom C: CH, i-propyl benzene",12.011,oplsaa2024.lt,C,6,"Convert the following OPLS-AA atom type rows:

Atom Type Data:
- Atom index: 894
- Force field raw info: ""Anilinium C-NR3+""
- Partial charge: 0.135
- Atomic mass: 12.011
- Element guess: C
- Atomic number: 6
- Source file: oplsaa2008.lt


Atom Type Data:
- Atom index: 896
- Force field raw info: ""Anilinium C-NHR2+""
- Partial charge: 0.155
- Atomic mass: 12.011
- Element guess: C
- Atomic number: 6
- Source file: oplsaa2008.lt


Atom Type Data:
- Atom index: 897
- Force field raw info: ""Triene R2-C= (mid C=C)""
- Partial charge: 0.0
- Atomic mass: 12.011
- Element guess: C
- Atomic number: 6
- Source file: oplsaa2008.lt


Atom Type Data:
- Atom index: 898
- Force field raw info: ""Triene RH-C= (mid C=C)""
- Partial charge: -0.115
- Atomic mass: 12.011
- Element guess: C
- Atomic number: 6
- Source file: oplsaa2008.lt


Atom Type Data:
- Atom index: 900
- Force field raw info: ""Allene/Ketene H2C=C=X""
- Partial charge: -0.25
- Atomic mass: 12.011
- Element guess: C
- Atomic number: 6
- Source file: oplsaa2008.lt


Atom Type Data:
- Atom index: 901
- Force field raw info: ""Allene/Ketene HRC=C=X""
- Partial charge: -0.1
- Atomic mass: 12.011
- Element guess: C
- Atomic number: 6
- Source file: oplsaa2008.lt


Atom Type Data:
- Atom index: 902
- Force field raw info: ""Allene/Ketene R2C=C=X""
- Partial charge: 0.05
- Atomic mass: 12.011
- Element guess: C
- Atomic number: 6
- Source file: oplsaa2008.lt


Atom Type Data:
- Atom index: 903
- Force field raw info: ""Allene =C=""
- Partial charge: -0.1
- Atomic mass: 12.011
- Element guess: C
- Atomic number: 6
- Source file: oplsaa2008.lt


Atom Type Data:
- Atom index: 904
- Force field raw info: ""Ketene =C=""
- Partial charge: 0.2
- Atomic mass: 12.011
- Element guess: C
- Atomic number: 6
- Source file: oplsaa2008.lt


Atom Type Data:
- Atom index: 906
- Force field raw info: ""N-Me-HIS CB""
- Partial charge: 0.088
- Atomic mass: 12.011
- Element guess: C
- Atomic number: 6
- Source file: oplsaa2008.lt


Atom Type Data:
- Atom index: 6
- Force field raw info: C  - C~   |
- Partial charge: 0.0
- Atomic mass: 12.011
- Element guess: C
- Atomic number: 6
- Source file: oplsaa2024.lt


Atom Type Data:
- Atom index: 54
- Force field raw info: C  - CT   | n-CH3 all-atom C: alkanes
- Partial charge: -0.18
- Atomic mass: 12.011
- Element guess: C
- Atomic number: 6
- Source file: oplsaa2024.lt


Atom Type Data:
- Atom index: 55
- Force field raw info: C  - CT   | iso-CH3 all-atom C: alkanes
- Partial charge: -0.18
- Atomic mass: 12.011
- Element guess: C
- Atomic number: 6
- Source file: oplsaa2024.lt


Atom Type Data:
- Atom index: 56
- Force field raw info: C  - CT   | neo-CH3 all-atom C: alkanes
- Partial charge: -0.18
- Atomic mass: 12.011
- Element guess: C
- Atomic number: 6
- Source file: oplsaa2024.lt


Atom Type Data:
- Atom index: 57
- Force field raw info: C  - CT   | CH2 all-atom C: alkanes
- Partial charge: -0.12
- Atomic mass: 12.011
- Element guess: C
- Atomic number: 6
- Source file: oplsaa2024.lt


Atom Type Data:
- Atom index: 58
- Force field raw info: C  - CT   | CH all-atom C: alkanes
- Partial charge: -0.06
- Atomic mass: 12.011
- Element guess: C
- Atomic number: 6
- Source file: oplsaa2024.lt


Atom Type Data:
- Atom index: 59
- Force field raw info: C  - CT   | C all-atom C: alkanes
- Partial charge: 0.0
- Atomic mass: 12.011
- Element guess: C
- Atomic number: 6
- Source file: oplsaa2024.lt


Atom Type Data:
- Atom index: 61
- Force field raw info: C  - CT   | all-atom C: CH3, toluene
- Partial charge: -0.065
- Atomic mass: 12.011
- Element guess: C
- Atomic number: 6
- Source file: oplsaa2024.lt


Atom Type Data:
- Atom index: 62
- Force field raw info: C  - CT   | all-atom C: CH2, ethyl benzene
- Partial charge: -0.005
- Atomic mass: 12.011
- Element guess: C
- Atomic number: 6
- Source file: oplsaa2024.lt


Atom Type Data:
- Atom index: 63
- Force field raw info: C  - CT   | all-atom C: CH, i-propyl benzene
- Partial charge: 0.055
- Atomic mass: 12.011
- Element guess: C
- Atomic number: 6
- Source file: oplsaa2024.lt
","[
  {
    ""atom_type"": 894,
    ""element"": ""C"",
    ""chemical_environment"": ""Aromatic ipso carbon bonded to a protonated tertiary anilinium nitrogen"",
    ""functional_group"": ""anilinium (aryl ammonium, tertiary)"",
    ""hybridization"": ""sp2"",
    ""example_molecule_smiles"": ""c1ccc(cc1)[N+H](C)C"",
    ""group_smarts"": ""[cX3]-[N+H]([#6])([#6])[#6]"",
    ""atom_specific_smarts"": ""[cX3:1]-[N+H]([#6])([#6])[#6]"",
    ""description"": ""Ring carbon of an aniline bearing a protonated tertiary amine; neighbors: two aromatic carbons and one [N+H] bonded to three carbons."",
    ""uncertainty"": ""30""
  },
  {
    ""atom_type"": 896,
    ""element"": ""C"",
    ""chemical_environment"": ""Aromatic ipso carbon bonded to a protonated secondary anilinium nitrogen"",
    ""functional_group"": ""anilinium (aryl ammonium, secondary)"",
    ""hybridization"": ""sp2"",
    ""example_molecule_smiles"": ""c1ccc(cc1)[N+H2]CC"",
    ""group_smarts"": ""[cX3]-[N+H2]([#6])[#6]"",
    ""atom_specific_smarts"": ""[cX3:1]-[N+H2]([#6])[#6]"",
    ""description"": ""Ring carbon of an aniline bearing a protonated secondary amine; neighbors: two aromatic carbons and one [N+H2] bonded to two carbons."",
    ""uncertainty"": ""35""
  },
  {
    ""atom_type"": 897,
    ""element"": ""C"",
    ""chemical_environment"": ""Internal alkene carbon in the middle C=C of a conjugated triene, disubstituted (no hydrogens)"",
    ""functional_group"": ""conjugated triene (hexatriene-like), mid C=C (R2C=)"",
    ""hybridization"": ""sp2"",
    ""example_molecule_smiles"": ""C=C(C)C=C(C)C=C"",
    ""group_smarts"": ""[CX3](=C)-C=C"",
    ""atom_specific_smarts"": ""[CX3H0:1](=C(-C=C))-C=C"",
    ""description"": ""Middle double-bond carbon of a C=C-C=C-C=C system; one double-bonded sp2 neighbor and two single-bonded sp2 neighbors that each continue as C=C; this atom has no H."",
    ""uncertainty"": ""25""
  },
  {
    ""atom_type"": 898,
    ""element"": ""C"",
    ""chemical_environment"": ""Internal alkene carbon in the middle C=C of a conjugated triene, monosubstituted (one hydrogen)"",
    ""functional_group"": ""conjugated triene (hexatriene-like), mid C=C (RH-C=)"",
    ""hybridization"": ""sp2"",
    ""example_molecule_smiles"": ""C=CC=CC=C"",
    ""group_smarts"": ""[CX3H1](=C)-C=C"",
    ""atom_specific_smarts"": ""[CX3H1:1](=C(-C=C))-C=C"",
    ""description"": ""Middle double-bond carbon of a C=C-C=C-C=C system; one double-bonded sp2 neighbor and one single-bonded sp2 neighbor that continues as C=C; this atom has one H."",
    ""uncertainty"": ""25""
  },
  {
    ""atom_type"": 900,
    ""element"": ""C"",
    ""chemical_environment"": ""Terminal sp2 carbon of an allene/ketene fragment H2C=C=X"",
    ""functional_group"": ""allene or ketene (terminal CH2)"",
    ""hybridization"": ""sp2"",
    ""example_molecule_smiles"": ""C=C=O"",
    ""group_smarts"": ""[CH2]=C=[C,O]"",
    ""atom_specific_smarts"": ""[CH2:1]=C=[C,O]"",
    ""description"": ""Terminal vinylidene carbon bearing two hydrogens, double-bonded to the central cumulenic carbon that is further double-bonded to C or O."",
    ""uncertainty"": ""15""
  },
  {
    ""atom_type"": 901,
    ""element"": ""C"",
    ""chemical_environment"": ""Terminal sp2 carbon of an allene/ketene fragment HRC=C=X (one H, one carbon substituent)"",
    ""functional_group"": ""allene or ketene (substituted terminal CH)"",
    ""hybridization"": ""sp2"",
    ""example_molecule_smiles"": ""CC=C=O"",
    ""group_smarts"": ""[CH1](-[#6])=C=[C,O]"",
    ""atom_specific_smarts"": ""[CH1:1](-[#6])=C=[C,O]"",
    ""description"": ""Terminal sp2 carbon with one hydrogen and one carbon substituent, double-bonded to the central cumulenic carbon which is double-bonded to C or O."",
    ""uncertainty"": ""15""
  },
  {
    ""atom_type"": 902,
    ""element"": ""C"",
    ""chemical_environment"": ""Terminal sp2 carbon of an allene/ketene fragment R2C=C=X (no hydrogens)"",
    ""functional_group"": ""allene or ketene (disubstituted terminal carbon)"",
    ""hybridization"": ""sp2"",
    ""example_molecule_smiles"": ""CC(=C=O)C"",
    ""group_smarts"": ""[CH0](-[#6])(-[#6])=C=[C,O]"",
    ""atom_specific_smarts"": ""[CX3H0:1](-[#6])(-[#6])=C=[C,O]"",
    ""description"": ""Terminal sp2 carbon with two carbon substituents, double-bonded to the central cumulenic carbon which is double-bonded to C or O."",
    ""uncertainty"": ""15""
  },
  {
    ""atom_type"": 903,
    ""element"": ""C"",
    ""chemical_environment"": ""Central sp carbon of an allene fragment =C="",
    ""functional_group"": ""allene (central cumulenic carbon)"",
    ""hybridization"": ""sp"",
    ""example_molecule_smiles"": ""C=C=C"",
    ""group_smarts"": ""[CX2H0](=[C])[C]=[C]"",
    ""atom_specific_smarts"": ""[CX2H0:1](=[C;X3])[C;X3]=[C;X3]"",
    ""description"": ""Central cumulenic carbon double-bonded to two carbons (no heteroatom); neighbors are two terminal sp2 carbons."",
    ""uncertainty"": ""15""
  },
  {
    ""atom_type"": 904,
    ""element"": ""C"",
    ""chemical_environment"": ""Central sp carbon of a ketene fragment =C="",
    ""functional_group"": ""ketene (central cumulenic carbon)"",
    ""hybridization"": ""sp"",
    ""example_molecule_smiles"": ""C=C=O"",
    ""group_smarts"": ""[CX2H0](=C)=O"",
    ""atom_specific_smarts"": ""[CX2H0:1](=[C;X3])=O"",
    ""description"": ""Central cumulenic carbon double-bonded to one carbon and one oxygen (ketene C=C=O)."",
    ""uncertainty"": ""15""
  },
  {
    ""atom_type"": 906,
    ""element"": ""C"",
    ""chemical_environment"": ""Histidine sidechain CB (methylene linking CA to imidazole), in N-methyl-His"",
    ""functional_group"": ""amino acid side chain (benzylic-like CH2 alpha to imidazole)"",
    ""hybridization"": ""sp3"",
    ""example_molecule_smiles"": ""NC(Cc1n(C)ccn1)C(=O)O"",
    ""group_smarts"": ""[CH2]-c1ncnc1"",
    ""atom_specific_smarts"": ""[CH2:1]-c1ncnc1"",
    ""description"": ""Sidechain beta carbon of histidine; sp3 CH2 bonded to the alpha carbon and to an imidazole ring carbon. N-methylation is on the ring nitrogen and does not change CB connectivity."",
    ""uncertainty"": ""40""
  },
  {
    ""atom_type"": 6,
    ""element"": ""C"",
    ""chemical_environment"": ""Generic carbon placeholder (unspecified bonding in source entry)"",
    ""functional_group"": ""unspecified"",
    ""hybridization"": ""unspecified"",
    ""example_molecule_smiles"": ""C"",
    ""group_smarts"": ""[#6]"",
    ""atom_specific_smarts"": ""[#6:1]"",
    ""description"": ""Ambiguous generic carbon type from source; no clear local environment provided."",
    ""uncertainty"": ""80""
  },
  {
    ""atom_type"": 54,
    ""element"": ""C"",
    ""chemical_environment"": ""Primary methyl in n-alkanes (attached to a methylene carbon)"",
    ""functional_group"": ""alkane (n-CH3)"",
    ""hybridization"": ""sp3"",
    ""example_molecule_smiles"": ""CCC"",
    ""group_smarts"": ""[CH3]-[CH2]"",
    ""atom_specific_smarts"": ""[CH3:1]-[CH2X4]"",
    ""description"": ""Terminal methyl attached to a methylene (primary chain end). Neighbor carbon is sp3 CH2."",
    ""uncertainty"": ""10""
  },
  {
    ""atom_type"": 55,
    ""element"": ""C"",
    ""chemical_environment"": ""Methyl attached to a secondary carbon (iso-alkyl, e.g., isopropyl)"",
    ""functional_group"": ""alkane (iso-CH3)"",
    ""hybridization"": ""sp3"",
    ""example_molecule_smiles"": ""CC(C)C"",
    ""group_smarts"": ""[CH3]-[CHX4]"",
    ""atom_specific_smarts"": ""[CH3:1]-[CHX4](-[#6X4])-[#6X4]"",
    ""description"": ""Methyl whose single carbon neighbor is a secondary sp3 carbon (CH) bound to two other carbons."",
    ""uncertainty"": ""10""
  },
  {
    ""atom_type"": 56,
    ""element"": ""C"",
    ""chemical_environment"": ""Methyl attached to a quaternary carbon (neo-alkyl, e.g., neopentyl/tert-butyl center)"",
    ""functional_group"": ""alkane (neo-CH3)"",
    ""hybridization"": ""sp3"",
    ""example_molecule_smiles"": ""CC(C)(C)C"",
    ""group_smarts"": ""[CH3]-[CX4H0]"",
    ""atom_specific_smarts"": ""[CH3:1]-[CX4H0](-[#6X4])(-[#6X4])-[#6X4]"",
    ""description"": ""Methyl whose single carbon neighbor is a quaternary sp3 carbon (no hydrogens)."",
    ""uncertainty"": ""10""
  },
  {
    ""atom_type"": 57,
    ""element"": ""C"",
    ""chemical_environment"": ""Methylene carbon in alkanes (two C neighbors, two H)"",
    ""functional_group"": ""alkane (CH2)"",
    ""hybridization"": ""sp3"",
    ""example_molecule_smiles"": ""CCCC"",
    ""group_smarts"": ""[CH2]-[#6X4]"",
    ""atom_specific_smarts"": ""[CH2:1](-[#6X4])-[#6X4]"",
    ""description"": ""Internal or near-terminal methylene in saturated hydrocarbons; two sp3 carbon neighbors."",
    ""uncertainty"": ""10""
  },
  {
    ""atom_type"": 58,
    ""element"": ""C"",
    ""chemical_environment"": ""Secondary (methine) carbon in alkanes (three C neighbors, one H)"",
    ""functional_group"": ""alkane (CH)"",
    ""hybridization"": ""sp3"",
    ""example_molecule_smiles"": ""CC(C)C"",
    ""group_smarts"": ""[CH]-[#6X4]"",
    ""atom_specific_smarts"": ""[CH:1](-[#6X4])(-[#6X4])-[#6X4]"",
    ""description"": ""Methine carbon in saturated hydrocarbons; three sp3 carbon neighbors and one hydrogen."",
    ""uncertainty"": ""10""
  },
  {
    ""atom_type"": 59,
    ""element"": ""C"",
    ""chemical_environment"": ""Quaternary carbon in alkanes (four C neighbors, no H)"",
    ""functional_group"": ""alkane (C tertiary/quaternary center)"",
    ""hybridization"": ""sp3"",
    ""example_molecule_smiles"": ""CC(C)(C)C"",
    ""group_smarts"": ""[CX4H0]-[#6X4]"",
    ""atom_specific_smarts"": ""[CX4H0:1](-[#6X4])(-[#6X4])(-[#6X4])-[#6X4]"",
    ""description"": ""Saturated quaternary carbon bound to four carbons (no hydrogens)."",
    ""uncertainty"": ""10""
  },
  {
    ""atom_type"": 61,
    ""element"": ""C"",
    ""chemical_environment"": ""Benzylic methyl (methyl attached directly to an aromatic ring, e.g., toluene)"",
    ""functional_group"": ""alkyl-aryl (benzylic CH3)"",
    ""hybridization"": ""sp3"",
    ""example_molecule_smiles"": ""Cc1ccccc1"",
    ""group_smarts"": ""[CH3]-c"",
    ""atom_specific_smarts"": ""[CH3:1]-[cX3]"",
    ""description"": ""Methyl carbon bonded to an aromatic sp2 carbon (benzylic position)."",
    ""uncertainty"": ""15""
  },
  {
    ""atom_type"": 62,
    ""element"": ""C"",
    ""chemical_environment"": ""Benzylic methylene in ethylbenzene (CH2 alpha to an aromatic ring)"",
    ""functional_group"": ""alkyl-aryl (benzylic CH2)"",
    ""hybridization"": ""sp3"",
    ""example_molecule_smiles"": ""CCc1ccccc1"",
    ""group_smarts"": ""[CH2]-c"",
    ""atom_specific_smarts"": ""[CH2:1](-[cX3])-[#6X4]"",
    ""description"": ""Benzylic CH2 attached directly to an aromatic sp2 carbon and to one sp3 carbon."",
    ""uncertainty"": ""15""
  },
  {
    ""atom_type"": 63,
    ""element"": ""C"",
    ""chemical_environment"": ""Benzylic methine in isopropyl benzene (cumene) attached to two alkyl groups and an aromatic ring"",
    ""functional_group"": ""alkyl-aryl (benzylic CH)"",
    ""hybridization"": ""sp3"",
    ""example_molecule_smiles"": ""CC(C)c1ccccc1"",
    ""group_smarts"": ""[CH]-c"",
    ""atom_specific_smarts"": ""[CH:1](-[cX3])(-[#6X4])-[#6X4]"",
    ""description"": ""Benzylic CH attached directly to an aromatic carbon and to two sp3 carbon substituents (isopropyl benzene)."",
    ""uncertainty"": ""15""
  }
]"
