Atom_Index,Charge,Info,DataMass,Source,ElementGuess,AtomicNumber,prompt,gpt_output
302,0.64,C  - CA   | C: guanidinium C+,12.011,oplsaa.lt,C,6,"Convert the following OPLS-AA atom type rows:

Atom Type Data:
- Atom index: 302
- Force field raw info: C  - CA   | C: guanidinium C+
- Partial charge: 0.64
- Atomic mass: 12.011
- Element guess: C
- Atomic number: 6
- Source file: oplsaa.lt


Atom Type Data:
- Atom index: 305
- Force field raw info: C  - CT   | C: CH3, methylguanidinium
- Partial charge: 0.2
- Atomic mass: 12.011
- Element guess: C
- Atomic number: 6
- Source file: oplsaa.lt


Atom Type Data:
- Atom index: 306
- Force field raw info: C  - CT   | C: CH3, ethylguanidinium
- Partial charge: -0.11
- Atomic mass: 12.011
- Element guess: C
- Atomic number: 6
- Source file: oplsaa.lt


Atom Type Data:
- Atom index: 307
- Force field raw info: C  - CT   | C: CH2(D), ARG, ethylguanidinium
- Partial charge: 0.19
- Atomic mass: 12.011
- Element guess: C
- Atomic number: 6
- Source file: oplsaa.lt


Atom Type Data:
- Atom index: 308
- Force field raw info: C  - CT   | C: CH2(G), ARG
- Partial charge: -0.05
- Atomic mass: 12.011
- Element guess: C
- Atomic number: 6
- Source file: oplsaa.lt


Atom Type Data:
- Atom index: 312
- Force field raw info: C  - CA   | DAP C2 pyridine
- Partial charge: 0.36
- Atomic mass: 12.011
- Element guess: C
- Atomic number: 6
- Source file: oplsaa.lt


Atom Type Data:
- Atom index: 315
- Force field raw info: C  - CA   | DAP C3
- Partial charge: -0.15
- Atomic mass: 12.011
- Element guess: C
- Atomic number: 6
- Source file: oplsaa.lt


Atom Type Data:
- Atom index: 317
- Force field raw info: C  - CA   | DAP C4
- Partial charge: -0.04
- Atomic mass: 12.011
- Element guess: C
- Atomic number: 6
- Source file: oplsaa.lt


Atom Type Data:
- Atom index: 320
- Force field raw info: C  - C~   | Uracil C2
- Partial charge: 0.5
- Atomic mass: 12.011
- Element guess: C
- Atomic number: 6
- Source file: oplsaa.lt


Atom Type Data:
- Atom index: 322
- Force field raw info: C  - C~   | Uracil C4
- Partial charge: 0.45
- Atomic mass: 12.011
- Element guess: C
- Atomic number: 6
- Source file: oplsaa.lt


Atom Type Data:
- Atom index: 323
- Force field raw info: C  - CM   | Uracil C5
- Partial charge: -0.07
- Atomic mass: 12.011
- Element guess: C
- Atomic number: 6
- Source file: oplsaa.lt


Atom Type Data:
- Atom index: 324
- Force field raw info: C  - CM   | Uracil C6
- Partial charge: 0.08
- Atomic mass: 12.011
- Element guess: C
- Atomic number: 6
- Source file: oplsaa.lt


Atom Type Data:
- Atom index: 331
- Force field raw info: C  - CT   | Thymine C-C5
- Partial charge: -0.14
- Atomic mass: 12.011
- Element guess: C
- Atomic number: 6
- Source file: oplsaa.lt


Atom Type Data:
- Atom index: 334
- Force field raw info: C  - C~   | Cytosine C2
- Partial charge: 0.55
- Atomic mass: 12.011
- Element guess: C
- Atomic number: 6
- Source file: oplsaa.lt


Atom Type Data:
- Atom index: 336
- Force field raw info: C  - CA   | Cytosine C4 Nucleotide base
- Partial charge: 0.46
- Atomic mass: 12.011
- Element guess: C
- Atomic number: 6
- Source file: oplsaa.lt


Atom Type Data:
- Atom index: 337
- Force field raw info: C  - CM   | Cytosine C5 parameters:
- Partial charge: -0.06
- Atomic mass: 12.011
- Element guess: C
- Atomic number: 6
- Source file: oplsaa.lt


Atom Type Data:
- Atom index: 338
- Force field raw info: C  - CM   | Cytosine C6 JACS,113,2810(1991)
- Partial charge: 0.1
- Atomic mass: 12.011
- Element guess: C
- Atomic number: 6
- Source file: oplsaa.lt


Atom Type Data:
- Atom index: 347
- Force field raw info: C  - CQ   | Adenine C2
- Partial charge: 0.22
- Atomic mass: 12.011
- Element guess: C
- Atomic number: 6
- Source file: oplsaa.lt


Atom Type Data:
- Atom index: 349
- Force field raw info: C  - CB   | Adenine C4
- Partial charge: 0.38
- Atomic mass: 12.011
- Element guess: C
- Atomic number: 6
- Source file: oplsaa.lt


Atom Type Data:
- Atom index: 350
- Force field raw info: C  - CB   | Adenine C5
- Partial charge: 0.15
- Atomic mass: 12.011
- Element guess: C
- Atomic number: 6
- Source file: oplsaa.lt
","[
  {
    ""atom_type"": 302,
    ""element"": ""C"",
    ""chemical_environment"": ""central sp2 carbon of a guanidinium (amidinium) group, bonded to three nitrogens (two single, one double)"",
    ""functional_group"": ""guanidinium (amidinium)"",
    ""hybridization"": ""sp2"",
    ""example_molecule_smiles"": ""NC(=NH)N"",
    ""group_smarts"": ""[N;X3]-[C;X3](=[N;X2,X3])(-[N;X3])"",
    ""atom_specific_smarts"": ""[C;X3;H0](=[N;X2,X3])(-[N;X3])-[N;X3]"",
    ""description"": ""The C+ center in guanidinium: the carbon bound to three nitrogens (resonance-stabilized amidinium center)."",
    ""uncertainty"": ""10""
  },
  {
    ""atom_type"": 305,
    ""element"": ""C"",
    ""chemical_environment"": ""terminal methyl carbon attached to a guanidinium nitrogen (N-alkyl guanidinium)"",
    ""functional_group"": ""N-methyl guanidinium"",
    ""hybridization"": ""sp3"",
    ""example_molecule_smiles"": ""CNC(=NH)N"",
    ""group_smarts"": ""[C;X4]-[N;X3]-[C;X3](=N)-[N;X3]"",
    ""atom_specific_smarts"": ""[CH3X4]-[N;X3]-[C;X3](=N)-[N;X3]"",
    ""description"": ""The methyl carbon directly bonded to a guanidinium nitrogen in methylguanidinium."",
    ""uncertainty"": ""15""
  },
  {
    ""atom_type"": 306,
    ""element"": ""C"",
    ""chemical_environment"": ""terminal methyl of an ethyl substituent attached to a guanidinium nitrogen"",
    ""functional_group"": ""N-ethyl guanidinium (terminal CH3)"",
    ""hybridization"": ""sp3"",
    ""example_molecule_smiles"": ""CCNC(=NH)N"",
    ""group_smarts"": ""[CH3X4]-[CH2X4]-[N;X3]-[C;X3](=N)-[N;X3]"",
    ""atom_specific_smarts"": ""[CH3X4]-[CH2X4]-[N;X3]-[C;X3](=N)-[N;X3]"",
    ""description"": ""The terminal CH3 group of an ethyl chain attached to a guanidinium nitrogen."",
    ""uncertainty"": ""15""
  },
  {
    ""atom_type"": 307,
    ""element"": ""C"",
    ""chemical_environment"": ""methylene carbon directly attached to a guanidinium nitrogen (Arg CD or ethylguanidinium CH2 next to N)"",
    ""functional_group"": ""N-alkyl guanidinium (alpha-CH2 to N)"",
    ""hybridization"": ""sp3"",
    ""example_molecule_smiles"": ""CCNC(=NH)N"",
    ""group_smarts"": ""[CH2X4]-[N;X3]-[C;X3](=N)-[N;X3]"",
    ""atom_specific_smarts"": ""[CH2X4]-[N;X3]-[C;X3](=N)-[N;X3]"",
    ""description"": ""The CH2 directly bonded to the guanidinium nitrogen (Arg CD or ethylguanidinium N-CH2)."",
    ""uncertainty"": ""15""
  },
  {
    ""atom_type"": 308,
    ""element"": ""C"",
    ""chemical_environment"": ""methylene carbon two bonds away from a guanidinium nitrogen (Arg CG)"",
    ""functional_group"": ""aliphatic chain leading to guanidinium (beta to N)"",
    ""hybridization"": ""sp3"",
    ""example_molecule_smiles"": ""NCCCN=C(N)N"",
    ""group_smarts"": ""[CH2X4]-[CH2X4]-[N;X3]-[C;X3](=N)-[N;X3]"",
    ""atom_specific_smarts"": ""[CH2X4]-[CH2X4]-[N;X3]-[C;X3](=N)-[N;X3]"",
    ""description"": ""The CH2 two atoms away from the guanidinium nitrogen in an arginine-like chain (gamma position)."",
    ""uncertainty"": ""15""
  },
  {
    ""atom_type"": 312,
    ""element"": ""C"",
    ""chemical_environment"": ""aromatic carbon alpha to ring N in pyridine bearing an exocyclic amino (DAP C2/C6 positions)"",
    ""functional_group"": ""2,6-diaminopyridine (DAP) ring carbon bearing NH2"",
    ""hybridization"": ""sp2"",
    ""example_molecule_smiles"": ""n1c(N)cccc1N"",
    ""group_smarts"": ""n1c(N)cccc1N"",
    ""atom_specific_smarts"": ""[cH0;X3;r6](-[NH2])[n;r6]"",
    ""description"": ""The C2 position in DAP: an aromatic carbon adjacent to ring N and substituted by an exocyclic –NH2."",
    ""uncertainty"": ""35""
  },
  {
    ""atom_type"": 315,
    ""element"": ""C"",
    ""chemical_environment"": ""aromatic carbon next to an amino-substituted alpha carbon in 2,6-diaminopyridine (DAP C3)"",
    ""functional_group"": ""2,6-diaminopyridine (DAP) ring carbon"",
    ""hybridization"": ""sp2"",
    ""example_molecule_smiles"": ""n1c(N)cccc1N"",
    ""group_smarts"": ""n1c(N)cccc1N"",
    ""atom_specific_smarts"": ""[cH;X3;r6]([c;r6][n;r6])[c;r6]"",
    ""description"": ""The C3 position in DAP: an aromatic carbon adjacent to the amino-bearing C2 and to the ring N."",
    ""uncertainty"": ""50""
  },
  {
    ""atom_type"": 317,
    ""element"": ""C"",
    ""chemical_environment"": ""aromatic carbon in 2,6-diaminopyridine para to the ring N (DAP C4)"",
    ""functional_group"": ""2,6-diaminopyridine (DAP) ring carbon"",
    ""hybridization"": ""sp2"",
    ""example_molecule_smiles"": ""n1c(N)cccc1N"",
    ""group_smarts"": ""n1c(N)cccc1N"",
    ""atom_specific_smarts"": ""[cH;X3;r6]([c;r6])[c;r6]"",
    ""description"": ""The C4 position in DAP: an internal ring carbon between two carbons, not bearing exocyclic substituents."",
    ""uncertainty"": ""60""
  },
  {
    ""atom_type"": 320,
    ""element"": ""C"",
    ""chemical_environment"": ""uracil C2 carbonyl carbon (imide carbonyl bound to two ring nitrogens)"",
    ""functional_group"": ""pyrimidine-2,4-dione (uracil) carbonyl"",
    ""hybridization"": ""sp2"",
    ""example_molecule_smiles"": ""O=c1[nH]cc(=O)[nH]1"",
    ""group_smarts"": ""[C;X3](=O)(-[n;r6])-[n;r6]"",
    ""atom_specific_smarts"": ""[C;X3;H0](=O)(-[n;r6])-[n;r6]"",
    ""description"": ""The C2 carbonyl carbon of uracil, bonded to two ring nitrogens (N1 and N3)."",
    ""uncertainty"": ""20""
  },
  {
    ""atom_type"": 322,
    ""element"": ""C"",
    ""chemical_environment"": ""uracil C4 carbonyl carbon (imide carbonyl bound to N3 and C5)"",
    ""functional_group"": ""pyrimidine-2,4-dione (uracil) carbonyl"",
    ""hybridization"": ""sp2"",
    ""example_molecule_smiles"": ""O=c1[nH]cc(=O)[nH]1"",
    ""group_smarts"": ""[C;X3](=O)(-[n;r6])-[c;r6]"",
    ""atom_specific_smarts"": ""[C;X3;H0](=O)(-[n;r6])-[c;r6]"",
    ""description"": ""The C4 carbonyl carbon of uracil, adjacent to N3 and ring carbon C5."",
    ""uncertainty"": ""20""
  },
  {
    ""atom_type"": 323,
    ""element"": ""C"",
    ""chemical_environment"": ""uracil C5 aromatic carbon between the C4 carbonyl and C6"",
    ""functional_group"": ""uracil ring carbon"",
    ""hybridization"": ""sp2"",
    ""example_molecule_smiles"": ""O=c1[nH]cc(=O)[nH]1"",
    ""group_smarts"": ""[cH;r6](-[C;X3](=O)-[n;r6])-[c;r6]"",
    ""atom_specific_smarts"": ""[cH;r6](-[C;X3](=O)-[n;r6])-[c;r6]"",
    ""description"": ""The C5 carbon in uracil, an sp2 ring carbon flanked by C4=O and C6."",
    ""uncertainty"": ""25""
  },
  {
    ""atom_type"": 324,
    ""element"": ""C"",
    ""chemical_environment"": ""uracil C6 aromatic carbon adjacent to N1 and C5"",
    ""functional_group"": ""uracil ring carbon"",
    ""hybridization"": ""sp2"",
    ""example_molecule_smiles"": ""O=c1[nH]cc(=O)[nH]1"",
    ""group_smarts"": ""[cH;r6](-[n;r6])-[c;r6]"",
    ""atom_specific_smarts"": ""[cH;r6](-[n;r6])-[c;r6]"",
    ""description"": ""The C6 carbon in uracil, bonded to N1 and C5 within the pyrimidine ring."",
    ""uncertainty"": ""25""
  },
  {
    ""atom_type"": 331,
    ""element"": ""C"",
    ""chemical_environment"": ""methyl carbon attached to C5 of thymine (5-methyluracil)"",
    ""functional_group"": ""thymine 5-methyl"",
    ""hybridization"": ""sp3"",
    ""example_molecule_smiles"": ""O=c1[nH]c(C)c(=O)[nH]1"",
    ""group_smarts"": ""[CH3X4]-[c;r6](-[C;X3](=O)-[n;r6])-[c;r6]"",
    ""atom_specific_smarts"": ""[CH3X4]-[c;r6](-[C;X3](=O)-[n;r6])-[c;r6]"",
    ""description"": ""The C5-methyl carbon on thymine, bonded to the C5 ring carbon of a uracil-like ring."",
    ""uncertainty"": ""20""
  },
  {
    ""atom_type"": 334,
    ""element"": ""C"",
    ""chemical_environment"": ""cytosine C2 carbonyl carbon (imide carbonyl bound to two ring nitrogens)"",
    ""functional_group"": ""pyrimidin-2-one (cytosine) carbonyl"",
    ""hybridization"": ""sp2"",
    ""example_molecule_smiles"": ""Nc1ncc(=O)[nH]1"",
    ""group_smarts"": ""[C;X3](=O)(-[n;r6])-[n;r6]"",
    ""atom_specific_smarts"": ""[C;X3;H0](=O)(-[n;r6])-[n;r6]"",
    ""description"": ""The C2 carbonyl carbon of cytosine, attached to both ring nitrogens (N1 and N3)."",
    ""uncertainty"": ""25""
  },
  {
    ""atom_type"": 336,
    ""element"": ""C"",
    ""chemical_environment"": ""cytosine C4 aromatic carbon bearing an exocyclic amino group"",
    ""functional_group"": ""cytosine ring carbon attached to –NH2"",
    ""hybridization"": ""sp2"",
    ""example_molecule_smiles"": ""Nc1ncc(=O)[nH]1"",
    ""group_smarts"": ""[cH0;X3;r6](-[NH2])-[n;r6]"",
    ""atom_specific_smarts"": ""[cH0;X3;r6](-[NH2])-[n;r6]"",
    ""description"": ""The C4 carbon in cytosine that carries the exocyclic amino substituent."",
    ""uncertainty"": ""25""
  },
  {
    ""atom_type"": 337,
    ""element"": ""C"",
    ""chemical_environment"": ""cytosine C5 aromatic carbon between C4(NH2) and C6"",
    ""functional_group"": ""cytosine ring carbon"",
    ""hybridization"": ""sp2"",
    ""example_molecule_smiles"": ""Nc1ncc(=O)[nH]1"",
    ""group_smarts"": ""[cH;r6](-[c;r6](-[NH2]))-[c;r6]"",
    ""atom_specific_smarts"": ""[cH;r6](-[c;r6](-[NH2]))-[c;r6]"",
    ""description"": ""The C5 ring carbon of cytosine, flanked by the amino-bearing C4 and C6."",
    ""uncertainty"": ""30""
  },
  {
    ""atom_type"": 338,
    ""element"": ""C"",
    ""chemical_environment"": ""cytosine C6 aromatic carbon adjacent to N1 and C5"",
    ""functional_group"": ""cytosine ring carbon"",
    ""hybridization"": ""sp2"",
    ""example_molecule_smiles"": ""Nc1ncc(=O)[nH]1"",
    ""group_smarts"": ""[cH;r6](-[n;r6])-[c;r6]"",
    ""atom_specific_smarts"": ""[cH;r6](-[n;r6])-[c;r6]"",
    ""description"": ""The C6 ring carbon in cytosine, bonded to N1 and C5 in the pyrimidine ring."",
    ""uncertainty"": ""30""
  },
  {
    ""atom_type"": 347,
    ""element"": ""C"",
    ""chemical_environment"": ""adenine C2 aromatic carbon in the six-membered ring, adjacent to two ring nitrogens"",
    ""functional_group"": ""adenine (6-aminopurine) ring carbon"",
    ""hybridization"": ""sp2"",
    ""example_molecule_smiles"": ""Nc1ncnc2ncccc12"",
    ""group_smarts"": ""[c;r6]([n;r5,r6])[n;r6]"",
    ""atom_specific_smarts"": ""[cH0;X3;r6]([n;r5,r6])[n;r6]"",
    ""description"": ""The C2 carbon in adenine, an sp2 ring carbon between N1 and N3 within the purine system."",
    ""uncertainty"": ""35""
  },
  {
    ""atom_type"": 349,
    ""element"": ""C"",
    ""chemical_environment"": ""adenine C4 aromatic carbon in the six-membered ring next to N3 and C5"",
    ""functional_group"": ""adenine (6-aminopurine) ring carbon"",
    ""hybridization"": ""sp2"",
    ""example_molecule_smiles"": ""Nc1ncnc2ncccc12"",
    ""group_smarts"": ""[c;r6]([n;r6])[c;r6]"",
    ""atom_specific_smarts"": ""[cH;X3;r6]([n;r6])[c;r6]"",
    ""description"": ""The C4 carbon in adenine, an sp2 ring carbon adjacent to N3 and C5 in the six-membered ring."",
    ""uncertainty"": ""40""
  },
  {
    ""atom_type"": 350,
    ""element"": ""C"",
    ""chemical_environment"": ""adenine C5 aromatic carbon in the six-membered ring fused to the five-membered imidazole (adjacent to N7)"",
    ""functional_group"": ""adenine (6-aminopurine) fused-ring carbon"",
    ""hybridization"": ""sp2"",
    ""example_molecule_smiles"": ""Nc1ncnc2ncccc12"",
    ""group_smarts"": ""[c;r6]([c;r6])[n;r5]"",
    ""atom_specific_smarts"": ""[cH;X3;r6]([c;r6])[n;r5]"",
    ""description"": ""The C5 carbon in adenine, an sp2 carbon of the six-membered ring bonded to the five-membered ring nitrogen (N7)."",
    ""uncertainty"": ""40""
  }
]"
305,0.2,"C  - CT   | C: CH3, methylguanidinium",12.011,oplsaa.lt,C,6,"Convert the following OPLS-AA atom type rows:

Atom Type Data:
- Atom index: 302
- Force field raw info: C  - CA   | C: guanidinium C+
- Partial charge: 0.64
- Atomic mass: 12.011
- Element guess: C
- Atomic number: 6
- Source file: oplsaa.lt


Atom Type Data:
- Atom index: 305
- Force field raw info: C  - CT   | C: CH3, methylguanidinium
- Partial charge: 0.2
- Atomic mass: 12.011
- Element guess: C
- Atomic number: 6
- Source file: oplsaa.lt


Atom Type Data:
- Atom index: 306
- Force field raw info: C  - CT   | C: CH3, ethylguanidinium
- Partial charge: -0.11
- Atomic mass: 12.011
- Element guess: C
- Atomic number: 6
- Source file: oplsaa.lt


Atom Type Data:
- Atom index: 307
- Force field raw info: C  - CT   | C: CH2(D), ARG, ethylguanidinium
- Partial charge: 0.19
- Atomic mass: 12.011
- Element guess: C
- Atomic number: 6
- Source file: oplsaa.lt


Atom Type Data:
- Atom index: 308
- Force field raw info: C  - CT   | C: CH2(G), ARG
- Partial charge: -0.05
- Atomic mass: 12.011
- Element guess: C
- Atomic number: 6
- Source file: oplsaa.lt


Atom Type Data:
- Atom index: 312
- Force field raw info: C  - CA   | DAP C2 pyridine
- Partial charge: 0.36
- Atomic mass: 12.011
- Element guess: C
- Atomic number: 6
- Source file: oplsaa.lt


Atom Type Data:
- Atom index: 315
- Force field raw info: C  - CA   | DAP C3
- Partial charge: -0.15
- Atomic mass: 12.011
- Element guess: C
- Atomic number: 6
- Source file: oplsaa.lt


Atom Type Data:
- Atom index: 317
- Force field raw info: C  - CA   | DAP C4
- Partial charge: -0.04
- Atomic mass: 12.011
- Element guess: C
- Atomic number: 6
- Source file: oplsaa.lt


Atom Type Data:
- Atom index: 320
- Force field raw info: C  - C~   | Uracil C2
- Partial charge: 0.5
- Atomic mass: 12.011
- Element guess: C
- Atomic number: 6
- Source file: oplsaa.lt


Atom Type Data:
- Atom index: 322
- Force field raw info: C  - C~   | Uracil C4
- Partial charge: 0.45
- Atomic mass: 12.011
- Element guess: C
- Atomic number: 6
- Source file: oplsaa.lt


Atom Type Data:
- Atom index: 323
- Force field raw info: C  - CM   | Uracil C5
- Partial charge: -0.07
- Atomic mass: 12.011
- Element guess: C
- Atomic number: 6
- Source file: oplsaa.lt


Atom Type Data:
- Atom index: 324
- Force field raw info: C  - CM   | Uracil C6
- Partial charge: 0.08
- Atomic mass: 12.011
- Element guess: C
- Atomic number: 6
- Source file: oplsaa.lt


Atom Type Data:
- Atom index: 331
- Force field raw info: C  - CT   | Thymine C-C5
- Partial charge: -0.14
- Atomic mass: 12.011
- Element guess: C
- Atomic number: 6
- Source file: oplsaa.lt


Atom Type Data:
- Atom index: 334
- Force field raw info: C  - C~   | Cytosine C2
- Partial charge: 0.55
- Atomic mass: 12.011
- Element guess: C
- Atomic number: 6
- Source file: oplsaa.lt


Atom Type Data:
- Atom index: 336
- Force field raw info: C  - CA   | Cytosine C4 Nucleotide base
- Partial charge: 0.46
- Atomic mass: 12.011
- Element guess: C
- Atomic number: 6
- Source file: oplsaa.lt


Atom Type Data:
- Atom index: 337
- Force field raw info: C  - CM   | Cytosine C5 parameters:
- Partial charge: -0.06
- Atomic mass: 12.011
- Element guess: C
- Atomic number: 6
- Source file: oplsaa.lt


Atom Type Data:
- Atom index: 338
- Force field raw info: C  - CM   | Cytosine C6 JACS,113,2810(1991)
- Partial charge: 0.1
- Atomic mass: 12.011
- Element guess: C
- Atomic number: 6
- Source file: oplsaa.lt


Atom Type Data:
- Atom index: 347
- Force field raw info: C  - CQ   | Adenine C2
- Partial charge: 0.22
- Atomic mass: 12.011
- Element guess: C
- Atomic number: 6
- Source file: oplsaa.lt


Atom Type Data:
- Atom index: 349
- Force field raw info: C  - CB   | Adenine C4
- Partial charge: 0.38
- Atomic mass: 12.011
- Element guess: C
- Atomic number: 6
- Source file: oplsaa.lt


Atom Type Data:
- Atom index: 350
- Force field raw info: C  - CB   | Adenine C5
- Partial charge: 0.15
- Atomic mass: 12.011
- Element guess: C
- Atomic number: 6
- Source file: oplsaa.lt
","[
  {
    ""atom_type"": 302,
    ""element"": ""C"",
    ""chemical_environment"": ""central sp2 carbon of a guanidinium (amidinium) group, bonded to three nitrogens (two single, one double)"",
    ""functional_group"": ""guanidinium (amidinium)"",
    ""hybridization"": ""sp2"",
    ""example_molecule_smiles"": ""NC(=NH)N"",
    ""group_smarts"": ""[N;X3]-[C;X3](=[N;X2,X3])(-[N;X3])"",
    ""atom_specific_smarts"": ""[C;X3;H0](=[N;X2,X3])(-[N;X3])-[N;X3]"",
    ""description"": ""The C+ center in guanidinium: the carbon bound to three nitrogens (resonance-stabilized amidinium center)."",
    ""uncertainty"": ""10""
  },
  {
    ""atom_type"": 305,
    ""element"": ""C"",
    ""chemical_environment"": ""terminal methyl carbon attached to a guanidinium nitrogen (N-alkyl guanidinium)"",
    ""functional_group"": ""N-methyl guanidinium"",
    ""hybridization"": ""sp3"",
    ""example_molecule_smiles"": ""CNC(=NH)N"",
    ""group_smarts"": ""[C;X4]-[N;X3]-[C;X3](=N)-[N;X3]"",
    ""atom_specific_smarts"": ""[CH3X4]-[N;X3]-[C;X3](=N)-[N;X3]"",
    ""description"": ""The methyl carbon directly bonded to a guanidinium nitrogen in methylguanidinium."",
    ""uncertainty"": ""15""
  },
  {
    ""atom_type"": 306,
    ""element"": ""C"",
    ""chemical_environment"": ""terminal methyl of an ethyl substituent attached to a guanidinium nitrogen"",
    ""functional_group"": ""N-ethyl guanidinium (terminal CH3)"",
    ""hybridization"": ""sp3"",
    ""example_molecule_smiles"": ""CCNC(=NH)N"",
    ""group_smarts"": ""[CH3X4]-[CH2X4]-[N;X3]-[C;X3](=N)-[N;X3]"",
    ""atom_specific_smarts"": ""[CH3X4]-[CH2X4]-[N;X3]-[C;X3](=N)-[N;X3]"",
    ""description"": ""The terminal CH3 group of an ethyl chain attached to a guanidinium nitrogen."",
    ""uncertainty"": ""15""
  },
  {
    ""atom_type"": 307,
    ""element"": ""C"",
    ""chemical_environment"": ""methylene carbon directly attached to a guanidinium nitrogen (Arg CD or ethylguanidinium CH2 next to N)"",
    ""functional_group"": ""N-alkyl guanidinium (alpha-CH2 to N)"",
    ""hybridization"": ""sp3"",
    ""example_molecule_smiles"": ""CCNC(=NH)N"",
    ""group_smarts"": ""[CH2X4]-[N;X3]-[C;X3](=N)-[N;X3]"",
    ""atom_specific_smarts"": ""[CH2X4]-[N;X3]-[C;X3](=N)-[N;X3]"",
    ""description"": ""The CH2 directly bonded to the guanidinium nitrogen (Arg CD or ethylguanidinium N-CH2)."",
    ""uncertainty"": ""15""
  },
  {
    ""atom_type"": 308,
    ""element"": ""C"",
    ""chemical_environment"": ""methylene carbon two bonds away from a guanidinium nitrogen (Arg CG)"",
    ""functional_group"": ""aliphatic chain leading to guanidinium (beta to N)"",
    ""hybridization"": ""sp3"",
    ""example_molecule_smiles"": ""NCCCN=C(N)N"",
    ""group_smarts"": ""[CH2X4]-[CH2X4]-[N;X3]-[C;X3](=N)-[N;X3]"",
    ""atom_specific_smarts"": ""[CH2X4]-[CH2X4]-[N;X3]-[C;X3](=N)-[N;X3]"",
    ""description"": ""The CH2 two atoms away from the guanidinium nitrogen in an arginine-like chain (gamma position)."",
    ""uncertainty"": ""15""
  },
  {
    ""atom_type"": 312,
    ""element"": ""C"",
    ""chemical_environment"": ""aromatic carbon alpha to ring N in pyridine bearing an exocyclic amino (DAP C2/C6 positions)"",
    ""functional_group"": ""2,6-diaminopyridine (DAP) ring carbon bearing NH2"",
    ""hybridization"": ""sp2"",
    ""example_molecule_smiles"": ""n1c(N)cccc1N"",
    ""group_smarts"": ""n1c(N)cccc1N"",
    ""atom_specific_smarts"": ""[cH0;X3;r6](-[NH2])[n;r6]"",
    ""description"": ""The C2 position in DAP: an aromatic carbon adjacent to ring N and substituted by an exocyclic –NH2."",
    ""uncertainty"": ""35""
  },
  {
    ""atom_type"": 315,
    ""element"": ""C"",
    ""chemical_environment"": ""aromatic carbon next to an amino-substituted alpha carbon in 2,6-diaminopyridine (DAP C3)"",
    ""functional_group"": ""2,6-diaminopyridine (DAP) ring carbon"",
    ""hybridization"": ""sp2"",
    ""example_molecule_smiles"": ""n1c(N)cccc1N"",
    ""group_smarts"": ""n1c(N)cccc1N"",
    ""atom_specific_smarts"": ""[cH;X3;r6]([c;r6][n;r6])[c;r6]"",
    ""description"": ""The C3 position in DAP: an aromatic carbon adjacent to the amino-bearing C2 and to the ring N."",
    ""uncertainty"": ""50""
  },
  {
    ""atom_type"": 317,
    ""element"": ""C"",
    ""chemical_environment"": ""aromatic carbon in 2,6-diaminopyridine para to the ring N (DAP C4)"",
    ""functional_group"": ""2,6-diaminopyridine (DAP) ring carbon"",
    ""hybridization"": ""sp2"",
    ""example_molecule_smiles"": ""n1c(N)cccc1N"",
    ""group_smarts"": ""n1c(N)cccc1N"",
    ""atom_specific_smarts"": ""[cH;X3;r6]([c;r6])[c;r6]"",
    ""description"": ""The C4 position in DAP: an internal ring carbon between two carbons, not bearing exocyclic substituents."",
    ""uncertainty"": ""60""
  },
  {
    ""atom_type"": 320,
    ""element"": ""C"",
    ""chemical_environment"": ""uracil C2 carbonyl carbon (imide carbonyl bound to two ring nitrogens)"",
    ""functional_group"": ""pyrimidine-2,4-dione (uracil) carbonyl"",
    ""hybridization"": ""sp2"",
    ""example_molecule_smiles"": ""O=c1[nH]cc(=O)[nH]1"",
    ""group_smarts"": ""[C;X3](=O)(-[n;r6])-[n;r6]"",
    ""atom_specific_smarts"": ""[C;X3;H0](=O)(-[n;r6])-[n;r6]"",
    ""description"": ""The C2 carbonyl carbon of uracil, bonded to two ring nitrogens (N1 and N3)."",
    ""uncertainty"": ""20""
  },
  {
    ""atom_type"": 322,
    ""element"": ""C"",
    ""chemical_environment"": ""uracil C4 carbonyl carbon (imide carbonyl bound to N3 and C5)"",
    ""functional_group"": ""pyrimidine-2,4-dione (uracil) carbonyl"",
    ""hybridization"": ""sp2"",
    ""example_molecule_smiles"": ""O=c1[nH]cc(=O)[nH]1"",
    ""group_smarts"": ""[C;X3](=O)(-[n;r6])-[c;r6]"",
    ""atom_specific_smarts"": ""[C;X3;H0](=O)(-[n;r6])-[c;r6]"",
    ""description"": ""The C4 carbonyl carbon of uracil, adjacent to N3 and ring carbon C5."",
    ""uncertainty"": ""20""
  },
  {
    ""atom_type"": 323,
    ""element"": ""C"",
    ""chemical_environment"": ""uracil C5 aromatic carbon between the C4 carbonyl and C6"",
    ""functional_group"": ""uracil ring carbon"",
    ""hybridization"": ""sp2"",
    ""example_molecule_smiles"": ""O=c1[nH]cc(=O)[nH]1"",
    ""group_smarts"": ""[cH;r6](-[C;X3](=O)-[n;r6])-[c;r6]"",
    ""atom_specific_smarts"": ""[cH;r6](-[C;X3](=O)-[n;r6])-[c;r6]"",
    ""description"": ""The C5 carbon in uracil, an sp2 ring carbon flanked by C4=O and C6."",
    ""uncertainty"": ""25""
  },
  {
    ""atom_type"": 324,
    ""element"": ""C"",
    ""chemical_environment"": ""uracil C6 aromatic carbon adjacent to N1 and C5"",
    ""functional_group"": ""uracil ring carbon"",
    ""hybridization"": ""sp2"",
    ""example_molecule_smiles"": ""O=c1[nH]cc(=O)[nH]1"",
    ""group_smarts"": ""[cH;r6](-[n;r6])-[c;r6]"",
    ""atom_specific_smarts"": ""[cH;r6](-[n;r6])-[c;r6]"",
    ""description"": ""The C6 carbon in uracil, bonded to N1 and C5 within the pyrimidine ring."",
    ""uncertainty"": ""25""
  },
  {
    ""atom_type"": 331,
    ""element"": ""C"",
    ""chemical_environment"": ""methyl carbon attached to C5 of thymine (5-methyluracil)"",
    ""functional_group"": ""thymine 5-methyl"",
    ""hybridization"": ""sp3"",
    ""example_molecule_smiles"": ""O=c1[nH]c(C)c(=O)[nH]1"",
    ""group_smarts"": ""[CH3X4]-[c;r6](-[C;X3](=O)-[n;r6])-[c;r6]"",
    ""atom_specific_smarts"": ""[CH3X4]-[c;r6](-[C;X3](=O)-[n;r6])-[c;r6]"",
    ""description"": ""The C5-methyl carbon on thymine, bonded to the C5 ring carbon of a uracil-like ring."",
    ""uncertainty"": ""20""
  },
  {
    ""atom_type"": 334,
    ""element"": ""C"",
    ""chemical_environment"": ""cytosine C2 carbonyl carbon (imide carbonyl bound to two ring nitrogens)"",
    ""functional_group"": ""pyrimidin-2-one (cytosine) carbonyl"",
    ""hybridization"": ""sp2"",
    ""example_molecule_smiles"": ""Nc1ncc(=O)[nH]1"",
    ""group_smarts"": ""[C;X3](=O)(-[n;r6])-[n;r6]"",
    ""atom_specific_smarts"": ""[C;X3;H0](=O)(-[n;r6])-[n;r6]"",
    ""description"": ""The C2 carbonyl carbon of cytosine, attached to both ring nitrogens (N1 and N3)."",
    ""uncertainty"": ""25""
  },
  {
    ""atom_type"": 336,
    ""element"": ""C"",
    ""chemical_environment"": ""cytosine C4 aromatic carbon bearing an exocyclic amino group"",
    ""functional_group"": ""cytosine ring carbon attached to –NH2"",
    ""hybridization"": ""sp2"",
    ""example_molecule_smiles"": ""Nc1ncc(=O)[nH]1"",
    ""group_smarts"": ""[cH0;X3;r6](-[NH2])-[n;r6]"",
    ""atom_specific_smarts"": ""[cH0;X3;r6](-[NH2])-[n;r6]"",
    ""description"": ""The C4 carbon in cytosine that carries the exocyclic amino substituent."",
    ""uncertainty"": ""25""
  },
  {
    ""atom_type"": 337,
    ""element"": ""C"",
    ""chemical_environment"": ""cytosine C5 aromatic carbon between C4(NH2) and C6"",
    ""functional_group"": ""cytosine ring carbon"",
    ""hybridization"": ""sp2"",
    ""example_molecule_smiles"": ""Nc1ncc(=O)[nH]1"",
    ""group_smarts"": ""[cH;r6](-[c;r6](-[NH2]))-[c;r6]"",
    ""atom_specific_smarts"": ""[cH;r6](-[c;r6](-[NH2]))-[c;r6]"",
    ""description"": ""The C5 ring carbon of cytosine, flanked by the amino-bearing C4 and C6."",
    ""uncertainty"": ""30""
  },
  {
    ""atom_type"": 338,
    ""element"": ""C"",
    ""chemical_environment"": ""cytosine C6 aromatic carbon adjacent to N1 and C5"",
    ""functional_group"": ""cytosine ring carbon"",
    ""hybridization"": ""sp2"",
    ""example_molecule_smiles"": ""Nc1ncc(=O)[nH]1"",
    ""group_smarts"": ""[cH;r6](-[n;r6])-[c;r6]"",
    ""atom_specific_smarts"": ""[cH;r6](-[n;r6])-[c;r6]"",
    ""description"": ""The C6 ring carbon in cytosine, bonded to N1 and C5 in the pyrimidine ring."",
    ""uncertainty"": ""30""
  },
  {
    ""atom_type"": 347,
    ""element"": ""C"",
    ""chemical_environment"": ""adenine C2 aromatic carbon in the six-membered ring, adjacent to two ring nitrogens"",
    ""functional_group"": ""adenine (6-aminopurine) ring carbon"",
    ""hybridization"": ""sp2"",
    ""example_molecule_smiles"": ""Nc1ncnc2ncccc12"",
    ""group_smarts"": ""[c;r6]([n;r5,r6])[n;r6]"",
    ""atom_specific_smarts"": ""[cH0;X3;r6]([n;r5,r6])[n;r6]"",
    ""description"": ""The C2 carbon in adenine, an sp2 ring carbon between N1 and N3 within the purine system."",
    ""uncertainty"": ""35""
  },
  {
    ""atom_type"": 349,
    ""element"": ""C"",
    ""chemical_environment"": ""adenine C4 aromatic carbon in the six-membered ring next to N3 and C5"",
    ""functional_group"": ""adenine (6-aminopurine) ring carbon"",
    ""hybridization"": ""sp2"",
    ""example_molecule_smiles"": ""Nc1ncnc2ncccc12"",
    ""group_smarts"": ""[c;r6]([n;r6])[c;r6]"",
    ""atom_specific_smarts"": ""[cH;X3;r6]([n;r6])[c;r6]"",
    ""description"": ""The C4 carbon in adenine, an sp2 ring carbon adjacent to N3 and C5 in the six-membered ring."",
    ""uncertainty"": ""40""
  },
  {
    ""atom_type"": 350,
    ""element"": ""C"",
    ""chemical_environment"": ""adenine C5 aromatic carbon in the six-membered ring fused to the five-membered imidazole (adjacent to N7)"",
    ""functional_group"": ""adenine (6-aminopurine) fused-ring carbon"",
    ""hybridization"": ""sp2"",
    ""example_molecule_smiles"": ""Nc1ncnc2ncccc12"",
    ""group_smarts"": ""[c;r6]([c;r6])[n;r5]"",
    ""atom_specific_smarts"": ""[cH;X3;r6]([c;r6])[n;r5]"",
    ""description"": ""The C5 carbon in adenine, an sp2 carbon of the six-membered ring bonded to the five-membered ring nitrogen (N7)."",
    ""uncertainty"": ""40""
  }
]"
306,-0.11,"C  - CT   | C: CH3, ethylguanidinium",12.011,oplsaa.lt,C,6,"Convert the following OPLS-AA atom type rows:

Atom Type Data:
- Atom index: 302
- Force field raw info: C  - CA   | C: guanidinium C+
- Partial charge: 0.64
- Atomic mass: 12.011
- Element guess: C
- Atomic number: 6
- Source file: oplsaa.lt


Atom Type Data:
- Atom index: 305
- Force field raw info: C  - CT   | C: CH3, methylguanidinium
- Partial charge: 0.2
- Atomic mass: 12.011
- Element guess: C
- Atomic number: 6
- Source file: oplsaa.lt


Atom Type Data:
- Atom index: 306
- Force field raw info: C  - CT   | C: CH3, ethylguanidinium
- Partial charge: -0.11
- Atomic mass: 12.011
- Element guess: C
- Atomic number: 6
- Source file: oplsaa.lt


Atom Type Data:
- Atom index: 307
- Force field raw info: C  - CT   | C: CH2(D), ARG, ethylguanidinium
- Partial charge: 0.19
- Atomic mass: 12.011
- Element guess: C
- Atomic number: 6
- Source file: oplsaa.lt


Atom Type Data:
- Atom index: 308
- Force field raw info: C  - CT   | C: CH2(G), ARG
- Partial charge: -0.05
- Atomic mass: 12.011
- Element guess: C
- Atomic number: 6
- Source file: oplsaa.lt


Atom Type Data:
- Atom index: 312
- Force field raw info: C  - CA   | DAP C2 pyridine
- Partial charge: 0.36
- Atomic mass: 12.011
- Element guess: C
- Atomic number: 6
- Source file: oplsaa.lt


Atom Type Data:
- Atom index: 315
- Force field raw info: C  - CA   | DAP C3
- Partial charge: -0.15
- Atomic mass: 12.011
- Element guess: C
- Atomic number: 6
- Source file: oplsaa.lt


Atom Type Data:
- Atom index: 317
- Force field raw info: C  - CA   | DAP C4
- Partial charge: -0.04
- Atomic mass: 12.011
- Element guess: C
- Atomic number: 6
- Source file: oplsaa.lt


Atom Type Data:
- Atom index: 320
- Force field raw info: C  - C~   | Uracil C2
- Partial charge: 0.5
- Atomic mass: 12.011
- Element guess: C
- Atomic number: 6
- Source file: oplsaa.lt


Atom Type Data:
- Atom index: 322
- Force field raw info: C  - C~   | Uracil C4
- Partial charge: 0.45
- Atomic mass: 12.011
- Element guess: C
- Atomic number: 6
- Source file: oplsaa.lt


Atom Type Data:
- Atom index: 323
- Force field raw info: C  - CM   | Uracil C5
- Partial charge: -0.07
- Atomic mass: 12.011
- Element guess: C
- Atomic number: 6
- Source file: oplsaa.lt


Atom Type Data:
- Atom index: 324
- Force field raw info: C  - CM   | Uracil C6
- Partial charge: 0.08
- Atomic mass: 12.011
- Element guess: C
- Atomic number: 6
- Source file: oplsaa.lt


Atom Type Data:
- Atom index: 331
- Force field raw info: C  - CT   | Thymine C-C5
- Partial charge: -0.14
- Atomic mass: 12.011
- Element guess: C
- Atomic number: 6
- Source file: oplsaa.lt


Atom Type Data:
- Atom index: 334
- Force field raw info: C  - C~   | Cytosine C2
- Partial charge: 0.55
- Atomic mass: 12.011
- Element guess: C
- Atomic number: 6
- Source file: oplsaa.lt


Atom Type Data:
- Atom index: 336
- Force field raw info: C  - CA   | Cytosine C4 Nucleotide base
- Partial charge: 0.46
- Atomic mass: 12.011
- Element guess: C
- Atomic number: 6
- Source file: oplsaa.lt


Atom Type Data:
- Atom index: 337
- Force field raw info: C  - CM   | Cytosine C5 parameters:
- Partial charge: -0.06
- Atomic mass: 12.011
- Element guess: C
- Atomic number: 6
- Source file: oplsaa.lt


Atom Type Data:
- Atom index: 338
- Force field raw info: C  - CM   | Cytosine C6 JACS,113,2810(1991)
- Partial charge: 0.1
- Atomic mass: 12.011
- Element guess: C
- Atomic number: 6
- Source file: oplsaa.lt


Atom Type Data:
- Atom index: 347
- Force field raw info: C  - CQ   | Adenine C2
- Partial charge: 0.22
- Atomic mass: 12.011
- Element guess: C
- Atomic number: 6
- Source file: oplsaa.lt


Atom Type Data:
- Atom index: 349
- Force field raw info: C  - CB   | Adenine C4
- Partial charge: 0.38
- Atomic mass: 12.011
- Element guess: C
- Atomic number: 6
- Source file: oplsaa.lt


Atom Type Data:
- Atom index: 350
- Force field raw info: C  - CB   | Adenine C5
- Partial charge: 0.15
- Atomic mass: 12.011
- Element guess: C
- Atomic number: 6
- Source file: oplsaa.lt
","[
  {
    ""atom_type"": 302,
    ""element"": ""C"",
    ""chemical_environment"": ""central sp2 carbon of a guanidinium (amidinium) group, bonded to three nitrogens (two single, one double)"",
    ""functional_group"": ""guanidinium (amidinium)"",
    ""hybridization"": ""sp2"",
    ""example_molecule_smiles"": ""NC(=NH)N"",
    ""group_smarts"": ""[N;X3]-[C;X3](=[N;X2,X3])(-[N;X3])"",
    ""atom_specific_smarts"": ""[C;X3;H0](=[N;X2,X3])(-[N;X3])-[N;X3]"",
    ""description"": ""The C+ center in guanidinium: the carbon bound to three nitrogens (resonance-stabilized amidinium center)."",
    ""uncertainty"": ""10""
  },
  {
    ""atom_type"": 305,
    ""element"": ""C"",
    ""chemical_environment"": ""terminal methyl carbon attached to a guanidinium nitrogen (N-alkyl guanidinium)"",
    ""functional_group"": ""N-methyl guanidinium"",
    ""hybridization"": ""sp3"",
    ""example_molecule_smiles"": ""CNC(=NH)N"",
    ""group_smarts"": ""[C;X4]-[N;X3]-[C;X3](=N)-[N;X3]"",
    ""atom_specific_smarts"": ""[CH3X4]-[N;X3]-[C;X3](=N)-[N;X3]"",
    ""description"": ""The methyl carbon directly bonded to a guanidinium nitrogen in methylguanidinium."",
    ""uncertainty"": ""15""
  },
  {
    ""atom_type"": 306,
    ""element"": ""C"",
    ""chemical_environment"": ""terminal methyl of an ethyl substituent attached to a guanidinium nitrogen"",
    ""functional_group"": ""N-ethyl guanidinium (terminal CH3)"",
    ""hybridization"": ""sp3"",
    ""example_molecule_smiles"": ""CCNC(=NH)N"",
    ""group_smarts"": ""[CH3X4]-[CH2X4]-[N;X3]-[C;X3](=N)-[N;X3]"",
    ""atom_specific_smarts"": ""[CH3X4]-[CH2X4]-[N;X3]-[C;X3](=N)-[N;X3]"",
    ""description"": ""The terminal CH3 group of an ethyl chain attached to a guanidinium nitrogen."",
    ""uncertainty"": ""15""
  },
  {
    ""atom_type"": 307,
    ""element"": ""C"",
    ""chemical_environment"": ""methylene carbon directly attached to a guanidinium nitrogen (Arg CD or ethylguanidinium CH2 next to N)"",
    ""functional_group"": ""N-alkyl guanidinium (alpha-CH2 to N)"",
    ""hybridization"": ""sp3"",
    ""example_molecule_smiles"": ""CCNC(=NH)N"",
    ""group_smarts"": ""[CH2X4]-[N;X3]-[C;X3](=N)-[N;X3]"",
    ""atom_specific_smarts"": ""[CH2X4]-[N;X3]-[C;X3](=N)-[N;X3]"",
    ""description"": ""The CH2 directly bonded to the guanidinium nitrogen (Arg CD or ethylguanidinium N-CH2)."",
    ""uncertainty"": ""15""
  },
  {
    ""atom_type"": 308,
    ""element"": ""C"",
    ""chemical_environment"": ""methylene carbon two bonds away from a guanidinium nitrogen (Arg CG)"",
    ""functional_group"": ""aliphatic chain leading to guanidinium (beta to N)"",
    ""hybridization"": ""sp3"",
    ""example_molecule_smiles"": ""NCCCN=C(N)N"",
    ""group_smarts"": ""[CH2X4]-[CH2X4]-[N;X3]-[C;X3](=N)-[N;X3]"",
    ""atom_specific_smarts"": ""[CH2X4]-[CH2X4]-[N;X3]-[C;X3](=N)-[N;X3]"",
    ""description"": ""The CH2 two atoms away from the guanidinium nitrogen in an arginine-like chain (gamma position)."",
    ""uncertainty"": ""15""
  },
  {
    ""atom_type"": 312,
    ""element"": ""C"",
    ""chemical_environment"": ""aromatic carbon alpha to ring N in pyridine bearing an exocyclic amino (DAP C2/C6 positions)"",
    ""functional_group"": ""2,6-diaminopyridine (DAP) ring carbon bearing NH2"",
    ""hybridization"": ""sp2"",
    ""example_molecule_smiles"": ""n1c(N)cccc1N"",
    ""group_smarts"": ""n1c(N)cccc1N"",
    ""atom_specific_smarts"": ""[cH0;X3;r6](-[NH2])[n;r6]"",
    ""description"": ""The C2 position in DAP: an aromatic carbon adjacent to ring N and substituted by an exocyclic –NH2."",
    ""uncertainty"": ""35""
  },
  {
    ""atom_type"": 315,
    ""element"": ""C"",
    ""chemical_environment"": ""aromatic carbon next to an amino-substituted alpha carbon in 2,6-diaminopyridine (DAP C3)"",
    ""functional_group"": ""2,6-diaminopyridine (DAP) ring carbon"",
    ""hybridization"": ""sp2"",
    ""example_molecule_smiles"": ""n1c(N)cccc1N"",
    ""group_smarts"": ""n1c(N)cccc1N"",
    ""atom_specific_smarts"": ""[cH;X3;r6]([c;r6][n;r6])[c;r6]"",
    ""description"": ""The C3 position in DAP: an aromatic carbon adjacent to the amino-bearing C2 and to the ring N."",
    ""uncertainty"": ""50""
  },
  {
    ""atom_type"": 317,
    ""element"": ""C"",
    ""chemical_environment"": ""aromatic carbon in 2,6-diaminopyridine para to the ring N (DAP C4)"",
    ""functional_group"": ""2,6-diaminopyridine (DAP) ring carbon"",
    ""hybridization"": ""sp2"",
    ""example_molecule_smiles"": ""n1c(N)cccc1N"",
    ""group_smarts"": ""n1c(N)cccc1N"",
    ""atom_specific_smarts"": ""[cH;X3;r6]([c;r6])[c;r6]"",
    ""description"": ""The C4 position in DAP: an internal ring carbon between two carbons, not bearing exocyclic substituents."",
    ""uncertainty"": ""60""
  },
  {
    ""atom_type"": 320,
    ""element"": ""C"",
    ""chemical_environment"": ""uracil C2 carbonyl carbon (imide carbonyl bound to two ring nitrogens)"",
    ""functional_group"": ""pyrimidine-2,4-dione (uracil) carbonyl"",
    ""hybridization"": ""sp2"",
    ""example_molecule_smiles"": ""O=c1[nH]cc(=O)[nH]1"",
    ""group_smarts"": ""[C;X3](=O)(-[n;r6])-[n;r6]"",
    ""atom_specific_smarts"": ""[C;X3;H0](=O)(-[n;r6])-[n;r6]"",
    ""description"": ""The C2 carbonyl carbon of uracil, bonded to two ring nitrogens (N1 and N3)."",
    ""uncertainty"": ""20""
  },
  {
    ""atom_type"": 322,
    ""element"": ""C"",
    ""chemical_environment"": ""uracil C4 carbonyl carbon (imide carbonyl bound to N3 and C5)"",
    ""functional_group"": ""pyrimidine-2,4-dione (uracil) carbonyl"",
    ""hybridization"": ""sp2"",
    ""example_molecule_smiles"": ""O=c1[nH]cc(=O)[nH]1"",
    ""group_smarts"": ""[C;X3](=O)(-[n;r6])-[c;r6]"",
    ""atom_specific_smarts"": ""[C;X3;H0](=O)(-[n;r6])-[c;r6]"",
    ""description"": ""The C4 carbonyl carbon of uracil, adjacent to N3 and ring carbon C5."",
    ""uncertainty"": ""20""
  },
  {
    ""atom_type"": 323,
    ""element"": ""C"",
    ""chemical_environment"": ""uracil C5 aromatic carbon between the C4 carbonyl and C6"",
    ""functional_group"": ""uracil ring carbon"",
    ""hybridization"": ""sp2"",
    ""example_molecule_smiles"": ""O=c1[nH]cc(=O)[nH]1"",
    ""group_smarts"": ""[cH;r6](-[C;X3](=O)-[n;r6])-[c;r6]"",
    ""atom_specific_smarts"": ""[cH;r6](-[C;X3](=O)-[n;r6])-[c;r6]"",
    ""description"": ""The C5 carbon in uracil, an sp2 ring carbon flanked by C4=O and C6."",
    ""uncertainty"": ""25""
  },
  {
    ""atom_type"": 324,
    ""element"": ""C"",
    ""chemical_environment"": ""uracil C6 aromatic carbon adjacent to N1 and C5"",
    ""functional_group"": ""uracil ring carbon"",
    ""hybridization"": ""sp2"",
    ""example_molecule_smiles"": ""O=c1[nH]cc(=O)[nH]1"",
    ""group_smarts"": ""[cH;r6](-[n;r6])-[c;r6]"",
    ""atom_specific_smarts"": ""[cH;r6](-[n;r6])-[c;r6]"",
    ""description"": ""The C6 carbon in uracil, bonded to N1 and C5 within the pyrimidine ring."",
    ""uncertainty"": ""25""
  },
  {
    ""atom_type"": 331,
    ""element"": ""C"",
    ""chemical_environment"": ""methyl carbon attached to C5 of thymine (5-methyluracil)"",
    ""functional_group"": ""thymine 5-methyl"",
    ""hybridization"": ""sp3"",
    ""example_molecule_smiles"": ""O=c1[nH]c(C)c(=O)[nH]1"",
    ""group_smarts"": ""[CH3X4]-[c;r6](-[C;X3](=O)-[n;r6])-[c;r6]"",
    ""atom_specific_smarts"": ""[CH3X4]-[c;r6](-[C;X3](=O)-[n;r6])-[c;r6]"",
    ""description"": ""The C5-methyl carbon on thymine, bonded to the C5 ring carbon of a uracil-like ring."",
    ""uncertainty"": ""20""
  },
  {
    ""atom_type"": 334,
    ""element"": ""C"",
    ""chemical_environment"": ""cytosine C2 carbonyl carbon (imide carbonyl bound to two ring nitrogens)"",
    ""functional_group"": ""pyrimidin-2-one (cytosine) carbonyl"",
    ""hybridization"": ""sp2"",
    ""example_molecule_smiles"": ""Nc1ncc(=O)[nH]1"",
    ""group_smarts"": ""[C;X3](=O)(-[n;r6])-[n;r6]"",
    ""atom_specific_smarts"": ""[C;X3;H0](=O)(-[n;r6])-[n;r6]"",
    ""description"": ""The C2 carbonyl carbon of cytosine, attached to both ring nitrogens (N1 and N3)."",
    ""uncertainty"": ""25""
  },
  {
    ""atom_type"": 336,
    ""element"": ""C"",
    ""chemical_environment"": ""cytosine C4 aromatic carbon bearing an exocyclic amino group"",
    ""functional_group"": ""cytosine ring carbon attached to –NH2"",
    ""hybridization"": ""sp2"",
    ""example_molecule_smiles"": ""Nc1ncc(=O)[nH]1"",
    ""group_smarts"": ""[cH0;X3;r6](-[NH2])-[n;r6]"",
    ""atom_specific_smarts"": ""[cH0;X3;r6](-[NH2])-[n;r6]"",
    ""description"": ""The C4 carbon in cytosine that carries the exocyclic amino substituent."",
    ""uncertainty"": ""25""
  },
  {
    ""atom_type"": 337,
    ""element"": ""C"",
    ""chemical_environment"": ""cytosine C5 aromatic carbon between C4(NH2) and C6"",
    ""functional_group"": ""cytosine ring carbon"",
    ""hybridization"": ""sp2"",
    ""example_molecule_smiles"": ""Nc1ncc(=O)[nH]1"",
    ""group_smarts"": ""[cH;r6](-[c;r6](-[NH2]))-[c;r6]"",
    ""atom_specific_smarts"": ""[cH;r6](-[c;r6](-[NH2]))-[c;r6]"",
    ""description"": ""The C5 ring carbon of cytosine, flanked by the amino-bearing C4 and C6."",
    ""uncertainty"": ""30""
  },
  {
    ""atom_type"": 338,
    ""element"": ""C"",
    ""chemical_environment"": ""cytosine C6 aromatic carbon adjacent to N1 and C5"",
    ""functional_group"": ""cytosine ring carbon"",
    ""hybridization"": ""sp2"",
    ""example_molecule_smiles"": ""Nc1ncc(=O)[nH]1"",
    ""group_smarts"": ""[cH;r6](-[n;r6])-[c;r6]"",
    ""atom_specific_smarts"": ""[cH;r6](-[n;r6])-[c;r6]"",
    ""description"": ""The C6 ring carbon in cytosine, bonded to N1 and C5 in the pyrimidine ring."",
    ""uncertainty"": ""30""
  },
  {
    ""atom_type"": 347,
    ""element"": ""C"",
    ""chemical_environment"": ""adenine C2 aromatic carbon in the six-membered ring, adjacent to two ring nitrogens"",
    ""functional_group"": ""adenine (6-aminopurine) ring carbon"",
    ""hybridization"": ""sp2"",
    ""example_molecule_smiles"": ""Nc1ncnc2ncccc12"",
    ""group_smarts"": ""[c;r6]([n;r5,r6])[n;r6]"",
    ""atom_specific_smarts"": ""[cH0;X3;r6]([n;r5,r6])[n;r6]"",
    ""description"": ""The C2 carbon in adenine, an sp2 ring carbon between N1 and N3 within the purine system."",
    ""uncertainty"": ""35""
  },
  {
    ""atom_type"": 349,
    ""element"": ""C"",
    ""chemical_environment"": ""adenine C4 aromatic carbon in the six-membered ring next to N3 and C5"",
    ""functional_group"": ""adenine (6-aminopurine) ring carbon"",
    ""hybridization"": ""sp2"",
    ""example_molecule_smiles"": ""Nc1ncnc2ncccc12"",
    ""group_smarts"": ""[c;r6]([n;r6])[c;r6]"",
    ""atom_specific_smarts"": ""[cH;X3;r6]([n;r6])[c;r6]"",
    ""description"": ""The C4 carbon in adenine, an sp2 ring carbon adjacent to N3 and C5 in the six-membered ring."",
    ""uncertainty"": ""40""
  },
  {
    ""atom_type"": 350,
    ""element"": ""C"",
    ""chemical_environment"": ""adenine C5 aromatic carbon in the six-membered ring fused to the five-membered imidazole (adjacent to N7)"",
    ""functional_group"": ""adenine (6-aminopurine) fused-ring carbon"",
    ""hybridization"": ""sp2"",
    ""example_molecule_smiles"": ""Nc1ncnc2ncccc12"",
    ""group_smarts"": ""[c;r6]([c;r6])[n;r5]"",
    ""atom_specific_smarts"": ""[cH;X3;r6]([c;r6])[n;r5]"",
    ""description"": ""The C5 carbon in adenine, an sp2 carbon of the six-membered ring bonded to the five-membered ring nitrogen (N7)."",
    ""uncertainty"": ""40""
  }
]"
307,0.19,"C  - CT   | C: CH2(D), ARG, ethylguanidinium",12.011,oplsaa.lt,C,6,"Convert the following OPLS-AA atom type rows:

Atom Type Data:
- Atom index: 302
- Force field raw info: C  - CA   | C: guanidinium C+
- Partial charge: 0.64
- Atomic mass: 12.011
- Element guess: C
- Atomic number: 6
- Source file: oplsaa.lt


Atom Type Data:
- Atom index: 305
- Force field raw info: C  - CT   | C: CH3, methylguanidinium
- Partial charge: 0.2
- Atomic mass: 12.011
- Element guess: C
- Atomic number: 6
- Source file: oplsaa.lt


Atom Type Data:
- Atom index: 306
- Force field raw info: C  - CT   | C: CH3, ethylguanidinium
- Partial charge: -0.11
- Atomic mass: 12.011
- Element guess: C
- Atomic number: 6
- Source file: oplsaa.lt


Atom Type Data:
- Atom index: 307
- Force field raw info: C  - CT   | C: CH2(D), ARG, ethylguanidinium
- Partial charge: 0.19
- Atomic mass: 12.011
- Element guess: C
- Atomic number: 6
- Source file: oplsaa.lt


Atom Type Data:
- Atom index: 308
- Force field raw info: C  - CT   | C: CH2(G), ARG
- Partial charge: -0.05
- Atomic mass: 12.011
- Element guess: C
- Atomic number: 6
- Source file: oplsaa.lt


Atom Type Data:
- Atom index: 312
- Force field raw info: C  - CA   | DAP C2 pyridine
- Partial charge: 0.36
- Atomic mass: 12.011
- Element guess: C
- Atomic number: 6
- Source file: oplsaa.lt


Atom Type Data:
- Atom index: 315
- Force field raw info: C  - CA   | DAP C3
- Partial charge: -0.15
- Atomic mass: 12.011
- Element guess: C
- Atomic number: 6
- Source file: oplsaa.lt


Atom Type Data:
- Atom index: 317
- Force field raw info: C  - CA   | DAP C4
- Partial charge: -0.04
- Atomic mass: 12.011
- Element guess: C
- Atomic number: 6
- Source file: oplsaa.lt


Atom Type Data:
- Atom index: 320
- Force field raw info: C  - C~   | Uracil C2
- Partial charge: 0.5
- Atomic mass: 12.011
- Element guess: C
- Atomic number: 6
- Source file: oplsaa.lt


Atom Type Data:
- Atom index: 322
- Force field raw info: C  - C~   | Uracil C4
- Partial charge: 0.45
- Atomic mass: 12.011
- Element guess: C
- Atomic number: 6
- Source file: oplsaa.lt


Atom Type Data:
- Atom index: 323
- Force field raw info: C  - CM   | Uracil C5
- Partial charge: -0.07
- Atomic mass: 12.011
- Element guess: C
- Atomic number: 6
- Source file: oplsaa.lt


Atom Type Data:
- Atom index: 324
- Force field raw info: C  - CM   | Uracil C6
- Partial charge: 0.08
- Atomic mass: 12.011
- Element guess: C
- Atomic number: 6
- Source file: oplsaa.lt


Atom Type Data:
- Atom index: 331
- Force field raw info: C  - CT   | Thymine C-C5
- Partial charge: -0.14
- Atomic mass: 12.011
- Element guess: C
- Atomic number: 6
- Source file: oplsaa.lt


Atom Type Data:
- Atom index: 334
- Force field raw info: C  - C~   | Cytosine C2
- Partial charge: 0.55
- Atomic mass: 12.011
- Element guess: C
- Atomic number: 6
- Source file: oplsaa.lt


Atom Type Data:
- Atom index: 336
- Force field raw info: C  - CA   | Cytosine C4 Nucleotide base
- Partial charge: 0.46
- Atomic mass: 12.011
- Element guess: C
- Atomic number: 6
- Source file: oplsaa.lt


Atom Type Data:
- Atom index: 337
- Force field raw info: C  - CM   | Cytosine C5 parameters:
- Partial charge: -0.06
- Atomic mass: 12.011
- Element guess: C
- Atomic number: 6
- Source file: oplsaa.lt


Atom Type Data:
- Atom index: 338
- Force field raw info: C  - CM   | Cytosine C6 JACS,113,2810(1991)
- Partial charge: 0.1
- Atomic mass: 12.011
- Element guess: C
- Atomic number: 6
- Source file: oplsaa.lt


Atom Type Data:
- Atom index: 347
- Force field raw info: C  - CQ   | Adenine C2
- Partial charge: 0.22
- Atomic mass: 12.011
- Element guess: C
- Atomic number: 6
- Source file: oplsaa.lt


Atom Type Data:
- Atom index: 349
- Force field raw info: C  - CB   | Adenine C4
- Partial charge: 0.38
- Atomic mass: 12.011
- Element guess: C
- Atomic number: 6
- Source file: oplsaa.lt


Atom Type Data:
- Atom index: 350
- Force field raw info: C  - CB   | Adenine C5
- Partial charge: 0.15
- Atomic mass: 12.011
- Element guess: C
- Atomic number: 6
- Source file: oplsaa.lt
","[
  {
    ""atom_type"": 302,
    ""element"": ""C"",
    ""chemical_environment"": ""central sp2 carbon of a guanidinium (amidinium) group, bonded to three nitrogens (two single, one double)"",
    ""functional_group"": ""guanidinium (amidinium)"",
    ""hybridization"": ""sp2"",
    ""example_molecule_smiles"": ""NC(=NH)N"",
    ""group_smarts"": ""[N;X3]-[C;X3](=[N;X2,X3])(-[N;X3])"",
    ""atom_specific_smarts"": ""[C;X3;H0](=[N;X2,X3])(-[N;X3])-[N;X3]"",
    ""description"": ""The C+ center in guanidinium: the carbon bound to three nitrogens (resonance-stabilized amidinium center)."",
    ""uncertainty"": ""10""
  },
  {
    ""atom_type"": 305,
    ""element"": ""C"",
    ""chemical_environment"": ""terminal methyl carbon attached to a guanidinium nitrogen (N-alkyl guanidinium)"",
    ""functional_group"": ""N-methyl guanidinium"",
    ""hybridization"": ""sp3"",
    ""example_molecule_smiles"": ""CNC(=NH)N"",
    ""group_smarts"": ""[C;X4]-[N;X3]-[C;X3](=N)-[N;X3]"",
    ""atom_specific_smarts"": ""[CH3X4]-[N;X3]-[C;X3](=N)-[N;X3]"",
    ""description"": ""The methyl carbon directly bonded to a guanidinium nitrogen in methylguanidinium."",
    ""uncertainty"": ""15""
  },
  {
    ""atom_type"": 306,
    ""element"": ""C"",
    ""chemical_environment"": ""terminal methyl of an ethyl substituent attached to a guanidinium nitrogen"",
    ""functional_group"": ""N-ethyl guanidinium (terminal CH3)"",
    ""hybridization"": ""sp3"",
    ""example_molecule_smiles"": ""CCNC(=NH)N"",
    ""group_smarts"": ""[CH3X4]-[CH2X4]-[N;X3]-[C;X3](=N)-[N;X3]"",
    ""atom_specific_smarts"": ""[CH3X4]-[CH2X4]-[N;X3]-[C;X3](=N)-[N;X3]"",
    ""description"": ""The terminal CH3 group of an ethyl chain attached to a guanidinium nitrogen."",
    ""uncertainty"": ""15""
  },
  {
    ""atom_type"": 307,
    ""element"": ""C"",
    ""chemical_environment"": ""methylene carbon directly attached to a guanidinium nitrogen (Arg CD or ethylguanidinium CH2 next to N)"",
    ""functional_group"": ""N-alkyl guanidinium (alpha-CH2 to N)"",
    ""hybridization"": ""sp3"",
    ""example_molecule_smiles"": ""CCNC(=NH)N"",
    ""group_smarts"": ""[CH2X4]-[N;X3]-[C;X3](=N)-[N;X3]"",
    ""atom_specific_smarts"": ""[CH2X4]-[N;X3]-[C;X3](=N)-[N;X3]"",
    ""description"": ""The CH2 directly bonded to the guanidinium nitrogen (Arg CD or ethylguanidinium N-CH2)."",
    ""uncertainty"": ""15""
  },
  {
    ""atom_type"": 308,
    ""element"": ""C"",
    ""chemical_environment"": ""methylene carbon two bonds away from a guanidinium nitrogen (Arg CG)"",
    ""functional_group"": ""aliphatic chain leading to guanidinium (beta to N)"",
    ""hybridization"": ""sp3"",
    ""example_molecule_smiles"": ""NCCCN=C(N)N"",
    ""group_smarts"": ""[CH2X4]-[CH2X4]-[N;X3]-[C;X3](=N)-[N;X3]"",
    ""atom_specific_smarts"": ""[CH2X4]-[CH2X4]-[N;X3]-[C;X3](=N)-[N;X3]"",
    ""description"": ""The CH2 two atoms away from the guanidinium nitrogen in an arginine-like chain (gamma position)."",
    ""uncertainty"": ""15""
  },
  {
    ""atom_type"": 312,
    ""element"": ""C"",
    ""chemical_environment"": ""aromatic carbon alpha to ring N in pyridine bearing an exocyclic amino (DAP C2/C6 positions)"",
    ""functional_group"": ""2,6-diaminopyridine (DAP) ring carbon bearing NH2"",
    ""hybridization"": ""sp2"",
    ""example_molecule_smiles"": ""n1c(N)cccc1N"",
    ""group_smarts"": ""n1c(N)cccc1N"",
    ""atom_specific_smarts"": ""[cH0;X3;r6](-[NH2])[n;r6]"",
    ""description"": ""The C2 position in DAP: an aromatic carbon adjacent to ring N and substituted by an exocyclic –NH2."",
    ""uncertainty"": ""35""
  },
  {
    ""atom_type"": 315,
    ""element"": ""C"",
    ""chemical_environment"": ""aromatic carbon next to an amino-substituted alpha carbon in 2,6-diaminopyridine (DAP C3)"",
    ""functional_group"": ""2,6-diaminopyridine (DAP) ring carbon"",
    ""hybridization"": ""sp2"",
    ""example_molecule_smiles"": ""n1c(N)cccc1N"",
    ""group_smarts"": ""n1c(N)cccc1N"",
    ""atom_specific_smarts"": ""[cH;X3;r6]([c;r6][n;r6])[c;r6]"",
    ""description"": ""The C3 position in DAP: an aromatic carbon adjacent to the amino-bearing C2 and to the ring N."",
    ""uncertainty"": ""50""
  },
  {
    ""atom_type"": 317,
    ""element"": ""C"",
    ""chemical_environment"": ""aromatic carbon in 2,6-diaminopyridine para to the ring N (DAP C4)"",
    ""functional_group"": ""2,6-diaminopyridine (DAP) ring carbon"",
    ""hybridization"": ""sp2"",
    ""example_molecule_smiles"": ""n1c(N)cccc1N"",
    ""group_smarts"": ""n1c(N)cccc1N"",
    ""atom_specific_smarts"": ""[cH;X3;r6]([c;r6])[c;r6]"",
    ""description"": ""The C4 position in DAP: an internal ring carbon between two carbons, not bearing exocyclic substituents."",
    ""uncertainty"": ""60""
  },
  {
    ""atom_type"": 320,
    ""element"": ""C"",
    ""chemical_environment"": ""uracil C2 carbonyl carbon (imide carbonyl bound to two ring nitrogens)"",
    ""functional_group"": ""pyrimidine-2,4-dione (uracil) carbonyl"",
    ""hybridization"": ""sp2"",
    ""example_molecule_smiles"": ""O=c1[nH]cc(=O)[nH]1"",
    ""group_smarts"": ""[C;X3](=O)(-[n;r6])-[n;r6]"",
    ""atom_specific_smarts"": ""[C;X3;H0](=O)(-[n;r6])-[n;r6]"",
    ""description"": ""The C2 carbonyl carbon of uracil, bonded to two ring nitrogens (N1 and N3)."",
    ""uncertainty"": ""20""
  },
  {
    ""atom_type"": 322,
    ""element"": ""C"",
    ""chemical_environment"": ""uracil C4 carbonyl carbon (imide carbonyl bound to N3 and C5)"",
    ""functional_group"": ""pyrimidine-2,4-dione (uracil) carbonyl"",
    ""hybridization"": ""sp2"",
    ""example_molecule_smiles"": ""O=c1[nH]cc(=O)[nH]1"",
    ""group_smarts"": ""[C;X3](=O)(-[n;r6])-[c;r6]"",
    ""atom_specific_smarts"": ""[C;X3;H0](=O)(-[n;r6])-[c;r6]"",
    ""description"": ""The C4 carbonyl carbon of uracil, adjacent to N3 and ring carbon C5."",
    ""uncertainty"": ""20""
  },
  {
    ""atom_type"": 323,
    ""element"": ""C"",
    ""chemical_environment"": ""uracil C5 aromatic carbon between the C4 carbonyl and C6"",
    ""functional_group"": ""uracil ring carbon"",
    ""hybridization"": ""sp2"",
    ""example_molecule_smiles"": ""O=c1[nH]cc(=O)[nH]1"",
    ""group_smarts"": ""[cH;r6](-[C;X3](=O)-[n;r6])-[c;r6]"",
    ""atom_specific_smarts"": ""[cH;r6](-[C;X3](=O)-[n;r6])-[c;r6]"",
    ""description"": ""The C5 carbon in uracil, an sp2 ring carbon flanked by C4=O and C6."",
    ""uncertainty"": ""25""
  },
  {
    ""atom_type"": 324,
    ""element"": ""C"",
    ""chemical_environment"": ""uracil C6 aromatic carbon adjacent to N1 and C5"",
    ""functional_group"": ""uracil ring carbon"",
    ""hybridization"": ""sp2"",
    ""example_molecule_smiles"": ""O=c1[nH]cc(=O)[nH]1"",
    ""group_smarts"": ""[cH;r6](-[n;r6])-[c;r6]"",
    ""atom_specific_smarts"": ""[cH;r6](-[n;r6])-[c;r6]"",
    ""description"": ""The C6 carbon in uracil, bonded to N1 and C5 within the pyrimidine ring."",
    ""uncertainty"": ""25""
  },
  {
    ""atom_type"": 331,
    ""element"": ""C"",
    ""chemical_environment"": ""methyl carbon attached to C5 of thymine (5-methyluracil)"",
    ""functional_group"": ""thymine 5-methyl"",
    ""hybridization"": ""sp3"",
    ""example_molecule_smiles"": ""O=c1[nH]c(C)c(=O)[nH]1"",
    ""group_smarts"": ""[CH3X4]-[c;r6](-[C;X3](=O)-[n;r6])-[c;r6]"",
    ""atom_specific_smarts"": ""[CH3X4]-[c;r6](-[C;X3](=O)-[n;r6])-[c;r6]"",
    ""description"": ""The C5-methyl carbon on thymine, bonded to the C5 ring carbon of a uracil-like ring."",
    ""uncertainty"": ""20""
  },
  {
    ""atom_type"": 334,
    ""element"": ""C"",
    ""chemical_environment"": ""cytosine C2 carbonyl carbon (imide carbonyl bound to two ring nitrogens)"",
    ""functional_group"": ""pyrimidin-2-one (cytosine) carbonyl"",
    ""hybridization"": ""sp2"",
    ""example_molecule_smiles"": ""Nc1ncc(=O)[nH]1"",
    ""group_smarts"": ""[C;X3](=O)(-[n;r6])-[n;r6]"",
    ""atom_specific_smarts"": ""[C;X3;H0](=O)(-[n;r6])-[n;r6]"",
    ""description"": ""The C2 carbonyl carbon of cytosine, attached to both ring nitrogens (N1 and N3)."",
    ""uncertainty"": ""25""
  },
  {
    ""atom_type"": 336,
    ""element"": ""C"",
    ""chemical_environment"": ""cytosine C4 aromatic carbon bearing an exocyclic amino group"",
    ""functional_group"": ""cytosine ring carbon attached to –NH2"",
    ""hybridization"": ""sp2"",
    ""example_molecule_smiles"": ""Nc1ncc(=O)[nH]1"",
    ""group_smarts"": ""[cH0;X3;r6](-[NH2])-[n;r6]"",
    ""atom_specific_smarts"": ""[cH0;X3;r6](-[NH2])-[n;r6]"",
    ""description"": ""The C4 carbon in cytosine that carries the exocyclic amino substituent."",
    ""uncertainty"": ""25""
  },
  {
    ""atom_type"": 337,
    ""element"": ""C"",
    ""chemical_environment"": ""cytosine C5 aromatic carbon between C4(NH2) and C6"",
    ""functional_group"": ""cytosine ring carbon"",
    ""hybridization"": ""sp2"",
    ""example_molecule_smiles"": ""Nc1ncc(=O)[nH]1"",
    ""group_smarts"": ""[cH;r6](-[c;r6](-[NH2]))-[c;r6]"",
    ""atom_specific_smarts"": ""[cH;r6](-[c;r6](-[NH2]))-[c;r6]"",
    ""description"": ""The C5 ring carbon of cytosine, flanked by the amino-bearing C4 and C6."",
    ""uncertainty"": ""30""
  },
  {
    ""atom_type"": 338,
    ""element"": ""C"",
    ""chemical_environment"": ""cytosine C6 aromatic carbon adjacent to N1 and C5"",
    ""functional_group"": ""cytosine ring carbon"",
    ""hybridization"": ""sp2"",
    ""example_molecule_smiles"": ""Nc1ncc(=O)[nH]1"",
    ""group_smarts"": ""[cH;r6](-[n;r6])-[c;r6]"",
    ""atom_specific_smarts"": ""[cH;r6](-[n;r6])-[c;r6]"",
    ""description"": ""The C6 ring carbon in cytosine, bonded to N1 and C5 in the pyrimidine ring."",
    ""uncertainty"": ""30""
  },
  {
    ""atom_type"": 347,
    ""element"": ""C"",
    ""chemical_environment"": ""adenine C2 aromatic carbon in the six-membered ring, adjacent to two ring nitrogens"",
    ""functional_group"": ""adenine (6-aminopurine) ring carbon"",
    ""hybridization"": ""sp2"",
    ""example_molecule_smiles"": ""Nc1ncnc2ncccc12"",
    ""group_smarts"": ""[c;r6]([n;r5,r6])[n;r6]"",
    ""atom_specific_smarts"": ""[cH0;X3;r6]([n;r5,r6])[n;r6]"",
    ""description"": ""The C2 carbon in adenine, an sp2 ring carbon between N1 and N3 within the purine system."",
    ""uncertainty"": ""35""
  },
  {
    ""atom_type"": 349,
    ""element"": ""C"",
    ""chemical_environment"": ""adenine C4 aromatic carbon in the six-membered ring next to N3 and C5"",
    ""functional_group"": ""adenine (6-aminopurine) ring carbon"",
    ""hybridization"": ""sp2"",
    ""example_molecule_smiles"": ""Nc1ncnc2ncccc12"",
    ""group_smarts"": ""[c;r6]([n;r6])[c;r6]"",
    ""atom_specific_smarts"": ""[cH;X3;r6]([n;r6])[c;r6]"",
    ""description"": ""The C4 carbon in adenine, an sp2 ring carbon adjacent to N3 and C5 in the six-membered ring."",
    ""uncertainty"": ""40""
  },
  {
    ""atom_type"": 350,
    ""element"": ""C"",
    ""chemical_environment"": ""adenine C5 aromatic carbon in the six-membered ring fused to the five-membered imidazole (adjacent to N7)"",
    ""functional_group"": ""adenine (6-aminopurine) fused-ring carbon"",
    ""hybridization"": ""sp2"",
    ""example_molecule_smiles"": ""Nc1ncnc2ncccc12"",
    ""group_smarts"": ""[c;r6]([c;r6])[n;r5]"",
    ""atom_specific_smarts"": ""[cH;X3;r6]([c;r6])[n;r5]"",
    ""description"": ""The C5 carbon in adenine, an sp2 carbon of the six-membered ring bonded to the five-membered ring nitrogen (N7)."",
    ""uncertainty"": ""40""
  }
]"
308,-0.05,"C  - CT   | C: CH2(G), ARG",12.011,oplsaa.lt,C,6,"Convert the following OPLS-AA atom type rows:

Atom Type Data:
- Atom index: 302
- Force field raw info: C  - CA   | C: guanidinium C+
- Partial charge: 0.64
- Atomic mass: 12.011
- Element guess: C
- Atomic number: 6
- Source file: oplsaa.lt


Atom Type Data:
- Atom index: 305
- Force field raw info: C  - CT   | C: CH3, methylguanidinium
- Partial charge: 0.2
- Atomic mass: 12.011
- Element guess: C
- Atomic number: 6
- Source file: oplsaa.lt


Atom Type Data:
- Atom index: 306
- Force field raw info: C  - CT   | C: CH3, ethylguanidinium
- Partial charge: -0.11
- Atomic mass: 12.011
- Element guess: C
- Atomic number: 6
- Source file: oplsaa.lt


Atom Type Data:
- Atom index: 307
- Force field raw info: C  - CT   | C: CH2(D), ARG, ethylguanidinium
- Partial charge: 0.19
- Atomic mass: 12.011
- Element guess: C
- Atomic number: 6
- Source file: oplsaa.lt


Atom Type Data:
- Atom index: 308
- Force field raw info: C  - CT   | C: CH2(G), ARG
- Partial charge: -0.05
- Atomic mass: 12.011
- Element guess: C
- Atomic number: 6
- Source file: oplsaa.lt


Atom Type Data:
- Atom index: 312
- Force field raw info: C  - CA   | DAP C2 pyridine
- Partial charge: 0.36
- Atomic mass: 12.011
- Element guess: C
- Atomic number: 6
- Source file: oplsaa.lt


Atom Type Data:
- Atom index: 315
- Force field raw info: C  - CA   | DAP C3
- Partial charge: -0.15
- Atomic mass: 12.011
- Element guess: C
- Atomic number: 6
- Source file: oplsaa.lt


Atom Type Data:
- Atom index: 317
- Force field raw info: C  - CA   | DAP C4
- Partial charge: -0.04
- Atomic mass: 12.011
- Element guess: C
- Atomic number: 6
- Source file: oplsaa.lt


Atom Type Data:
- Atom index: 320
- Force field raw info: C  - C~   | Uracil C2
- Partial charge: 0.5
- Atomic mass: 12.011
- Element guess: C
- Atomic number: 6
- Source file: oplsaa.lt


Atom Type Data:
- Atom index: 322
- Force field raw info: C  - C~   | Uracil C4
- Partial charge: 0.45
- Atomic mass: 12.011
- Element guess: C
- Atomic number: 6
- Source file: oplsaa.lt


Atom Type Data:
- Atom index: 323
- Force field raw info: C  - CM   | Uracil C5
- Partial charge: -0.07
- Atomic mass: 12.011
- Element guess: C
- Atomic number: 6
- Source file: oplsaa.lt


Atom Type Data:
- Atom index: 324
- Force field raw info: C  - CM   | Uracil C6
- Partial charge: 0.08
- Atomic mass: 12.011
- Element guess: C
- Atomic number: 6
- Source file: oplsaa.lt


Atom Type Data:
- Atom index: 331
- Force field raw info: C  - CT   | Thymine C-C5
- Partial charge: -0.14
- Atomic mass: 12.011
- Element guess: C
- Atomic number: 6
- Source file: oplsaa.lt


Atom Type Data:
- Atom index: 334
- Force field raw info: C  - C~   | Cytosine C2
- Partial charge: 0.55
- Atomic mass: 12.011
- Element guess: C
- Atomic number: 6
- Source file: oplsaa.lt


Atom Type Data:
- Atom index: 336
- Force field raw info: C  - CA   | Cytosine C4 Nucleotide base
- Partial charge: 0.46
- Atomic mass: 12.011
- Element guess: C
- Atomic number: 6
- Source file: oplsaa.lt


Atom Type Data:
- Atom index: 337
- Force field raw info: C  - CM   | Cytosine C5 parameters:
- Partial charge: -0.06
- Atomic mass: 12.011
- Element guess: C
- Atomic number: 6
- Source file: oplsaa.lt


Atom Type Data:
- Atom index: 338
- Force field raw info: C  - CM   | Cytosine C6 JACS,113,2810(1991)
- Partial charge: 0.1
- Atomic mass: 12.011
- Element guess: C
- Atomic number: 6
- Source file: oplsaa.lt


Atom Type Data:
- Atom index: 347
- Force field raw info: C  - CQ   | Adenine C2
- Partial charge: 0.22
- Atomic mass: 12.011
- Element guess: C
- Atomic number: 6
- Source file: oplsaa.lt


Atom Type Data:
- Atom index: 349
- Force field raw info: C  - CB   | Adenine C4
- Partial charge: 0.38
- Atomic mass: 12.011
- Element guess: C
- Atomic number: 6
- Source file: oplsaa.lt


Atom Type Data:
- Atom index: 350
- Force field raw info: C  - CB   | Adenine C5
- Partial charge: 0.15
- Atomic mass: 12.011
- Element guess: C
- Atomic number: 6
- Source file: oplsaa.lt
","[
  {
    ""atom_type"": 302,
    ""element"": ""C"",
    ""chemical_environment"": ""central sp2 carbon of a guanidinium (amidinium) group, bonded to three nitrogens (two single, one double)"",
    ""functional_group"": ""guanidinium (amidinium)"",
    ""hybridization"": ""sp2"",
    ""example_molecule_smiles"": ""NC(=NH)N"",
    ""group_smarts"": ""[N;X3]-[C;X3](=[N;X2,X3])(-[N;X3])"",
    ""atom_specific_smarts"": ""[C;X3;H0](=[N;X2,X3])(-[N;X3])-[N;X3]"",
    ""description"": ""The C+ center in guanidinium: the carbon bound to three nitrogens (resonance-stabilized amidinium center)."",
    ""uncertainty"": ""10""
  },
  {
    ""atom_type"": 305,
    ""element"": ""C"",
    ""chemical_environment"": ""terminal methyl carbon attached to a guanidinium nitrogen (N-alkyl guanidinium)"",
    ""functional_group"": ""N-methyl guanidinium"",
    ""hybridization"": ""sp3"",
    ""example_molecule_smiles"": ""CNC(=NH)N"",
    ""group_smarts"": ""[C;X4]-[N;X3]-[C;X3](=N)-[N;X3]"",
    ""atom_specific_smarts"": ""[CH3X4]-[N;X3]-[C;X3](=N)-[N;X3]"",
    ""description"": ""The methyl carbon directly bonded to a guanidinium nitrogen in methylguanidinium."",
    ""uncertainty"": ""15""
  },
  {
    ""atom_type"": 306,
    ""element"": ""C"",
    ""chemical_environment"": ""terminal methyl of an ethyl substituent attached to a guanidinium nitrogen"",
    ""functional_group"": ""N-ethyl guanidinium (terminal CH3)"",
    ""hybridization"": ""sp3"",
    ""example_molecule_smiles"": ""CCNC(=NH)N"",
    ""group_smarts"": ""[CH3X4]-[CH2X4]-[N;X3]-[C;X3](=N)-[N;X3]"",
    ""atom_specific_smarts"": ""[CH3X4]-[CH2X4]-[N;X3]-[C;X3](=N)-[N;X3]"",
    ""description"": ""The terminal CH3 group of an ethyl chain attached to a guanidinium nitrogen."",
    ""uncertainty"": ""15""
  },
  {
    ""atom_type"": 307,
    ""element"": ""C"",
    ""chemical_environment"": ""methylene carbon directly attached to a guanidinium nitrogen (Arg CD or ethylguanidinium CH2 next to N)"",
    ""functional_group"": ""N-alkyl guanidinium (alpha-CH2 to N)"",
    ""hybridization"": ""sp3"",
    ""example_molecule_smiles"": ""CCNC(=NH)N"",
    ""group_smarts"": ""[CH2X4]-[N;X3]-[C;X3](=N)-[N;X3]"",
    ""atom_specific_smarts"": ""[CH2X4]-[N;X3]-[C;X3](=N)-[N;X3]"",
    ""description"": ""The CH2 directly bonded to the guanidinium nitrogen (Arg CD or ethylguanidinium N-CH2)."",
    ""uncertainty"": ""15""
  },
  {
    ""atom_type"": 308,
    ""element"": ""C"",
    ""chemical_environment"": ""methylene carbon two bonds away from a guanidinium nitrogen (Arg CG)"",
    ""functional_group"": ""aliphatic chain leading to guanidinium (beta to N)"",
    ""hybridization"": ""sp3"",
    ""example_molecule_smiles"": ""NCCCN=C(N)N"",
    ""group_smarts"": ""[CH2X4]-[CH2X4]-[N;X3]-[C;X3](=N)-[N;X3]"",
    ""atom_specific_smarts"": ""[CH2X4]-[CH2X4]-[N;X3]-[C;X3](=N)-[N;X3]"",
    ""description"": ""The CH2 two atoms away from the guanidinium nitrogen in an arginine-like chain (gamma position)."",
    ""uncertainty"": ""15""
  },
  {
    ""atom_type"": 312,
    ""element"": ""C"",
    ""chemical_environment"": ""aromatic carbon alpha to ring N in pyridine bearing an exocyclic amino (DAP C2/C6 positions)"",
    ""functional_group"": ""2,6-diaminopyridine (DAP) ring carbon bearing NH2"",
    ""hybridization"": ""sp2"",
    ""example_molecule_smiles"": ""n1c(N)cccc1N"",
    ""group_smarts"": ""n1c(N)cccc1N"",
    ""atom_specific_smarts"": ""[cH0;X3;r6](-[NH2])[n;r6]"",
    ""description"": ""The C2 position in DAP: an aromatic carbon adjacent to ring N and substituted by an exocyclic –NH2."",
    ""uncertainty"": ""35""
  },
  {
    ""atom_type"": 315,
    ""element"": ""C"",
    ""chemical_environment"": ""aromatic carbon next to an amino-substituted alpha carbon in 2,6-diaminopyridine (DAP C3)"",
    ""functional_group"": ""2,6-diaminopyridine (DAP) ring carbon"",
    ""hybridization"": ""sp2"",
    ""example_molecule_smiles"": ""n1c(N)cccc1N"",
    ""group_smarts"": ""n1c(N)cccc1N"",
    ""atom_specific_smarts"": ""[cH;X3;r6]([c;r6][n;r6])[c;r6]"",
    ""description"": ""The C3 position in DAP: an aromatic carbon adjacent to the amino-bearing C2 and to the ring N."",
    ""uncertainty"": ""50""
  },
  {
    ""atom_type"": 317,
    ""element"": ""C"",
    ""chemical_environment"": ""aromatic carbon in 2,6-diaminopyridine para to the ring N (DAP C4)"",
    ""functional_group"": ""2,6-diaminopyridine (DAP) ring carbon"",
    ""hybridization"": ""sp2"",
    ""example_molecule_smiles"": ""n1c(N)cccc1N"",
    ""group_smarts"": ""n1c(N)cccc1N"",
    ""atom_specific_smarts"": ""[cH;X3;r6]([c;r6])[c;r6]"",
    ""description"": ""The C4 position in DAP: an internal ring carbon between two carbons, not bearing exocyclic substituents."",
    ""uncertainty"": ""60""
  },
  {
    ""atom_type"": 320,
    ""element"": ""C"",
    ""chemical_environment"": ""uracil C2 carbonyl carbon (imide carbonyl bound to two ring nitrogens)"",
    ""functional_group"": ""pyrimidine-2,4-dione (uracil) carbonyl"",
    ""hybridization"": ""sp2"",
    ""example_molecule_smiles"": ""O=c1[nH]cc(=O)[nH]1"",
    ""group_smarts"": ""[C;X3](=O)(-[n;r6])-[n;r6]"",
    ""atom_specific_smarts"": ""[C;X3;H0](=O)(-[n;r6])-[n;r6]"",
    ""description"": ""The C2 carbonyl carbon of uracil, bonded to two ring nitrogens (N1 and N3)."",
    ""uncertainty"": ""20""
  },
  {
    ""atom_type"": 322,
    ""element"": ""C"",
    ""chemical_environment"": ""uracil C4 carbonyl carbon (imide carbonyl bound to N3 and C5)"",
    ""functional_group"": ""pyrimidine-2,4-dione (uracil) carbonyl"",
    ""hybridization"": ""sp2"",
    ""example_molecule_smiles"": ""O=c1[nH]cc(=O)[nH]1"",
    ""group_smarts"": ""[C;X3](=O)(-[n;r6])-[c;r6]"",
    ""atom_specific_smarts"": ""[C;X3;H0](=O)(-[n;r6])-[c;r6]"",
    ""description"": ""The C4 carbonyl carbon of uracil, adjacent to N3 and ring carbon C5."",
    ""uncertainty"": ""20""
  },
  {
    ""atom_type"": 323,
    ""element"": ""C"",
    ""chemical_environment"": ""uracil C5 aromatic carbon between the C4 carbonyl and C6"",
    ""functional_group"": ""uracil ring carbon"",
    ""hybridization"": ""sp2"",
    ""example_molecule_smiles"": ""O=c1[nH]cc(=O)[nH]1"",
    ""group_smarts"": ""[cH;r6](-[C;X3](=O)-[n;r6])-[c;r6]"",
    ""atom_specific_smarts"": ""[cH;r6](-[C;X3](=O)-[n;r6])-[c;r6]"",
    ""description"": ""The C5 carbon in uracil, an sp2 ring carbon flanked by C4=O and C6."",
    ""uncertainty"": ""25""
  },
  {
    ""atom_type"": 324,
    ""element"": ""C"",
    ""chemical_environment"": ""uracil C6 aromatic carbon adjacent to N1 and C5"",
    ""functional_group"": ""uracil ring carbon"",
    ""hybridization"": ""sp2"",
    ""example_molecule_smiles"": ""O=c1[nH]cc(=O)[nH]1"",
    ""group_smarts"": ""[cH;r6](-[n;r6])-[c;r6]"",
    ""atom_specific_smarts"": ""[cH;r6](-[n;r6])-[c;r6]"",
    ""description"": ""The C6 carbon in uracil, bonded to N1 and C5 within the pyrimidine ring."",
    ""uncertainty"": ""25""
  },
  {
    ""atom_type"": 331,
    ""element"": ""C"",
    ""chemical_environment"": ""methyl carbon attached to C5 of thymine (5-methyluracil)"",
    ""functional_group"": ""thymine 5-methyl"",
    ""hybridization"": ""sp3"",
    ""example_molecule_smiles"": ""O=c1[nH]c(C)c(=O)[nH]1"",
    ""group_smarts"": ""[CH3X4]-[c;r6](-[C;X3](=O)-[n;r6])-[c;r6]"",
    ""atom_specific_smarts"": ""[CH3X4]-[c;r6](-[C;X3](=O)-[n;r6])-[c;r6]"",
    ""description"": ""The C5-methyl carbon on thymine, bonded to the C5 ring carbon of a uracil-like ring."",
    ""uncertainty"": ""20""
  },
  {
    ""atom_type"": 334,
    ""element"": ""C"",
    ""chemical_environment"": ""cytosine C2 carbonyl carbon (imide carbonyl bound to two ring nitrogens)"",
    ""functional_group"": ""pyrimidin-2-one (cytosine) carbonyl"",
    ""hybridization"": ""sp2"",
    ""example_molecule_smiles"": ""Nc1ncc(=O)[nH]1"",
    ""group_smarts"": ""[C;X3](=O)(-[n;r6])-[n;r6]"",
    ""atom_specific_smarts"": ""[C;X3;H0](=O)(-[n;r6])-[n;r6]"",
    ""description"": ""The C2 carbonyl carbon of cytosine, attached to both ring nitrogens (N1 and N3)."",
    ""uncertainty"": ""25""
  },
  {
    ""atom_type"": 336,
    ""element"": ""C"",
    ""chemical_environment"": ""cytosine C4 aromatic carbon bearing an exocyclic amino group"",
    ""functional_group"": ""cytosine ring carbon attached to –NH2"",
    ""hybridization"": ""sp2"",
    ""example_molecule_smiles"": ""Nc1ncc(=O)[nH]1"",
    ""group_smarts"": ""[cH0;X3;r6](-[NH2])-[n;r6]"",
    ""atom_specific_smarts"": ""[cH0;X3;r6](-[NH2])-[n;r6]"",
    ""description"": ""The C4 carbon in cytosine that carries the exocyclic amino substituent."",
    ""uncertainty"": ""25""
  },
  {
    ""atom_type"": 337,
    ""element"": ""C"",
    ""chemical_environment"": ""cytosine C5 aromatic carbon between C4(NH2) and C6"",
    ""functional_group"": ""cytosine ring carbon"",
    ""hybridization"": ""sp2"",
    ""example_molecule_smiles"": ""Nc1ncc(=O)[nH]1"",
    ""group_smarts"": ""[cH;r6](-[c;r6](-[NH2]))-[c;r6]"",
    ""atom_specific_smarts"": ""[cH;r6](-[c;r6](-[NH2]))-[c;r6]"",
    ""description"": ""The C5 ring carbon of cytosine, flanked by the amino-bearing C4 and C6."",
    ""uncertainty"": ""30""
  },
  {
    ""atom_type"": 338,
    ""element"": ""C"",
    ""chemical_environment"": ""cytosine C6 aromatic carbon adjacent to N1 and C5"",
    ""functional_group"": ""cytosine ring carbon"",
    ""hybridization"": ""sp2"",
    ""example_molecule_smiles"": ""Nc1ncc(=O)[nH]1"",
    ""group_smarts"": ""[cH;r6](-[n;r6])-[c;r6]"",
    ""atom_specific_smarts"": ""[cH;r6](-[n;r6])-[c;r6]"",
    ""description"": ""The C6 ring carbon in cytosine, bonded to N1 and C5 in the pyrimidine ring."",
    ""uncertainty"": ""30""
  },
  {
    ""atom_type"": 347,
    ""element"": ""C"",
    ""chemical_environment"": ""adenine C2 aromatic carbon in the six-membered ring, adjacent to two ring nitrogens"",
    ""functional_group"": ""adenine (6-aminopurine) ring carbon"",
    ""hybridization"": ""sp2"",
    ""example_molecule_smiles"": ""Nc1ncnc2ncccc12"",
    ""group_smarts"": ""[c;r6]([n;r5,r6])[n;r6]"",
    ""atom_specific_smarts"": ""[cH0;X3;r6]([n;r5,r6])[n;r6]"",
    ""description"": ""The C2 carbon in adenine, an sp2 ring carbon between N1 and N3 within the purine system."",
    ""uncertainty"": ""35""
  },
  {
    ""atom_type"": 349,
    ""element"": ""C"",
    ""chemical_environment"": ""adenine C4 aromatic carbon in the six-membered ring next to N3 and C5"",
    ""functional_group"": ""adenine (6-aminopurine) ring carbon"",
    ""hybridization"": ""sp2"",
    ""example_molecule_smiles"": ""Nc1ncnc2ncccc12"",
    ""group_smarts"": ""[c;r6]([n;r6])[c;r6]"",
    ""atom_specific_smarts"": ""[cH;X3;r6]([n;r6])[c;r6]"",
    ""description"": ""The C4 carbon in adenine, an sp2 ring carbon adjacent to N3 and C5 in the six-membered ring."",
    ""uncertainty"": ""40""
  },
  {
    ""atom_type"": 350,
    ""element"": ""C"",
    ""chemical_environment"": ""adenine C5 aromatic carbon in the six-membered ring fused to the five-membered imidazole (adjacent to N7)"",
    ""functional_group"": ""adenine (6-aminopurine) fused-ring carbon"",
    ""hybridization"": ""sp2"",
    ""example_molecule_smiles"": ""Nc1ncnc2ncccc12"",
    ""group_smarts"": ""[c;r6]([c;r6])[n;r5]"",
    ""atom_specific_smarts"": ""[cH;X3;r6]([c;r6])[n;r5]"",
    ""description"": ""The C5 carbon in adenine, an sp2 carbon of the six-membered ring bonded to the five-membered ring nitrogen (N7)."",
    ""uncertainty"": ""40""
  }
]"
312,0.36,C  - CA   | DAP C2 pyridine,12.011,oplsaa.lt,C,6,"Convert the following OPLS-AA atom type rows:

Atom Type Data:
- Atom index: 302
- Force field raw info: C  - CA   | C: guanidinium C+
- Partial charge: 0.64
- Atomic mass: 12.011
- Element guess: C
- Atomic number: 6
- Source file: oplsaa.lt


Atom Type Data:
- Atom index: 305
- Force field raw info: C  - CT   | C: CH3, methylguanidinium
- Partial charge: 0.2
- Atomic mass: 12.011
- Element guess: C
- Atomic number: 6
- Source file: oplsaa.lt


Atom Type Data:
- Atom index: 306
- Force field raw info: C  - CT   | C: CH3, ethylguanidinium
- Partial charge: -0.11
- Atomic mass: 12.011
- Element guess: C
- Atomic number: 6
- Source file: oplsaa.lt


Atom Type Data:
- Atom index: 307
- Force field raw info: C  - CT   | C: CH2(D), ARG, ethylguanidinium
- Partial charge: 0.19
- Atomic mass: 12.011
- Element guess: C
- Atomic number: 6
- Source file: oplsaa.lt


Atom Type Data:
- Atom index: 308
- Force field raw info: C  - CT   | C: CH2(G), ARG
- Partial charge: -0.05
- Atomic mass: 12.011
- Element guess: C
- Atomic number: 6
- Source file: oplsaa.lt


Atom Type Data:
- Atom index: 312
- Force field raw info: C  - CA   | DAP C2 pyridine
- Partial charge: 0.36
- Atomic mass: 12.011
- Element guess: C
- Atomic number: 6
- Source file: oplsaa.lt


Atom Type Data:
- Atom index: 315
- Force field raw info: C  - CA   | DAP C3
- Partial charge: -0.15
- Atomic mass: 12.011
- Element guess: C
- Atomic number: 6
- Source file: oplsaa.lt


Atom Type Data:
- Atom index: 317
- Force field raw info: C  - CA   | DAP C4
- Partial charge: -0.04
- Atomic mass: 12.011
- Element guess: C
- Atomic number: 6
- Source file: oplsaa.lt


Atom Type Data:
- Atom index: 320
- Force field raw info: C  - C~   | Uracil C2
- Partial charge: 0.5
- Atomic mass: 12.011
- Element guess: C
- Atomic number: 6
- Source file: oplsaa.lt


Atom Type Data:
- Atom index: 322
- Force field raw info: C  - C~   | Uracil C4
- Partial charge: 0.45
- Atomic mass: 12.011
- Element guess: C
- Atomic number: 6
- Source file: oplsaa.lt


Atom Type Data:
- Atom index: 323
- Force field raw info: C  - CM   | Uracil C5
- Partial charge: -0.07
- Atomic mass: 12.011
- Element guess: C
- Atomic number: 6
- Source file: oplsaa.lt


Atom Type Data:
- Atom index: 324
- Force field raw info: C  - CM   | Uracil C6
- Partial charge: 0.08
- Atomic mass: 12.011
- Element guess: C
- Atomic number: 6
- Source file: oplsaa.lt


Atom Type Data:
- Atom index: 331
- Force field raw info: C  - CT   | Thymine C-C5
- Partial charge: -0.14
- Atomic mass: 12.011
- Element guess: C
- Atomic number: 6
- Source file: oplsaa.lt


Atom Type Data:
- Atom index: 334
- Force field raw info: C  - C~   | Cytosine C2
- Partial charge: 0.55
- Atomic mass: 12.011
- Element guess: C
- Atomic number: 6
- Source file: oplsaa.lt


Atom Type Data:
- Atom index: 336
- Force field raw info: C  - CA   | Cytosine C4 Nucleotide base
- Partial charge: 0.46
- Atomic mass: 12.011
- Element guess: C
- Atomic number: 6
- Source file: oplsaa.lt


Atom Type Data:
- Atom index: 337
- Force field raw info: C  - CM   | Cytosine C5 parameters:
- Partial charge: -0.06
- Atomic mass: 12.011
- Element guess: C
- Atomic number: 6
- Source file: oplsaa.lt


Atom Type Data:
- Atom index: 338
- Force field raw info: C  - CM   | Cytosine C6 JACS,113,2810(1991)
- Partial charge: 0.1
- Atomic mass: 12.011
- Element guess: C
- Atomic number: 6
- Source file: oplsaa.lt


Atom Type Data:
- Atom index: 347
- Force field raw info: C  - CQ   | Adenine C2
- Partial charge: 0.22
- Atomic mass: 12.011
- Element guess: C
- Atomic number: 6
- Source file: oplsaa.lt


Atom Type Data:
- Atom index: 349
- Force field raw info: C  - CB   | Adenine C4
- Partial charge: 0.38
- Atomic mass: 12.011
- Element guess: C
- Atomic number: 6
- Source file: oplsaa.lt


Atom Type Data:
- Atom index: 350
- Force field raw info: C  - CB   | Adenine C5
- Partial charge: 0.15
- Atomic mass: 12.011
- Element guess: C
- Atomic number: 6
- Source file: oplsaa.lt
","[
  {
    ""atom_type"": 302,
    ""element"": ""C"",
    ""chemical_environment"": ""central sp2 carbon of a guanidinium (amidinium) group, bonded to three nitrogens (two single, one double)"",
    ""functional_group"": ""guanidinium (amidinium)"",
    ""hybridization"": ""sp2"",
    ""example_molecule_smiles"": ""NC(=NH)N"",
    ""group_smarts"": ""[N;X3]-[C;X3](=[N;X2,X3])(-[N;X3])"",
    ""atom_specific_smarts"": ""[C;X3;H0](=[N;X2,X3])(-[N;X3])-[N;X3]"",
    ""description"": ""The C+ center in guanidinium: the carbon bound to three nitrogens (resonance-stabilized amidinium center)."",
    ""uncertainty"": ""10""
  },
  {
    ""atom_type"": 305,
    ""element"": ""C"",
    ""chemical_environment"": ""terminal methyl carbon attached to a guanidinium nitrogen (N-alkyl guanidinium)"",
    ""functional_group"": ""N-methyl guanidinium"",
    ""hybridization"": ""sp3"",
    ""example_molecule_smiles"": ""CNC(=NH)N"",
    ""group_smarts"": ""[C;X4]-[N;X3]-[C;X3](=N)-[N;X3]"",
    ""atom_specific_smarts"": ""[CH3X4]-[N;X3]-[C;X3](=N)-[N;X3]"",
    ""description"": ""The methyl carbon directly bonded to a guanidinium nitrogen in methylguanidinium."",
    ""uncertainty"": ""15""
  },
  {
    ""atom_type"": 306,
    ""element"": ""C"",
    ""chemical_environment"": ""terminal methyl of an ethyl substituent attached to a guanidinium nitrogen"",
    ""functional_group"": ""N-ethyl guanidinium (terminal CH3)"",
    ""hybridization"": ""sp3"",
    ""example_molecule_smiles"": ""CCNC(=NH)N"",
    ""group_smarts"": ""[CH3X4]-[CH2X4]-[N;X3]-[C;X3](=N)-[N;X3]"",
    ""atom_specific_smarts"": ""[CH3X4]-[CH2X4]-[N;X3]-[C;X3](=N)-[N;X3]"",
    ""description"": ""The terminal CH3 group of an ethyl chain attached to a guanidinium nitrogen."",
    ""uncertainty"": ""15""
  },
  {
    ""atom_type"": 307,
    ""element"": ""C"",
    ""chemical_environment"": ""methylene carbon directly attached to a guanidinium nitrogen (Arg CD or ethylguanidinium CH2 next to N)"",
    ""functional_group"": ""N-alkyl guanidinium (alpha-CH2 to N)"",
    ""hybridization"": ""sp3"",
    ""example_molecule_smiles"": ""CCNC(=NH)N"",
    ""group_smarts"": ""[CH2X4]-[N;X3]-[C;X3](=N)-[N;X3]"",
    ""atom_specific_smarts"": ""[CH2X4]-[N;X3]-[C;X3](=N)-[N;X3]"",
    ""description"": ""The CH2 directly bonded to the guanidinium nitrogen (Arg CD or ethylguanidinium N-CH2)."",
    ""uncertainty"": ""15""
  },
  {
    ""atom_type"": 308,
    ""element"": ""C"",
    ""chemical_environment"": ""methylene carbon two bonds away from a guanidinium nitrogen (Arg CG)"",
    ""functional_group"": ""aliphatic chain leading to guanidinium (beta to N)"",
    ""hybridization"": ""sp3"",
    ""example_molecule_smiles"": ""NCCCN=C(N)N"",
    ""group_smarts"": ""[CH2X4]-[CH2X4]-[N;X3]-[C;X3](=N)-[N;X3]"",
    ""atom_specific_smarts"": ""[CH2X4]-[CH2X4]-[N;X3]-[C;X3](=N)-[N;X3]"",
    ""description"": ""The CH2 two atoms away from the guanidinium nitrogen in an arginine-like chain (gamma position)."",
    ""uncertainty"": ""15""
  },
  {
    ""atom_type"": 312,
    ""element"": ""C"",
    ""chemical_environment"": ""aromatic carbon alpha to ring N in pyridine bearing an exocyclic amino (DAP C2/C6 positions)"",
    ""functional_group"": ""2,6-diaminopyridine (DAP) ring carbon bearing NH2"",
    ""hybridization"": ""sp2"",
    ""example_molecule_smiles"": ""n1c(N)cccc1N"",
    ""group_smarts"": ""n1c(N)cccc1N"",
    ""atom_specific_smarts"": ""[cH0;X3;r6](-[NH2])[n;r6]"",
    ""description"": ""The C2 position in DAP: an aromatic carbon adjacent to ring N and substituted by an exocyclic –NH2."",
    ""uncertainty"": ""35""
  },
  {
    ""atom_type"": 315,
    ""element"": ""C"",
    ""chemical_environment"": ""aromatic carbon next to an amino-substituted alpha carbon in 2,6-diaminopyridine (DAP C3)"",
    ""functional_group"": ""2,6-diaminopyridine (DAP) ring carbon"",
    ""hybridization"": ""sp2"",
    ""example_molecule_smiles"": ""n1c(N)cccc1N"",
    ""group_smarts"": ""n1c(N)cccc1N"",
    ""atom_specific_smarts"": ""[cH;X3;r6]([c;r6][n;r6])[c;r6]"",
    ""description"": ""The C3 position in DAP: an aromatic carbon adjacent to the amino-bearing C2 and to the ring N."",
    ""uncertainty"": ""50""
  },
  {
    ""atom_type"": 317,
    ""element"": ""C"",
    ""chemical_environment"": ""aromatic carbon in 2,6-diaminopyridine para to the ring N (DAP C4)"",
    ""functional_group"": ""2,6-diaminopyridine (DAP) ring carbon"",
    ""hybridization"": ""sp2"",
    ""example_molecule_smiles"": ""n1c(N)cccc1N"",
    ""group_smarts"": ""n1c(N)cccc1N"",
    ""atom_specific_smarts"": ""[cH;X3;r6]([c;r6])[c;r6]"",
    ""description"": ""The C4 position in DAP: an internal ring carbon between two carbons, not bearing exocyclic substituents."",
    ""uncertainty"": ""60""
  },
  {
    ""atom_type"": 320,
    ""element"": ""C"",
    ""chemical_environment"": ""uracil C2 carbonyl carbon (imide carbonyl bound to two ring nitrogens)"",
    ""functional_group"": ""pyrimidine-2,4-dione (uracil) carbonyl"",
    ""hybridization"": ""sp2"",
    ""example_molecule_smiles"": ""O=c1[nH]cc(=O)[nH]1"",
    ""group_smarts"": ""[C;X3](=O)(-[n;r6])-[n;r6]"",
    ""atom_specific_smarts"": ""[C;X3;H0](=O)(-[n;r6])-[n;r6]"",
    ""description"": ""The C2 carbonyl carbon of uracil, bonded to two ring nitrogens (N1 and N3)."",
    ""uncertainty"": ""20""
  },
  {
    ""atom_type"": 322,
    ""element"": ""C"",
    ""chemical_environment"": ""uracil C4 carbonyl carbon (imide carbonyl bound to N3 and C5)"",
    ""functional_group"": ""pyrimidine-2,4-dione (uracil) carbonyl"",
    ""hybridization"": ""sp2"",
    ""example_molecule_smiles"": ""O=c1[nH]cc(=O)[nH]1"",
    ""group_smarts"": ""[C;X3](=O)(-[n;r6])-[c;r6]"",
    ""atom_specific_smarts"": ""[C;X3;H0](=O)(-[n;r6])-[c;r6]"",
    ""description"": ""The C4 carbonyl carbon of uracil, adjacent to N3 and ring carbon C5."",
    ""uncertainty"": ""20""
  },
  {
    ""atom_type"": 323,
    ""element"": ""C"",
    ""chemical_environment"": ""uracil C5 aromatic carbon between the C4 carbonyl and C6"",
    ""functional_group"": ""uracil ring carbon"",
    ""hybridization"": ""sp2"",
    ""example_molecule_smiles"": ""O=c1[nH]cc(=O)[nH]1"",
    ""group_smarts"": ""[cH;r6](-[C;X3](=O)-[n;r6])-[c;r6]"",
    ""atom_specific_smarts"": ""[cH;r6](-[C;X3](=O)-[n;r6])-[c;r6]"",
    ""description"": ""The C5 carbon in uracil, an sp2 ring carbon flanked by C4=O and C6."",
    ""uncertainty"": ""25""
  },
  {
    ""atom_type"": 324,
    ""element"": ""C"",
    ""chemical_environment"": ""uracil C6 aromatic carbon adjacent to N1 and C5"",
    ""functional_group"": ""uracil ring carbon"",
    ""hybridization"": ""sp2"",
    ""example_molecule_smiles"": ""O=c1[nH]cc(=O)[nH]1"",
    ""group_smarts"": ""[cH;r6](-[n;r6])-[c;r6]"",
    ""atom_specific_smarts"": ""[cH;r6](-[n;r6])-[c;r6]"",
    ""description"": ""The C6 carbon in uracil, bonded to N1 and C5 within the pyrimidine ring."",
    ""uncertainty"": ""25""
  },
  {
    ""atom_type"": 331,
    ""element"": ""C"",
    ""chemical_environment"": ""methyl carbon attached to C5 of thymine (5-methyluracil)"",
    ""functional_group"": ""thymine 5-methyl"",
    ""hybridization"": ""sp3"",
    ""example_molecule_smiles"": ""O=c1[nH]c(C)c(=O)[nH]1"",
    ""group_smarts"": ""[CH3X4]-[c;r6](-[C;X3](=O)-[n;r6])-[c;r6]"",
    ""atom_specific_smarts"": ""[CH3X4]-[c;r6](-[C;X3](=O)-[n;r6])-[c;r6]"",
    ""description"": ""The C5-methyl carbon on thymine, bonded to the C5 ring carbon of a uracil-like ring."",
    ""uncertainty"": ""20""
  },
  {
    ""atom_type"": 334,
    ""element"": ""C"",
    ""chemical_environment"": ""cytosine C2 carbonyl carbon (imide carbonyl bound to two ring nitrogens)"",
    ""functional_group"": ""pyrimidin-2-one (cytosine) carbonyl"",
    ""hybridization"": ""sp2"",
    ""example_molecule_smiles"": ""Nc1ncc(=O)[nH]1"",
    ""group_smarts"": ""[C;X3](=O)(-[n;r6])-[n;r6]"",
    ""atom_specific_smarts"": ""[C;X3;H0](=O)(-[n;r6])-[n;r6]"",
    ""description"": ""The C2 carbonyl carbon of cytosine, attached to both ring nitrogens (N1 and N3)."",
    ""uncertainty"": ""25""
  },
  {
    ""atom_type"": 336,
    ""element"": ""C"",
    ""chemical_environment"": ""cytosine C4 aromatic carbon bearing an exocyclic amino group"",
    ""functional_group"": ""cytosine ring carbon attached to –NH2"",
    ""hybridization"": ""sp2"",
    ""example_molecule_smiles"": ""Nc1ncc(=O)[nH]1"",
    ""group_smarts"": ""[cH0;X3;r6](-[NH2])-[n;r6]"",
    ""atom_specific_smarts"": ""[cH0;X3;r6](-[NH2])-[n;r6]"",
    ""description"": ""The C4 carbon in cytosine that carries the exocyclic amino substituent."",
    ""uncertainty"": ""25""
  },
  {
    ""atom_type"": 337,
    ""element"": ""C"",
    ""chemical_environment"": ""cytosine C5 aromatic carbon between C4(NH2) and C6"",
    ""functional_group"": ""cytosine ring carbon"",
    ""hybridization"": ""sp2"",
    ""example_molecule_smiles"": ""Nc1ncc(=O)[nH]1"",
    ""group_smarts"": ""[cH;r6](-[c;r6](-[NH2]))-[c;r6]"",
    ""atom_specific_smarts"": ""[cH;r6](-[c;r6](-[NH2]))-[c;r6]"",
    ""description"": ""The C5 ring carbon of cytosine, flanked by the amino-bearing C4 and C6."",
    ""uncertainty"": ""30""
  },
  {
    ""atom_type"": 338,
    ""element"": ""C"",
    ""chemical_environment"": ""cytosine C6 aromatic carbon adjacent to N1 and C5"",
    ""functional_group"": ""cytosine ring carbon"",
    ""hybridization"": ""sp2"",
    ""example_molecule_smiles"": ""Nc1ncc(=O)[nH]1"",
    ""group_smarts"": ""[cH;r6](-[n;r6])-[c;r6]"",
    ""atom_specific_smarts"": ""[cH;r6](-[n;r6])-[c;r6]"",
    ""description"": ""The C6 ring carbon in cytosine, bonded to N1 and C5 in the pyrimidine ring."",
    ""uncertainty"": ""30""
  },
  {
    ""atom_type"": 347,
    ""element"": ""C"",
    ""chemical_environment"": ""adenine C2 aromatic carbon in the six-membered ring, adjacent to two ring nitrogens"",
    ""functional_group"": ""adenine (6-aminopurine) ring carbon"",
    ""hybridization"": ""sp2"",
    ""example_molecule_smiles"": ""Nc1ncnc2ncccc12"",
    ""group_smarts"": ""[c;r6]([n;r5,r6])[n;r6]"",
    ""atom_specific_smarts"": ""[cH0;X3;r6]([n;r5,r6])[n;r6]"",
    ""description"": ""The C2 carbon in adenine, an sp2 ring carbon between N1 and N3 within the purine system."",
    ""uncertainty"": ""35""
  },
  {
    ""atom_type"": 349,
    ""element"": ""C"",
    ""chemical_environment"": ""adenine C4 aromatic carbon in the six-membered ring next to N3 and C5"",
    ""functional_group"": ""adenine (6-aminopurine) ring carbon"",
    ""hybridization"": ""sp2"",
    ""example_molecule_smiles"": ""Nc1ncnc2ncccc12"",
    ""group_smarts"": ""[c;r6]([n;r6])[c;r6]"",
    ""atom_specific_smarts"": ""[cH;X3;r6]([n;r6])[c;r6]"",
    ""description"": ""The C4 carbon in adenine, an sp2 ring carbon adjacent to N3 and C5 in the six-membered ring."",
    ""uncertainty"": ""40""
  },
  {
    ""atom_type"": 350,
    ""element"": ""C"",
    ""chemical_environment"": ""adenine C5 aromatic carbon in the six-membered ring fused to the five-membered imidazole (adjacent to N7)"",
    ""functional_group"": ""adenine (6-aminopurine) fused-ring carbon"",
    ""hybridization"": ""sp2"",
    ""example_molecule_smiles"": ""Nc1ncnc2ncccc12"",
    ""group_smarts"": ""[c;r6]([c;r6])[n;r5]"",
    ""atom_specific_smarts"": ""[cH;X3;r6]([c;r6])[n;r5]"",
    ""description"": ""The C5 carbon in adenine, an sp2 carbon of the six-membered ring bonded to the five-membered ring nitrogen (N7)."",
    ""uncertainty"": ""40""
  }
]"
315,-0.15,C  - CA   | DAP C3,12.011,oplsaa.lt,C,6,"Convert the following OPLS-AA atom type rows:

Atom Type Data:
- Atom index: 302
- Force field raw info: C  - CA   | C: guanidinium C+
- Partial charge: 0.64
- Atomic mass: 12.011
- Element guess: C
- Atomic number: 6
- Source file: oplsaa.lt


Atom Type Data:
- Atom index: 305
- Force field raw info: C  - CT   | C: CH3, methylguanidinium
- Partial charge: 0.2
- Atomic mass: 12.011
- Element guess: C
- Atomic number: 6
- Source file: oplsaa.lt


Atom Type Data:
- Atom index: 306
- Force field raw info: C  - CT   | C: CH3, ethylguanidinium
- Partial charge: -0.11
- Atomic mass: 12.011
- Element guess: C
- Atomic number: 6
- Source file: oplsaa.lt


Atom Type Data:
- Atom index: 307
- Force field raw info: C  - CT   | C: CH2(D), ARG, ethylguanidinium
- Partial charge: 0.19
- Atomic mass: 12.011
- Element guess: C
- Atomic number: 6
- Source file: oplsaa.lt


Atom Type Data:
- Atom index: 308
- Force field raw info: C  - CT   | C: CH2(G), ARG
- Partial charge: -0.05
- Atomic mass: 12.011
- Element guess: C
- Atomic number: 6
- Source file: oplsaa.lt


Atom Type Data:
- Atom index: 312
- Force field raw info: C  - CA   | DAP C2 pyridine
- Partial charge: 0.36
- Atomic mass: 12.011
- Element guess: C
- Atomic number: 6
- Source file: oplsaa.lt


Atom Type Data:
- Atom index: 315
- Force field raw info: C  - CA   | DAP C3
- Partial charge: -0.15
- Atomic mass: 12.011
- Element guess: C
- Atomic number: 6
- Source file: oplsaa.lt


Atom Type Data:
- Atom index: 317
- Force field raw info: C  - CA   | DAP C4
- Partial charge: -0.04
- Atomic mass: 12.011
- Element guess: C
- Atomic number: 6
- Source file: oplsaa.lt


Atom Type Data:
- Atom index: 320
- Force field raw info: C  - C~   | Uracil C2
- Partial charge: 0.5
- Atomic mass: 12.011
- Element guess: C
- Atomic number: 6
- Source file: oplsaa.lt


Atom Type Data:
- Atom index: 322
- Force field raw info: C  - C~   | Uracil C4
- Partial charge: 0.45
- Atomic mass: 12.011
- Element guess: C
- Atomic number: 6
- Source file: oplsaa.lt


Atom Type Data:
- Atom index: 323
- Force field raw info: C  - CM   | Uracil C5
- Partial charge: -0.07
- Atomic mass: 12.011
- Element guess: C
- Atomic number: 6
- Source file: oplsaa.lt


Atom Type Data:
- Atom index: 324
- Force field raw info: C  - CM   | Uracil C6
- Partial charge: 0.08
- Atomic mass: 12.011
- Element guess: C
- Atomic number: 6
- Source file: oplsaa.lt


Atom Type Data:
- Atom index: 331
- Force field raw info: C  - CT   | Thymine C-C5
- Partial charge: -0.14
- Atomic mass: 12.011
- Element guess: C
- Atomic number: 6
- Source file: oplsaa.lt


Atom Type Data:
- Atom index: 334
- Force field raw info: C  - C~   | Cytosine C2
- Partial charge: 0.55
- Atomic mass: 12.011
- Element guess: C
- Atomic number: 6
- Source file: oplsaa.lt


Atom Type Data:
- Atom index: 336
- Force field raw info: C  - CA   | Cytosine C4 Nucleotide base
- Partial charge: 0.46
- Atomic mass: 12.011
- Element guess: C
- Atomic number: 6
- Source file: oplsaa.lt


Atom Type Data:
- Atom index: 337
- Force field raw info: C  - CM   | Cytosine C5 parameters:
- Partial charge: -0.06
- Atomic mass: 12.011
- Element guess: C
- Atomic number: 6
- Source file: oplsaa.lt


Atom Type Data:
- Atom index: 338
- Force field raw info: C  - CM   | Cytosine C6 JACS,113,2810(1991)
- Partial charge: 0.1
- Atomic mass: 12.011
- Element guess: C
- Atomic number: 6
- Source file: oplsaa.lt


Atom Type Data:
- Atom index: 347
- Force field raw info: C  - CQ   | Adenine C2
- Partial charge: 0.22
- Atomic mass: 12.011
- Element guess: C
- Atomic number: 6
- Source file: oplsaa.lt


Atom Type Data:
- Atom index: 349
- Force field raw info: C  - CB   | Adenine C4
- Partial charge: 0.38
- Atomic mass: 12.011
- Element guess: C
- Atomic number: 6
- Source file: oplsaa.lt


Atom Type Data:
- Atom index: 350
- Force field raw info: C  - CB   | Adenine C5
- Partial charge: 0.15
- Atomic mass: 12.011
- Element guess: C
- Atomic number: 6
- Source file: oplsaa.lt
","[
  {
    ""atom_type"": 302,
    ""element"": ""C"",
    ""chemical_environment"": ""central sp2 carbon of a guanidinium (amidinium) group, bonded to three nitrogens (two single, one double)"",
    ""functional_group"": ""guanidinium (amidinium)"",
    ""hybridization"": ""sp2"",
    ""example_molecule_smiles"": ""NC(=NH)N"",
    ""group_smarts"": ""[N;X3]-[C;X3](=[N;X2,X3])(-[N;X3])"",
    ""atom_specific_smarts"": ""[C;X3;H0](=[N;X2,X3])(-[N;X3])-[N;X3]"",
    ""description"": ""The C+ center in guanidinium: the carbon bound to three nitrogens (resonance-stabilized amidinium center)."",
    ""uncertainty"": ""10""
  },
  {
    ""atom_type"": 305,
    ""element"": ""C"",
    ""chemical_environment"": ""terminal methyl carbon attached to a guanidinium nitrogen (N-alkyl guanidinium)"",
    ""functional_group"": ""N-methyl guanidinium"",
    ""hybridization"": ""sp3"",
    ""example_molecule_smiles"": ""CNC(=NH)N"",
    ""group_smarts"": ""[C;X4]-[N;X3]-[C;X3](=N)-[N;X3]"",
    ""atom_specific_smarts"": ""[CH3X4]-[N;X3]-[C;X3](=N)-[N;X3]"",
    ""description"": ""The methyl carbon directly bonded to a guanidinium nitrogen in methylguanidinium."",
    ""uncertainty"": ""15""
  },
  {
    ""atom_type"": 306,
    ""element"": ""C"",
    ""chemical_environment"": ""terminal methyl of an ethyl substituent attached to a guanidinium nitrogen"",
    ""functional_group"": ""N-ethyl guanidinium (terminal CH3)"",
    ""hybridization"": ""sp3"",
    ""example_molecule_smiles"": ""CCNC(=NH)N"",
    ""group_smarts"": ""[CH3X4]-[CH2X4]-[N;X3]-[C;X3](=N)-[N;X3]"",
    ""atom_specific_smarts"": ""[CH3X4]-[CH2X4]-[N;X3]-[C;X3](=N)-[N;X3]"",
    ""description"": ""The terminal CH3 group of an ethyl chain attached to a guanidinium nitrogen."",
    ""uncertainty"": ""15""
  },
  {
    ""atom_type"": 307,
    ""element"": ""C"",
    ""chemical_environment"": ""methylene carbon directly attached to a guanidinium nitrogen (Arg CD or ethylguanidinium CH2 next to N)"",
    ""functional_group"": ""N-alkyl guanidinium (alpha-CH2 to N)"",
    ""hybridization"": ""sp3"",
    ""example_molecule_smiles"": ""CCNC(=NH)N"",
    ""group_smarts"": ""[CH2X4]-[N;X3]-[C;X3](=N)-[N;X3]"",
    ""atom_specific_smarts"": ""[CH2X4]-[N;X3]-[C;X3](=N)-[N;X3]"",
    ""description"": ""The CH2 directly bonded to the guanidinium nitrogen (Arg CD or ethylguanidinium N-CH2)."",
    ""uncertainty"": ""15""
  },
  {
    ""atom_type"": 308,
    ""element"": ""C"",
    ""chemical_environment"": ""methylene carbon two bonds away from a guanidinium nitrogen (Arg CG)"",
    ""functional_group"": ""aliphatic chain leading to guanidinium (beta to N)"",
    ""hybridization"": ""sp3"",
    ""example_molecule_smiles"": ""NCCCN=C(N)N"",
    ""group_smarts"": ""[CH2X4]-[CH2X4]-[N;X3]-[C;X3](=N)-[N;X3]"",
    ""atom_specific_smarts"": ""[CH2X4]-[CH2X4]-[N;X3]-[C;X3](=N)-[N;X3]"",
    ""description"": ""The CH2 two atoms away from the guanidinium nitrogen in an arginine-like chain (gamma position)."",
    ""uncertainty"": ""15""
  },
  {
    ""atom_type"": 312,
    ""element"": ""C"",
    ""chemical_environment"": ""aromatic carbon alpha to ring N in pyridine bearing an exocyclic amino (DAP C2/C6 positions)"",
    ""functional_group"": ""2,6-diaminopyridine (DAP) ring carbon bearing NH2"",
    ""hybridization"": ""sp2"",
    ""example_molecule_smiles"": ""n1c(N)cccc1N"",
    ""group_smarts"": ""n1c(N)cccc1N"",
    ""atom_specific_smarts"": ""[cH0;X3;r6](-[NH2])[n;r6]"",
    ""description"": ""The C2 position in DAP: an aromatic carbon adjacent to ring N and substituted by an exocyclic –NH2."",
    ""uncertainty"": ""35""
  },
  {
    ""atom_type"": 315,
    ""element"": ""C"",
    ""chemical_environment"": ""aromatic carbon next to an amino-substituted alpha carbon in 2,6-diaminopyridine (DAP C3)"",
    ""functional_group"": ""2,6-diaminopyridine (DAP) ring carbon"",
    ""hybridization"": ""sp2"",
    ""example_molecule_smiles"": ""n1c(N)cccc1N"",
    ""group_smarts"": ""n1c(N)cccc1N"",
    ""atom_specific_smarts"": ""[cH;X3;r6]([c;r6][n;r6])[c;r6]"",
    ""description"": ""The C3 position in DAP: an aromatic carbon adjacent to the amino-bearing C2 and to the ring N."",
    ""uncertainty"": ""50""
  },
  {
    ""atom_type"": 317,
    ""element"": ""C"",
    ""chemical_environment"": ""aromatic carbon in 2,6-diaminopyridine para to the ring N (DAP C4)"",
    ""functional_group"": ""2,6-diaminopyridine (DAP) ring carbon"",
    ""hybridization"": ""sp2"",
    ""example_molecule_smiles"": ""n1c(N)cccc1N"",
    ""group_smarts"": ""n1c(N)cccc1N"",
    ""atom_specific_smarts"": ""[cH;X3;r6]([c;r6])[c;r6]"",
    ""description"": ""The C4 position in DAP: an internal ring carbon between two carbons, not bearing exocyclic substituents."",
    ""uncertainty"": ""60""
  },
  {
    ""atom_type"": 320,
    ""element"": ""C"",
    ""chemical_environment"": ""uracil C2 carbonyl carbon (imide carbonyl bound to two ring nitrogens)"",
    ""functional_group"": ""pyrimidine-2,4-dione (uracil) carbonyl"",
    ""hybridization"": ""sp2"",
    ""example_molecule_smiles"": ""O=c1[nH]cc(=O)[nH]1"",
    ""group_smarts"": ""[C;X3](=O)(-[n;r6])-[n;r6]"",
    ""atom_specific_smarts"": ""[C;X3;H0](=O)(-[n;r6])-[n;r6]"",
    ""description"": ""The C2 carbonyl carbon of uracil, bonded to two ring nitrogens (N1 and N3)."",
    ""uncertainty"": ""20""
  },
  {
    ""atom_type"": 322,
    ""element"": ""C"",
    ""chemical_environment"": ""uracil C4 carbonyl carbon (imide carbonyl bound to N3 and C5)"",
    ""functional_group"": ""pyrimidine-2,4-dione (uracil) carbonyl"",
    ""hybridization"": ""sp2"",
    ""example_molecule_smiles"": ""O=c1[nH]cc(=O)[nH]1"",
    ""group_smarts"": ""[C;X3](=O)(-[n;r6])-[c;r6]"",
    ""atom_specific_smarts"": ""[C;X3;H0](=O)(-[n;r6])-[c;r6]"",
    ""description"": ""The C4 carbonyl carbon of uracil, adjacent to N3 and ring carbon C5."",
    ""uncertainty"": ""20""
  },
  {
    ""atom_type"": 323,
    ""element"": ""C"",
    ""chemical_environment"": ""uracil C5 aromatic carbon between the C4 carbonyl and C6"",
    ""functional_group"": ""uracil ring carbon"",
    ""hybridization"": ""sp2"",
    ""example_molecule_smiles"": ""O=c1[nH]cc(=O)[nH]1"",
    ""group_smarts"": ""[cH;r6](-[C;X3](=O)-[n;r6])-[c;r6]"",
    ""atom_specific_smarts"": ""[cH;r6](-[C;X3](=O)-[n;r6])-[c;r6]"",
    ""description"": ""The C5 carbon in uracil, an sp2 ring carbon flanked by C4=O and C6."",
    ""uncertainty"": ""25""
  },
  {
    ""atom_type"": 324,
    ""element"": ""C"",
    ""chemical_environment"": ""uracil C6 aromatic carbon adjacent to N1 and C5"",
    ""functional_group"": ""uracil ring carbon"",
    ""hybridization"": ""sp2"",
    ""example_molecule_smiles"": ""O=c1[nH]cc(=O)[nH]1"",
    ""group_smarts"": ""[cH;r6](-[n;r6])-[c;r6]"",
    ""atom_specific_smarts"": ""[cH;r6](-[n;r6])-[c;r6]"",
    ""description"": ""The C6 carbon in uracil, bonded to N1 and C5 within the pyrimidine ring."",
    ""uncertainty"": ""25""
  },
  {
    ""atom_type"": 331,
    ""element"": ""C"",
    ""chemical_environment"": ""methyl carbon attached to C5 of thymine (5-methyluracil)"",
    ""functional_group"": ""thymine 5-methyl"",
    ""hybridization"": ""sp3"",
    ""example_molecule_smiles"": ""O=c1[nH]c(C)c(=O)[nH]1"",
    ""group_smarts"": ""[CH3X4]-[c;r6](-[C;X3](=O)-[n;r6])-[c;r6]"",
    ""atom_specific_smarts"": ""[CH3X4]-[c;r6](-[C;X3](=O)-[n;r6])-[c;r6]"",
    ""description"": ""The C5-methyl carbon on thymine, bonded to the C5 ring carbon of a uracil-like ring."",
    ""uncertainty"": ""20""
  },
  {
    ""atom_type"": 334,
    ""element"": ""C"",
    ""chemical_environment"": ""cytosine C2 carbonyl carbon (imide carbonyl bound to two ring nitrogens)"",
    ""functional_group"": ""pyrimidin-2-one (cytosine) carbonyl"",
    ""hybridization"": ""sp2"",
    ""example_molecule_smiles"": ""Nc1ncc(=O)[nH]1"",
    ""group_smarts"": ""[C;X3](=O)(-[n;r6])-[n;r6]"",
    ""atom_specific_smarts"": ""[C;X3;H0](=O)(-[n;r6])-[n;r6]"",
    ""description"": ""The C2 carbonyl carbon of cytosine, attached to both ring nitrogens (N1 and N3)."",
    ""uncertainty"": ""25""
  },
  {
    ""atom_type"": 336,
    ""element"": ""C"",
    ""chemical_environment"": ""cytosine C4 aromatic carbon bearing an exocyclic amino group"",
    ""functional_group"": ""cytosine ring carbon attached to –NH2"",
    ""hybridization"": ""sp2"",
    ""example_molecule_smiles"": ""Nc1ncc(=O)[nH]1"",
    ""group_smarts"": ""[cH0;X3;r6](-[NH2])-[n;r6]"",
    ""atom_specific_smarts"": ""[cH0;X3;r6](-[NH2])-[n;r6]"",
    ""description"": ""The C4 carbon in cytosine that carries the exocyclic amino substituent."",
    ""uncertainty"": ""25""
  },
  {
    ""atom_type"": 337,
    ""element"": ""C"",
    ""chemical_environment"": ""cytosine C5 aromatic carbon between C4(NH2) and C6"",
    ""functional_group"": ""cytosine ring carbon"",
    ""hybridization"": ""sp2"",
    ""example_molecule_smiles"": ""Nc1ncc(=O)[nH]1"",
    ""group_smarts"": ""[cH;r6](-[c;r6](-[NH2]))-[c;r6]"",
    ""atom_specific_smarts"": ""[cH;r6](-[c;r6](-[NH2]))-[c;r6]"",
    ""description"": ""The C5 ring carbon of cytosine, flanked by the amino-bearing C4 and C6."",
    ""uncertainty"": ""30""
  },
  {
    ""atom_type"": 338,
    ""element"": ""C"",
    ""chemical_environment"": ""cytosine C6 aromatic carbon adjacent to N1 and C5"",
    ""functional_group"": ""cytosine ring carbon"",
    ""hybridization"": ""sp2"",
    ""example_molecule_smiles"": ""Nc1ncc(=O)[nH]1"",
    ""group_smarts"": ""[cH;r6](-[n;r6])-[c;r6]"",
    ""atom_specific_smarts"": ""[cH;r6](-[n;r6])-[c;r6]"",
    ""description"": ""The C6 ring carbon in cytosine, bonded to N1 and C5 in the pyrimidine ring."",
    ""uncertainty"": ""30""
  },
  {
    ""atom_type"": 347,
    ""element"": ""C"",
    ""chemical_environment"": ""adenine C2 aromatic carbon in the six-membered ring, adjacent to two ring nitrogens"",
    ""functional_group"": ""adenine (6-aminopurine) ring carbon"",
    ""hybridization"": ""sp2"",
    ""example_molecule_smiles"": ""Nc1ncnc2ncccc12"",
    ""group_smarts"": ""[c;r6]([n;r5,r6])[n;r6]"",
    ""atom_specific_smarts"": ""[cH0;X3;r6]([n;r5,r6])[n;r6]"",
    ""description"": ""The C2 carbon in adenine, an sp2 ring carbon between N1 and N3 within the purine system."",
    ""uncertainty"": ""35""
  },
  {
    ""atom_type"": 349,
    ""element"": ""C"",
    ""chemical_environment"": ""adenine C4 aromatic carbon in the six-membered ring next to N3 and C5"",
    ""functional_group"": ""adenine (6-aminopurine) ring carbon"",
    ""hybridization"": ""sp2"",
    ""example_molecule_smiles"": ""Nc1ncnc2ncccc12"",
    ""group_smarts"": ""[c;r6]([n;r6])[c;r6]"",
    ""atom_specific_smarts"": ""[cH;X3;r6]([n;r6])[c;r6]"",
    ""description"": ""The C4 carbon in adenine, an sp2 ring carbon adjacent to N3 and C5 in the six-membered ring."",
    ""uncertainty"": ""40""
  },
  {
    ""atom_type"": 350,
    ""element"": ""C"",
    ""chemical_environment"": ""adenine C5 aromatic carbon in the six-membered ring fused to the five-membered imidazole (adjacent to N7)"",
    ""functional_group"": ""adenine (6-aminopurine) fused-ring carbon"",
    ""hybridization"": ""sp2"",
    ""example_molecule_smiles"": ""Nc1ncnc2ncccc12"",
    ""group_smarts"": ""[c;r6]([c;r6])[n;r5]"",
    ""atom_specific_smarts"": ""[cH;X3;r6]([c;r6])[n;r5]"",
    ""description"": ""The C5 carbon in adenine, an sp2 carbon of the six-membered ring bonded to the five-membered ring nitrogen (N7)."",
    ""uncertainty"": ""40""
  }
]"
317,-0.04,C  - CA   | DAP C4,12.011,oplsaa.lt,C,6,"Convert the following OPLS-AA atom type rows:

Atom Type Data:
- Atom index: 302
- Force field raw info: C  - CA   | C: guanidinium C+
- Partial charge: 0.64
- Atomic mass: 12.011
- Element guess: C
- Atomic number: 6
- Source file: oplsaa.lt


Atom Type Data:
- Atom index: 305
- Force field raw info: C  - CT   | C: CH3, methylguanidinium
- Partial charge: 0.2
- Atomic mass: 12.011
- Element guess: C
- Atomic number: 6
- Source file: oplsaa.lt


Atom Type Data:
- Atom index: 306
- Force field raw info: C  - CT   | C: CH3, ethylguanidinium
- Partial charge: -0.11
- Atomic mass: 12.011
- Element guess: C
- Atomic number: 6
- Source file: oplsaa.lt


Atom Type Data:
- Atom index: 307
- Force field raw info: C  - CT   | C: CH2(D), ARG, ethylguanidinium
- Partial charge: 0.19
- Atomic mass: 12.011
- Element guess: C
- Atomic number: 6
- Source file: oplsaa.lt


Atom Type Data:
- Atom index: 308
- Force field raw info: C  - CT   | C: CH2(G), ARG
- Partial charge: -0.05
- Atomic mass: 12.011
- Element guess: C
- Atomic number: 6
- Source file: oplsaa.lt


Atom Type Data:
- Atom index: 312
- Force field raw info: C  - CA   | DAP C2 pyridine
- Partial charge: 0.36
- Atomic mass: 12.011
- Element guess: C
- Atomic number: 6
- Source file: oplsaa.lt


Atom Type Data:
- Atom index: 315
- Force field raw info: C  - CA   | DAP C3
- Partial charge: -0.15
- Atomic mass: 12.011
- Element guess: C
- Atomic number: 6
- Source file: oplsaa.lt


Atom Type Data:
- Atom index: 317
- Force field raw info: C  - CA   | DAP C4
- Partial charge: -0.04
- Atomic mass: 12.011
- Element guess: C
- Atomic number: 6
- Source file: oplsaa.lt


Atom Type Data:
- Atom index: 320
- Force field raw info: C  - C~   | Uracil C2
- Partial charge: 0.5
- Atomic mass: 12.011
- Element guess: C
- Atomic number: 6
- Source file: oplsaa.lt


Atom Type Data:
- Atom index: 322
- Force field raw info: C  - C~   | Uracil C4
- Partial charge: 0.45
- Atomic mass: 12.011
- Element guess: C
- Atomic number: 6
- Source file: oplsaa.lt


Atom Type Data:
- Atom index: 323
- Force field raw info: C  - CM   | Uracil C5
- Partial charge: -0.07
- Atomic mass: 12.011
- Element guess: C
- Atomic number: 6
- Source file: oplsaa.lt


Atom Type Data:
- Atom index: 324
- Force field raw info: C  - CM   | Uracil C6
- Partial charge: 0.08
- Atomic mass: 12.011
- Element guess: C
- Atomic number: 6
- Source file: oplsaa.lt


Atom Type Data:
- Atom index: 331
- Force field raw info: C  - CT   | Thymine C-C5
- Partial charge: -0.14
- Atomic mass: 12.011
- Element guess: C
- Atomic number: 6
- Source file: oplsaa.lt


Atom Type Data:
- Atom index: 334
- Force field raw info: C  - C~   | Cytosine C2
- Partial charge: 0.55
- Atomic mass: 12.011
- Element guess: C
- Atomic number: 6
- Source file: oplsaa.lt


Atom Type Data:
- Atom index: 336
- Force field raw info: C  - CA   | Cytosine C4 Nucleotide base
- Partial charge: 0.46
- Atomic mass: 12.011
- Element guess: C
- Atomic number: 6
- Source file: oplsaa.lt


Atom Type Data:
- Atom index: 337
- Force field raw info: C  - CM   | Cytosine C5 parameters:
- Partial charge: -0.06
- Atomic mass: 12.011
- Element guess: C
- Atomic number: 6
- Source file: oplsaa.lt


Atom Type Data:
- Atom index: 338
- Force field raw info: C  - CM   | Cytosine C6 JACS,113,2810(1991)
- Partial charge: 0.1
- Atomic mass: 12.011
- Element guess: C
- Atomic number: 6
- Source file: oplsaa.lt


Atom Type Data:
- Atom index: 347
- Force field raw info: C  - CQ   | Adenine C2
- Partial charge: 0.22
- Atomic mass: 12.011
- Element guess: C
- Atomic number: 6
- Source file: oplsaa.lt


Atom Type Data:
- Atom index: 349
- Force field raw info: C  - CB   | Adenine C4
- Partial charge: 0.38
- Atomic mass: 12.011
- Element guess: C
- Atomic number: 6
- Source file: oplsaa.lt


Atom Type Data:
- Atom index: 350
- Force field raw info: C  - CB   | Adenine C5
- Partial charge: 0.15
- Atomic mass: 12.011
- Element guess: C
- Atomic number: 6
- Source file: oplsaa.lt
","[
  {
    ""atom_type"": 302,
    ""element"": ""C"",
    ""chemical_environment"": ""central sp2 carbon of a guanidinium (amidinium) group, bonded to three nitrogens (two single, one double)"",
    ""functional_group"": ""guanidinium (amidinium)"",
    ""hybridization"": ""sp2"",
    ""example_molecule_smiles"": ""NC(=NH)N"",
    ""group_smarts"": ""[N;X3]-[C;X3](=[N;X2,X3])(-[N;X3])"",
    ""atom_specific_smarts"": ""[C;X3;H0](=[N;X2,X3])(-[N;X3])-[N;X3]"",
    ""description"": ""The C+ center in guanidinium: the carbon bound to three nitrogens (resonance-stabilized amidinium center)."",
    ""uncertainty"": ""10""
  },
  {
    ""atom_type"": 305,
    ""element"": ""C"",
    ""chemical_environment"": ""terminal methyl carbon attached to a guanidinium nitrogen (N-alkyl guanidinium)"",
    ""functional_group"": ""N-methyl guanidinium"",
    ""hybridization"": ""sp3"",
    ""example_molecule_smiles"": ""CNC(=NH)N"",
    ""group_smarts"": ""[C;X4]-[N;X3]-[C;X3](=N)-[N;X3]"",
    ""atom_specific_smarts"": ""[CH3X4]-[N;X3]-[C;X3](=N)-[N;X3]"",
    ""description"": ""The methyl carbon directly bonded to a guanidinium nitrogen in methylguanidinium."",
    ""uncertainty"": ""15""
  },
  {
    ""atom_type"": 306,
    ""element"": ""C"",
    ""chemical_environment"": ""terminal methyl of an ethyl substituent attached to a guanidinium nitrogen"",
    ""functional_group"": ""N-ethyl guanidinium (terminal CH3)"",
    ""hybridization"": ""sp3"",
    ""example_molecule_smiles"": ""CCNC(=NH)N"",
    ""group_smarts"": ""[CH3X4]-[CH2X4]-[N;X3]-[C;X3](=N)-[N;X3]"",
    ""atom_specific_smarts"": ""[CH3X4]-[CH2X4]-[N;X3]-[C;X3](=N)-[N;X3]"",
    ""description"": ""The terminal CH3 group of an ethyl chain attached to a guanidinium nitrogen."",
    ""uncertainty"": ""15""
  },
  {
    ""atom_type"": 307,
    ""element"": ""C"",
    ""chemical_environment"": ""methylene carbon directly attached to a guanidinium nitrogen (Arg CD or ethylguanidinium CH2 next to N)"",
    ""functional_group"": ""N-alkyl guanidinium (alpha-CH2 to N)"",
    ""hybridization"": ""sp3"",
    ""example_molecule_smiles"": ""CCNC(=NH)N"",
    ""group_smarts"": ""[CH2X4]-[N;X3]-[C;X3](=N)-[N;X3]"",
    ""atom_specific_smarts"": ""[CH2X4]-[N;X3]-[C;X3](=N)-[N;X3]"",
    ""description"": ""The CH2 directly bonded to the guanidinium nitrogen (Arg CD or ethylguanidinium N-CH2)."",
    ""uncertainty"": ""15""
  },
  {
    ""atom_type"": 308,
    ""element"": ""C"",
    ""chemical_environment"": ""methylene carbon two bonds away from a guanidinium nitrogen (Arg CG)"",
    ""functional_group"": ""aliphatic chain leading to guanidinium (beta to N)"",
    ""hybridization"": ""sp3"",
    ""example_molecule_smiles"": ""NCCCN=C(N)N"",
    ""group_smarts"": ""[CH2X4]-[CH2X4]-[N;X3]-[C;X3](=N)-[N;X3]"",
    ""atom_specific_smarts"": ""[CH2X4]-[CH2X4]-[N;X3]-[C;X3](=N)-[N;X3]"",
    ""description"": ""The CH2 two atoms away from the guanidinium nitrogen in an arginine-like chain (gamma position)."",
    ""uncertainty"": ""15""
  },
  {
    ""atom_type"": 312,
    ""element"": ""C"",
    ""chemical_environment"": ""aromatic carbon alpha to ring N in pyridine bearing an exocyclic amino (DAP C2/C6 positions)"",
    ""functional_group"": ""2,6-diaminopyridine (DAP) ring carbon bearing NH2"",
    ""hybridization"": ""sp2"",
    ""example_molecule_smiles"": ""n1c(N)cccc1N"",
    ""group_smarts"": ""n1c(N)cccc1N"",
    ""atom_specific_smarts"": ""[cH0;X3;r6](-[NH2])[n;r6]"",
    ""description"": ""The C2 position in DAP: an aromatic carbon adjacent to ring N and substituted by an exocyclic –NH2."",
    ""uncertainty"": ""35""
  },
  {
    ""atom_type"": 315,
    ""element"": ""C"",
    ""chemical_environment"": ""aromatic carbon next to an amino-substituted alpha carbon in 2,6-diaminopyridine (DAP C3)"",
    ""functional_group"": ""2,6-diaminopyridine (DAP) ring carbon"",
    ""hybridization"": ""sp2"",
    ""example_molecule_smiles"": ""n1c(N)cccc1N"",
    ""group_smarts"": ""n1c(N)cccc1N"",
    ""atom_specific_smarts"": ""[cH;X3;r6]([c;r6][n;r6])[c;r6]"",
    ""description"": ""The C3 position in DAP: an aromatic carbon adjacent to the amino-bearing C2 and to the ring N."",
    ""uncertainty"": ""50""
  },
  {
    ""atom_type"": 317,
    ""element"": ""C"",
    ""chemical_environment"": ""aromatic carbon in 2,6-diaminopyridine para to the ring N (DAP C4)"",
    ""functional_group"": ""2,6-diaminopyridine (DAP) ring carbon"",
    ""hybridization"": ""sp2"",
    ""example_molecule_smiles"": ""n1c(N)cccc1N"",
    ""group_smarts"": ""n1c(N)cccc1N"",
    ""atom_specific_smarts"": ""[cH;X3;r6]([c;r6])[c;r6]"",
    ""description"": ""The C4 position in DAP: an internal ring carbon between two carbons, not bearing exocyclic substituents."",
    ""uncertainty"": ""60""
  },
  {
    ""atom_type"": 320,
    ""element"": ""C"",
    ""chemical_environment"": ""uracil C2 carbonyl carbon (imide carbonyl bound to two ring nitrogens)"",
    ""functional_group"": ""pyrimidine-2,4-dione (uracil) carbonyl"",
    ""hybridization"": ""sp2"",
    ""example_molecule_smiles"": ""O=c1[nH]cc(=O)[nH]1"",
    ""group_smarts"": ""[C;X3](=O)(-[n;r6])-[n;r6]"",
    ""atom_specific_smarts"": ""[C;X3;H0](=O)(-[n;r6])-[n;r6]"",
    ""description"": ""The C2 carbonyl carbon of uracil, bonded to two ring nitrogens (N1 and N3)."",
    ""uncertainty"": ""20""
  },
  {
    ""atom_type"": 322,
    ""element"": ""C"",
    ""chemical_environment"": ""uracil C4 carbonyl carbon (imide carbonyl bound to N3 and C5)"",
    ""functional_group"": ""pyrimidine-2,4-dione (uracil) carbonyl"",
    ""hybridization"": ""sp2"",
    ""example_molecule_smiles"": ""O=c1[nH]cc(=O)[nH]1"",
    ""group_smarts"": ""[C;X3](=O)(-[n;r6])-[c;r6]"",
    ""atom_specific_smarts"": ""[C;X3;H0](=O)(-[n;r6])-[c;r6]"",
    ""description"": ""The C4 carbonyl carbon of uracil, adjacent to N3 and ring carbon C5."",
    ""uncertainty"": ""20""
  },
  {
    ""atom_type"": 323,
    ""element"": ""C"",
    ""chemical_environment"": ""uracil C5 aromatic carbon between the C4 carbonyl and C6"",
    ""functional_group"": ""uracil ring carbon"",
    ""hybridization"": ""sp2"",
    ""example_molecule_smiles"": ""O=c1[nH]cc(=O)[nH]1"",
    ""group_smarts"": ""[cH;r6](-[C;X3](=O)-[n;r6])-[c;r6]"",
    ""atom_specific_smarts"": ""[cH;r6](-[C;X3](=O)-[n;r6])-[c;r6]"",
    ""description"": ""The C5 carbon in uracil, an sp2 ring carbon flanked by C4=O and C6."",
    ""uncertainty"": ""25""
  },
  {
    ""atom_type"": 324,
    ""element"": ""C"",
    ""chemical_environment"": ""uracil C6 aromatic carbon adjacent to N1 and C5"",
    ""functional_group"": ""uracil ring carbon"",
    ""hybridization"": ""sp2"",
    ""example_molecule_smiles"": ""O=c1[nH]cc(=O)[nH]1"",
    ""group_smarts"": ""[cH;r6](-[n;r6])-[c;r6]"",
    ""atom_specific_smarts"": ""[cH;r6](-[n;r6])-[c;r6]"",
    ""description"": ""The C6 carbon in uracil, bonded to N1 and C5 within the pyrimidine ring."",
    ""uncertainty"": ""25""
  },
  {
    ""atom_type"": 331,
    ""element"": ""C"",
    ""chemical_environment"": ""methyl carbon attached to C5 of thymine (5-methyluracil)"",
    ""functional_group"": ""thymine 5-methyl"",
    ""hybridization"": ""sp3"",
    ""example_molecule_smiles"": ""O=c1[nH]c(C)c(=O)[nH]1"",
    ""group_smarts"": ""[CH3X4]-[c;r6](-[C;X3](=O)-[n;r6])-[c;r6]"",
    ""atom_specific_smarts"": ""[CH3X4]-[c;r6](-[C;X3](=O)-[n;r6])-[c;r6]"",
    ""description"": ""The C5-methyl carbon on thymine, bonded to the C5 ring carbon of a uracil-like ring."",
    ""uncertainty"": ""20""
  },
  {
    ""atom_type"": 334,
    ""element"": ""C"",
    ""chemical_environment"": ""cytosine C2 carbonyl carbon (imide carbonyl bound to two ring nitrogens)"",
    ""functional_group"": ""pyrimidin-2-one (cytosine) carbonyl"",
    ""hybridization"": ""sp2"",
    ""example_molecule_smiles"": ""Nc1ncc(=O)[nH]1"",
    ""group_smarts"": ""[C;X3](=O)(-[n;r6])-[n;r6]"",
    ""atom_specific_smarts"": ""[C;X3;H0](=O)(-[n;r6])-[n;r6]"",
    ""description"": ""The C2 carbonyl carbon of cytosine, attached to both ring nitrogens (N1 and N3)."",
    ""uncertainty"": ""25""
  },
  {
    ""atom_type"": 336,
    ""element"": ""C"",
    ""chemical_environment"": ""cytosine C4 aromatic carbon bearing an exocyclic amino group"",
    ""functional_group"": ""cytosine ring carbon attached to –NH2"",
    ""hybridization"": ""sp2"",
    ""example_molecule_smiles"": ""Nc1ncc(=O)[nH]1"",
    ""group_smarts"": ""[cH0;X3;r6](-[NH2])-[n;r6]"",
    ""atom_specific_smarts"": ""[cH0;X3;r6](-[NH2])-[n;r6]"",
    ""description"": ""The C4 carbon in cytosine that carries the exocyclic amino substituent."",
    ""uncertainty"": ""25""
  },
  {
    ""atom_type"": 337,
    ""element"": ""C"",
    ""chemical_environment"": ""cytosine C5 aromatic carbon between C4(NH2) and C6"",
    ""functional_group"": ""cytosine ring carbon"",
    ""hybridization"": ""sp2"",
    ""example_molecule_smiles"": ""Nc1ncc(=O)[nH]1"",
    ""group_smarts"": ""[cH;r6](-[c;r6](-[NH2]))-[c;r6]"",
    ""atom_specific_smarts"": ""[cH;r6](-[c;r6](-[NH2]))-[c;r6]"",
    ""description"": ""The C5 ring carbon of cytosine, flanked by the amino-bearing C4 and C6."",
    ""uncertainty"": ""30""
  },
  {
    ""atom_type"": 338,
    ""element"": ""C"",
    ""chemical_environment"": ""cytosine C6 aromatic carbon adjacent to N1 and C5"",
    ""functional_group"": ""cytosine ring carbon"",
    ""hybridization"": ""sp2"",
    ""example_molecule_smiles"": ""Nc1ncc(=O)[nH]1"",
    ""group_smarts"": ""[cH;r6](-[n;r6])-[c;r6]"",
    ""atom_specific_smarts"": ""[cH;r6](-[n;r6])-[c;r6]"",
    ""description"": ""The C6 ring carbon in cytosine, bonded to N1 and C5 in the pyrimidine ring."",
    ""uncertainty"": ""30""
  },
  {
    ""atom_type"": 347,
    ""element"": ""C"",
    ""chemical_environment"": ""adenine C2 aromatic carbon in the six-membered ring, adjacent to two ring nitrogens"",
    ""functional_group"": ""adenine (6-aminopurine) ring carbon"",
    ""hybridization"": ""sp2"",
    ""example_molecule_smiles"": ""Nc1ncnc2ncccc12"",
    ""group_smarts"": ""[c;r6]([n;r5,r6])[n;r6]"",
    ""atom_specific_smarts"": ""[cH0;X3;r6]([n;r5,r6])[n;r6]"",
    ""description"": ""The C2 carbon in adenine, an sp2 ring carbon between N1 and N3 within the purine system."",
    ""uncertainty"": ""35""
  },
  {
    ""atom_type"": 349,
    ""element"": ""C"",
    ""chemical_environment"": ""adenine C4 aromatic carbon in the six-membered ring next to N3 and C5"",
    ""functional_group"": ""adenine (6-aminopurine) ring carbon"",
    ""hybridization"": ""sp2"",
    ""example_molecule_smiles"": ""Nc1ncnc2ncccc12"",
    ""group_smarts"": ""[c;r6]([n;r6])[c;r6]"",
    ""atom_specific_smarts"": ""[cH;X3;r6]([n;r6])[c;r6]"",
    ""description"": ""The C4 carbon in adenine, an sp2 ring carbon adjacent to N3 and C5 in the six-membered ring."",
    ""uncertainty"": ""40""
  },
  {
    ""atom_type"": 350,
    ""element"": ""C"",
    ""chemical_environment"": ""adenine C5 aromatic carbon in the six-membered ring fused to the five-membered imidazole (adjacent to N7)"",
    ""functional_group"": ""adenine (6-aminopurine) fused-ring carbon"",
    ""hybridization"": ""sp2"",
    ""example_molecule_smiles"": ""Nc1ncnc2ncccc12"",
    ""group_smarts"": ""[c;r6]([c;r6])[n;r5]"",
    ""atom_specific_smarts"": ""[cH;X3;r6]([c;r6])[n;r5]"",
    ""description"": ""The C5 carbon in adenine, an sp2 carbon of the six-membered ring bonded to the five-membered ring nitrogen (N7)."",
    ""uncertainty"": ""40""
  }
]"
320,0.5,C  - C~   | Uracil C2,12.011,oplsaa.lt,C,6,"Convert the following OPLS-AA atom type rows:

Atom Type Data:
- Atom index: 302
- Force field raw info: C  - CA   | C: guanidinium C+
- Partial charge: 0.64
- Atomic mass: 12.011
- Element guess: C
- Atomic number: 6
- Source file: oplsaa.lt


Atom Type Data:
- Atom index: 305
- Force field raw info: C  - CT   | C: CH3, methylguanidinium
- Partial charge: 0.2
- Atomic mass: 12.011
- Element guess: C
- Atomic number: 6
- Source file: oplsaa.lt


Atom Type Data:
- Atom index: 306
- Force field raw info: C  - CT   | C: CH3, ethylguanidinium
- Partial charge: -0.11
- Atomic mass: 12.011
- Element guess: C
- Atomic number: 6
- Source file: oplsaa.lt


Atom Type Data:
- Atom index: 307
- Force field raw info: C  - CT   | C: CH2(D), ARG, ethylguanidinium
- Partial charge: 0.19
- Atomic mass: 12.011
- Element guess: C
- Atomic number: 6
- Source file: oplsaa.lt


Atom Type Data:
- Atom index: 308
- Force field raw info: C  - CT   | C: CH2(G), ARG
- Partial charge: -0.05
- Atomic mass: 12.011
- Element guess: C
- Atomic number: 6
- Source file: oplsaa.lt


Atom Type Data:
- Atom index: 312
- Force field raw info: C  - CA   | DAP C2 pyridine
- Partial charge: 0.36
- Atomic mass: 12.011
- Element guess: C
- Atomic number: 6
- Source file: oplsaa.lt


Atom Type Data:
- Atom index: 315
- Force field raw info: C  - CA   | DAP C3
- Partial charge: -0.15
- Atomic mass: 12.011
- Element guess: C
- Atomic number: 6
- Source file: oplsaa.lt


Atom Type Data:
- Atom index: 317
- Force field raw info: C  - CA   | DAP C4
- Partial charge: -0.04
- Atomic mass: 12.011
- Element guess: C
- Atomic number: 6
- Source file: oplsaa.lt


Atom Type Data:
- Atom index: 320
- Force field raw info: C  - C~   | Uracil C2
- Partial charge: 0.5
- Atomic mass: 12.011
- Element guess: C
- Atomic number: 6
- Source file: oplsaa.lt


Atom Type Data:
- Atom index: 322
- Force field raw info: C  - C~   | Uracil C4
- Partial charge: 0.45
- Atomic mass: 12.011
- Element guess: C
- Atomic number: 6
- Source file: oplsaa.lt


Atom Type Data:
- Atom index: 323
- Force field raw info: C  - CM   | Uracil C5
- Partial charge: -0.07
- Atomic mass: 12.011
- Element guess: C
- Atomic number: 6
- Source file: oplsaa.lt


Atom Type Data:
- Atom index: 324
- Force field raw info: C  - CM   | Uracil C6
- Partial charge: 0.08
- Atomic mass: 12.011
- Element guess: C
- Atomic number: 6
- Source file: oplsaa.lt


Atom Type Data:
- Atom index: 331
- Force field raw info: C  - CT   | Thymine C-C5
- Partial charge: -0.14
- Atomic mass: 12.011
- Element guess: C
- Atomic number: 6
- Source file: oplsaa.lt


Atom Type Data:
- Atom index: 334
- Force field raw info: C  - C~   | Cytosine C2
- Partial charge: 0.55
- Atomic mass: 12.011
- Element guess: C
- Atomic number: 6
- Source file: oplsaa.lt


Atom Type Data:
- Atom index: 336
- Force field raw info: C  - CA   | Cytosine C4 Nucleotide base
- Partial charge: 0.46
- Atomic mass: 12.011
- Element guess: C
- Atomic number: 6
- Source file: oplsaa.lt


Atom Type Data:
- Atom index: 337
- Force field raw info: C  - CM   | Cytosine C5 parameters:
- Partial charge: -0.06
- Atomic mass: 12.011
- Element guess: C
- Atomic number: 6
- Source file: oplsaa.lt


Atom Type Data:
- Atom index: 338
- Force field raw info: C  - CM   | Cytosine C6 JACS,113,2810(1991)
- Partial charge: 0.1
- Atomic mass: 12.011
- Element guess: C
- Atomic number: 6
- Source file: oplsaa.lt


Atom Type Data:
- Atom index: 347
- Force field raw info: C  - CQ   | Adenine C2
- Partial charge: 0.22
- Atomic mass: 12.011
- Element guess: C
- Atomic number: 6
- Source file: oplsaa.lt


Atom Type Data:
- Atom index: 349
- Force field raw info: C  - CB   | Adenine C4
- Partial charge: 0.38
- Atomic mass: 12.011
- Element guess: C
- Atomic number: 6
- Source file: oplsaa.lt


Atom Type Data:
- Atom index: 350
- Force field raw info: C  - CB   | Adenine C5
- Partial charge: 0.15
- Atomic mass: 12.011
- Element guess: C
- Atomic number: 6
- Source file: oplsaa.lt
","[
  {
    ""atom_type"": 302,
    ""element"": ""C"",
    ""chemical_environment"": ""central sp2 carbon of a guanidinium (amidinium) group, bonded to three nitrogens (two single, one double)"",
    ""functional_group"": ""guanidinium (amidinium)"",
    ""hybridization"": ""sp2"",
    ""example_molecule_smiles"": ""NC(=NH)N"",
    ""group_smarts"": ""[N;X3]-[C;X3](=[N;X2,X3])(-[N;X3])"",
    ""atom_specific_smarts"": ""[C;X3;H0](=[N;X2,X3])(-[N;X3])-[N;X3]"",
    ""description"": ""The C+ center in guanidinium: the carbon bound to three nitrogens (resonance-stabilized amidinium center)."",
    ""uncertainty"": ""10""
  },
  {
    ""atom_type"": 305,
    ""element"": ""C"",
    ""chemical_environment"": ""terminal methyl carbon attached to a guanidinium nitrogen (N-alkyl guanidinium)"",
    ""functional_group"": ""N-methyl guanidinium"",
    ""hybridization"": ""sp3"",
    ""example_molecule_smiles"": ""CNC(=NH)N"",
    ""group_smarts"": ""[C;X4]-[N;X3]-[C;X3](=N)-[N;X3]"",
    ""atom_specific_smarts"": ""[CH3X4]-[N;X3]-[C;X3](=N)-[N;X3]"",
    ""description"": ""The methyl carbon directly bonded to a guanidinium nitrogen in methylguanidinium."",
    ""uncertainty"": ""15""
  },
  {
    ""atom_type"": 306,
    ""element"": ""C"",
    ""chemical_environment"": ""terminal methyl of an ethyl substituent attached to a guanidinium nitrogen"",
    ""functional_group"": ""N-ethyl guanidinium (terminal CH3)"",
    ""hybridization"": ""sp3"",
    ""example_molecule_smiles"": ""CCNC(=NH)N"",
    ""group_smarts"": ""[CH3X4]-[CH2X4]-[N;X3]-[C;X3](=N)-[N;X3]"",
    ""atom_specific_smarts"": ""[CH3X4]-[CH2X4]-[N;X3]-[C;X3](=N)-[N;X3]"",
    ""description"": ""The terminal CH3 group of an ethyl chain attached to a guanidinium nitrogen."",
    ""uncertainty"": ""15""
  },
  {
    ""atom_type"": 307,
    ""element"": ""C"",
    ""chemical_environment"": ""methylene carbon directly attached to a guanidinium nitrogen (Arg CD or ethylguanidinium CH2 next to N)"",
    ""functional_group"": ""N-alkyl guanidinium (alpha-CH2 to N)"",
    ""hybridization"": ""sp3"",
    ""example_molecule_smiles"": ""CCNC(=NH)N"",
    ""group_smarts"": ""[CH2X4]-[N;X3]-[C;X3](=N)-[N;X3]"",
    ""atom_specific_smarts"": ""[CH2X4]-[N;X3]-[C;X3](=N)-[N;X3]"",
    ""description"": ""The CH2 directly bonded to the guanidinium nitrogen (Arg CD or ethylguanidinium N-CH2)."",
    ""uncertainty"": ""15""
  },
  {
    ""atom_type"": 308,
    ""element"": ""C"",
    ""chemical_environment"": ""methylene carbon two bonds away from a guanidinium nitrogen (Arg CG)"",
    ""functional_group"": ""aliphatic chain leading to guanidinium (beta to N)"",
    ""hybridization"": ""sp3"",
    ""example_molecule_smiles"": ""NCCCN=C(N)N"",
    ""group_smarts"": ""[CH2X4]-[CH2X4]-[N;X3]-[C;X3](=N)-[N;X3]"",
    ""atom_specific_smarts"": ""[CH2X4]-[CH2X4]-[N;X3]-[C;X3](=N)-[N;X3]"",
    ""description"": ""The CH2 two atoms away from the guanidinium nitrogen in an arginine-like chain (gamma position)."",
    ""uncertainty"": ""15""
  },
  {
    ""atom_type"": 312,
    ""element"": ""C"",
    ""chemical_environment"": ""aromatic carbon alpha to ring N in pyridine bearing an exocyclic amino (DAP C2/C6 positions)"",
    ""functional_group"": ""2,6-diaminopyridine (DAP) ring carbon bearing NH2"",
    ""hybridization"": ""sp2"",
    ""example_molecule_smiles"": ""n1c(N)cccc1N"",
    ""group_smarts"": ""n1c(N)cccc1N"",
    ""atom_specific_smarts"": ""[cH0;X3;r6](-[NH2])[n;r6]"",
    ""description"": ""The C2 position in DAP: an aromatic carbon adjacent to ring N and substituted by an exocyclic –NH2."",
    ""uncertainty"": ""35""
  },
  {
    ""atom_type"": 315,
    ""element"": ""C"",
    ""chemical_environment"": ""aromatic carbon next to an amino-substituted alpha carbon in 2,6-diaminopyridine (DAP C3)"",
    ""functional_group"": ""2,6-diaminopyridine (DAP) ring carbon"",
    ""hybridization"": ""sp2"",
    ""example_molecule_smiles"": ""n1c(N)cccc1N"",
    ""group_smarts"": ""n1c(N)cccc1N"",
    ""atom_specific_smarts"": ""[cH;X3;r6]([c;r6][n;r6])[c;r6]"",
    ""description"": ""The C3 position in DAP: an aromatic carbon adjacent to the amino-bearing C2 and to the ring N."",
    ""uncertainty"": ""50""
  },
  {
    ""atom_type"": 317,
    ""element"": ""C"",
    ""chemical_environment"": ""aromatic carbon in 2,6-diaminopyridine para to the ring N (DAP C4)"",
    ""functional_group"": ""2,6-diaminopyridine (DAP) ring carbon"",
    ""hybridization"": ""sp2"",
    ""example_molecule_smiles"": ""n1c(N)cccc1N"",
    ""group_smarts"": ""n1c(N)cccc1N"",
    ""atom_specific_smarts"": ""[cH;X3;r6]([c;r6])[c;r6]"",
    ""description"": ""The C4 position in DAP: an internal ring carbon between two carbons, not bearing exocyclic substituents."",
    ""uncertainty"": ""60""
  },
  {
    ""atom_type"": 320,
    ""element"": ""C"",
    ""chemical_environment"": ""uracil C2 carbonyl carbon (imide carbonyl bound to two ring nitrogens)"",
    ""functional_group"": ""pyrimidine-2,4-dione (uracil) carbonyl"",
    ""hybridization"": ""sp2"",
    ""example_molecule_smiles"": ""O=c1[nH]cc(=O)[nH]1"",
    ""group_smarts"": ""[C;X3](=O)(-[n;r6])-[n;r6]"",
    ""atom_specific_smarts"": ""[C;X3;H0](=O)(-[n;r6])-[n;r6]"",
    ""description"": ""The C2 carbonyl carbon of uracil, bonded to two ring nitrogens (N1 and N3)."",
    ""uncertainty"": ""20""
  },
  {
    ""atom_type"": 322,
    ""element"": ""C"",
    ""chemical_environment"": ""uracil C4 carbonyl carbon (imide carbonyl bound to N3 and C5)"",
    ""functional_group"": ""pyrimidine-2,4-dione (uracil) carbonyl"",
    ""hybridization"": ""sp2"",
    ""example_molecule_smiles"": ""O=c1[nH]cc(=O)[nH]1"",
    ""group_smarts"": ""[C;X3](=O)(-[n;r6])-[c;r6]"",
    ""atom_specific_smarts"": ""[C;X3;H0](=O)(-[n;r6])-[c;r6]"",
    ""description"": ""The C4 carbonyl carbon of uracil, adjacent to N3 and ring carbon C5."",
    ""uncertainty"": ""20""
  },
  {
    ""atom_type"": 323,
    ""element"": ""C"",
    ""chemical_environment"": ""uracil C5 aromatic carbon between the C4 carbonyl and C6"",
    ""functional_group"": ""uracil ring carbon"",
    ""hybridization"": ""sp2"",
    ""example_molecule_smiles"": ""O=c1[nH]cc(=O)[nH]1"",
    ""group_smarts"": ""[cH;r6](-[C;X3](=O)-[n;r6])-[c;r6]"",
    ""atom_specific_smarts"": ""[cH;r6](-[C;X3](=O)-[n;r6])-[c;r6]"",
    ""description"": ""The C5 carbon in uracil, an sp2 ring carbon flanked by C4=O and C6."",
    ""uncertainty"": ""25""
  },
  {
    ""atom_type"": 324,
    ""element"": ""C"",
    ""chemical_environment"": ""uracil C6 aromatic carbon adjacent to N1 and C5"",
    ""functional_group"": ""uracil ring carbon"",
    ""hybridization"": ""sp2"",
    ""example_molecule_smiles"": ""O=c1[nH]cc(=O)[nH]1"",
    ""group_smarts"": ""[cH;r6](-[n;r6])-[c;r6]"",
    ""atom_specific_smarts"": ""[cH;r6](-[n;r6])-[c;r6]"",
    ""description"": ""The C6 carbon in uracil, bonded to N1 and C5 within the pyrimidine ring."",
    ""uncertainty"": ""25""
  },
  {
    ""atom_type"": 331,
    ""element"": ""C"",
    ""chemical_environment"": ""methyl carbon attached to C5 of thymine (5-methyluracil)"",
    ""functional_group"": ""thymine 5-methyl"",
    ""hybridization"": ""sp3"",
    ""example_molecule_smiles"": ""O=c1[nH]c(C)c(=O)[nH]1"",
    ""group_smarts"": ""[CH3X4]-[c;r6](-[C;X3](=O)-[n;r6])-[c;r6]"",
    ""atom_specific_smarts"": ""[CH3X4]-[c;r6](-[C;X3](=O)-[n;r6])-[c;r6]"",
    ""description"": ""The C5-methyl carbon on thymine, bonded to the C5 ring carbon of a uracil-like ring."",
    ""uncertainty"": ""20""
  },
  {
    ""atom_type"": 334,
    ""element"": ""C"",
    ""chemical_environment"": ""cytosine C2 carbonyl carbon (imide carbonyl bound to two ring nitrogens)"",
    ""functional_group"": ""pyrimidin-2-one (cytosine) carbonyl"",
    ""hybridization"": ""sp2"",
    ""example_molecule_smiles"": ""Nc1ncc(=O)[nH]1"",
    ""group_smarts"": ""[C;X3](=O)(-[n;r6])-[n;r6]"",
    ""atom_specific_smarts"": ""[C;X3;H0](=O)(-[n;r6])-[n;r6]"",
    ""description"": ""The C2 carbonyl carbon of cytosine, attached to both ring nitrogens (N1 and N3)."",
    ""uncertainty"": ""25""
  },
  {
    ""atom_type"": 336,
    ""element"": ""C"",
    ""chemical_environment"": ""cytosine C4 aromatic carbon bearing an exocyclic amino group"",
    ""functional_group"": ""cytosine ring carbon attached to –NH2"",
    ""hybridization"": ""sp2"",
    ""example_molecule_smiles"": ""Nc1ncc(=O)[nH]1"",
    ""group_smarts"": ""[cH0;X3;r6](-[NH2])-[n;r6]"",
    ""atom_specific_smarts"": ""[cH0;X3;r6](-[NH2])-[n;r6]"",
    ""description"": ""The C4 carbon in cytosine that carries the exocyclic amino substituent."",
    ""uncertainty"": ""25""
  },
  {
    ""atom_type"": 337,
    ""element"": ""C"",
    ""chemical_environment"": ""cytosine C5 aromatic carbon between C4(NH2) and C6"",
    ""functional_group"": ""cytosine ring carbon"",
    ""hybridization"": ""sp2"",
    ""example_molecule_smiles"": ""Nc1ncc(=O)[nH]1"",
    ""group_smarts"": ""[cH;r6](-[c;r6](-[NH2]))-[c;r6]"",
    ""atom_specific_smarts"": ""[cH;r6](-[c;r6](-[NH2]))-[c;r6]"",
    ""description"": ""The C5 ring carbon of cytosine, flanked by the amino-bearing C4 and C6."",
    ""uncertainty"": ""30""
  },
  {
    ""atom_type"": 338,
    ""element"": ""C"",
    ""chemical_environment"": ""cytosine C6 aromatic carbon adjacent to N1 and C5"",
    ""functional_group"": ""cytosine ring carbon"",
    ""hybridization"": ""sp2"",
    ""example_molecule_smiles"": ""Nc1ncc(=O)[nH]1"",
    ""group_smarts"": ""[cH;r6](-[n;r6])-[c;r6]"",
    ""atom_specific_smarts"": ""[cH;r6](-[n;r6])-[c;r6]"",
    ""description"": ""The C6 ring carbon in cytosine, bonded to N1 and C5 in the pyrimidine ring."",
    ""uncertainty"": ""30""
  },
  {
    ""atom_type"": 347,
    ""element"": ""C"",
    ""chemical_environment"": ""adenine C2 aromatic carbon in the six-membered ring, adjacent to two ring nitrogens"",
    ""functional_group"": ""adenine (6-aminopurine) ring carbon"",
    ""hybridization"": ""sp2"",
    ""example_molecule_smiles"": ""Nc1ncnc2ncccc12"",
    ""group_smarts"": ""[c;r6]([n;r5,r6])[n;r6]"",
    ""atom_specific_smarts"": ""[cH0;X3;r6]([n;r5,r6])[n;r6]"",
    ""description"": ""The C2 carbon in adenine, an sp2 ring carbon between N1 and N3 within the purine system."",
    ""uncertainty"": ""35""
  },
  {
    ""atom_type"": 349,
    ""element"": ""C"",
    ""chemical_environment"": ""adenine C4 aromatic carbon in the six-membered ring next to N3 and C5"",
    ""functional_group"": ""adenine (6-aminopurine) ring carbon"",
    ""hybridization"": ""sp2"",
    ""example_molecule_smiles"": ""Nc1ncnc2ncccc12"",
    ""group_smarts"": ""[c;r6]([n;r6])[c;r6]"",
    ""atom_specific_smarts"": ""[cH;X3;r6]([n;r6])[c;r6]"",
    ""description"": ""The C4 carbon in adenine, an sp2 ring carbon adjacent to N3 and C5 in the six-membered ring."",
    ""uncertainty"": ""40""
  },
  {
    ""atom_type"": 350,
    ""element"": ""C"",
    ""chemical_environment"": ""adenine C5 aromatic carbon in the six-membered ring fused to the five-membered imidazole (adjacent to N7)"",
    ""functional_group"": ""adenine (6-aminopurine) fused-ring carbon"",
    ""hybridization"": ""sp2"",
    ""example_molecule_smiles"": ""Nc1ncnc2ncccc12"",
    ""group_smarts"": ""[c;r6]([c;r6])[n;r5]"",
    ""atom_specific_smarts"": ""[cH;X3;r6]([c;r6])[n;r5]"",
    ""description"": ""The C5 carbon in adenine, an sp2 carbon of the six-membered ring bonded to the five-membered ring nitrogen (N7)."",
    ""uncertainty"": ""40""
  }
]"
322,0.45,C  - C~   | Uracil C4,12.011,oplsaa.lt,C,6,"Convert the following OPLS-AA atom type rows:

Atom Type Data:
- Atom index: 302
- Force field raw info: C  - CA   | C: guanidinium C+
- Partial charge: 0.64
- Atomic mass: 12.011
- Element guess: C
- Atomic number: 6
- Source file: oplsaa.lt


Atom Type Data:
- Atom index: 305
- Force field raw info: C  - CT   | C: CH3, methylguanidinium
- Partial charge: 0.2
- Atomic mass: 12.011
- Element guess: C
- Atomic number: 6
- Source file: oplsaa.lt


Atom Type Data:
- Atom index: 306
- Force field raw info: C  - CT   | C: CH3, ethylguanidinium
- Partial charge: -0.11
- Atomic mass: 12.011
- Element guess: C
- Atomic number: 6
- Source file: oplsaa.lt


Atom Type Data:
- Atom index: 307
- Force field raw info: C  - CT   | C: CH2(D), ARG, ethylguanidinium
- Partial charge: 0.19
- Atomic mass: 12.011
- Element guess: C
- Atomic number: 6
- Source file: oplsaa.lt


Atom Type Data:
- Atom index: 308
- Force field raw info: C  - CT   | C: CH2(G), ARG
- Partial charge: -0.05
- Atomic mass: 12.011
- Element guess: C
- Atomic number: 6
- Source file: oplsaa.lt


Atom Type Data:
- Atom index: 312
- Force field raw info: C  - CA   | DAP C2 pyridine
- Partial charge: 0.36
- Atomic mass: 12.011
- Element guess: C
- Atomic number: 6
- Source file: oplsaa.lt


Atom Type Data:
- Atom index: 315
- Force field raw info: C  - CA   | DAP C3
- Partial charge: -0.15
- Atomic mass: 12.011
- Element guess: C
- Atomic number: 6
- Source file: oplsaa.lt


Atom Type Data:
- Atom index: 317
- Force field raw info: C  - CA   | DAP C4
- Partial charge: -0.04
- Atomic mass: 12.011
- Element guess: C
- Atomic number: 6
- Source file: oplsaa.lt


Atom Type Data:
- Atom index: 320
- Force field raw info: C  - C~   | Uracil C2
- Partial charge: 0.5
- Atomic mass: 12.011
- Element guess: C
- Atomic number: 6
- Source file: oplsaa.lt


Atom Type Data:
- Atom index: 322
- Force field raw info: C  - C~   | Uracil C4
- Partial charge: 0.45
- Atomic mass: 12.011
- Element guess: C
- Atomic number: 6
- Source file: oplsaa.lt


Atom Type Data:
- Atom index: 323
- Force field raw info: C  - CM   | Uracil C5
- Partial charge: -0.07
- Atomic mass: 12.011
- Element guess: C
- Atomic number: 6
- Source file: oplsaa.lt


Atom Type Data:
- Atom index: 324
- Force field raw info: C  - CM   | Uracil C6
- Partial charge: 0.08
- Atomic mass: 12.011
- Element guess: C
- Atomic number: 6
- Source file: oplsaa.lt


Atom Type Data:
- Atom index: 331
- Force field raw info: C  - CT   | Thymine C-C5
- Partial charge: -0.14
- Atomic mass: 12.011
- Element guess: C
- Atomic number: 6
- Source file: oplsaa.lt


Atom Type Data:
- Atom index: 334
- Force field raw info: C  - C~   | Cytosine C2
- Partial charge: 0.55
- Atomic mass: 12.011
- Element guess: C
- Atomic number: 6
- Source file: oplsaa.lt


Atom Type Data:
- Atom index: 336
- Force field raw info: C  - CA   | Cytosine C4 Nucleotide base
- Partial charge: 0.46
- Atomic mass: 12.011
- Element guess: C
- Atomic number: 6
- Source file: oplsaa.lt


Atom Type Data:
- Atom index: 337
- Force field raw info: C  - CM   | Cytosine C5 parameters:
- Partial charge: -0.06
- Atomic mass: 12.011
- Element guess: C
- Atomic number: 6
- Source file: oplsaa.lt


Atom Type Data:
- Atom index: 338
- Force field raw info: C  - CM   | Cytosine C6 JACS,113,2810(1991)
- Partial charge: 0.1
- Atomic mass: 12.011
- Element guess: C
- Atomic number: 6
- Source file: oplsaa.lt


Atom Type Data:
- Atom index: 347
- Force field raw info: C  - CQ   | Adenine C2
- Partial charge: 0.22
- Atomic mass: 12.011
- Element guess: C
- Atomic number: 6
- Source file: oplsaa.lt


Atom Type Data:
- Atom index: 349
- Force field raw info: C  - CB   | Adenine C4
- Partial charge: 0.38
- Atomic mass: 12.011
- Element guess: C
- Atomic number: 6
- Source file: oplsaa.lt


Atom Type Data:
- Atom index: 350
- Force field raw info: C  - CB   | Adenine C5
- Partial charge: 0.15
- Atomic mass: 12.011
- Element guess: C
- Atomic number: 6
- Source file: oplsaa.lt
","[
  {
    ""atom_type"": 302,
    ""element"": ""C"",
    ""chemical_environment"": ""central sp2 carbon of a guanidinium (amidinium) group, bonded to three nitrogens (two single, one double)"",
    ""functional_group"": ""guanidinium (amidinium)"",
    ""hybridization"": ""sp2"",
    ""example_molecule_smiles"": ""NC(=NH)N"",
    ""group_smarts"": ""[N;X3]-[C;X3](=[N;X2,X3])(-[N;X3])"",
    ""atom_specific_smarts"": ""[C;X3;H0](=[N;X2,X3])(-[N;X3])-[N;X3]"",
    ""description"": ""The C+ center in guanidinium: the carbon bound to three nitrogens (resonance-stabilized amidinium center)."",
    ""uncertainty"": ""10""
  },
  {
    ""atom_type"": 305,
    ""element"": ""C"",
    ""chemical_environment"": ""terminal methyl carbon attached to a guanidinium nitrogen (N-alkyl guanidinium)"",
    ""functional_group"": ""N-methyl guanidinium"",
    ""hybridization"": ""sp3"",
    ""example_molecule_smiles"": ""CNC(=NH)N"",
    ""group_smarts"": ""[C;X4]-[N;X3]-[C;X3](=N)-[N;X3]"",
    ""atom_specific_smarts"": ""[CH3X4]-[N;X3]-[C;X3](=N)-[N;X3]"",
    ""description"": ""The methyl carbon directly bonded to a guanidinium nitrogen in methylguanidinium."",
    ""uncertainty"": ""15""
  },
  {
    ""atom_type"": 306,
    ""element"": ""C"",
    ""chemical_environment"": ""terminal methyl of an ethyl substituent attached to a guanidinium nitrogen"",
    ""functional_group"": ""N-ethyl guanidinium (terminal CH3)"",
    ""hybridization"": ""sp3"",
    ""example_molecule_smiles"": ""CCNC(=NH)N"",
    ""group_smarts"": ""[CH3X4]-[CH2X4]-[N;X3]-[C;X3](=N)-[N;X3]"",
    ""atom_specific_smarts"": ""[CH3X4]-[CH2X4]-[N;X3]-[C;X3](=N)-[N;X3]"",
    ""description"": ""The terminal CH3 group of an ethyl chain attached to a guanidinium nitrogen."",
    ""uncertainty"": ""15""
  },
  {
    ""atom_type"": 307,
    ""element"": ""C"",
    ""chemical_environment"": ""methylene carbon directly attached to a guanidinium nitrogen (Arg CD or ethylguanidinium CH2 next to N)"",
    ""functional_group"": ""N-alkyl guanidinium (alpha-CH2 to N)"",
    ""hybridization"": ""sp3"",
    ""example_molecule_smiles"": ""CCNC(=NH)N"",
    ""group_smarts"": ""[CH2X4]-[N;X3]-[C;X3](=N)-[N;X3]"",
    ""atom_specific_smarts"": ""[CH2X4]-[N;X3]-[C;X3](=N)-[N;X3]"",
    ""description"": ""The CH2 directly bonded to the guanidinium nitrogen (Arg CD or ethylguanidinium N-CH2)."",
    ""uncertainty"": ""15""
  },
  {
    ""atom_type"": 308,
    ""element"": ""C"",
    ""chemical_environment"": ""methylene carbon two bonds away from a guanidinium nitrogen (Arg CG)"",
    ""functional_group"": ""aliphatic chain leading to guanidinium (beta to N)"",
    ""hybridization"": ""sp3"",
    ""example_molecule_smiles"": ""NCCCN=C(N)N"",
    ""group_smarts"": ""[CH2X4]-[CH2X4]-[N;X3]-[C;X3](=N)-[N;X3]"",
    ""atom_specific_smarts"": ""[CH2X4]-[CH2X4]-[N;X3]-[C;X3](=N)-[N;X3]"",
    ""description"": ""The CH2 two atoms away from the guanidinium nitrogen in an arginine-like chain (gamma position)."",
    ""uncertainty"": ""15""
  },
  {
    ""atom_type"": 312,
    ""element"": ""C"",
    ""chemical_environment"": ""aromatic carbon alpha to ring N in pyridine bearing an exocyclic amino (DAP C2/C6 positions)"",
    ""functional_group"": ""2,6-diaminopyridine (DAP) ring carbon bearing NH2"",
    ""hybridization"": ""sp2"",
    ""example_molecule_smiles"": ""n1c(N)cccc1N"",
    ""group_smarts"": ""n1c(N)cccc1N"",
    ""atom_specific_smarts"": ""[cH0;X3;r6](-[NH2])[n;r6]"",
    ""description"": ""The C2 position in DAP: an aromatic carbon adjacent to ring N and substituted by an exocyclic –NH2."",
    ""uncertainty"": ""35""
  },
  {
    ""atom_type"": 315,
    ""element"": ""C"",
    ""chemical_environment"": ""aromatic carbon next to an amino-substituted alpha carbon in 2,6-diaminopyridine (DAP C3)"",
    ""functional_group"": ""2,6-diaminopyridine (DAP) ring carbon"",
    ""hybridization"": ""sp2"",
    ""example_molecule_smiles"": ""n1c(N)cccc1N"",
    ""group_smarts"": ""n1c(N)cccc1N"",
    ""atom_specific_smarts"": ""[cH;X3;r6]([c;r6][n;r6])[c;r6]"",
    ""description"": ""The C3 position in DAP: an aromatic carbon adjacent to the amino-bearing C2 and to the ring N."",
    ""uncertainty"": ""50""
  },
  {
    ""atom_type"": 317,
    ""element"": ""C"",
    ""chemical_environment"": ""aromatic carbon in 2,6-diaminopyridine para to the ring N (DAP C4)"",
    ""functional_group"": ""2,6-diaminopyridine (DAP) ring carbon"",
    ""hybridization"": ""sp2"",
    ""example_molecule_smiles"": ""n1c(N)cccc1N"",
    ""group_smarts"": ""n1c(N)cccc1N"",
    ""atom_specific_smarts"": ""[cH;X3;r6]([c;r6])[c;r6]"",
    ""description"": ""The C4 position in DAP: an internal ring carbon between two carbons, not bearing exocyclic substituents."",
    ""uncertainty"": ""60""
  },
  {
    ""atom_type"": 320,
    ""element"": ""C"",
    ""chemical_environment"": ""uracil C2 carbonyl carbon (imide carbonyl bound to two ring nitrogens)"",
    ""functional_group"": ""pyrimidine-2,4-dione (uracil) carbonyl"",
    ""hybridization"": ""sp2"",
    ""example_molecule_smiles"": ""O=c1[nH]cc(=O)[nH]1"",
    ""group_smarts"": ""[C;X3](=O)(-[n;r6])-[n;r6]"",
    ""atom_specific_smarts"": ""[C;X3;H0](=O)(-[n;r6])-[n;r6]"",
    ""description"": ""The C2 carbonyl carbon of uracil, bonded to two ring nitrogens (N1 and N3)."",
    ""uncertainty"": ""20""
  },
  {
    ""atom_type"": 322,
    ""element"": ""C"",
    ""chemical_environment"": ""uracil C4 carbonyl carbon (imide carbonyl bound to N3 and C5)"",
    ""functional_group"": ""pyrimidine-2,4-dione (uracil) carbonyl"",
    ""hybridization"": ""sp2"",
    ""example_molecule_smiles"": ""O=c1[nH]cc(=O)[nH]1"",
    ""group_smarts"": ""[C;X3](=O)(-[n;r6])-[c;r6]"",
    ""atom_specific_smarts"": ""[C;X3;H0](=O)(-[n;r6])-[c;r6]"",
    ""description"": ""The C4 carbonyl carbon of uracil, adjacent to N3 and ring carbon C5."",
    ""uncertainty"": ""20""
  },
  {
    ""atom_type"": 323,
    ""element"": ""C"",
    ""chemical_environment"": ""uracil C5 aromatic carbon between the C4 carbonyl and C6"",
    ""functional_group"": ""uracil ring carbon"",
    ""hybridization"": ""sp2"",
    ""example_molecule_smiles"": ""O=c1[nH]cc(=O)[nH]1"",
    ""group_smarts"": ""[cH;r6](-[C;X3](=O)-[n;r6])-[c;r6]"",
    ""atom_specific_smarts"": ""[cH;r6](-[C;X3](=O)-[n;r6])-[c;r6]"",
    ""description"": ""The C5 carbon in uracil, an sp2 ring carbon flanked by C4=O and C6."",
    ""uncertainty"": ""25""
  },
  {
    ""atom_type"": 324,
    ""element"": ""C"",
    ""chemical_environment"": ""uracil C6 aromatic carbon adjacent to N1 and C5"",
    ""functional_group"": ""uracil ring carbon"",
    ""hybridization"": ""sp2"",
    ""example_molecule_smiles"": ""O=c1[nH]cc(=O)[nH]1"",
    ""group_smarts"": ""[cH;r6](-[n;r6])-[c;r6]"",
    ""atom_specific_smarts"": ""[cH;r6](-[n;r6])-[c;r6]"",
    ""description"": ""The C6 carbon in uracil, bonded to N1 and C5 within the pyrimidine ring."",
    ""uncertainty"": ""25""
  },
  {
    ""atom_type"": 331,
    ""element"": ""C"",
    ""chemical_environment"": ""methyl carbon attached to C5 of thymine (5-methyluracil)"",
    ""functional_group"": ""thymine 5-methyl"",
    ""hybridization"": ""sp3"",
    ""example_molecule_smiles"": ""O=c1[nH]c(C)c(=O)[nH]1"",
    ""group_smarts"": ""[CH3X4]-[c;r6](-[C;X3](=O)-[n;r6])-[c;r6]"",
    ""atom_specific_smarts"": ""[CH3X4]-[c;r6](-[C;X3](=O)-[n;r6])-[c;r6]"",
    ""description"": ""The C5-methyl carbon on thymine, bonded to the C5 ring carbon of a uracil-like ring."",
    ""uncertainty"": ""20""
  },
  {
    ""atom_type"": 334,
    ""element"": ""C"",
    ""chemical_environment"": ""cytosine C2 carbonyl carbon (imide carbonyl bound to two ring nitrogens)"",
    ""functional_group"": ""pyrimidin-2-one (cytosine) carbonyl"",
    ""hybridization"": ""sp2"",
    ""example_molecule_smiles"": ""Nc1ncc(=O)[nH]1"",
    ""group_smarts"": ""[C;X3](=O)(-[n;r6])-[n;r6]"",
    ""atom_specific_smarts"": ""[C;X3;H0](=O)(-[n;r6])-[n;r6]"",
    ""description"": ""The C2 carbonyl carbon of cytosine, attached to both ring nitrogens (N1 and N3)."",
    ""uncertainty"": ""25""
  },
  {
    ""atom_type"": 336,
    ""element"": ""C"",
    ""chemical_environment"": ""cytosine C4 aromatic carbon bearing an exocyclic amino group"",
    ""functional_group"": ""cytosine ring carbon attached to –NH2"",
    ""hybridization"": ""sp2"",
    ""example_molecule_smiles"": ""Nc1ncc(=O)[nH]1"",
    ""group_smarts"": ""[cH0;X3;r6](-[NH2])-[n;r6]"",
    ""atom_specific_smarts"": ""[cH0;X3;r6](-[NH2])-[n;r6]"",
    ""description"": ""The C4 carbon in cytosine that carries the exocyclic amino substituent."",
    ""uncertainty"": ""25""
  },
  {
    ""atom_type"": 337,
    ""element"": ""C"",
    ""chemical_environment"": ""cytosine C5 aromatic carbon between C4(NH2) and C6"",
    ""functional_group"": ""cytosine ring carbon"",
    ""hybridization"": ""sp2"",
    ""example_molecule_smiles"": ""Nc1ncc(=O)[nH]1"",
    ""group_smarts"": ""[cH;r6](-[c;r6](-[NH2]))-[c;r6]"",
    ""atom_specific_smarts"": ""[cH;r6](-[c;r6](-[NH2]))-[c;r6]"",
    ""description"": ""The C5 ring carbon of cytosine, flanked by the amino-bearing C4 and C6."",
    ""uncertainty"": ""30""
  },
  {
    ""atom_type"": 338,
    ""element"": ""C"",
    ""chemical_environment"": ""cytosine C6 aromatic carbon adjacent to N1 and C5"",
    ""functional_group"": ""cytosine ring carbon"",
    ""hybridization"": ""sp2"",
    ""example_molecule_smiles"": ""Nc1ncc(=O)[nH]1"",
    ""group_smarts"": ""[cH;r6](-[n;r6])-[c;r6]"",
    ""atom_specific_smarts"": ""[cH;r6](-[n;r6])-[c;r6]"",
    ""description"": ""The C6 ring carbon in cytosine, bonded to N1 and C5 in the pyrimidine ring."",
    ""uncertainty"": ""30""
  },
  {
    ""atom_type"": 347,
    ""element"": ""C"",
    ""chemical_environment"": ""adenine C2 aromatic carbon in the six-membered ring, adjacent to two ring nitrogens"",
    ""functional_group"": ""adenine (6-aminopurine) ring carbon"",
    ""hybridization"": ""sp2"",
    ""example_molecule_smiles"": ""Nc1ncnc2ncccc12"",
    ""group_smarts"": ""[c;r6]([n;r5,r6])[n;r6]"",
    ""atom_specific_smarts"": ""[cH0;X3;r6]([n;r5,r6])[n;r6]"",
    ""description"": ""The C2 carbon in adenine, an sp2 ring carbon between N1 and N3 within the purine system."",
    ""uncertainty"": ""35""
  },
  {
    ""atom_type"": 349,
    ""element"": ""C"",
    ""chemical_environment"": ""adenine C4 aromatic carbon in the six-membered ring next to N3 and C5"",
    ""functional_group"": ""adenine (6-aminopurine) ring carbon"",
    ""hybridization"": ""sp2"",
    ""example_molecule_smiles"": ""Nc1ncnc2ncccc12"",
    ""group_smarts"": ""[c;r6]([n;r6])[c;r6]"",
    ""atom_specific_smarts"": ""[cH;X3;r6]([n;r6])[c;r6]"",
    ""description"": ""The C4 carbon in adenine, an sp2 ring carbon adjacent to N3 and C5 in the six-membered ring."",
    ""uncertainty"": ""40""
  },
  {
    ""atom_type"": 350,
    ""element"": ""C"",
    ""chemical_environment"": ""adenine C5 aromatic carbon in the six-membered ring fused to the five-membered imidazole (adjacent to N7)"",
    ""functional_group"": ""adenine (6-aminopurine) fused-ring carbon"",
    ""hybridization"": ""sp2"",
    ""example_molecule_smiles"": ""Nc1ncnc2ncccc12"",
    ""group_smarts"": ""[c;r6]([c;r6])[n;r5]"",
    ""atom_specific_smarts"": ""[cH;X3;r6]([c;r6])[n;r5]"",
    ""description"": ""The C5 carbon in adenine, an sp2 carbon of the six-membered ring bonded to the five-membered ring nitrogen (N7)."",
    ""uncertainty"": ""40""
  }
]"
323,-0.07,C  - CM   | Uracil C5,12.011,oplsaa.lt,C,6,"Convert the following OPLS-AA atom type rows:

Atom Type Data:
- Atom index: 302
- Force field raw info: C  - CA   | C: guanidinium C+
- Partial charge: 0.64
- Atomic mass: 12.011
- Element guess: C
- Atomic number: 6
- Source file: oplsaa.lt


Atom Type Data:
- Atom index: 305
- Force field raw info: C  - CT   | C: CH3, methylguanidinium
- Partial charge: 0.2
- Atomic mass: 12.011
- Element guess: C
- Atomic number: 6
- Source file: oplsaa.lt


Atom Type Data:
- Atom index: 306
- Force field raw info: C  - CT   | C: CH3, ethylguanidinium
- Partial charge: -0.11
- Atomic mass: 12.011
- Element guess: C
- Atomic number: 6
- Source file: oplsaa.lt


Atom Type Data:
- Atom index: 307
- Force field raw info: C  - CT   | C: CH2(D), ARG, ethylguanidinium
- Partial charge: 0.19
- Atomic mass: 12.011
- Element guess: C
- Atomic number: 6
- Source file: oplsaa.lt


Atom Type Data:
- Atom index: 308
- Force field raw info: C  - CT   | C: CH2(G), ARG
- Partial charge: -0.05
- Atomic mass: 12.011
- Element guess: C
- Atomic number: 6
- Source file: oplsaa.lt


Atom Type Data:
- Atom index: 312
- Force field raw info: C  - CA   | DAP C2 pyridine
- Partial charge: 0.36
- Atomic mass: 12.011
- Element guess: C
- Atomic number: 6
- Source file: oplsaa.lt


Atom Type Data:
- Atom index: 315
- Force field raw info: C  - CA   | DAP C3
- Partial charge: -0.15
- Atomic mass: 12.011
- Element guess: C
- Atomic number: 6
- Source file: oplsaa.lt


Atom Type Data:
- Atom index: 317
- Force field raw info: C  - CA   | DAP C4
- Partial charge: -0.04
- Atomic mass: 12.011
- Element guess: C
- Atomic number: 6
- Source file: oplsaa.lt


Atom Type Data:
- Atom index: 320
- Force field raw info: C  - C~   | Uracil C2
- Partial charge: 0.5
- Atomic mass: 12.011
- Element guess: C
- Atomic number: 6
- Source file: oplsaa.lt


Atom Type Data:
- Atom index: 322
- Force field raw info: C  - C~   | Uracil C4
- Partial charge: 0.45
- Atomic mass: 12.011
- Element guess: C
- Atomic number: 6
- Source file: oplsaa.lt


Atom Type Data:
- Atom index: 323
- Force field raw info: C  - CM   | Uracil C5
- Partial charge: -0.07
- Atomic mass: 12.011
- Element guess: C
- Atomic number: 6
- Source file: oplsaa.lt


Atom Type Data:
- Atom index: 324
- Force field raw info: C  - CM   | Uracil C6
- Partial charge: 0.08
- Atomic mass: 12.011
- Element guess: C
- Atomic number: 6
- Source file: oplsaa.lt


Atom Type Data:
- Atom index: 331
- Force field raw info: C  - CT   | Thymine C-C5
- Partial charge: -0.14
- Atomic mass: 12.011
- Element guess: C
- Atomic number: 6
- Source file: oplsaa.lt


Atom Type Data:
- Atom index: 334
- Force field raw info: C  - C~   | Cytosine C2
- Partial charge: 0.55
- Atomic mass: 12.011
- Element guess: C
- Atomic number: 6
- Source file: oplsaa.lt


Atom Type Data:
- Atom index: 336
- Force field raw info: C  - CA   | Cytosine C4 Nucleotide base
- Partial charge: 0.46
- Atomic mass: 12.011
- Element guess: C
- Atomic number: 6
- Source file: oplsaa.lt


Atom Type Data:
- Atom index: 337
- Force field raw info: C  - CM   | Cytosine C5 parameters:
- Partial charge: -0.06
- Atomic mass: 12.011
- Element guess: C
- Atomic number: 6
- Source file: oplsaa.lt


Atom Type Data:
- Atom index: 338
- Force field raw info: C  - CM   | Cytosine C6 JACS,113,2810(1991)
- Partial charge: 0.1
- Atomic mass: 12.011
- Element guess: C
- Atomic number: 6
- Source file: oplsaa.lt


Atom Type Data:
- Atom index: 347
- Force field raw info: C  - CQ   | Adenine C2
- Partial charge: 0.22
- Atomic mass: 12.011
- Element guess: C
- Atomic number: 6
- Source file: oplsaa.lt


Atom Type Data:
- Atom index: 349
- Force field raw info: C  - CB   | Adenine C4
- Partial charge: 0.38
- Atomic mass: 12.011
- Element guess: C
- Atomic number: 6
- Source file: oplsaa.lt


Atom Type Data:
- Atom index: 350
- Force field raw info: C  - CB   | Adenine C5
- Partial charge: 0.15
- Atomic mass: 12.011
- Element guess: C
- Atomic number: 6
- Source file: oplsaa.lt
","[
  {
    ""atom_type"": 302,
    ""element"": ""C"",
    ""chemical_environment"": ""central sp2 carbon of a guanidinium (amidinium) group, bonded to three nitrogens (two single, one double)"",
    ""functional_group"": ""guanidinium (amidinium)"",
    ""hybridization"": ""sp2"",
    ""example_molecule_smiles"": ""NC(=NH)N"",
    ""group_smarts"": ""[N;X3]-[C;X3](=[N;X2,X3])(-[N;X3])"",
    ""atom_specific_smarts"": ""[C;X3;H0](=[N;X2,X3])(-[N;X3])-[N;X3]"",
    ""description"": ""The C+ center in guanidinium: the carbon bound to three nitrogens (resonance-stabilized amidinium center)."",
    ""uncertainty"": ""10""
  },
  {
    ""atom_type"": 305,
    ""element"": ""C"",
    ""chemical_environment"": ""terminal methyl carbon attached to a guanidinium nitrogen (N-alkyl guanidinium)"",
    ""functional_group"": ""N-methyl guanidinium"",
    ""hybridization"": ""sp3"",
    ""example_molecule_smiles"": ""CNC(=NH)N"",
    ""group_smarts"": ""[C;X4]-[N;X3]-[C;X3](=N)-[N;X3]"",
    ""atom_specific_smarts"": ""[CH3X4]-[N;X3]-[C;X3](=N)-[N;X3]"",
    ""description"": ""The methyl carbon directly bonded to a guanidinium nitrogen in methylguanidinium."",
    ""uncertainty"": ""15""
  },
  {
    ""atom_type"": 306,
    ""element"": ""C"",
    ""chemical_environment"": ""terminal methyl of an ethyl substituent attached to a guanidinium nitrogen"",
    ""functional_group"": ""N-ethyl guanidinium (terminal CH3)"",
    ""hybridization"": ""sp3"",
    ""example_molecule_smiles"": ""CCNC(=NH)N"",
    ""group_smarts"": ""[CH3X4]-[CH2X4]-[N;X3]-[C;X3](=N)-[N;X3]"",
    ""atom_specific_smarts"": ""[CH3X4]-[CH2X4]-[N;X3]-[C;X3](=N)-[N;X3]"",
    ""description"": ""The terminal CH3 group of an ethyl chain attached to a guanidinium nitrogen."",
    ""uncertainty"": ""15""
  },
  {
    ""atom_type"": 307,
    ""element"": ""C"",
    ""chemical_environment"": ""methylene carbon directly attached to a guanidinium nitrogen (Arg CD or ethylguanidinium CH2 next to N)"",
    ""functional_group"": ""N-alkyl guanidinium (alpha-CH2 to N)"",
    ""hybridization"": ""sp3"",
    ""example_molecule_smiles"": ""CCNC(=NH)N"",
    ""group_smarts"": ""[CH2X4]-[N;X3]-[C;X3](=N)-[N;X3]"",
    ""atom_specific_smarts"": ""[CH2X4]-[N;X3]-[C;X3](=N)-[N;X3]"",
    ""description"": ""The CH2 directly bonded to the guanidinium nitrogen (Arg CD or ethylguanidinium N-CH2)."",
    ""uncertainty"": ""15""
  },
  {
    ""atom_type"": 308,
    ""element"": ""C"",
    ""chemical_environment"": ""methylene carbon two bonds away from a guanidinium nitrogen (Arg CG)"",
    ""functional_group"": ""aliphatic chain leading to guanidinium (beta to N)"",
    ""hybridization"": ""sp3"",
    ""example_molecule_smiles"": ""NCCCN=C(N)N"",
    ""group_smarts"": ""[CH2X4]-[CH2X4]-[N;X3]-[C;X3](=N)-[N;X3]"",
    ""atom_specific_smarts"": ""[CH2X4]-[CH2X4]-[N;X3]-[C;X3](=N)-[N;X3]"",
    ""description"": ""The CH2 two atoms away from the guanidinium nitrogen in an arginine-like chain (gamma position)."",
    ""uncertainty"": ""15""
  },
  {
    ""atom_type"": 312,
    ""element"": ""C"",
    ""chemical_environment"": ""aromatic carbon alpha to ring N in pyridine bearing an exocyclic amino (DAP C2/C6 positions)"",
    ""functional_group"": ""2,6-diaminopyridine (DAP) ring carbon bearing NH2"",
    ""hybridization"": ""sp2"",
    ""example_molecule_smiles"": ""n1c(N)cccc1N"",
    ""group_smarts"": ""n1c(N)cccc1N"",
    ""atom_specific_smarts"": ""[cH0;X3;r6](-[NH2])[n;r6]"",
    ""description"": ""The C2 position in DAP: an aromatic carbon adjacent to ring N and substituted by an exocyclic –NH2."",
    ""uncertainty"": ""35""
  },
  {
    ""atom_type"": 315,
    ""element"": ""C"",
    ""chemical_environment"": ""aromatic carbon next to an amino-substituted alpha carbon in 2,6-diaminopyridine (DAP C3)"",
    ""functional_group"": ""2,6-diaminopyridine (DAP) ring carbon"",
    ""hybridization"": ""sp2"",
    ""example_molecule_smiles"": ""n1c(N)cccc1N"",
    ""group_smarts"": ""n1c(N)cccc1N"",
    ""atom_specific_smarts"": ""[cH;X3;r6]([c;r6][n;r6])[c;r6]"",
    ""description"": ""The C3 position in DAP: an aromatic carbon adjacent to the amino-bearing C2 and to the ring N."",
    ""uncertainty"": ""50""
  },
  {
    ""atom_type"": 317,
    ""element"": ""C"",
    ""chemical_environment"": ""aromatic carbon in 2,6-diaminopyridine para to the ring N (DAP C4)"",
    ""functional_group"": ""2,6-diaminopyridine (DAP) ring carbon"",
    ""hybridization"": ""sp2"",
    ""example_molecule_smiles"": ""n1c(N)cccc1N"",
    ""group_smarts"": ""n1c(N)cccc1N"",
    ""atom_specific_smarts"": ""[cH;X3;r6]([c;r6])[c;r6]"",
    ""description"": ""The C4 position in DAP: an internal ring carbon between two carbons, not bearing exocyclic substituents."",
    ""uncertainty"": ""60""
  },
  {
    ""atom_type"": 320,
    ""element"": ""C"",
    ""chemical_environment"": ""uracil C2 carbonyl carbon (imide carbonyl bound to two ring nitrogens)"",
    ""functional_group"": ""pyrimidine-2,4-dione (uracil) carbonyl"",
    ""hybridization"": ""sp2"",
    ""example_molecule_smiles"": ""O=c1[nH]cc(=O)[nH]1"",
    ""group_smarts"": ""[C;X3](=O)(-[n;r6])-[n;r6]"",
    ""atom_specific_smarts"": ""[C;X3;H0](=O)(-[n;r6])-[n;r6]"",
    ""description"": ""The C2 carbonyl carbon of uracil, bonded to two ring nitrogens (N1 and N3)."",
    ""uncertainty"": ""20""
  },
  {
    ""atom_type"": 322,
    ""element"": ""C"",
    ""chemical_environment"": ""uracil C4 carbonyl carbon (imide carbonyl bound to N3 and C5)"",
    ""functional_group"": ""pyrimidine-2,4-dione (uracil) carbonyl"",
    ""hybridization"": ""sp2"",
    ""example_molecule_smiles"": ""O=c1[nH]cc(=O)[nH]1"",
    ""group_smarts"": ""[C;X3](=O)(-[n;r6])-[c;r6]"",
    ""atom_specific_smarts"": ""[C;X3;H0](=O)(-[n;r6])-[c;r6]"",
    ""description"": ""The C4 carbonyl carbon of uracil, adjacent to N3 and ring carbon C5."",
    ""uncertainty"": ""20""
  },
  {
    ""atom_type"": 323,
    ""element"": ""C"",
    ""chemical_environment"": ""uracil C5 aromatic carbon between the C4 carbonyl and C6"",
    ""functional_group"": ""uracil ring carbon"",
    ""hybridization"": ""sp2"",
    ""example_molecule_smiles"": ""O=c1[nH]cc(=O)[nH]1"",
    ""group_smarts"": ""[cH;r6](-[C;X3](=O)-[n;r6])-[c;r6]"",
    ""atom_specific_smarts"": ""[cH;r6](-[C;X3](=O)-[n;r6])-[c;r6]"",
    ""description"": ""The C5 carbon in uracil, an sp2 ring carbon flanked by C4=O and C6."",
    ""uncertainty"": ""25""
  },
  {
    ""atom_type"": 324,
    ""element"": ""C"",
    ""chemical_environment"": ""uracil C6 aromatic carbon adjacent to N1 and C5"",
    ""functional_group"": ""uracil ring carbon"",
    ""hybridization"": ""sp2"",
    ""example_molecule_smiles"": ""O=c1[nH]cc(=O)[nH]1"",
    ""group_smarts"": ""[cH;r6](-[n;r6])-[c;r6]"",
    ""atom_specific_smarts"": ""[cH;r6](-[n;r6])-[c;r6]"",
    ""description"": ""The C6 carbon in uracil, bonded to N1 and C5 within the pyrimidine ring."",
    ""uncertainty"": ""25""
  },
  {
    ""atom_type"": 331,
    ""element"": ""C"",
    ""chemical_environment"": ""methyl carbon attached to C5 of thymine (5-methyluracil)"",
    ""functional_group"": ""thymine 5-methyl"",
    ""hybridization"": ""sp3"",
    ""example_molecule_smiles"": ""O=c1[nH]c(C)c(=O)[nH]1"",
    ""group_smarts"": ""[CH3X4]-[c;r6](-[C;X3](=O)-[n;r6])-[c;r6]"",
    ""atom_specific_smarts"": ""[CH3X4]-[c;r6](-[C;X3](=O)-[n;r6])-[c;r6]"",
    ""description"": ""The C5-methyl carbon on thymine, bonded to the C5 ring carbon of a uracil-like ring."",
    ""uncertainty"": ""20""
  },
  {
    ""atom_type"": 334,
    ""element"": ""C"",
    ""chemical_environment"": ""cytosine C2 carbonyl carbon (imide carbonyl bound to two ring nitrogens)"",
    ""functional_group"": ""pyrimidin-2-one (cytosine) carbonyl"",
    ""hybridization"": ""sp2"",
    ""example_molecule_smiles"": ""Nc1ncc(=O)[nH]1"",
    ""group_smarts"": ""[C;X3](=O)(-[n;r6])-[n;r6]"",
    ""atom_specific_smarts"": ""[C;X3;H0](=O)(-[n;r6])-[n;r6]"",
    ""description"": ""The C2 carbonyl carbon of cytosine, attached to both ring nitrogens (N1 and N3)."",
    ""uncertainty"": ""25""
  },
  {
    ""atom_type"": 336,
    ""element"": ""C"",
    ""chemical_environment"": ""cytosine C4 aromatic carbon bearing an exocyclic amino group"",
    ""functional_group"": ""cytosine ring carbon attached to –NH2"",
    ""hybridization"": ""sp2"",
    ""example_molecule_smiles"": ""Nc1ncc(=O)[nH]1"",
    ""group_smarts"": ""[cH0;X3;r6](-[NH2])-[n;r6]"",
    ""atom_specific_smarts"": ""[cH0;X3;r6](-[NH2])-[n;r6]"",
    ""description"": ""The C4 carbon in cytosine that carries the exocyclic amino substituent."",
    ""uncertainty"": ""25""
  },
  {
    ""atom_type"": 337,
    ""element"": ""C"",
    ""chemical_environment"": ""cytosine C5 aromatic carbon between C4(NH2) and C6"",
    ""functional_group"": ""cytosine ring carbon"",
    ""hybridization"": ""sp2"",
    ""example_molecule_smiles"": ""Nc1ncc(=O)[nH]1"",
    ""group_smarts"": ""[cH;r6](-[c;r6](-[NH2]))-[c;r6]"",
    ""atom_specific_smarts"": ""[cH;r6](-[c;r6](-[NH2]))-[c;r6]"",
    ""description"": ""The C5 ring carbon of cytosine, flanked by the amino-bearing C4 and C6."",
    ""uncertainty"": ""30""
  },
  {
    ""atom_type"": 338,
    ""element"": ""C"",
    ""chemical_environment"": ""cytosine C6 aromatic carbon adjacent to N1 and C5"",
    ""functional_group"": ""cytosine ring carbon"",
    ""hybridization"": ""sp2"",
    ""example_molecule_smiles"": ""Nc1ncc(=O)[nH]1"",
    ""group_smarts"": ""[cH;r6](-[n;r6])-[c;r6]"",
    ""atom_specific_smarts"": ""[cH;r6](-[n;r6])-[c;r6]"",
    ""description"": ""The C6 ring carbon in cytosine, bonded to N1 and C5 in the pyrimidine ring."",
    ""uncertainty"": ""30""
  },
  {
    ""atom_type"": 347,
    ""element"": ""C"",
    ""chemical_environment"": ""adenine C2 aromatic carbon in the six-membered ring, adjacent to two ring nitrogens"",
    ""functional_group"": ""adenine (6-aminopurine) ring carbon"",
    ""hybridization"": ""sp2"",
    ""example_molecule_smiles"": ""Nc1ncnc2ncccc12"",
    ""group_smarts"": ""[c;r6]([n;r5,r6])[n;r6]"",
    ""atom_specific_smarts"": ""[cH0;X3;r6]([n;r5,r6])[n;r6]"",
    ""description"": ""The C2 carbon in adenine, an sp2 ring carbon between N1 and N3 within the purine system."",
    ""uncertainty"": ""35""
  },
  {
    ""atom_type"": 349,
    ""element"": ""C"",
    ""chemical_environment"": ""adenine C4 aromatic carbon in the six-membered ring next to N3 and C5"",
    ""functional_group"": ""adenine (6-aminopurine) ring carbon"",
    ""hybridization"": ""sp2"",
    ""example_molecule_smiles"": ""Nc1ncnc2ncccc12"",
    ""group_smarts"": ""[c;r6]([n;r6])[c;r6]"",
    ""atom_specific_smarts"": ""[cH;X3;r6]([n;r6])[c;r6]"",
    ""description"": ""The C4 carbon in adenine, an sp2 ring carbon adjacent to N3 and C5 in the six-membered ring."",
    ""uncertainty"": ""40""
  },
  {
    ""atom_type"": 350,
    ""element"": ""C"",
    ""chemical_environment"": ""adenine C5 aromatic carbon in the six-membered ring fused to the five-membered imidazole (adjacent to N7)"",
    ""functional_group"": ""adenine (6-aminopurine) fused-ring carbon"",
    ""hybridization"": ""sp2"",
    ""example_molecule_smiles"": ""Nc1ncnc2ncccc12"",
    ""group_smarts"": ""[c;r6]([c;r6])[n;r5]"",
    ""atom_specific_smarts"": ""[cH;X3;r6]([c;r6])[n;r5]"",
    ""description"": ""The C5 carbon in adenine, an sp2 carbon of the six-membered ring bonded to the five-membered ring nitrogen (N7)."",
    ""uncertainty"": ""40""
  }
]"
324,0.08,C  - CM   | Uracil C6,12.011,oplsaa.lt,C,6,"Convert the following OPLS-AA atom type rows:

Atom Type Data:
- Atom index: 302
- Force field raw info: C  - CA   | C: guanidinium C+
- Partial charge: 0.64
- Atomic mass: 12.011
- Element guess: C
- Atomic number: 6
- Source file: oplsaa.lt


Atom Type Data:
- Atom index: 305
- Force field raw info: C  - CT   | C: CH3, methylguanidinium
- Partial charge: 0.2
- Atomic mass: 12.011
- Element guess: C
- Atomic number: 6
- Source file: oplsaa.lt


Atom Type Data:
- Atom index: 306
- Force field raw info: C  - CT   | C: CH3, ethylguanidinium
- Partial charge: -0.11
- Atomic mass: 12.011
- Element guess: C
- Atomic number: 6
- Source file: oplsaa.lt


Atom Type Data:
- Atom index: 307
- Force field raw info: C  - CT   | C: CH2(D), ARG, ethylguanidinium
- Partial charge: 0.19
- Atomic mass: 12.011
- Element guess: C
- Atomic number: 6
- Source file: oplsaa.lt


Atom Type Data:
- Atom index: 308
- Force field raw info: C  - CT   | C: CH2(G), ARG
- Partial charge: -0.05
- Atomic mass: 12.011
- Element guess: C
- Atomic number: 6
- Source file: oplsaa.lt


Atom Type Data:
- Atom index: 312
- Force field raw info: C  - CA   | DAP C2 pyridine
- Partial charge: 0.36
- Atomic mass: 12.011
- Element guess: C
- Atomic number: 6
- Source file: oplsaa.lt


Atom Type Data:
- Atom index: 315
- Force field raw info: C  - CA   | DAP C3
- Partial charge: -0.15
- Atomic mass: 12.011
- Element guess: C
- Atomic number: 6
- Source file: oplsaa.lt


Atom Type Data:
- Atom index: 317
- Force field raw info: C  - CA   | DAP C4
- Partial charge: -0.04
- Atomic mass: 12.011
- Element guess: C
- Atomic number: 6
- Source file: oplsaa.lt


Atom Type Data:
- Atom index: 320
- Force field raw info: C  - C~   | Uracil C2
- Partial charge: 0.5
- Atomic mass: 12.011
- Element guess: C
- Atomic number: 6
- Source file: oplsaa.lt


Atom Type Data:
- Atom index: 322
- Force field raw info: C  - C~   | Uracil C4
- Partial charge: 0.45
- Atomic mass: 12.011
- Element guess: C
- Atomic number: 6
- Source file: oplsaa.lt


Atom Type Data:
- Atom index: 323
- Force field raw info: C  - CM   | Uracil C5
- Partial charge: -0.07
- Atomic mass: 12.011
- Element guess: C
- Atomic number: 6
- Source file: oplsaa.lt


Atom Type Data:
- Atom index: 324
- Force field raw info: C  - CM   | Uracil C6
- Partial charge: 0.08
- Atomic mass: 12.011
- Element guess: C
- Atomic number: 6
- Source file: oplsaa.lt


Atom Type Data:
- Atom index: 331
- Force field raw info: C  - CT   | Thymine C-C5
- Partial charge: -0.14
- Atomic mass: 12.011
- Element guess: C
- Atomic number: 6
- Source file: oplsaa.lt


Atom Type Data:
- Atom index: 334
- Force field raw info: C  - C~   | Cytosine C2
- Partial charge: 0.55
- Atomic mass: 12.011
- Element guess: C
- Atomic number: 6
- Source file: oplsaa.lt


Atom Type Data:
- Atom index: 336
- Force field raw info: C  - CA   | Cytosine C4 Nucleotide base
- Partial charge: 0.46
- Atomic mass: 12.011
- Element guess: C
- Atomic number: 6
- Source file: oplsaa.lt


Atom Type Data:
- Atom index: 337
- Force field raw info: C  - CM   | Cytosine C5 parameters:
- Partial charge: -0.06
- Atomic mass: 12.011
- Element guess: C
- Atomic number: 6
- Source file: oplsaa.lt


Atom Type Data:
- Atom index: 338
- Force field raw info: C  - CM   | Cytosine C6 JACS,113,2810(1991)
- Partial charge: 0.1
- Atomic mass: 12.011
- Element guess: C
- Atomic number: 6
- Source file: oplsaa.lt


Atom Type Data:
- Atom index: 347
- Force field raw info: C  - CQ   | Adenine C2
- Partial charge: 0.22
- Atomic mass: 12.011
- Element guess: C
- Atomic number: 6
- Source file: oplsaa.lt


Atom Type Data:
- Atom index: 349
- Force field raw info: C  - CB   | Adenine C4
- Partial charge: 0.38
- Atomic mass: 12.011
- Element guess: C
- Atomic number: 6
- Source file: oplsaa.lt


Atom Type Data:
- Atom index: 350
- Force field raw info: C  - CB   | Adenine C5
- Partial charge: 0.15
- Atomic mass: 12.011
- Element guess: C
- Atomic number: 6
- Source file: oplsaa.lt
","[
  {
    ""atom_type"": 302,
    ""element"": ""C"",
    ""chemical_environment"": ""central sp2 carbon of a guanidinium (amidinium) group, bonded to three nitrogens (two single, one double)"",
    ""functional_group"": ""guanidinium (amidinium)"",
    ""hybridization"": ""sp2"",
    ""example_molecule_smiles"": ""NC(=NH)N"",
    ""group_smarts"": ""[N;X3]-[C;X3](=[N;X2,X3])(-[N;X3])"",
    ""atom_specific_smarts"": ""[C;X3;H0](=[N;X2,X3])(-[N;X3])-[N;X3]"",
    ""description"": ""The C+ center in guanidinium: the carbon bound to three nitrogens (resonance-stabilized amidinium center)."",
    ""uncertainty"": ""10""
  },
  {
    ""atom_type"": 305,
    ""element"": ""C"",
    ""chemical_environment"": ""terminal methyl carbon attached to a guanidinium nitrogen (N-alkyl guanidinium)"",
    ""functional_group"": ""N-methyl guanidinium"",
    ""hybridization"": ""sp3"",
    ""example_molecule_smiles"": ""CNC(=NH)N"",
    ""group_smarts"": ""[C;X4]-[N;X3]-[C;X3](=N)-[N;X3]"",
    ""atom_specific_smarts"": ""[CH3X4]-[N;X3]-[C;X3](=N)-[N;X3]"",
    ""description"": ""The methyl carbon directly bonded to a guanidinium nitrogen in methylguanidinium."",
    ""uncertainty"": ""15""
  },
  {
    ""atom_type"": 306,
    ""element"": ""C"",
    ""chemical_environment"": ""terminal methyl of an ethyl substituent attached to a guanidinium nitrogen"",
    ""functional_group"": ""N-ethyl guanidinium (terminal CH3)"",
    ""hybridization"": ""sp3"",
    ""example_molecule_smiles"": ""CCNC(=NH)N"",
    ""group_smarts"": ""[CH3X4]-[CH2X4]-[N;X3]-[C;X3](=N)-[N;X3]"",
    ""atom_specific_smarts"": ""[CH3X4]-[CH2X4]-[N;X3]-[C;X3](=N)-[N;X3]"",
    ""description"": ""The terminal CH3 group of an ethyl chain attached to a guanidinium nitrogen."",
    ""uncertainty"": ""15""
  },
  {
    ""atom_type"": 307,
    ""element"": ""C"",
    ""chemical_environment"": ""methylene carbon directly attached to a guanidinium nitrogen (Arg CD or ethylguanidinium CH2 next to N)"",
    ""functional_group"": ""N-alkyl guanidinium (alpha-CH2 to N)"",
    ""hybridization"": ""sp3"",
    ""example_molecule_smiles"": ""CCNC(=NH)N"",
    ""group_smarts"": ""[CH2X4]-[N;X3]-[C;X3](=N)-[N;X3]"",
    ""atom_specific_smarts"": ""[CH2X4]-[N;X3]-[C;X3](=N)-[N;X3]"",
    ""description"": ""The CH2 directly bonded to the guanidinium nitrogen (Arg CD or ethylguanidinium N-CH2)."",
    ""uncertainty"": ""15""
  },
  {
    ""atom_type"": 308,
    ""element"": ""C"",
    ""chemical_environment"": ""methylene carbon two bonds away from a guanidinium nitrogen (Arg CG)"",
    ""functional_group"": ""aliphatic chain leading to guanidinium (beta to N)"",
    ""hybridization"": ""sp3"",
    ""example_molecule_smiles"": ""NCCCN=C(N)N"",
    ""group_smarts"": ""[CH2X4]-[CH2X4]-[N;X3]-[C;X3](=N)-[N;X3]"",
    ""atom_specific_smarts"": ""[CH2X4]-[CH2X4]-[N;X3]-[C;X3](=N)-[N;X3]"",
    ""description"": ""The CH2 two atoms away from the guanidinium nitrogen in an arginine-like chain (gamma position)."",
    ""uncertainty"": ""15""
  },
  {
    ""atom_type"": 312,
    ""element"": ""C"",
    ""chemical_environment"": ""aromatic carbon alpha to ring N in pyridine bearing an exocyclic amino (DAP C2/C6 positions)"",
    ""functional_group"": ""2,6-diaminopyridine (DAP) ring carbon bearing NH2"",
    ""hybridization"": ""sp2"",
    ""example_molecule_smiles"": ""n1c(N)cccc1N"",
    ""group_smarts"": ""n1c(N)cccc1N"",
    ""atom_specific_smarts"": ""[cH0;X3;r6](-[NH2])[n;r6]"",
    ""description"": ""The C2 position in DAP: an aromatic carbon adjacent to ring N and substituted by an exocyclic –NH2."",
    ""uncertainty"": ""35""
  },
  {
    ""atom_type"": 315,
    ""element"": ""C"",
    ""chemical_environment"": ""aromatic carbon next to an amino-substituted alpha carbon in 2,6-diaminopyridine (DAP C3)"",
    ""functional_group"": ""2,6-diaminopyridine (DAP) ring carbon"",
    ""hybridization"": ""sp2"",
    ""example_molecule_smiles"": ""n1c(N)cccc1N"",
    ""group_smarts"": ""n1c(N)cccc1N"",
    ""atom_specific_smarts"": ""[cH;X3;r6]([c;r6][n;r6])[c;r6]"",
    ""description"": ""The C3 position in DAP: an aromatic carbon adjacent to the amino-bearing C2 and to the ring N."",
    ""uncertainty"": ""50""
  },
  {
    ""atom_type"": 317,
    ""element"": ""C"",
    ""chemical_environment"": ""aromatic carbon in 2,6-diaminopyridine para to the ring N (DAP C4)"",
    ""functional_group"": ""2,6-diaminopyridine (DAP) ring carbon"",
    ""hybridization"": ""sp2"",
    ""example_molecule_smiles"": ""n1c(N)cccc1N"",
    ""group_smarts"": ""n1c(N)cccc1N"",
    ""atom_specific_smarts"": ""[cH;X3;r6]([c;r6])[c;r6]"",
    ""description"": ""The C4 position in DAP: an internal ring carbon between two carbons, not bearing exocyclic substituents."",
    ""uncertainty"": ""60""
  },
  {
    ""atom_type"": 320,
    ""element"": ""C"",
    ""chemical_environment"": ""uracil C2 carbonyl carbon (imide carbonyl bound to two ring nitrogens)"",
    ""functional_group"": ""pyrimidine-2,4-dione (uracil) carbonyl"",
    ""hybridization"": ""sp2"",
    ""example_molecule_smiles"": ""O=c1[nH]cc(=O)[nH]1"",
    ""group_smarts"": ""[C;X3](=O)(-[n;r6])-[n;r6]"",
    ""atom_specific_smarts"": ""[C;X3;H0](=O)(-[n;r6])-[n;r6]"",
    ""description"": ""The C2 carbonyl carbon of uracil, bonded to two ring nitrogens (N1 and N3)."",
    ""uncertainty"": ""20""
  },
  {
    ""atom_type"": 322,
    ""element"": ""C"",
    ""chemical_environment"": ""uracil C4 carbonyl carbon (imide carbonyl bound to N3 and C5)"",
    ""functional_group"": ""pyrimidine-2,4-dione (uracil) carbonyl"",
    ""hybridization"": ""sp2"",
    ""example_molecule_smiles"": ""O=c1[nH]cc(=O)[nH]1"",
    ""group_smarts"": ""[C;X3](=O)(-[n;r6])-[c;r6]"",
    ""atom_specific_smarts"": ""[C;X3;H0](=O)(-[n;r6])-[c;r6]"",
    ""description"": ""The C4 carbonyl carbon of uracil, adjacent to N3 and ring carbon C5."",
    ""uncertainty"": ""20""
  },
  {
    ""atom_type"": 323,
    ""element"": ""C"",
    ""chemical_environment"": ""uracil C5 aromatic carbon between the C4 carbonyl and C6"",
    ""functional_group"": ""uracil ring carbon"",
    ""hybridization"": ""sp2"",
    ""example_molecule_smiles"": ""O=c1[nH]cc(=O)[nH]1"",
    ""group_smarts"": ""[cH;r6](-[C;X3](=O)-[n;r6])-[c;r6]"",
    ""atom_specific_smarts"": ""[cH;r6](-[C;X3](=O)-[n;r6])-[c;r6]"",
    ""description"": ""The C5 carbon in uracil, an sp2 ring carbon flanked by C4=O and C6."",
    ""uncertainty"": ""25""
  },
  {
    ""atom_type"": 324,
    ""element"": ""C"",
    ""chemical_environment"": ""uracil C6 aromatic carbon adjacent to N1 and C5"",
    ""functional_group"": ""uracil ring carbon"",
    ""hybridization"": ""sp2"",
    ""example_molecule_smiles"": ""O=c1[nH]cc(=O)[nH]1"",
    ""group_smarts"": ""[cH;r6](-[n;r6])-[c;r6]"",
    ""atom_specific_smarts"": ""[cH;r6](-[n;r6])-[c;r6]"",
    ""description"": ""The C6 carbon in uracil, bonded to N1 and C5 within the pyrimidine ring."",
    ""uncertainty"": ""25""
  },
  {
    ""atom_type"": 331,
    ""element"": ""C"",
    ""chemical_environment"": ""methyl carbon attached to C5 of thymine (5-methyluracil)"",
    ""functional_group"": ""thymine 5-methyl"",
    ""hybridization"": ""sp3"",
    ""example_molecule_smiles"": ""O=c1[nH]c(C)c(=O)[nH]1"",
    ""group_smarts"": ""[CH3X4]-[c;r6](-[C;X3](=O)-[n;r6])-[c;r6]"",
    ""atom_specific_smarts"": ""[CH3X4]-[c;r6](-[C;X3](=O)-[n;r6])-[c;r6]"",
    ""description"": ""The C5-methyl carbon on thymine, bonded to the C5 ring carbon of a uracil-like ring."",
    ""uncertainty"": ""20""
  },
  {
    ""atom_type"": 334,
    ""element"": ""C"",
    ""chemical_environment"": ""cytosine C2 carbonyl carbon (imide carbonyl bound to two ring nitrogens)"",
    ""functional_group"": ""pyrimidin-2-one (cytosine) carbonyl"",
    ""hybridization"": ""sp2"",
    ""example_molecule_smiles"": ""Nc1ncc(=O)[nH]1"",
    ""group_smarts"": ""[C;X3](=O)(-[n;r6])-[n;r6]"",
    ""atom_specific_smarts"": ""[C;X3;H0](=O)(-[n;r6])-[n;r6]"",
    ""description"": ""The C2 carbonyl carbon of cytosine, attached to both ring nitrogens (N1 and N3)."",
    ""uncertainty"": ""25""
  },
  {
    ""atom_type"": 336,
    ""element"": ""C"",
    ""chemical_environment"": ""cytosine C4 aromatic carbon bearing an exocyclic amino group"",
    ""functional_group"": ""cytosine ring carbon attached to –NH2"",
    ""hybridization"": ""sp2"",
    ""example_molecule_smiles"": ""Nc1ncc(=O)[nH]1"",
    ""group_smarts"": ""[cH0;X3;r6](-[NH2])-[n;r6]"",
    ""atom_specific_smarts"": ""[cH0;X3;r6](-[NH2])-[n;r6]"",
    ""description"": ""The C4 carbon in cytosine that carries the exocyclic amino substituent."",
    ""uncertainty"": ""25""
  },
  {
    ""atom_type"": 337,
    ""element"": ""C"",
    ""chemical_environment"": ""cytosine C5 aromatic carbon between C4(NH2) and C6"",
    ""functional_group"": ""cytosine ring carbon"",
    ""hybridization"": ""sp2"",
    ""example_molecule_smiles"": ""Nc1ncc(=O)[nH]1"",
    ""group_smarts"": ""[cH;r6](-[c;r6](-[NH2]))-[c;r6]"",
    ""atom_specific_smarts"": ""[cH;r6](-[c;r6](-[NH2]))-[c;r6]"",
    ""description"": ""The C5 ring carbon of cytosine, flanked by the amino-bearing C4 and C6."",
    ""uncertainty"": ""30""
  },
  {
    ""atom_type"": 338,
    ""element"": ""C"",
    ""chemical_environment"": ""cytosine C6 aromatic carbon adjacent to N1 and C5"",
    ""functional_group"": ""cytosine ring carbon"",
    ""hybridization"": ""sp2"",
    ""example_molecule_smiles"": ""Nc1ncc(=O)[nH]1"",
    ""group_smarts"": ""[cH;r6](-[n;r6])-[c;r6]"",
    ""atom_specific_smarts"": ""[cH;r6](-[n;r6])-[c;r6]"",
    ""description"": ""The C6 ring carbon in cytosine, bonded to N1 and C5 in the pyrimidine ring."",
    ""uncertainty"": ""30""
  },
  {
    ""atom_type"": 347,
    ""element"": ""C"",
    ""chemical_environment"": ""adenine C2 aromatic carbon in the six-membered ring, adjacent to two ring nitrogens"",
    ""functional_group"": ""adenine (6-aminopurine) ring carbon"",
    ""hybridization"": ""sp2"",
    ""example_molecule_smiles"": ""Nc1ncnc2ncccc12"",
    ""group_smarts"": ""[c;r6]([n;r5,r6])[n;r6]"",
    ""atom_specific_smarts"": ""[cH0;X3;r6]([n;r5,r6])[n;r6]"",
    ""description"": ""The C2 carbon in adenine, an sp2 ring carbon between N1 and N3 within the purine system."",
    ""uncertainty"": ""35""
  },
  {
    ""atom_type"": 349,
    ""element"": ""C"",
    ""chemical_environment"": ""adenine C4 aromatic carbon in the six-membered ring next to N3 and C5"",
    ""functional_group"": ""adenine (6-aminopurine) ring carbon"",
    ""hybridization"": ""sp2"",
    ""example_molecule_smiles"": ""Nc1ncnc2ncccc12"",
    ""group_smarts"": ""[c;r6]([n;r6])[c;r6]"",
    ""atom_specific_smarts"": ""[cH;X3;r6]([n;r6])[c;r6]"",
    ""description"": ""The C4 carbon in adenine, an sp2 ring carbon adjacent to N3 and C5 in the six-membered ring."",
    ""uncertainty"": ""40""
  },
  {
    ""atom_type"": 350,
    ""element"": ""C"",
    ""chemical_environment"": ""adenine C5 aromatic carbon in the six-membered ring fused to the five-membered imidazole (adjacent to N7)"",
    ""functional_group"": ""adenine (6-aminopurine) fused-ring carbon"",
    ""hybridization"": ""sp2"",
    ""example_molecule_smiles"": ""Nc1ncnc2ncccc12"",
    ""group_smarts"": ""[c;r6]([c;r6])[n;r5]"",
    ""atom_specific_smarts"": ""[cH;X3;r6]([c;r6])[n;r5]"",
    ""description"": ""The C5 carbon in adenine, an sp2 carbon of the six-membered ring bonded to the five-membered ring nitrogen (N7)."",
    ""uncertainty"": ""40""
  }
]"
331,-0.14,C  - CT   | Thymine C-C5,12.011,oplsaa.lt,C,6,"Convert the following OPLS-AA atom type rows:

Atom Type Data:
- Atom index: 302
- Force field raw info: C  - CA   | C: guanidinium C+
- Partial charge: 0.64
- Atomic mass: 12.011
- Element guess: C
- Atomic number: 6
- Source file: oplsaa.lt


Atom Type Data:
- Atom index: 305
- Force field raw info: C  - CT   | C: CH3, methylguanidinium
- Partial charge: 0.2
- Atomic mass: 12.011
- Element guess: C
- Atomic number: 6
- Source file: oplsaa.lt


Atom Type Data:
- Atom index: 306
- Force field raw info: C  - CT   | C: CH3, ethylguanidinium
- Partial charge: -0.11
- Atomic mass: 12.011
- Element guess: C
- Atomic number: 6
- Source file: oplsaa.lt


Atom Type Data:
- Atom index: 307
- Force field raw info: C  - CT   | C: CH2(D), ARG, ethylguanidinium
- Partial charge: 0.19
- Atomic mass: 12.011
- Element guess: C
- Atomic number: 6
- Source file: oplsaa.lt


Atom Type Data:
- Atom index: 308
- Force field raw info: C  - CT   | C: CH2(G), ARG
- Partial charge: -0.05
- Atomic mass: 12.011
- Element guess: C
- Atomic number: 6
- Source file: oplsaa.lt


Atom Type Data:
- Atom index: 312
- Force field raw info: C  - CA   | DAP C2 pyridine
- Partial charge: 0.36
- Atomic mass: 12.011
- Element guess: C
- Atomic number: 6
- Source file: oplsaa.lt


Atom Type Data:
- Atom index: 315
- Force field raw info: C  - CA   | DAP C3
- Partial charge: -0.15
- Atomic mass: 12.011
- Element guess: C
- Atomic number: 6
- Source file: oplsaa.lt


Atom Type Data:
- Atom index: 317
- Force field raw info: C  - CA   | DAP C4
- Partial charge: -0.04
- Atomic mass: 12.011
- Element guess: C
- Atomic number: 6
- Source file: oplsaa.lt


Atom Type Data:
- Atom index: 320
- Force field raw info: C  - C~   | Uracil C2
- Partial charge: 0.5
- Atomic mass: 12.011
- Element guess: C
- Atomic number: 6
- Source file: oplsaa.lt


Atom Type Data:
- Atom index: 322
- Force field raw info: C  - C~   | Uracil C4
- Partial charge: 0.45
- Atomic mass: 12.011
- Element guess: C
- Atomic number: 6
- Source file: oplsaa.lt


Atom Type Data:
- Atom index: 323
- Force field raw info: C  - CM   | Uracil C5
- Partial charge: -0.07
- Atomic mass: 12.011
- Element guess: C
- Atomic number: 6
- Source file: oplsaa.lt


Atom Type Data:
- Atom index: 324
- Force field raw info: C  - CM   | Uracil C6
- Partial charge: 0.08
- Atomic mass: 12.011
- Element guess: C
- Atomic number: 6
- Source file: oplsaa.lt


Atom Type Data:
- Atom index: 331
- Force field raw info: C  - CT   | Thymine C-C5
- Partial charge: -0.14
- Atomic mass: 12.011
- Element guess: C
- Atomic number: 6
- Source file: oplsaa.lt


Atom Type Data:
- Atom index: 334
- Force field raw info: C  - C~   | Cytosine C2
- Partial charge: 0.55
- Atomic mass: 12.011
- Element guess: C
- Atomic number: 6
- Source file: oplsaa.lt


Atom Type Data:
- Atom index: 336
- Force field raw info: C  - CA   | Cytosine C4 Nucleotide base
- Partial charge: 0.46
- Atomic mass: 12.011
- Element guess: C
- Atomic number: 6
- Source file: oplsaa.lt


Atom Type Data:
- Atom index: 337
- Force field raw info: C  - CM   | Cytosine C5 parameters:
- Partial charge: -0.06
- Atomic mass: 12.011
- Element guess: C
- Atomic number: 6
- Source file: oplsaa.lt


Atom Type Data:
- Atom index: 338
- Force field raw info: C  - CM   | Cytosine C6 JACS,113,2810(1991)
- Partial charge: 0.1
- Atomic mass: 12.011
- Element guess: C
- Atomic number: 6
- Source file: oplsaa.lt


Atom Type Data:
- Atom index: 347
- Force field raw info: C  - CQ   | Adenine C2
- Partial charge: 0.22
- Atomic mass: 12.011
- Element guess: C
- Atomic number: 6
- Source file: oplsaa.lt


Atom Type Data:
- Atom index: 349
- Force field raw info: C  - CB   | Adenine C4
- Partial charge: 0.38
- Atomic mass: 12.011
- Element guess: C
- Atomic number: 6
- Source file: oplsaa.lt


Atom Type Data:
- Atom index: 350
- Force field raw info: C  - CB   | Adenine C5
- Partial charge: 0.15
- Atomic mass: 12.011
- Element guess: C
- Atomic number: 6
- Source file: oplsaa.lt
","[
  {
    ""atom_type"": 302,
    ""element"": ""C"",
    ""chemical_environment"": ""central sp2 carbon of a guanidinium (amidinium) group, bonded to three nitrogens (two single, one double)"",
    ""functional_group"": ""guanidinium (amidinium)"",
    ""hybridization"": ""sp2"",
    ""example_molecule_smiles"": ""NC(=NH)N"",
    ""group_smarts"": ""[N;X3]-[C;X3](=[N;X2,X3])(-[N;X3])"",
    ""atom_specific_smarts"": ""[C;X3;H0](=[N;X2,X3])(-[N;X3])-[N;X3]"",
    ""description"": ""The C+ center in guanidinium: the carbon bound to three nitrogens (resonance-stabilized amidinium center)."",
    ""uncertainty"": ""10""
  },
  {
    ""atom_type"": 305,
    ""element"": ""C"",
    ""chemical_environment"": ""terminal methyl carbon attached to a guanidinium nitrogen (N-alkyl guanidinium)"",
    ""functional_group"": ""N-methyl guanidinium"",
    ""hybridization"": ""sp3"",
    ""example_molecule_smiles"": ""CNC(=NH)N"",
    ""group_smarts"": ""[C;X4]-[N;X3]-[C;X3](=N)-[N;X3]"",
    ""atom_specific_smarts"": ""[CH3X4]-[N;X3]-[C;X3](=N)-[N;X3]"",
    ""description"": ""The methyl carbon directly bonded to a guanidinium nitrogen in methylguanidinium."",
    ""uncertainty"": ""15""
  },
  {
    ""atom_type"": 306,
    ""element"": ""C"",
    ""chemical_environment"": ""terminal methyl of an ethyl substituent attached to a guanidinium nitrogen"",
    ""functional_group"": ""N-ethyl guanidinium (terminal CH3)"",
    ""hybridization"": ""sp3"",
    ""example_molecule_smiles"": ""CCNC(=NH)N"",
    ""group_smarts"": ""[CH3X4]-[CH2X4]-[N;X3]-[C;X3](=N)-[N;X3]"",
    ""atom_specific_smarts"": ""[CH3X4]-[CH2X4]-[N;X3]-[C;X3](=N)-[N;X3]"",
    ""description"": ""The terminal CH3 group of an ethyl chain attached to a guanidinium nitrogen."",
    ""uncertainty"": ""15""
  },
  {
    ""atom_type"": 307,
    ""element"": ""C"",
    ""chemical_environment"": ""methylene carbon directly attached to a guanidinium nitrogen (Arg CD or ethylguanidinium CH2 next to N)"",
    ""functional_group"": ""N-alkyl guanidinium (alpha-CH2 to N)"",
    ""hybridization"": ""sp3"",
    ""example_molecule_smiles"": ""CCNC(=NH)N"",
    ""group_smarts"": ""[CH2X4]-[N;X3]-[C;X3](=N)-[N;X3]"",
    ""atom_specific_smarts"": ""[CH2X4]-[N;X3]-[C;X3](=N)-[N;X3]"",
    ""description"": ""The CH2 directly bonded to the guanidinium nitrogen (Arg CD or ethylguanidinium N-CH2)."",
    ""uncertainty"": ""15""
  },
  {
    ""atom_type"": 308,
    ""element"": ""C"",
    ""chemical_environment"": ""methylene carbon two bonds away from a guanidinium nitrogen (Arg CG)"",
    ""functional_group"": ""aliphatic chain leading to guanidinium (beta to N)"",
    ""hybridization"": ""sp3"",
    ""example_molecule_smiles"": ""NCCCN=C(N)N"",
    ""group_smarts"": ""[CH2X4]-[CH2X4]-[N;X3]-[C;X3](=N)-[N;X3]"",
    ""atom_specific_smarts"": ""[CH2X4]-[CH2X4]-[N;X3]-[C;X3](=N)-[N;X3]"",
    ""description"": ""The CH2 two atoms away from the guanidinium nitrogen in an arginine-like chain (gamma position)."",
    ""uncertainty"": ""15""
  },
  {
    ""atom_type"": 312,
    ""element"": ""C"",
    ""chemical_environment"": ""aromatic carbon alpha to ring N in pyridine bearing an exocyclic amino (DAP C2/C6 positions)"",
    ""functional_group"": ""2,6-diaminopyridine (DAP) ring carbon bearing NH2"",
    ""hybridization"": ""sp2"",
    ""example_molecule_smiles"": ""n1c(N)cccc1N"",
    ""group_smarts"": ""n1c(N)cccc1N"",
    ""atom_specific_smarts"": ""[cH0;X3;r6](-[NH2])[n;r6]"",
    ""description"": ""The C2 position in DAP: an aromatic carbon adjacent to ring N and substituted by an exocyclic –NH2."",
    ""uncertainty"": ""35""
  },
  {
    ""atom_type"": 315,
    ""element"": ""C"",
    ""chemical_environment"": ""aromatic carbon next to an amino-substituted alpha carbon in 2,6-diaminopyridine (DAP C3)"",
    ""functional_group"": ""2,6-diaminopyridine (DAP) ring carbon"",
    ""hybridization"": ""sp2"",
    ""example_molecule_smiles"": ""n1c(N)cccc1N"",
    ""group_smarts"": ""n1c(N)cccc1N"",
    ""atom_specific_smarts"": ""[cH;X3;r6]([c;r6][n;r6])[c;r6]"",
    ""description"": ""The C3 position in DAP: an aromatic carbon adjacent to the amino-bearing C2 and to the ring N."",
    ""uncertainty"": ""50""
  },
  {
    ""atom_type"": 317,
    ""element"": ""C"",
    ""chemical_environment"": ""aromatic carbon in 2,6-diaminopyridine para to the ring N (DAP C4)"",
    ""functional_group"": ""2,6-diaminopyridine (DAP) ring carbon"",
    ""hybridization"": ""sp2"",
    ""example_molecule_smiles"": ""n1c(N)cccc1N"",
    ""group_smarts"": ""n1c(N)cccc1N"",
    ""atom_specific_smarts"": ""[cH;X3;r6]([c;r6])[c;r6]"",
    ""description"": ""The C4 position in DAP: an internal ring carbon between two carbons, not bearing exocyclic substituents."",
    ""uncertainty"": ""60""
  },
  {
    ""atom_type"": 320,
    ""element"": ""C"",
    ""chemical_environment"": ""uracil C2 carbonyl carbon (imide carbonyl bound to two ring nitrogens)"",
    ""functional_group"": ""pyrimidine-2,4-dione (uracil) carbonyl"",
    ""hybridization"": ""sp2"",
    ""example_molecule_smiles"": ""O=c1[nH]cc(=O)[nH]1"",
    ""group_smarts"": ""[C;X3](=O)(-[n;r6])-[n;r6]"",
    ""atom_specific_smarts"": ""[C;X3;H0](=O)(-[n;r6])-[n;r6]"",
    ""description"": ""The C2 carbonyl carbon of uracil, bonded to two ring nitrogens (N1 and N3)."",
    ""uncertainty"": ""20""
  },
  {
    ""atom_type"": 322,
    ""element"": ""C"",
    ""chemical_environment"": ""uracil C4 carbonyl carbon (imide carbonyl bound to N3 and C5)"",
    ""functional_group"": ""pyrimidine-2,4-dione (uracil) carbonyl"",
    ""hybridization"": ""sp2"",
    ""example_molecule_smiles"": ""O=c1[nH]cc(=O)[nH]1"",
    ""group_smarts"": ""[C;X3](=O)(-[n;r6])-[c;r6]"",
    ""atom_specific_smarts"": ""[C;X3;H0](=O)(-[n;r6])-[c;r6]"",
    ""description"": ""The C4 carbonyl carbon of uracil, adjacent to N3 and ring carbon C5."",
    ""uncertainty"": ""20""
  },
  {
    ""atom_type"": 323,
    ""element"": ""C"",
    ""chemical_environment"": ""uracil C5 aromatic carbon between the C4 carbonyl and C6"",
    ""functional_group"": ""uracil ring carbon"",
    ""hybridization"": ""sp2"",
    ""example_molecule_smiles"": ""O=c1[nH]cc(=O)[nH]1"",
    ""group_smarts"": ""[cH;r6](-[C;X3](=O)-[n;r6])-[c;r6]"",
    ""atom_specific_smarts"": ""[cH;r6](-[C;X3](=O)-[n;r6])-[c;r6]"",
    ""description"": ""The C5 carbon in uracil, an sp2 ring carbon flanked by C4=O and C6."",
    ""uncertainty"": ""25""
  },
  {
    ""atom_type"": 324,
    ""element"": ""C"",
    ""chemical_environment"": ""uracil C6 aromatic carbon adjacent to N1 and C5"",
    ""functional_group"": ""uracil ring carbon"",
    ""hybridization"": ""sp2"",
    ""example_molecule_smiles"": ""O=c1[nH]cc(=O)[nH]1"",
    ""group_smarts"": ""[cH;r6](-[n;r6])-[c;r6]"",
    ""atom_specific_smarts"": ""[cH;r6](-[n;r6])-[c;r6]"",
    ""description"": ""The C6 carbon in uracil, bonded to N1 and C5 within the pyrimidine ring."",
    ""uncertainty"": ""25""
  },
  {
    ""atom_type"": 331,
    ""element"": ""C"",
    ""chemical_environment"": ""methyl carbon attached to C5 of thymine (5-methyluracil)"",
    ""functional_group"": ""thymine 5-methyl"",
    ""hybridization"": ""sp3"",
    ""example_molecule_smiles"": ""O=c1[nH]c(C)c(=O)[nH]1"",
    ""group_smarts"": ""[CH3X4]-[c;r6](-[C;X3](=O)-[n;r6])-[c;r6]"",
    ""atom_specific_smarts"": ""[CH3X4]-[c;r6](-[C;X3](=O)-[n;r6])-[c;r6]"",
    ""description"": ""The C5-methyl carbon on thymine, bonded to the C5 ring carbon of a uracil-like ring."",
    ""uncertainty"": ""20""
  },
  {
    ""atom_type"": 334,
    ""element"": ""C"",
    ""chemical_environment"": ""cytosine C2 carbonyl carbon (imide carbonyl bound to two ring nitrogens)"",
    ""functional_group"": ""pyrimidin-2-one (cytosine) carbonyl"",
    ""hybridization"": ""sp2"",
    ""example_molecule_smiles"": ""Nc1ncc(=O)[nH]1"",
    ""group_smarts"": ""[C;X3](=O)(-[n;r6])-[n;r6]"",
    ""atom_specific_smarts"": ""[C;X3;H0](=O)(-[n;r6])-[n;r6]"",
    ""description"": ""The C2 carbonyl carbon of cytosine, attached to both ring nitrogens (N1 and N3)."",
    ""uncertainty"": ""25""
  },
  {
    ""atom_type"": 336,
    ""element"": ""C"",
    ""chemical_environment"": ""cytosine C4 aromatic carbon bearing an exocyclic amino group"",
    ""functional_group"": ""cytosine ring carbon attached to –NH2"",
    ""hybridization"": ""sp2"",
    ""example_molecule_smiles"": ""Nc1ncc(=O)[nH]1"",
    ""group_smarts"": ""[cH0;X3;r6](-[NH2])-[n;r6]"",
    ""atom_specific_smarts"": ""[cH0;X3;r6](-[NH2])-[n;r6]"",
    ""description"": ""The C4 carbon in cytosine that carries the exocyclic amino substituent."",
    ""uncertainty"": ""25""
  },
  {
    ""atom_type"": 337,
    ""element"": ""C"",
    ""chemical_environment"": ""cytosine C5 aromatic carbon between C4(NH2) and C6"",
    ""functional_group"": ""cytosine ring carbon"",
    ""hybridization"": ""sp2"",
    ""example_molecule_smiles"": ""Nc1ncc(=O)[nH]1"",
    ""group_smarts"": ""[cH;r6](-[c;r6](-[NH2]))-[c;r6]"",
    ""atom_specific_smarts"": ""[cH;r6](-[c;r6](-[NH2]))-[c;r6]"",
    ""description"": ""The C5 ring carbon of cytosine, flanked by the amino-bearing C4 and C6."",
    ""uncertainty"": ""30""
  },
  {
    ""atom_type"": 338,
    ""element"": ""C"",
    ""chemical_environment"": ""cytosine C6 aromatic carbon adjacent to N1 and C5"",
    ""functional_group"": ""cytosine ring carbon"",
    ""hybridization"": ""sp2"",
    ""example_molecule_smiles"": ""Nc1ncc(=O)[nH]1"",
    ""group_smarts"": ""[cH;r6](-[n;r6])-[c;r6]"",
    ""atom_specific_smarts"": ""[cH;r6](-[n;r6])-[c;r6]"",
    ""description"": ""The C6 ring carbon in cytosine, bonded to N1 and C5 in the pyrimidine ring."",
    ""uncertainty"": ""30""
  },
  {
    ""atom_type"": 347,
    ""element"": ""C"",
    ""chemical_environment"": ""adenine C2 aromatic carbon in the six-membered ring, adjacent to two ring nitrogens"",
    ""functional_group"": ""adenine (6-aminopurine) ring carbon"",
    ""hybridization"": ""sp2"",
    ""example_molecule_smiles"": ""Nc1ncnc2ncccc12"",
    ""group_smarts"": ""[c;r6]([n;r5,r6])[n;r6]"",
    ""atom_specific_smarts"": ""[cH0;X3;r6]([n;r5,r6])[n;r6]"",
    ""description"": ""The C2 carbon in adenine, an sp2 ring carbon between N1 and N3 within the purine system."",
    ""uncertainty"": ""35""
  },
  {
    ""atom_type"": 349,
    ""element"": ""C"",
    ""chemical_environment"": ""adenine C4 aromatic carbon in the six-membered ring next to N3 and C5"",
    ""functional_group"": ""adenine (6-aminopurine) ring carbon"",
    ""hybridization"": ""sp2"",
    ""example_molecule_smiles"": ""Nc1ncnc2ncccc12"",
    ""group_smarts"": ""[c;r6]([n;r6])[c;r6]"",
    ""atom_specific_smarts"": ""[cH;X3;r6]([n;r6])[c;r6]"",
    ""description"": ""The C4 carbon in adenine, an sp2 ring carbon adjacent to N3 and C5 in the six-membered ring."",
    ""uncertainty"": ""40""
  },
  {
    ""atom_type"": 350,
    ""element"": ""C"",
    ""chemical_environment"": ""adenine C5 aromatic carbon in the six-membered ring fused to the five-membered imidazole (adjacent to N7)"",
    ""functional_group"": ""adenine (6-aminopurine) fused-ring carbon"",
    ""hybridization"": ""sp2"",
    ""example_molecule_smiles"": ""Nc1ncnc2ncccc12"",
    ""group_smarts"": ""[c;r6]([c;r6])[n;r5]"",
    ""atom_specific_smarts"": ""[cH;X3;r6]([c;r6])[n;r5]"",
    ""description"": ""The C5 carbon in adenine, an sp2 carbon of the six-membered ring bonded to the five-membered ring nitrogen (N7)."",
    ""uncertainty"": ""40""
  }
]"
334,0.55,C  - C~   | Cytosine C2,12.011,oplsaa.lt,C,6,"Convert the following OPLS-AA atom type rows:

Atom Type Data:
- Atom index: 302
- Force field raw info: C  - CA   | C: guanidinium C+
- Partial charge: 0.64
- Atomic mass: 12.011
- Element guess: C
- Atomic number: 6
- Source file: oplsaa.lt


Atom Type Data:
- Atom index: 305
- Force field raw info: C  - CT   | C: CH3, methylguanidinium
- Partial charge: 0.2
- Atomic mass: 12.011
- Element guess: C
- Atomic number: 6
- Source file: oplsaa.lt


Atom Type Data:
- Atom index: 306
- Force field raw info: C  - CT   | C: CH3, ethylguanidinium
- Partial charge: -0.11
- Atomic mass: 12.011
- Element guess: C
- Atomic number: 6
- Source file: oplsaa.lt


Atom Type Data:
- Atom index: 307
- Force field raw info: C  - CT   | C: CH2(D), ARG, ethylguanidinium
- Partial charge: 0.19
- Atomic mass: 12.011
- Element guess: C
- Atomic number: 6
- Source file: oplsaa.lt


Atom Type Data:
- Atom index: 308
- Force field raw info: C  - CT   | C: CH2(G), ARG
- Partial charge: -0.05
- Atomic mass: 12.011
- Element guess: C
- Atomic number: 6
- Source file: oplsaa.lt


Atom Type Data:
- Atom index: 312
- Force field raw info: C  - CA   | DAP C2 pyridine
- Partial charge: 0.36
- Atomic mass: 12.011
- Element guess: C
- Atomic number: 6
- Source file: oplsaa.lt


Atom Type Data:
- Atom index: 315
- Force field raw info: C  - CA   | DAP C3
- Partial charge: -0.15
- Atomic mass: 12.011
- Element guess: C
- Atomic number: 6
- Source file: oplsaa.lt


Atom Type Data:
- Atom index: 317
- Force field raw info: C  - CA   | DAP C4
- Partial charge: -0.04
- Atomic mass: 12.011
- Element guess: C
- Atomic number: 6
- Source file: oplsaa.lt


Atom Type Data:
- Atom index: 320
- Force field raw info: C  - C~   | Uracil C2
- Partial charge: 0.5
- Atomic mass: 12.011
- Element guess: C
- Atomic number: 6
- Source file: oplsaa.lt


Atom Type Data:
- Atom index: 322
- Force field raw info: C  - C~   | Uracil C4
- Partial charge: 0.45
- Atomic mass: 12.011
- Element guess: C
- Atomic number: 6
- Source file: oplsaa.lt


Atom Type Data:
- Atom index: 323
- Force field raw info: C  - CM   | Uracil C5
- Partial charge: -0.07
- Atomic mass: 12.011
- Element guess: C
- Atomic number: 6
- Source file: oplsaa.lt


Atom Type Data:
- Atom index: 324
- Force field raw info: C  - CM   | Uracil C6
- Partial charge: 0.08
- Atomic mass: 12.011
- Element guess: C
- Atomic number: 6
- Source file: oplsaa.lt


Atom Type Data:
- Atom index: 331
- Force field raw info: C  - CT   | Thymine C-C5
- Partial charge: -0.14
- Atomic mass: 12.011
- Element guess: C
- Atomic number: 6
- Source file: oplsaa.lt


Atom Type Data:
- Atom index: 334
- Force field raw info: C  - C~   | Cytosine C2
- Partial charge: 0.55
- Atomic mass: 12.011
- Element guess: C
- Atomic number: 6
- Source file: oplsaa.lt


Atom Type Data:
- Atom index: 336
- Force field raw info: C  - CA   | Cytosine C4 Nucleotide base
- Partial charge: 0.46
- Atomic mass: 12.011
- Element guess: C
- Atomic number: 6
- Source file: oplsaa.lt


Atom Type Data:
- Atom index: 337
- Force field raw info: C  - CM   | Cytosine C5 parameters:
- Partial charge: -0.06
- Atomic mass: 12.011
- Element guess: C
- Atomic number: 6
- Source file: oplsaa.lt


Atom Type Data:
- Atom index: 338
- Force field raw info: C  - CM   | Cytosine C6 JACS,113,2810(1991)
- Partial charge: 0.1
- Atomic mass: 12.011
- Element guess: C
- Atomic number: 6
- Source file: oplsaa.lt


Atom Type Data:
- Atom index: 347
- Force field raw info: C  - CQ   | Adenine C2
- Partial charge: 0.22
- Atomic mass: 12.011
- Element guess: C
- Atomic number: 6
- Source file: oplsaa.lt


Atom Type Data:
- Atom index: 349
- Force field raw info: C  - CB   | Adenine C4
- Partial charge: 0.38
- Atomic mass: 12.011
- Element guess: C
- Atomic number: 6
- Source file: oplsaa.lt


Atom Type Data:
- Atom index: 350
- Force field raw info: C  - CB   | Adenine C5
- Partial charge: 0.15
- Atomic mass: 12.011
- Element guess: C
- Atomic number: 6
- Source file: oplsaa.lt
","[
  {
    ""atom_type"": 302,
    ""element"": ""C"",
    ""chemical_environment"": ""central sp2 carbon of a guanidinium (amidinium) group, bonded to three nitrogens (two single, one double)"",
    ""functional_group"": ""guanidinium (amidinium)"",
    ""hybridization"": ""sp2"",
    ""example_molecule_smiles"": ""NC(=NH)N"",
    ""group_smarts"": ""[N;X3]-[C;X3](=[N;X2,X3])(-[N;X3])"",
    ""atom_specific_smarts"": ""[C;X3;H0](=[N;X2,X3])(-[N;X3])-[N;X3]"",
    ""description"": ""The C+ center in guanidinium: the carbon bound to three nitrogens (resonance-stabilized amidinium center)."",
    ""uncertainty"": ""10""
  },
  {
    ""atom_type"": 305,
    ""element"": ""C"",
    ""chemical_environment"": ""terminal methyl carbon attached to a guanidinium nitrogen (N-alkyl guanidinium)"",
    ""functional_group"": ""N-methyl guanidinium"",
    ""hybridization"": ""sp3"",
    ""example_molecule_smiles"": ""CNC(=NH)N"",
    ""group_smarts"": ""[C;X4]-[N;X3]-[C;X3](=N)-[N;X3]"",
    ""atom_specific_smarts"": ""[CH3X4]-[N;X3]-[C;X3](=N)-[N;X3]"",
    ""description"": ""The methyl carbon directly bonded to a guanidinium nitrogen in methylguanidinium."",
    ""uncertainty"": ""15""
  },
  {
    ""atom_type"": 306,
    ""element"": ""C"",
    ""chemical_environment"": ""terminal methyl of an ethyl substituent attached to a guanidinium nitrogen"",
    ""functional_group"": ""N-ethyl guanidinium (terminal CH3)"",
    ""hybridization"": ""sp3"",
    ""example_molecule_smiles"": ""CCNC(=NH)N"",
    ""group_smarts"": ""[CH3X4]-[CH2X4]-[N;X3]-[C;X3](=N)-[N;X3]"",
    ""atom_specific_smarts"": ""[CH3X4]-[CH2X4]-[N;X3]-[C;X3](=N)-[N;X3]"",
    ""description"": ""The terminal CH3 group of an ethyl chain attached to a guanidinium nitrogen."",
    ""uncertainty"": ""15""
  },
  {
    ""atom_type"": 307,
    ""element"": ""C"",
    ""chemical_environment"": ""methylene carbon directly attached to a guanidinium nitrogen (Arg CD or ethylguanidinium CH2 next to N)"",
    ""functional_group"": ""N-alkyl guanidinium (alpha-CH2 to N)"",
    ""hybridization"": ""sp3"",
    ""example_molecule_smiles"": ""CCNC(=NH)N"",
    ""group_smarts"": ""[CH2X4]-[N;X3]-[C;X3](=N)-[N;X3]"",
    ""atom_specific_smarts"": ""[CH2X4]-[N;X3]-[C;X3](=N)-[N;X3]"",
    ""description"": ""The CH2 directly bonded to the guanidinium nitrogen (Arg CD or ethylguanidinium N-CH2)."",
    ""uncertainty"": ""15""
  },
  {
    ""atom_type"": 308,
    ""element"": ""C"",
    ""chemical_environment"": ""methylene carbon two bonds away from a guanidinium nitrogen (Arg CG)"",
    ""functional_group"": ""aliphatic chain leading to guanidinium (beta to N)"",
    ""hybridization"": ""sp3"",
    ""example_molecule_smiles"": ""NCCCN=C(N)N"",
    ""group_smarts"": ""[CH2X4]-[CH2X4]-[N;X3]-[C;X3](=N)-[N;X3]"",
    ""atom_specific_smarts"": ""[CH2X4]-[CH2X4]-[N;X3]-[C;X3](=N)-[N;X3]"",
    ""description"": ""The CH2 two atoms away from the guanidinium nitrogen in an arginine-like chain (gamma position)."",
    ""uncertainty"": ""15""
  },
  {
    ""atom_type"": 312,
    ""element"": ""C"",
    ""chemical_environment"": ""aromatic carbon alpha to ring N in pyridine bearing an exocyclic amino (DAP C2/C6 positions)"",
    ""functional_group"": ""2,6-diaminopyridine (DAP) ring carbon bearing NH2"",
    ""hybridization"": ""sp2"",
    ""example_molecule_smiles"": ""n1c(N)cccc1N"",
    ""group_smarts"": ""n1c(N)cccc1N"",
    ""atom_specific_smarts"": ""[cH0;X3;r6](-[NH2])[n;r6]"",
    ""description"": ""The C2 position in DAP: an aromatic carbon adjacent to ring N and substituted by an exocyclic –NH2."",
    ""uncertainty"": ""35""
  },
  {
    ""atom_type"": 315,
    ""element"": ""C"",
    ""chemical_environment"": ""aromatic carbon next to an amino-substituted alpha carbon in 2,6-diaminopyridine (DAP C3)"",
    ""functional_group"": ""2,6-diaminopyridine (DAP) ring carbon"",
    ""hybridization"": ""sp2"",
    ""example_molecule_smiles"": ""n1c(N)cccc1N"",
    ""group_smarts"": ""n1c(N)cccc1N"",
    ""atom_specific_smarts"": ""[cH;X3;r6]([c;r6][n;r6])[c;r6]"",
    ""description"": ""The C3 position in DAP: an aromatic carbon adjacent to the amino-bearing C2 and to the ring N."",
    ""uncertainty"": ""50""
  },
  {
    ""atom_type"": 317,
    ""element"": ""C"",
    ""chemical_environment"": ""aromatic carbon in 2,6-diaminopyridine para to the ring N (DAP C4)"",
    ""functional_group"": ""2,6-diaminopyridine (DAP) ring carbon"",
    ""hybridization"": ""sp2"",
    ""example_molecule_smiles"": ""n1c(N)cccc1N"",
    ""group_smarts"": ""n1c(N)cccc1N"",
    ""atom_specific_smarts"": ""[cH;X3;r6]([c;r6])[c;r6]"",
    ""description"": ""The C4 position in DAP: an internal ring carbon between two carbons, not bearing exocyclic substituents."",
    ""uncertainty"": ""60""
  },
  {
    ""atom_type"": 320,
    ""element"": ""C"",
    ""chemical_environment"": ""uracil C2 carbonyl carbon (imide carbonyl bound to two ring nitrogens)"",
    ""functional_group"": ""pyrimidine-2,4-dione (uracil) carbonyl"",
    ""hybridization"": ""sp2"",
    ""example_molecule_smiles"": ""O=c1[nH]cc(=O)[nH]1"",
    ""group_smarts"": ""[C;X3](=O)(-[n;r6])-[n;r6]"",
    ""atom_specific_smarts"": ""[C;X3;H0](=O)(-[n;r6])-[n;r6]"",
    ""description"": ""The C2 carbonyl carbon of uracil, bonded to two ring nitrogens (N1 and N3)."",
    ""uncertainty"": ""20""
  },
  {
    ""atom_type"": 322,
    ""element"": ""C"",
    ""chemical_environment"": ""uracil C4 carbonyl carbon (imide carbonyl bound to N3 and C5)"",
    ""functional_group"": ""pyrimidine-2,4-dione (uracil) carbonyl"",
    ""hybridization"": ""sp2"",
    ""example_molecule_smiles"": ""O=c1[nH]cc(=O)[nH]1"",
    ""group_smarts"": ""[C;X3](=O)(-[n;r6])-[c;r6]"",
    ""atom_specific_smarts"": ""[C;X3;H0](=O)(-[n;r6])-[c;r6]"",
    ""description"": ""The C4 carbonyl carbon of uracil, adjacent to N3 and ring carbon C5."",
    ""uncertainty"": ""20""
  },
  {
    ""atom_type"": 323,
    ""element"": ""C"",
    ""chemical_environment"": ""uracil C5 aromatic carbon between the C4 carbonyl and C6"",
    ""functional_group"": ""uracil ring carbon"",
    ""hybridization"": ""sp2"",
    ""example_molecule_smiles"": ""O=c1[nH]cc(=O)[nH]1"",
    ""group_smarts"": ""[cH;r6](-[C;X3](=O)-[n;r6])-[c;r6]"",
    ""atom_specific_smarts"": ""[cH;r6](-[C;X3](=O)-[n;r6])-[c;r6]"",
    ""description"": ""The C5 carbon in uracil, an sp2 ring carbon flanked by C4=O and C6."",
    ""uncertainty"": ""25""
  },
  {
    ""atom_type"": 324,
    ""element"": ""C"",
    ""chemical_environment"": ""uracil C6 aromatic carbon adjacent to N1 and C5"",
    ""functional_group"": ""uracil ring carbon"",
    ""hybridization"": ""sp2"",
    ""example_molecule_smiles"": ""O=c1[nH]cc(=O)[nH]1"",
    ""group_smarts"": ""[cH;r6](-[n;r6])-[c;r6]"",
    ""atom_specific_smarts"": ""[cH;r6](-[n;r6])-[c;r6]"",
    ""description"": ""The C6 carbon in uracil, bonded to N1 and C5 within the pyrimidine ring."",
    ""uncertainty"": ""25""
  },
  {
    ""atom_type"": 331,
    ""element"": ""C"",
    ""chemical_environment"": ""methyl carbon attached to C5 of thymine (5-methyluracil)"",
    ""functional_group"": ""thymine 5-methyl"",
    ""hybridization"": ""sp3"",
    ""example_molecule_smiles"": ""O=c1[nH]c(C)c(=O)[nH]1"",
    ""group_smarts"": ""[CH3X4]-[c;r6](-[C;X3](=O)-[n;r6])-[c;r6]"",
    ""atom_specific_smarts"": ""[CH3X4]-[c;r6](-[C;X3](=O)-[n;r6])-[c;r6]"",
    ""description"": ""The C5-methyl carbon on thymine, bonded to the C5 ring carbon of a uracil-like ring."",
    ""uncertainty"": ""20""
  },
  {
    ""atom_type"": 334,
    ""element"": ""C"",
    ""chemical_environment"": ""cytosine C2 carbonyl carbon (imide carbonyl bound to two ring nitrogens)"",
    ""functional_group"": ""pyrimidin-2-one (cytosine) carbonyl"",
    ""hybridization"": ""sp2"",
    ""example_molecule_smiles"": ""Nc1ncc(=O)[nH]1"",
    ""group_smarts"": ""[C;X3](=O)(-[n;r6])-[n;r6]"",
    ""atom_specific_smarts"": ""[C;X3;H0](=O)(-[n;r6])-[n;r6]"",
    ""description"": ""The C2 carbonyl carbon of cytosine, attached to both ring nitrogens (N1 and N3)."",
    ""uncertainty"": ""25""
  },
  {
    ""atom_type"": 336,
    ""element"": ""C"",
    ""chemical_environment"": ""cytosine C4 aromatic carbon bearing an exocyclic amino group"",
    ""functional_group"": ""cytosine ring carbon attached to –NH2"",
    ""hybridization"": ""sp2"",
    ""example_molecule_smiles"": ""Nc1ncc(=O)[nH]1"",
    ""group_smarts"": ""[cH0;X3;r6](-[NH2])-[n;r6]"",
    ""atom_specific_smarts"": ""[cH0;X3;r6](-[NH2])-[n;r6]"",
    ""description"": ""The C4 carbon in cytosine that carries the exocyclic amino substituent."",
    ""uncertainty"": ""25""
  },
  {
    ""atom_type"": 337,
    ""element"": ""C"",
    ""chemical_environment"": ""cytosine C5 aromatic carbon between C4(NH2) and C6"",
    ""functional_group"": ""cytosine ring carbon"",
    ""hybridization"": ""sp2"",
    ""example_molecule_smiles"": ""Nc1ncc(=O)[nH]1"",
    ""group_smarts"": ""[cH;r6](-[c;r6](-[NH2]))-[c;r6]"",
    ""atom_specific_smarts"": ""[cH;r6](-[c;r6](-[NH2]))-[c;r6]"",
    ""description"": ""The C5 ring carbon of cytosine, flanked by the amino-bearing C4 and C6."",
    ""uncertainty"": ""30""
  },
  {
    ""atom_type"": 338,
    ""element"": ""C"",
    ""chemical_environment"": ""cytosine C6 aromatic carbon adjacent to N1 and C5"",
    ""functional_group"": ""cytosine ring carbon"",
    ""hybridization"": ""sp2"",
    ""example_molecule_smiles"": ""Nc1ncc(=O)[nH]1"",
    ""group_smarts"": ""[cH;r6](-[n;r6])-[c;r6]"",
    ""atom_specific_smarts"": ""[cH;r6](-[n;r6])-[c;r6]"",
    ""description"": ""The C6 ring carbon in cytosine, bonded to N1 and C5 in the pyrimidine ring."",
    ""uncertainty"": ""30""
  },
  {
    ""atom_type"": 347,
    ""element"": ""C"",
    ""chemical_environment"": ""adenine C2 aromatic carbon in the six-membered ring, adjacent to two ring nitrogens"",
    ""functional_group"": ""adenine (6-aminopurine) ring carbon"",
    ""hybridization"": ""sp2"",
    ""example_molecule_smiles"": ""Nc1ncnc2ncccc12"",
    ""group_smarts"": ""[c;r6]([n;r5,r6])[n;r6]"",
    ""atom_specific_smarts"": ""[cH0;X3;r6]([n;r5,r6])[n;r6]"",
    ""description"": ""The C2 carbon in adenine, an sp2 ring carbon between N1 and N3 within the purine system."",
    ""uncertainty"": ""35""
  },
  {
    ""atom_type"": 349,
    ""element"": ""C"",
    ""chemical_environment"": ""adenine C4 aromatic carbon in the six-membered ring next to N3 and C5"",
    ""functional_group"": ""adenine (6-aminopurine) ring carbon"",
    ""hybridization"": ""sp2"",
    ""example_molecule_smiles"": ""Nc1ncnc2ncccc12"",
    ""group_smarts"": ""[c;r6]([n;r6])[c;r6]"",
    ""atom_specific_smarts"": ""[cH;X3;r6]([n;r6])[c;r6]"",
    ""description"": ""The C4 carbon in adenine, an sp2 ring carbon adjacent to N3 and C5 in the six-membered ring."",
    ""uncertainty"": ""40""
  },
  {
    ""atom_type"": 350,
    ""element"": ""C"",
    ""chemical_environment"": ""adenine C5 aromatic carbon in the six-membered ring fused to the five-membered imidazole (adjacent to N7)"",
    ""functional_group"": ""adenine (6-aminopurine) fused-ring carbon"",
    ""hybridization"": ""sp2"",
    ""example_molecule_smiles"": ""Nc1ncnc2ncccc12"",
    ""group_smarts"": ""[c;r6]([c;r6])[n;r5]"",
    ""atom_specific_smarts"": ""[cH;X3;r6]([c;r6])[n;r5]"",
    ""description"": ""The C5 carbon in adenine, an sp2 carbon of the six-membered ring bonded to the five-membered ring nitrogen (N7)."",
    ""uncertainty"": ""40""
  }
]"
336,0.46,C  - CA   | Cytosine C4 Nucleotide base,12.011,oplsaa.lt,C,6,"Convert the following OPLS-AA atom type rows:

Atom Type Data:
- Atom index: 302
- Force field raw info: C  - CA   | C: guanidinium C+
- Partial charge: 0.64
- Atomic mass: 12.011
- Element guess: C
- Atomic number: 6
- Source file: oplsaa.lt


Atom Type Data:
- Atom index: 305
- Force field raw info: C  - CT   | C: CH3, methylguanidinium
- Partial charge: 0.2
- Atomic mass: 12.011
- Element guess: C
- Atomic number: 6
- Source file: oplsaa.lt


Atom Type Data:
- Atom index: 306
- Force field raw info: C  - CT   | C: CH3, ethylguanidinium
- Partial charge: -0.11
- Atomic mass: 12.011
- Element guess: C
- Atomic number: 6
- Source file: oplsaa.lt


Atom Type Data:
- Atom index: 307
- Force field raw info: C  - CT   | C: CH2(D), ARG, ethylguanidinium
- Partial charge: 0.19
- Atomic mass: 12.011
- Element guess: C
- Atomic number: 6
- Source file: oplsaa.lt


Atom Type Data:
- Atom index: 308
- Force field raw info: C  - CT   | C: CH2(G), ARG
- Partial charge: -0.05
- Atomic mass: 12.011
- Element guess: C
- Atomic number: 6
- Source file: oplsaa.lt


Atom Type Data:
- Atom index: 312
- Force field raw info: C  - CA   | DAP C2 pyridine
- Partial charge: 0.36
- Atomic mass: 12.011
- Element guess: C
- Atomic number: 6
- Source file: oplsaa.lt


Atom Type Data:
- Atom index: 315
- Force field raw info: C  - CA   | DAP C3
- Partial charge: -0.15
- Atomic mass: 12.011
- Element guess: C
- Atomic number: 6
- Source file: oplsaa.lt


Atom Type Data:
- Atom index: 317
- Force field raw info: C  - CA   | DAP C4
- Partial charge: -0.04
- Atomic mass: 12.011
- Element guess: C
- Atomic number: 6
- Source file: oplsaa.lt


Atom Type Data:
- Atom index: 320
- Force field raw info: C  - C~   | Uracil C2
- Partial charge: 0.5
- Atomic mass: 12.011
- Element guess: C
- Atomic number: 6
- Source file: oplsaa.lt


Atom Type Data:
- Atom index: 322
- Force field raw info: C  - C~   | Uracil C4
- Partial charge: 0.45
- Atomic mass: 12.011
- Element guess: C
- Atomic number: 6
- Source file: oplsaa.lt


Atom Type Data:
- Atom index: 323
- Force field raw info: C  - CM   | Uracil C5
- Partial charge: -0.07
- Atomic mass: 12.011
- Element guess: C
- Atomic number: 6
- Source file: oplsaa.lt


Atom Type Data:
- Atom index: 324
- Force field raw info: C  - CM   | Uracil C6
- Partial charge: 0.08
- Atomic mass: 12.011
- Element guess: C
- Atomic number: 6
- Source file: oplsaa.lt


Atom Type Data:
- Atom index: 331
- Force field raw info: C  - CT   | Thymine C-C5
- Partial charge: -0.14
- Atomic mass: 12.011
- Element guess: C
- Atomic number: 6
- Source file: oplsaa.lt


Atom Type Data:
- Atom index: 334
- Force field raw info: C  - C~   | Cytosine C2
- Partial charge: 0.55
- Atomic mass: 12.011
- Element guess: C
- Atomic number: 6
- Source file: oplsaa.lt


Atom Type Data:
- Atom index: 336
- Force field raw info: C  - CA   | Cytosine C4 Nucleotide base
- Partial charge: 0.46
- Atomic mass: 12.011
- Element guess: C
- Atomic number: 6
- Source file: oplsaa.lt


Atom Type Data:
- Atom index: 337
- Force field raw info: C  - CM   | Cytosine C5 parameters:
- Partial charge: -0.06
- Atomic mass: 12.011
- Element guess: C
- Atomic number: 6
- Source file: oplsaa.lt


Atom Type Data:
- Atom index: 338
- Force field raw info: C  - CM   | Cytosine C6 JACS,113,2810(1991)
- Partial charge: 0.1
- Atomic mass: 12.011
- Element guess: C
- Atomic number: 6
- Source file: oplsaa.lt


Atom Type Data:
- Atom index: 347
- Force field raw info: C  - CQ   | Adenine C2
- Partial charge: 0.22
- Atomic mass: 12.011
- Element guess: C
- Atomic number: 6
- Source file: oplsaa.lt


Atom Type Data:
- Atom index: 349
- Force field raw info: C  - CB   | Adenine C4
- Partial charge: 0.38
- Atomic mass: 12.011
- Element guess: C
- Atomic number: 6
- Source file: oplsaa.lt


Atom Type Data:
- Atom index: 350
- Force field raw info: C  - CB   | Adenine C5
- Partial charge: 0.15
- Atomic mass: 12.011
- Element guess: C
- Atomic number: 6
- Source file: oplsaa.lt
","[
  {
    ""atom_type"": 302,
    ""element"": ""C"",
    ""chemical_environment"": ""central sp2 carbon of a guanidinium (amidinium) group, bonded to three nitrogens (two single, one double)"",
    ""functional_group"": ""guanidinium (amidinium)"",
    ""hybridization"": ""sp2"",
    ""example_molecule_smiles"": ""NC(=NH)N"",
    ""group_smarts"": ""[N;X3]-[C;X3](=[N;X2,X3])(-[N;X3])"",
    ""atom_specific_smarts"": ""[C;X3;H0](=[N;X2,X3])(-[N;X3])-[N;X3]"",
    ""description"": ""The C+ center in guanidinium: the carbon bound to three nitrogens (resonance-stabilized amidinium center)."",
    ""uncertainty"": ""10""
  },
  {
    ""atom_type"": 305,
    ""element"": ""C"",
    ""chemical_environment"": ""terminal methyl carbon attached to a guanidinium nitrogen (N-alkyl guanidinium)"",
    ""functional_group"": ""N-methyl guanidinium"",
    ""hybridization"": ""sp3"",
    ""example_molecule_smiles"": ""CNC(=NH)N"",
    ""group_smarts"": ""[C;X4]-[N;X3]-[C;X3](=N)-[N;X3]"",
    ""atom_specific_smarts"": ""[CH3X4]-[N;X3]-[C;X3](=N)-[N;X3]"",
    ""description"": ""The methyl carbon directly bonded to a guanidinium nitrogen in methylguanidinium."",
    ""uncertainty"": ""15""
  },
  {
    ""atom_type"": 306,
    ""element"": ""C"",
    ""chemical_environment"": ""terminal methyl of an ethyl substituent attached to a guanidinium nitrogen"",
    ""functional_group"": ""N-ethyl guanidinium (terminal CH3)"",
    ""hybridization"": ""sp3"",
    ""example_molecule_smiles"": ""CCNC(=NH)N"",
    ""group_smarts"": ""[CH3X4]-[CH2X4]-[N;X3]-[C;X3](=N)-[N;X3]"",
    ""atom_specific_smarts"": ""[CH3X4]-[CH2X4]-[N;X3]-[C;X3](=N)-[N;X3]"",
    ""description"": ""The terminal CH3 group of an ethyl chain attached to a guanidinium nitrogen."",
    ""uncertainty"": ""15""
  },
  {
    ""atom_type"": 307,
    ""element"": ""C"",
    ""chemical_environment"": ""methylene carbon directly attached to a guanidinium nitrogen (Arg CD or ethylguanidinium CH2 next to N)"",
    ""functional_group"": ""N-alkyl guanidinium (alpha-CH2 to N)"",
    ""hybridization"": ""sp3"",
    ""example_molecule_smiles"": ""CCNC(=NH)N"",
    ""group_smarts"": ""[CH2X4]-[N;X3]-[C;X3](=N)-[N;X3]"",
    ""atom_specific_smarts"": ""[CH2X4]-[N;X3]-[C;X3](=N)-[N;X3]"",
    ""description"": ""The CH2 directly bonded to the guanidinium nitrogen (Arg CD or ethylguanidinium N-CH2)."",
    ""uncertainty"": ""15""
  },
  {
    ""atom_type"": 308,
    ""element"": ""C"",
    ""chemical_environment"": ""methylene carbon two bonds away from a guanidinium nitrogen (Arg CG)"",
    ""functional_group"": ""aliphatic chain leading to guanidinium (beta to N)"",
    ""hybridization"": ""sp3"",
    ""example_molecule_smiles"": ""NCCCN=C(N)N"",
    ""group_smarts"": ""[CH2X4]-[CH2X4]-[N;X3]-[C;X3](=N)-[N;X3]"",
    ""atom_specific_smarts"": ""[CH2X4]-[CH2X4]-[N;X3]-[C;X3](=N)-[N;X3]"",
    ""description"": ""The CH2 two atoms away from the guanidinium nitrogen in an arginine-like chain (gamma position)."",
    ""uncertainty"": ""15""
  },
  {
    ""atom_type"": 312,
    ""element"": ""C"",
    ""chemical_environment"": ""aromatic carbon alpha to ring N in pyridine bearing an exocyclic amino (DAP C2/C6 positions)"",
    ""functional_group"": ""2,6-diaminopyridine (DAP) ring carbon bearing NH2"",
    ""hybridization"": ""sp2"",
    ""example_molecule_smiles"": ""n1c(N)cccc1N"",
    ""group_smarts"": ""n1c(N)cccc1N"",
    ""atom_specific_smarts"": ""[cH0;X3;r6](-[NH2])[n;r6]"",
    ""description"": ""The C2 position in DAP: an aromatic carbon adjacent to ring N and substituted by an exocyclic –NH2."",
    ""uncertainty"": ""35""
  },
  {
    ""atom_type"": 315,
    ""element"": ""C"",
    ""chemical_environment"": ""aromatic carbon next to an amino-substituted alpha carbon in 2,6-diaminopyridine (DAP C3)"",
    ""functional_group"": ""2,6-diaminopyridine (DAP) ring carbon"",
    ""hybridization"": ""sp2"",
    ""example_molecule_smiles"": ""n1c(N)cccc1N"",
    ""group_smarts"": ""n1c(N)cccc1N"",
    ""atom_specific_smarts"": ""[cH;X3;r6]([c;r6][n;r6])[c;r6]"",
    ""description"": ""The C3 position in DAP: an aromatic carbon adjacent to the amino-bearing C2 and to the ring N."",
    ""uncertainty"": ""50""
  },
  {
    ""atom_type"": 317,
    ""element"": ""C"",
    ""chemical_environment"": ""aromatic carbon in 2,6-diaminopyridine para to the ring N (DAP C4)"",
    ""functional_group"": ""2,6-diaminopyridine (DAP) ring carbon"",
    ""hybridization"": ""sp2"",
    ""example_molecule_smiles"": ""n1c(N)cccc1N"",
    ""group_smarts"": ""n1c(N)cccc1N"",
    ""atom_specific_smarts"": ""[cH;X3;r6]([c;r6])[c;r6]"",
    ""description"": ""The C4 position in DAP: an internal ring carbon between two carbons, not bearing exocyclic substituents."",
    ""uncertainty"": ""60""
  },
  {
    ""atom_type"": 320,
    ""element"": ""C"",
    ""chemical_environment"": ""uracil C2 carbonyl carbon (imide carbonyl bound to two ring nitrogens)"",
    ""functional_group"": ""pyrimidine-2,4-dione (uracil) carbonyl"",
    ""hybridization"": ""sp2"",
    ""example_molecule_smiles"": ""O=c1[nH]cc(=O)[nH]1"",
    ""group_smarts"": ""[C;X3](=O)(-[n;r6])-[n;r6]"",
    ""atom_specific_smarts"": ""[C;X3;H0](=O)(-[n;r6])-[n;r6]"",
    ""description"": ""The C2 carbonyl carbon of uracil, bonded to two ring nitrogens (N1 and N3)."",
    ""uncertainty"": ""20""
  },
  {
    ""atom_type"": 322,
    ""element"": ""C"",
    ""chemical_environment"": ""uracil C4 carbonyl carbon (imide carbonyl bound to N3 and C5)"",
    ""functional_group"": ""pyrimidine-2,4-dione (uracil) carbonyl"",
    ""hybridization"": ""sp2"",
    ""example_molecule_smiles"": ""O=c1[nH]cc(=O)[nH]1"",
    ""group_smarts"": ""[C;X3](=O)(-[n;r6])-[c;r6]"",
    ""atom_specific_smarts"": ""[C;X3;H0](=O)(-[n;r6])-[c;r6]"",
    ""description"": ""The C4 carbonyl carbon of uracil, adjacent to N3 and ring carbon C5."",
    ""uncertainty"": ""20""
  },
  {
    ""atom_type"": 323,
    ""element"": ""C"",
    ""chemical_environment"": ""uracil C5 aromatic carbon between the C4 carbonyl and C6"",
    ""functional_group"": ""uracil ring carbon"",
    ""hybridization"": ""sp2"",
    ""example_molecule_smiles"": ""O=c1[nH]cc(=O)[nH]1"",
    ""group_smarts"": ""[cH;r6](-[C;X3](=O)-[n;r6])-[c;r6]"",
    ""atom_specific_smarts"": ""[cH;r6](-[C;X3](=O)-[n;r6])-[c;r6]"",
    ""description"": ""The C5 carbon in uracil, an sp2 ring carbon flanked by C4=O and C6."",
    ""uncertainty"": ""25""
  },
  {
    ""atom_type"": 324,
    ""element"": ""C"",
    ""chemical_environment"": ""uracil C6 aromatic carbon adjacent to N1 and C5"",
    ""functional_group"": ""uracil ring carbon"",
    ""hybridization"": ""sp2"",
    ""example_molecule_smiles"": ""O=c1[nH]cc(=O)[nH]1"",
    ""group_smarts"": ""[cH;r6](-[n;r6])-[c;r6]"",
    ""atom_specific_smarts"": ""[cH;r6](-[n;r6])-[c;r6]"",
    ""description"": ""The C6 carbon in uracil, bonded to N1 and C5 within the pyrimidine ring."",
    ""uncertainty"": ""25""
  },
  {
    ""atom_type"": 331,
    ""element"": ""C"",
    ""chemical_environment"": ""methyl carbon attached to C5 of thymine (5-methyluracil)"",
    ""functional_group"": ""thymine 5-methyl"",
    ""hybridization"": ""sp3"",
    ""example_molecule_smiles"": ""O=c1[nH]c(C)c(=O)[nH]1"",
    ""group_smarts"": ""[CH3X4]-[c;r6](-[C;X3](=O)-[n;r6])-[c;r6]"",
    ""atom_specific_smarts"": ""[CH3X4]-[c;r6](-[C;X3](=O)-[n;r6])-[c;r6]"",
    ""description"": ""The C5-methyl carbon on thymine, bonded to the C5 ring carbon of a uracil-like ring."",
    ""uncertainty"": ""20""
  },
  {
    ""atom_type"": 334,
    ""element"": ""C"",
    ""chemical_environment"": ""cytosine C2 carbonyl carbon (imide carbonyl bound to two ring nitrogens)"",
    ""functional_group"": ""pyrimidin-2-one (cytosine) carbonyl"",
    ""hybridization"": ""sp2"",
    ""example_molecule_smiles"": ""Nc1ncc(=O)[nH]1"",
    ""group_smarts"": ""[C;X3](=O)(-[n;r6])-[n;r6]"",
    ""atom_specific_smarts"": ""[C;X3;H0](=O)(-[n;r6])-[n;r6]"",
    ""description"": ""The C2 carbonyl carbon of cytosine, attached to both ring nitrogens (N1 and N3)."",
    ""uncertainty"": ""25""
  },
  {
    ""atom_type"": 336,
    ""element"": ""C"",
    ""chemical_environment"": ""cytosine C4 aromatic carbon bearing an exocyclic amino group"",
    ""functional_group"": ""cytosine ring carbon attached to –NH2"",
    ""hybridization"": ""sp2"",
    ""example_molecule_smiles"": ""Nc1ncc(=O)[nH]1"",
    ""group_smarts"": ""[cH0;X3;r6](-[NH2])-[n;r6]"",
    ""atom_specific_smarts"": ""[cH0;X3;r6](-[NH2])-[n;r6]"",
    ""description"": ""The C4 carbon in cytosine that carries the exocyclic amino substituent."",
    ""uncertainty"": ""25""
  },
  {
    ""atom_type"": 337,
    ""element"": ""C"",
    ""chemical_environment"": ""cytosine C5 aromatic carbon between C4(NH2) and C6"",
    ""functional_group"": ""cytosine ring carbon"",
    ""hybridization"": ""sp2"",
    ""example_molecule_smiles"": ""Nc1ncc(=O)[nH]1"",
    ""group_smarts"": ""[cH;r6](-[c;r6](-[NH2]))-[c;r6]"",
    ""atom_specific_smarts"": ""[cH;r6](-[c;r6](-[NH2]))-[c;r6]"",
    ""description"": ""The C5 ring carbon of cytosine, flanked by the amino-bearing C4 and C6."",
    ""uncertainty"": ""30""
  },
  {
    ""atom_type"": 338,
    ""element"": ""C"",
    ""chemical_environment"": ""cytosine C6 aromatic carbon adjacent to N1 and C5"",
    ""functional_group"": ""cytosine ring carbon"",
    ""hybridization"": ""sp2"",
    ""example_molecule_smiles"": ""Nc1ncc(=O)[nH]1"",
    ""group_smarts"": ""[cH;r6](-[n;r6])-[c;r6]"",
    ""atom_specific_smarts"": ""[cH;r6](-[n;r6])-[c;r6]"",
    ""description"": ""The C6 ring carbon in cytosine, bonded to N1 and C5 in the pyrimidine ring."",
    ""uncertainty"": ""30""
  },
  {
    ""atom_type"": 347,
    ""element"": ""C"",
    ""chemical_environment"": ""adenine C2 aromatic carbon in the six-membered ring, adjacent to two ring nitrogens"",
    ""functional_group"": ""adenine (6-aminopurine) ring carbon"",
    ""hybridization"": ""sp2"",
    ""example_molecule_smiles"": ""Nc1ncnc2ncccc12"",
    ""group_smarts"": ""[c;r6]([n;r5,r6])[n;r6]"",
    ""atom_specific_smarts"": ""[cH0;X3;r6]([n;r5,r6])[n;r6]"",
    ""description"": ""The C2 carbon in adenine, an sp2 ring carbon between N1 and N3 within the purine system."",
    ""uncertainty"": ""35""
  },
  {
    ""atom_type"": 349,
    ""element"": ""C"",
    ""chemical_environment"": ""adenine C4 aromatic carbon in the six-membered ring next to N3 and C5"",
    ""functional_group"": ""adenine (6-aminopurine) ring carbon"",
    ""hybridization"": ""sp2"",
    ""example_molecule_smiles"": ""Nc1ncnc2ncccc12"",
    ""group_smarts"": ""[c;r6]([n;r6])[c;r6]"",
    ""atom_specific_smarts"": ""[cH;X3;r6]([n;r6])[c;r6]"",
    ""description"": ""The C4 carbon in adenine, an sp2 ring carbon adjacent to N3 and C5 in the six-membered ring."",
    ""uncertainty"": ""40""
  },
  {
    ""atom_type"": 350,
    ""element"": ""C"",
    ""chemical_environment"": ""adenine C5 aromatic carbon in the six-membered ring fused to the five-membered imidazole (adjacent to N7)"",
    ""functional_group"": ""adenine (6-aminopurine) fused-ring carbon"",
    ""hybridization"": ""sp2"",
    ""example_molecule_smiles"": ""Nc1ncnc2ncccc12"",
    ""group_smarts"": ""[c;r6]([c;r6])[n;r5]"",
    ""atom_specific_smarts"": ""[cH;X3;r6]([c;r6])[n;r5]"",
    ""description"": ""The C5 carbon in adenine, an sp2 carbon of the six-membered ring bonded to the five-membered ring nitrogen (N7)."",
    ""uncertainty"": ""40""
  }
]"
337,-0.06,C  - CM   | Cytosine C5 parameters:,12.011,oplsaa.lt,C,6,"Convert the following OPLS-AA atom type rows:

Atom Type Data:
- Atom index: 302
- Force field raw info: C  - CA   | C: guanidinium C+
- Partial charge: 0.64
- Atomic mass: 12.011
- Element guess: C
- Atomic number: 6
- Source file: oplsaa.lt


Atom Type Data:
- Atom index: 305
- Force field raw info: C  - CT   | C: CH3, methylguanidinium
- Partial charge: 0.2
- Atomic mass: 12.011
- Element guess: C
- Atomic number: 6
- Source file: oplsaa.lt


Atom Type Data:
- Atom index: 306
- Force field raw info: C  - CT   | C: CH3, ethylguanidinium
- Partial charge: -0.11
- Atomic mass: 12.011
- Element guess: C
- Atomic number: 6
- Source file: oplsaa.lt


Atom Type Data:
- Atom index: 307
- Force field raw info: C  - CT   | C: CH2(D), ARG, ethylguanidinium
- Partial charge: 0.19
- Atomic mass: 12.011
- Element guess: C
- Atomic number: 6
- Source file: oplsaa.lt


Atom Type Data:
- Atom index: 308
- Force field raw info: C  - CT   | C: CH2(G), ARG
- Partial charge: -0.05
- Atomic mass: 12.011
- Element guess: C
- Atomic number: 6
- Source file: oplsaa.lt


Atom Type Data:
- Atom index: 312
- Force field raw info: C  - CA   | DAP C2 pyridine
- Partial charge: 0.36
- Atomic mass: 12.011
- Element guess: C
- Atomic number: 6
- Source file: oplsaa.lt


Atom Type Data:
- Atom index: 315
- Force field raw info: C  - CA   | DAP C3
- Partial charge: -0.15
- Atomic mass: 12.011
- Element guess: C
- Atomic number: 6
- Source file: oplsaa.lt


Atom Type Data:
- Atom index: 317
- Force field raw info: C  - CA   | DAP C4
- Partial charge: -0.04
- Atomic mass: 12.011
- Element guess: C
- Atomic number: 6
- Source file: oplsaa.lt


Atom Type Data:
- Atom index: 320
- Force field raw info: C  - C~   | Uracil C2
- Partial charge: 0.5
- Atomic mass: 12.011
- Element guess: C
- Atomic number: 6
- Source file: oplsaa.lt


Atom Type Data:
- Atom index: 322
- Force field raw info: C  - C~   | Uracil C4
- Partial charge: 0.45
- Atomic mass: 12.011
- Element guess: C
- Atomic number: 6
- Source file: oplsaa.lt


Atom Type Data:
- Atom index: 323
- Force field raw info: C  - CM   | Uracil C5
- Partial charge: -0.07
- Atomic mass: 12.011
- Element guess: C
- Atomic number: 6
- Source file: oplsaa.lt


Atom Type Data:
- Atom index: 324
- Force field raw info: C  - CM   | Uracil C6
- Partial charge: 0.08
- Atomic mass: 12.011
- Element guess: C
- Atomic number: 6
- Source file: oplsaa.lt


Atom Type Data:
- Atom index: 331
- Force field raw info: C  - CT   | Thymine C-C5
- Partial charge: -0.14
- Atomic mass: 12.011
- Element guess: C
- Atomic number: 6
- Source file: oplsaa.lt


Atom Type Data:
- Atom index: 334
- Force field raw info: C  - C~   | Cytosine C2
- Partial charge: 0.55
- Atomic mass: 12.011
- Element guess: C
- Atomic number: 6
- Source file: oplsaa.lt


Atom Type Data:
- Atom index: 336
- Force field raw info: C  - CA   | Cytosine C4 Nucleotide base
- Partial charge: 0.46
- Atomic mass: 12.011
- Element guess: C
- Atomic number: 6
- Source file: oplsaa.lt


Atom Type Data:
- Atom index: 337
- Force field raw info: C  - CM   | Cytosine C5 parameters:
- Partial charge: -0.06
- Atomic mass: 12.011
- Element guess: C
- Atomic number: 6
- Source file: oplsaa.lt


Atom Type Data:
- Atom index: 338
- Force field raw info: C  - CM   | Cytosine C6 JACS,113,2810(1991)
- Partial charge: 0.1
- Atomic mass: 12.011
- Element guess: C
- Atomic number: 6
- Source file: oplsaa.lt


Atom Type Data:
- Atom index: 347
- Force field raw info: C  - CQ   | Adenine C2
- Partial charge: 0.22
- Atomic mass: 12.011
- Element guess: C
- Atomic number: 6
- Source file: oplsaa.lt


Atom Type Data:
- Atom index: 349
- Force field raw info: C  - CB   | Adenine C4
- Partial charge: 0.38
- Atomic mass: 12.011
- Element guess: C
- Atomic number: 6
- Source file: oplsaa.lt


Atom Type Data:
- Atom index: 350
- Force field raw info: C  - CB   | Adenine C5
- Partial charge: 0.15
- Atomic mass: 12.011
- Element guess: C
- Atomic number: 6
- Source file: oplsaa.lt
","[
  {
    ""atom_type"": 302,
    ""element"": ""C"",
    ""chemical_environment"": ""central sp2 carbon of a guanidinium (amidinium) group, bonded to three nitrogens (two single, one double)"",
    ""functional_group"": ""guanidinium (amidinium)"",
    ""hybridization"": ""sp2"",
    ""example_molecule_smiles"": ""NC(=NH)N"",
    ""group_smarts"": ""[N;X3]-[C;X3](=[N;X2,X3])(-[N;X3])"",
    ""atom_specific_smarts"": ""[C;X3;H0](=[N;X2,X3])(-[N;X3])-[N;X3]"",
    ""description"": ""The C+ center in guanidinium: the carbon bound to three nitrogens (resonance-stabilized amidinium center)."",
    ""uncertainty"": ""10""
  },
  {
    ""atom_type"": 305,
    ""element"": ""C"",
    ""chemical_environment"": ""terminal methyl carbon attached to a guanidinium nitrogen (N-alkyl guanidinium)"",
    ""functional_group"": ""N-methyl guanidinium"",
    ""hybridization"": ""sp3"",
    ""example_molecule_smiles"": ""CNC(=NH)N"",
    ""group_smarts"": ""[C;X4]-[N;X3]-[C;X3](=N)-[N;X3]"",
    ""atom_specific_smarts"": ""[CH3X4]-[N;X3]-[C;X3](=N)-[N;X3]"",
    ""description"": ""The methyl carbon directly bonded to a guanidinium nitrogen in methylguanidinium."",
    ""uncertainty"": ""15""
  },
  {
    ""atom_type"": 306,
    ""element"": ""C"",
    ""chemical_environment"": ""terminal methyl of an ethyl substituent attached to a guanidinium nitrogen"",
    ""functional_group"": ""N-ethyl guanidinium (terminal CH3)"",
    ""hybridization"": ""sp3"",
    ""example_molecule_smiles"": ""CCNC(=NH)N"",
    ""group_smarts"": ""[CH3X4]-[CH2X4]-[N;X3]-[C;X3](=N)-[N;X3]"",
    ""atom_specific_smarts"": ""[CH3X4]-[CH2X4]-[N;X3]-[C;X3](=N)-[N;X3]"",
    ""description"": ""The terminal CH3 group of an ethyl chain attached to a guanidinium nitrogen."",
    ""uncertainty"": ""15""
  },
  {
    ""atom_type"": 307,
    ""element"": ""C"",
    ""chemical_environment"": ""methylene carbon directly attached to a guanidinium nitrogen (Arg CD or ethylguanidinium CH2 next to N)"",
    ""functional_group"": ""N-alkyl guanidinium (alpha-CH2 to N)"",
    ""hybridization"": ""sp3"",
    ""example_molecule_smiles"": ""CCNC(=NH)N"",
    ""group_smarts"": ""[CH2X4]-[N;X3]-[C;X3](=N)-[N;X3]"",
    ""atom_specific_smarts"": ""[CH2X4]-[N;X3]-[C;X3](=N)-[N;X3]"",
    ""description"": ""The CH2 directly bonded to the guanidinium nitrogen (Arg CD or ethylguanidinium N-CH2)."",
    ""uncertainty"": ""15""
  },
  {
    ""atom_type"": 308,
    ""element"": ""C"",
    ""chemical_environment"": ""methylene carbon two bonds away from a guanidinium nitrogen (Arg CG)"",
    ""functional_group"": ""aliphatic chain leading to guanidinium (beta to N)"",
    ""hybridization"": ""sp3"",
    ""example_molecule_smiles"": ""NCCCN=C(N)N"",
    ""group_smarts"": ""[CH2X4]-[CH2X4]-[N;X3]-[C;X3](=N)-[N;X3]"",
    ""atom_specific_smarts"": ""[CH2X4]-[CH2X4]-[N;X3]-[C;X3](=N)-[N;X3]"",
    ""description"": ""The CH2 two atoms away from the guanidinium nitrogen in an arginine-like chain (gamma position)."",
    ""uncertainty"": ""15""
  },
  {
    ""atom_type"": 312,
    ""element"": ""C"",
    ""chemical_environment"": ""aromatic carbon alpha to ring N in pyridine bearing an exocyclic amino (DAP C2/C6 positions)"",
    ""functional_group"": ""2,6-diaminopyridine (DAP) ring carbon bearing NH2"",
    ""hybridization"": ""sp2"",
    ""example_molecule_smiles"": ""n1c(N)cccc1N"",
    ""group_smarts"": ""n1c(N)cccc1N"",
    ""atom_specific_smarts"": ""[cH0;X3;r6](-[NH2])[n;r6]"",
    ""description"": ""The C2 position in DAP: an aromatic carbon adjacent to ring N and substituted by an exocyclic –NH2."",
    ""uncertainty"": ""35""
  },
  {
    ""atom_type"": 315,
    ""element"": ""C"",
    ""chemical_environment"": ""aromatic carbon next to an amino-substituted alpha carbon in 2,6-diaminopyridine (DAP C3)"",
    ""functional_group"": ""2,6-diaminopyridine (DAP) ring carbon"",
    ""hybridization"": ""sp2"",
    ""example_molecule_smiles"": ""n1c(N)cccc1N"",
    ""group_smarts"": ""n1c(N)cccc1N"",
    ""atom_specific_smarts"": ""[cH;X3;r6]([c;r6][n;r6])[c;r6]"",
    ""description"": ""The C3 position in DAP: an aromatic carbon adjacent to the amino-bearing C2 and to the ring N."",
    ""uncertainty"": ""50""
  },
  {
    ""atom_type"": 317,
    ""element"": ""C"",
    ""chemical_environment"": ""aromatic carbon in 2,6-diaminopyridine para to the ring N (DAP C4)"",
    ""functional_group"": ""2,6-diaminopyridine (DAP) ring carbon"",
    ""hybridization"": ""sp2"",
    ""example_molecule_smiles"": ""n1c(N)cccc1N"",
    ""group_smarts"": ""n1c(N)cccc1N"",
    ""atom_specific_smarts"": ""[cH;X3;r6]([c;r6])[c;r6]"",
    ""description"": ""The C4 position in DAP: an internal ring carbon between two carbons, not bearing exocyclic substituents."",
    ""uncertainty"": ""60""
  },
  {
    ""atom_type"": 320,
    ""element"": ""C"",
    ""chemical_environment"": ""uracil C2 carbonyl carbon (imide carbonyl bound to two ring nitrogens)"",
    ""functional_group"": ""pyrimidine-2,4-dione (uracil) carbonyl"",
    ""hybridization"": ""sp2"",
    ""example_molecule_smiles"": ""O=c1[nH]cc(=O)[nH]1"",
    ""group_smarts"": ""[C;X3](=O)(-[n;r6])-[n;r6]"",
    ""atom_specific_smarts"": ""[C;X3;H0](=O)(-[n;r6])-[n;r6]"",
    ""description"": ""The C2 carbonyl carbon of uracil, bonded to two ring nitrogens (N1 and N3)."",
    ""uncertainty"": ""20""
  },
  {
    ""atom_type"": 322,
    ""element"": ""C"",
    ""chemical_environment"": ""uracil C4 carbonyl carbon (imide carbonyl bound to N3 and C5)"",
    ""functional_group"": ""pyrimidine-2,4-dione (uracil) carbonyl"",
    ""hybridization"": ""sp2"",
    ""example_molecule_smiles"": ""O=c1[nH]cc(=O)[nH]1"",
    ""group_smarts"": ""[C;X3](=O)(-[n;r6])-[c;r6]"",
    ""atom_specific_smarts"": ""[C;X3;H0](=O)(-[n;r6])-[c;r6]"",
    ""description"": ""The C4 carbonyl carbon of uracil, adjacent to N3 and ring carbon C5."",
    ""uncertainty"": ""20""
  },
  {
    ""atom_type"": 323,
    ""element"": ""C"",
    ""chemical_environment"": ""uracil C5 aromatic carbon between the C4 carbonyl and C6"",
    ""functional_group"": ""uracil ring carbon"",
    ""hybridization"": ""sp2"",
    ""example_molecule_smiles"": ""O=c1[nH]cc(=O)[nH]1"",
    ""group_smarts"": ""[cH;r6](-[C;X3](=O)-[n;r6])-[c;r6]"",
    ""atom_specific_smarts"": ""[cH;r6](-[C;X3](=O)-[n;r6])-[c;r6]"",
    ""description"": ""The C5 carbon in uracil, an sp2 ring carbon flanked by C4=O and C6."",
    ""uncertainty"": ""25""
  },
  {
    ""atom_type"": 324,
    ""element"": ""C"",
    ""chemical_environment"": ""uracil C6 aromatic carbon adjacent to N1 and C5"",
    ""functional_group"": ""uracil ring carbon"",
    ""hybridization"": ""sp2"",
    ""example_molecule_smiles"": ""O=c1[nH]cc(=O)[nH]1"",
    ""group_smarts"": ""[cH;r6](-[n;r6])-[c;r6]"",
    ""atom_specific_smarts"": ""[cH;r6](-[n;r6])-[c;r6]"",
    ""description"": ""The C6 carbon in uracil, bonded to N1 and C5 within the pyrimidine ring."",
    ""uncertainty"": ""25""
  },
  {
    ""atom_type"": 331,
    ""element"": ""C"",
    ""chemical_environment"": ""methyl carbon attached to C5 of thymine (5-methyluracil)"",
    ""functional_group"": ""thymine 5-methyl"",
    ""hybridization"": ""sp3"",
    ""example_molecule_smiles"": ""O=c1[nH]c(C)c(=O)[nH]1"",
    ""group_smarts"": ""[CH3X4]-[c;r6](-[C;X3](=O)-[n;r6])-[c;r6]"",
    ""atom_specific_smarts"": ""[CH3X4]-[c;r6](-[C;X3](=O)-[n;r6])-[c;r6]"",
    ""description"": ""The C5-methyl carbon on thymine, bonded to the C5 ring carbon of a uracil-like ring."",
    ""uncertainty"": ""20""
  },
  {
    ""atom_type"": 334,
    ""element"": ""C"",
    ""chemical_environment"": ""cytosine C2 carbonyl carbon (imide carbonyl bound to two ring nitrogens)"",
    ""functional_group"": ""pyrimidin-2-one (cytosine) carbonyl"",
    ""hybridization"": ""sp2"",
    ""example_molecule_smiles"": ""Nc1ncc(=O)[nH]1"",
    ""group_smarts"": ""[C;X3](=O)(-[n;r6])-[n;r6]"",
    ""atom_specific_smarts"": ""[C;X3;H0](=O)(-[n;r6])-[n;r6]"",
    ""description"": ""The C2 carbonyl carbon of cytosine, attached to both ring nitrogens (N1 and N3)."",
    ""uncertainty"": ""25""
  },
  {
    ""atom_type"": 336,
    ""element"": ""C"",
    ""chemical_environment"": ""cytosine C4 aromatic carbon bearing an exocyclic amino group"",
    ""functional_group"": ""cytosine ring carbon attached to –NH2"",
    ""hybridization"": ""sp2"",
    ""example_molecule_smiles"": ""Nc1ncc(=O)[nH]1"",
    ""group_smarts"": ""[cH0;X3;r6](-[NH2])-[n;r6]"",
    ""atom_specific_smarts"": ""[cH0;X3;r6](-[NH2])-[n;r6]"",
    ""description"": ""The C4 carbon in cytosine that carries the exocyclic amino substituent."",
    ""uncertainty"": ""25""
  },
  {
    ""atom_type"": 337,
    ""element"": ""C"",
    ""chemical_environment"": ""cytosine C5 aromatic carbon between C4(NH2) and C6"",
    ""functional_group"": ""cytosine ring carbon"",
    ""hybridization"": ""sp2"",
    ""example_molecule_smiles"": ""Nc1ncc(=O)[nH]1"",
    ""group_smarts"": ""[cH;r6](-[c;r6](-[NH2]))-[c;r6]"",
    ""atom_specific_smarts"": ""[cH;r6](-[c;r6](-[NH2]))-[c;r6]"",
    ""description"": ""The C5 ring carbon of cytosine, flanked by the amino-bearing C4 and C6."",
    ""uncertainty"": ""30""
  },
  {
    ""atom_type"": 338,
    ""element"": ""C"",
    ""chemical_environment"": ""cytosine C6 aromatic carbon adjacent to N1 and C5"",
    ""functional_group"": ""cytosine ring carbon"",
    ""hybridization"": ""sp2"",
    ""example_molecule_smiles"": ""Nc1ncc(=O)[nH]1"",
    ""group_smarts"": ""[cH;r6](-[n;r6])-[c;r6]"",
    ""atom_specific_smarts"": ""[cH;r6](-[n;r6])-[c;r6]"",
    ""description"": ""The C6 ring carbon in cytosine, bonded to N1 and C5 in the pyrimidine ring."",
    ""uncertainty"": ""30""
  },
  {
    ""atom_type"": 347,
    ""element"": ""C"",
    ""chemical_environment"": ""adenine C2 aromatic carbon in the six-membered ring, adjacent to two ring nitrogens"",
    ""functional_group"": ""adenine (6-aminopurine) ring carbon"",
    ""hybridization"": ""sp2"",
    ""example_molecule_smiles"": ""Nc1ncnc2ncccc12"",
    ""group_smarts"": ""[c;r6]([n;r5,r6])[n;r6]"",
    ""atom_specific_smarts"": ""[cH0;X3;r6]([n;r5,r6])[n;r6]"",
    ""description"": ""The C2 carbon in adenine, an sp2 ring carbon between N1 and N3 within the purine system."",
    ""uncertainty"": ""35""
  },
  {
    ""atom_type"": 349,
    ""element"": ""C"",
    ""chemical_environment"": ""adenine C4 aromatic carbon in the six-membered ring next to N3 and C5"",
    ""functional_group"": ""adenine (6-aminopurine) ring carbon"",
    ""hybridization"": ""sp2"",
    ""example_molecule_smiles"": ""Nc1ncnc2ncccc12"",
    ""group_smarts"": ""[c;r6]([n;r6])[c;r6]"",
    ""atom_specific_smarts"": ""[cH;X3;r6]([n;r6])[c;r6]"",
    ""description"": ""The C4 carbon in adenine, an sp2 ring carbon adjacent to N3 and C5 in the six-membered ring."",
    ""uncertainty"": ""40""
  },
  {
    ""atom_type"": 350,
    ""element"": ""C"",
    ""chemical_environment"": ""adenine C5 aromatic carbon in the six-membered ring fused to the five-membered imidazole (adjacent to N7)"",
    ""functional_group"": ""adenine (6-aminopurine) fused-ring carbon"",
    ""hybridization"": ""sp2"",
    ""example_molecule_smiles"": ""Nc1ncnc2ncccc12"",
    ""group_smarts"": ""[c;r6]([c;r6])[n;r5]"",
    ""atom_specific_smarts"": ""[cH;X3;r6]([c;r6])[n;r5]"",
    ""description"": ""The C5 carbon in adenine, an sp2 carbon of the six-membered ring bonded to the five-membered ring nitrogen (N7)."",
    ""uncertainty"": ""40""
  }
]"
338,0.1,"C  - CM   | Cytosine C6 JACS,113,2810(1991)",12.011,oplsaa.lt,C,6,"Convert the following OPLS-AA atom type rows:

Atom Type Data:
- Atom index: 302
- Force field raw info: C  - CA   | C: guanidinium C+
- Partial charge: 0.64
- Atomic mass: 12.011
- Element guess: C
- Atomic number: 6
- Source file: oplsaa.lt


Atom Type Data:
- Atom index: 305
- Force field raw info: C  - CT   | C: CH3, methylguanidinium
- Partial charge: 0.2
- Atomic mass: 12.011
- Element guess: C
- Atomic number: 6
- Source file: oplsaa.lt


Atom Type Data:
- Atom index: 306
- Force field raw info: C  - CT   | C: CH3, ethylguanidinium
- Partial charge: -0.11
- Atomic mass: 12.011
- Element guess: C
- Atomic number: 6
- Source file: oplsaa.lt


Atom Type Data:
- Atom index: 307
- Force field raw info: C  - CT   | C: CH2(D), ARG, ethylguanidinium
- Partial charge: 0.19
- Atomic mass: 12.011
- Element guess: C
- Atomic number: 6
- Source file: oplsaa.lt


Atom Type Data:
- Atom index: 308
- Force field raw info: C  - CT   | C: CH2(G), ARG
- Partial charge: -0.05
- Atomic mass: 12.011
- Element guess: C
- Atomic number: 6
- Source file: oplsaa.lt


Atom Type Data:
- Atom index: 312
- Force field raw info: C  - CA   | DAP C2 pyridine
- Partial charge: 0.36
- Atomic mass: 12.011
- Element guess: C
- Atomic number: 6
- Source file: oplsaa.lt


Atom Type Data:
- Atom index: 315
- Force field raw info: C  - CA   | DAP C3
- Partial charge: -0.15
- Atomic mass: 12.011
- Element guess: C
- Atomic number: 6
- Source file: oplsaa.lt


Atom Type Data:
- Atom index: 317
- Force field raw info: C  - CA   | DAP C4
- Partial charge: -0.04
- Atomic mass: 12.011
- Element guess: C
- Atomic number: 6
- Source file: oplsaa.lt


Atom Type Data:
- Atom index: 320
- Force field raw info: C  - C~   | Uracil C2
- Partial charge: 0.5
- Atomic mass: 12.011
- Element guess: C
- Atomic number: 6
- Source file: oplsaa.lt


Atom Type Data:
- Atom index: 322
- Force field raw info: C  - C~   | Uracil C4
- Partial charge: 0.45
- Atomic mass: 12.011
- Element guess: C
- Atomic number: 6
- Source file: oplsaa.lt


Atom Type Data:
- Atom index: 323
- Force field raw info: C  - CM   | Uracil C5
- Partial charge: -0.07
- Atomic mass: 12.011
- Element guess: C
- Atomic number: 6
- Source file: oplsaa.lt


Atom Type Data:
- Atom index: 324
- Force field raw info: C  - CM   | Uracil C6
- Partial charge: 0.08
- Atomic mass: 12.011
- Element guess: C
- Atomic number: 6
- Source file: oplsaa.lt


Atom Type Data:
- Atom index: 331
- Force field raw info: C  - CT   | Thymine C-C5
- Partial charge: -0.14
- Atomic mass: 12.011
- Element guess: C
- Atomic number: 6
- Source file: oplsaa.lt


Atom Type Data:
- Atom index: 334
- Force field raw info: C  - C~   | Cytosine C2
- Partial charge: 0.55
- Atomic mass: 12.011
- Element guess: C
- Atomic number: 6
- Source file: oplsaa.lt


Atom Type Data:
- Atom index: 336
- Force field raw info: C  - CA   | Cytosine C4 Nucleotide base
- Partial charge: 0.46
- Atomic mass: 12.011
- Element guess: C
- Atomic number: 6
- Source file: oplsaa.lt


Atom Type Data:
- Atom index: 337
- Force field raw info: C  - CM   | Cytosine C5 parameters:
- Partial charge: -0.06
- Atomic mass: 12.011
- Element guess: C
- Atomic number: 6
- Source file: oplsaa.lt


Atom Type Data:
- Atom index: 338
- Force field raw info: C  - CM   | Cytosine C6 JACS,113,2810(1991)
- Partial charge: 0.1
- Atomic mass: 12.011
- Element guess: C
- Atomic number: 6
- Source file: oplsaa.lt


Atom Type Data:
- Atom index: 347
- Force field raw info: C  - CQ   | Adenine C2
- Partial charge: 0.22
- Atomic mass: 12.011
- Element guess: C
- Atomic number: 6
- Source file: oplsaa.lt


Atom Type Data:
- Atom index: 349
- Force field raw info: C  - CB   | Adenine C4
- Partial charge: 0.38
- Atomic mass: 12.011
- Element guess: C
- Atomic number: 6
- Source file: oplsaa.lt


Atom Type Data:
- Atom index: 350
- Force field raw info: C  - CB   | Adenine C5
- Partial charge: 0.15
- Atomic mass: 12.011
- Element guess: C
- Atomic number: 6
- Source file: oplsaa.lt
","[
  {
    ""atom_type"": 302,
    ""element"": ""C"",
    ""chemical_environment"": ""central sp2 carbon of a guanidinium (amidinium) group, bonded to three nitrogens (two single, one double)"",
    ""functional_group"": ""guanidinium (amidinium)"",
    ""hybridization"": ""sp2"",
    ""example_molecule_smiles"": ""NC(=NH)N"",
    ""group_smarts"": ""[N;X3]-[C;X3](=[N;X2,X3])(-[N;X3])"",
    ""atom_specific_smarts"": ""[C;X3;H0](=[N;X2,X3])(-[N;X3])-[N;X3]"",
    ""description"": ""The C+ center in guanidinium: the carbon bound to three nitrogens (resonance-stabilized amidinium center)."",
    ""uncertainty"": ""10""
  },
  {
    ""atom_type"": 305,
    ""element"": ""C"",
    ""chemical_environment"": ""terminal methyl carbon attached to a guanidinium nitrogen (N-alkyl guanidinium)"",
    ""functional_group"": ""N-methyl guanidinium"",
    ""hybridization"": ""sp3"",
    ""example_molecule_smiles"": ""CNC(=NH)N"",
    ""group_smarts"": ""[C;X4]-[N;X3]-[C;X3](=N)-[N;X3]"",
    ""atom_specific_smarts"": ""[CH3X4]-[N;X3]-[C;X3](=N)-[N;X3]"",
    ""description"": ""The methyl carbon directly bonded to a guanidinium nitrogen in methylguanidinium."",
    ""uncertainty"": ""15""
  },
  {
    ""atom_type"": 306,
    ""element"": ""C"",
    ""chemical_environment"": ""terminal methyl of an ethyl substituent attached to a guanidinium nitrogen"",
    ""functional_group"": ""N-ethyl guanidinium (terminal CH3)"",
    ""hybridization"": ""sp3"",
    ""example_molecule_smiles"": ""CCNC(=NH)N"",
    ""group_smarts"": ""[CH3X4]-[CH2X4]-[N;X3]-[C;X3](=N)-[N;X3]"",
    ""atom_specific_smarts"": ""[CH3X4]-[CH2X4]-[N;X3]-[C;X3](=N)-[N;X3]"",
    ""description"": ""The terminal CH3 group of an ethyl chain attached to a guanidinium nitrogen."",
    ""uncertainty"": ""15""
  },
  {
    ""atom_type"": 307,
    ""element"": ""C"",
    ""chemical_environment"": ""methylene carbon directly attached to a guanidinium nitrogen (Arg CD or ethylguanidinium CH2 next to N)"",
    ""functional_group"": ""N-alkyl guanidinium (alpha-CH2 to N)"",
    ""hybridization"": ""sp3"",
    ""example_molecule_smiles"": ""CCNC(=NH)N"",
    ""group_smarts"": ""[CH2X4]-[N;X3]-[C;X3](=N)-[N;X3]"",
    ""atom_specific_smarts"": ""[CH2X4]-[N;X3]-[C;X3](=N)-[N;X3]"",
    ""description"": ""The CH2 directly bonded to the guanidinium nitrogen (Arg CD or ethylguanidinium N-CH2)."",
    ""uncertainty"": ""15""
  },
  {
    ""atom_type"": 308,
    ""element"": ""C"",
    ""chemical_environment"": ""methylene carbon two bonds away from a guanidinium nitrogen (Arg CG)"",
    ""functional_group"": ""aliphatic chain leading to guanidinium (beta to N)"",
    ""hybridization"": ""sp3"",
    ""example_molecule_smiles"": ""NCCCN=C(N)N"",
    ""group_smarts"": ""[CH2X4]-[CH2X4]-[N;X3]-[C;X3](=N)-[N;X3]"",
    ""atom_specific_smarts"": ""[CH2X4]-[CH2X4]-[N;X3]-[C;X3](=N)-[N;X3]"",
    ""description"": ""The CH2 two atoms away from the guanidinium nitrogen in an arginine-like chain (gamma position)."",
    ""uncertainty"": ""15""
  },
  {
    ""atom_type"": 312,
    ""element"": ""C"",
    ""chemical_environment"": ""aromatic carbon alpha to ring N in pyridine bearing an exocyclic amino (DAP C2/C6 positions)"",
    ""functional_group"": ""2,6-diaminopyridine (DAP) ring carbon bearing NH2"",
    ""hybridization"": ""sp2"",
    ""example_molecule_smiles"": ""n1c(N)cccc1N"",
    ""group_smarts"": ""n1c(N)cccc1N"",
    ""atom_specific_smarts"": ""[cH0;X3;r6](-[NH2])[n;r6]"",
    ""description"": ""The C2 position in DAP: an aromatic carbon adjacent to ring N and substituted by an exocyclic –NH2."",
    ""uncertainty"": ""35""
  },
  {
    ""atom_type"": 315,
    ""element"": ""C"",
    ""chemical_environment"": ""aromatic carbon next to an amino-substituted alpha carbon in 2,6-diaminopyridine (DAP C3)"",
    ""functional_group"": ""2,6-diaminopyridine (DAP) ring carbon"",
    ""hybridization"": ""sp2"",
    ""example_molecule_smiles"": ""n1c(N)cccc1N"",
    ""group_smarts"": ""n1c(N)cccc1N"",
    ""atom_specific_smarts"": ""[cH;X3;r6]([c;r6][n;r6])[c;r6]"",
    ""description"": ""The C3 position in DAP: an aromatic carbon adjacent to the amino-bearing C2 and to the ring N."",
    ""uncertainty"": ""50""
  },
  {
    ""atom_type"": 317,
    ""element"": ""C"",
    ""chemical_environment"": ""aromatic carbon in 2,6-diaminopyridine para to the ring N (DAP C4)"",
    ""functional_group"": ""2,6-diaminopyridine (DAP) ring carbon"",
    ""hybridization"": ""sp2"",
    ""example_molecule_smiles"": ""n1c(N)cccc1N"",
    ""group_smarts"": ""n1c(N)cccc1N"",
    ""atom_specific_smarts"": ""[cH;X3;r6]([c;r6])[c;r6]"",
    ""description"": ""The C4 position in DAP: an internal ring carbon between two carbons, not bearing exocyclic substituents."",
    ""uncertainty"": ""60""
  },
  {
    ""atom_type"": 320,
    ""element"": ""C"",
    ""chemical_environment"": ""uracil C2 carbonyl carbon (imide carbonyl bound to two ring nitrogens)"",
    ""functional_group"": ""pyrimidine-2,4-dione (uracil) carbonyl"",
    ""hybridization"": ""sp2"",
    ""example_molecule_smiles"": ""O=c1[nH]cc(=O)[nH]1"",
    ""group_smarts"": ""[C;X3](=O)(-[n;r6])-[n;r6]"",
    ""atom_specific_smarts"": ""[C;X3;H0](=O)(-[n;r6])-[n;r6]"",
    ""description"": ""The C2 carbonyl carbon of uracil, bonded to two ring nitrogens (N1 and N3)."",
    ""uncertainty"": ""20""
  },
  {
    ""atom_type"": 322,
    ""element"": ""C"",
    ""chemical_environment"": ""uracil C4 carbonyl carbon (imide carbonyl bound to N3 and C5)"",
    ""functional_group"": ""pyrimidine-2,4-dione (uracil) carbonyl"",
    ""hybridization"": ""sp2"",
    ""example_molecule_smiles"": ""O=c1[nH]cc(=O)[nH]1"",
    ""group_smarts"": ""[C;X3](=O)(-[n;r6])-[c;r6]"",
    ""atom_specific_smarts"": ""[C;X3;H0](=O)(-[n;r6])-[c;r6]"",
    ""description"": ""The C4 carbonyl carbon of uracil, adjacent to N3 and ring carbon C5."",
    ""uncertainty"": ""20""
  },
  {
    ""atom_type"": 323,
    ""element"": ""C"",
    ""chemical_environment"": ""uracil C5 aromatic carbon between the C4 carbonyl and C6"",
    ""functional_group"": ""uracil ring carbon"",
    ""hybridization"": ""sp2"",
    ""example_molecule_smiles"": ""O=c1[nH]cc(=O)[nH]1"",
    ""group_smarts"": ""[cH;r6](-[C;X3](=O)-[n;r6])-[c;r6]"",
    ""atom_specific_smarts"": ""[cH;r6](-[C;X3](=O)-[n;r6])-[c;r6]"",
    ""description"": ""The C5 carbon in uracil, an sp2 ring carbon flanked by C4=O and C6."",
    ""uncertainty"": ""25""
  },
  {
    ""atom_type"": 324,
    ""element"": ""C"",
    ""chemical_environment"": ""uracil C6 aromatic carbon adjacent to N1 and C5"",
    ""functional_group"": ""uracil ring carbon"",
    ""hybridization"": ""sp2"",
    ""example_molecule_smiles"": ""O=c1[nH]cc(=O)[nH]1"",
    ""group_smarts"": ""[cH;r6](-[n;r6])-[c;r6]"",
    ""atom_specific_smarts"": ""[cH;r6](-[n;r6])-[c;r6]"",
    ""description"": ""The C6 carbon in uracil, bonded to N1 and C5 within the pyrimidine ring."",
    ""uncertainty"": ""25""
  },
  {
    ""atom_type"": 331,
    ""element"": ""C"",
    ""chemical_environment"": ""methyl carbon attached to C5 of thymine (5-methyluracil)"",
    ""functional_group"": ""thymine 5-methyl"",
    ""hybridization"": ""sp3"",
    ""example_molecule_smiles"": ""O=c1[nH]c(C)c(=O)[nH]1"",
    ""group_smarts"": ""[CH3X4]-[c;r6](-[C;X3](=O)-[n;r6])-[c;r6]"",
    ""atom_specific_smarts"": ""[CH3X4]-[c;r6](-[C;X3](=O)-[n;r6])-[c;r6]"",
    ""description"": ""The C5-methyl carbon on thymine, bonded to the C5 ring carbon of a uracil-like ring."",
    ""uncertainty"": ""20""
  },
  {
    ""atom_type"": 334,
    ""element"": ""C"",
    ""chemical_environment"": ""cytosine C2 carbonyl carbon (imide carbonyl bound to two ring nitrogens)"",
    ""functional_group"": ""pyrimidin-2-one (cytosine) carbonyl"",
    ""hybridization"": ""sp2"",
    ""example_molecule_smiles"": ""Nc1ncc(=O)[nH]1"",
    ""group_smarts"": ""[C;X3](=O)(-[n;r6])-[n;r6]"",
    ""atom_specific_smarts"": ""[C;X3;H0](=O)(-[n;r6])-[n;r6]"",
    ""description"": ""The C2 carbonyl carbon of cytosine, attached to both ring nitrogens (N1 and N3)."",
    ""uncertainty"": ""25""
  },
  {
    ""atom_type"": 336,
    ""element"": ""C"",
    ""chemical_environment"": ""cytosine C4 aromatic carbon bearing an exocyclic amino group"",
    ""functional_group"": ""cytosine ring carbon attached to –NH2"",
    ""hybridization"": ""sp2"",
    ""example_molecule_smiles"": ""Nc1ncc(=O)[nH]1"",
    ""group_smarts"": ""[cH0;X3;r6](-[NH2])-[n;r6]"",
    ""atom_specific_smarts"": ""[cH0;X3;r6](-[NH2])-[n;r6]"",
    ""description"": ""The C4 carbon in cytosine that carries the exocyclic amino substituent."",
    ""uncertainty"": ""25""
  },
  {
    ""atom_type"": 337,
    ""element"": ""C"",
    ""chemical_environment"": ""cytosine C5 aromatic carbon between C4(NH2) and C6"",
    ""functional_group"": ""cytosine ring carbon"",
    ""hybridization"": ""sp2"",
    ""example_molecule_smiles"": ""Nc1ncc(=O)[nH]1"",
    ""group_smarts"": ""[cH;r6](-[c;r6](-[NH2]))-[c;r6]"",
    ""atom_specific_smarts"": ""[cH;r6](-[c;r6](-[NH2]))-[c;r6]"",
    ""description"": ""The C5 ring carbon of cytosine, flanked by the amino-bearing C4 and C6."",
    ""uncertainty"": ""30""
  },
  {
    ""atom_type"": 338,
    ""element"": ""C"",
    ""chemical_environment"": ""cytosine C6 aromatic carbon adjacent to N1 and C5"",
    ""functional_group"": ""cytosine ring carbon"",
    ""hybridization"": ""sp2"",
    ""example_molecule_smiles"": ""Nc1ncc(=O)[nH]1"",
    ""group_smarts"": ""[cH;r6](-[n;r6])-[c;r6]"",
    ""atom_specific_smarts"": ""[cH;r6](-[n;r6])-[c;r6]"",
    ""description"": ""The C6 ring carbon in cytosine, bonded to N1 and C5 in the pyrimidine ring."",
    ""uncertainty"": ""30""
  },
  {
    ""atom_type"": 347,
    ""element"": ""C"",
    ""chemical_environment"": ""adenine C2 aromatic carbon in the six-membered ring, adjacent to two ring nitrogens"",
    ""functional_group"": ""adenine (6-aminopurine) ring carbon"",
    ""hybridization"": ""sp2"",
    ""example_molecule_smiles"": ""Nc1ncnc2ncccc12"",
    ""group_smarts"": ""[c;r6]([n;r5,r6])[n;r6]"",
    ""atom_specific_smarts"": ""[cH0;X3;r6]([n;r5,r6])[n;r6]"",
    ""description"": ""The C2 carbon in adenine, an sp2 ring carbon between N1 and N3 within the purine system."",
    ""uncertainty"": ""35""
  },
  {
    ""atom_type"": 349,
    ""element"": ""C"",
    ""chemical_environment"": ""adenine C4 aromatic carbon in the six-membered ring next to N3 and C5"",
    ""functional_group"": ""adenine (6-aminopurine) ring carbon"",
    ""hybridization"": ""sp2"",
    ""example_molecule_smiles"": ""Nc1ncnc2ncccc12"",
    ""group_smarts"": ""[c;r6]([n;r6])[c;r6]"",
    ""atom_specific_smarts"": ""[cH;X3;r6]([n;r6])[c;r6]"",
    ""description"": ""The C4 carbon in adenine, an sp2 ring carbon adjacent to N3 and C5 in the six-membered ring."",
    ""uncertainty"": ""40""
  },
  {
    ""atom_type"": 350,
    ""element"": ""C"",
    ""chemical_environment"": ""adenine C5 aromatic carbon in the six-membered ring fused to the five-membered imidazole (adjacent to N7)"",
    ""functional_group"": ""adenine (6-aminopurine) fused-ring carbon"",
    ""hybridization"": ""sp2"",
    ""example_molecule_smiles"": ""Nc1ncnc2ncccc12"",
    ""group_smarts"": ""[c;r6]([c;r6])[n;r5]"",
    ""atom_specific_smarts"": ""[cH;X3;r6]([c;r6])[n;r5]"",
    ""description"": ""The C5 carbon in adenine, an sp2 carbon of the six-membered ring bonded to the five-membered ring nitrogen (N7)."",
    ""uncertainty"": ""40""
  }
]"
347,0.22,C  - CQ   | Adenine C2,12.011,oplsaa.lt,C,6,"Convert the following OPLS-AA atom type rows:

Atom Type Data:
- Atom index: 302
- Force field raw info: C  - CA   | C: guanidinium C+
- Partial charge: 0.64
- Atomic mass: 12.011
- Element guess: C
- Atomic number: 6
- Source file: oplsaa.lt


Atom Type Data:
- Atom index: 305
- Force field raw info: C  - CT   | C: CH3, methylguanidinium
- Partial charge: 0.2
- Atomic mass: 12.011
- Element guess: C
- Atomic number: 6
- Source file: oplsaa.lt


Atom Type Data:
- Atom index: 306
- Force field raw info: C  - CT   | C: CH3, ethylguanidinium
- Partial charge: -0.11
- Atomic mass: 12.011
- Element guess: C
- Atomic number: 6
- Source file: oplsaa.lt


Atom Type Data:
- Atom index: 307
- Force field raw info: C  - CT   | C: CH2(D), ARG, ethylguanidinium
- Partial charge: 0.19
- Atomic mass: 12.011
- Element guess: C
- Atomic number: 6
- Source file: oplsaa.lt


Atom Type Data:
- Atom index: 308
- Force field raw info: C  - CT   | C: CH2(G), ARG
- Partial charge: -0.05
- Atomic mass: 12.011
- Element guess: C
- Atomic number: 6
- Source file: oplsaa.lt


Atom Type Data:
- Atom index: 312
- Force field raw info: C  - CA   | DAP C2 pyridine
- Partial charge: 0.36
- Atomic mass: 12.011
- Element guess: C
- Atomic number: 6
- Source file: oplsaa.lt


Atom Type Data:
- Atom index: 315
- Force field raw info: C  - CA   | DAP C3
- Partial charge: -0.15
- Atomic mass: 12.011
- Element guess: C
- Atomic number: 6
- Source file: oplsaa.lt


Atom Type Data:
- Atom index: 317
- Force field raw info: C  - CA   | DAP C4
- Partial charge: -0.04
- Atomic mass: 12.011
- Element guess: C
- Atomic number: 6
- Source file: oplsaa.lt


Atom Type Data:
- Atom index: 320
- Force field raw info: C  - C~   | Uracil C2
- Partial charge: 0.5
- Atomic mass: 12.011
- Element guess: C
- Atomic number: 6
- Source file: oplsaa.lt


Atom Type Data:
- Atom index: 322
- Force field raw info: C  - C~   | Uracil C4
- Partial charge: 0.45
- Atomic mass: 12.011
- Element guess: C
- Atomic number: 6
- Source file: oplsaa.lt


Atom Type Data:
- Atom index: 323
- Force field raw info: C  - CM   | Uracil C5
- Partial charge: -0.07
- Atomic mass: 12.011
- Element guess: C
- Atomic number: 6
- Source file: oplsaa.lt


Atom Type Data:
- Atom index: 324
- Force field raw info: C  - CM   | Uracil C6
- Partial charge: 0.08
- Atomic mass: 12.011
- Element guess: C
- Atomic number: 6
- Source file: oplsaa.lt


Atom Type Data:
- Atom index: 331
- Force field raw info: C  - CT   | Thymine C-C5
- Partial charge: -0.14
- Atomic mass: 12.011
- Element guess: C
- Atomic number: 6
- Source file: oplsaa.lt


Atom Type Data:
- Atom index: 334
- Force field raw info: C  - C~   | Cytosine C2
- Partial charge: 0.55
- Atomic mass: 12.011
- Element guess: C
- Atomic number: 6
- Source file: oplsaa.lt


Atom Type Data:
- Atom index: 336
- Force field raw info: C  - CA   | Cytosine C4 Nucleotide base
- Partial charge: 0.46
- Atomic mass: 12.011
- Element guess: C
- Atomic number: 6
- Source file: oplsaa.lt


Atom Type Data:
- Atom index: 337
- Force field raw info: C  - CM   | Cytosine C5 parameters:
- Partial charge: -0.06
- Atomic mass: 12.011
- Element guess: C
- Atomic number: 6
- Source file: oplsaa.lt


Atom Type Data:
- Atom index: 338
- Force field raw info: C  - CM   | Cytosine C6 JACS,113,2810(1991)
- Partial charge: 0.1
- Atomic mass: 12.011
- Element guess: C
- Atomic number: 6
- Source file: oplsaa.lt


Atom Type Data:
- Atom index: 347
- Force field raw info: C  - CQ   | Adenine C2
- Partial charge: 0.22
- Atomic mass: 12.011
- Element guess: C
- Atomic number: 6
- Source file: oplsaa.lt


Atom Type Data:
- Atom index: 349
- Force field raw info: C  - CB   | Adenine C4
- Partial charge: 0.38
- Atomic mass: 12.011
- Element guess: C
- Atomic number: 6
- Source file: oplsaa.lt


Atom Type Data:
- Atom index: 350
- Force field raw info: C  - CB   | Adenine C5
- Partial charge: 0.15
- Atomic mass: 12.011
- Element guess: C
- Atomic number: 6
- Source file: oplsaa.lt
","[
  {
    ""atom_type"": 302,
    ""element"": ""C"",
    ""chemical_environment"": ""central sp2 carbon of a guanidinium (amidinium) group, bonded to three nitrogens (two single, one double)"",
    ""functional_group"": ""guanidinium (amidinium)"",
    ""hybridization"": ""sp2"",
    ""example_molecule_smiles"": ""NC(=NH)N"",
    ""group_smarts"": ""[N;X3]-[C;X3](=[N;X2,X3])(-[N;X3])"",
    ""atom_specific_smarts"": ""[C;X3;H0](=[N;X2,X3])(-[N;X3])-[N;X3]"",
    ""description"": ""The C+ center in guanidinium: the carbon bound to three nitrogens (resonance-stabilized amidinium center)."",
    ""uncertainty"": ""10""
  },
  {
    ""atom_type"": 305,
    ""element"": ""C"",
    ""chemical_environment"": ""terminal methyl carbon attached to a guanidinium nitrogen (N-alkyl guanidinium)"",
    ""functional_group"": ""N-methyl guanidinium"",
    ""hybridization"": ""sp3"",
    ""example_molecule_smiles"": ""CNC(=NH)N"",
    ""group_smarts"": ""[C;X4]-[N;X3]-[C;X3](=N)-[N;X3]"",
    ""atom_specific_smarts"": ""[CH3X4]-[N;X3]-[C;X3](=N)-[N;X3]"",
    ""description"": ""The methyl carbon directly bonded to a guanidinium nitrogen in methylguanidinium."",
    ""uncertainty"": ""15""
  },
  {
    ""atom_type"": 306,
    ""element"": ""C"",
    ""chemical_environment"": ""terminal methyl of an ethyl substituent attached to a guanidinium nitrogen"",
    ""functional_group"": ""N-ethyl guanidinium (terminal CH3)"",
    ""hybridization"": ""sp3"",
    ""example_molecule_smiles"": ""CCNC(=NH)N"",
    ""group_smarts"": ""[CH3X4]-[CH2X4]-[N;X3]-[C;X3](=N)-[N;X3]"",
    ""atom_specific_smarts"": ""[CH3X4]-[CH2X4]-[N;X3]-[C;X3](=N)-[N;X3]"",
    ""description"": ""The terminal CH3 group of an ethyl chain attached to a guanidinium nitrogen."",
    ""uncertainty"": ""15""
  },
  {
    ""atom_type"": 307,
    ""element"": ""C"",
    ""chemical_environment"": ""methylene carbon directly attached to a guanidinium nitrogen (Arg CD or ethylguanidinium CH2 next to N)"",
    ""functional_group"": ""N-alkyl guanidinium (alpha-CH2 to N)"",
    ""hybridization"": ""sp3"",
    ""example_molecule_smiles"": ""CCNC(=NH)N"",
    ""group_smarts"": ""[CH2X4]-[N;X3]-[C;X3](=N)-[N;X3]"",
    ""atom_specific_smarts"": ""[CH2X4]-[N;X3]-[C;X3](=N)-[N;X3]"",
    ""description"": ""The CH2 directly bonded to the guanidinium nitrogen (Arg CD or ethylguanidinium N-CH2)."",
    ""uncertainty"": ""15""
  },
  {
    ""atom_type"": 308,
    ""element"": ""C"",
    ""chemical_environment"": ""methylene carbon two bonds away from a guanidinium nitrogen (Arg CG)"",
    ""functional_group"": ""aliphatic chain leading to guanidinium (beta to N)"",
    ""hybridization"": ""sp3"",
    ""example_molecule_smiles"": ""NCCCN=C(N)N"",
    ""group_smarts"": ""[CH2X4]-[CH2X4]-[N;X3]-[C;X3](=N)-[N;X3]"",
    ""atom_specific_smarts"": ""[CH2X4]-[CH2X4]-[N;X3]-[C;X3](=N)-[N;X3]"",
    ""description"": ""The CH2 two atoms away from the guanidinium nitrogen in an arginine-like chain (gamma position)."",
    ""uncertainty"": ""15""
  },
  {
    ""atom_type"": 312,
    ""element"": ""C"",
    ""chemical_environment"": ""aromatic carbon alpha to ring N in pyridine bearing an exocyclic amino (DAP C2/C6 positions)"",
    ""functional_group"": ""2,6-diaminopyridine (DAP) ring carbon bearing NH2"",
    ""hybridization"": ""sp2"",
    ""example_molecule_smiles"": ""n1c(N)cccc1N"",
    ""group_smarts"": ""n1c(N)cccc1N"",
    ""atom_specific_smarts"": ""[cH0;X3;r6](-[NH2])[n;r6]"",
    ""description"": ""The C2 position in DAP: an aromatic carbon adjacent to ring N and substituted by an exocyclic –NH2."",
    ""uncertainty"": ""35""
  },
  {
    ""atom_type"": 315,
    ""element"": ""C"",
    ""chemical_environment"": ""aromatic carbon next to an amino-substituted alpha carbon in 2,6-diaminopyridine (DAP C3)"",
    ""functional_group"": ""2,6-diaminopyridine (DAP) ring carbon"",
    ""hybridization"": ""sp2"",
    ""example_molecule_smiles"": ""n1c(N)cccc1N"",
    ""group_smarts"": ""n1c(N)cccc1N"",
    ""atom_specific_smarts"": ""[cH;X3;r6]([c;r6][n;r6])[c;r6]"",
    ""description"": ""The C3 position in DAP: an aromatic carbon adjacent to the amino-bearing C2 and to the ring N."",
    ""uncertainty"": ""50""
  },
  {
    ""atom_type"": 317,
    ""element"": ""C"",
    ""chemical_environment"": ""aromatic carbon in 2,6-diaminopyridine para to the ring N (DAP C4)"",
    ""functional_group"": ""2,6-diaminopyridine (DAP) ring carbon"",
    ""hybridization"": ""sp2"",
    ""example_molecule_smiles"": ""n1c(N)cccc1N"",
    ""group_smarts"": ""n1c(N)cccc1N"",
    ""atom_specific_smarts"": ""[cH;X3;r6]([c;r6])[c;r6]"",
    ""description"": ""The C4 position in DAP: an internal ring carbon between two carbons, not bearing exocyclic substituents."",
    ""uncertainty"": ""60""
  },
  {
    ""atom_type"": 320,
    ""element"": ""C"",
    ""chemical_environment"": ""uracil C2 carbonyl carbon (imide carbonyl bound to two ring nitrogens)"",
    ""functional_group"": ""pyrimidine-2,4-dione (uracil) carbonyl"",
    ""hybridization"": ""sp2"",
    ""example_molecule_smiles"": ""O=c1[nH]cc(=O)[nH]1"",
    ""group_smarts"": ""[C;X3](=O)(-[n;r6])-[n;r6]"",
    ""atom_specific_smarts"": ""[C;X3;H0](=O)(-[n;r6])-[n;r6]"",
    ""description"": ""The C2 carbonyl carbon of uracil, bonded to two ring nitrogens (N1 and N3)."",
    ""uncertainty"": ""20""
  },
  {
    ""atom_type"": 322,
    ""element"": ""C"",
    ""chemical_environment"": ""uracil C4 carbonyl carbon (imide carbonyl bound to N3 and C5)"",
    ""functional_group"": ""pyrimidine-2,4-dione (uracil) carbonyl"",
    ""hybridization"": ""sp2"",
    ""example_molecule_smiles"": ""O=c1[nH]cc(=O)[nH]1"",
    ""group_smarts"": ""[C;X3](=O)(-[n;r6])-[c;r6]"",
    ""atom_specific_smarts"": ""[C;X3;H0](=O)(-[n;r6])-[c;r6]"",
    ""description"": ""The C4 carbonyl carbon of uracil, adjacent to N3 and ring carbon C5."",
    ""uncertainty"": ""20""
  },
  {
    ""atom_type"": 323,
    ""element"": ""C"",
    ""chemical_environment"": ""uracil C5 aromatic carbon between the C4 carbonyl and C6"",
    ""functional_group"": ""uracil ring carbon"",
    ""hybridization"": ""sp2"",
    ""example_molecule_smiles"": ""O=c1[nH]cc(=O)[nH]1"",
    ""group_smarts"": ""[cH;r6](-[C;X3](=O)-[n;r6])-[c;r6]"",
    ""atom_specific_smarts"": ""[cH;r6](-[C;X3](=O)-[n;r6])-[c;r6]"",
    ""description"": ""The C5 carbon in uracil, an sp2 ring carbon flanked by C4=O and C6."",
    ""uncertainty"": ""25""
  },
  {
    ""atom_type"": 324,
    ""element"": ""C"",
    ""chemical_environment"": ""uracil C6 aromatic carbon adjacent to N1 and C5"",
    ""functional_group"": ""uracil ring carbon"",
    ""hybridization"": ""sp2"",
    ""example_molecule_smiles"": ""O=c1[nH]cc(=O)[nH]1"",
    ""group_smarts"": ""[cH;r6](-[n;r6])-[c;r6]"",
    ""atom_specific_smarts"": ""[cH;r6](-[n;r6])-[c;r6]"",
    ""description"": ""The C6 carbon in uracil, bonded to N1 and C5 within the pyrimidine ring."",
    ""uncertainty"": ""25""
  },
  {
    ""atom_type"": 331,
    ""element"": ""C"",
    ""chemical_environment"": ""methyl carbon attached to C5 of thymine (5-methyluracil)"",
    ""functional_group"": ""thymine 5-methyl"",
    ""hybridization"": ""sp3"",
    ""example_molecule_smiles"": ""O=c1[nH]c(C)c(=O)[nH]1"",
    ""group_smarts"": ""[CH3X4]-[c;r6](-[C;X3](=O)-[n;r6])-[c;r6]"",
    ""atom_specific_smarts"": ""[CH3X4]-[c;r6](-[C;X3](=O)-[n;r6])-[c;r6]"",
    ""description"": ""The C5-methyl carbon on thymine, bonded to the C5 ring carbon of a uracil-like ring."",
    ""uncertainty"": ""20""
  },
  {
    ""atom_type"": 334,
    ""element"": ""C"",
    ""chemical_environment"": ""cytosine C2 carbonyl carbon (imide carbonyl bound to two ring nitrogens)"",
    ""functional_group"": ""pyrimidin-2-one (cytosine) carbonyl"",
    ""hybridization"": ""sp2"",
    ""example_molecule_smiles"": ""Nc1ncc(=O)[nH]1"",
    ""group_smarts"": ""[C;X3](=O)(-[n;r6])-[n;r6]"",
    ""atom_specific_smarts"": ""[C;X3;H0](=O)(-[n;r6])-[n;r6]"",
    ""description"": ""The C2 carbonyl carbon of cytosine, attached to both ring nitrogens (N1 and N3)."",
    ""uncertainty"": ""25""
  },
  {
    ""atom_type"": 336,
    ""element"": ""C"",
    ""chemical_environment"": ""cytosine C4 aromatic carbon bearing an exocyclic amino group"",
    ""functional_group"": ""cytosine ring carbon attached to –NH2"",
    ""hybridization"": ""sp2"",
    ""example_molecule_smiles"": ""Nc1ncc(=O)[nH]1"",
    ""group_smarts"": ""[cH0;X3;r6](-[NH2])-[n;r6]"",
    ""atom_specific_smarts"": ""[cH0;X3;r6](-[NH2])-[n;r6]"",
    ""description"": ""The C4 carbon in cytosine that carries the exocyclic amino substituent."",
    ""uncertainty"": ""25""
  },
  {
    ""atom_type"": 337,
    ""element"": ""C"",
    ""chemical_environment"": ""cytosine C5 aromatic carbon between C4(NH2) and C6"",
    ""functional_group"": ""cytosine ring carbon"",
    ""hybridization"": ""sp2"",
    ""example_molecule_smiles"": ""Nc1ncc(=O)[nH]1"",
    ""group_smarts"": ""[cH;r6](-[c;r6](-[NH2]))-[c;r6]"",
    ""atom_specific_smarts"": ""[cH;r6](-[c;r6](-[NH2]))-[c;r6]"",
    ""description"": ""The C5 ring carbon of cytosine, flanked by the amino-bearing C4 and C6."",
    ""uncertainty"": ""30""
  },
  {
    ""atom_type"": 338,
    ""element"": ""C"",
    ""chemical_environment"": ""cytosine C6 aromatic carbon adjacent to N1 and C5"",
    ""functional_group"": ""cytosine ring carbon"",
    ""hybridization"": ""sp2"",
    ""example_molecule_smiles"": ""Nc1ncc(=O)[nH]1"",
    ""group_smarts"": ""[cH;r6](-[n;r6])-[c;r6]"",
    ""atom_specific_smarts"": ""[cH;r6](-[n;r6])-[c;r6]"",
    ""description"": ""The C6 ring carbon in cytosine, bonded to N1 and C5 in the pyrimidine ring."",
    ""uncertainty"": ""30""
  },
  {
    ""atom_type"": 347,
    ""element"": ""C"",
    ""chemical_environment"": ""adenine C2 aromatic carbon in the six-membered ring, adjacent to two ring nitrogens"",
    ""functional_group"": ""adenine (6-aminopurine) ring carbon"",
    ""hybridization"": ""sp2"",
    ""example_molecule_smiles"": ""Nc1ncnc2ncccc12"",
    ""group_smarts"": ""[c;r6]([n;r5,r6])[n;r6]"",
    ""atom_specific_smarts"": ""[cH0;X3;r6]([n;r5,r6])[n;r6]"",
    ""description"": ""The C2 carbon in adenine, an sp2 ring carbon between N1 and N3 within the purine system."",
    ""uncertainty"": ""35""
  },
  {
    ""atom_type"": 349,
    ""element"": ""C"",
    ""chemical_environment"": ""adenine C4 aromatic carbon in the six-membered ring next to N3 and C5"",
    ""functional_group"": ""adenine (6-aminopurine) ring carbon"",
    ""hybridization"": ""sp2"",
    ""example_molecule_smiles"": ""Nc1ncnc2ncccc12"",
    ""group_smarts"": ""[c;r6]([n;r6])[c;r6]"",
    ""atom_specific_smarts"": ""[cH;X3;r6]([n;r6])[c;r6]"",
    ""description"": ""The C4 carbon in adenine, an sp2 ring carbon adjacent to N3 and C5 in the six-membered ring."",
    ""uncertainty"": ""40""
  },
  {
    ""atom_type"": 350,
    ""element"": ""C"",
    ""chemical_environment"": ""adenine C5 aromatic carbon in the six-membered ring fused to the five-membered imidazole (adjacent to N7)"",
    ""functional_group"": ""adenine (6-aminopurine) fused-ring carbon"",
    ""hybridization"": ""sp2"",
    ""example_molecule_smiles"": ""Nc1ncnc2ncccc12"",
    ""group_smarts"": ""[c;r6]([c;r6])[n;r5]"",
    ""atom_specific_smarts"": ""[cH;X3;r6]([c;r6])[n;r5]"",
    ""description"": ""The C5 carbon in adenine, an sp2 carbon of the six-membered ring bonded to the five-membered ring nitrogen (N7)."",
    ""uncertainty"": ""40""
  }
]"
349,0.38,C  - CB   | Adenine C4,12.011,oplsaa.lt,C,6,"Convert the following OPLS-AA atom type rows:

Atom Type Data:
- Atom index: 302
- Force field raw info: C  - CA   | C: guanidinium C+
- Partial charge: 0.64
- Atomic mass: 12.011
- Element guess: C
- Atomic number: 6
- Source file: oplsaa.lt


Atom Type Data:
- Atom index: 305
- Force field raw info: C  - CT   | C: CH3, methylguanidinium
- Partial charge: 0.2
- Atomic mass: 12.011
- Element guess: C
- Atomic number: 6
- Source file: oplsaa.lt


Atom Type Data:
- Atom index: 306
- Force field raw info: C  - CT   | C: CH3, ethylguanidinium
- Partial charge: -0.11
- Atomic mass: 12.011
- Element guess: C
- Atomic number: 6
- Source file: oplsaa.lt


Atom Type Data:
- Atom index: 307
- Force field raw info: C  - CT   | C: CH2(D), ARG, ethylguanidinium
- Partial charge: 0.19
- Atomic mass: 12.011
- Element guess: C
- Atomic number: 6
- Source file: oplsaa.lt


Atom Type Data:
- Atom index: 308
- Force field raw info: C  - CT   | C: CH2(G), ARG
- Partial charge: -0.05
- Atomic mass: 12.011
- Element guess: C
- Atomic number: 6
- Source file: oplsaa.lt


Atom Type Data:
- Atom index: 312
- Force field raw info: C  - CA   | DAP C2 pyridine
- Partial charge: 0.36
- Atomic mass: 12.011
- Element guess: C
- Atomic number: 6
- Source file: oplsaa.lt


Atom Type Data:
- Atom index: 315
- Force field raw info: C  - CA   | DAP C3
- Partial charge: -0.15
- Atomic mass: 12.011
- Element guess: C
- Atomic number: 6
- Source file: oplsaa.lt


Atom Type Data:
- Atom index: 317
- Force field raw info: C  - CA   | DAP C4
- Partial charge: -0.04
- Atomic mass: 12.011
- Element guess: C
- Atomic number: 6
- Source file: oplsaa.lt


Atom Type Data:
- Atom index: 320
- Force field raw info: C  - C~   | Uracil C2
- Partial charge: 0.5
- Atomic mass: 12.011
- Element guess: C
- Atomic number: 6
- Source file: oplsaa.lt


Atom Type Data:
- Atom index: 322
- Force field raw info: C  - C~   | Uracil C4
- Partial charge: 0.45
- Atomic mass: 12.011
- Element guess: C
- Atomic number: 6
- Source file: oplsaa.lt


Atom Type Data:
- Atom index: 323
- Force field raw info: C  - CM   | Uracil C5
- Partial charge: -0.07
- Atomic mass: 12.011
- Element guess: C
- Atomic number: 6
- Source file: oplsaa.lt


Atom Type Data:
- Atom index: 324
- Force field raw info: C  - CM   | Uracil C6
- Partial charge: 0.08
- Atomic mass: 12.011
- Element guess: C
- Atomic number: 6
- Source file: oplsaa.lt


Atom Type Data:
- Atom index: 331
- Force field raw info: C  - CT   | Thymine C-C5
- Partial charge: -0.14
- Atomic mass: 12.011
- Element guess: C
- Atomic number: 6
- Source file: oplsaa.lt


Atom Type Data:
- Atom index: 334
- Force field raw info: C  - C~   | Cytosine C2
- Partial charge: 0.55
- Atomic mass: 12.011
- Element guess: C
- Atomic number: 6
- Source file: oplsaa.lt


Atom Type Data:
- Atom index: 336
- Force field raw info: C  - CA   | Cytosine C4 Nucleotide base
- Partial charge: 0.46
- Atomic mass: 12.011
- Element guess: C
- Atomic number: 6
- Source file: oplsaa.lt


Atom Type Data:
- Atom index: 337
- Force field raw info: C  - CM   | Cytosine C5 parameters:
- Partial charge: -0.06
- Atomic mass: 12.011
- Element guess: C
- Atomic number: 6
- Source file: oplsaa.lt


Atom Type Data:
- Atom index: 338
- Force field raw info: C  - CM   | Cytosine C6 JACS,113,2810(1991)
- Partial charge: 0.1
- Atomic mass: 12.011
- Element guess: C
- Atomic number: 6
- Source file: oplsaa.lt


Atom Type Data:
- Atom index: 347
- Force field raw info: C  - CQ   | Adenine C2
- Partial charge: 0.22
- Atomic mass: 12.011
- Element guess: C
- Atomic number: 6
- Source file: oplsaa.lt


Atom Type Data:
- Atom index: 349
- Force field raw info: C  - CB   | Adenine C4
- Partial charge: 0.38
- Atomic mass: 12.011
- Element guess: C
- Atomic number: 6
- Source file: oplsaa.lt


Atom Type Data:
- Atom index: 350
- Force field raw info: C  - CB   | Adenine C5
- Partial charge: 0.15
- Atomic mass: 12.011
- Element guess: C
- Atomic number: 6
- Source file: oplsaa.lt
","[
  {
    ""atom_type"": 302,
    ""element"": ""C"",
    ""chemical_environment"": ""central sp2 carbon of a guanidinium (amidinium) group, bonded to three nitrogens (two single, one double)"",
    ""functional_group"": ""guanidinium (amidinium)"",
    ""hybridization"": ""sp2"",
    ""example_molecule_smiles"": ""NC(=NH)N"",
    ""group_smarts"": ""[N;X3]-[C;X3](=[N;X2,X3])(-[N;X3])"",
    ""atom_specific_smarts"": ""[C;X3;H0](=[N;X2,X3])(-[N;X3])-[N;X3]"",
    ""description"": ""The C+ center in guanidinium: the carbon bound to three nitrogens (resonance-stabilized amidinium center)."",
    ""uncertainty"": ""10""
  },
  {
    ""atom_type"": 305,
    ""element"": ""C"",
    ""chemical_environment"": ""terminal methyl carbon attached to a guanidinium nitrogen (N-alkyl guanidinium)"",
    ""functional_group"": ""N-methyl guanidinium"",
    ""hybridization"": ""sp3"",
    ""example_molecule_smiles"": ""CNC(=NH)N"",
    ""group_smarts"": ""[C;X4]-[N;X3]-[C;X3](=N)-[N;X3]"",
    ""atom_specific_smarts"": ""[CH3X4]-[N;X3]-[C;X3](=N)-[N;X3]"",
    ""description"": ""The methyl carbon directly bonded to a guanidinium nitrogen in methylguanidinium."",
    ""uncertainty"": ""15""
  },
  {
    ""atom_type"": 306,
    ""element"": ""C"",
    ""chemical_environment"": ""terminal methyl of an ethyl substituent attached to a guanidinium nitrogen"",
    ""functional_group"": ""N-ethyl guanidinium (terminal CH3)"",
    ""hybridization"": ""sp3"",
    ""example_molecule_smiles"": ""CCNC(=NH)N"",
    ""group_smarts"": ""[CH3X4]-[CH2X4]-[N;X3]-[C;X3](=N)-[N;X3]"",
    ""atom_specific_smarts"": ""[CH3X4]-[CH2X4]-[N;X3]-[C;X3](=N)-[N;X3]"",
    ""description"": ""The terminal CH3 group of an ethyl chain attached to a guanidinium nitrogen."",
    ""uncertainty"": ""15""
  },
  {
    ""atom_type"": 307,
    ""element"": ""C"",
    ""chemical_environment"": ""methylene carbon directly attached to a guanidinium nitrogen (Arg CD or ethylguanidinium CH2 next to N)"",
    ""functional_group"": ""N-alkyl guanidinium (alpha-CH2 to N)"",
    ""hybridization"": ""sp3"",
    ""example_molecule_smiles"": ""CCNC(=NH)N"",
    ""group_smarts"": ""[CH2X4]-[N;X3]-[C;X3](=N)-[N;X3]"",
    ""atom_specific_smarts"": ""[CH2X4]-[N;X3]-[C;X3](=N)-[N;X3]"",
    ""description"": ""The CH2 directly bonded to the guanidinium nitrogen (Arg CD or ethylguanidinium N-CH2)."",
    ""uncertainty"": ""15""
  },
  {
    ""atom_type"": 308,
    ""element"": ""C"",
    ""chemical_environment"": ""methylene carbon two bonds away from a guanidinium nitrogen (Arg CG)"",
    ""functional_group"": ""aliphatic chain leading to guanidinium (beta to N)"",
    ""hybridization"": ""sp3"",
    ""example_molecule_smiles"": ""NCCCN=C(N)N"",
    ""group_smarts"": ""[CH2X4]-[CH2X4]-[N;X3]-[C;X3](=N)-[N;X3]"",
    ""atom_specific_smarts"": ""[CH2X4]-[CH2X4]-[N;X3]-[C;X3](=N)-[N;X3]"",
    ""description"": ""The CH2 two atoms away from the guanidinium nitrogen in an arginine-like chain (gamma position)."",
    ""uncertainty"": ""15""
  },
  {
    ""atom_type"": 312,
    ""element"": ""C"",
    ""chemical_environment"": ""aromatic carbon alpha to ring N in pyridine bearing an exocyclic amino (DAP C2/C6 positions)"",
    ""functional_group"": ""2,6-diaminopyridine (DAP) ring carbon bearing NH2"",
    ""hybridization"": ""sp2"",
    ""example_molecule_smiles"": ""n1c(N)cccc1N"",
    ""group_smarts"": ""n1c(N)cccc1N"",
    ""atom_specific_smarts"": ""[cH0;X3;r6](-[NH2])[n;r6]"",
    ""description"": ""The C2 position in DAP: an aromatic carbon adjacent to ring N and substituted by an exocyclic –NH2."",
    ""uncertainty"": ""35""
  },
  {
    ""atom_type"": 315,
    ""element"": ""C"",
    ""chemical_environment"": ""aromatic carbon next to an amino-substituted alpha carbon in 2,6-diaminopyridine (DAP C3)"",
    ""functional_group"": ""2,6-diaminopyridine (DAP) ring carbon"",
    ""hybridization"": ""sp2"",
    ""example_molecule_smiles"": ""n1c(N)cccc1N"",
    ""group_smarts"": ""n1c(N)cccc1N"",
    ""atom_specific_smarts"": ""[cH;X3;r6]([c;r6][n;r6])[c;r6]"",
    ""description"": ""The C3 position in DAP: an aromatic carbon adjacent to the amino-bearing C2 and to the ring N."",
    ""uncertainty"": ""50""
  },
  {
    ""atom_type"": 317,
    ""element"": ""C"",
    ""chemical_environment"": ""aromatic carbon in 2,6-diaminopyridine para to the ring N (DAP C4)"",
    ""functional_group"": ""2,6-diaminopyridine (DAP) ring carbon"",
    ""hybridization"": ""sp2"",
    ""example_molecule_smiles"": ""n1c(N)cccc1N"",
    ""group_smarts"": ""n1c(N)cccc1N"",
    ""atom_specific_smarts"": ""[cH;X3;r6]([c;r6])[c;r6]"",
    ""description"": ""The C4 position in DAP: an internal ring carbon between two carbons, not bearing exocyclic substituents."",
    ""uncertainty"": ""60""
  },
  {
    ""atom_type"": 320,
    ""element"": ""C"",
    ""chemical_environment"": ""uracil C2 carbonyl carbon (imide carbonyl bound to two ring nitrogens)"",
    ""functional_group"": ""pyrimidine-2,4-dione (uracil) carbonyl"",
    ""hybridization"": ""sp2"",
    ""example_molecule_smiles"": ""O=c1[nH]cc(=O)[nH]1"",
    ""group_smarts"": ""[C;X3](=O)(-[n;r6])-[n;r6]"",
    ""atom_specific_smarts"": ""[C;X3;H0](=O)(-[n;r6])-[n;r6]"",
    ""description"": ""The C2 carbonyl carbon of uracil, bonded to two ring nitrogens (N1 and N3)."",
    ""uncertainty"": ""20""
  },
  {
    ""atom_type"": 322,
    ""element"": ""C"",
    ""chemical_environment"": ""uracil C4 carbonyl carbon (imide carbonyl bound to N3 and C5)"",
    ""functional_group"": ""pyrimidine-2,4-dione (uracil) carbonyl"",
    ""hybridization"": ""sp2"",
    ""example_molecule_smiles"": ""O=c1[nH]cc(=O)[nH]1"",
    ""group_smarts"": ""[C;X3](=O)(-[n;r6])-[c;r6]"",
    ""atom_specific_smarts"": ""[C;X3;H0](=O)(-[n;r6])-[c;r6]"",
    ""description"": ""The C4 carbonyl carbon of uracil, adjacent to N3 and ring carbon C5."",
    ""uncertainty"": ""20""
  },
  {
    ""atom_type"": 323,
    ""element"": ""C"",
    ""chemical_environment"": ""uracil C5 aromatic carbon between the C4 carbonyl and C6"",
    ""functional_group"": ""uracil ring carbon"",
    ""hybridization"": ""sp2"",
    ""example_molecule_smiles"": ""O=c1[nH]cc(=O)[nH]1"",
    ""group_smarts"": ""[cH;r6](-[C;X3](=O)-[n;r6])-[c;r6]"",
    ""atom_specific_smarts"": ""[cH;r6](-[C;X3](=O)-[n;r6])-[c;r6]"",
    ""description"": ""The C5 carbon in uracil, an sp2 ring carbon flanked by C4=O and C6."",
    ""uncertainty"": ""25""
  },
  {
    ""atom_type"": 324,
    ""element"": ""C"",
    ""chemical_environment"": ""uracil C6 aromatic carbon adjacent to N1 and C5"",
    ""functional_group"": ""uracil ring carbon"",
    ""hybridization"": ""sp2"",
    ""example_molecule_smiles"": ""O=c1[nH]cc(=O)[nH]1"",
    ""group_smarts"": ""[cH;r6](-[n;r6])-[c;r6]"",
    ""atom_specific_smarts"": ""[cH;r6](-[n;r6])-[c;r6]"",
    ""description"": ""The C6 carbon in uracil, bonded to N1 and C5 within the pyrimidine ring."",
    ""uncertainty"": ""25""
  },
  {
    ""atom_type"": 331,
    ""element"": ""C"",
    ""chemical_environment"": ""methyl carbon attached to C5 of thymine (5-methyluracil)"",
    ""functional_group"": ""thymine 5-methyl"",
    ""hybridization"": ""sp3"",
    ""example_molecule_smiles"": ""O=c1[nH]c(C)c(=O)[nH]1"",
    ""group_smarts"": ""[CH3X4]-[c;r6](-[C;X3](=O)-[n;r6])-[c;r6]"",
    ""atom_specific_smarts"": ""[CH3X4]-[c;r6](-[C;X3](=O)-[n;r6])-[c;r6]"",
    ""description"": ""The C5-methyl carbon on thymine, bonded to the C5 ring carbon of a uracil-like ring."",
    ""uncertainty"": ""20""
  },
  {
    ""atom_type"": 334,
    ""element"": ""C"",
    ""chemical_environment"": ""cytosine C2 carbonyl carbon (imide carbonyl bound to two ring nitrogens)"",
    ""functional_group"": ""pyrimidin-2-one (cytosine) carbonyl"",
    ""hybridization"": ""sp2"",
    ""example_molecule_smiles"": ""Nc1ncc(=O)[nH]1"",
    ""group_smarts"": ""[C;X3](=O)(-[n;r6])-[n;r6]"",
    ""atom_specific_smarts"": ""[C;X3;H0](=O)(-[n;r6])-[n;r6]"",
    ""description"": ""The C2 carbonyl carbon of cytosine, attached to both ring nitrogens (N1 and N3)."",
    ""uncertainty"": ""25""
  },
  {
    ""atom_type"": 336,
    ""element"": ""C"",
    ""chemical_environment"": ""cytosine C4 aromatic carbon bearing an exocyclic amino group"",
    ""functional_group"": ""cytosine ring carbon attached to –NH2"",
    ""hybridization"": ""sp2"",
    ""example_molecule_smiles"": ""Nc1ncc(=O)[nH]1"",
    ""group_smarts"": ""[cH0;X3;r6](-[NH2])-[n;r6]"",
    ""atom_specific_smarts"": ""[cH0;X3;r6](-[NH2])-[n;r6]"",
    ""description"": ""The C4 carbon in cytosine that carries the exocyclic amino substituent."",
    ""uncertainty"": ""25""
  },
  {
    ""atom_type"": 337,
    ""element"": ""C"",
    ""chemical_environment"": ""cytosine C5 aromatic carbon between C4(NH2) and C6"",
    ""functional_group"": ""cytosine ring carbon"",
    ""hybridization"": ""sp2"",
    ""example_molecule_smiles"": ""Nc1ncc(=O)[nH]1"",
    ""group_smarts"": ""[cH;r6](-[c;r6](-[NH2]))-[c;r6]"",
    ""atom_specific_smarts"": ""[cH;r6](-[c;r6](-[NH2]))-[c;r6]"",
    ""description"": ""The C5 ring carbon of cytosine, flanked by the amino-bearing C4 and C6."",
    ""uncertainty"": ""30""
  },
  {
    ""atom_type"": 338,
    ""element"": ""C"",
    ""chemical_environment"": ""cytosine C6 aromatic carbon adjacent to N1 and C5"",
    ""functional_group"": ""cytosine ring carbon"",
    ""hybridization"": ""sp2"",
    ""example_molecule_smiles"": ""Nc1ncc(=O)[nH]1"",
    ""group_smarts"": ""[cH;r6](-[n;r6])-[c;r6]"",
    ""atom_specific_smarts"": ""[cH;r6](-[n;r6])-[c;r6]"",
    ""description"": ""The C6 ring carbon in cytosine, bonded to N1 and C5 in the pyrimidine ring."",
    ""uncertainty"": ""30""
  },
  {
    ""atom_type"": 347,
    ""element"": ""C"",
    ""chemical_environment"": ""adenine C2 aromatic carbon in the six-membered ring, adjacent to two ring nitrogens"",
    ""functional_group"": ""adenine (6-aminopurine) ring carbon"",
    ""hybridization"": ""sp2"",
    ""example_molecule_smiles"": ""Nc1ncnc2ncccc12"",
    ""group_smarts"": ""[c;r6]([n;r5,r6])[n;r6]"",
    ""atom_specific_smarts"": ""[cH0;X3;r6]([n;r5,r6])[n;r6]"",
    ""description"": ""The C2 carbon in adenine, an sp2 ring carbon between N1 and N3 within the purine system."",
    ""uncertainty"": ""35""
  },
  {
    ""atom_type"": 349,
    ""element"": ""C"",
    ""chemical_environment"": ""adenine C4 aromatic carbon in the six-membered ring next to N3 and C5"",
    ""functional_group"": ""adenine (6-aminopurine) ring carbon"",
    ""hybridization"": ""sp2"",
    ""example_molecule_smiles"": ""Nc1ncnc2ncccc12"",
    ""group_smarts"": ""[c;r6]([n;r6])[c;r6]"",
    ""atom_specific_smarts"": ""[cH;X3;r6]([n;r6])[c;r6]"",
    ""description"": ""The C4 carbon in adenine, an sp2 ring carbon adjacent to N3 and C5 in the six-membered ring."",
    ""uncertainty"": ""40""
  },
  {
    ""atom_type"": 350,
    ""element"": ""C"",
    ""chemical_environment"": ""adenine C5 aromatic carbon in the six-membered ring fused to the five-membered imidazole (adjacent to N7)"",
    ""functional_group"": ""adenine (6-aminopurine) fused-ring carbon"",
    ""hybridization"": ""sp2"",
    ""example_molecule_smiles"": ""Nc1ncnc2ncccc12"",
    ""group_smarts"": ""[c;r6]([c;r6])[n;r5]"",
    ""atom_specific_smarts"": ""[cH;X3;r6]([c;r6])[n;r5]"",
    ""description"": ""The C5 carbon in adenine, an sp2 carbon of the six-membered ring bonded to the five-membered ring nitrogen (N7)."",
    ""uncertainty"": ""40""
  }
]"
350,0.15,C  - CB   | Adenine C5,12.011,oplsaa.lt,C,6,"Convert the following OPLS-AA atom type rows:

Atom Type Data:
- Atom index: 302
- Force field raw info: C  - CA   | C: guanidinium C+
- Partial charge: 0.64
- Atomic mass: 12.011
- Element guess: C
- Atomic number: 6
- Source file: oplsaa.lt


Atom Type Data:
- Atom index: 305
- Force field raw info: C  - CT   | C: CH3, methylguanidinium
- Partial charge: 0.2
- Atomic mass: 12.011
- Element guess: C
- Atomic number: 6
- Source file: oplsaa.lt


Atom Type Data:
- Atom index: 306
- Force field raw info: C  - CT   | C: CH3, ethylguanidinium
- Partial charge: -0.11
- Atomic mass: 12.011
- Element guess: C
- Atomic number: 6
- Source file: oplsaa.lt


Atom Type Data:
- Atom index: 307
- Force field raw info: C  - CT   | C: CH2(D), ARG, ethylguanidinium
- Partial charge: 0.19
- Atomic mass: 12.011
- Element guess: C
- Atomic number: 6
- Source file: oplsaa.lt


Atom Type Data:
- Atom index: 308
- Force field raw info: C  - CT   | C: CH2(G), ARG
- Partial charge: -0.05
- Atomic mass: 12.011
- Element guess: C
- Atomic number: 6
- Source file: oplsaa.lt


Atom Type Data:
- Atom index: 312
- Force field raw info: C  - CA   | DAP C2 pyridine
- Partial charge: 0.36
- Atomic mass: 12.011
- Element guess: C
- Atomic number: 6
- Source file: oplsaa.lt


Atom Type Data:
- Atom index: 315
- Force field raw info: C  - CA   | DAP C3
- Partial charge: -0.15
- Atomic mass: 12.011
- Element guess: C
- Atomic number: 6
- Source file: oplsaa.lt


Atom Type Data:
- Atom index: 317
- Force field raw info: C  - CA   | DAP C4
- Partial charge: -0.04
- Atomic mass: 12.011
- Element guess: C
- Atomic number: 6
- Source file: oplsaa.lt


Atom Type Data:
- Atom index: 320
- Force field raw info: C  - C~   | Uracil C2
- Partial charge: 0.5
- Atomic mass: 12.011
- Element guess: C
- Atomic number: 6
- Source file: oplsaa.lt


Atom Type Data:
- Atom index: 322
- Force field raw info: C  - C~   | Uracil C4
- Partial charge: 0.45
- Atomic mass: 12.011
- Element guess: C
- Atomic number: 6
- Source file: oplsaa.lt


Atom Type Data:
- Atom index: 323
- Force field raw info: C  - CM   | Uracil C5
- Partial charge: -0.07
- Atomic mass: 12.011
- Element guess: C
- Atomic number: 6
- Source file: oplsaa.lt


Atom Type Data:
- Atom index: 324
- Force field raw info: C  - CM   | Uracil C6
- Partial charge: 0.08
- Atomic mass: 12.011
- Element guess: C
- Atomic number: 6
- Source file: oplsaa.lt


Atom Type Data:
- Atom index: 331
- Force field raw info: C  - CT   | Thymine C-C5
- Partial charge: -0.14
- Atomic mass: 12.011
- Element guess: C
- Atomic number: 6
- Source file: oplsaa.lt


Atom Type Data:
- Atom index: 334
- Force field raw info: C  - C~   | Cytosine C2
- Partial charge: 0.55
- Atomic mass: 12.011
- Element guess: C
- Atomic number: 6
- Source file: oplsaa.lt


Atom Type Data:
- Atom index: 336
- Force field raw info: C  - CA   | Cytosine C4 Nucleotide base
- Partial charge: 0.46
- Atomic mass: 12.011
- Element guess: C
- Atomic number: 6
- Source file: oplsaa.lt


Atom Type Data:
- Atom index: 337
- Force field raw info: C  - CM   | Cytosine C5 parameters:
- Partial charge: -0.06
- Atomic mass: 12.011
- Element guess: C
- Atomic number: 6
- Source file: oplsaa.lt


Atom Type Data:
- Atom index: 338
- Force field raw info: C  - CM   | Cytosine C6 JACS,113,2810(1991)
- Partial charge: 0.1
- Atomic mass: 12.011
- Element guess: C
- Atomic number: 6
- Source file: oplsaa.lt


Atom Type Data:
- Atom index: 347
- Force field raw info: C  - CQ   | Adenine C2
- Partial charge: 0.22
- Atomic mass: 12.011
- Element guess: C
- Atomic number: 6
- Source file: oplsaa.lt


Atom Type Data:
- Atom index: 349
- Force field raw info: C  - CB   | Adenine C4
- Partial charge: 0.38
- Atomic mass: 12.011
- Element guess: C
- Atomic number: 6
- Source file: oplsaa.lt


Atom Type Data:
- Atom index: 350
- Force field raw info: C  - CB   | Adenine C5
- Partial charge: 0.15
- Atomic mass: 12.011
- Element guess: C
- Atomic number: 6
- Source file: oplsaa.lt
","[
  {
    ""atom_type"": 302,
    ""element"": ""C"",
    ""chemical_environment"": ""central sp2 carbon of a guanidinium (amidinium) group, bonded to three nitrogens (two single, one double)"",
    ""functional_group"": ""guanidinium (amidinium)"",
    ""hybridization"": ""sp2"",
    ""example_molecule_smiles"": ""NC(=NH)N"",
    ""group_smarts"": ""[N;X3]-[C;X3](=[N;X2,X3])(-[N;X3])"",
    ""atom_specific_smarts"": ""[C;X3;H0](=[N;X2,X3])(-[N;X3])-[N;X3]"",
    ""description"": ""The C+ center in guanidinium: the carbon bound to three nitrogens (resonance-stabilized amidinium center)."",
    ""uncertainty"": ""10""
  },
  {
    ""atom_type"": 305,
    ""element"": ""C"",
    ""chemical_environment"": ""terminal methyl carbon attached to a guanidinium nitrogen (N-alkyl guanidinium)"",
    ""functional_group"": ""N-methyl guanidinium"",
    ""hybridization"": ""sp3"",
    ""example_molecule_smiles"": ""CNC(=NH)N"",
    ""group_smarts"": ""[C;X4]-[N;X3]-[C;X3](=N)-[N;X3]"",
    ""atom_specific_smarts"": ""[CH3X4]-[N;X3]-[C;X3](=N)-[N;X3]"",
    ""description"": ""The methyl carbon directly bonded to a guanidinium nitrogen in methylguanidinium."",
    ""uncertainty"": ""15""
  },
  {
    ""atom_type"": 306,
    ""element"": ""C"",
    ""chemical_environment"": ""terminal methyl of an ethyl substituent attached to a guanidinium nitrogen"",
    ""functional_group"": ""N-ethyl guanidinium (terminal CH3)"",
    ""hybridization"": ""sp3"",
    ""example_molecule_smiles"": ""CCNC(=NH)N"",
    ""group_smarts"": ""[CH3X4]-[CH2X4]-[N;X3]-[C;X3](=N)-[N;X3]"",
    ""atom_specific_smarts"": ""[CH3X4]-[CH2X4]-[N;X3]-[C;X3](=N)-[N;X3]"",
    ""description"": ""The terminal CH3 group of an ethyl chain attached to a guanidinium nitrogen."",
    ""uncertainty"": ""15""
  },
  {
    ""atom_type"": 307,
    ""element"": ""C"",
    ""chemical_environment"": ""methylene carbon directly attached to a guanidinium nitrogen (Arg CD or ethylguanidinium CH2 next to N)"",
    ""functional_group"": ""N-alkyl guanidinium (alpha-CH2 to N)"",
    ""hybridization"": ""sp3"",
    ""example_molecule_smiles"": ""CCNC(=NH)N"",
    ""group_smarts"": ""[CH2X4]-[N;X3]-[C;X3](=N)-[N;X3]"",
    ""atom_specific_smarts"": ""[CH2X4]-[N;X3]-[C;X3](=N)-[N;X3]"",
    ""description"": ""The CH2 directly bonded to the guanidinium nitrogen (Arg CD or ethylguanidinium N-CH2)."",
    ""uncertainty"": ""15""
  },
  {
    ""atom_type"": 308,
    ""element"": ""C"",
    ""chemical_environment"": ""methylene carbon two bonds away from a guanidinium nitrogen (Arg CG)"",
    ""functional_group"": ""aliphatic chain leading to guanidinium (beta to N)"",
    ""hybridization"": ""sp3"",
    ""example_molecule_smiles"": ""NCCCN=C(N)N"",
    ""group_smarts"": ""[CH2X4]-[CH2X4]-[N;X3]-[C;X3](=N)-[N;X3]"",
    ""atom_specific_smarts"": ""[CH2X4]-[CH2X4]-[N;X3]-[C;X3](=N)-[N;X3]"",
    ""description"": ""The CH2 two atoms away from the guanidinium nitrogen in an arginine-like chain (gamma position)."",
    ""uncertainty"": ""15""
  },
  {
    ""atom_type"": 312,
    ""element"": ""C"",
    ""chemical_environment"": ""aromatic carbon alpha to ring N in pyridine bearing an exocyclic amino (DAP C2/C6 positions)"",
    ""functional_group"": ""2,6-diaminopyridine (DAP) ring carbon bearing NH2"",
    ""hybridization"": ""sp2"",
    ""example_molecule_smiles"": ""n1c(N)cccc1N"",
    ""group_smarts"": ""n1c(N)cccc1N"",
    ""atom_specific_smarts"": ""[cH0;X3;r6](-[NH2])[n;r6]"",
    ""description"": ""The C2 position in DAP: an aromatic carbon adjacent to ring N and substituted by an exocyclic –NH2."",
    ""uncertainty"": ""35""
  },
  {
    ""atom_type"": 315,
    ""element"": ""C"",
    ""chemical_environment"": ""aromatic carbon next to an amino-substituted alpha carbon in 2,6-diaminopyridine (DAP C3)"",
    ""functional_group"": ""2,6-diaminopyridine (DAP) ring carbon"",
    ""hybridization"": ""sp2"",
    ""example_molecule_smiles"": ""n1c(N)cccc1N"",
    ""group_smarts"": ""n1c(N)cccc1N"",
    ""atom_specific_smarts"": ""[cH;X3;r6]([c;r6][n;r6])[c;r6]"",
    ""description"": ""The C3 position in DAP: an aromatic carbon adjacent to the amino-bearing C2 and to the ring N."",
    ""uncertainty"": ""50""
  },
  {
    ""atom_type"": 317,
    ""element"": ""C"",
    ""chemical_environment"": ""aromatic carbon in 2,6-diaminopyridine para to the ring N (DAP C4)"",
    ""functional_group"": ""2,6-diaminopyridine (DAP) ring carbon"",
    ""hybridization"": ""sp2"",
    ""example_molecule_smiles"": ""n1c(N)cccc1N"",
    ""group_smarts"": ""n1c(N)cccc1N"",
    ""atom_specific_smarts"": ""[cH;X3;r6]([c;r6])[c;r6]"",
    ""description"": ""The C4 position in DAP: an internal ring carbon between two carbons, not bearing exocyclic substituents."",
    ""uncertainty"": ""60""
  },
  {
    ""atom_type"": 320,
    ""element"": ""C"",
    ""chemical_environment"": ""uracil C2 carbonyl carbon (imide carbonyl bound to two ring nitrogens)"",
    ""functional_group"": ""pyrimidine-2,4-dione (uracil) carbonyl"",
    ""hybridization"": ""sp2"",
    ""example_molecule_smiles"": ""O=c1[nH]cc(=O)[nH]1"",
    ""group_smarts"": ""[C;X3](=O)(-[n;r6])-[n;r6]"",
    ""atom_specific_smarts"": ""[C;X3;H0](=O)(-[n;r6])-[n;r6]"",
    ""description"": ""The C2 carbonyl carbon of uracil, bonded to two ring nitrogens (N1 and N3)."",
    ""uncertainty"": ""20""
  },
  {
    ""atom_type"": 322,
    ""element"": ""C"",
    ""chemical_environment"": ""uracil C4 carbonyl carbon (imide carbonyl bound to N3 and C5)"",
    ""functional_group"": ""pyrimidine-2,4-dione (uracil) carbonyl"",
    ""hybridization"": ""sp2"",
    ""example_molecule_smiles"": ""O=c1[nH]cc(=O)[nH]1"",
    ""group_smarts"": ""[C;X3](=O)(-[n;r6])-[c;r6]"",
    ""atom_specific_smarts"": ""[C;X3;H0](=O)(-[n;r6])-[c;r6]"",
    ""description"": ""The C4 carbonyl carbon of uracil, adjacent to N3 and ring carbon C5."",
    ""uncertainty"": ""20""
  },
  {
    ""atom_type"": 323,
    ""element"": ""C"",
    ""chemical_environment"": ""uracil C5 aromatic carbon between the C4 carbonyl and C6"",
    ""functional_group"": ""uracil ring carbon"",
    ""hybridization"": ""sp2"",
    ""example_molecule_smiles"": ""O=c1[nH]cc(=O)[nH]1"",
    ""group_smarts"": ""[cH;r6](-[C;X3](=O)-[n;r6])-[c;r6]"",
    ""atom_specific_smarts"": ""[cH;r6](-[C;X3](=O)-[n;r6])-[c;r6]"",
    ""description"": ""The C5 carbon in uracil, an sp2 ring carbon flanked by C4=O and C6."",
    ""uncertainty"": ""25""
  },
  {
    ""atom_type"": 324,
    ""element"": ""C"",
    ""chemical_environment"": ""uracil C6 aromatic carbon adjacent to N1 and C5"",
    ""functional_group"": ""uracil ring carbon"",
    ""hybridization"": ""sp2"",
    ""example_molecule_smiles"": ""O=c1[nH]cc(=O)[nH]1"",
    ""group_smarts"": ""[cH;r6](-[n;r6])-[c;r6]"",
    ""atom_specific_smarts"": ""[cH;r6](-[n;r6])-[c;r6]"",
    ""description"": ""The C6 carbon in uracil, bonded to N1 and C5 within the pyrimidine ring."",
    ""uncertainty"": ""25""
  },
  {
    ""atom_type"": 331,
    ""element"": ""C"",
    ""chemical_environment"": ""methyl carbon attached to C5 of thymine (5-methyluracil)"",
    ""functional_group"": ""thymine 5-methyl"",
    ""hybridization"": ""sp3"",
    ""example_molecule_smiles"": ""O=c1[nH]c(C)c(=O)[nH]1"",
    ""group_smarts"": ""[CH3X4]-[c;r6](-[C;X3](=O)-[n;r6])-[c;r6]"",
    ""atom_specific_smarts"": ""[CH3X4]-[c;r6](-[C;X3](=O)-[n;r6])-[c;r6]"",
    ""description"": ""The C5-methyl carbon on thymine, bonded to the C5 ring carbon of a uracil-like ring."",
    ""uncertainty"": ""20""
  },
  {
    ""atom_type"": 334,
    ""element"": ""C"",
    ""chemical_environment"": ""cytosine C2 carbonyl carbon (imide carbonyl bound to two ring nitrogens)"",
    ""functional_group"": ""pyrimidin-2-one (cytosine) carbonyl"",
    ""hybridization"": ""sp2"",
    ""example_molecule_smiles"": ""Nc1ncc(=O)[nH]1"",
    ""group_smarts"": ""[C;X3](=O)(-[n;r6])-[n;r6]"",
    ""atom_specific_smarts"": ""[C;X3;H0](=O)(-[n;r6])-[n;r6]"",
    ""description"": ""The C2 carbonyl carbon of cytosine, attached to both ring nitrogens (N1 and N3)."",
    ""uncertainty"": ""25""
  },
  {
    ""atom_type"": 336,
    ""element"": ""C"",
    ""chemical_environment"": ""cytosine C4 aromatic carbon bearing an exocyclic amino group"",
    ""functional_group"": ""cytosine ring carbon attached to –NH2"",
    ""hybridization"": ""sp2"",
    ""example_molecule_smiles"": ""Nc1ncc(=O)[nH]1"",
    ""group_smarts"": ""[cH0;X3;r6](-[NH2])-[n;r6]"",
    ""atom_specific_smarts"": ""[cH0;X3;r6](-[NH2])-[n;r6]"",
    ""description"": ""The C4 carbon in cytosine that carries the exocyclic amino substituent."",
    ""uncertainty"": ""25""
  },
  {
    ""atom_type"": 337,
    ""element"": ""C"",
    ""chemical_environment"": ""cytosine C5 aromatic carbon between C4(NH2) and C6"",
    ""functional_group"": ""cytosine ring carbon"",
    ""hybridization"": ""sp2"",
    ""example_molecule_smiles"": ""Nc1ncc(=O)[nH]1"",
    ""group_smarts"": ""[cH;r6](-[c;r6](-[NH2]))-[c;r6]"",
    ""atom_specific_smarts"": ""[cH;r6](-[c;r6](-[NH2]))-[c;r6]"",
    ""description"": ""The C5 ring carbon of cytosine, flanked by the amino-bearing C4 and C6."",
    ""uncertainty"": ""30""
  },
  {
    ""atom_type"": 338,
    ""element"": ""C"",
    ""chemical_environment"": ""cytosine C6 aromatic carbon adjacent to N1 and C5"",
    ""functional_group"": ""cytosine ring carbon"",
    ""hybridization"": ""sp2"",
    ""example_molecule_smiles"": ""Nc1ncc(=O)[nH]1"",
    ""group_smarts"": ""[cH;r6](-[n;r6])-[c;r6]"",
    ""atom_specific_smarts"": ""[cH;r6](-[n;r6])-[c;r6]"",
    ""description"": ""The C6 ring carbon in cytosine, bonded to N1 and C5 in the pyrimidine ring."",
    ""uncertainty"": ""30""
  },
  {
    ""atom_type"": 347,
    ""element"": ""C"",
    ""chemical_environment"": ""adenine C2 aromatic carbon in the six-membered ring, adjacent to two ring nitrogens"",
    ""functional_group"": ""adenine (6-aminopurine) ring carbon"",
    ""hybridization"": ""sp2"",
    ""example_molecule_smiles"": ""Nc1ncnc2ncccc12"",
    ""group_smarts"": ""[c;r6]([n;r5,r6])[n;r6]"",
    ""atom_specific_smarts"": ""[cH0;X3;r6]([n;r5,r6])[n;r6]"",
    ""description"": ""The C2 carbon in adenine, an sp2 ring carbon between N1 and N3 within the purine system."",
    ""uncertainty"": ""35""
  },
  {
    ""atom_type"": 349,
    ""element"": ""C"",
    ""chemical_environment"": ""adenine C4 aromatic carbon in the six-membered ring next to N3 and C5"",
    ""functional_group"": ""adenine (6-aminopurine) ring carbon"",
    ""hybridization"": ""sp2"",
    ""example_molecule_smiles"": ""Nc1ncnc2ncccc12"",
    ""group_smarts"": ""[c;r6]([n;r6])[c;r6]"",
    ""atom_specific_smarts"": ""[cH;X3;r6]([n;r6])[c;r6]"",
    ""description"": ""The C4 carbon in adenine, an sp2 ring carbon adjacent to N3 and C5 in the six-membered ring."",
    ""uncertainty"": ""40""
  },
  {
    ""atom_type"": 350,
    ""element"": ""C"",
    ""chemical_environment"": ""adenine C5 aromatic carbon in the six-membered ring fused to the five-membered imidazole (adjacent to N7)"",
    ""functional_group"": ""adenine (6-aminopurine) fused-ring carbon"",
    ""hybridization"": ""sp2"",
    ""example_molecule_smiles"": ""Nc1ncnc2ncccc12"",
    ""group_smarts"": ""[c;r6]([c;r6])[n;r5]"",
    ""atom_specific_smarts"": ""[cH;X3;r6]([c;r6])[n;r5]"",
    ""description"": ""The C5 carbon in adenine, an sp2 carbon of the six-membered ring bonded to the five-membered ring nitrogen (N7)."",
    ""uncertainty"": ""40""
  }
]"
