Atom_Index,Charge,Info,DataMass,Source,ElementGuess,AtomicNumber,prompt,gpt_output
143,-0.23,C  - CM   | alkene C (H2-C=) all atom,12.011,oplsaa2024.lt,C,6,"Convert the following OPLS-AA atom type rows:

Atom Type Data:
- Atom index: 143
- Force field raw info: C  - CM   | alkene C (H2-C=) all atom
- Partial charge: -0.23
- Atomic mass: 12.011
- Element guess: C
- Atomic number: 6
- Source file: oplsaa2024.lt


Atom Type Data:
- Atom index: 145
- Force field raw info: C  - CA   | Benzene C - 12 site OPLS/2020
- Partial charge: -0.115
- Atomic mass: 12.011
- Element guess: C
- Atomic number: 6
- Source file: oplsaa2024.lt


Atom Type Data:
- Atom index: 147
- Force field raw info: C  - CB   | Naphthalene fusion C (C9)
- Partial charge: 0.0
- Atomic mass: 12.011
- Element guess: C
- Atomic number: 6
- Source file: oplsaa2024.lt


Atom Type Data:
- Atom index: 148
- Force field raw info: C  - CT   | all-atom C: CH3, toluene
- Partial charge: -0.065
- Atomic mass: 12.011
- Element guess: C
- Atomic number: 6
- Source file: oplsaa2024.lt


Atom Type Data:
- Atom index: 149
- Force field raw info: C  - CT   | all-atom C: CH2, ethyl benzene
- Partial charge: -0.005
- Atomic mass: 12.011
- Element guess: C
- Atomic number: 6
- Source file: oplsaa2024.lt


Atom Type Data:
- Atom index: 150
- Force field raw info: C  - C=   | diene =CH-CH=; see 178 also
- Partial charge: -0.115
- Atomic mass: 12.011
- Element guess: C
- Atomic number: 6
- Source file: oplsaa2024.lt


Atom Type Data:
- Atom index: 152
- Force field raw info: C  - CT   | RCH2Cl "" ""
- Partial charge: -0.006
- Atomic mass: 12.011
- Element guess: C
- Atomic number: 6
- Source file: oplsaa2024.lt


Atom Type Data:
- Atom index: 157
- Force field raw info: C  - CT   | all-atom C: CH3 & CH2, prim. alcohols
- Partial charge: 0.145
- Atomic mass: 12.011
- Element guess: C
- Atomic number: 6
- Source file: oplsaa2024.lt


Atom Type Data:
- Atom index: 158
- Force field raw info: C  - CT   | all-atom C: CH, sec. alcohols
- Partial charge: 0.205
- Atomic mass: 12.011
- Element guess: C
- Atomic number: 6
- Source file: oplsaa2024.lt


Atom Type Data:
- Atom index: 159
- Force field raw info: C  - CT   | all-atom C: C, tert. alcohols OPLS/2020
- Partial charge: 0.232
- Atomic mass: 12.011
- Element guess: C
- Atomic number: 6
- Source file: oplsaa2024.lt


Atom Type Data:
- Atom index: 165
- Force field raw info: C  - CA   | Cipso in styrene
- Partial charge: 0.0
- Atomic mass: 12.011
- Element guess: C
- Atomic number: 6
- Source file: oplsaa2024.lt


Atom Type Data:
- Atom index: 166
- Force field raw info: C  - CA   | C(OH) phenol Use with all
- Partial charge: 0.1
- Atomic mass: 12.011
- Element guess: C
- Atomic number: 6
- Source file: oplsaa2024.lt


Atom Type Data:
- Atom index: 173
- Force field raw info: C  - CT   | C(H2OH): diols, triols
- Partial charge: 0.145
- Atomic mass: 12.011
- Element guess: C
- Atomic number: 6
- Source file: oplsaa2024.lt


Atom Type Data:
- Atom index: 174
- Force field raw info: C  - CT   | C(HROH): ""
- Partial charge: 0.205
- Atomic mass: 12.011
- Element guess: C
- Atomic number: 6
- Source file: oplsaa2024.lt


Atom Type Data:
- Atom index: 175
- Force field raw info: C  - CT   | C(R2OH): ""
- Partial charge: 0.265
- Atomic mass: 12.011
- Element guess: C
- Atomic number: 6
- Source file: oplsaa2024.lt


Atom Type Data:
- Atom index: 178
- Force field raw info: C  - C=   | diene =CR-RC=; see 150 also
- Partial charge: 0.0
- Atomic mass: 12.011
- Element guess: C
- Atomic number: 6
- Source file: oplsaa2024.lt


Atom Type Data:
- Atom index: 181
- Force field raw info: C  - CT   | C(H3OR): methyl ether
- Partial charge: 0.11
- Atomic mass: 12.011
- Element guess: C
- Atomic number: 6
- Source file: oplsaa2024.lt


Atom Type Data:
- Atom index: 182
- Force field raw info: C  - CT   | C(H2OR): ethyl ether
- Partial charge: 0.14
- Atomic mass: 12.011
- Element guess: C
- Atomic number: 6
- Source file: oplsaa2024.lt


Atom Type Data:
- Atom index: 183
- Force field raw info: C  - CT   | C(HOR): i-Pr ether
- Partial charge: 0.17
- Atomic mass: 12.011
- Element guess: C
- Atomic number: 6
- Source file: oplsaa2024.lt


Atom Type Data:
- Atom index: 184
- Force field raw info: C  - CT   | C(OR): t-Bu ether
- Partial charge: 0.2
- Atomic mass: 12.011
- Element guess: C
- Atomic number: 6
- Source file: oplsaa2024.lt
","[
  {
    ""atom_type"": 143,
    ""element"": ""C"",
    ""chemical_environment"": ""terminal vinyl carbon with two hydrogens (H2C=)"",
    ""functional_group"": ""alkene (vinyl CH2)"",
    ""hybridization"": ""sp2"",
    ""example_molecule_smiles"": ""C=CC"",
    ""group_smarts"": ""[C]=[C]"",
    ""atom_specific_smarts"": ""[CH2]=[C;X3]"",
    ""description"": ""The terminal alkene carbon bearing two hydrogens in a vinyl group; double-bonded to another sp2 carbon."",
    ""uncertainty"": ""10""
  },
  {
    ""atom_type"": 145,
    ""element"": ""C"",
    ""chemical_environment"": ""benzene ring carbon (non-fusion, non-ipso special cases)"",
    ""functional_group"": ""aromatic (benzene)"",
    ""hybridization"": ""sp2"",
    ""example_molecule_smiles"": ""c1ccccc1"",
    ""group_smarts"": ""[c;r6]"",
    ""atom_specific_smarts"": ""[$([cH](:a):a),$([c;H0](:a)(:a)[!a])]"",
    ""description"": ""A benzene ring carbon with exactly two aromatic neighbors; can be protonated (cH) or substituted by a non-aromatic atom/group; excludes fusion junction carbons with three aromatic neighbors."",
    ""uncertainty"": ""15""
  },
  {
    ""atom_type"": 147,
    ""element"": ""C"",
    ""chemical_environment"": ""fused PAH junction carbon (naphthalene fusion C9)"",
    ""functional_group"": ""aromatic (fused polycyclic junction)"",
    ""hybridization"": ""sp2"",
    ""example_molecule_smiles"": ""c1cccc2c1cccc2"",
    ""group_smarts"": ""[c;H0](:a)(:a):a"",
    ""atom_specific_smarts"": ""[c;H0](:a)(:a):a"",
    ""description"": ""A fusion (bridgehead) aromatic carbon with three aromatic neighbors as in naphthalene C1/C4 (C9 designation), no hydrogens."",
    ""uncertainty"": ""10""
  },
  {
    ""atom_type"": 148,
    ""element"": ""C"",
    ""chemical_environment"": ""benzylic methyl carbon (CH3 attached to an aromatic carbon)"",
    ""functional_group"": ""benzylic"",
    ""hybridization"": ""sp3"",
    ""example_molecule_smiles"": ""Cc1ccccc1"",
    ""group_smarts"": ""[CX4H3]-a"",
    ""atom_specific_smarts"": ""[CH3]-[c;r6]"",
    ""description"": ""Methyl carbon directly bonded to an aromatic ring (e.g., toluene benzylic CH3)."",
    ""uncertainty"": ""10""
  },
  {
    ""atom_type"": 149,
    ""element"": ""C"",
    ""chemical_environment"": ""benzylic methylene carbon (CH2 attached to an aromatic carbon)"",
    ""functional_group"": ""benzylic"",
    ""hybridization"": ""sp3"",
    ""example_molecule_smiles"": ""CCc1ccccc1"",
    ""group_smarts"": ""[CX4H2]-a"",
    ""atom_specific_smarts"": ""[CH2]-[c;r6]"",
    ""description"": ""Methylene carbon alpha to an aromatic ring as in ethylbenzene."",
    ""uncertainty"": ""10""
  },
  {
    ""atom_type"": 150,
    ""element"": ""C"",
    ""chemical_environment"": ""inner conjugated diene carbon with one hydrogen (=CH-CH=)"",
    ""functional_group"": ""conjugated diene"",
    ""hybridization"": ""sp2"",
    ""example_molecule_smiles"": ""C=CC=C"",
    ""group_smarts"": ""[C;X3](-[C;X3]=)[C;X3]="",
    ""atom_specific_smarts"": ""[CH;X3](-[C;X3]=)[C;X3]="",
    ""description"": ""An sp2 carbon in a 1,3-diene that has one H, is single-bonded to another sp2 diene carbon, and double-bonded to an sp2 carbon."",
    ""uncertainty"": ""20""
  },
  {
    ""atom_type"": 152,
    ""element"": ""C"",
    ""chemical_environment"": ""alkyl chloride methylene (RCH2Cl)"",
    ""functional_group"": ""alkyl chloride"",
    ""hybridization"": ""sp3"",
    ""example_molecule_smiles"": ""CCCl"",
    ""group_smarts"": ""[CX4H2]-Cl"",
    ""atom_specific_smarts"": ""[CH2](-Cl)-[#6]"",
    ""description"": ""The methylene carbon bearing chlorine and bonded to carbon (primary alkyl chloride)."",
    ""uncertainty"": ""10""
  },
  {
    ""atom_type"": 157,
    ""element"": ""C"",
    ""chemical_environment"": ""alpha carbon to hydroxyl in primary alcohols (CH3OH or R-CH2-OH)"",
    ""functional_group"": ""alcohol (primary)"",
    ""hybridization"": ""sp3"",
    ""example_molecule_smiles"": ""CCO"",
    ""group_smarts"": ""[CX4;H2,H3]-O[H]"",
    ""atom_specific_smarts"": ""[$([CH3]-O[H]),$([CH2](-[#6])-O[H])]"",
    ""description"": ""Primary alcohol carbon directly bonded to hydroxyl oxygen; either CH3 (methanol) or CH2 attached to one carbon."",
    ""uncertainty"": ""20""
  },
  {
    ""atom_type"": 158,
    ""element"": ""C"",
    ""chemical_environment"": ""alpha carbon to hydroxyl in secondary alcohols (CHOH)"",
    ""functional_group"": ""alcohol (secondary)"",
    ""hybridization"": ""sp3"",
    ""example_molecule_smiles"": ""CC(O)C"",
    ""group_smarts"": ""[CX4H]-O[H]"",
    ""atom_specific_smarts"": ""[CH](-[#6])(-[#6])-O[H]"",
    ""description"": ""Secondary alcohol carbon bearing OH and two carbon substituents, with one hydrogen."",
    ""uncertainty"": ""15""
  },
  {
    ""atom_type"": 159,
    ""element"": ""C"",
    ""chemical_environment"": ""alpha carbon to hydroxyl in tertiary alcohols (C(OH)R3, no hydrogens)"",
    ""functional_group"": ""alcohol (tertiary)"",
    ""hybridization"": ""sp3"",
    ""example_molecule_smiles"": ""CC(C)(O)C"",
    ""group_smarts"": ""[CX4H0]-O[H]"",
    ""atom_specific_smarts"": ""[C;X4;H0](-O[H])(-[#6])(-[#6])-[#6]"",
    ""description"": ""Tertiary alcohol carbon directly bonded to OH and three carbons; no hydrogens."",
    ""uncertainty"": ""15""
  },
  {
    ""atom_type"": 165,
    ""element"": ""C"",
    ""chemical_environment"": ""ipso aromatic carbon in styrene (ring carbon bonded to vinyl group)"",
    ""functional_group"": ""aromatic (styrenyl ipso)"",
    ""hybridization"": ""sp2"",
    ""example_molecule_smiles"": ""c1ccccc1C=C"",
    ""group_smarts"": ""[c;H0](-C=C)"",
    ""atom_specific_smarts"": ""[c;r6;H0](-C=C)(:a):a"",
    ""description"": ""The benzene ring carbon bonded to an alkenyl (vinyl) substituent as in styrene; has two aromatic neighbors and one alkenyl substituent."",
    ""uncertainty"": ""20""
  },
  {
    ""atom_type"": 166,
    ""element"": ""C"",
    ""chemical_environment"": ""phenolic ipso carbon (ring carbon bonded to OH)"",
    ""functional_group"": ""phenol"",
    ""hybridization"": ""sp2"",
    ""example_molecule_smiles"": ""Oc1ccccc1"",
    ""group_smarts"": ""[c;H0]-O[H]"",
    ""atom_specific_smarts"": ""[c;r6;H0]-O[H]"",
    ""description"": ""A benzene ring carbon directly bonded to hydroxyl oxygen (phenolic carbon)."",
    ""uncertainty"": ""10""
  },
  {
    ""atom_type"": 173,
    ""element"": ""C"",
    ""chemical_environment"": ""primary alcohol carbon in diols/triols (CH2OH within polyols)"",
    ""functional_group"": ""polyol (primary alcohol)"",
    ""hybridization"": ""sp3"",
    ""example_molecule_smiles"": ""OCCO"",
    ""group_smarts"": ""[CH2](-O[H])-[#6]-O[H]"",
    ""atom_specific_smarts"": ""[CH2](-O[H])-[#6]-O[H]"",
    ""description"": ""CH2 bearing OH where the adjacent carbon also bears OH (e.g., terminal carbons of ethylene glycol and related polyols)."",
    ""uncertainty"": ""35""
  },
  {
    ""atom_type"": 174,
    ""element"": ""C"",
    ""chemical_environment"": ""secondary alcohol carbon in diols/triols (CHROH within polyols)"",
    ""functional_group"": ""polyol (secondary alcohol)"",
    ""hybridization"": ""sp3"",
    ""example_molecule_smiles"": ""CC(O)CO"",
    ""group_smarts"": ""[CH](-O[H])(-[#6])-[#6;X4](-O[H])"",
    ""atom_specific_smarts"": ""[CH](-O[H])(-[#6])-[#6;X4](-O[H])"",
    ""description"": ""CHOH carbon in a polyol, attached to one hydrogen, one carbon substituent, and adjacent to a carbon that also bears OH (e.g., glycerol center)."",
    ""uncertainty"": ""40""
  },
  {
    ""atom_type"": 175,
    ""element"": ""C"",
    ""chemical_environment"": ""tertiary alcohol carbon in diols/triols (CR2OH within polyols, no hydrogens)"",
    ""functional_group"": ""polyol (tertiary alcohol)"",
    ""hybridization"": ""sp3"",
    ""example_molecule_smiles"": ""CC(C)(O)C(C)(O)C"",
    ""group_smarts"": ""[C;X4;H0](-O[H])(-[#6])-[#6;X4](-O[H])"",
    ""atom_specific_smarts"": ""[C;X4;H0](-O[H])(-[#6])-[#6;X4](-O[H])"",
    ""description"": ""Tertiary alcohol carbon directly bonded to OH and three carbons, in a diol/triol context (e.g., pinacol)."",
    ""uncertainty"": ""45""
  },
  {
    ""atom_type"": 178,
    ""element"": ""C"",
    ""chemical_environment"": ""inner conjugated diene carbon with no hydrogens (=CR-RC=)"",
    ""functional_group"": ""conjugated diene (fully substituted inner carbon)"",
    ""hybridization"": ""sp2"",
    ""example_molecule_smiles"": ""C=C(C)C=C"",
    ""group_smarts"": ""[C;X3;H0](-[C;X3]=)[C;X3]="",
    ""atom_specific_smarts"": ""[C;X3;H0](-[C;X3]=)[C;X3]="",
    ""description"": ""An sp2 inner 1,3-diene carbon that is single-bonded to another sp2 diene carbon, double-bonded to an sp2 carbon, and bears no hydrogens (substituted)."",
    ""uncertainty"": ""25""
  },
  {
    ""atom_type"": 181,
    ""element"": ""C"",
    ""chemical_environment"": ""methoxy carbon (CH3-O-R) in ethers"",
    ""functional_group"": ""ether (methyl ether)"",
    ""hybridization"": ""sp3"",
    ""example_molecule_smiles"": ""COC"",
    ""group_smarts"": ""[CH3]-[O;H0]-[#6]"",
    ""atom_specific_smarts"": ""[CH3]-[O;H0]-[#6]"",
    ""description"": ""Methyl carbon attached to a non-protonated ether oxygen."",
    ""uncertainty"": ""10""
  },
  {
    ""atom_type"": 182,
    ""element"": ""C"",
    ""chemical_environment"": ""ethoxy methylene (CH2-O-R) in ethers"",
    ""functional_group"": ""ether (ethyl ether segment)"",
    ""hybridization"": ""sp3"",
    ""example_molecule_smiles"": ""CCOC"",
    ""group_smarts"": ""[CH2]-[O;H0]-[#6]"",
    ""atom_specific_smarts"": ""[CH2]-[O;H0]-[#6]"",
    ""description"": ""Methylene carbon directly bonded to a non-protonated ether oxygen."",
    ""uncertainty"": ""10""
  },
  {
    ""atom_type"": 183,
    ""element"": ""C"",
    ""chemical_environment"": ""secondary alkyl ether alpha carbon (CH attached to O and two carbons)"",
    ""functional_group"": ""ether (secondary)"",
    ""hybridization"": ""sp3"",
    ""example_molecule_smiles"": ""COC(C)C"",
    ""group_smarts"": ""[CH](-[O;H0])(-[#6])-[#6]"",
    ""atom_specific_smarts"": ""[CH](-[O;H0])(-[#6])-[#6]"",
    ""description"": ""Secondary carbon directly bonded to ether oxygen and two carbon substituents (e.g., isopropyl ethers)."",
    ""uncertainty"": ""15""
  },
  {
    ""atom_type"": 184,
    ""element"": ""C"",
    ""chemical_environment"": ""tertiary alkyl ether alpha carbon (C attached to O and three carbons, no hydrogens)"",
    ""functional_group"": ""ether (tertiary, tert-butyl ether)"",
    ""hybridization"": ""sp3"",
    ""example_molecule_smiles"": ""COC(C)(C)C"",
    ""group_smarts"": ""[C;H0](-[O;H0])(-[#6])-[#6]"",
    ""atom_specific_smarts"": ""[C;H0](-[O;H0])(-[#6])-[#6]"",
    ""description"": ""Tertiary carbon directly bonded to a non-protonated ether oxygen and three carbons (e.g., tert-butyl ethers)."",
    ""uncertainty"": ""15""
  }
]"
145,-0.115,C  - CA   | Benzene C - 12 site OPLS/2020,12.011,oplsaa2024.lt,C,6,"Convert the following OPLS-AA atom type rows:

Atom Type Data:
- Atom index: 143
- Force field raw info: C  - CM   | alkene C (H2-C=) all atom
- Partial charge: -0.23
- Atomic mass: 12.011
- Element guess: C
- Atomic number: 6
- Source file: oplsaa2024.lt


Atom Type Data:
- Atom index: 145
- Force field raw info: C  - CA   | Benzene C - 12 site OPLS/2020
- Partial charge: -0.115
- Atomic mass: 12.011
- Element guess: C
- Atomic number: 6
- Source file: oplsaa2024.lt


Atom Type Data:
- Atom index: 147
- Force field raw info: C  - CB   | Naphthalene fusion C (C9)
- Partial charge: 0.0
- Atomic mass: 12.011
- Element guess: C
- Atomic number: 6
- Source file: oplsaa2024.lt


Atom Type Data:
- Atom index: 148
- Force field raw info: C  - CT   | all-atom C: CH3, toluene
- Partial charge: -0.065
- Atomic mass: 12.011
- Element guess: C
- Atomic number: 6
- Source file: oplsaa2024.lt


Atom Type Data:
- Atom index: 149
- Force field raw info: C  - CT   | all-atom C: CH2, ethyl benzene
- Partial charge: -0.005
- Atomic mass: 12.011
- Element guess: C
- Atomic number: 6
- Source file: oplsaa2024.lt


Atom Type Data:
- Atom index: 150
- Force field raw info: C  - C=   | diene =CH-CH=; see 178 also
- Partial charge: -0.115
- Atomic mass: 12.011
- Element guess: C
- Atomic number: 6
- Source file: oplsaa2024.lt


Atom Type Data:
- Atom index: 152
- Force field raw info: C  - CT   | RCH2Cl "" ""
- Partial charge: -0.006
- Atomic mass: 12.011
- Element guess: C
- Atomic number: 6
- Source file: oplsaa2024.lt


Atom Type Data:
- Atom index: 157
- Force field raw info: C  - CT   | all-atom C: CH3 & CH2, prim. alcohols
- Partial charge: 0.145
- Atomic mass: 12.011
- Element guess: C
- Atomic number: 6
- Source file: oplsaa2024.lt


Atom Type Data:
- Atom index: 158
- Force field raw info: C  - CT   | all-atom C: CH, sec. alcohols
- Partial charge: 0.205
- Atomic mass: 12.011
- Element guess: C
- Atomic number: 6
- Source file: oplsaa2024.lt


Atom Type Data:
- Atom index: 159
- Force field raw info: C  - CT   | all-atom C: C, tert. alcohols OPLS/2020
- Partial charge: 0.232
- Atomic mass: 12.011
- Element guess: C
- Atomic number: 6
- Source file: oplsaa2024.lt


Atom Type Data:
- Atom index: 165
- Force field raw info: C  - CA   | Cipso in styrene
- Partial charge: 0.0
- Atomic mass: 12.011
- Element guess: C
- Atomic number: 6
- Source file: oplsaa2024.lt


Atom Type Data:
- Atom index: 166
- Force field raw info: C  - CA   | C(OH) phenol Use with all
- Partial charge: 0.1
- Atomic mass: 12.011
- Element guess: C
- Atomic number: 6
- Source file: oplsaa2024.lt


Atom Type Data:
- Atom index: 173
- Force field raw info: C  - CT   | C(H2OH): diols, triols
- Partial charge: 0.145
- Atomic mass: 12.011
- Element guess: C
- Atomic number: 6
- Source file: oplsaa2024.lt


Atom Type Data:
- Atom index: 174
- Force field raw info: C  - CT   | C(HROH): ""
- Partial charge: 0.205
- Atomic mass: 12.011
- Element guess: C
- Atomic number: 6
- Source file: oplsaa2024.lt


Atom Type Data:
- Atom index: 175
- Force field raw info: C  - CT   | C(R2OH): ""
- Partial charge: 0.265
- Atomic mass: 12.011
- Element guess: C
- Atomic number: 6
- Source file: oplsaa2024.lt


Atom Type Data:
- Atom index: 178
- Force field raw info: C  - C=   | diene =CR-RC=; see 150 also
- Partial charge: 0.0
- Atomic mass: 12.011
- Element guess: C
- Atomic number: 6
- Source file: oplsaa2024.lt


Atom Type Data:
- Atom index: 181
- Force field raw info: C  - CT   | C(H3OR): methyl ether
- Partial charge: 0.11
- Atomic mass: 12.011
- Element guess: C
- Atomic number: 6
- Source file: oplsaa2024.lt


Atom Type Data:
- Atom index: 182
- Force field raw info: C  - CT   | C(H2OR): ethyl ether
- Partial charge: 0.14
- Atomic mass: 12.011
- Element guess: C
- Atomic number: 6
- Source file: oplsaa2024.lt


Atom Type Data:
- Atom index: 183
- Force field raw info: C  - CT   | C(HOR): i-Pr ether
- Partial charge: 0.17
- Atomic mass: 12.011
- Element guess: C
- Atomic number: 6
- Source file: oplsaa2024.lt


Atom Type Data:
- Atom index: 184
- Force field raw info: C  - CT   | C(OR): t-Bu ether
- Partial charge: 0.2
- Atomic mass: 12.011
- Element guess: C
- Atomic number: 6
- Source file: oplsaa2024.lt
","[
  {
    ""atom_type"": 143,
    ""element"": ""C"",
    ""chemical_environment"": ""terminal vinyl carbon with two hydrogens (H2C=)"",
    ""functional_group"": ""alkene (vinyl CH2)"",
    ""hybridization"": ""sp2"",
    ""example_molecule_smiles"": ""C=CC"",
    ""group_smarts"": ""[C]=[C]"",
    ""atom_specific_smarts"": ""[CH2]=[C;X3]"",
    ""description"": ""The terminal alkene carbon bearing two hydrogens in a vinyl group; double-bonded to another sp2 carbon."",
    ""uncertainty"": ""10""
  },
  {
    ""atom_type"": 145,
    ""element"": ""C"",
    ""chemical_environment"": ""benzene ring carbon (non-fusion, non-ipso special cases)"",
    ""functional_group"": ""aromatic (benzene)"",
    ""hybridization"": ""sp2"",
    ""example_molecule_smiles"": ""c1ccccc1"",
    ""group_smarts"": ""[c;r6]"",
    ""atom_specific_smarts"": ""[$([cH](:a):a),$([c;H0](:a)(:a)[!a])]"",
    ""description"": ""A benzene ring carbon with exactly two aromatic neighbors; can be protonated (cH) or substituted by a non-aromatic atom/group; excludes fusion junction carbons with three aromatic neighbors."",
    ""uncertainty"": ""15""
  },
  {
    ""atom_type"": 147,
    ""element"": ""C"",
    ""chemical_environment"": ""fused PAH junction carbon (naphthalene fusion C9)"",
    ""functional_group"": ""aromatic (fused polycyclic junction)"",
    ""hybridization"": ""sp2"",
    ""example_molecule_smiles"": ""c1cccc2c1cccc2"",
    ""group_smarts"": ""[c;H0](:a)(:a):a"",
    ""atom_specific_smarts"": ""[c;H0](:a)(:a):a"",
    ""description"": ""A fusion (bridgehead) aromatic carbon with three aromatic neighbors as in naphthalene C1/C4 (C9 designation), no hydrogens."",
    ""uncertainty"": ""10""
  },
  {
    ""atom_type"": 148,
    ""element"": ""C"",
    ""chemical_environment"": ""benzylic methyl carbon (CH3 attached to an aromatic carbon)"",
    ""functional_group"": ""benzylic"",
    ""hybridization"": ""sp3"",
    ""example_molecule_smiles"": ""Cc1ccccc1"",
    ""group_smarts"": ""[CX4H3]-a"",
    ""atom_specific_smarts"": ""[CH3]-[c;r6]"",
    ""description"": ""Methyl carbon directly bonded to an aromatic ring (e.g., toluene benzylic CH3)."",
    ""uncertainty"": ""10""
  },
  {
    ""atom_type"": 149,
    ""element"": ""C"",
    ""chemical_environment"": ""benzylic methylene carbon (CH2 attached to an aromatic carbon)"",
    ""functional_group"": ""benzylic"",
    ""hybridization"": ""sp3"",
    ""example_molecule_smiles"": ""CCc1ccccc1"",
    ""group_smarts"": ""[CX4H2]-a"",
    ""atom_specific_smarts"": ""[CH2]-[c;r6]"",
    ""description"": ""Methylene carbon alpha to an aromatic ring as in ethylbenzene."",
    ""uncertainty"": ""10""
  },
  {
    ""atom_type"": 150,
    ""element"": ""C"",
    ""chemical_environment"": ""inner conjugated diene carbon with one hydrogen (=CH-CH=)"",
    ""functional_group"": ""conjugated diene"",
    ""hybridization"": ""sp2"",
    ""example_molecule_smiles"": ""C=CC=C"",
    ""group_smarts"": ""[C;X3](-[C;X3]=)[C;X3]="",
    ""atom_specific_smarts"": ""[CH;X3](-[C;X3]=)[C;X3]="",
    ""description"": ""An sp2 carbon in a 1,3-diene that has one H, is single-bonded to another sp2 diene carbon, and double-bonded to an sp2 carbon."",
    ""uncertainty"": ""20""
  },
  {
    ""atom_type"": 152,
    ""element"": ""C"",
    ""chemical_environment"": ""alkyl chloride methylene (RCH2Cl)"",
    ""functional_group"": ""alkyl chloride"",
    ""hybridization"": ""sp3"",
    ""example_molecule_smiles"": ""CCCl"",
    ""group_smarts"": ""[CX4H2]-Cl"",
    ""atom_specific_smarts"": ""[CH2](-Cl)-[#6]"",
    ""description"": ""The methylene carbon bearing chlorine and bonded to carbon (primary alkyl chloride)."",
    ""uncertainty"": ""10""
  },
  {
    ""atom_type"": 157,
    ""element"": ""C"",
    ""chemical_environment"": ""alpha carbon to hydroxyl in primary alcohols (CH3OH or R-CH2-OH)"",
    ""functional_group"": ""alcohol (primary)"",
    ""hybridization"": ""sp3"",
    ""example_molecule_smiles"": ""CCO"",
    ""group_smarts"": ""[CX4;H2,H3]-O[H]"",
    ""atom_specific_smarts"": ""[$([CH3]-O[H]),$([CH2](-[#6])-O[H])]"",
    ""description"": ""Primary alcohol carbon directly bonded to hydroxyl oxygen; either CH3 (methanol) or CH2 attached to one carbon."",
    ""uncertainty"": ""20""
  },
  {
    ""atom_type"": 158,
    ""element"": ""C"",
    ""chemical_environment"": ""alpha carbon to hydroxyl in secondary alcohols (CHOH)"",
    ""functional_group"": ""alcohol (secondary)"",
    ""hybridization"": ""sp3"",
    ""example_molecule_smiles"": ""CC(O)C"",
    ""group_smarts"": ""[CX4H]-O[H]"",
    ""atom_specific_smarts"": ""[CH](-[#6])(-[#6])-O[H]"",
    ""description"": ""Secondary alcohol carbon bearing OH and two carbon substituents, with one hydrogen."",
    ""uncertainty"": ""15""
  },
  {
    ""atom_type"": 159,
    ""element"": ""C"",
    ""chemical_environment"": ""alpha carbon to hydroxyl in tertiary alcohols (C(OH)R3, no hydrogens)"",
    ""functional_group"": ""alcohol (tertiary)"",
    ""hybridization"": ""sp3"",
    ""example_molecule_smiles"": ""CC(C)(O)C"",
    ""group_smarts"": ""[CX4H0]-O[H]"",
    ""atom_specific_smarts"": ""[C;X4;H0](-O[H])(-[#6])(-[#6])-[#6]"",
    ""description"": ""Tertiary alcohol carbon directly bonded to OH and three carbons; no hydrogens."",
    ""uncertainty"": ""15""
  },
  {
    ""atom_type"": 165,
    ""element"": ""C"",
    ""chemical_environment"": ""ipso aromatic carbon in styrene (ring carbon bonded to vinyl group)"",
    ""functional_group"": ""aromatic (styrenyl ipso)"",
    ""hybridization"": ""sp2"",
    ""example_molecule_smiles"": ""c1ccccc1C=C"",
    ""group_smarts"": ""[c;H0](-C=C)"",
    ""atom_specific_smarts"": ""[c;r6;H0](-C=C)(:a):a"",
    ""description"": ""The benzene ring carbon bonded to an alkenyl (vinyl) substituent as in styrene; has two aromatic neighbors and one alkenyl substituent."",
    ""uncertainty"": ""20""
  },
  {
    ""atom_type"": 166,
    ""element"": ""C"",
    ""chemical_environment"": ""phenolic ipso carbon (ring carbon bonded to OH)"",
    ""functional_group"": ""phenol"",
    ""hybridization"": ""sp2"",
    ""example_molecule_smiles"": ""Oc1ccccc1"",
    ""group_smarts"": ""[c;H0]-O[H]"",
    ""atom_specific_smarts"": ""[c;r6;H0]-O[H]"",
    ""description"": ""A benzene ring carbon directly bonded to hydroxyl oxygen (phenolic carbon)."",
    ""uncertainty"": ""10""
  },
  {
    ""atom_type"": 173,
    ""element"": ""C"",
    ""chemical_environment"": ""primary alcohol carbon in diols/triols (CH2OH within polyols)"",
    ""functional_group"": ""polyol (primary alcohol)"",
    ""hybridization"": ""sp3"",
    ""example_molecule_smiles"": ""OCCO"",
    ""group_smarts"": ""[CH2](-O[H])-[#6]-O[H]"",
    ""atom_specific_smarts"": ""[CH2](-O[H])-[#6]-O[H]"",
    ""description"": ""CH2 bearing OH where the adjacent carbon also bears OH (e.g., terminal carbons of ethylene glycol and related polyols)."",
    ""uncertainty"": ""35""
  },
  {
    ""atom_type"": 174,
    ""element"": ""C"",
    ""chemical_environment"": ""secondary alcohol carbon in diols/triols (CHROH within polyols)"",
    ""functional_group"": ""polyol (secondary alcohol)"",
    ""hybridization"": ""sp3"",
    ""example_molecule_smiles"": ""CC(O)CO"",
    ""group_smarts"": ""[CH](-O[H])(-[#6])-[#6;X4](-O[H])"",
    ""atom_specific_smarts"": ""[CH](-O[H])(-[#6])-[#6;X4](-O[H])"",
    ""description"": ""CHOH carbon in a polyol, attached to one hydrogen, one carbon substituent, and adjacent to a carbon that also bears OH (e.g., glycerol center)."",
    ""uncertainty"": ""40""
  },
  {
    ""atom_type"": 175,
    ""element"": ""C"",
    ""chemical_environment"": ""tertiary alcohol carbon in diols/triols (CR2OH within polyols, no hydrogens)"",
    ""functional_group"": ""polyol (tertiary alcohol)"",
    ""hybridization"": ""sp3"",
    ""example_molecule_smiles"": ""CC(C)(O)C(C)(O)C"",
    ""group_smarts"": ""[C;X4;H0](-O[H])(-[#6])-[#6;X4](-O[H])"",
    ""atom_specific_smarts"": ""[C;X4;H0](-O[H])(-[#6])-[#6;X4](-O[H])"",
    ""description"": ""Tertiary alcohol carbon directly bonded to OH and three carbons, in a diol/triol context (e.g., pinacol)."",
    ""uncertainty"": ""45""
  },
  {
    ""atom_type"": 178,
    ""element"": ""C"",
    ""chemical_environment"": ""inner conjugated diene carbon with no hydrogens (=CR-RC=)"",
    ""functional_group"": ""conjugated diene (fully substituted inner carbon)"",
    ""hybridization"": ""sp2"",
    ""example_molecule_smiles"": ""C=C(C)C=C"",
    ""group_smarts"": ""[C;X3;H0](-[C;X3]=)[C;X3]="",
    ""atom_specific_smarts"": ""[C;X3;H0](-[C;X3]=)[C;X3]="",
    ""description"": ""An sp2 inner 1,3-diene carbon that is single-bonded to another sp2 diene carbon, double-bonded to an sp2 carbon, and bears no hydrogens (substituted)."",
    ""uncertainty"": ""25""
  },
  {
    ""atom_type"": 181,
    ""element"": ""C"",
    ""chemical_environment"": ""methoxy carbon (CH3-O-R) in ethers"",
    ""functional_group"": ""ether (methyl ether)"",
    ""hybridization"": ""sp3"",
    ""example_molecule_smiles"": ""COC"",
    ""group_smarts"": ""[CH3]-[O;H0]-[#6]"",
    ""atom_specific_smarts"": ""[CH3]-[O;H0]-[#6]"",
    ""description"": ""Methyl carbon attached to a non-protonated ether oxygen."",
    ""uncertainty"": ""10""
  },
  {
    ""atom_type"": 182,
    ""element"": ""C"",
    ""chemical_environment"": ""ethoxy methylene (CH2-O-R) in ethers"",
    ""functional_group"": ""ether (ethyl ether segment)"",
    ""hybridization"": ""sp3"",
    ""example_molecule_smiles"": ""CCOC"",
    ""group_smarts"": ""[CH2]-[O;H0]-[#6]"",
    ""atom_specific_smarts"": ""[CH2]-[O;H0]-[#6]"",
    ""description"": ""Methylene carbon directly bonded to a non-protonated ether oxygen."",
    ""uncertainty"": ""10""
  },
  {
    ""atom_type"": 183,
    ""element"": ""C"",
    ""chemical_environment"": ""secondary alkyl ether alpha carbon (CH attached to O and two carbons)"",
    ""functional_group"": ""ether (secondary)"",
    ""hybridization"": ""sp3"",
    ""example_molecule_smiles"": ""COC(C)C"",
    ""group_smarts"": ""[CH](-[O;H0])(-[#6])-[#6]"",
    ""atom_specific_smarts"": ""[CH](-[O;H0])(-[#6])-[#6]"",
    ""description"": ""Secondary carbon directly bonded to ether oxygen and two carbon substituents (e.g., isopropyl ethers)."",
    ""uncertainty"": ""15""
  },
  {
    ""atom_type"": 184,
    ""element"": ""C"",
    ""chemical_environment"": ""tertiary alkyl ether alpha carbon (C attached to O and three carbons, no hydrogens)"",
    ""functional_group"": ""ether (tertiary, tert-butyl ether)"",
    ""hybridization"": ""sp3"",
    ""example_molecule_smiles"": ""COC(C)(C)C"",
    ""group_smarts"": ""[C;H0](-[O;H0])(-[#6])-[#6]"",
    ""atom_specific_smarts"": ""[C;H0](-[O;H0])(-[#6])-[#6]"",
    ""description"": ""Tertiary carbon directly bonded to a non-protonated ether oxygen and three carbons (e.g., tert-butyl ethers)."",
    ""uncertainty"": ""15""
  }
]"
147,0.0,C  - CB   | Naphthalene fusion C (C9),12.011,oplsaa2024.lt,C,6,"Convert the following OPLS-AA atom type rows:

Atom Type Data:
- Atom index: 143
- Force field raw info: C  - CM   | alkene C (H2-C=) all atom
- Partial charge: -0.23
- Atomic mass: 12.011
- Element guess: C
- Atomic number: 6
- Source file: oplsaa2024.lt


Atom Type Data:
- Atom index: 145
- Force field raw info: C  - CA   | Benzene C - 12 site OPLS/2020
- Partial charge: -0.115
- Atomic mass: 12.011
- Element guess: C
- Atomic number: 6
- Source file: oplsaa2024.lt


Atom Type Data:
- Atom index: 147
- Force field raw info: C  - CB   | Naphthalene fusion C (C9)
- Partial charge: 0.0
- Atomic mass: 12.011
- Element guess: C
- Atomic number: 6
- Source file: oplsaa2024.lt


Atom Type Data:
- Atom index: 148
- Force field raw info: C  - CT   | all-atom C: CH3, toluene
- Partial charge: -0.065
- Atomic mass: 12.011
- Element guess: C
- Atomic number: 6
- Source file: oplsaa2024.lt


Atom Type Data:
- Atom index: 149
- Force field raw info: C  - CT   | all-atom C: CH2, ethyl benzene
- Partial charge: -0.005
- Atomic mass: 12.011
- Element guess: C
- Atomic number: 6
- Source file: oplsaa2024.lt


Atom Type Data:
- Atom index: 150
- Force field raw info: C  - C=   | diene =CH-CH=; see 178 also
- Partial charge: -0.115
- Atomic mass: 12.011
- Element guess: C
- Atomic number: 6
- Source file: oplsaa2024.lt


Atom Type Data:
- Atom index: 152
- Force field raw info: C  - CT   | RCH2Cl "" ""
- Partial charge: -0.006
- Atomic mass: 12.011
- Element guess: C
- Atomic number: 6
- Source file: oplsaa2024.lt


Atom Type Data:
- Atom index: 157
- Force field raw info: C  - CT   | all-atom C: CH3 & CH2, prim. alcohols
- Partial charge: 0.145
- Atomic mass: 12.011
- Element guess: C
- Atomic number: 6
- Source file: oplsaa2024.lt


Atom Type Data:
- Atom index: 158
- Force field raw info: C  - CT   | all-atom C: CH, sec. alcohols
- Partial charge: 0.205
- Atomic mass: 12.011
- Element guess: C
- Atomic number: 6
- Source file: oplsaa2024.lt


Atom Type Data:
- Atom index: 159
- Force field raw info: C  - CT   | all-atom C: C, tert. alcohols OPLS/2020
- Partial charge: 0.232
- Atomic mass: 12.011
- Element guess: C
- Atomic number: 6
- Source file: oplsaa2024.lt


Atom Type Data:
- Atom index: 165
- Force field raw info: C  - CA   | Cipso in styrene
- Partial charge: 0.0
- Atomic mass: 12.011
- Element guess: C
- Atomic number: 6
- Source file: oplsaa2024.lt


Atom Type Data:
- Atom index: 166
- Force field raw info: C  - CA   | C(OH) phenol Use with all
- Partial charge: 0.1
- Atomic mass: 12.011
- Element guess: C
- Atomic number: 6
- Source file: oplsaa2024.lt


Atom Type Data:
- Atom index: 173
- Force field raw info: C  - CT   | C(H2OH): diols, triols
- Partial charge: 0.145
- Atomic mass: 12.011
- Element guess: C
- Atomic number: 6
- Source file: oplsaa2024.lt


Atom Type Data:
- Atom index: 174
- Force field raw info: C  - CT   | C(HROH): ""
- Partial charge: 0.205
- Atomic mass: 12.011
- Element guess: C
- Atomic number: 6
- Source file: oplsaa2024.lt


Atom Type Data:
- Atom index: 175
- Force field raw info: C  - CT   | C(R2OH): ""
- Partial charge: 0.265
- Atomic mass: 12.011
- Element guess: C
- Atomic number: 6
- Source file: oplsaa2024.lt


Atom Type Data:
- Atom index: 178
- Force field raw info: C  - C=   | diene =CR-RC=; see 150 also
- Partial charge: 0.0
- Atomic mass: 12.011
- Element guess: C
- Atomic number: 6
- Source file: oplsaa2024.lt


Atom Type Data:
- Atom index: 181
- Force field raw info: C  - CT   | C(H3OR): methyl ether
- Partial charge: 0.11
- Atomic mass: 12.011
- Element guess: C
- Atomic number: 6
- Source file: oplsaa2024.lt


Atom Type Data:
- Atom index: 182
- Force field raw info: C  - CT   | C(H2OR): ethyl ether
- Partial charge: 0.14
- Atomic mass: 12.011
- Element guess: C
- Atomic number: 6
- Source file: oplsaa2024.lt


Atom Type Data:
- Atom index: 183
- Force field raw info: C  - CT   | C(HOR): i-Pr ether
- Partial charge: 0.17
- Atomic mass: 12.011
- Element guess: C
- Atomic number: 6
- Source file: oplsaa2024.lt


Atom Type Data:
- Atom index: 184
- Force field raw info: C  - CT   | C(OR): t-Bu ether
- Partial charge: 0.2
- Atomic mass: 12.011
- Element guess: C
- Atomic number: 6
- Source file: oplsaa2024.lt
","[
  {
    ""atom_type"": 143,
    ""element"": ""C"",
    ""chemical_environment"": ""terminal vinyl carbon with two hydrogens (H2C=)"",
    ""functional_group"": ""alkene (vinyl CH2)"",
    ""hybridization"": ""sp2"",
    ""example_molecule_smiles"": ""C=CC"",
    ""group_smarts"": ""[C]=[C]"",
    ""atom_specific_smarts"": ""[CH2]=[C;X3]"",
    ""description"": ""The terminal alkene carbon bearing two hydrogens in a vinyl group; double-bonded to another sp2 carbon."",
    ""uncertainty"": ""10""
  },
  {
    ""atom_type"": 145,
    ""element"": ""C"",
    ""chemical_environment"": ""benzene ring carbon (non-fusion, non-ipso special cases)"",
    ""functional_group"": ""aromatic (benzene)"",
    ""hybridization"": ""sp2"",
    ""example_molecule_smiles"": ""c1ccccc1"",
    ""group_smarts"": ""[c;r6]"",
    ""atom_specific_smarts"": ""[$([cH](:a):a),$([c;H0](:a)(:a)[!a])]"",
    ""description"": ""A benzene ring carbon with exactly two aromatic neighbors; can be protonated (cH) or substituted by a non-aromatic atom/group; excludes fusion junction carbons with three aromatic neighbors."",
    ""uncertainty"": ""15""
  },
  {
    ""atom_type"": 147,
    ""element"": ""C"",
    ""chemical_environment"": ""fused PAH junction carbon (naphthalene fusion C9)"",
    ""functional_group"": ""aromatic (fused polycyclic junction)"",
    ""hybridization"": ""sp2"",
    ""example_molecule_smiles"": ""c1cccc2c1cccc2"",
    ""group_smarts"": ""[c;H0](:a)(:a):a"",
    ""atom_specific_smarts"": ""[c;H0](:a)(:a):a"",
    ""description"": ""A fusion (bridgehead) aromatic carbon with three aromatic neighbors as in naphthalene C1/C4 (C9 designation), no hydrogens."",
    ""uncertainty"": ""10""
  },
  {
    ""atom_type"": 148,
    ""element"": ""C"",
    ""chemical_environment"": ""benzylic methyl carbon (CH3 attached to an aromatic carbon)"",
    ""functional_group"": ""benzylic"",
    ""hybridization"": ""sp3"",
    ""example_molecule_smiles"": ""Cc1ccccc1"",
    ""group_smarts"": ""[CX4H3]-a"",
    ""atom_specific_smarts"": ""[CH3]-[c;r6]"",
    ""description"": ""Methyl carbon directly bonded to an aromatic ring (e.g., toluene benzylic CH3)."",
    ""uncertainty"": ""10""
  },
  {
    ""atom_type"": 149,
    ""element"": ""C"",
    ""chemical_environment"": ""benzylic methylene carbon (CH2 attached to an aromatic carbon)"",
    ""functional_group"": ""benzylic"",
    ""hybridization"": ""sp3"",
    ""example_molecule_smiles"": ""CCc1ccccc1"",
    ""group_smarts"": ""[CX4H2]-a"",
    ""atom_specific_smarts"": ""[CH2]-[c;r6]"",
    ""description"": ""Methylene carbon alpha to an aromatic ring as in ethylbenzene."",
    ""uncertainty"": ""10""
  },
  {
    ""atom_type"": 150,
    ""element"": ""C"",
    ""chemical_environment"": ""inner conjugated diene carbon with one hydrogen (=CH-CH=)"",
    ""functional_group"": ""conjugated diene"",
    ""hybridization"": ""sp2"",
    ""example_molecule_smiles"": ""C=CC=C"",
    ""group_smarts"": ""[C;X3](-[C;X3]=)[C;X3]="",
    ""atom_specific_smarts"": ""[CH;X3](-[C;X3]=)[C;X3]="",
    ""description"": ""An sp2 carbon in a 1,3-diene that has one H, is single-bonded to another sp2 diene carbon, and double-bonded to an sp2 carbon."",
    ""uncertainty"": ""20""
  },
  {
    ""atom_type"": 152,
    ""element"": ""C"",
    ""chemical_environment"": ""alkyl chloride methylene (RCH2Cl)"",
    ""functional_group"": ""alkyl chloride"",
    ""hybridization"": ""sp3"",
    ""example_molecule_smiles"": ""CCCl"",
    ""group_smarts"": ""[CX4H2]-Cl"",
    ""atom_specific_smarts"": ""[CH2](-Cl)-[#6]"",
    ""description"": ""The methylene carbon bearing chlorine and bonded to carbon (primary alkyl chloride)."",
    ""uncertainty"": ""10""
  },
  {
    ""atom_type"": 157,
    ""element"": ""C"",
    ""chemical_environment"": ""alpha carbon to hydroxyl in primary alcohols (CH3OH or R-CH2-OH)"",
    ""functional_group"": ""alcohol (primary)"",
    ""hybridization"": ""sp3"",
    ""example_molecule_smiles"": ""CCO"",
    ""group_smarts"": ""[CX4;H2,H3]-O[H]"",
    ""atom_specific_smarts"": ""[$([CH3]-O[H]),$([CH2](-[#6])-O[H])]"",
    ""description"": ""Primary alcohol carbon directly bonded to hydroxyl oxygen; either CH3 (methanol) or CH2 attached to one carbon."",
    ""uncertainty"": ""20""
  },
  {
    ""atom_type"": 158,
    ""element"": ""C"",
    ""chemical_environment"": ""alpha carbon to hydroxyl in secondary alcohols (CHOH)"",
    ""functional_group"": ""alcohol (secondary)"",
    ""hybridization"": ""sp3"",
    ""example_molecule_smiles"": ""CC(O)C"",
    ""group_smarts"": ""[CX4H]-O[H]"",
    ""atom_specific_smarts"": ""[CH](-[#6])(-[#6])-O[H]"",
    ""description"": ""Secondary alcohol carbon bearing OH and two carbon substituents, with one hydrogen."",
    ""uncertainty"": ""15""
  },
  {
    ""atom_type"": 159,
    ""element"": ""C"",
    ""chemical_environment"": ""alpha carbon to hydroxyl in tertiary alcohols (C(OH)R3, no hydrogens)"",
    ""functional_group"": ""alcohol (tertiary)"",
    ""hybridization"": ""sp3"",
    ""example_molecule_smiles"": ""CC(C)(O)C"",
    ""group_smarts"": ""[CX4H0]-O[H]"",
    ""atom_specific_smarts"": ""[C;X4;H0](-O[H])(-[#6])(-[#6])-[#6]"",
    ""description"": ""Tertiary alcohol carbon directly bonded to OH and three carbons; no hydrogens."",
    ""uncertainty"": ""15""
  },
  {
    ""atom_type"": 165,
    ""element"": ""C"",
    ""chemical_environment"": ""ipso aromatic carbon in styrene (ring carbon bonded to vinyl group)"",
    ""functional_group"": ""aromatic (styrenyl ipso)"",
    ""hybridization"": ""sp2"",
    ""example_molecule_smiles"": ""c1ccccc1C=C"",
    ""group_smarts"": ""[c;H0](-C=C)"",
    ""atom_specific_smarts"": ""[c;r6;H0](-C=C)(:a):a"",
    ""description"": ""The benzene ring carbon bonded to an alkenyl (vinyl) substituent as in styrene; has two aromatic neighbors and one alkenyl substituent."",
    ""uncertainty"": ""20""
  },
  {
    ""atom_type"": 166,
    ""element"": ""C"",
    ""chemical_environment"": ""phenolic ipso carbon (ring carbon bonded to OH)"",
    ""functional_group"": ""phenol"",
    ""hybridization"": ""sp2"",
    ""example_molecule_smiles"": ""Oc1ccccc1"",
    ""group_smarts"": ""[c;H0]-O[H]"",
    ""atom_specific_smarts"": ""[c;r6;H0]-O[H]"",
    ""description"": ""A benzene ring carbon directly bonded to hydroxyl oxygen (phenolic carbon)."",
    ""uncertainty"": ""10""
  },
  {
    ""atom_type"": 173,
    ""element"": ""C"",
    ""chemical_environment"": ""primary alcohol carbon in diols/triols (CH2OH within polyols)"",
    ""functional_group"": ""polyol (primary alcohol)"",
    ""hybridization"": ""sp3"",
    ""example_molecule_smiles"": ""OCCO"",
    ""group_smarts"": ""[CH2](-O[H])-[#6]-O[H]"",
    ""atom_specific_smarts"": ""[CH2](-O[H])-[#6]-O[H]"",
    ""description"": ""CH2 bearing OH where the adjacent carbon also bears OH (e.g., terminal carbons of ethylene glycol and related polyols)."",
    ""uncertainty"": ""35""
  },
  {
    ""atom_type"": 174,
    ""element"": ""C"",
    ""chemical_environment"": ""secondary alcohol carbon in diols/triols (CHROH within polyols)"",
    ""functional_group"": ""polyol (secondary alcohol)"",
    ""hybridization"": ""sp3"",
    ""example_molecule_smiles"": ""CC(O)CO"",
    ""group_smarts"": ""[CH](-O[H])(-[#6])-[#6;X4](-O[H])"",
    ""atom_specific_smarts"": ""[CH](-O[H])(-[#6])-[#6;X4](-O[H])"",
    ""description"": ""CHOH carbon in a polyol, attached to one hydrogen, one carbon substituent, and adjacent to a carbon that also bears OH (e.g., glycerol center)."",
    ""uncertainty"": ""40""
  },
  {
    ""atom_type"": 175,
    ""element"": ""C"",
    ""chemical_environment"": ""tertiary alcohol carbon in diols/triols (CR2OH within polyols, no hydrogens)"",
    ""functional_group"": ""polyol (tertiary alcohol)"",
    ""hybridization"": ""sp3"",
    ""example_molecule_smiles"": ""CC(C)(O)C(C)(O)C"",
    ""group_smarts"": ""[C;X4;H0](-O[H])(-[#6])-[#6;X4](-O[H])"",
    ""atom_specific_smarts"": ""[C;X4;H0](-O[H])(-[#6])-[#6;X4](-O[H])"",
    ""description"": ""Tertiary alcohol carbon directly bonded to OH and three carbons, in a diol/triol context (e.g., pinacol)."",
    ""uncertainty"": ""45""
  },
  {
    ""atom_type"": 178,
    ""element"": ""C"",
    ""chemical_environment"": ""inner conjugated diene carbon with no hydrogens (=CR-RC=)"",
    ""functional_group"": ""conjugated diene (fully substituted inner carbon)"",
    ""hybridization"": ""sp2"",
    ""example_molecule_smiles"": ""C=C(C)C=C"",
    ""group_smarts"": ""[C;X3;H0](-[C;X3]=)[C;X3]="",
    ""atom_specific_smarts"": ""[C;X3;H0](-[C;X3]=)[C;X3]="",
    ""description"": ""An sp2 inner 1,3-diene carbon that is single-bonded to another sp2 diene carbon, double-bonded to an sp2 carbon, and bears no hydrogens (substituted)."",
    ""uncertainty"": ""25""
  },
  {
    ""atom_type"": 181,
    ""element"": ""C"",
    ""chemical_environment"": ""methoxy carbon (CH3-O-R) in ethers"",
    ""functional_group"": ""ether (methyl ether)"",
    ""hybridization"": ""sp3"",
    ""example_molecule_smiles"": ""COC"",
    ""group_smarts"": ""[CH3]-[O;H0]-[#6]"",
    ""atom_specific_smarts"": ""[CH3]-[O;H0]-[#6]"",
    ""description"": ""Methyl carbon attached to a non-protonated ether oxygen."",
    ""uncertainty"": ""10""
  },
  {
    ""atom_type"": 182,
    ""element"": ""C"",
    ""chemical_environment"": ""ethoxy methylene (CH2-O-R) in ethers"",
    ""functional_group"": ""ether (ethyl ether segment)"",
    ""hybridization"": ""sp3"",
    ""example_molecule_smiles"": ""CCOC"",
    ""group_smarts"": ""[CH2]-[O;H0]-[#6]"",
    ""atom_specific_smarts"": ""[CH2]-[O;H0]-[#6]"",
    ""description"": ""Methylene carbon directly bonded to a non-protonated ether oxygen."",
    ""uncertainty"": ""10""
  },
  {
    ""atom_type"": 183,
    ""element"": ""C"",
    ""chemical_environment"": ""secondary alkyl ether alpha carbon (CH attached to O and two carbons)"",
    ""functional_group"": ""ether (secondary)"",
    ""hybridization"": ""sp3"",
    ""example_molecule_smiles"": ""COC(C)C"",
    ""group_smarts"": ""[CH](-[O;H0])(-[#6])-[#6]"",
    ""atom_specific_smarts"": ""[CH](-[O;H0])(-[#6])-[#6]"",
    ""description"": ""Secondary carbon directly bonded to ether oxygen and two carbon substituents (e.g., isopropyl ethers)."",
    ""uncertainty"": ""15""
  },
  {
    ""atom_type"": 184,
    ""element"": ""C"",
    ""chemical_environment"": ""tertiary alkyl ether alpha carbon (C attached to O and three carbons, no hydrogens)"",
    ""functional_group"": ""ether (tertiary, tert-butyl ether)"",
    ""hybridization"": ""sp3"",
    ""example_molecule_smiles"": ""COC(C)(C)C"",
    ""group_smarts"": ""[C;H0](-[O;H0])(-[#6])-[#6]"",
    ""atom_specific_smarts"": ""[C;H0](-[O;H0])(-[#6])-[#6]"",
    ""description"": ""Tertiary carbon directly bonded to a non-protonated ether oxygen and three carbons (e.g., tert-butyl ethers)."",
    ""uncertainty"": ""15""
  }
]"
148,-0.065,"C  - CT   | all-atom C: CH3, toluene",12.011,oplsaa2024.lt,C,6,"Convert the following OPLS-AA atom type rows:

Atom Type Data:
- Atom index: 143
- Force field raw info: C  - CM   | alkene C (H2-C=) all atom
- Partial charge: -0.23
- Atomic mass: 12.011
- Element guess: C
- Atomic number: 6
- Source file: oplsaa2024.lt


Atom Type Data:
- Atom index: 145
- Force field raw info: C  - CA   | Benzene C - 12 site OPLS/2020
- Partial charge: -0.115
- Atomic mass: 12.011
- Element guess: C
- Atomic number: 6
- Source file: oplsaa2024.lt


Atom Type Data:
- Atom index: 147
- Force field raw info: C  - CB   | Naphthalene fusion C (C9)
- Partial charge: 0.0
- Atomic mass: 12.011
- Element guess: C
- Atomic number: 6
- Source file: oplsaa2024.lt


Atom Type Data:
- Atom index: 148
- Force field raw info: C  - CT   | all-atom C: CH3, toluene
- Partial charge: -0.065
- Atomic mass: 12.011
- Element guess: C
- Atomic number: 6
- Source file: oplsaa2024.lt


Atom Type Data:
- Atom index: 149
- Force field raw info: C  - CT   | all-atom C: CH2, ethyl benzene
- Partial charge: -0.005
- Atomic mass: 12.011
- Element guess: C
- Atomic number: 6
- Source file: oplsaa2024.lt


Atom Type Data:
- Atom index: 150
- Force field raw info: C  - C=   | diene =CH-CH=; see 178 also
- Partial charge: -0.115
- Atomic mass: 12.011
- Element guess: C
- Atomic number: 6
- Source file: oplsaa2024.lt


Atom Type Data:
- Atom index: 152
- Force field raw info: C  - CT   | RCH2Cl "" ""
- Partial charge: -0.006
- Atomic mass: 12.011
- Element guess: C
- Atomic number: 6
- Source file: oplsaa2024.lt


Atom Type Data:
- Atom index: 157
- Force field raw info: C  - CT   | all-atom C: CH3 & CH2, prim. alcohols
- Partial charge: 0.145
- Atomic mass: 12.011
- Element guess: C
- Atomic number: 6
- Source file: oplsaa2024.lt


Atom Type Data:
- Atom index: 158
- Force field raw info: C  - CT   | all-atom C: CH, sec. alcohols
- Partial charge: 0.205
- Atomic mass: 12.011
- Element guess: C
- Atomic number: 6
- Source file: oplsaa2024.lt


Atom Type Data:
- Atom index: 159
- Force field raw info: C  - CT   | all-atom C: C, tert. alcohols OPLS/2020
- Partial charge: 0.232
- Atomic mass: 12.011
- Element guess: C
- Atomic number: 6
- Source file: oplsaa2024.lt


Atom Type Data:
- Atom index: 165
- Force field raw info: C  - CA   | Cipso in styrene
- Partial charge: 0.0
- Atomic mass: 12.011
- Element guess: C
- Atomic number: 6
- Source file: oplsaa2024.lt


Atom Type Data:
- Atom index: 166
- Force field raw info: C  - CA   | C(OH) phenol Use with all
- Partial charge: 0.1
- Atomic mass: 12.011
- Element guess: C
- Atomic number: 6
- Source file: oplsaa2024.lt


Atom Type Data:
- Atom index: 173
- Force field raw info: C  - CT   | C(H2OH): diols, triols
- Partial charge: 0.145
- Atomic mass: 12.011
- Element guess: C
- Atomic number: 6
- Source file: oplsaa2024.lt


Atom Type Data:
- Atom index: 174
- Force field raw info: C  - CT   | C(HROH): ""
- Partial charge: 0.205
- Atomic mass: 12.011
- Element guess: C
- Atomic number: 6
- Source file: oplsaa2024.lt


Atom Type Data:
- Atom index: 175
- Force field raw info: C  - CT   | C(R2OH): ""
- Partial charge: 0.265
- Atomic mass: 12.011
- Element guess: C
- Atomic number: 6
- Source file: oplsaa2024.lt


Atom Type Data:
- Atom index: 178
- Force field raw info: C  - C=   | diene =CR-RC=; see 150 also
- Partial charge: 0.0
- Atomic mass: 12.011
- Element guess: C
- Atomic number: 6
- Source file: oplsaa2024.lt


Atom Type Data:
- Atom index: 181
- Force field raw info: C  - CT   | C(H3OR): methyl ether
- Partial charge: 0.11
- Atomic mass: 12.011
- Element guess: C
- Atomic number: 6
- Source file: oplsaa2024.lt


Atom Type Data:
- Atom index: 182
- Force field raw info: C  - CT   | C(H2OR): ethyl ether
- Partial charge: 0.14
- Atomic mass: 12.011
- Element guess: C
- Atomic number: 6
- Source file: oplsaa2024.lt


Atom Type Data:
- Atom index: 183
- Force field raw info: C  - CT   | C(HOR): i-Pr ether
- Partial charge: 0.17
- Atomic mass: 12.011
- Element guess: C
- Atomic number: 6
- Source file: oplsaa2024.lt


Atom Type Data:
- Atom index: 184
- Force field raw info: C  - CT   | C(OR): t-Bu ether
- Partial charge: 0.2
- Atomic mass: 12.011
- Element guess: C
- Atomic number: 6
- Source file: oplsaa2024.lt
","[
  {
    ""atom_type"": 143,
    ""element"": ""C"",
    ""chemical_environment"": ""terminal vinyl carbon with two hydrogens (H2C=)"",
    ""functional_group"": ""alkene (vinyl CH2)"",
    ""hybridization"": ""sp2"",
    ""example_molecule_smiles"": ""C=CC"",
    ""group_smarts"": ""[C]=[C]"",
    ""atom_specific_smarts"": ""[CH2]=[C;X3]"",
    ""description"": ""The terminal alkene carbon bearing two hydrogens in a vinyl group; double-bonded to another sp2 carbon."",
    ""uncertainty"": ""10""
  },
  {
    ""atom_type"": 145,
    ""element"": ""C"",
    ""chemical_environment"": ""benzene ring carbon (non-fusion, non-ipso special cases)"",
    ""functional_group"": ""aromatic (benzene)"",
    ""hybridization"": ""sp2"",
    ""example_molecule_smiles"": ""c1ccccc1"",
    ""group_smarts"": ""[c;r6]"",
    ""atom_specific_smarts"": ""[$([cH](:a):a),$([c;H0](:a)(:a)[!a])]"",
    ""description"": ""A benzene ring carbon with exactly two aromatic neighbors; can be protonated (cH) or substituted by a non-aromatic atom/group; excludes fusion junction carbons with three aromatic neighbors."",
    ""uncertainty"": ""15""
  },
  {
    ""atom_type"": 147,
    ""element"": ""C"",
    ""chemical_environment"": ""fused PAH junction carbon (naphthalene fusion C9)"",
    ""functional_group"": ""aromatic (fused polycyclic junction)"",
    ""hybridization"": ""sp2"",
    ""example_molecule_smiles"": ""c1cccc2c1cccc2"",
    ""group_smarts"": ""[c;H0](:a)(:a):a"",
    ""atom_specific_smarts"": ""[c;H0](:a)(:a):a"",
    ""description"": ""A fusion (bridgehead) aromatic carbon with three aromatic neighbors as in naphthalene C1/C4 (C9 designation), no hydrogens."",
    ""uncertainty"": ""10""
  },
  {
    ""atom_type"": 148,
    ""element"": ""C"",
    ""chemical_environment"": ""benzylic methyl carbon (CH3 attached to an aromatic carbon)"",
    ""functional_group"": ""benzylic"",
    ""hybridization"": ""sp3"",
    ""example_molecule_smiles"": ""Cc1ccccc1"",
    ""group_smarts"": ""[CX4H3]-a"",
    ""atom_specific_smarts"": ""[CH3]-[c;r6]"",
    ""description"": ""Methyl carbon directly bonded to an aromatic ring (e.g., toluene benzylic CH3)."",
    ""uncertainty"": ""10""
  },
  {
    ""atom_type"": 149,
    ""element"": ""C"",
    ""chemical_environment"": ""benzylic methylene carbon (CH2 attached to an aromatic carbon)"",
    ""functional_group"": ""benzylic"",
    ""hybridization"": ""sp3"",
    ""example_molecule_smiles"": ""CCc1ccccc1"",
    ""group_smarts"": ""[CX4H2]-a"",
    ""atom_specific_smarts"": ""[CH2]-[c;r6]"",
    ""description"": ""Methylene carbon alpha to an aromatic ring as in ethylbenzene."",
    ""uncertainty"": ""10""
  },
  {
    ""atom_type"": 150,
    ""element"": ""C"",
    ""chemical_environment"": ""inner conjugated diene carbon with one hydrogen (=CH-CH=)"",
    ""functional_group"": ""conjugated diene"",
    ""hybridization"": ""sp2"",
    ""example_molecule_smiles"": ""C=CC=C"",
    ""group_smarts"": ""[C;X3](-[C;X3]=)[C;X3]="",
    ""atom_specific_smarts"": ""[CH;X3](-[C;X3]=)[C;X3]="",
    ""description"": ""An sp2 carbon in a 1,3-diene that has one H, is single-bonded to another sp2 diene carbon, and double-bonded to an sp2 carbon."",
    ""uncertainty"": ""20""
  },
  {
    ""atom_type"": 152,
    ""element"": ""C"",
    ""chemical_environment"": ""alkyl chloride methylene (RCH2Cl)"",
    ""functional_group"": ""alkyl chloride"",
    ""hybridization"": ""sp3"",
    ""example_molecule_smiles"": ""CCCl"",
    ""group_smarts"": ""[CX4H2]-Cl"",
    ""atom_specific_smarts"": ""[CH2](-Cl)-[#6]"",
    ""description"": ""The methylene carbon bearing chlorine and bonded to carbon (primary alkyl chloride)."",
    ""uncertainty"": ""10""
  },
  {
    ""atom_type"": 157,
    ""element"": ""C"",
    ""chemical_environment"": ""alpha carbon to hydroxyl in primary alcohols (CH3OH or R-CH2-OH)"",
    ""functional_group"": ""alcohol (primary)"",
    ""hybridization"": ""sp3"",
    ""example_molecule_smiles"": ""CCO"",
    ""group_smarts"": ""[CX4;H2,H3]-O[H]"",
    ""atom_specific_smarts"": ""[$([CH3]-O[H]),$([CH2](-[#6])-O[H])]"",
    ""description"": ""Primary alcohol carbon directly bonded to hydroxyl oxygen; either CH3 (methanol) or CH2 attached to one carbon."",
    ""uncertainty"": ""20""
  },
  {
    ""atom_type"": 158,
    ""element"": ""C"",
    ""chemical_environment"": ""alpha carbon to hydroxyl in secondary alcohols (CHOH)"",
    ""functional_group"": ""alcohol (secondary)"",
    ""hybridization"": ""sp3"",
    ""example_molecule_smiles"": ""CC(O)C"",
    ""group_smarts"": ""[CX4H]-O[H]"",
    ""atom_specific_smarts"": ""[CH](-[#6])(-[#6])-O[H]"",
    ""description"": ""Secondary alcohol carbon bearing OH and two carbon substituents, with one hydrogen."",
    ""uncertainty"": ""15""
  },
  {
    ""atom_type"": 159,
    ""element"": ""C"",
    ""chemical_environment"": ""alpha carbon to hydroxyl in tertiary alcohols (C(OH)R3, no hydrogens)"",
    ""functional_group"": ""alcohol (tertiary)"",
    ""hybridization"": ""sp3"",
    ""example_molecule_smiles"": ""CC(C)(O)C"",
    ""group_smarts"": ""[CX4H0]-O[H]"",
    ""atom_specific_smarts"": ""[C;X4;H0](-O[H])(-[#6])(-[#6])-[#6]"",
    ""description"": ""Tertiary alcohol carbon directly bonded to OH and three carbons; no hydrogens."",
    ""uncertainty"": ""15""
  },
  {
    ""atom_type"": 165,
    ""element"": ""C"",
    ""chemical_environment"": ""ipso aromatic carbon in styrene (ring carbon bonded to vinyl group)"",
    ""functional_group"": ""aromatic (styrenyl ipso)"",
    ""hybridization"": ""sp2"",
    ""example_molecule_smiles"": ""c1ccccc1C=C"",
    ""group_smarts"": ""[c;H0](-C=C)"",
    ""atom_specific_smarts"": ""[c;r6;H0](-C=C)(:a):a"",
    ""description"": ""The benzene ring carbon bonded to an alkenyl (vinyl) substituent as in styrene; has two aromatic neighbors and one alkenyl substituent."",
    ""uncertainty"": ""20""
  },
  {
    ""atom_type"": 166,
    ""element"": ""C"",
    ""chemical_environment"": ""phenolic ipso carbon (ring carbon bonded to OH)"",
    ""functional_group"": ""phenol"",
    ""hybridization"": ""sp2"",
    ""example_molecule_smiles"": ""Oc1ccccc1"",
    ""group_smarts"": ""[c;H0]-O[H]"",
    ""atom_specific_smarts"": ""[c;r6;H0]-O[H]"",
    ""description"": ""A benzene ring carbon directly bonded to hydroxyl oxygen (phenolic carbon)."",
    ""uncertainty"": ""10""
  },
  {
    ""atom_type"": 173,
    ""element"": ""C"",
    ""chemical_environment"": ""primary alcohol carbon in diols/triols (CH2OH within polyols)"",
    ""functional_group"": ""polyol (primary alcohol)"",
    ""hybridization"": ""sp3"",
    ""example_molecule_smiles"": ""OCCO"",
    ""group_smarts"": ""[CH2](-O[H])-[#6]-O[H]"",
    ""atom_specific_smarts"": ""[CH2](-O[H])-[#6]-O[H]"",
    ""description"": ""CH2 bearing OH where the adjacent carbon also bears OH (e.g., terminal carbons of ethylene glycol and related polyols)."",
    ""uncertainty"": ""35""
  },
  {
    ""atom_type"": 174,
    ""element"": ""C"",
    ""chemical_environment"": ""secondary alcohol carbon in diols/triols (CHROH within polyols)"",
    ""functional_group"": ""polyol (secondary alcohol)"",
    ""hybridization"": ""sp3"",
    ""example_molecule_smiles"": ""CC(O)CO"",
    ""group_smarts"": ""[CH](-O[H])(-[#6])-[#6;X4](-O[H])"",
    ""atom_specific_smarts"": ""[CH](-O[H])(-[#6])-[#6;X4](-O[H])"",
    ""description"": ""CHOH carbon in a polyol, attached to one hydrogen, one carbon substituent, and adjacent to a carbon that also bears OH (e.g., glycerol center)."",
    ""uncertainty"": ""40""
  },
  {
    ""atom_type"": 175,
    ""element"": ""C"",
    ""chemical_environment"": ""tertiary alcohol carbon in diols/triols (CR2OH within polyols, no hydrogens)"",
    ""functional_group"": ""polyol (tertiary alcohol)"",
    ""hybridization"": ""sp3"",
    ""example_molecule_smiles"": ""CC(C)(O)C(C)(O)C"",
    ""group_smarts"": ""[C;X4;H0](-O[H])(-[#6])-[#6;X4](-O[H])"",
    ""atom_specific_smarts"": ""[C;X4;H0](-O[H])(-[#6])-[#6;X4](-O[H])"",
    ""description"": ""Tertiary alcohol carbon directly bonded to OH and three carbons, in a diol/triol context (e.g., pinacol)."",
    ""uncertainty"": ""45""
  },
  {
    ""atom_type"": 178,
    ""element"": ""C"",
    ""chemical_environment"": ""inner conjugated diene carbon with no hydrogens (=CR-RC=)"",
    ""functional_group"": ""conjugated diene (fully substituted inner carbon)"",
    ""hybridization"": ""sp2"",
    ""example_molecule_smiles"": ""C=C(C)C=C"",
    ""group_smarts"": ""[C;X3;H0](-[C;X3]=)[C;X3]="",
    ""atom_specific_smarts"": ""[C;X3;H0](-[C;X3]=)[C;X3]="",
    ""description"": ""An sp2 inner 1,3-diene carbon that is single-bonded to another sp2 diene carbon, double-bonded to an sp2 carbon, and bears no hydrogens (substituted)."",
    ""uncertainty"": ""25""
  },
  {
    ""atom_type"": 181,
    ""element"": ""C"",
    ""chemical_environment"": ""methoxy carbon (CH3-O-R) in ethers"",
    ""functional_group"": ""ether (methyl ether)"",
    ""hybridization"": ""sp3"",
    ""example_molecule_smiles"": ""COC"",
    ""group_smarts"": ""[CH3]-[O;H0]-[#6]"",
    ""atom_specific_smarts"": ""[CH3]-[O;H0]-[#6]"",
    ""description"": ""Methyl carbon attached to a non-protonated ether oxygen."",
    ""uncertainty"": ""10""
  },
  {
    ""atom_type"": 182,
    ""element"": ""C"",
    ""chemical_environment"": ""ethoxy methylene (CH2-O-R) in ethers"",
    ""functional_group"": ""ether (ethyl ether segment)"",
    ""hybridization"": ""sp3"",
    ""example_molecule_smiles"": ""CCOC"",
    ""group_smarts"": ""[CH2]-[O;H0]-[#6]"",
    ""atom_specific_smarts"": ""[CH2]-[O;H0]-[#6]"",
    ""description"": ""Methylene carbon directly bonded to a non-protonated ether oxygen."",
    ""uncertainty"": ""10""
  },
  {
    ""atom_type"": 183,
    ""element"": ""C"",
    ""chemical_environment"": ""secondary alkyl ether alpha carbon (CH attached to O and two carbons)"",
    ""functional_group"": ""ether (secondary)"",
    ""hybridization"": ""sp3"",
    ""example_molecule_smiles"": ""COC(C)C"",
    ""group_smarts"": ""[CH](-[O;H0])(-[#6])-[#6]"",
    ""atom_specific_smarts"": ""[CH](-[O;H0])(-[#6])-[#6]"",
    ""description"": ""Secondary carbon directly bonded to ether oxygen and two carbon substituents (e.g., isopropyl ethers)."",
    ""uncertainty"": ""15""
  },
  {
    ""atom_type"": 184,
    ""element"": ""C"",
    ""chemical_environment"": ""tertiary alkyl ether alpha carbon (C attached to O and three carbons, no hydrogens)"",
    ""functional_group"": ""ether (tertiary, tert-butyl ether)"",
    ""hybridization"": ""sp3"",
    ""example_molecule_smiles"": ""COC(C)(C)C"",
    ""group_smarts"": ""[C;H0](-[O;H0])(-[#6])-[#6]"",
    ""atom_specific_smarts"": ""[C;H0](-[O;H0])(-[#6])-[#6]"",
    ""description"": ""Tertiary carbon directly bonded to a non-protonated ether oxygen and three carbons (e.g., tert-butyl ethers)."",
    ""uncertainty"": ""15""
  }
]"
149,-0.005,"C  - CT   | all-atom C: CH2, ethyl benzene",12.011,oplsaa2024.lt,C,6,"Convert the following OPLS-AA atom type rows:

Atom Type Data:
- Atom index: 143
- Force field raw info: C  - CM   | alkene C (H2-C=) all atom
- Partial charge: -0.23
- Atomic mass: 12.011
- Element guess: C
- Atomic number: 6
- Source file: oplsaa2024.lt


Atom Type Data:
- Atom index: 145
- Force field raw info: C  - CA   | Benzene C - 12 site OPLS/2020
- Partial charge: -0.115
- Atomic mass: 12.011
- Element guess: C
- Atomic number: 6
- Source file: oplsaa2024.lt


Atom Type Data:
- Atom index: 147
- Force field raw info: C  - CB   | Naphthalene fusion C (C9)
- Partial charge: 0.0
- Atomic mass: 12.011
- Element guess: C
- Atomic number: 6
- Source file: oplsaa2024.lt


Atom Type Data:
- Atom index: 148
- Force field raw info: C  - CT   | all-atom C: CH3, toluene
- Partial charge: -0.065
- Atomic mass: 12.011
- Element guess: C
- Atomic number: 6
- Source file: oplsaa2024.lt


Atom Type Data:
- Atom index: 149
- Force field raw info: C  - CT   | all-atom C: CH2, ethyl benzene
- Partial charge: -0.005
- Atomic mass: 12.011
- Element guess: C
- Atomic number: 6
- Source file: oplsaa2024.lt


Atom Type Data:
- Atom index: 150
- Force field raw info: C  - C=   | diene =CH-CH=; see 178 also
- Partial charge: -0.115
- Atomic mass: 12.011
- Element guess: C
- Atomic number: 6
- Source file: oplsaa2024.lt


Atom Type Data:
- Atom index: 152
- Force field raw info: C  - CT   | RCH2Cl "" ""
- Partial charge: -0.006
- Atomic mass: 12.011
- Element guess: C
- Atomic number: 6
- Source file: oplsaa2024.lt


Atom Type Data:
- Atom index: 157
- Force field raw info: C  - CT   | all-atom C: CH3 & CH2, prim. alcohols
- Partial charge: 0.145
- Atomic mass: 12.011
- Element guess: C
- Atomic number: 6
- Source file: oplsaa2024.lt


Atom Type Data:
- Atom index: 158
- Force field raw info: C  - CT   | all-atom C: CH, sec. alcohols
- Partial charge: 0.205
- Atomic mass: 12.011
- Element guess: C
- Atomic number: 6
- Source file: oplsaa2024.lt


Atom Type Data:
- Atom index: 159
- Force field raw info: C  - CT   | all-atom C: C, tert. alcohols OPLS/2020
- Partial charge: 0.232
- Atomic mass: 12.011
- Element guess: C
- Atomic number: 6
- Source file: oplsaa2024.lt


Atom Type Data:
- Atom index: 165
- Force field raw info: C  - CA   | Cipso in styrene
- Partial charge: 0.0
- Atomic mass: 12.011
- Element guess: C
- Atomic number: 6
- Source file: oplsaa2024.lt


Atom Type Data:
- Atom index: 166
- Force field raw info: C  - CA   | C(OH) phenol Use with all
- Partial charge: 0.1
- Atomic mass: 12.011
- Element guess: C
- Atomic number: 6
- Source file: oplsaa2024.lt


Atom Type Data:
- Atom index: 173
- Force field raw info: C  - CT   | C(H2OH): diols, triols
- Partial charge: 0.145
- Atomic mass: 12.011
- Element guess: C
- Atomic number: 6
- Source file: oplsaa2024.lt


Atom Type Data:
- Atom index: 174
- Force field raw info: C  - CT   | C(HROH): ""
- Partial charge: 0.205
- Atomic mass: 12.011
- Element guess: C
- Atomic number: 6
- Source file: oplsaa2024.lt


Atom Type Data:
- Atom index: 175
- Force field raw info: C  - CT   | C(R2OH): ""
- Partial charge: 0.265
- Atomic mass: 12.011
- Element guess: C
- Atomic number: 6
- Source file: oplsaa2024.lt


Atom Type Data:
- Atom index: 178
- Force field raw info: C  - C=   | diene =CR-RC=; see 150 also
- Partial charge: 0.0
- Atomic mass: 12.011
- Element guess: C
- Atomic number: 6
- Source file: oplsaa2024.lt


Atom Type Data:
- Atom index: 181
- Force field raw info: C  - CT   | C(H3OR): methyl ether
- Partial charge: 0.11
- Atomic mass: 12.011
- Element guess: C
- Atomic number: 6
- Source file: oplsaa2024.lt


Atom Type Data:
- Atom index: 182
- Force field raw info: C  - CT   | C(H2OR): ethyl ether
- Partial charge: 0.14
- Atomic mass: 12.011
- Element guess: C
- Atomic number: 6
- Source file: oplsaa2024.lt


Atom Type Data:
- Atom index: 183
- Force field raw info: C  - CT   | C(HOR): i-Pr ether
- Partial charge: 0.17
- Atomic mass: 12.011
- Element guess: C
- Atomic number: 6
- Source file: oplsaa2024.lt


Atom Type Data:
- Atom index: 184
- Force field raw info: C  - CT   | C(OR): t-Bu ether
- Partial charge: 0.2
- Atomic mass: 12.011
- Element guess: C
- Atomic number: 6
- Source file: oplsaa2024.lt
","[
  {
    ""atom_type"": 143,
    ""element"": ""C"",
    ""chemical_environment"": ""terminal vinyl carbon with two hydrogens (H2C=)"",
    ""functional_group"": ""alkene (vinyl CH2)"",
    ""hybridization"": ""sp2"",
    ""example_molecule_smiles"": ""C=CC"",
    ""group_smarts"": ""[C]=[C]"",
    ""atom_specific_smarts"": ""[CH2]=[C;X3]"",
    ""description"": ""The terminal alkene carbon bearing two hydrogens in a vinyl group; double-bonded to another sp2 carbon."",
    ""uncertainty"": ""10""
  },
  {
    ""atom_type"": 145,
    ""element"": ""C"",
    ""chemical_environment"": ""benzene ring carbon (non-fusion, non-ipso special cases)"",
    ""functional_group"": ""aromatic (benzene)"",
    ""hybridization"": ""sp2"",
    ""example_molecule_smiles"": ""c1ccccc1"",
    ""group_smarts"": ""[c;r6]"",
    ""atom_specific_smarts"": ""[$([cH](:a):a),$([c;H0](:a)(:a)[!a])]"",
    ""description"": ""A benzene ring carbon with exactly two aromatic neighbors; can be protonated (cH) or substituted by a non-aromatic atom/group; excludes fusion junction carbons with three aromatic neighbors."",
    ""uncertainty"": ""15""
  },
  {
    ""atom_type"": 147,
    ""element"": ""C"",
    ""chemical_environment"": ""fused PAH junction carbon (naphthalene fusion C9)"",
    ""functional_group"": ""aromatic (fused polycyclic junction)"",
    ""hybridization"": ""sp2"",
    ""example_molecule_smiles"": ""c1cccc2c1cccc2"",
    ""group_smarts"": ""[c;H0](:a)(:a):a"",
    ""atom_specific_smarts"": ""[c;H0](:a)(:a):a"",
    ""description"": ""A fusion (bridgehead) aromatic carbon with three aromatic neighbors as in naphthalene C1/C4 (C9 designation), no hydrogens."",
    ""uncertainty"": ""10""
  },
  {
    ""atom_type"": 148,
    ""element"": ""C"",
    ""chemical_environment"": ""benzylic methyl carbon (CH3 attached to an aromatic carbon)"",
    ""functional_group"": ""benzylic"",
    ""hybridization"": ""sp3"",
    ""example_molecule_smiles"": ""Cc1ccccc1"",
    ""group_smarts"": ""[CX4H3]-a"",
    ""atom_specific_smarts"": ""[CH3]-[c;r6]"",
    ""description"": ""Methyl carbon directly bonded to an aromatic ring (e.g., toluene benzylic CH3)."",
    ""uncertainty"": ""10""
  },
  {
    ""atom_type"": 149,
    ""element"": ""C"",
    ""chemical_environment"": ""benzylic methylene carbon (CH2 attached to an aromatic carbon)"",
    ""functional_group"": ""benzylic"",
    ""hybridization"": ""sp3"",
    ""example_molecule_smiles"": ""CCc1ccccc1"",
    ""group_smarts"": ""[CX4H2]-a"",
    ""atom_specific_smarts"": ""[CH2]-[c;r6]"",
    ""description"": ""Methylene carbon alpha to an aromatic ring as in ethylbenzene."",
    ""uncertainty"": ""10""
  },
  {
    ""atom_type"": 150,
    ""element"": ""C"",
    ""chemical_environment"": ""inner conjugated diene carbon with one hydrogen (=CH-CH=)"",
    ""functional_group"": ""conjugated diene"",
    ""hybridization"": ""sp2"",
    ""example_molecule_smiles"": ""C=CC=C"",
    ""group_smarts"": ""[C;X3](-[C;X3]=)[C;X3]="",
    ""atom_specific_smarts"": ""[CH;X3](-[C;X3]=)[C;X3]="",
    ""description"": ""An sp2 carbon in a 1,3-diene that has one H, is single-bonded to another sp2 diene carbon, and double-bonded to an sp2 carbon."",
    ""uncertainty"": ""20""
  },
  {
    ""atom_type"": 152,
    ""element"": ""C"",
    ""chemical_environment"": ""alkyl chloride methylene (RCH2Cl)"",
    ""functional_group"": ""alkyl chloride"",
    ""hybridization"": ""sp3"",
    ""example_molecule_smiles"": ""CCCl"",
    ""group_smarts"": ""[CX4H2]-Cl"",
    ""atom_specific_smarts"": ""[CH2](-Cl)-[#6]"",
    ""description"": ""The methylene carbon bearing chlorine and bonded to carbon (primary alkyl chloride)."",
    ""uncertainty"": ""10""
  },
  {
    ""atom_type"": 157,
    ""element"": ""C"",
    ""chemical_environment"": ""alpha carbon to hydroxyl in primary alcohols (CH3OH or R-CH2-OH)"",
    ""functional_group"": ""alcohol (primary)"",
    ""hybridization"": ""sp3"",
    ""example_molecule_smiles"": ""CCO"",
    ""group_smarts"": ""[CX4;H2,H3]-O[H]"",
    ""atom_specific_smarts"": ""[$([CH3]-O[H]),$([CH2](-[#6])-O[H])]"",
    ""description"": ""Primary alcohol carbon directly bonded to hydroxyl oxygen; either CH3 (methanol) or CH2 attached to one carbon."",
    ""uncertainty"": ""20""
  },
  {
    ""atom_type"": 158,
    ""element"": ""C"",
    ""chemical_environment"": ""alpha carbon to hydroxyl in secondary alcohols (CHOH)"",
    ""functional_group"": ""alcohol (secondary)"",
    ""hybridization"": ""sp3"",
    ""example_molecule_smiles"": ""CC(O)C"",
    ""group_smarts"": ""[CX4H]-O[H]"",
    ""atom_specific_smarts"": ""[CH](-[#6])(-[#6])-O[H]"",
    ""description"": ""Secondary alcohol carbon bearing OH and two carbon substituents, with one hydrogen."",
    ""uncertainty"": ""15""
  },
  {
    ""atom_type"": 159,
    ""element"": ""C"",
    ""chemical_environment"": ""alpha carbon to hydroxyl in tertiary alcohols (C(OH)R3, no hydrogens)"",
    ""functional_group"": ""alcohol (tertiary)"",
    ""hybridization"": ""sp3"",
    ""example_molecule_smiles"": ""CC(C)(O)C"",
    ""group_smarts"": ""[CX4H0]-O[H]"",
    ""atom_specific_smarts"": ""[C;X4;H0](-O[H])(-[#6])(-[#6])-[#6]"",
    ""description"": ""Tertiary alcohol carbon directly bonded to OH and three carbons; no hydrogens."",
    ""uncertainty"": ""15""
  },
  {
    ""atom_type"": 165,
    ""element"": ""C"",
    ""chemical_environment"": ""ipso aromatic carbon in styrene (ring carbon bonded to vinyl group)"",
    ""functional_group"": ""aromatic (styrenyl ipso)"",
    ""hybridization"": ""sp2"",
    ""example_molecule_smiles"": ""c1ccccc1C=C"",
    ""group_smarts"": ""[c;H0](-C=C)"",
    ""atom_specific_smarts"": ""[c;r6;H0](-C=C)(:a):a"",
    ""description"": ""The benzene ring carbon bonded to an alkenyl (vinyl) substituent as in styrene; has two aromatic neighbors and one alkenyl substituent."",
    ""uncertainty"": ""20""
  },
  {
    ""atom_type"": 166,
    ""element"": ""C"",
    ""chemical_environment"": ""phenolic ipso carbon (ring carbon bonded to OH)"",
    ""functional_group"": ""phenol"",
    ""hybridization"": ""sp2"",
    ""example_molecule_smiles"": ""Oc1ccccc1"",
    ""group_smarts"": ""[c;H0]-O[H]"",
    ""atom_specific_smarts"": ""[c;r6;H0]-O[H]"",
    ""description"": ""A benzene ring carbon directly bonded to hydroxyl oxygen (phenolic carbon)."",
    ""uncertainty"": ""10""
  },
  {
    ""atom_type"": 173,
    ""element"": ""C"",
    ""chemical_environment"": ""primary alcohol carbon in diols/triols (CH2OH within polyols)"",
    ""functional_group"": ""polyol (primary alcohol)"",
    ""hybridization"": ""sp3"",
    ""example_molecule_smiles"": ""OCCO"",
    ""group_smarts"": ""[CH2](-O[H])-[#6]-O[H]"",
    ""atom_specific_smarts"": ""[CH2](-O[H])-[#6]-O[H]"",
    ""description"": ""CH2 bearing OH where the adjacent carbon also bears OH (e.g., terminal carbons of ethylene glycol and related polyols)."",
    ""uncertainty"": ""35""
  },
  {
    ""atom_type"": 174,
    ""element"": ""C"",
    ""chemical_environment"": ""secondary alcohol carbon in diols/triols (CHROH within polyols)"",
    ""functional_group"": ""polyol (secondary alcohol)"",
    ""hybridization"": ""sp3"",
    ""example_molecule_smiles"": ""CC(O)CO"",
    ""group_smarts"": ""[CH](-O[H])(-[#6])-[#6;X4](-O[H])"",
    ""atom_specific_smarts"": ""[CH](-O[H])(-[#6])-[#6;X4](-O[H])"",
    ""description"": ""CHOH carbon in a polyol, attached to one hydrogen, one carbon substituent, and adjacent to a carbon that also bears OH (e.g., glycerol center)."",
    ""uncertainty"": ""40""
  },
  {
    ""atom_type"": 175,
    ""element"": ""C"",
    ""chemical_environment"": ""tertiary alcohol carbon in diols/triols (CR2OH within polyols, no hydrogens)"",
    ""functional_group"": ""polyol (tertiary alcohol)"",
    ""hybridization"": ""sp3"",
    ""example_molecule_smiles"": ""CC(C)(O)C(C)(O)C"",
    ""group_smarts"": ""[C;X4;H0](-O[H])(-[#6])-[#6;X4](-O[H])"",
    ""atom_specific_smarts"": ""[C;X4;H0](-O[H])(-[#6])-[#6;X4](-O[H])"",
    ""description"": ""Tertiary alcohol carbon directly bonded to OH and three carbons, in a diol/triol context (e.g., pinacol)."",
    ""uncertainty"": ""45""
  },
  {
    ""atom_type"": 178,
    ""element"": ""C"",
    ""chemical_environment"": ""inner conjugated diene carbon with no hydrogens (=CR-RC=)"",
    ""functional_group"": ""conjugated diene (fully substituted inner carbon)"",
    ""hybridization"": ""sp2"",
    ""example_molecule_smiles"": ""C=C(C)C=C"",
    ""group_smarts"": ""[C;X3;H0](-[C;X3]=)[C;X3]="",
    ""atom_specific_smarts"": ""[C;X3;H0](-[C;X3]=)[C;X3]="",
    ""description"": ""An sp2 inner 1,3-diene carbon that is single-bonded to another sp2 diene carbon, double-bonded to an sp2 carbon, and bears no hydrogens (substituted)."",
    ""uncertainty"": ""25""
  },
  {
    ""atom_type"": 181,
    ""element"": ""C"",
    ""chemical_environment"": ""methoxy carbon (CH3-O-R) in ethers"",
    ""functional_group"": ""ether (methyl ether)"",
    ""hybridization"": ""sp3"",
    ""example_molecule_smiles"": ""COC"",
    ""group_smarts"": ""[CH3]-[O;H0]-[#6]"",
    ""atom_specific_smarts"": ""[CH3]-[O;H0]-[#6]"",
    ""description"": ""Methyl carbon attached to a non-protonated ether oxygen."",
    ""uncertainty"": ""10""
  },
  {
    ""atom_type"": 182,
    ""element"": ""C"",
    ""chemical_environment"": ""ethoxy methylene (CH2-O-R) in ethers"",
    ""functional_group"": ""ether (ethyl ether segment)"",
    ""hybridization"": ""sp3"",
    ""example_molecule_smiles"": ""CCOC"",
    ""group_smarts"": ""[CH2]-[O;H0]-[#6]"",
    ""atom_specific_smarts"": ""[CH2]-[O;H0]-[#6]"",
    ""description"": ""Methylene carbon directly bonded to a non-protonated ether oxygen."",
    ""uncertainty"": ""10""
  },
  {
    ""atom_type"": 183,
    ""element"": ""C"",
    ""chemical_environment"": ""secondary alkyl ether alpha carbon (CH attached to O and two carbons)"",
    ""functional_group"": ""ether (secondary)"",
    ""hybridization"": ""sp3"",
    ""example_molecule_smiles"": ""COC(C)C"",
    ""group_smarts"": ""[CH](-[O;H0])(-[#6])-[#6]"",
    ""atom_specific_smarts"": ""[CH](-[O;H0])(-[#6])-[#6]"",
    ""description"": ""Secondary carbon directly bonded to ether oxygen and two carbon substituents (e.g., isopropyl ethers)."",
    ""uncertainty"": ""15""
  },
  {
    ""atom_type"": 184,
    ""element"": ""C"",
    ""chemical_environment"": ""tertiary alkyl ether alpha carbon (C attached to O and three carbons, no hydrogens)"",
    ""functional_group"": ""ether (tertiary, tert-butyl ether)"",
    ""hybridization"": ""sp3"",
    ""example_molecule_smiles"": ""COC(C)(C)C"",
    ""group_smarts"": ""[C;H0](-[O;H0])(-[#6])-[#6]"",
    ""atom_specific_smarts"": ""[C;H0](-[O;H0])(-[#6])-[#6]"",
    ""description"": ""Tertiary carbon directly bonded to a non-protonated ether oxygen and three carbons (e.g., tert-butyl ethers)."",
    ""uncertainty"": ""15""
  }
]"
150,-0.115,C  - C=   | diene =CH-CH=; see 178 also,12.011,oplsaa2024.lt,C,6,"Convert the following OPLS-AA atom type rows:

Atom Type Data:
- Atom index: 143
- Force field raw info: C  - CM   | alkene C (H2-C=) all atom
- Partial charge: -0.23
- Atomic mass: 12.011
- Element guess: C
- Atomic number: 6
- Source file: oplsaa2024.lt


Atom Type Data:
- Atom index: 145
- Force field raw info: C  - CA   | Benzene C - 12 site OPLS/2020
- Partial charge: -0.115
- Atomic mass: 12.011
- Element guess: C
- Atomic number: 6
- Source file: oplsaa2024.lt


Atom Type Data:
- Atom index: 147
- Force field raw info: C  - CB   | Naphthalene fusion C (C9)
- Partial charge: 0.0
- Atomic mass: 12.011
- Element guess: C
- Atomic number: 6
- Source file: oplsaa2024.lt


Atom Type Data:
- Atom index: 148
- Force field raw info: C  - CT   | all-atom C: CH3, toluene
- Partial charge: -0.065
- Atomic mass: 12.011
- Element guess: C
- Atomic number: 6
- Source file: oplsaa2024.lt


Atom Type Data:
- Atom index: 149
- Force field raw info: C  - CT   | all-atom C: CH2, ethyl benzene
- Partial charge: -0.005
- Atomic mass: 12.011
- Element guess: C
- Atomic number: 6
- Source file: oplsaa2024.lt


Atom Type Data:
- Atom index: 150
- Force field raw info: C  - C=   | diene =CH-CH=; see 178 also
- Partial charge: -0.115
- Atomic mass: 12.011
- Element guess: C
- Atomic number: 6
- Source file: oplsaa2024.lt


Atom Type Data:
- Atom index: 152
- Force field raw info: C  - CT   | RCH2Cl "" ""
- Partial charge: -0.006
- Atomic mass: 12.011
- Element guess: C
- Atomic number: 6
- Source file: oplsaa2024.lt


Atom Type Data:
- Atom index: 157
- Force field raw info: C  - CT   | all-atom C: CH3 & CH2, prim. alcohols
- Partial charge: 0.145
- Atomic mass: 12.011
- Element guess: C
- Atomic number: 6
- Source file: oplsaa2024.lt


Atom Type Data:
- Atom index: 158
- Force field raw info: C  - CT   | all-atom C: CH, sec. alcohols
- Partial charge: 0.205
- Atomic mass: 12.011
- Element guess: C
- Atomic number: 6
- Source file: oplsaa2024.lt


Atom Type Data:
- Atom index: 159
- Force field raw info: C  - CT   | all-atom C: C, tert. alcohols OPLS/2020
- Partial charge: 0.232
- Atomic mass: 12.011
- Element guess: C
- Atomic number: 6
- Source file: oplsaa2024.lt


Atom Type Data:
- Atom index: 165
- Force field raw info: C  - CA   | Cipso in styrene
- Partial charge: 0.0
- Atomic mass: 12.011
- Element guess: C
- Atomic number: 6
- Source file: oplsaa2024.lt


Atom Type Data:
- Atom index: 166
- Force field raw info: C  - CA   | C(OH) phenol Use with all
- Partial charge: 0.1
- Atomic mass: 12.011
- Element guess: C
- Atomic number: 6
- Source file: oplsaa2024.lt


Atom Type Data:
- Atom index: 173
- Force field raw info: C  - CT   | C(H2OH): diols, triols
- Partial charge: 0.145
- Atomic mass: 12.011
- Element guess: C
- Atomic number: 6
- Source file: oplsaa2024.lt


Atom Type Data:
- Atom index: 174
- Force field raw info: C  - CT   | C(HROH): ""
- Partial charge: 0.205
- Atomic mass: 12.011
- Element guess: C
- Atomic number: 6
- Source file: oplsaa2024.lt


Atom Type Data:
- Atom index: 175
- Force field raw info: C  - CT   | C(R2OH): ""
- Partial charge: 0.265
- Atomic mass: 12.011
- Element guess: C
- Atomic number: 6
- Source file: oplsaa2024.lt


Atom Type Data:
- Atom index: 178
- Force field raw info: C  - C=   | diene =CR-RC=; see 150 also
- Partial charge: 0.0
- Atomic mass: 12.011
- Element guess: C
- Atomic number: 6
- Source file: oplsaa2024.lt


Atom Type Data:
- Atom index: 181
- Force field raw info: C  - CT   | C(H3OR): methyl ether
- Partial charge: 0.11
- Atomic mass: 12.011
- Element guess: C
- Atomic number: 6
- Source file: oplsaa2024.lt


Atom Type Data:
- Atom index: 182
- Force field raw info: C  - CT   | C(H2OR): ethyl ether
- Partial charge: 0.14
- Atomic mass: 12.011
- Element guess: C
- Atomic number: 6
- Source file: oplsaa2024.lt


Atom Type Data:
- Atom index: 183
- Force field raw info: C  - CT   | C(HOR): i-Pr ether
- Partial charge: 0.17
- Atomic mass: 12.011
- Element guess: C
- Atomic number: 6
- Source file: oplsaa2024.lt


Atom Type Data:
- Atom index: 184
- Force field raw info: C  - CT   | C(OR): t-Bu ether
- Partial charge: 0.2
- Atomic mass: 12.011
- Element guess: C
- Atomic number: 6
- Source file: oplsaa2024.lt
","[
  {
    ""atom_type"": 143,
    ""element"": ""C"",
    ""chemical_environment"": ""terminal vinyl carbon with two hydrogens (H2C=)"",
    ""functional_group"": ""alkene (vinyl CH2)"",
    ""hybridization"": ""sp2"",
    ""example_molecule_smiles"": ""C=CC"",
    ""group_smarts"": ""[C]=[C]"",
    ""atom_specific_smarts"": ""[CH2]=[C;X3]"",
    ""description"": ""The terminal alkene carbon bearing two hydrogens in a vinyl group; double-bonded to another sp2 carbon."",
    ""uncertainty"": ""10""
  },
  {
    ""atom_type"": 145,
    ""element"": ""C"",
    ""chemical_environment"": ""benzene ring carbon (non-fusion, non-ipso special cases)"",
    ""functional_group"": ""aromatic (benzene)"",
    ""hybridization"": ""sp2"",
    ""example_molecule_smiles"": ""c1ccccc1"",
    ""group_smarts"": ""[c;r6]"",
    ""atom_specific_smarts"": ""[$([cH](:a):a),$([c;H0](:a)(:a)[!a])]"",
    ""description"": ""A benzene ring carbon with exactly two aromatic neighbors; can be protonated (cH) or substituted by a non-aromatic atom/group; excludes fusion junction carbons with three aromatic neighbors."",
    ""uncertainty"": ""15""
  },
  {
    ""atom_type"": 147,
    ""element"": ""C"",
    ""chemical_environment"": ""fused PAH junction carbon (naphthalene fusion C9)"",
    ""functional_group"": ""aromatic (fused polycyclic junction)"",
    ""hybridization"": ""sp2"",
    ""example_molecule_smiles"": ""c1cccc2c1cccc2"",
    ""group_smarts"": ""[c;H0](:a)(:a):a"",
    ""atom_specific_smarts"": ""[c;H0](:a)(:a):a"",
    ""description"": ""A fusion (bridgehead) aromatic carbon with three aromatic neighbors as in naphthalene C1/C4 (C9 designation), no hydrogens."",
    ""uncertainty"": ""10""
  },
  {
    ""atom_type"": 148,
    ""element"": ""C"",
    ""chemical_environment"": ""benzylic methyl carbon (CH3 attached to an aromatic carbon)"",
    ""functional_group"": ""benzylic"",
    ""hybridization"": ""sp3"",
    ""example_molecule_smiles"": ""Cc1ccccc1"",
    ""group_smarts"": ""[CX4H3]-a"",
    ""atom_specific_smarts"": ""[CH3]-[c;r6]"",
    ""description"": ""Methyl carbon directly bonded to an aromatic ring (e.g., toluene benzylic CH3)."",
    ""uncertainty"": ""10""
  },
  {
    ""atom_type"": 149,
    ""element"": ""C"",
    ""chemical_environment"": ""benzylic methylene carbon (CH2 attached to an aromatic carbon)"",
    ""functional_group"": ""benzylic"",
    ""hybridization"": ""sp3"",
    ""example_molecule_smiles"": ""CCc1ccccc1"",
    ""group_smarts"": ""[CX4H2]-a"",
    ""atom_specific_smarts"": ""[CH2]-[c;r6]"",
    ""description"": ""Methylene carbon alpha to an aromatic ring as in ethylbenzene."",
    ""uncertainty"": ""10""
  },
  {
    ""atom_type"": 150,
    ""element"": ""C"",
    ""chemical_environment"": ""inner conjugated diene carbon with one hydrogen (=CH-CH=)"",
    ""functional_group"": ""conjugated diene"",
    ""hybridization"": ""sp2"",
    ""example_molecule_smiles"": ""C=CC=C"",
    ""group_smarts"": ""[C;X3](-[C;X3]=)[C;X3]="",
    ""atom_specific_smarts"": ""[CH;X3](-[C;X3]=)[C;X3]="",
    ""description"": ""An sp2 carbon in a 1,3-diene that has one H, is single-bonded to another sp2 diene carbon, and double-bonded to an sp2 carbon."",
    ""uncertainty"": ""20""
  },
  {
    ""atom_type"": 152,
    ""element"": ""C"",
    ""chemical_environment"": ""alkyl chloride methylene (RCH2Cl)"",
    ""functional_group"": ""alkyl chloride"",
    ""hybridization"": ""sp3"",
    ""example_molecule_smiles"": ""CCCl"",
    ""group_smarts"": ""[CX4H2]-Cl"",
    ""atom_specific_smarts"": ""[CH2](-Cl)-[#6]"",
    ""description"": ""The methylene carbon bearing chlorine and bonded to carbon (primary alkyl chloride)."",
    ""uncertainty"": ""10""
  },
  {
    ""atom_type"": 157,
    ""element"": ""C"",
    ""chemical_environment"": ""alpha carbon to hydroxyl in primary alcohols (CH3OH or R-CH2-OH)"",
    ""functional_group"": ""alcohol (primary)"",
    ""hybridization"": ""sp3"",
    ""example_molecule_smiles"": ""CCO"",
    ""group_smarts"": ""[CX4;H2,H3]-O[H]"",
    ""atom_specific_smarts"": ""[$([CH3]-O[H]),$([CH2](-[#6])-O[H])]"",
    ""description"": ""Primary alcohol carbon directly bonded to hydroxyl oxygen; either CH3 (methanol) or CH2 attached to one carbon."",
    ""uncertainty"": ""20""
  },
  {
    ""atom_type"": 158,
    ""element"": ""C"",
    ""chemical_environment"": ""alpha carbon to hydroxyl in secondary alcohols (CHOH)"",
    ""functional_group"": ""alcohol (secondary)"",
    ""hybridization"": ""sp3"",
    ""example_molecule_smiles"": ""CC(O)C"",
    ""group_smarts"": ""[CX4H]-O[H]"",
    ""atom_specific_smarts"": ""[CH](-[#6])(-[#6])-O[H]"",
    ""description"": ""Secondary alcohol carbon bearing OH and two carbon substituents, with one hydrogen."",
    ""uncertainty"": ""15""
  },
  {
    ""atom_type"": 159,
    ""element"": ""C"",
    ""chemical_environment"": ""alpha carbon to hydroxyl in tertiary alcohols (C(OH)R3, no hydrogens)"",
    ""functional_group"": ""alcohol (tertiary)"",
    ""hybridization"": ""sp3"",
    ""example_molecule_smiles"": ""CC(C)(O)C"",
    ""group_smarts"": ""[CX4H0]-O[H]"",
    ""atom_specific_smarts"": ""[C;X4;H0](-O[H])(-[#6])(-[#6])-[#6]"",
    ""description"": ""Tertiary alcohol carbon directly bonded to OH and three carbons; no hydrogens."",
    ""uncertainty"": ""15""
  },
  {
    ""atom_type"": 165,
    ""element"": ""C"",
    ""chemical_environment"": ""ipso aromatic carbon in styrene (ring carbon bonded to vinyl group)"",
    ""functional_group"": ""aromatic (styrenyl ipso)"",
    ""hybridization"": ""sp2"",
    ""example_molecule_smiles"": ""c1ccccc1C=C"",
    ""group_smarts"": ""[c;H0](-C=C)"",
    ""atom_specific_smarts"": ""[c;r6;H0](-C=C)(:a):a"",
    ""description"": ""The benzene ring carbon bonded to an alkenyl (vinyl) substituent as in styrene; has two aromatic neighbors and one alkenyl substituent."",
    ""uncertainty"": ""20""
  },
  {
    ""atom_type"": 166,
    ""element"": ""C"",
    ""chemical_environment"": ""phenolic ipso carbon (ring carbon bonded to OH)"",
    ""functional_group"": ""phenol"",
    ""hybridization"": ""sp2"",
    ""example_molecule_smiles"": ""Oc1ccccc1"",
    ""group_smarts"": ""[c;H0]-O[H]"",
    ""atom_specific_smarts"": ""[c;r6;H0]-O[H]"",
    ""description"": ""A benzene ring carbon directly bonded to hydroxyl oxygen (phenolic carbon)."",
    ""uncertainty"": ""10""
  },
  {
    ""atom_type"": 173,
    ""element"": ""C"",
    ""chemical_environment"": ""primary alcohol carbon in diols/triols (CH2OH within polyols)"",
    ""functional_group"": ""polyol (primary alcohol)"",
    ""hybridization"": ""sp3"",
    ""example_molecule_smiles"": ""OCCO"",
    ""group_smarts"": ""[CH2](-O[H])-[#6]-O[H]"",
    ""atom_specific_smarts"": ""[CH2](-O[H])-[#6]-O[H]"",
    ""description"": ""CH2 bearing OH where the adjacent carbon also bears OH (e.g., terminal carbons of ethylene glycol and related polyols)."",
    ""uncertainty"": ""35""
  },
  {
    ""atom_type"": 174,
    ""element"": ""C"",
    ""chemical_environment"": ""secondary alcohol carbon in diols/triols (CHROH within polyols)"",
    ""functional_group"": ""polyol (secondary alcohol)"",
    ""hybridization"": ""sp3"",
    ""example_molecule_smiles"": ""CC(O)CO"",
    ""group_smarts"": ""[CH](-O[H])(-[#6])-[#6;X4](-O[H])"",
    ""atom_specific_smarts"": ""[CH](-O[H])(-[#6])-[#6;X4](-O[H])"",
    ""description"": ""CHOH carbon in a polyol, attached to one hydrogen, one carbon substituent, and adjacent to a carbon that also bears OH (e.g., glycerol center)."",
    ""uncertainty"": ""40""
  },
  {
    ""atom_type"": 175,
    ""element"": ""C"",
    ""chemical_environment"": ""tertiary alcohol carbon in diols/triols (CR2OH within polyols, no hydrogens)"",
    ""functional_group"": ""polyol (tertiary alcohol)"",
    ""hybridization"": ""sp3"",
    ""example_molecule_smiles"": ""CC(C)(O)C(C)(O)C"",
    ""group_smarts"": ""[C;X4;H0](-O[H])(-[#6])-[#6;X4](-O[H])"",
    ""atom_specific_smarts"": ""[C;X4;H0](-O[H])(-[#6])-[#6;X4](-O[H])"",
    ""description"": ""Tertiary alcohol carbon directly bonded to OH and three carbons, in a diol/triol context (e.g., pinacol)."",
    ""uncertainty"": ""45""
  },
  {
    ""atom_type"": 178,
    ""element"": ""C"",
    ""chemical_environment"": ""inner conjugated diene carbon with no hydrogens (=CR-RC=)"",
    ""functional_group"": ""conjugated diene (fully substituted inner carbon)"",
    ""hybridization"": ""sp2"",
    ""example_molecule_smiles"": ""C=C(C)C=C"",
    ""group_smarts"": ""[C;X3;H0](-[C;X3]=)[C;X3]="",
    ""atom_specific_smarts"": ""[C;X3;H0](-[C;X3]=)[C;X3]="",
    ""description"": ""An sp2 inner 1,3-diene carbon that is single-bonded to another sp2 diene carbon, double-bonded to an sp2 carbon, and bears no hydrogens (substituted)."",
    ""uncertainty"": ""25""
  },
  {
    ""atom_type"": 181,
    ""element"": ""C"",
    ""chemical_environment"": ""methoxy carbon (CH3-O-R) in ethers"",
    ""functional_group"": ""ether (methyl ether)"",
    ""hybridization"": ""sp3"",
    ""example_molecule_smiles"": ""COC"",
    ""group_smarts"": ""[CH3]-[O;H0]-[#6]"",
    ""atom_specific_smarts"": ""[CH3]-[O;H0]-[#6]"",
    ""description"": ""Methyl carbon attached to a non-protonated ether oxygen."",
    ""uncertainty"": ""10""
  },
  {
    ""atom_type"": 182,
    ""element"": ""C"",
    ""chemical_environment"": ""ethoxy methylene (CH2-O-R) in ethers"",
    ""functional_group"": ""ether (ethyl ether segment)"",
    ""hybridization"": ""sp3"",
    ""example_molecule_smiles"": ""CCOC"",
    ""group_smarts"": ""[CH2]-[O;H0]-[#6]"",
    ""atom_specific_smarts"": ""[CH2]-[O;H0]-[#6]"",
    ""description"": ""Methylene carbon directly bonded to a non-protonated ether oxygen."",
    ""uncertainty"": ""10""
  },
  {
    ""atom_type"": 183,
    ""element"": ""C"",
    ""chemical_environment"": ""secondary alkyl ether alpha carbon (CH attached to O and two carbons)"",
    ""functional_group"": ""ether (secondary)"",
    ""hybridization"": ""sp3"",
    ""example_molecule_smiles"": ""COC(C)C"",
    ""group_smarts"": ""[CH](-[O;H0])(-[#6])-[#6]"",
    ""atom_specific_smarts"": ""[CH](-[O;H0])(-[#6])-[#6]"",
    ""description"": ""Secondary carbon directly bonded to ether oxygen and two carbon substituents (e.g., isopropyl ethers)."",
    ""uncertainty"": ""15""
  },
  {
    ""atom_type"": 184,
    ""element"": ""C"",
    ""chemical_environment"": ""tertiary alkyl ether alpha carbon (C attached to O and three carbons, no hydrogens)"",
    ""functional_group"": ""ether (tertiary, tert-butyl ether)"",
    ""hybridization"": ""sp3"",
    ""example_molecule_smiles"": ""COC(C)(C)C"",
    ""group_smarts"": ""[C;H0](-[O;H0])(-[#6])-[#6]"",
    ""atom_specific_smarts"": ""[C;H0](-[O;H0])(-[#6])-[#6]"",
    ""description"": ""Tertiary carbon directly bonded to a non-protonated ether oxygen and three carbons (e.g., tert-butyl ethers)."",
    ""uncertainty"": ""15""
  }
]"
152,-0.006,"C  - CT   | RCH2Cl "" """,12.011,oplsaa2024.lt,C,6,"Convert the following OPLS-AA atom type rows:

Atom Type Data:
- Atom index: 143
- Force field raw info: C  - CM   | alkene C (H2-C=) all atom
- Partial charge: -0.23
- Atomic mass: 12.011
- Element guess: C
- Atomic number: 6
- Source file: oplsaa2024.lt


Atom Type Data:
- Atom index: 145
- Force field raw info: C  - CA   | Benzene C - 12 site OPLS/2020
- Partial charge: -0.115
- Atomic mass: 12.011
- Element guess: C
- Atomic number: 6
- Source file: oplsaa2024.lt


Atom Type Data:
- Atom index: 147
- Force field raw info: C  - CB   | Naphthalene fusion C (C9)
- Partial charge: 0.0
- Atomic mass: 12.011
- Element guess: C
- Atomic number: 6
- Source file: oplsaa2024.lt


Atom Type Data:
- Atom index: 148
- Force field raw info: C  - CT   | all-atom C: CH3, toluene
- Partial charge: -0.065
- Atomic mass: 12.011
- Element guess: C
- Atomic number: 6
- Source file: oplsaa2024.lt


Atom Type Data:
- Atom index: 149
- Force field raw info: C  - CT   | all-atom C: CH2, ethyl benzene
- Partial charge: -0.005
- Atomic mass: 12.011
- Element guess: C
- Atomic number: 6
- Source file: oplsaa2024.lt


Atom Type Data:
- Atom index: 150
- Force field raw info: C  - C=   | diene =CH-CH=; see 178 also
- Partial charge: -0.115
- Atomic mass: 12.011
- Element guess: C
- Atomic number: 6
- Source file: oplsaa2024.lt


Atom Type Data:
- Atom index: 152
- Force field raw info: C  - CT   | RCH2Cl "" ""
- Partial charge: -0.006
- Atomic mass: 12.011
- Element guess: C
- Atomic number: 6
- Source file: oplsaa2024.lt


Atom Type Data:
- Atom index: 157
- Force field raw info: C  - CT   | all-atom C: CH3 & CH2, prim. alcohols
- Partial charge: 0.145
- Atomic mass: 12.011
- Element guess: C
- Atomic number: 6
- Source file: oplsaa2024.lt


Atom Type Data:
- Atom index: 158
- Force field raw info: C  - CT   | all-atom C: CH, sec. alcohols
- Partial charge: 0.205
- Atomic mass: 12.011
- Element guess: C
- Atomic number: 6
- Source file: oplsaa2024.lt


Atom Type Data:
- Atom index: 159
- Force field raw info: C  - CT   | all-atom C: C, tert. alcohols OPLS/2020
- Partial charge: 0.232
- Atomic mass: 12.011
- Element guess: C
- Atomic number: 6
- Source file: oplsaa2024.lt


Atom Type Data:
- Atom index: 165
- Force field raw info: C  - CA   | Cipso in styrene
- Partial charge: 0.0
- Atomic mass: 12.011
- Element guess: C
- Atomic number: 6
- Source file: oplsaa2024.lt


Atom Type Data:
- Atom index: 166
- Force field raw info: C  - CA   | C(OH) phenol Use with all
- Partial charge: 0.1
- Atomic mass: 12.011
- Element guess: C
- Atomic number: 6
- Source file: oplsaa2024.lt


Atom Type Data:
- Atom index: 173
- Force field raw info: C  - CT   | C(H2OH): diols, triols
- Partial charge: 0.145
- Atomic mass: 12.011
- Element guess: C
- Atomic number: 6
- Source file: oplsaa2024.lt


Atom Type Data:
- Atom index: 174
- Force field raw info: C  - CT   | C(HROH): ""
- Partial charge: 0.205
- Atomic mass: 12.011
- Element guess: C
- Atomic number: 6
- Source file: oplsaa2024.lt


Atom Type Data:
- Atom index: 175
- Force field raw info: C  - CT   | C(R2OH): ""
- Partial charge: 0.265
- Atomic mass: 12.011
- Element guess: C
- Atomic number: 6
- Source file: oplsaa2024.lt


Atom Type Data:
- Atom index: 178
- Force field raw info: C  - C=   | diene =CR-RC=; see 150 also
- Partial charge: 0.0
- Atomic mass: 12.011
- Element guess: C
- Atomic number: 6
- Source file: oplsaa2024.lt


Atom Type Data:
- Atom index: 181
- Force field raw info: C  - CT   | C(H3OR): methyl ether
- Partial charge: 0.11
- Atomic mass: 12.011
- Element guess: C
- Atomic number: 6
- Source file: oplsaa2024.lt


Atom Type Data:
- Atom index: 182
- Force field raw info: C  - CT   | C(H2OR): ethyl ether
- Partial charge: 0.14
- Atomic mass: 12.011
- Element guess: C
- Atomic number: 6
- Source file: oplsaa2024.lt


Atom Type Data:
- Atom index: 183
- Force field raw info: C  - CT   | C(HOR): i-Pr ether
- Partial charge: 0.17
- Atomic mass: 12.011
- Element guess: C
- Atomic number: 6
- Source file: oplsaa2024.lt


Atom Type Data:
- Atom index: 184
- Force field raw info: C  - CT   | C(OR): t-Bu ether
- Partial charge: 0.2
- Atomic mass: 12.011
- Element guess: C
- Atomic number: 6
- Source file: oplsaa2024.lt
","[
  {
    ""atom_type"": 143,
    ""element"": ""C"",
    ""chemical_environment"": ""terminal vinyl carbon with two hydrogens (H2C=)"",
    ""functional_group"": ""alkene (vinyl CH2)"",
    ""hybridization"": ""sp2"",
    ""example_molecule_smiles"": ""C=CC"",
    ""group_smarts"": ""[C]=[C]"",
    ""atom_specific_smarts"": ""[CH2]=[C;X3]"",
    ""description"": ""The terminal alkene carbon bearing two hydrogens in a vinyl group; double-bonded to another sp2 carbon."",
    ""uncertainty"": ""10""
  },
  {
    ""atom_type"": 145,
    ""element"": ""C"",
    ""chemical_environment"": ""benzene ring carbon (non-fusion, non-ipso special cases)"",
    ""functional_group"": ""aromatic (benzene)"",
    ""hybridization"": ""sp2"",
    ""example_molecule_smiles"": ""c1ccccc1"",
    ""group_smarts"": ""[c;r6]"",
    ""atom_specific_smarts"": ""[$([cH](:a):a),$([c;H0](:a)(:a)[!a])]"",
    ""description"": ""A benzene ring carbon with exactly two aromatic neighbors; can be protonated (cH) or substituted by a non-aromatic atom/group; excludes fusion junction carbons with three aromatic neighbors."",
    ""uncertainty"": ""15""
  },
  {
    ""atom_type"": 147,
    ""element"": ""C"",
    ""chemical_environment"": ""fused PAH junction carbon (naphthalene fusion C9)"",
    ""functional_group"": ""aromatic (fused polycyclic junction)"",
    ""hybridization"": ""sp2"",
    ""example_molecule_smiles"": ""c1cccc2c1cccc2"",
    ""group_smarts"": ""[c;H0](:a)(:a):a"",
    ""atom_specific_smarts"": ""[c;H0](:a)(:a):a"",
    ""description"": ""A fusion (bridgehead) aromatic carbon with three aromatic neighbors as in naphthalene C1/C4 (C9 designation), no hydrogens."",
    ""uncertainty"": ""10""
  },
  {
    ""atom_type"": 148,
    ""element"": ""C"",
    ""chemical_environment"": ""benzylic methyl carbon (CH3 attached to an aromatic carbon)"",
    ""functional_group"": ""benzylic"",
    ""hybridization"": ""sp3"",
    ""example_molecule_smiles"": ""Cc1ccccc1"",
    ""group_smarts"": ""[CX4H3]-a"",
    ""atom_specific_smarts"": ""[CH3]-[c;r6]"",
    ""description"": ""Methyl carbon directly bonded to an aromatic ring (e.g., toluene benzylic CH3)."",
    ""uncertainty"": ""10""
  },
  {
    ""atom_type"": 149,
    ""element"": ""C"",
    ""chemical_environment"": ""benzylic methylene carbon (CH2 attached to an aromatic carbon)"",
    ""functional_group"": ""benzylic"",
    ""hybridization"": ""sp3"",
    ""example_molecule_smiles"": ""CCc1ccccc1"",
    ""group_smarts"": ""[CX4H2]-a"",
    ""atom_specific_smarts"": ""[CH2]-[c;r6]"",
    ""description"": ""Methylene carbon alpha to an aromatic ring as in ethylbenzene."",
    ""uncertainty"": ""10""
  },
  {
    ""atom_type"": 150,
    ""element"": ""C"",
    ""chemical_environment"": ""inner conjugated diene carbon with one hydrogen (=CH-CH=)"",
    ""functional_group"": ""conjugated diene"",
    ""hybridization"": ""sp2"",
    ""example_molecule_smiles"": ""C=CC=C"",
    ""group_smarts"": ""[C;X3](-[C;X3]=)[C;X3]="",
    ""atom_specific_smarts"": ""[CH;X3](-[C;X3]=)[C;X3]="",
    ""description"": ""An sp2 carbon in a 1,3-diene that has one H, is single-bonded to another sp2 diene carbon, and double-bonded to an sp2 carbon."",
    ""uncertainty"": ""20""
  },
  {
    ""atom_type"": 152,
    ""element"": ""C"",
    ""chemical_environment"": ""alkyl chloride methylene (RCH2Cl)"",
    ""functional_group"": ""alkyl chloride"",
    ""hybridization"": ""sp3"",
    ""example_molecule_smiles"": ""CCCl"",
    ""group_smarts"": ""[CX4H2]-Cl"",
    ""atom_specific_smarts"": ""[CH2](-Cl)-[#6]"",
    ""description"": ""The methylene carbon bearing chlorine and bonded to carbon (primary alkyl chloride)."",
    ""uncertainty"": ""10""
  },
  {
    ""atom_type"": 157,
    ""element"": ""C"",
    ""chemical_environment"": ""alpha carbon to hydroxyl in primary alcohols (CH3OH or R-CH2-OH)"",
    ""functional_group"": ""alcohol (primary)"",
    ""hybridization"": ""sp3"",
    ""example_molecule_smiles"": ""CCO"",
    ""group_smarts"": ""[CX4;H2,H3]-O[H]"",
    ""atom_specific_smarts"": ""[$([CH3]-O[H]),$([CH2](-[#6])-O[H])]"",
    ""description"": ""Primary alcohol carbon directly bonded to hydroxyl oxygen; either CH3 (methanol) or CH2 attached to one carbon."",
    ""uncertainty"": ""20""
  },
  {
    ""atom_type"": 158,
    ""element"": ""C"",
    ""chemical_environment"": ""alpha carbon to hydroxyl in secondary alcohols (CHOH)"",
    ""functional_group"": ""alcohol (secondary)"",
    ""hybridization"": ""sp3"",
    ""example_molecule_smiles"": ""CC(O)C"",
    ""group_smarts"": ""[CX4H]-O[H]"",
    ""atom_specific_smarts"": ""[CH](-[#6])(-[#6])-O[H]"",
    ""description"": ""Secondary alcohol carbon bearing OH and two carbon substituents, with one hydrogen."",
    ""uncertainty"": ""15""
  },
  {
    ""atom_type"": 159,
    ""element"": ""C"",
    ""chemical_environment"": ""alpha carbon to hydroxyl in tertiary alcohols (C(OH)R3, no hydrogens)"",
    ""functional_group"": ""alcohol (tertiary)"",
    ""hybridization"": ""sp3"",
    ""example_molecule_smiles"": ""CC(C)(O)C"",
    ""group_smarts"": ""[CX4H0]-O[H]"",
    ""atom_specific_smarts"": ""[C;X4;H0](-O[H])(-[#6])(-[#6])-[#6]"",
    ""description"": ""Tertiary alcohol carbon directly bonded to OH and three carbons; no hydrogens."",
    ""uncertainty"": ""15""
  },
  {
    ""atom_type"": 165,
    ""element"": ""C"",
    ""chemical_environment"": ""ipso aromatic carbon in styrene (ring carbon bonded to vinyl group)"",
    ""functional_group"": ""aromatic (styrenyl ipso)"",
    ""hybridization"": ""sp2"",
    ""example_molecule_smiles"": ""c1ccccc1C=C"",
    ""group_smarts"": ""[c;H0](-C=C)"",
    ""atom_specific_smarts"": ""[c;r6;H0](-C=C)(:a):a"",
    ""description"": ""The benzene ring carbon bonded to an alkenyl (vinyl) substituent as in styrene; has two aromatic neighbors and one alkenyl substituent."",
    ""uncertainty"": ""20""
  },
  {
    ""atom_type"": 166,
    ""element"": ""C"",
    ""chemical_environment"": ""phenolic ipso carbon (ring carbon bonded to OH)"",
    ""functional_group"": ""phenol"",
    ""hybridization"": ""sp2"",
    ""example_molecule_smiles"": ""Oc1ccccc1"",
    ""group_smarts"": ""[c;H0]-O[H]"",
    ""atom_specific_smarts"": ""[c;r6;H0]-O[H]"",
    ""description"": ""A benzene ring carbon directly bonded to hydroxyl oxygen (phenolic carbon)."",
    ""uncertainty"": ""10""
  },
  {
    ""atom_type"": 173,
    ""element"": ""C"",
    ""chemical_environment"": ""primary alcohol carbon in diols/triols (CH2OH within polyols)"",
    ""functional_group"": ""polyol (primary alcohol)"",
    ""hybridization"": ""sp3"",
    ""example_molecule_smiles"": ""OCCO"",
    ""group_smarts"": ""[CH2](-O[H])-[#6]-O[H]"",
    ""atom_specific_smarts"": ""[CH2](-O[H])-[#6]-O[H]"",
    ""description"": ""CH2 bearing OH where the adjacent carbon also bears OH (e.g., terminal carbons of ethylene glycol and related polyols)."",
    ""uncertainty"": ""35""
  },
  {
    ""atom_type"": 174,
    ""element"": ""C"",
    ""chemical_environment"": ""secondary alcohol carbon in diols/triols (CHROH within polyols)"",
    ""functional_group"": ""polyol (secondary alcohol)"",
    ""hybridization"": ""sp3"",
    ""example_molecule_smiles"": ""CC(O)CO"",
    ""group_smarts"": ""[CH](-O[H])(-[#6])-[#6;X4](-O[H])"",
    ""atom_specific_smarts"": ""[CH](-O[H])(-[#6])-[#6;X4](-O[H])"",
    ""description"": ""CHOH carbon in a polyol, attached to one hydrogen, one carbon substituent, and adjacent to a carbon that also bears OH (e.g., glycerol center)."",
    ""uncertainty"": ""40""
  },
  {
    ""atom_type"": 175,
    ""element"": ""C"",
    ""chemical_environment"": ""tertiary alcohol carbon in diols/triols (CR2OH within polyols, no hydrogens)"",
    ""functional_group"": ""polyol (tertiary alcohol)"",
    ""hybridization"": ""sp3"",
    ""example_molecule_smiles"": ""CC(C)(O)C(C)(O)C"",
    ""group_smarts"": ""[C;X4;H0](-O[H])(-[#6])-[#6;X4](-O[H])"",
    ""atom_specific_smarts"": ""[C;X4;H0](-O[H])(-[#6])-[#6;X4](-O[H])"",
    ""description"": ""Tertiary alcohol carbon directly bonded to OH and three carbons, in a diol/triol context (e.g., pinacol)."",
    ""uncertainty"": ""45""
  },
  {
    ""atom_type"": 178,
    ""element"": ""C"",
    ""chemical_environment"": ""inner conjugated diene carbon with no hydrogens (=CR-RC=)"",
    ""functional_group"": ""conjugated diene (fully substituted inner carbon)"",
    ""hybridization"": ""sp2"",
    ""example_molecule_smiles"": ""C=C(C)C=C"",
    ""group_smarts"": ""[C;X3;H0](-[C;X3]=)[C;X3]="",
    ""atom_specific_smarts"": ""[C;X3;H0](-[C;X3]=)[C;X3]="",
    ""description"": ""An sp2 inner 1,3-diene carbon that is single-bonded to another sp2 diene carbon, double-bonded to an sp2 carbon, and bears no hydrogens (substituted)."",
    ""uncertainty"": ""25""
  },
  {
    ""atom_type"": 181,
    ""element"": ""C"",
    ""chemical_environment"": ""methoxy carbon (CH3-O-R) in ethers"",
    ""functional_group"": ""ether (methyl ether)"",
    ""hybridization"": ""sp3"",
    ""example_molecule_smiles"": ""COC"",
    ""group_smarts"": ""[CH3]-[O;H0]-[#6]"",
    ""atom_specific_smarts"": ""[CH3]-[O;H0]-[#6]"",
    ""description"": ""Methyl carbon attached to a non-protonated ether oxygen."",
    ""uncertainty"": ""10""
  },
  {
    ""atom_type"": 182,
    ""element"": ""C"",
    ""chemical_environment"": ""ethoxy methylene (CH2-O-R) in ethers"",
    ""functional_group"": ""ether (ethyl ether segment)"",
    ""hybridization"": ""sp3"",
    ""example_molecule_smiles"": ""CCOC"",
    ""group_smarts"": ""[CH2]-[O;H0]-[#6]"",
    ""atom_specific_smarts"": ""[CH2]-[O;H0]-[#6]"",
    ""description"": ""Methylene carbon directly bonded to a non-protonated ether oxygen."",
    ""uncertainty"": ""10""
  },
  {
    ""atom_type"": 183,
    ""element"": ""C"",
    ""chemical_environment"": ""secondary alkyl ether alpha carbon (CH attached to O and two carbons)"",
    ""functional_group"": ""ether (secondary)"",
    ""hybridization"": ""sp3"",
    ""example_molecule_smiles"": ""COC(C)C"",
    ""group_smarts"": ""[CH](-[O;H0])(-[#6])-[#6]"",
    ""atom_specific_smarts"": ""[CH](-[O;H0])(-[#6])-[#6]"",
    ""description"": ""Secondary carbon directly bonded to ether oxygen and two carbon substituents (e.g., isopropyl ethers)."",
    ""uncertainty"": ""15""
  },
  {
    ""atom_type"": 184,
    ""element"": ""C"",
    ""chemical_environment"": ""tertiary alkyl ether alpha carbon (C attached to O and three carbons, no hydrogens)"",
    ""functional_group"": ""ether (tertiary, tert-butyl ether)"",
    ""hybridization"": ""sp3"",
    ""example_molecule_smiles"": ""COC(C)(C)C"",
    ""group_smarts"": ""[C;H0](-[O;H0])(-[#6])-[#6]"",
    ""atom_specific_smarts"": ""[C;H0](-[O;H0])(-[#6])-[#6]"",
    ""description"": ""Tertiary carbon directly bonded to a non-protonated ether oxygen and three carbons (e.g., tert-butyl ethers)."",
    ""uncertainty"": ""15""
  }
]"
157,0.145,"C  - CT   | all-atom C: CH3 & CH2, prim. alcohols",12.011,oplsaa2024.lt,C,6,"Convert the following OPLS-AA atom type rows:

Atom Type Data:
- Atom index: 143
- Force field raw info: C  - CM   | alkene C (H2-C=) all atom
- Partial charge: -0.23
- Atomic mass: 12.011
- Element guess: C
- Atomic number: 6
- Source file: oplsaa2024.lt


Atom Type Data:
- Atom index: 145
- Force field raw info: C  - CA   | Benzene C - 12 site OPLS/2020
- Partial charge: -0.115
- Atomic mass: 12.011
- Element guess: C
- Atomic number: 6
- Source file: oplsaa2024.lt


Atom Type Data:
- Atom index: 147
- Force field raw info: C  - CB   | Naphthalene fusion C (C9)
- Partial charge: 0.0
- Atomic mass: 12.011
- Element guess: C
- Atomic number: 6
- Source file: oplsaa2024.lt


Atom Type Data:
- Atom index: 148
- Force field raw info: C  - CT   | all-atom C: CH3, toluene
- Partial charge: -0.065
- Atomic mass: 12.011
- Element guess: C
- Atomic number: 6
- Source file: oplsaa2024.lt


Atom Type Data:
- Atom index: 149
- Force field raw info: C  - CT   | all-atom C: CH2, ethyl benzene
- Partial charge: -0.005
- Atomic mass: 12.011
- Element guess: C
- Atomic number: 6
- Source file: oplsaa2024.lt


Atom Type Data:
- Atom index: 150
- Force field raw info: C  - C=   | diene =CH-CH=; see 178 also
- Partial charge: -0.115
- Atomic mass: 12.011
- Element guess: C
- Atomic number: 6
- Source file: oplsaa2024.lt


Atom Type Data:
- Atom index: 152
- Force field raw info: C  - CT   | RCH2Cl "" ""
- Partial charge: -0.006
- Atomic mass: 12.011
- Element guess: C
- Atomic number: 6
- Source file: oplsaa2024.lt


Atom Type Data:
- Atom index: 157
- Force field raw info: C  - CT   | all-atom C: CH3 & CH2, prim. alcohols
- Partial charge: 0.145
- Atomic mass: 12.011
- Element guess: C
- Atomic number: 6
- Source file: oplsaa2024.lt


Atom Type Data:
- Atom index: 158
- Force field raw info: C  - CT   | all-atom C: CH, sec. alcohols
- Partial charge: 0.205
- Atomic mass: 12.011
- Element guess: C
- Atomic number: 6
- Source file: oplsaa2024.lt


Atom Type Data:
- Atom index: 159
- Force field raw info: C  - CT   | all-atom C: C, tert. alcohols OPLS/2020
- Partial charge: 0.232
- Atomic mass: 12.011
- Element guess: C
- Atomic number: 6
- Source file: oplsaa2024.lt


Atom Type Data:
- Atom index: 165
- Force field raw info: C  - CA   | Cipso in styrene
- Partial charge: 0.0
- Atomic mass: 12.011
- Element guess: C
- Atomic number: 6
- Source file: oplsaa2024.lt


Atom Type Data:
- Atom index: 166
- Force field raw info: C  - CA   | C(OH) phenol Use with all
- Partial charge: 0.1
- Atomic mass: 12.011
- Element guess: C
- Atomic number: 6
- Source file: oplsaa2024.lt


Atom Type Data:
- Atom index: 173
- Force field raw info: C  - CT   | C(H2OH): diols, triols
- Partial charge: 0.145
- Atomic mass: 12.011
- Element guess: C
- Atomic number: 6
- Source file: oplsaa2024.lt


Atom Type Data:
- Atom index: 174
- Force field raw info: C  - CT   | C(HROH): ""
- Partial charge: 0.205
- Atomic mass: 12.011
- Element guess: C
- Atomic number: 6
- Source file: oplsaa2024.lt


Atom Type Data:
- Atom index: 175
- Force field raw info: C  - CT   | C(R2OH): ""
- Partial charge: 0.265
- Atomic mass: 12.011
- Element guess: C
- Atomic number: 6
- Source file: oplsaa2024.lt


Atom Type Data:
- Atom index: 178
- Force field raw info: C  - C=   | diene =CR-RC=; see 150 also
- Partial charge: 0.0
- Atomic mass: 12.011
- Element guess: C
- Atomic number: 6
- Source file: oplsaa2024.lt


Atom Type Data:
- Atom index: 181
- Force field raw info: C  - CT   | C(H3OR): methyl ether
- Partial charge: 0.11
- Atomic mass: 12.011
- Element guess: C
- Atomic number: 6
- Source file: oplsaa2024.lt


Atom Type Data:
- Atom index: 182
- Force field raw info: C  - CT   | C(H2OR): ethyl ether
- Partial charge: 0.14
- Atomic mass: 12.011
- Element guess: C
- Atomic number: 6
- Source file: oplsaa2024.lt


Atom Type Data:
- Atom index: 183
- Force field raw info: C  - CT   | C(HOR): i-Pr ether
- Partial charge: 0.17
- Atomic mass: 12.011
- Element guess: C
- Atomic number: 6
- Source file: oplsaa2024.lt


Atom Type Data:
- Atom index: 184
- Force field raw info: C  - CT   | C(OR): t-Bu ether
- Partial charge: 0.2
- Atomic mass: 12.011
- Element guess: C
- Atomic number: 6
- Source file: oplsaa2024.lt
","[
  {
    ""atom_type"": 143,
    ""element"": ""C"",
    ""chemical_environment"": ""terminal vinyl carbon with two hydrogens (H2C=)"",
    ""functional_group"": ""alkene (vinyl CH2)"",
    ""hybridization"": ""sp2"",
    ""example_molecule_smiles"": ""C=CC"",
    ""group_smarts"": ""[C]=[C]"",
    ""atom_specific_smarts"": ""[CH2]=[C;X3]"",
    ""description"": ""The terminal alkene carbon bearing two hydrogens in a vinyl group; double-bonded to another sp2 carbon."",
    ""uncertainty"": ""10""
  },
  {
    ""atom_type"": 145,
    ""element"": ""C"",
    ""chemical_environment"": ""benzene ring carbon (non-fusion, non-ipso special cases)"",
    ""functional_group"": ""aromatic (benzene)"",
    ""hybridization"": ""sp2"",
    ""example_molecule_smiles"": ""c1ccccc1"",
    ""group_smarts"": ""[c;r6]"",
    ""atom_specific_smarts"": ""[$([cH](:a):a),$([c;H0](:a)(:a)[!a])]"",
    ""description"": ""A benzene ring carbon with exactly two aromatic neighbors; can be protonated (cH) or substituted by a non-aromatic atom/group; excludes fusion junction carbons with three aromatic neighbors."",
    ""uncertainty"": ""15""
  },
  {
    ""atom_type"": 147,
    ""element"": ""C"",
    ""chemical_environment"": ""fused PAH junction carbon (naphthalene fusion C9)"",
    ""functional_group"": ""aromatic (fused polycyclic junction)"",
    ""hybridization"": ""sp2"",
    ""example_molecule_smiles"": ""c1cccc2c1cccc2"",
    ""group_smarts"": ""[c;H0](:a)(:a):a"",
    ""atom_specific_smarts"": ""[c;H0](:a)(:a):a"",
    ""description"": ""A fusion (bridgehead) aromatic carbon with three aromatic neighbors as in naphthalene C1/C4 (C9 designation), no hydrogens."",
    ""uncertainty"": ""10""
  },
  {
    ""atom_type"": 148,
    ""element"": ""C"",
    ""chemical_environment"": ""benzylic methyl carbon (CH3 attached to an aromatic carbon)"",
    ""functional_group"": ""benzylic"",
    ""hybridization"": ""sp3"",
    ""example_molecule_smiles"": ""Cc1ccccc1"",
    ""group_smarts"": ""[CX4H3]-a"",
    ""atom_specific_smarts"": ""[CH3]-[c;r6]"",
    ""description"": ""Methyl carbon directly bonded to an aromatic ring (e.g., toluene benzylic CH3)."",
    ""uncertainty"": ""10""
  },
  {
    ""atom_type"": 149,
    ""element"": ""C"",
    ""chemical_environment"": ""benzylic methylene carbon (CH2 attached to an aromatic carbon)"",
    ""functional_group"": ""benzylic"",
    ""hybridization"": ""sp3"",
    ""example_molecule_smiles"": ""CCc1ccccc1"",
    ""group_smarts"": ""[CX4H2]-a"",
    ""atom_specific_smarts"": ""[CH2]-[c;r6]"",
    ""description"": ""Methylene carbon alpha to an aromatic ring as in ethylbenzene."",
    ""uncertainty"": ""10""
  },
  {
    ""atom_type"": 150,
    ""element"": ""C"",
    ""chemical_environment"": ""inner conjugated diene carbon with one hydrogen (=CH-CH=)"",
    ""functional_group"": ""conjugated diene"",
    ""hybridization"": ""sp2"",
    ""example_molecule_smiles"": ""C=CC=C"",
    ""group_smarts"": ""[C;X3](-[C;X3]=)[C;X3]="",
    ""atom_specific_smarts"": ""[CH;X3](-[C;X3]=)[C;X3]="",
    ""description"": ""An sp2 carbon in a 1,3-diene that has one H, is single-bonded to another sp2 diene carbon, and double-bonded to an sp2 carbon."",
    ""uncertainty"": ""20""
  },
  {
    ""atom_type"": 152,
    ""element"": ""C"",
    ""chemical_environment"": ""alkyl chloride methylene (RCH2Cl)"",
    ""functional_group"": ""alkyl chloride"",
    ""hybridization"": ""sp3"",
    ""example_molecule_smiles"": ""CCCl"",
    ""group_smarts"": ""[CX4H2]-Cl"",
    ""atom_specific_smarts"": ""[CH2](-Cl)-[#6]"",
    ""description"": ""The methylene carbon bearing chlorine and bonded to carbon (primary alkyl chloride)."",
    ""uncertainty"": ""10""
  },
  {
    ""atom_type"": 157,
    ""element"": ""C"",
    ""chemical_environment"": ""alpha carbon to hydroxyl in primary alcohols (CH3OH or R-CH2-OH)"",
    ""functional_group"": ""alcohol (primary)"",
    ""hybridization"": ""sp3"",
    ""example_molecule_smiles"": ""CCO"",
    ""group_smarts"": ""[CX4;H2,H3]-O[H]"",
    ""atom_specific_smarts"": ""[$([CH3]-O[H]),$([CH2](-[#6])-O[H])]"",
    ""description"": ""Primary alcohol carbon directly bonded to hydroxyl oxygen; either CH3 (methanol) or CH2 attached to one carbon."",
    ""uncertainty"": ""20""
  },
  {
    ""atom_type"": 158,
    ""element"": ""C"",
    ""chemical_environment"": ""alpha carbon to hydroxyl in secondary alcohols (CHOH)"",
    ""functional_group"": ""alcohol (secondary)"",
    ""hybridization"": ""sp3"",
    ""example_molecule_smiles"": ""CC(O)C"",
    ""group_smarts"": ""[CX4H]-O[H]"",
    ""atom_specific_smarts"": ""[CH](-[#6])(-[#6])-O[H]"",
    ""description"": ""Secondary alcohol carbon bearing OH and two carbon substituents, with one hydrogen."",
    ""uncertainty"": ""15""
  },
  {
    ""atom_type"": 159,
    ""element"": ""C"",
    ""chemical_environment"": ""alpha carbon to hydroxyl in tertiary alcohols (C(OH)R3, no hydrogens)"",
    ""functional_group"": ""alcohol (tertiary)"",
    ""hybridization"": ""sp3"",
    ""example_molecule_smiles"": ""CC(C)(O)C"",
    ""group_smarts"": ""[CX4H0]-O[H]"",
    ""atom_specific_smarts"": ""[C;X4;H0](-O[H])(-[#6])(-[#6])-[#6]"",
    ""description"": ""Tertiary alcohol carbon directly bonded to OH and three carbons; no hydrogens."",
    ""uncertainty"": ""15""
  },
  {
    ""atom_type"": 165,
    ""element"": ""C"",
    ""chemical_environment"": ""ipso aromatic carbon in styrene (ring carbon bonded to vinyl group)"",
    ""functional_group"": ""aromatic (styrenyl ipso)"",
    ""hybridization"": ""sp2"",
    ""example_molecule_smiles"": ""c1ccccc1C=C"",
    ""group_smarts"": ""[c;H0](-C=C)"",
    ""atom_specific_smarts"": ""[c;r6;H0](-C=C)(:a):a"",
    ""description"": ""The benzene ring carbon bonded to an alkenyl (vinyl) substituent as in styrene; has two aromatic neighbors and one alkenyl substituent."",
    ""uncertainty"": ""20""
  },
  {
    ""atom_type"": 166,
    ""element"": ""C"",
    ""chemical_environment"": ""phenolic ipso carbon (ring carbon bonded to OH)"",
    ""functional_group"": ""phenol"",
    ""hybridization"": ""sp2"",
    ""example_molecule_smiles"": ""Oc1ccccc1"",
    ""group_smarts"": ""[c;H0]-O[H]"",
    ""atom_specific_smarts"": ""[c;r6;H0]-O[H]"",
    ""description"": ""A benzene ring carbon directly bonded to hydroxyl oxygen (phenolic carbon)."",
    ""uncertainty"": ""10""
  },
  {
    ""atom_type"": 173,
    ""element"": ""C"",
    ""chemical_environment"": ""primary alcohol carbon in diols/triols (CH2OH within polyols)"",
    ""functional_group"": ""polyol (primary alcohol)"",
    ""hybridization"": ""sp3"",
    ""example_molecule_smiles"": ""OCCO"",
    ""group_smarts"": ""[CH2](-O[H])-[#6]-O[H]"",
    ""atom_specific_smarts"": ""[CH2](-O[H])-[#6]-O[H]"",
    ""description"": ""CH2 bearing OH where the adjacent carbon also bears OH (e.g., terminal carbons of ethylene glycol and related polyols)."",
    ""uncertainty"": ""35""
  },
  {
    ""atom_type"": 174,
    ""element"": ""C"",
    ""chemical_environment"": ""secondary alcohol carbon in diols/triols (CHROH within polyols)"",
    ""functional_group"": ""polyol (secondary alcohol)"",
    ""hybridization"": ""sp3"",
    ""example_molecule_smiles"": ""CC(O)CO"",
    ""group_smarts"": ""[CH](-O[H])(-[#6])-[#6;X4](-O[H])"",
    ""atom_specific_smarts"": ""[CH](-O[H])(-[#6])-[#6;X4](-O[H])"",
    ""description"": ""CHOH carbon in a polyol, attached to one hydrogen, one carbon substituent, and adjacent to a carbon that also bears OH (e.g., glycerol center)."",
    ""uncertainty"": ""40""
  },
  {
    ""atom_type"": 175,
    ""element"": ""C"",
    ""chemical_environment"": ""tertiary alcohol carbon in diols/triols (CR2OH within polyols, no hydrogens)"",
    ""functional_group"": ""polyol (tertiary alcohol)"",
    ""hybridization"": ""sp3"",
    ""example_molecule_smiles"": ""CC(C)(O)C(C)(O)C"",
    ""group_smarts"": ""[C;X4;H0](-O[H])(-[#6])-[#6;X4](-O[H])"",
    ""atom_specific_smarts"": ""[C;X4;H0](-O[H])(-[#6])-[#6;X4](-O[H])"",
    ""description"": ""Tertiary alcohol carbon directly bonded to OH and three carbons, in a diol/triol context (e.g., pinacol)."",
    ""uncertainty"": ""45""
  },
  {
    ""atom_type"": 178,
    ""element"": ""C"",
    ""chemical_environment"": ""inner conjugated diene carbon with no hydrogens (=CR-RC=)"",
    ""functional_group"": ""conjugated diene (fully substituted inner carbon)"",
    ""hybridization"": ""sp2"",
    ""example_molecule_smiles"": ""C=C(C)C=C"",
    ""group_smarts"": ""[C;X3;H0](-[C;X3]=)[C;X3]="",
    ""atom_specific_smarts"": ""[C;X3;H0](-[C;X3]=)[C;X3]="",
    ""description"": ""An sp2 inner 1,3-diene carbon that is single-bonded to another sp2 diene carbon, double-bonded to an sp2 carbon, and bears no hydrogens (substituted)."",
    ""uncertainty"": ""25""
  },
  {
    ""atom_type"": 181,
    ""element"": ""C"",
    ""chemical_environment"": ""methoxy carbon (CH3-O-R) in ethers"",
    ""functional_group"": ""ether (methyl ether)"",
    ""hybridization"": ""sp3"",
    ""example_molecule_smiles"": ""COC"",
    ""group_smarts"": ""[CH3]-[O;H0]-[#6]"",
    ""atom_specific_smarts"": ""[CH3]-[O;H0]-[#6]"",
    ""description"": ""Methyl carbon attached to a non-protonated ether oxygen."",
    ""uncertainty"": ""10""
  },
  {
    ""atom_type"": 182,
    ""element"": ""C"",
    ""chemical_environment"": ""ethoxy methylene (CH2-O-R) in ethers"",
    ""functional_group"": ""ether (ethyl ether segment)"",
    ""hybridization"": ""sp3"",
    ""example_molecule_smiles"": ""CCOC"",
    ""group_smarts"": ""[CH2]-[O;H0]-[#6]"",
    ""atom_specific_smarts"": ""[CH2]-[O;H0]-[#6]"",
    ""description"": ""Methylene carbon directly bonded to a non-protonated ether oxygen."",
    ""uncertainty"": ""10""
  },
  {
    ""atom_type"": 183,
    ""element"": ""C"",
    ""chemical_environment"": ""secondary alkyl ether alpha carbon (CH attached to O and two carbons)"",
    ""functional_group"": ""ether (secondary)"",
    ""hybridization"": ""sp3"",
    ""example_molecule_smiles"": ""COC(C)C"",
    ""group_smarts"": ""[CH](-[O;H0])(-[#6])-[#6]"",
    ""atom_specific_smarts"": ""[CH](-[O;H0])(-[#6])-[#6]"",
    ""description"": ""Secondary carbon directly bonded to ether oxygen and two carbon substituents (e.g., isopropyl ethers)."",
    ""uncertainty"": ""15""
  },
  {
    ""atom_type"": 184,
    ""element"": ""C"",
    ""chemical_environment"": ""tertiary alkyl ether alpha carbon (C attached to O and three carbons, no hydrogens)"",
    ""functional_group"": ""ether (tertiary, tert-butyl ether)"",
    ""hybridization"": ""sp3"",
    ""example_molecule_smiles"": ""COC(C)(C)C"",
    ""group_smarts"": ""[C;H0](-[O;H0])(-[#6])-[#6]"",
    ""atom_specific_smarts"": ""[C;H0](-[O;H0])(-[#6])-[#6]"",
    ""description"": ""Tertiary carbon directly bonded to a non-protonated ether oxygen and three carbons (e.g., tert-butyl ethers)."",
    ""uncertainty"": ""15""
  }
]"
158,0.205,"C  - CT   | all-atom C: CH, sec. alcohols",12.011,oplsaa2024.lt,C,6,"Convert the following OPLS-AA atom type rows:

Atom Type Data:
- Atom index: 143
- Force field raw info: C  - CM   | alkene C (H2-C=) all atom
- Partial charge: -0.23
- Atomic mass: 12.011
- Element guess: C
- Atomic number: 6
- Source file: oplsaa2024.lt


Atom Type Data:
- Atom index: 145
- Force field raw info: C  - CA   | Benzene C - 12 site OPLS/2020
- Partial charge: -0.115
- Atomic mass: 12.011
- Element guess: C
- Atomic number: 6
- Source file: oplsaa2024.lt


Atom Type Data:
- Atom index: 147
- Force field raw info: C  - CB   | Naphthalene fusion C (C9)
- Partial charge: 0.0
- Atomic mass: 12.011
- Element guess: C
- Atomic number: 6
- Source file: oplsaa2024.lt


Atom Type Data:
- Atom index: 148
- Force field raw info: C  - CT   | all-atom C: CH3, toluene
- Partial charge: -0.065
- Atomic mass: 12.011
- Element guess: C
- Atomic number: 6
- Source file: oplsaa2024.lt


Atom Type Data:
- Atom index: 149
- Force field raw info: C  - CT   | all-atom C: CH2, ethyl benzene
- Partial charge: -0.005
- Atomic mass: 12.011
- Element guess: C
- Atomic number: 6
- Source file: oplsaa2024.lt


Atom Type Data:
- Atom index: 150
- Force field raw info: C  - C=   | diene =CH-CH=; see 178 also
- Partial charge: -0.115
- Atomic mass: 12.011
- Element guess: C
- Atomic number: 6
- Source file: oplsaa2024.lt


Atom Type Data:
- Atom index: 152
- Force field raw info: C  - CT   | RCH2Cl "" ""
- Partial charge: -0.006
- Atomic mass: 12.011
- Element guess: C
- Atomic number: 6
- Source file: oplsaa2024.lt


Atom Type Data:
- Atom index: 157
- Force field raw info: C  - CT   | all-atom C: CH3 & CH2, prim. alcohols
- Partial charge: 0.145
- Atomic mass: 12.011
- Element guess: C
- Atomic number: 6
- Source file: oplsaa2024.lt


Atom Type Data:
- Atom index: 158
- Force field raw info: C  - CT   | all-atom C: CH, sec. alcohols
- Partial charge: 0.205
- Atomic mass: 12.011
- Element guess: C
- Atomic number: 6
- Source file: oplsaa2024.lt


Atom Type Data:
- Atom index: 159
- Force field raw info: C  - CT   | all-atom C: C, tert. alcohols OPLS/2020
- Partial charge: 0.232
- Atomic mass: 12.011
- Element guess: C
- Atomic number: 6
- Source file: oplsaa2024.lt


Atom Type Data:
- Atom index: 165
- Force field raw info: C  - CA   | Cipso in styrene
- Partial charge: 0.0
- Atomic mass: 12.011
- Element guess: C
- Atomic number: 6
- Source file: oplsaa2024.lt


Atom Type Data:
- Atom index: 166
- Force field raw info: C  - CA   | C(OH) phenol Use with all
- Partial charge: 0.1
- Atomic mass: 12.011
- Element guess: C
- Atomic number: 6
- Source file: oplsaa2024.lt


Atom Type Data:
- Atom index: 173
- Force field raw info: C  - CT   | C(H2OH): diols, triols
- Partial charge: 0.145
- Atomic mass: 12.011
- Element guess: C
- Atomic number: 6
- Source file: oplsaa2024.lt


Atom Type Data:
- Atom index: 174
- Force field raw info: C  - CT   | C(HROH): ""
- Partial charge: 0.205
- Atomic mass: 12.011
- Element guess: C
- Atomic number: 6
- Source file: oplsaa2024.lt


Atom Type Data:
- Atom index: 175
- Force field raw info: C  - CT   | C(R2OH): ""
- Partial charge: 0.265
- Atomic mass: 12.011
- Element guess: C
- Atomic number: 6
- Source file: oplsaa2024.lt


Atom Type Data:
- Atom index: 178
- Force field raw info: C  - C=   | diene =CR-RC=; see 150 also
- Partial charge: 0.0
- Atomic mass: 12.011
- Element guess: C
- Atomic number: 6
- Source file: oplsaa2024.lt


Atom Type Data:
- Atom index: 181
- Force field raw info: C  - CT   | C(H3OR): methyl ether
- Partial charge: 0.11
- Atomic mass: 12.011
- Element guess: C
- Atomic number: 6
- Source file: oplsaa2024.lt


Atom Type Data:
- Atom index: 182
- Force field raw info: C  - CT   | C(H2OR): ethyl ether
- Partial charge: 0.14
- Atomic mass: 12.011
- Element guess: C
- Atomic number: 6
- Source file: oplsaa2024.lt


Atom Type Data:
- Atom index: 183
- Force field raw info: C  - CT   | C(HOR): i-Pr ether
- Partial charge: 0.17
- Atomic mass: 12.011
- Element guess: C
- Atomic number: 6
- Source file: oplsaa2024.lt


Atom Type Data:
- Atom index: 184
- Force field raw info: C  - CT   | C(OR): t-Bu ether
- Partial charge: 0.2
- Atomic mass: 12.011
- Element guess: C
- Atomic number: 6
- Source file: oplsaa2024.lt
","[
  {
    ""atom_type"": 143,
    ""element"": ""C"",
    ""chemical_environment"": ""terminal vinyl carbon with two hydrogens (H2C=)"",
    ""functional_group"": ""alkene (vinyl CH2)"",
    ""hybridization"": ""sp2"",
    ""example_molecule_smiles"": ""C=CC"",
    ""group_smarts"": ""[C]=[C]"",
    ""atom_specific_smarts"": ""[CH2]=[C;X3]"",
    ""description"": ""The terminal alkene carbon bearing two hydrogens in a vinyl group; double-bonded to another sp2 carbon."",
    ""uncertainty"": ""10""
  },
  {
    ""atom_type"": 145,
    ""element"": ""C"",
    ""chemical_environment"": ""benzene ring carbon (non-fusion, non-ipso special cases)"",
    ""functional_group"": ""aromatic (benzene)"",
    ""hybridization"": ""sp2"",
    ""example_molecule_smiles"": ""c1ccccc1"",
    ""group_smarts"": ""[c;r6]"",
    ""atom_specific_smarts"": ""[$([cH](:a):a),$([c;H0](:a)(:a)[!a])]"",
    ""description"": ""A benzene ring carbon with exactly two aromatic neighbors; can be protonated (cH) or substituted by a non-aromatic atom/group; excludes fusion junction carbons with three aromatic neighbors."",
    ""uncertainty"": ""15""
  },
  {
    ""atom_type"": 147,
    ""element"": ""C"",
    ""chemical_environment"": ""fused PAH junction carbon (naphthalene fusion C9)"",
    ""functional_group"": ""aromatic (fused polycyclic junction)"",
    ""hybridization"": ""sp2"",
    ""example_molecule_smiles"": ""c1cccc2c1cccc2"",
    ""group_smarts"": ""[c;H0](:a)(:a):a"",
    ""atom_specific_smarts"": ""[c;H0](:a)(:a):a"",
    ""description"": ""A fusion (bridgehead) aromatic carbon with three aromatic neighbors as in naphthalene C1/C4 (C9 designation), no hydrogens."",
    ""uncertainty"": ""10""
  },
  {
    ""atom_type"": 148,
    ""element"": ""C"",
    ""chemical_environment"": ""benzylic methyl carbon (CH3 attached to an aromatic carbon)"",
    ""functional_group"": ""benzylic"",
    ""hybridization"": ""sp3"",
    ""example_molecule_smiles"": ""Cc1ccccc1"",
    ""group_smarts"": ""[CX4H3]-a"",
    ""atom_specific_smarts"": ""[CH3]-[c;r6]"",
    ""description"": ""Methyl carbon directly bonded to an aromatic ring (e.g., toluene benzylic CH3)."",
    ""uncertainty"": ""10""
  },
  {
    ""atom_type"": 149,
    ""element"": ""C"",
    ""chemical_environment"": ""benzylic methylene carbon (CH2 attached to an aromatic carbon)"",
    ""functional_group"": ""benzylic"",
    ""hybridization"": ""sp3"",
    ""example_molecule_smiles"": ""CCc1ccccc1"",
    ""group_smarts"": ""[CX4H2]-a"",
    ""atom_specific_smarts"": ""[CH2]-[c;r6]"",
    ""description"": ""Methylene carbon alpha to an aromatic ring as in ethylbenzene."",
    ""uncertainty"": ""10""
  },
  {
    ""atom_type"": 150,
    ""element"": ""C"",
    ""chemical_environment"": ""inner conjugated diene carbon with one hydrogen (=CH-CH=)"",
    ""functional_group"": ""conjugated diene"",
    ""hybridization"": ""sp2"",
    ""example_molecule_smiles"": ""C=CC=C"",
    ""group_smarts"": ""[C;X3](-[C;X3]=)[C;X3]="",
    ""atom_specific_smarts"": ""[CH;X3](-[C;X3]=)[C;X3]="",
    ""description"": ""An sp2 carbon in a 1,3-diene that has one H, is single-bonded to another sp2 diene carbon, and double-bonded to an sp2 carbon."",
    ""uncertainty"": ""20""
  },
  {
    ""atom_type"": 152,
    ""element"": ""C"",
    ""chemical_environment"": ""alkyl chloride methylene (RCH2Cl)"",
    ""functional_group"": ""alkyl chloride"",
    ""hybridization"": ""sp3"",
    ""example_molecule_smiles"": ""CCCl"",
    ""group_smarts"": ""[CX4H2]-Cl"",
    ""atom_specific_smarts"": ""[CH2](-Cl)-[#6]"",
    ""description"": ""The methylene carbon bearing chlorine and bonded to carbon (primary alkyl chloride)."",
    ""uncertainty"": ""10""
  },
  {
    ""atom_type"": 157,
    ""element"": ""C"",
    ""chemical_environment"": ""alpha carbon to hydroxyl in primary alcohols (CH3OH or R-CH2-OH)"",
    ""functional_group"": ""alcohol (primary)"",
    ""hybridization"": ""sp3"",
    ""example_molecule_smiles"": ""CCO"",
    ""group_smarts"": ""[CX4;H2,H3]-O[H]"",
    ""atom_specific_smarts"": ""[$([CH3]-O[H]),$([CH2](-[#6])-O[H])]"",
    ""description"": ""Primary alcohol carbon directly bonded to hydroxyl oxygen; either CH3 (methanol) or CH2 attached to one carbon."",
    ""uncertainty"": ""20""
  },
  {
    ""atom_type"": 158,
    ""element"": ""C"",
    ""chemical_environment"": ""alpha carbon to hydroxyl in secondary alcohols (CHOH)"",
    ""functional_group"": ""alcohol (secondary)"",
    ""hybridization"": ""sp3"",
    ""example_molecule_smiles"": ""CC(O)C"",
    ""group_smarts"": ""[CX4H]-O[H]"",
    ""atom_specific_smarts"": ""[CH](-[#6])(-[#6])-O[H]"",
    ""description"": ""Secondary alcohol carbon bearing OH and two carbon substituents, with one hydrogen."",
    ""uncertainty"": ""15""
  },
  {
    ""atom_type"": 159,
    ""element"": ""C"",
    ""chemical_environment"": ""alpha carbon to hydroxyl in tertiary alcohols (C(OH)R3, no hydrogens)"",
    ""functional_group"": ""alcohol (tertiary)"",
    ""hybridization"": ""sp3"",
    ""example_molecule_smiles"": ""CC(C)(O)C"",
    ""group_smarts"": ""[CX4H0]-O[H]"",
    ""atom_specific_smarts"": ""[C;X4;H0](-O[H])(-[#6])(-[#6])-[#6]"",
    ""description"": ""Tertiary alcohol carbon directly bonded to OH and three carbons; no hydrogens."",
    ""uncertainty"": ""15""
  },
  {
    ""atom_type"": 165,
    ""element"": ""C"",
    ""chemical_environment"": ""ipso aromatic carbon in styrene (ring carbon bonded to vinyl group)"",
    ""functional_group"": ""aromatic (styrenyl ipso)"",
    ""hybridization"": ""sp2"",
    ""example_molecule_smiles"": ""c1ccccc1C=C"",
    ""group_smarts"": ""[c;H0](-C=C)"",
    ""atom_specific_smarts"": ""[c;r6;H0](-C=C)(:a):a"",
    ""description"": ""The benzene ring carbon bonded to an alkenyl (vinyl) substituent as in styrene; has two aromatic neighbors and one alkenyl substituent."",
    ""uncertainty"": ""20""
  },
  {
    ""atom_type"": 166,
    ""element"": ""C"",
    ""chemical_environment"": ""phenolic ipso carbon (ring carbon bonded to OH)"",
    ""functional_group"": ""phenol"",
    ""hybridization"": ""sp2"",
    ""example_molecule_smiles"": ""Oc1ccccc1"",
    ""group_smarts"": ""[c;H0]-O[H]"",
    ""atom_specific_smarts"": ""[c;r6;H0]-O[H]"",
    ""description"": ""A benzene ring carbon directly bonded to hydroxyl oxygen (phenolic carbon)."",
    ""uncertainty"": ""10""
  },
  {
    ""atom_type"": 173,
    ""element"": ""C"",
    ""chemical_environment"": ""primary alcohol carbon in diols/triols (CH2OH within polyols)"",
    ""functional_group"": ""polyol (primary alcohol)"",
    ""hybridization"": ""sp3"",
    ""example_molecule_smiles"": ""OCCO"",
    ""group_smarts"": ""[CH2](-O[H])-[#6]-O[H]"",
    ""atom_specific_smarts"": ""[CH2](-O[H])-[#6]-O[H]"",
    ""description"": ""CH2 bearing OH where the adjacent carbon also bears OH (e.g., terminal carbons of ethylene glycol and related polyols)."",
    ""uncertainty"": ""35""
  },
  {
    ""atom_type"": 174,
    ""element"": ""C"",
    ""chemical_environment"": ""secondary alcohol carbon in diols/triols (CHROH within polyols)"",
    ""functional_group"": ""polyol (secondary alcohol)"",
    ""hybridization"": ""sp3"",
    ""example_molecule_smiles"": ""CC(O)CO"",
    ""group_smarts"": ""[CH](-O[H])(-[#6])-[#6;X4](-O[H])"",
    ""atom_specific_smarts"": ""[CH](-O[H])(-[#6])-[#6;X4](-O[H])"",
    ""description"": ""CHOH carbon in a polyol, attached to one hydrogen, one carbon substituent, and adjacent to a carbon that also bears OH (e.g., glycerol center)."",
    ""uncertainty"": ""40""
  },
  {
    ""atom_type"": 175,
    ""element"": ""C"",
    ""chemical_environment"": ""tertiary alcohol carbon in diols/triols (CR2OH within polyols, no hydrogens)"",
    ""functional_group"": ""polyol (tertiary alcohol)"",
    ""hybridization"": ""sp3"",
    ""example_molecule_smiles"": ""CC(C)(O)C(C)(O)C"",
    ""group_smarts"": ""[C;X4;H0](-O[H])(-[#6])-[#6;X4](-O[H])"",
    ""atom_specific_smarts"": ""[C;X4;H0](-O[H])(-[#6])-[#6;X4](-O[H])"",
    ""description"": ""Tertiary alcohol carbon directly bonded to OH and three carbons, in a diol/triol context (e.g., pinacol)."",
    ""uncertainty"": ""45""
  },
  {
    ""atom_type"": 178,
    ""element"": ""C"",
    ""chemical_environment"": ""inner conjugated diene carbon with no hydrogens (=CR-RC=)"",
    ""functional_group"": ""conjugated diene (fully substituted inner carbon)"",
    ""hybridization"": ""sp2"",
    ""example_molecule_smiles"": ""C=C(C)C=C"",
    ""group_smarts"": ""[C;X3;H0](-[C;X3]=)[C;X3]="",
    ""atom_specific_smarts"": ""[C;X3;H0](-[C;X3]=)[C;X3]="",
    ""description"": ""An sp2 inner 1,3-diene carbon that is single-bonded to another sp2 diene carbon, double-bonded to an sp2 carbon, and bears no hydrogens (substituted)."",
    ""uncertainty"": ""25""
  },
  {
    ""atom_type"": 181,
    ""element"": ""C"",
    ""chemical_environment"": ""methoxy carbon (CH3-O-R) in ethers"",
    ""functional_group"": ""ether (methyl ether)"",
    ""hybridization"": ""sp3"",
    ""example_molecule_smiles"": ""COC"",
    ""group_smarts"": ""[CH3]-[O;H0]-[#6]"",
    ""atom_specific_smarts"": ""[CH3]-[O;H0]-[#6]"",
    ""description"": ""Methyl carbon attached to a non-protonated ether oxygen."",
    ""uncertainty"": ""10""
  },
  {
    ""atom_type"": 182,
    ""element"": ""C"",
    ""chemical_environment"": ""ethoxy methylene (CH2-O-R) in ethers"",
    ""functional_group"": ""ether (ethyl ether segment)"",
    ""hybridization"": ""sp3"",
    ""example_molecule_smiles"": ""CCOC"",
    ""group_smarts"": ""[CH2]-[O;H0]-[#6]"",
    ""atom_specific_smarts"": ""[CH2]-[O;H0]-[#6]"",
    ""description"": ""Methylene carbon directly bonded to a non-protonated ether oxygen."",
    ""uncertainty"": ""10""
  },
  {
    ""atom_type"": 183,
    ""element"": ""C"",
    ""chemical_environment"": ""secondary alkyl ether alpha carbon (CH attached to O and two carbons)"",
    ""functional_group"": ""ether (secondary)"",
    ""hybridization"": ""sp3"",
    ""example_molecule_smiles"": ""COC(C)C"",
    ""group_smarts"": ""[CH](-[O;H0])(-[#6])-[#6]"",
    ""atom_specific_smarts"": ""[CH](-[O;H0])(-[#6])-[#6]"",
    ""description"": ""Secondary carbon directly bonded to ether oxygen and two carbon substituents (e.g., isopropyl ethers)."",
    ""uncertainty"": ""15""
  },
  {
    ""atom_type"": 184,
    ""element"": ""C"",
    ""chemical_environment"": ""tertiary alkyl ether alpha carbon (C attached to O and three carbons, no hydrogens)"",
    ""functional_group"": ""ether (tertiary, tert-butyl ether)"",
    ""hybridization"": ""sp3"",
    ""example_molecule_smiles"": ""COC(C)(C)C"",
    ""group_smarts"": ""[C;H0](-[O;H0])(-[#6])-[#6]"",
    ""atom_specific_smarts"": ""[C;H0](-[O;H0])(-[#6])-[#6]"",
    ""description"": ""Tertiary carbon directly bonded to a non-protonated ether oxygen and three carbons (e.g., tert-butyl ethers)."",
    ""uncertainty"": ""15""
  }
]"
159,0.232,"C  - CT   | all-atom C: C, tert. alcohols OPLS/2020",12.011,oplsaa2024.lt,C,6,"Convert the following OPLS-AA atom type rows:

Atom Type Data:
- Atom index: 143
- Force field raw info: C  - CM   | alkene C (H2-C=) all atom
- Partial charge: -0.23
- Atomic mass: 12.011
- Element guess: C
- Atomic number: 6
- Source file: oplsaa2024.lt


Atom Type Data:
- Atom index: 145
- Force field raw info: C  - CA   | Benzene C - 12 site OPLS/2020
- Partial charge: -0.115
- Atomic mass: 12.011
- Element guess: C
- Atomic number: 6
- Source file: oplsaa2024.lt


Atom Type Data:
- Atom index: 147
- Force field raw info: C  - CB   | Naphthalene fusion C (C9)
- Partial charge: 0.0
- Atomic mass: 12.011
- Element guess: C
- Atomic number: 6
- Source file: oplsaa2024.lt


Atom Type Data:
- Atom index: 148
- Force field raw info: C  - CT   | all-atom C: CH3, toluene
- Partial charge: -0.065
- Atomic mass: 12.011
- Element guess: C
- Atomic number: 6
- Source file: oplsaa2024.lt


Atom Type Data:
- Atom index: 149
- Force field raw info: C  - CT   | all-atom C: CH2, ethyl benzene
- Partial charge: -0.005
- Atomic mass: 12.011
- Element guess: C
- Atomic number: 6
- Source file: oplsaa2024.lt


Atom Type Data:
- Atom index: 150
- Force field raw info: C  - C=   | diene =CH-CH=; see 178 also
- Partial charge: -0.115
- Atomic mass: 12.011
- Element guess: C
- Atomic number: 6
- Source file: oplsaa2024.lt


Atom Type Data:
- Atom index: 152
- Force field raw info: C  - CT   | RCH2Cl "" ""
- Partial charge: -0.006
- Atomic mass: 12.011
- Element guess: C
- Atomic number: 6
- Source file: oplsaa2024.lt


Atom Type Data:
- Atom index: 157
- Force field raw info: C  - CT   | all-atom C: CH3 & CH2, prim. alcohols
- Partial charge: 0.145
- Atomic mass: 12.011
- Element guess: C
- Atomic number: 6
- Source file: oplsaa2024.lt


Atom Type Data:
- Atom index: 158
- Force field raw info: C  - CT   | all-atom C: CH, sec. alcohols
- Partial charge: 0.205
- Atomic mass: 12.011
- Element guess: C
- Atomic number: 6
- Source file: oplsaa2024.lt


Atom Type Data:
- Atom index: 159
- Force field raw info: C  - CT   | all-atom C: C, tert. alcohols OPLS/2020
- Partial charge: 0.232
- Atomic mass: 12.011
- Element guess: C
- Atomic number: 6
- Source file: oplsaa2024.lt


Atom Type Data:
- Atom index: 165
- Force field raw info: C  - CA   | Cipso in styrene
- Partial charge: 0.0
- Atomic mass: 12.011
- Element guess: C
- Atomic number: 6
- Source file: oplsaa2024.lt


Atom Type Data:
- Atom index: 166
- Force field raw info: C  - CA   | C(OH) phenol Use with all
- Partial charge: 0.1
- Atomic mass: 12.011
- Element guess: C
- Atomic number: 6
- Source file: oplsaa2024.lt


Atom Type Data:
- Atom index: 173
- Force field raw info: C  - CT   | C(H2OH): diols, triols
- Partial charge: 0.145
- Atomic mass: 12.011
- Element guess: C
- Atomic number: 6
- Source file: oplsaa2024.lt


Atom Type Data:
- Atom index: 174
- Force field raw info: C  - CT   | C(HROH): ""
- Partial charge: 0.205
- Atomic mass: 12.011
- Element guess: C
- Atomic number: 6
- Source file: oplsaa2024.lt


Atom Type Data:
- Atom index: 175
- Force field raw info: C  - CT   | C(R2OH): ""
- Partial charge: 0.265
- Atomic mass: 12.011
- Element guess: C
- Atomic number: 6
- Source file: oplsaa2024.lt


Atom Type Data:
- Atom index: 178
- Force field raw info: C  - C=   | diene =CR-RC=; see 150 also
- Partial charge: 0.0
- Atomic mass: 12.011
- Element guess: C
- Atomic number: 6
- Source file: oplsaa2024.lt


Atom Type Data:
- Atom index: 181
- Force field raw info: C  - CT   | C(H3OR): methyl ether
- Partial charge: 0.11
- Atomic mass: 12.011
- Element guess: C
- Atomic number: 6
- Source file: oplsaa2024.lt


Atom Type Data:
- Atom index: 182
- Force field raw info: C  - CT   | C(H2OR): ethyl ether
- Partial charge: 0.14
- Atomic mass: 12.011
- Element guess: C
- Atomic number: 6
- Source file: oplsaa2024.lt


Atom Type Data:
- Atom index: 183
- Force field raw info: C  - CT   | C(HOR): i-Pr ether
- Partial charge: 0.17
- Atomic mass: 12.011
- Element guess: C
- Atomic number: 6
- Source file: oplsaa2024.lt


Atom Type Data:
- Atom index: 184
- Force field raw info: C  - CT   | C(OR): t-Bu ether
- Partial charge: 0.2
- Atomic mass: 12.011
- Element guess: C
- Atomic number: 6
- Source file: oplsaa2024.lt
","[
  {
    ""atom_type"": 143,
    ""element"": ""C"",
    ""chemical_environment"": ""terminal vinyl carbon with two hydrogens (H2C=)"",
    ""functional_group"": ""alkene (vinyl CH2)"",
    ""hybridization"": ""sp2"",
    ""example_molecule_smiles"": ""C=CC"",
    ""group_smarts"": ""[C]=[C]"",
    ""atom_specific_smarts"": ""[CH2]=[C;X3]"",
    ""description"": ""The terminal alkene carbon bearing two hydrogens in a vinyl group; double-bonded to another sp2 carbon."",
    ""uncertainty"": ""10""
  },
  {
    ""atom_type"": 145,
    ""element"": ""C"",
    ""chemical_environment"": ""benzene ring carbon (non-fusion, non-ipso special cases)"",
    ""functional_group"": ""aromatic (benzene)"",
    ""hybridization"": ""sp2"",
    ""example_molecule_smiles"": ""c1ccccc1"",
    ""group_smarts"": ""[c;r6]"",
    ""atom_specific_smarts"": ""[$([cH](:a):a),$([c;H0](:a)(:a)[!a])]"",
    ""description"": ""A benzene ring carbon with exactly two aromatic neighbors; can be protonated (cH) or substituted by a non-aromatic atom/group; excludes fusion junction carbons with three aromatic neighbors."",
    ""uncertainty"": ""15""
  },
  {
    ""atom_type"": 147,
    ""element"": ""C"",
    ""chemical_environment"": ""fused PAH junction carbon (naphthalene fusion C9)"",
    ""functional_group"": ""aromatic (fused polycyclic junction)"",
    ""hybridization"": ""sp2"",
    ""example_molecule_smiles"": ""c1cccc2c1cccc2"",
    ""group_smarts"": ""[c;H0](:a)(:a):a"",
    ""atom_specific_smarts"": ""[c;H0](:a)(:a):a"",
    ""description"": ""A fusion (bridgehead) aromatic carbon with three aromatic neighbors as in naphthalene C1/C4 (C9 designation), no hydrogens."",
    ""uncertainty"": ""10""
  },
  {
    ""atom_type"": 148,
    ""element"": ""C"",
    ""chemical_environment"": ""benzylic methyl carbon (CH3 attached to an aromatic carbon)"",
    ""functional_group"": ""benzylic"",
    ""hybridization"": ""sp3"",
    ""example_molecule_smiles"": ""Cc1ccccc1"",
    ""group_smarts"": ""[CX4H3]-a"",
    ""atom_specific_smarts"": ""[CH3]-[c;r6]"",
    ""description"": ""Methyl carbon directly bonded to an aromatic ring (e.g., toluene benzylic CH3)."",
    ""uncertainty"": ""10""
  },
  {
    ""atom_type"": 149,
    ""element"": ""C"",
    ""chemical_environment"": ""benzylic methylene carbon (CH2 attached to an aromatic carbon)"",
    ""functional_group"": ""benzylic"",
    ""hybridization"": ""sp3"",
    ""example_molecule_smiles"": ""CCc1ccccc1"",
    ""group_smarts"": ""[CX4H2]-a"",
    ""atom_specific_smarts"": ""[CH2]-[c;r6]"",
    ""description"": ""Methylene carbon alpha to an aromatic ring as in ethylbenzene."",
    ""uncertainty"": ""10""
  },
  {
    ""atom_type"": 150,
    ""element"": ""C"",
    ""chemical_environment"": ""inner conjugated diene carbon with one hydrogen (=CH-CH=)"",
    ""functional_group"": ""conjugated diene"",
    ""hybridization"": ""sp2"",
    ""example_molecule_smiles"": ""C=CC=C"",
    ""group_smarts"": ""[C;X3](-[C;X3]=)[C;X3]="",
    ""atom_specific_smarts"": ""[CH;X3](-[C;X3]=)[C;X3]="",
    ""description"": ""An sp2 carbon in a 1,3-diene that has one H, is single-bonded to another sp2 diene carbon, and double-bonded to an sp2 carbon."",
    ""uncertainty"": ""20""
  },
  {
    ""atom_type"": 152,
    ""element"": ""C"",
    ""chemical_environment"": ""alkyl chloride methylene (RCH2Cl)"",
    ""functional_group"": ""alkyl chloride"",
    ""hybridization"": ""sp3"",
    ""example_molecule_smiles"": ""CCCl"",
    ""group_smarts"": ""[CX4H2]-Cl"",
    ""atom_specific_smarts"": ""[CH2](-Cl)-[#6]"",
    ""description"": ""The methylene carbon bearing chlorine and bonded to carbon (primary alkyl chloride)."",
    ""uncertainty"": ""10""
  },
  {
    ""atom_type"": 157,
    ""element"": ""C"",
    ""chemical_environment"": ""alpha carbon to hydroxyl in primary alcohols (CH3OH or R-CH2-OH)"",
    ""functional_group"": ""alcohol (primary)"",
    ""hybridization"": ""sp3"",
    ""example_molecule_smiles"": ""CCO"",
    ""group_smarts"": ""[CX4;H2,H3]-O[H]"",
    ""atom_specific_smarts"": ""[$([CH3]-O[H]),$([CH2](-[#6])-O[H])]"",
    ""description"": ""Primary alcohol carbon directly bonded to hydroxyl oxygen; either CH3 (methanol) or CH2 attached to one carbon."",
    ""uncertainty"": ""20""
  },
  {
    ""atom_type"": 158,
    ""element"": ""C"",
    ""chemical_environment"": ""alpha carbon to hydroxyl in secondary alcohols (CHOH)"",
    ""functional_group"": ""alcohol (secondary)"",
    ""hybridization"": ""sp3"",
    ""example_molecule_smiles"": ""CC(O)C"",
    ""group_smarts"": ""[CX4H]-O[H]"",
    ""atom_specific_smarts"": ""[CH](-[#6])(-[#6])-O[H]"",
    ""description"": ""Secondary alcohol carbon bearing OH and two carbon substituents, with one hydrogen."",
    ""uncertainty"": ""15""
  },
  {
    ""atom_type"": 159,
    ""element"": ""C"",
    ""chemical_environment"": ""alpha carbon to hydroxyl in tertiary alcohols (C(OH)R3, no hydrogens)"",
    ""functional_group"": ""alcohol (tertiary)"",
    ""hybridization"": ""sp3"",
    ""example_molecule_smiles"": ""CC(C)(O)C"",
    ""group_smarts"": ""[CX4H0]-O[H]"",
    ""atom_specific_smarts"": ""[C;X4;H0](-O[H])(-[#6])(-[#6])-[#6]"",
    ""description"": ""Tertiary alcohol carbon directly bonded to OH and three carbons; no hydrogens."",
    ""uncertainty"": ""15""
  },
  {
    ""atom_type"": 165,
    ""element"": ""C"",
    ""chemical_environment"": ""ipso aromatic carbon in styrene (ring carbon bonded to vinyl group)"",
    ""functional_group"": ""aromatic (styrenyl ipso)"",
    ""hybridization"": ""sp2"",
    ""example_molecule_smiles"": ""c1ccccc1C=C"",
    ""group_smarts"": ""[c;H0](-C=C)"",
    ""atom_specific_smarts"": ""[c;r6;H0](-C=C)(:a):a"",
    ""description"": ""The benzene ring carbon bonded to an alkenyl (vinyl) substituent as in styrene; has two aromatic neighbors and one alkenyl substituent."",
    ""uncertainty"": ""20""
  },
  {
    ""atom_type"": 166,
    ""element"": ""C"",
    ""chemical_environment"": ""phenolic ipso carbon (ring carbon bonded to OH)"",
    ""functional_group"": ""phenol"",
    ""hybridization"": ""sp2"",
    ""example_molecule_smiles"": ""Oc1ccccc1"",
    ""group_smarts"": ""[c;H0]-O[H]"",
    ""atom_specific_smarts"": ""[c;r6;H0]-O[H]"",
    ""description"": ""A benzene ring carbon directly bonded to hydroxyl oxygen (phenolic carbon)."",
    ""uncertainty"": ""10""
  },
  {
    ""atom_type"": 173,
    ""element"": ""C"",
    ""chemical_environment"": ""primary alcohol carbon in diols/triols (CH2OH within polyols)"",
    ""functional_group"": ""polyol (primary alcohol)"",
    ""hybridization"": ""sp3"",
    ""example_molecule_smiles"": ""OCCO"",
    ""group_smarts"": ""[CH2](-O[H])-[#6]-O[H]"",
    ""atom_specific_smarts"": ""[CH2](-O[H])-[#6]-O[H]"",
    ""description"": ""CH2 bearing OH where the adjacent carbon also bears OH (e.g., terminal carbons of ethylene glycol and related polyols)."",
    ""uncertainty"": ""35""
  },
  {
    ""atom_type"": 174,
    ""element"": ""C"",
    ""chemical_environment"": ""secondary alcohol carbon in diols/triols (CHROH within polyols)"",
    ""functional_group"": ""polyol (secondary alcohol)"",
    ""hybridization"": ""sp3"",
    ""example_molecule_smiles"": ""CC(O)CO"",
    ""group_smarts"": ""[CH](-O[H])(-[#6])-[#6;X4](-O[H])"",
    ""atom_specific_smarts"": ""[CH](-O[H])(-[#6])-[#6;X4](-O[H])"",
    ""description"": ""CHOH carbon in a polyol, attached to one hydrogen, one carbon substituent, and adjacent to a carbon that also bears OH (e.g., glycerol center)."",
    ""uncertainty"": ""40""
  },
  {
    ""atom_type"": 175,
    ""element"": ""C"",
    ""chemical_environment"": ""tertiary alcohol carbon in diols/triols (CR2OH within polyols, no hydrogens)"",
    ""functional_group"": ""polyol (tertiary alcohol)"",
    ""hybridization"": ""sp3"",
    ""example_molecule_smiles"": ""CC(C)(O)C(C)(O)C"",
    ""group_smarts"": ""[C;X4;H0](-O[H])(-[#6])-[#6;X4](-O[H])"",
    ""atom_specific_smarts"": ""[C;X4;H0](-O[H])(-[#6])-[#6;X4](-O[H])"",
    ""description"": ""Tertiary alcohol carbon directly bonded to OH and three carbons, in a diol/triol context (e.g., pinacol)."",
    ""uncertainty"": ""45""
  },
  {
    ""atom_type"": 178,
    ""element"": ""C"",
    ""chemical_environment"": ""inner conjugated diene carbon with no hydrogens (=CR-RC=)"",
    ""functional_group"": ""conjugated diene (fully substituted inner carbon)"",
    ""hybridization"": ""sp2"",
    ""example_molecule_smiles"": ""C=C(C)C=C"",
    ""group_smarts"": ""[C;X3;H0](-[C;X3]=)[C;X3]="",
    ""atom_specific_smarts"": ""[C;X3;H0](-[C;X3]=)[C;X3]="",
    ""description"": ""An sp2 inner 1,3-diene carbon that is single-bonded to another sp2 diene carbon, double-bonded to an sp2 carbon, and bears no hydrogens (substituted)."",
    ""uncertainty"": ""25""
  },
  {
    ""atom_type"": 181,
    ""element"": ""C"",
    ""chemical_environment"": ""methoxy carbon (CH3-O-R) in ethers"",
    ""functional_group"": ""ether (methyl ether)"",
    ""hybridization"": ""sp3"",
    ""example_molecule_smiles"": ""COC"",
    ""group_smarts"": ""[CH3]-[O;H0]-[#6]"",
    ""atom_specific_smarts"": ""[CH3]-[O;H0]-[#6]"",
    ""description"": ""Methyl carbon attached to a non-protonated ether oxygen."",
    ""uncertainty"": ""10""
  },
  {
    ""atom_type"": 182,
    ""element"": ""C"",
    ""chemical_environment"": ""ethoxy methylene (CH2-O-R) in ethers"",
    ""functional_group"": ""ether (ethyl ether segment)"",
    ""hybridization"": ""sp3"",
    ""example_molecule_smiles"": ""CCOC"",
    ""group_smarts"": ""[CH2]-[O;H0]-[#6]"",
    ""atom_specific_smarts"": ""[CH2]-[O;H0]-[#6]"",
    ""description"": ""Methylene carbon directly bonded to a non-protonated ether oxygen."",
    ""uncertainty"": ""10""
  },
  {
    ""atom_type"": 183,
    ""element"": ""C"",
    ""chemical_environment"": ""secondary alkyl ether alpha carbon (CH attached to O and two carbons)"",
    ""functional_group"": ""ether (secondary)"",
    ""hybridization"": ""sp3"",
    ""example_molecule_smiles"": ""COC(C)C"",
    ""group_smarts"": ""[CH](-[O;H0])(-[#6])-[#6]"",
    ""atom_specific_smarts"": ""[CH](-[O;H0])(-[#6])-[#6]"",
    ""description"": ""Secondary carbon directly bonded to ether oxygen and two carbon substituents (e.g., isopropyl ethers)."",
    ""uncertainty"": ""15""
  },
  {
    ""atom_type"": 184,
    ""element"": ""C"",
    ""chemical_environment"": ""tertiary alkyl ether alpha carbon (C attached to O and three carbons, no hydrogens)"",
    ""functional_group"": ""ether (tertiary, tert-butyl ether)"",
    ""hybridization"": ""sp3"",
    ""example_molecule_smiles"": ""COC(C)(C)C"",
    ""group_smarts"": ""[C;H0](-[O;H0])(-[#6])-[#6]"",
    ""atom_specific_smarts"": ""[C;H0](-[O;H0])(-[#6])-[#6]"",
    ""description"": ""Tertiary carbon directly bonded to a non-protonated ether oxygen and three carbons (e.g., tert-butyl ethers)."",
    ""uncertainty"": ""15""
  }
]"
165,0.0,C  - CA   | Cipso in styrene,12.011,oplsaa2024.lt,C,6,"Convert the following OPLS-AA atom type rows:

Atom Type Data:
- Atom index: 143
- Force field raw info: C  - CM   | alkene C (H2-C=) all atom
- Partial charge: -0.23
- Atomic mass: 12.011
- Element guess: C
- Atomic number: 6
- Source file: oplsaa2024.lt


Atom Type Data:
- Atom index: 145
- Force field raw info: C  - CA   | Benzene C - 12 site OPLS/2020
- Partial charge: -0.115
- Atomic mass: 12.011
- Element guess: C
- Atomic number: 6
- Source file: oplsaa2024.lt


Atom Type Data:
- Atom index: 147
- Force field raw info: C  - CB   | Naphthalene fusion C (C9)
- Partial charge: 0.0
- Atomic mass: 12.011
- Element guess: C
- Atomic number: 6
- Source file: oplsaa2024.lt


Atom Type Data:
- Atom index: 148
- Force field raw info: C  - CT   | all-atom C: CH3, toluene
- Partial charge: -0.065
- Atomic mass: 12.011
- Element guess: C
- Atomic number: 6
- Source file: oplsaa2024.lt


Atom Type Data:
- Atom index: 149
- Force field raw info: C  - CT   | all-atom C: CH2, ethyl benzene
- Partial charge: -0.005
- Atomic mass: 12.011
- Element guess: C
- Atomic number: 6
- Source file: oplsaa2024.lt


Atom Type Data:
- Atom index: 150
- Force field raw info: C  - C=   | diene =CH-CH=; see 178 also
- Partial charge: -0.115
- Atomic mass: 12.011
- Element guess: C
- Atomic number: 6
- Source file: oplsaa2024.lt


Atom Type Data:
- Atom index: 152
- Force field raw info: C  - CT   | RCH2Cl "" ""
- Partial charge: -0.006
- Atomic mass: 12.011
- Element guess: C
- Atomic number: 6
- Source file: oplsaa2024.lt


Atom Type Data:
- Atom index: 157
- Force field raw info: C  - CT   | all-atom C: CH3 & CH2, prim. alcohols
- Partial charge: 0.145
- Atomic mass: 12.011
- Element guess: C
- Atomic number: 6
- Source file: oplsaa2024.lt


Atom Type Data:
- Atom index: 158
- Force field raw info: C  - CT   | all-atom C: CH, sec. alcohols
- Partial charge: 0.205
- Atomic mass: 12.011
- Element guess: C
- Atomic number: 6
- Source file: oplsaa2024.lt


Atom Type Data:
- Atom index: 159
- Force field raw info: C  - CT   | all-atom C: C, tert. alcohols OPLS/2020
- Partial charge: 0.232
- Atomic mass: 12.011
- Element guess: C
- Atomic number: 6
- Source file: oplsaa2024.lt


Atom Type Data:
- Atom index: 165
- Force field raw info: C  - CA   | Cipso in styrene
- Partial charge: 0.0
- Atomic mass: 12.011
- Element guess: C
- Atomic number: 6
- Source file: oplsaa2024.lt


Atom Type Data:
- Atom index: 166
- Force field raw info: C  - CA   | C(OH) phenol Use with all
- Partial charge: 0.1
- Atomic mass: 12.011
- Element guess: C
- Atomic number: 6
- Source file: oplsaa2024.lt


Atom Type Data:
- Atom index: 173
- Force field raw info: C  - CT   | C(H2OH): diols, triols
- Partial charge: 0.145
- Atomic mass: 12.011
- Element guess: C
- Atomic number: 6
- Source file: oplsaa2024.lt


Atom Type Data:
- Atom index: 174
- Force field raw info: C  - CT   | C(HROH): ""
- Partial charge: 0.205
- Atomic mass: 12.011
- Element guess: C
- Atomic number: 6
- Source file: oplsaa2024.lt


Atom Type Data:
- Atom index: 175
- Force field raw info: C  - CT   | C(R2OH): ""
- Partial charge: 0.265
- Atomic mass: 12.011
- Element guess: C
- Atomic number: 6
- Source file: oplsaa2024.lt


Atom Type Data:
- Atom index: 178
- Force field raw info: C  - C=   | diene =CR-RC=; see 150 also
- Partial charge: 0.0
- Atomic mass: 12.011
- Element guess: C
- Atomic number: 6
- Source file: oplsaa2024.lt


Atom Type Data:
- Atom index: 181
- Force field raw info: C  - CT   | C(H3OR): methyl ether
- Partial charge: 0.11
- Atomic mass: 12.011
- Element guess: C
- Atomic number: 6
- Source file: oplsaa2024.lt


Atom Type Data:
- Atom index: 182
- Force field raw info: C  - CT   | C(H2OR): ethyl ether
- Partial charge: 0.14
- Atomic mass: 12.011
- Element guess: C
- Atomic number: 6
- Source file: oplsaa2024.lt


Atom Type Data:
- Atom index: 183
- Force field raw info: C  - CT   | C(HOR): i-Pr ether
- Partial charge: 0.17
- Atomic mass: 12.011
- Element guess: C
- Atomic number: 6
- Source file: oplsaa2024.lt


Atom Type Data:
- Atom index: 184
- Force field raw info: C  - CT   | C(OR): t-Bu ether
- Partial charge: 0.2
- Atomic mass: 12.011
- Element guess: C
- Atomic number: 6
- Source file: oplsaa2024.lt
","[
  {
    ""atom_type"": 143,
    ""element"": ""C"",
    ""chemical_environment"": ""terminal vinyl carbon with two hydrogens (H2C=)"",
    ""functional_group"": ""alkene (vinyl CH2)"",
    ""hybridization"": ""sp2"",
    ""example_molecule_smiles"": ""C=CC"",
    ""group_smarts"": ""[C]=[C]"",
    ""atom_specific_smarts"": ""[CH2]=[C;X3]"",
    ""description"": ""The terminal alkene carbon bearing two hydrogens in a vinyl group; double-bonded to another sp2 carbon."",
    ""uncertainty"": ""10""
  },
  {
    ""atom_type"": 145,
    ""element"": ""C"",
    ""chemical_environment"": ""benzene ring carbon (non-fusion, non-ipso special cases)"",
    ""functional_group"": ""aromatic (benzene)"",
    ""hybridization"": ""sp2"",
    ""example_molecule_smiles"": ""c1ccccc1"",
    ""group_smarts"": ""[c;r6]"",
    ""atom_specific_smarts"": ""[$([cH](:a):a),$([c;H0](:a)(:a)[!a])]"",
    ""description"": ""A benzene ring carbon with exactly two aromatic neighbors; can be protonated (cH) or substituted by a non-aromatic atom/group; excludes fusion junction carbons with three aromatic neighbors."",
    ""uncertainty"": ""15""
  },
  {
    ""atom_type"": 147,
    ""element"": ""C"",
    ""chemical_environment"": ""fused PAH junction carbon (naphthalene fusion C9)"",
    ""functional_group"": ""aromatic (fused polycyclic junction)"",
    ""hybridization"": ""sp2"",
    ""example_molecule_smiles"": ""c1cccc2c1cccc2"",
    ""group_smarts"": ""[c;H0](:a)(:a):a"",
    ""atom_specific_smarts"": ""[c;H0](:a)(:a):a"",
    ""description"": ""A fusion (bridgehead) aromatic carbon with three aromatic neighbors as in naphthalene C1/C4 (C9 designation), no hydrogens."",
    ""uncertainty"": ""10""
  },
  {
    ""atom_type"": 148,
    ""element"": ""C"",
    ""chemical_environment"": ""benzylic methyl carbon (CH3 attached to an aromatic carbon)"",
    ""functional_group"": ""benzylic"",
    ""hybridization"": ""sp3"",
    ""example_molecule_smiles"": ""Cc1ccccc1"",
    ""group_smarts"": ""[CX4H3]-a"",
    ""atom_specific_smarts"": ""[CH3]-[c;r6]"",
    ""description"": ""Methyl carbon directly bonded to an aromatic ring (e.g., toluene benzylic CH3)."",
    ""uncertainty"": ""10""
  },
  {
    ""atom_type"": 149,
    ""element"": ""C"",
    ""chemical_environment"": ""benzylic methylene carbon (CH2 attached to an aromatic carbon)"",
    ""functional_group"": ""benzylic"",
    ""hybridization"": ""sp3"",
    ""example_molecule_smiles"": ""CCc1ccccc1"",
    ""group_smarts"": ""[CX4H2]-a"",
    ""atom_specific_smarts"": ""[CH2]-[c;r6]"",
    ""description"": ""Methylene carbon alpha to an aromatic ring as in ethylbenzene."",
    ""uncertainty"": ""10""
  },
  {
    ""atom_type"": 150,
    ""element"": ""C"",
    ""chemical_environment"": ""inner conjugated diene carbon with one hydrogen (=CH-CH=)"",
    ""functional_group"": ""conjugated diene"",
    ""hybridization"": ""sp2"",
    ""example_molecule_smiles"": ""C=CC=C"",
    ""group_smarts"": ""[C;X3](-[C;X3]=)[C;X3]="",
    ""atom_specific_smarts"": ""[CH;X3](-[C;X3]=)[C;X3]="",
    ""description"": ""An sp2 carbon in a 1,3-diene that has one H, is single-bonded to another sp2 diene carbon, and double-bonded to an sp2 carbon."",
    ""uncertainty"": ""20""
  },
  {
    ""atom_type"": 152,
    ""element"": ""C"",
    ""chemical_environment"": ""alkyl chloride methylene (RCH2Cl)"",
    ""functional_group"": ""alkyl chloride"",
    ""hybridization"": ""sp3"",
    ""example_molecule_smiles"": ""CCCl"",
    ""group_smarts"": ""[CX4H2]-Cl"",
    ""atom_specific_smarts"": ""[CH2](-Cl)-[#6]"",
    ""description"": ""The methylene carbon bearing chlorine and bonded to carbon (primary alkyl chloride)."",
    ""uncertainty"": ""10""
  },
  {
    ""atom_type"": 157,
    ""element"": ""C"",
    ""chemical_environment"": ""alpha carbon to hydroxyl in primary alcohols (CH3OH or R-CH2-OH)"",
    ""functional_group"": ""alcohol (primary)"",
    ""hybridization"": ""sp3"",
    ""example_molecule_smiles"": ""CCO"",
    ""group_smarts"": ""[CX4;H2,H3]-O[H]"",
    ""atom_specific_smarts"": ""[$([CH3]-O[H]),$([CH2](-[#6])-O[H])]"",
    ""description"": ""Primary alcohol carbon directly bonded to hydroxyl oxygen; either CH3 (methanol) or CH2 attached to one carbon."",
    ""uncertainty"": ""20""
  },
  {
    ""atom_type"": 158,
    ""element"": ""C"",
    ""chemical_environment"": ""alpha carbon to hydroxyl in secondary alcohols (CHOH)"",
    ""functional_group"": ""alcohol (secondary)"",
    ""hybridization"": ""sp3"",
    ""example_molecule_smiles"": ""CC(O)C"",
    ""group_smarts"": ""[CX4H]-O[H]"",
    ""atom_specific_smarts"": ""[CH](-[#6])(-[#6])-O[H]"",
    ""description"": ""Secondary alcohol carbon bearing OH and two carbon substituents, with one hydrogen."",
    ""uncertainty"": ""15""
  },
  {
    ""atom_type"": 159,
    ""element"": ""C"",
    ""chemical_environment"": ""alpha carbon to hydroxyl in tertiary alcohols (C(OH)R3, no hydrogens)"",
    ""functional_group"": ""alcohol (tertiary)"",
    ""hybridization"": ""sp3"",
    ""example_molecule_smiles"": ""CC(C)(O)C"",
    ""group_smarts"": ""[CX4H0]-O[H]"",
    ""atom_specific_smarts"": ""[C;X4;H0](-O[H])(-[#6])(-[#6])-[#6]"",
    ""description"": ""Tertiary alcohol carbon directly bonded to OH and three carbons; no hydrogens."",
    ""uncertainty"": ""15""
  },
  {
    ""atom_type"": 165,
    ""element"": ""C"",
    ""chemical_environment"": ""ipso aromatic carbon in styrene (ring carbon bonded to vinyl group)"",
    ""functional_group"": ""aromatic (styrenyl ipso)"",
    ""hybridization"": ""sp2"",
    ""example_molecule_smiles"": ""c1ccccc1C=C"",
    ""group_smarts"": ""[c;H0](-C=C)"",
    ""atom_specific_smarts"": ""[c;r6;H0](-C=C)(:a):a"",
    ""description"": ""The benzene ring carbon bonded to an alkenyl (vinyl) substituent as in styrene; has two aromatic neighbors and one alkenyl substituent."",
    ""uncertainty"": ""20""
  },
  {
    ""atom_type"": 166,
    ""element"": ""C"",
    ""chemical_environment"": ""phenolic ipso carbon (ring carbon bonded to OH)"",
    ""functional_group"": ""phenol"",
    ""hybridization"": ""sp2"",
    ""example_molecule_smiles"": ""Oc1ccccc1"",
    ""group_smarts"": ""[c;H0]-O[H]"",
    ""atom_specific_smarts"": ""[c;r6;H0]-O[H]"",
    ""description"": ""A benzene ring carbon directly bonded to hydroxyl oxygen (phenolic carbon)."",
    ""uncertainty"": ""10""
  },
  {
    ""atom_type"": 173,
    ""element"": ""C"",
    ""chemical_environment"": ""primary alcohol carbon in diols/triols (CH2OH within polyols)"",
    ""functional_group"": ""polyol (primary alcohol)"",
    ""hybridization"": ""sp3"",
    ""example_molecule_smiles"": ""OCCO"",
    ""group_smarts"": ""[CH2](-O[H])-[#6]-O[H]"",
    ""atom_specific_smarts"": ""[CH2](-O[H])-[#6]-O[H]"",
    ""description"": ""CH2 bearing OH where the adjacent carbon also bears OH (e.g., terminal carbons of ethylene glycol and related polyols)."",
    ""uncertainty"": ""35""
  },
  {
    ""atom_type"": 174,
    ""element"": ""C"",
    ""chemical_environment"": ""secondary alcohol carbon in diols/triols (CHROH within polyols)"",
    ""functional_group"": ""polyol (secondary alcohol)"",
    ""hybridization"": ""sp3"",
    ""example_molecule_smiles"": ""CC(O)CO"",
    ""group_smarts"": ""[CH](-O[H])(-[#6])-[#6;X4](-O[H])"",
    ""atom_specific_smarts"": ""[CH](-O[H])(-[#6])-[#6;X4](-O[H])"",
    ""description"": ""CHOH carbon in a polyol, attached to one hydrogen, one carbon substituent, and adjacent to a carbon that also bears OH (e.g., glycerol center)."",
    ""uncertainty"": ""40""
  },
  {
    ""atom_type"": 175,
    ""element"": ""C"",
    ""chemical_environment"": ""tertiary alcohol carbon in diols/triols (CR2OH within polyols, no hydrogens)"",
    ""functional_group"": ""polyol (tertiary alcohol)"",
    ""hybridization"": ""sp3"",
    ""example_molecule_smiles"": ""CC(C)(O)C(C)(O)C"",
    ""group_smarts"": ""[C;X4;H0](-O[H])(-[#6])-[#6;X4](-O[H])"",
    ""atom_specific_smarts"": ""[C;X4;H0](-O[H])(-[#6])-[#6;X4](-O[H])"",
    ""description"": ""Tertiary alcohol carbon directly bonded to OH and three carbons, in a diol/triol context (e.g., pinacol)."",
    ""uncertainty"": ""45""
  },
  {
    ""atom_type"": 178,
    ""element"": ""C"",
    ""chemical_environment"": ""inner conjugated diene carbon with no hydrogens (=CR-RC=)"",
    ""functional_group"": ""conjugated diene (fully substituted inner carbon)"",
    ""hybridization"": ""sp2"",
    ""example_molecule_smiles"": ""C=C(C)C=C"",
    ""group_smarts"": ""[C;X3;H0](-[C;X3]=)[C;X3]="",
    ""atom_specific_smarts"": ""[C;X3;H0](-[C;X3]=)[C;X3]="",
    ""description"": ""An sp2 inner 1,3-diene carbon that is single-bonded to another sp2 diene carbon, double-bonded to an sp2 carbon, and bears no hydrogens (substituted)."",
    ""uncertainty"": ""25""
  },
  {
    ""atom_type"": 181,
    ""element"": ""C"",
    ""chemical_environment"": ""methoxy carbon (CH3-O-R) in ethers"",
    ""functional_group"": ""ether (methyl ether)"",
    ""hybridization"": ""sp3"",
    ""example_molecule_smiles"": ""COC"",
    ""group_smarts"": ""[CH3]-[O;H0]-[#6]"",
    ""atom_specific_smarts"": ""[CH3]-[O;H0]-[#6]"",
    ""description"": ""Methyl carbon attached to a non-protonated ether oxygen."",
    ""uncertainty"": ""10""
  },
  {
    ""atom_type"": 182,
    ""element"": ""C"",
    ""chemical_environment"": ""ethoxy methylene (CH2-O-R) in ethers"",
    ""functional_group"": ""ether (ethyl ether segment)"",
    ""hybridization"": ""sp3"",
    ""example_molecule_smiles"": ""CCOC"",
    ""group_smarts"": ""[CH2]-[O;H0]-[#6]"",
    ""atom_specific_smarts"": ""[CH2]-[O;H0]-[#6]"",
    ""description"": ""Methylene carbon directly bonded to a non-protonated ether oxygen."",
    ""uncertainty"": ""10""
  },
  {
    ""atom_type"": 183,
    ""element"": ""C"",
    ""chemical_environment"": ""secondary alkyl ether alpha carbon (CH attached to O and two carbons)"",
    ""functional_group"": ""ether (secondary)"",
    ""hybridization"": ""sp3"",
    ""example_molecule_smiles"": ""COC(C)C"",
    ""group_smarts"": ""[CH](-[O;H0])(-[#6])-[#6]"",
    ""atom_specific_smarts"": ""[CH](-[O;H0])(-[#6])-[#6]"",
    ""description"": ""Secondary carbon directly bonded to ether oxygen and two carbon substituents (e.g., isopropyl ethers)."",
    ""uncertainty"": ""15""
  },
  {
    ""atom_type"": 184,
    ""element"": ""C"",
    ""chemical_environment"": ""tertiary alkyl ether alpha carbon (C attached to O and three carbons, no hydrogens)"",
    ""functional_group"": ""ether (tertiary, tert-butyl ether)"",
    ""hybridization"": ""sp3"",
    ""example_molecule_smiles"": ""COC(C)(C)C"",
    ""group_smarts"": ""[C;H0](-[O;H0])(-[#6])-[#6]"",
    ""atom_specific_smarts"": ""[C;H0](-[O;H0])(-[#6])-[#6]"",
    ""description"": ""Tertiary carbon directly bonded to a non-protonated ether oxygen and three carbons (e.g., tert-butyl ethers)."",
    ""uncertainty"": ""15""
  }
]"
166,0.1,C  - CA   | C(OH) phenol Use with all,12.011,oplsaa2024.lt,C,6,"Convert the following OPLS-AA atom type rows:

Atom Type Data:
- Atom index: 143
- Force field raw info: C  - CM   | alkene C (H2-C=) all atom
- Partial charge: -0.23
- Atomic mass: 12.011
- Element guess: C
- Atomic number: 6
- Source file: oplsaa2024.lt


Atom Type Data:
- Atom index: 145
- Force field raw info: C  - CA   | Benzene C - 12 site OPLS/2020
- Partial charge: -0.115
- Atomic mass: 12.011
- Element guess: C
- Atomic number: 6
- Source file: oplsaa2024.lt


Atom Type Data:
- Atom index: 147
- Force field raw info: C  - CB   | Naphthalene fusion C (C9)
- Partial charge: 0.0
- Atomic mass: 12.011
- Element guess: C
- Atomic number: 6
- Source file: oplsaa2024.lt


Atom Type Data:
- Atom index: 148
- Force field raw info: C  - CT   | all-atom C: CH3, toluene
- Partial charge: -0.065
- Atomic mass: 12.011
- Element guess: C
- Atomic number: 6
- Source file: oplsaa2024.lt


Atom Type Data:
- Atom index: 149
- Force field raw info: C  - CT   | all-atom C: CH2, ethyl benzene
- Partial charge: -0.005
- Atomic mass: 12.011
- Element guess: C
- Atomic number: 6
- Source file: oplsaa2024.lt


Atom Type Data:
- Atom index: 150
- Force field raw info: C  - C=   | diene =CH-CH=; see 178 also
- Partial charge: -0.115
- Atomic mass: 12.011
- Element guess: C
- Atomic number: 6
- Source file: oplsaa2024.lt


Atom Type Data:
- Atom index: 152
- Force field raw info: C  - CT   | RCH2Cl "" ""
- Partial charge: -0.006
- Atomic mass: 12.011
- Element guess: C
- Atomic number: 6
- Source file: oplsaa2024.lt


Atom Type Data:
- Atom index: 157
- Force field raw info: C  - CT   | all-atom C: CH3 & CH2, prim. alcohols
- Partial charge: 0.145
- Atomic mass: 12.011
- Element guess: C
- Atomic number: 6
- Source file: oplsaa2024.lt


Atom Type Data:
- Atom index: 158
- Force field raw info: C  - CT   | all-atom C: CH, sec. alcohols
- Partial charge: 0.205
- Atomic mass: 12.011
- Element guess: C
- Atomic number: 6
- Source file: oplsaa2024.lt


Atom Type Data:
- Atom index: 159
- Force field raw info: C  - CT   | all-atom C: C, tert. alcohols OPLS/2020
- Partial charge: 0.232
- Atomic mass: 12.011
- Element guess: C
- Atomic number: 6
- Source file: oplsaa2024.lt


Atom Type Data:
- Atom index: 165
- Force field raw info: C  - CA   | Cipso in styrene
- Partial charge: 0.0
- Atomic mass: 12.011
- Element guess: C
- Atomic number: 6
- Source file: oplsaa2024.lt


Atom Type Data:
- Atom index: 166
- Force field raw info: C  - CA   | C(OH) phenol Use with all
- Partial charge: 0.1
- Atomic mass: 12.011
- Element guess: C
- Atomic number: 6
- Source file: oplsaa2024.lt


Atom Type Data:
- Atom index: 173
- Force field raw info: C  - CT   | C(H2OH): diols, triols
- Partial charge: 0.145
- Atomic mass: 12.011
- Element guess: C
- Atomic number: 6
- Source file: oplsaa2024.lt


Atom Type Data:
- Atom index: 174
- Force field raw info: C  - CT   | C(HROH): ""
- Partial charge: 0.205
- Atomic mass: 12.011
- Element guess: C
- Atomic number: 6
- Source file: oplsaa2024.lt


Atom Type Data:
- Atom index: 175
- Force field raw info: C  - CT   | C(R2OH): ""
- Partial charge: 0.265
- Atomic mass: 12.011
- Element guess: C
- Atomic number: 6
- Source file: oplsaa2024.lt


Atom Type Data:
- Atom index: 178
- Force field raw info: C  - C=   | diene =CR-RC=; see 150 also
- Partial charge: 0.0
- Atomic mass: 12.011
- Element guess: C
- Atomic number: 6
- Source file: oplsaa2024.lt


Atom Type Data:
- Atom index: 181
- Force field raw info: C  - CT   | C(H3OR): methyl ether
- Partial charge: 0.11
- Atomic mass: 12.011
- Element guess: C
- Atomic number: 6
- Source file: oplsaa2024.lt


Atom Type Data:
- Atom index: 182
- Force field raw info: C  - CT   | C(H2OR): ethyl ether
- Partial charge: 0.14
- Atomic mass: 12.011
- Element guess: C
- Atomic number: 6
- Source file: oplsaa2024.lt


Atom Type Data:
- Atom index: 183
- Force field raw info: C  - CT   | C(HOR): i-Pr ether
- Partial charge: 0.17
- Atomic mass: 12.011
- Element guess: C
- Atomic number: 6
- Source file: oplsaa2024.lt


Atom Type Data:
- Atom index: 184
- Force field raw info: C  - CT   | C(OR): t-Bu ether
- Partial charge: 0.2
- Atomic mass: 12.011
- Element guess: C
- Atomic number: 6
- Source file: oplsaa2024.lt
","[
  {
    ""atom_type"": 143,
    ""element"": ""C"",
    ""chemical_environment"": ""terminal vinyl carbon with two hydrogens (H2C=)"",
    ""functional_group"": ""alkene (vinyl CH2)"",
    ""hybridization"": ""sp2"",
    ""example_molecule_smiles"": ""C=CC"",
    ""group_smarts"": ""[C]=[C]"",
    ""atom_specific_smarts"": ""[CH2]=[C;X3]"",
    ""description"": ""The terminal alkene carbon bearing two hydrogens in a vinyl group; double-bonded to another sp2 carbon."",
    ""uncertainty"": ""10""
  },
  {
    ""atom_type"": 145,
    ""element"": ""C"",
    ""chemical_environment"": ""benzene ring carbon (non-fusion, non-ipso special cases)"",
    ""functional_group"": ""aromatic (benzene)"",
    ""hybridization"": ""sp2"",
    ""example_molecule_smiles"": ""c1ccccc1"",
    ""group_smarts"": ""[c;r6]"",
    ""atom_specific_smarts"": ""[$([cH](:a):a),$([c;H0](:a)(:a)[!a])]"",
    ""description"": ""A benzene ring carbon with exactly two aromatic neighbors; can be protonated (cH) or substituted by a non-aromatic atom/group; excludes fusion junction carbons with three aromatic neighbors."",
    ""uncertainty"": ""15""
  },
  {
    ""atom_type"": 147,
    ""element"": ""C"",
    ""chemical_environment"": ""fused PAH junction carbon (naphthalene fusion C9)"",
    ""functional_group"": ""aromatic (fused polycyclic junction)"",
    ""hybridization"": ""sp2"",
    ""example_molecule_smiles"": ""c1cccc2c1cccc2"",
    ""group_smarts"": ""[c;H0](:a)(:a):a"",
    ""atom_specific_smarts"": ""[c;H0](:a)(:a):a"",
    ""description"": ""A fusion (bridgehead) aromatic carbon with three aromatic neighbors as in naphthalene C1/C4 (C9 designation), no hydrogens."",
    ""uncertainty"": ""10""
  },
  {
    ""atom_type"": 148,
    ""element"": ""C"",
    ""chemical_environment"": ""benzylic methyl carbon (CH3 attached to an aromatic carbon)"",
    ""functional_group"": ""benzylic"",
    ""hybridization"": ""sp3"",
    ""example_molecule_smiles"": ""Cc1ccccc1"",
    ""group_smarts"": ""[CX4H3]-a"",
    ""atom_specific_smarts"": ""[CH3]-[c;r6]"",
    ""description"": ""Methyl carbon directly bonded to an aromatic ring (e.g., toluene benzylic CH3)."",
    ""uncertainty"": ""10""
  },
  {
    ""atom_type"": 149,
    ""element"": ""C"",
    ""chemical_environment"": ""benzylic methylene carbon (CH2 attached to an aromatic carbon)"",
    ""functional_group"": ""benzylic"",
    ""hybridization"": ""sp3"",
    ""example_molecule_smiles"": ""CCc1ccccc1"",
    ""group_smarts"": ""[CX4H2]-a"",
    ""atom_specific_smarts"": ""[CH2]-[c;r6]"",
    ""description"": ""Methylene carbon alpha to an aromatic ring as in ethylbenzene."",
    ""uncertainty"": ""10""
  },
  {
    ""atom_type"": 150,
    ""element"": ""C"",
    ""chemical_environment"": ""inner conjugated diene carbon with one hydrogen (=CH-CH=)"",
    ""functional_group"": ""conjugated diene"",
    ""hybridization"": ""sp2"",
    ""example_molecule_smiles"": ""C=CC=C"",
    ""group_smarts"": ""[C;X3](-[C;X3]=)[C;X3]="",
    ""atom_specific_smarts"": ""[CH;X3](-[C;X3]=)[C;X3]="",
    ""description"": ""An sp2 carbon in a 1,3-diene that has one H, is single-bonded to another sp2 diene carbon, and double-bonded to an sp2 carbon."",
    ""uncertainty"": ""20""
  },
  {
    ""atom_type"": 152,
    ""element"": ""C"",
    ""chemical_environment"": ""alkyl chloride methylene (RCH2Cl)"",
    ""functional_group"": ""alkyl chloride"",
    ""hybridization"": ""sp3"",
    ""example_molecule_smiles"": ""CCCl"",
    ""group_smarts"": ""[CX4H2]-Cl"",
    ""atom_specific_smarts"": ""[CH2](-Cl)-[#6]"",
    ""description"": ""The methylene carbon bearing chlorine and bonded to carbon (primary alkyl chloride)."",
    ""uncertainty"": ""10""
  },
  {
    ""atom_type"": 157,
    ""element"": ""C"",
    ""chemical_environment"": ""alpha carbon to hydroxyl in primary alcohols (CH3OH or R-CH2-OH)"",
    ""functional_group"": ""alcohol (primary)"",
    ""hybridization"": ""sp3"",
    ""example_molecule_smiles"": ""CCO"",
    ""group_smarts"": ""[CX4;H2,H3]-O[H]"",
    ""atom_specific_smarts"": ""[$([CH3]-O[H]),$([CH2](-[#6])-O[H])]"",
    ""description"": ""Primary alcohol carbon directly bonded to hydroxyl oxygen; either CH3 (methanol) or CH2 attached to one carbon."",
    ""uncertainty"": ""20""
  },
  {
    ""atom_type"": 158,
    ""element"": ""C"",
    ""chemical_environment"": ""alpha carbon to hydroxyl in secondary alcohols (CHOH)"",
    ""functional_group"": ""alcohol (secondary)"",
    ""hybridization"": ""sp3"",
    ""example_molecule_smiles"": ""CC(O)C"",
    ""group_smarts"": ""[CX4H]-O[H]"",
    ""atom_specific_smarts"": ""[CH](-[#6])(-[#6])-O[H]"",
    ""description"": ""Secondary alcohol carbon bearing OH and two carbon substituents, with one hydrogen."",
    ""uncertainty"": ""15""
  },
  {
    ""atom_type"": 159,
    ""element"": ""C"",
    ""chemical_environment"": ""alpha carbon to hydroxyl in tertiary alcohols (C(OH)R3, no hydrogens)"",
    ""functional_group"": ""alcohol (tertiary)"",
    ""hybridization"": ""sp3"",
    ""example_molecule_smiles"": ""CC(C)(O)C"",
    ""group_smarts"": ""[CX4H0]-O[H]"",
    ""atom_specific_smarts"": ""[C;X4;H0](-O[H])(-[#6])(-[#6])-[#6]"",
    ""description"": ""Tertiary alcohol carbon directly bonded to OH and three carbons; no hydrogens."",
    ""uncertainty"": ""15""
  },
  {
    ""atom_type"": 165,
    ""element"": ""C"",
    ""chemical_environment"": ""ipso aromatic carbon in styrene (ring carbon bonded to vinyl group)"",
    ""functional_group"": ""aromatic (styrenyl ipso)"",
    ""hybridization"": ""sp2"",
    ""example_molecule_smiles"": ""c1ccccc1C=C"",
    ""group_smarts"": ""[c;H0](-C=C)"",
    ""atom_specific_smarts"": ""[c;r6;H0](-C=C)(:a):a"",
    ""description"": ""The benzene ring carbon bonded to an alkenyl (vinyl) substituent as in styrene; has two aromatic neighbors and one alkenyl substituent."",
    ""uncertainty"": ""20""
  },
  {
    ""atom_type"": 166,
    ""element"": ""C"",
    ""chemical_environment"": ""phenolic ipso carbon (ring carbon bonded to OH)"",
    ""functional_group"": ""phenol"",
    ""hybridization"": ""sp2"",
    ""example_molecule_smiles"": ""Oc1ccccc1"",
    ""group_smarts"": ""[c;H0]-O[H]"",
    ""atom_specific_smarts"": ""[c;r6;H0]-O[H]"",
    ""description"": ""A benzene ring carbon directly bonded to hydroxyl oxygen (phenolic carbon)."",
    ""uncertainty"": ""10""
  },
  {
    ""atom_type"": 173,
    ""element"": ""C"",
    ""chemical_environment"": ""primary alcohol carbon in diols/triols (CH2OH within polyols)"",
    ""functional_group"": ""polyol (primary alcohol)"",
    ""hybridization"": ""sp3"",
    ""example_molecule_smiles"": ""OCCO"",
    ""group_smarts"": ""[CH2](-O[H])-[#6]-O[H]"",
    ""atom_specific_smarts"": ""[CH2](-O[H])-[#6]-O[H]"",
    ""description"": ""CH2 bearing OH where the adjacent carbon also bears OH (e.g., terminal carbons of ethylene glycol and related polyols)."",
    ""uncertainty"": ""35""
  },
  {
    ""atom_type"": 174,
    ""element"": ""C"",
    ""chemical_environment"": ""secondary alcohol carbon in diols/triols (CHROH within polyols)"",
    ""functional_group"": ""polyol (secondary alcohol)"",
    ""hybridization"": ""sp3"",
    ""example_molecule_smiles"": ""CC(O)CO"",
    ""group_smarts"": ""[CH](-O[H])(-[#6])-[#6;X4](-O[H])"",
    ""atom_specific_smarts"": ""[CH](-O[H])(-[#6])-[#6;X4](-O[H])"",
    ""description"": ""CHOH carbon in a polyol, attached to one hydrogen, one carbon substituent, and adjacent to a carbon that also bears OH (e.g., glycerol center)."",
    ""uncertainty"": ""40""
  },
  {
    ""atom_type"": 175,
    ""element"": ""C"",
    ""chemical_environment"": ""tertiary alcohol carbon in diols/triols (CR2OH within polyols, no hydrogens)"",
    ""functional_group"": ""polyol (tertiary alcohol)"",
    ""hybridization"": ""sp3"",
    ""example_molecule_smiles"": ""CC(C)(O)C(C)(O)C"",
    ""group_smarts"": ""[C;X4;H0](-O[H])(-[#6])-[#6;X4](-O[H])"",
    ""atom_specific_smarts"": ""[C;X4;H0](-O[H])(-[#6])-[#6;X4](-O[H])"",
    ""description"": ""Tertiary alcohol carbon directly bonded to OH and three carbons, in a diol/triol context (e.g., pinacol)."",
    ""uncertainty"": ""45""
  },
  {
    ""atom_type"": 178,
    ""element"": ""C"",
    ""chemical_environment"": ""inner conjugated diene carbon with no hydrogens (=CR-RC=)"",
    ""functional_group"": ""conjugated diene (fully substituted inner carbon)"",
    ""hybridization"": ""sp2"",
    ""example_molecule_smiles"": ""C=C(C)C=C"",
    ""group_smarts"": ""[C;X3;H0](-[C;X3]=)[C;X3]="",
    ""atom_specific_smarts"": ""[C;X3;H0](-[C;X3]=)[C;X3]="",
    ""description"": ""An sp2 inner 1,3-diene carbon that is single-bonded to another sp2 diene carbon, double-bonded to an sp2 carbon, and bears no hydrogens (substituted)."",
    ""uncertainty"": ""25""
  },
  {
    ""atom_type"": 181,
    ""element"": ""C"",
    ""chemical_environment"": ""methoxy carbon (CH3-O-R) in ethers"",
    ""functional_group"": ""ether (methyl ether)"",
    ""hybridization"": ""sp3"",
    ""example_molecule_smiles"": ""COC"",
    ""group_smarts"": ""[CH3]-[O;H0]-[#6]"",
    ""atom_specific_smarts"": ""[CH3]-[O;H0]-[#6]"",
    ""description"": ""Methyl carbon attached to a non-protonated ether oxygen."",
    ""uncertainty"": ""10""
  },
  {
    ""atom_type"": 182,
    ""element"": ""C"",
    ""chemical_environment"": ""ethoxy methylene (CH2-O-R) in ethers"",
    ""functional_group"": ""ether (ethyl ether segment)"",
    ""hybridization"": ""sp3"",
    ""example_molecule_smiles"": ""CCOC"",
    ""group_smarts"": ""[CH2]-[O;H0]-[#6]"",
    ""atom_specific_smarts"": ""[CH2]-[O;H0]-[#6]"",
    ""description"": ""Methylene carbon directly bonded to a non-protonated ether oxygen."",
    ""uncertainty"": ""10""
  },
  {
    ""atom_type"": 183,
    ""element"": ""C"",
    ""chemical_environment"": ""secondary alkyl ether alpha carbon (CH attached to O and two carbons)"",
    ""functional_group"": ""ether (secondary)"",
    ""hybridization"": ""sp3"",
    ""example_molecule_smiles"": ""COC(C)C"",
    ""group_smarts"": ""[CH](-[O;H0])(-[#6])-[#6]"",
    ""atom_specific_smarts"": ""[CH](-[O;H0])(-[#6])-[#6]"",
    ""description"": ""Secondary carbon directly bonded to ether oxygen and two carbon substituents (e.g., isopropyl ethers)."",
    ""uncertainty"": ""15""
  },
  {
    ""atom_type"": 184,
    ""element"": ""C"",
    ""chemical_environment"": ""tertiary alkyl ether alpha carbon (C attached to O and three carbons, no hydrogens)"",
    ""functional_group"": ""ether (tertiary, tert-butyl ether)"",
    ""hybridization"": ""sp3"",
    ""example_molecule_smiles"": ""COC(C)(C)C"",
    ""group_smarts"": ""[C;H0](-[O;H0])(-[#6])-[#6]"",
    ""atom_specific_smarts"": ""[C;H0](-[O;H0])(-[#6])-[#6]"",
    ""description"": ""Tertiary carbon directly bonded to a non-protonated ether oxygen and three carbons (e.g., tert-butyl ethers)."",
    ""uncertainty"": ""15""
  }
]"
173,0.145,"C  - CT   | C(H2OH): diols, triols",12.011,oplsaa2024.lt,C,6,"Convert the following OPLS-AA atom type rows:

Atom Type Data:
- Atom index: 143
- Force field raw info: C  - CM   | alkene C (H2-C=) all atom
- Partial charge: -0.23
- Atomic mass: 12.011
- Element guess: C
- Atomic number: 6
- Source file: oplsaa2024.lt


Atom Type Data:
- Atom index: 145
- Force field raw info: C  - CA   | Benzene C - 12 site OPLS/2020
- Partial charge: -0.115
- Atomic mass: 12.011
- Element guess: C
- Atomic number: 6
- Source file: oplsaa2024.lt


Atom Type Data:
- Atom index: 147
- Force field raw info: C  - CB   | Naphthalene fusion C (C9)
- Partial charge: 0.0
- Atomic mass: 12.011
- Element guess: C
- Atomic number: 6
- Source file: oplsaa2024.lt


Atom Type Data:
- Atom index: 148
- Force field raw info: C  - CT   | all-atom C: CH3, toluene
- Partial charge: -0.065
- Atomic mass: 12.011
- Element guess: C
- Atomic number: 6
- Source file: oplsaa2024.lt


Atom Type Data:
- Atom index: 149
- Force field raw info: C  - CT   | all-atom C: CH2, ethyl benzene
- Partial charge: -0.005
- Atomic mass: 12.011
- Element guess: C
- Atomic number: 6
- Source file: oplsaa2024.lt


Atom Type Data:
- Atom index: 150
- Force field raw info: C  - C=   | diene =CH-CH=; see 178 also
- Partial charge: -0.115
- Atomic mass: 12.011
- Element guess: C
- Atomic number: 6
- Source file: oplsaa2024.lt


Atom Type Data:
- Atom index: 152
- Force field raw info: C  - CT   | RCH2Cl "" ""
- Partial charge: -0.006
- Atomic mass: 12.011
- Element guess: C
- Atomic number: 6
- Source file: oplsaa2024.lt


Atom Type Data:
- Atom index: 157
- Force field raw info: C  - CT   | all-atom C: CH3 & CH2, prim. alcohols
- Partial charge: 0.145
- Atomic mass: 12.011
- Element guess: C
- Atomic number: 6
- Source file: oplsaa2024.lt


Atom Type Data:
- Atom index: 158
- Force field raw info: C  - CT   | all-atom C: CH, sec. alcohols
- Partial charge: 0.205
- Atomic mass: 12.011
- Element guess: C
- Atomic number: 6
- Source file: oplsaa2024.lt


Atom Type Data:
- Atom index: 159
- Force field raw info: C  - CT   | all-atom C: C, tert. alcohols OPLS/2020
- Partial charge: 0.232
- Atomic mass: 12.011
- Element guess: C
- Atomic number: 6
- Source file: oplsaa2024.lt


Atom Type Data:
- Atom index: 165
- Force field raw info: C  - CA   | Cipso in styrene
- Partial charge: 0.0
- Atomic mass: 12.011
- Element guess: C
- Atomic number: 6
- Source file: oplsaa2024.lt


Atom Type Data:
- Atom index: 166
- Force field raw info: C  - CA   | C(OH) phenol Use with all
- Partial charge: 0.1
- Atomic mass: 12.011
- Element guess: C
- Atomic number: 6
- Source file: oplsaa2024.lt


Atom Type Data:
- Atom index: 173
- Force field raw info: C  - CT   | C(H2OH): diols, triols
- Partial charge: 0.145
- Atomic mass: 12.011
- Element guess: C
- Atomic number: 6
- Source file: oplsaa2024.lt


Atom Type Data:
- Atom index: 174
- Force field raw info: C  - CT   | C(HROH): ""
- Partial charge: 0.205
- Atomic mass: 12.011
- Element guess: C
- Atomic number: 6
- Source file: oplsaa2024.lt


Atom Type Data:
- Atom index: 175
- Force field raw info: C  - CT   | C(R2OH): ""
- Partial charge: 0.265
- Atomic mass: 12.011
- Element guess: C
- Atomic number: 6
- Source file: oplsaa2024.lt


Atom Type Data:
- Atom index: 178
- Force field raw info: C  - C=   | diene =CR-RC=; see 150 also
- Partial charge: 0.0
- Atomic mass: 12.011
- Element guess: C
- Atomic number: 6
- Source file: oplsaa2024.lt


Atom Type Data:
- Atom index: 181
- Force field raw info: C  - CT   | C(H3OR): methyl ether
- Partial charge: 0.11
- Atomic mass: 12.011
- Element guess: C
- Atomic number: 6
- Source file: oplsaa2024.lt


Atom Type Data:
- Atom index: 182
- Force field raw info: C  - CT   | C(H2OR): ethyl ether
- Partial charge: 0.14
- Atomic mass: 12.011
- Element guess: C
- Atomic number: 6
- Source file: oplsaa2024.lt


Atom Type Data:
- Atom index: 183
- Force field raw info: C  - CT   | C(HOR): i-Pr ether
- Partial charge: 0.17
- Atomic mass: 12.011
- Element guess: C
- Atomic number: 6
- Source file: oplsaa2024.lt


Atom Type Data:
- Atom index: 184
- Force field raw info: C  - CT   | C(OR): t-Bu ether
- Partial charge: 0.2
- Atomic mass: 12.011
- Element guess: C
- Atomic number: 6
- Source file: oplsaa2024.lt
","[
  {
    ""atom_type"": 143,
    ""element"": ""C"",
    ""chemical_environment"": ""terminal vinyl carbon with two hydrogens (H2C=)"",
    ""functional_group"": ""alkene (vinyl CH2)"",
    ""hybridization"": ""sp2"",
    ""example_molecule_smiles"": ""C=CC"",
    ""group_smarts"": ""[C]=[C]"",
    ""atom_specific_smarts"": ""[CH2]=[C;X3]"",
    ""description"": ""The terminal alkene carbon bearing two hydrogens in a vinyl group; double-bonded to another sp2 carbon."",
    ""uncertainty"": ""10""
  },
  {
    ""atom_type"": 145,
    ""element"": ""C"",
    ""chemical_environment"": ""benzene ring carbon (non-fusion, non-ipso special cases)"",
    ""functional_group"": ""aromatic (benzene)"",
    ""hybridization"": ""sp2"",
    ""example_molecule_smiles"": ""c1ccccc1"",
    ""group_smarts"": ""[c;r6]"",
    ""atom_specific_smarts"": ""[$([cH](:a):a),$([c;H0](:a)(:a)[!a])]"",
    ""description"": ""A benzene ring carbon with exactly two aromatic neighbors; can be protonated (cH) or substituted by a non-aromatic atom/group; excludes fusion junction carbons with three aromatic neighbors."",
    ""uncertainty"": ""15""
  },
  {
    ""atom_type"": 147,
    ""element"": ""C"",
    ""chemical_environment"": ""fused PAH junction carbon (naphthalene fusion C9)"",
    ""functional_group"": ""aromatic (fused polycyclic junction)"",
    ""hybridization"": ""sp2"",
    ""example_molecule_smiles"": ""c1cccc2c1cccc2"",
    ""group_smarts"": ""[c;H0](:a)(:a):a"",
    ""atom_specific_smarts"": ""[c;H0](:a)(:a):a"",
    ""description"": ""A fusion (bridgehead) aromatic carbon with three aromatic neighbors as in naphthalene C1/C4 (C9 designation), no hydrogens."",
    ""uncertainty"": ""10""
  },
  {
    ""atom_type"": 148,
    ""element"": ""C"",
    ""chemical_environment"": ""benzylic methyl carbon (CH3 attached to an aromatic carbon)"",
    ""functional_group"": ""benzylic"",
    ""hybridization"": ""sp3"",
    ""example_molecule_smiles"": ""Cc1ccccc1"",
    ""group_smarts"": ""[CX4H3]-a"",
    ""atom_specific_smarts"": ""[CH3]-[c;r6]"",
    ""description"": ""Methyl carbon directly bonded to an aromatic ring (e.g., toluene benzylic CH3)."",
    ""uncertainty"": ""10""
  },
  {
    ""atom_type"": 149,
    ""element"": ""C"",
    ""chemical_environment"": ""benzylic methylene carbon (CH2 attached to an aromatic carbon)"",
    ""functional_group"": ""benzylic"",
    ""hybridization"": ""sp3"",
    ""example_molecule_smiles"": ""CCc1ccccc1"",
    ""group_smarts"": ""[CX4H2]-a"",
    ""atom_specific_smarts"": ""[CH2]-[c;r6]"",
    ""description"": ""Methylene carbon alpha to an aromatic ring as in ethylbenzene."",
    ""uncertainty"": ""10""
  },
  {
    ""atom_type"": 150,
    ""element"": ""C"",
    ""chemical_environment"": ""inner conjugated diene carbon with one hydrogen (=CH-CH=)"",
    ""functional_group"": ""conjugated diene"",
    ""hybridization"": ""sp2"",
    ""example_molecule_smiles"": ""C=CC=C"",
    ""group_smarts"": ""[C;X3](-[C;X3]=)[C;X3]="",
    ""atom_specific_smarts"": ""[CH;X3](-[C;X3]=)[C;X3]="",
    ""description"": ""An sp2 carbon in a 1,3-diene that has one H, is single-bonded to another sp2 diene carbon, and double-bonded to an sp2 carbon."",
    ""uncertainty"": ""20""
  },
  {
    ""atom_type"": 152,
    ""element"": ""C"",
    ""chemical_environment"": ""alkyl chloride methylene (RCH2Cl)"",
    ""functional_group"": ""alkyl chloride"",
    ""hybridization"": ""sp3"",
    ""example_molecule_smiles"": ""CCCl"",
    ""group_smarts"": ""[CX4H2]-Cl"",
    ""atom_specific_smarts"": ""[CH2](-Cl)-[#6]"",
    ""description"": ""The methylene carbon bearing chlorine and bonded to carbon (primary alkyl chloride)."",
    ""uncertainty"": ""10""
  },
  {
    ""atom_type"": 157,
    ""element"": ""C"",
    ""chemical_environment"": ""alpha carbon to hydroxyl in primary alcohols (CH3OH or R-CH2-OH)"",
    ""functional_group"": ""alcohol (primary)"",
    ""hybridization"": ""sp3"",
    ""example_molecule_smiles"": ""CCO"",
    ""group_smarts"": ""[CX4;H2,H3]-O[H]"",
    ""atom_specific_smarts"": ""[$([CH3]-O[H]),$([CH2](-[#6])-O[H])]"",
    ""description"": ""Primary alcohol carbon directly bonded to hydroxyl oxygen; either CH3 (methanol) or CH2 attached to one carbon."",
    ""uncertainty"": ""20""
  },
  {
    ""atom_type"": 158,
    ""element"": ""C"",
    ""chemical_environment"": ""alpha carbon to hydroxyl in secondary alcohols (CHOH)"",
    ""functional_group"": ""alcohol (secondary)"",
    ""hybridization"": ""sp3"",
    ""example_molecule_smiles"": ""CC(O)C"",
    ""group_smarts"": ""[CX4H]-O[H]"",
    ""atom_specific_smarts"": ""[CH](-[#6])(-[#6])-O[H]"",
    ""description"": ""Secondary alcohol carbon bearing OH and two carbon substituents, with one hydrogen."",
    ""uncertainty"": ""15""
  },
  {
    ""atom_type"": 159,
    ""element"": ""C"",
    ""chemical_environment"": ""alpha carbon to hydroxyl in tertiary alcohols (C(OH)R3, no hydrogens)"",
    ""functional_group"": ""alcohol (tertiary)"",
    ""hybridization"": ""sp3"",
    ""example_molecule_smiles"": ""CC(C)(O)C"",
    ""group_smarts"": ""[CX4H0]-O[H]"",
    ""atom_specific_smarts"": ""[C;X4;H0](-O[H])(-[#6])(-[#6])-[#6]"",
    ""description"": ""Tertiary alcohol carbon directly bonded to OH and three carbons; no hydrogens."",
    ""uncertainty"": ""15""
  },
  {
    ""atom_type"": 165,
    ""element"": ""C"",
    ""chemical_environment"": ""ipso aromatic carbon in styrene (ring carbon bonded to vinyl group)"",
    ""functional_group"": ""aromatic (styrenyl ipso)"",
    ""hybridization"": ""sp2"",
    ""example_molecule_smiles"": ""c1ccccc1C=C"",
    ""group_smarts"": ""[c;H0](-C=C)"",
    ""atom_specific_smarts"": ""[c;r6;H0](-C=C)(:a):a"",
    ""description"": ""The benzene ring carbon bonded to an alkenyl (vinyl) substituent as in styrene; has two aromatic neighbors and one alkenyl substituent."",
    ""uncertainty"": ""20""
  },
  {
    ""atom_type"": 166,
    ""element"": ""C"",
    ""chemical_environment"": ""phenolic ipso carbon (ring carbon bonded to OH)"",
    ""functional_group"": ""phenol"",
    ""hybridization"": ""sp2"",
    ""example_molecule_smiles"": ""Oc1ccccc1"",
    ""group_smarts"": ""[c;H0]-O[H]"",
    ""atom_specific_smarts"": ""[c;r6;H0]-O[H]"",
    ""description"": ""A benzene ring carbon directly bonded to hydroxyl oxygen (phenolic carbon)."",
    ""uncertainty"": ""10""
  },
  {
    ""atom_type"": 173,
    ""element"": ""C"",
    ""chemical_environment"": ""primary alcohol carbon in diols/triols (CH2OH within polyols)"",
    ""functional_group"": ""polyol (primary alcohol)"",
    ""hybridization"": ""sp3"",
    ""example_molecule_smiles"": ""OCCO"",
    ""group_smarts"": ""[CH2](-O[H])-[#6]-O[H]"",
    ""atom_specific_smarts"": ""[CH2](-O[H])-[#6]-O[H]"",
    ""description"": ""CH2 bearing OH where the adjacent carbon also bears OH (e.g., terminal carbons of ethylene glycol and related polyols)."",
    ""uncertainty"": ""35""
  },
  {
    ""atom_type"": 174,
    ""element"": ""C"",
    ""chemical_environment"": ""secondary alcohol carbon in diols/triols (CHROH within polyols)"",
    ""functional_group"": ""polyol (secondary alcohol)"",
    ""hybridization"": ""sp3"",
    ""example_molecule_smiles"": ""CC(O)CO"",
    ""group_smarts"": ""[CH](-O[H])(-[#6])-[#6;X4](-O[H])"",
    ""atom_specific_smarts"": ""[CH](-O[H])(-[#6])-[#6;X4](-O[H])"",
    ""description"": ""CHOH carbon in a polyol, attached to one hydrogen, one carbon substituent, and adjacent to a carbon that also bears OH (e.g., glycerol center)."",
    ""uncertainty"": ""40""
  },
  {
    ""atom_type"": 175,
    ""element"": ""C"",
    ""chemical_environment"": ""tertiary alcohol carbon in diols/triols (CR2OH within polyols, no hydrogens)"",
    ""functional_group"": ""polyol (tertiary alcohol)"",
    ""hybridization"": ""sp3"",
    ""example_molecule_smiles"": ""CC(C)(O)C(C)(O)C"",
    ""group_smarts"": ""[C;X4;H0](-O[H])(-[#6])-[#6;X4](-O[H])"",
    ""atom_specific_smarts"": ""[C;X4;H0](-O[H])(-[#6])-[#6;X4](-O[H])"",
    ""description"": ""Tertiary alcohol carbon directly bonded to OH and three carbons, in a diol/triol context (e.g., pinacol)."",
    ""uncertainty"": ""45""
  },
  {
    ""atom_type"": 178,
    ""element"": ""C"",
    ""chemical_environment"": ""inner conjugated diene carbon with no hydrogens (=CR-RC=)"",
    ""functional_group"": ""conjugated diene (fully substituted inner carbon)"",
    ""hybridization"": ""sp2"",
    ""example_molecule_smiles"": ""C=C(C)C=C"",
    ""group_smarts"": ""[C;X3;H0](-[C;X3]=)[C;X3]="",
    ""atom_specific_smarts"": ""[C;X3;H0](-[C;X3]=)[C;X3]="",
    ""description"": ""An sp2 inner 1,3-diene carbon that is single-bonded to another sp2 diene carbon, double-bonded to an sp2 carbon, and bears no hydrogens (substituted)."",
    ""uncertainty"": ""25""
  },
  {
    ""atom_type"": 181,
    ""element"": ""C"",
    ""chemical_environment"": ""methoxy carbon (CH3-O-R) in ethers"",
    ""functional_group"": ""ether (methyl ether)"",
    ""hybridization"": ""sp3"",
    ""example_molecule_smiles"": ""COC"",
    ""group_smarts"": ""[CH3]-[O;H0]-[#6]"",
    ""atom_specific_smarts"": ""[CH3]-[O;H0]-[#6]"",
    ""description"": ""Methyl carbon attached to a non-protonated ether oxygen."",
    ""uncertainty"": ""10""
  },
  {
    ""atom_type"": 182,
    ""element"": ""C"",
    ""chemical_environment"": ""ethoxy methylene (CH2-O-R) in ethers"",
    ""functional_group"": ""ether (ethyl ether segment)"",
    ""hybridization"": ""sp3"",
    ""example_molecule_smiles"": ""CCOC"",
    ""group_smarts"": ""[CH2]-[O;H0]-[#6]"",
    ""atom_specific_smarts"": ""[CH2]-[O;H0]-[#6]"",
    ""description"": ""Methylene carbon directly bonded to a non-protonated ether oxygen."",
    ""uncertainty"": ""10""
  },
  {
    ""atom_type"": 183,
    ""element"": ""C"",
    ""chemical_environment"": ""secondary alkyl ether alpha carbon (CH attached to O and two carbons)"",
    ""functional_group"": ""ether (secondary)"",
    ""hybridization"": ""sp3"",
    ""example_molecule_smiles"": ""COC(C)C"",
    ""group_smarts"": ""[CH](-[O;H0])(-[#6])-[#6]"",
    ""atom_specific_smarts"": ""[CH](-[O;H0])(-[#6])-[#6]"",
    ""description"": ""Secondary carbon directly bonded to ether oxygen and two carbon substituents (e.g., isopropyl ethers)."",
    ""uncertainty"": ""15""
  },
  {
    ""atom_type"": 184,
    ""element"": ""C"",
    ""chemical_environment"": ""tertiary alkyl ether alpha carbon (C attached to O and three carbons, no hydrogens)"",
    ""functional_group"": ""ether (tertiary, tert-butyl ether)"",
    ""hybridization"": ""sp3"",
    ""example_molecule_smiles"": ""COC(C)(C)C"",
    ""group_smarts"": ""[C;H0](-[O;H0])(-[#6])-[#6]"",
    ""atom_specific_smarts"": ""[C;H0](-[O;H0])(-[#6])-[#6]"",
    ""description"": ""Tertiary carbon directly bonded to a non-protonated ether oxygen and three carbons (e.g., tert-butyl ethers)."",
    ""uncertainty"": ""15""
  }
]"
174,0.205,"C  - CT   | C(HROH): """,12.011,oplsaa2024.lt,C,6,"Convert the following OPLS-AA atom type rows:

Atom Type Data:
- Atom index: 143
- Force field raw info: C  - CM   | alkene C (H2-C=) all atom
- Partial charge: -0.23
- Atomic mass: 12.011
- Element guess: C
- Atomic number: 6
- Source file: oplsaa2024.lt


Atom Type Data:
- Atom index: 145
- Force field raw info: C  - CA   | Benzene C - 12 site OPLS/2020
- Partial charge: -0.115
- Atomic mass: 12.011
- Element guess: C
- Atomic number: 6
- Source file: oplsaa2024.lt


Atom Type Data:
- Atom index: 147
- Force field raw info: C  - CB   | Naphthalene fusion C (C9)
- Partial charge: 0.0
- Atomic mass: 12.011
- Element guess: C
- Atomic number: 6
- Source file: oplsaa2024.lt


Atom Type Data:
- Atom index: 148
- Force field raw info: C  - CT   | all-atom C: CH3, toluene
- Partial charge: -0.065
- Atomic mass: 12.011
- Element guess: C
- Atomic number: 6
- Source file: oplsaa2024.lt


Atom Type Data:
- Atom index: 149
- Force field raw info: C  - CT   | all-atom C: CH2, ethyl benzene
- Partial charge: -0.005
- Atomic mass: 12.011
- Element guess: C
- Atomic number: 6
- Source file: oplsaa2024.lt


Atom Type Data:
- Atom index: 150
- Force field raw info: C  - C=   | diene =CH-CH=; see 178 also
- Partial charge: -0.115
- Atomic mass: 12.011
- Element guess: C
- Atomic number: 6
- Source file: oplsaa2024.lt


Atom Type Data:
- Atom index: 152
- Force field raw info: C  - CT   | RCH2Cl "" ""
- Partial charge: -0.006
- Atomic mass: 12.011
- Element guess: C
- Atomic number: 6
- Source file: oplsaa2024.lt


Atom Type Data:
- Atom index: 157
- Force field raw info: C  - CT   | all-atom C: CH3 & CH2, prim. alcohols
- Partial charge: 0.145
- Atomic mass: 12.011
- Element guess: C
- Atomic number: 6
- Source file: oplsaa2024.lt


Atom Type Data:
- Atom index: 158
- Force field raw info: C  - CT   | all-atom C: CH, sec. alcohols
- Partial charge: 0.205
- Atomic mass: 12.011
- Element guess: C
- Atomic number: 6
- Source file: oplsaa2024.lt


Atom Type Data:
- Atom index: 159
- Force field raw info: C  - CT   | all-atom C: C, tert. alcohols OPLS/2020
- Partial charge: 0.232
- Atomic mass: 12.011
- Element guess: C
- Atomic number: 6
- Source file: oplsaa2024.lt


Atom Type Data:
- Atom index: 165
- Force field raw info: C  - CA   | Cipso in styrene
- Partial charge: 0.0
- Atomic mass: 12.011
- Element guess: C
- Atomic number: 6
- Source file: oplsaa2024.lt


Atom Type Data:
- Atom index: 166
- Force field raw info: C  - CA   | C(OH) phenol Use with all
- Partial charge: 0.1
- Atomic mass: 12.011
- Element guess: C
- Atomic number: 6
- Source file: oplsaa2024.lt


Atom Type Data:
- Atom index: 173
- Force field raw info: C  - CT   | C(H2OH): diols, triols
- Partial charge: 0.145
- Atomic mass: 12.011
- Element guess: C
- Atomic number: 6
- Source file: oplsaa2024.lt


Atom Type Data:
- Atom index: 174
- Force field raw info: C  - CT   | C(HROH): ""
- Partial charge: 0.205
- Atomic mass: 12.011
- Element guess: C
- Atomic number: 6
- Source file: oplsaa2024.lt


Atom Type Data:
- Atom index: 175
- Force field raw info: C  - CT   | C(R2OH): ""
- Partial charge: 0.265
- Atomic mass: 12.011
- Element guess: C
- Atomic number: 6
- Source file: oplsaa2024.lt


Atom Type Data:
- Atom index: 178
- Force field raw info: C  - C=   | diene =CR-RC=; see 150 also
- Partial charge: 0.0
- Atomic mass: 12.011
- Element guess: C
- Atomic number: 6
- Source file: oplsaa2024.lt


Atom Type Data:
- Atom index: 181
- Force field raw info: C  - CT   | C(H3OR): methyl ether
- Partial charge: 0.11
- Atomic mass: 12.011
- Element guess: C
- Atomic number: 6
- Source file: oplsaa2024.lt


Atom Type Data:
- Atom index: 182
- Force field raw info: C  - CT   | C(H2OR): ethyl ether
- Partial charge: 0.14
- Atomic mass: 12.011
- Element guess: C
- Atomic number: 6
- Source file: oplsaa2024.lt


Atom Type Data:
- Atom index: 183
- Force field raw info: C  - CT   | C(HOR): i-Pr ether
- Partial charge: 0.17
- Atomic mass: 12.011
- Element guess: C
- Atomic number: 6
- Source file: oplsaa2024.lt


Atom Type Data:
- Atom index: 184
- Force field raw info: C  - CT   | C(OR): t-Bu ether
- Partial charge: 0.2
- Atomic mass: 12.011
- Element guess: C
- Atomic number: 6
- Source file: oplsaa2024.lt
","[
  {
    ""atom_type"": 143,
    ""element"": ""C"",
    ""chemical_environment"": ""terminal vinyl carbon with two hydrogens (H2C=)"",
    ""functional_group"": ""alkene (vinyl CH2)"",
    ""hybridization"": ""sp2"",
    ""example_molecule_smiles"": ""C=CC"",
    ""group_smarts"": ""[C]=[C]"",
    ""atom_specific_smarts"": ""[CH2]=[C;X3]"",
    ""description"": ""The terminal alkene carbon bearing two hydrogens in a vinyl group; double-bonded to another sp2 carbon."",
    ""uncertainty"": ""10""
  },
  {
    ""atom_type"": 145,
    ""element"": ""C"",
    ""chemical_environment"": ""benzene ring carbon (non-fusion, non-ipso special cases)"",
    ""functional_group"": ""aromatic (benzene)"",
    ""hybridization"": ""sp2"",
    ""example_molecule_smiles"": ""c1ccccc1"",
    ""group_smarts"": ""[c;r6]"",
    ""atom_specific_smarts"": ""[$([cH](:a):a),$([c;H0](:a)(:a)[!a])]"",
    ""description"": ""A benzene ring carbon with exactly two aromatic neighbors; can be protonated (cH) or substituted by a non-aromatic atom/group; excludes fusion junction carbons with three aromatic neighbors."",
    ""uncertainty"": ""15""
  },
  {
    ""atom_type"": 147,
    ""element"": ""C"",
    ""chemical_environment"": ""fused PAH junction carbon (naphthalene fusion C9)"",
    ""functional_group"": ""aromatic (fused polycyclic junction)"",
    ""hybridization"": ""sp2"",
    ""example_molecule_smiles"": ""c1cccc2c1cccc2"",
    ""group_smarts"": ""[c;H0](:a)(:a):a"",
    ""atom_specific_smarts"": ""[c;H0](:a)(:a):a"",
    ""description"": ""A fusion (bridgehead) aromatic carbon with three aromatic neighbors as in naphthalene C1/C4 (C9 designation), no hydrogens."",
    ""uncertainty"": ""10""
  },
  {
    ""atom_type"": 148,
    ""element"": ""C"",
    ""chemical_environment"": ""benzylic methyl carbon (CH3 attached to an aromatic carbon)"",
    ""functional_group"": ""benzylic"",
    ""hybridization"": ""sp3"",
    ""example_molecule_smiles"": ""Cc1ccccc1"",
    ""group_smarts"": ""[CX4H3]-a"",
    ""atom_specific_smarts"": ""[CH3]-[c;r6]"",
    ""description"": ""Methyl carbon directly bonded to an aromatic ring (e.g., toluene benzylic CH3)."",
    ""uncertainty"": ""10""
  },
  {
    ""atom_type"": 149,
    ""element"": ""C"",
    ""chemical_environment"": ""benzylic methylene carbon (CH2 attached to an aromatic carbon)"",
    ""functional_group"": ""benzylic"",
    ""hybridization"": ""sp3"",
    ""example_molecule_smiles"": ""CCc1ccccc1"",
    ""group_smarts"": ""[CX4H2]-a"",
    ""atom_specific_smarts"": ""[CH2]-[c;r6]"",
    ""description"": ""Methylene carbon alpha to an aromatic ring as in ethylbenzene."",
    ""uncertainty"": ""10""
  },
  {
    ""atom_type"": 150,
    ""element"": ""C"",
    ""chemical_environment"": ""inner conjugated diene carbon with one hydrogen (=CH-CH=)"",
    ""functional_group"": ""conjugated diene"",
    ""hybridization"": ""sp2"",
    ""example_molecule_smiles"": ""C=CC=C"",
    ""group_smarts"": ""[C;X3](-[C;X3]=)[C;X3]="",
    ""atom_specific_smarts"": ""[CH;X3](-[C;X3]=)[C;X3]="",
    ""description"": ""An sp2 carbon in a 1,3-diene that has one H, is single-bonded to another sp2 diene carbon, and double-bonded to an sp2 carbon."",
    ""uncertainty"": ""20""
  },
  {
    ""atom_type"": 152,
    ""element"": ""C"",
    ""chemical_environment"": ""alkyl chloride methylene (RCH2Cl)"",
    ""functional_group"": ""alkyl chloride"",
    ""hybridization"": ""sp3"",
    ""example_molecule_smiles"": ""CCCl"",
    ""group_smarts"": ""[CX4H2]-Cl"",
    ""atom_specific_smarts"": ""[CH2](-Cl)-[#6]"",
    ""description"": ""The methylene carbon bearing chlorine and bonded to carbon (primary alkyl chloride)."",
    ""uncertainty"": ""10""
  },
  {
    ""atom_type"": 157,
    ""element"": ""C"",
    ""chemical_environment"": ""alpha carbon to hydroxyl in primary alcohols (CH3OH or R-CH2-OH)"",
    ""functional_group"": ""alcohol (primary)"",
    ""hybridization"": ""sp3"",
    ""example_molecule_smiles"": ""CCO"",
    ""group_smarts"": ""[CX4;H2,H3]-O[H]"",
    ""atom_specific_smarts"": ""[$([CH3]-O[H]),$([CH2](-[#6])-O[H])]"",
    ""description"": ""Primary alcohol carbon directly bonded to hydroxyl oxygen; either CH3 (methanol) or CH2 attached to one carbon."",
    ""uncertainty"": ""20""
  },
  {
    ""atom_type"": 158,
    ""element"": ""C"",
    ""chemical_environment"": ""alpha carbon to hydroxyl in secondary alcohols (CHOH)"",
    ""functional_group"": ""alcohol (secondary)"",
    ""hybridization"": ""sp3"",
    ""example_molecule_smiles"": ""CC(O)C"",
    ""group_smarts"": ""[CX4H]-O[H]"",
    ""atom_specific_smarts"": ""[CH](-[#6])(-[#6])-O[H]"",
    ""description"": ""Secondary alcohol carbon bearing OH and two carbon substituents, with one hydrogen."",
    ""uncertainty"": ""15""
  },
  {
    ""atom_type"": 159,
    ""element"": ""C"",
    ""chemical_environment"": ""alpha carbon to hydroxyl in tertiary alcohols (C(OH)R3, no hydrogens)"",
    ""functional_group"": ""alcohol (tertiary)"",
    ""hybridization"": ""sp3"",
    ""example_molecule_smiles"": ""CC(C)(O)C"",
    ""group_smarts"": ""[CX4H0]-O[H]"",
    ""atom_specific_smarts"": ""[C;X4;H0](-O[H])(-[#6])(-[#6])-[#6]"",
    ""description"": ""Tertiary alcohol carbon directly bonded to OH and three carbons; no hydrogens."",
    ""uncertainty"": ""15""
  },
  {
    ""atom_type"": 165,
    ""element"": ""C"",
    ""chemical_environment"": ""ipso aromatic carbon in styrene (ring carbon bonded to vinyl group)"",
    ""functional_group"": ""aromatic (styrenyl ipso)"",
    ""hybridization"": ""sp2"",
    ""example_molecule_smiles"": ""c1ccccc1C=C"",
    ""group_smarts"": ""[c;H0](-C=C)"",
    ""atom_specific_smarts"": ""[c;r6;H0](-C=C)(:a):a"",
    ""description"": ""The benzene ring carbon bonded to an alkenyl (vinyl) substituent as in styrene; has two aromatic neighbors and one alkenyl substituent."",
    ""uncertainty"": ""20""
  },
  {
    ""atom_type"": 166,
    ""element"": ""C"",
    ""chemical_environment"": ""phenolic ipso carbon (ring carbon bonded to OH)"",
    ""functional_group"": ""phenol"",
    ""hybridization"": ""sp2"",
    ""example_molecule_smiles"": ""Oc1ccccc1"",
    ""group_smarts"": ""[c;H0]-O[H]"",
    ""atom_specific_smarts"": ""[c;r6;H0]-O[H]"",
    ""description"": ""A benzene ring carbon directly bonded to hydroxyl oxygen (phenolic carbon)."",
    ""uncertainty"": ""10""
  },
  {
    ""atom_type"": 173,
    ""element"": ""C"",
    ""chemical_environment"": ""primary alcohol carbon in diols/triols (CH2OH within polyols)"",
    ""functional_group"": ""polyol (primary alcohol)"",
    ""hybridization"": ""sp3"",
    ""example_molecule_smiles"": ""OCCO"",
    ""group_smarts"": ""[CH2](-O[H])-[#6]-O[H]"",
    ""atom_specific_smarts"": ""[CH2](-O[H])-[#6]-O[H]"",
    ""description"": ""CH2 bearing OH where the adjacent carbon also bears OH (e.g., terminal carbons of ethylene glycol and related polyols)."",
    ""uncertainty"": ""35""
  },
  {
    ""atom_type"": 174,
    ""element"": ""C"",
    ""chemical_environment"": ""secondary alcohol carbon in diols/triols (CHROH within polyols)"",
    ""functional_group"": ""polyol (secondary alcohol)"",
    ""hybridization"": ""sp3"",
    ""example_molecule_smiles"": ""CC(O)CO"",
    ""group_smarts"": ""[CH](-O[H])(-[#6])-[#6;X4](-O[H])"",
    ""atom_specific_smarts"": ""[CH](-O[H])(-[#6])-[#6;X4](-O[H])"",
    ""description"": ""CHOH carbon in a polyol, attached to one hydrogen, one carbon substituent, and adjacent to a carbon that also bears OH (e.g., glycerol center)."",
    ""uncertainty"": ""40""
  },
  {
    ""atom_type"": 175,
    ""element"": ""C"",
    ""chemical_environment"": ""tertiary alcohol carbon in diols/triols (CR2OH within polyols, no hydrogens)"",
    ""functional_group"": ""polyol (tertiary alcohol)"",
    ""hybridization"": ""sp3"",
    ""example_molecule_smiles"": ""CC(C)(O)C(C)(O)C"",
    ""group_smarts"": ""[C;X4;H0](-O[H])(-[#6])-[#6;X4](-O[H])"",
    ""atom_specific_smarts"": ""[C;X4;H0](-O[H])(-[#6])-[#6;X4](-O[H])"",
    ""description"": ""Tertiary alcohol carbon directly bonded to OH and three carbons, in a diol/triol context (e.g., pinacol)."",
    ""uncertainty"": ""45""
  },
  {
    ""atom_type"": 178,
    ""element"": ""C"",
    ""chemical_environment"": ""inner conjugated diene carbon with no hydrogens (=CR-RC=)"",
    ""functional_group"": ""conjugated diene (fully substituted inner carbon)"",
    ""hybridization"": ""sp2"",
    ""example_molecule_smiles"": ""C=C(C)C=C"",
    ""group_smarts"": ""[C;X3;H0](-[C;X3]=)[C;X3]="",
    ""atom_specific_smarts"": ""[C;X3;H0](-[C;X3]=)[C;X3]="",
    ""description"": ""An sp2 inner 1,3-diene carbon that is single-bonded to another sp2 diene carbon, double-bonded to an sp2 carbon, and bears no hydrogens (substituted)."",
    ""uncertainty"": ""25""
  },
  {
    ""atom_type"": 181,
    ""element"": ""C"",
    ""chemical_environment"": ""methoxy carbon (CH3-O-R) in ethers"",
    ""functional_group"": ""ether (methyl ether)"",
    ""hybridization"": ""sp3"",
    ""example_molecule_smiles"": ""COC"",
    ""group_smarts"": ""[CH3]-[O;H0]-[#6]"",
    ""atom_specific_smarts"": ""[CH3]-[O;H0]-[#6]"",
    ""description"": ""Methyl carbon attached to a non-protonated ether oxygen."",
    ""uncertainty"": ""10""
  },
  {
    ""atom_type"": 182,
    ""element"": ""C"",
    ""chemical_environment"": ""ethoxy methylene (CH2-O-R) in ethers"",
    ""functional_group"": ""ether (ethyl ether segment)"",
    ""hybridization"": ""sp3"",
    ""example_molecule_smiles"": ""CCOC"",
    ""group_smarts"": ""[CH2]-[O;H0]-[#6]"",
    ""atom_specific_smarts"": ""[CH2]-[O;H0]-[#6]"",
    ""description"": ""Methylene carbon directly bonded to a non-protonated ether oxygen."",
    ""uncertainty"": ""10""
  },
  {
    ""atom_type"": 183,
    ""element"": ""C"",
    ""chemical_environment"": ""secondary alkyl ether alpha carbon (CH attached to O and two carbons)"",
    ""functional_group"": ""ether (secondary)"",
    ""hybridization"": ""sp3"",
    ""example_molecule_smiles"": ""COC(C)C"",
    ""group_smarts"": ""[CH](-[O;H0])(-[#6])-[#6]"",
    ""atom_specific_smarts"": ""[CH](-[O;H0])(-[#6])-[#6]"",
    ""description"": ""Secondary carbon directly bonded to ether oxygen and two carbon substituents (e.g., isopropyl ethers)."",
    ""uncertainty"": ""15""
  },
  {
    ""atom_type"": 184,
    ""element"": ""C"",
    ""chemical_environment"": ""tertiary alkyl ether alpha carbon (C attached to O and three carbons, no hydrogens)"",
    ""functional_group"": ""ether (tertiary, tert-butyl ether)"",
    ""hybridization"": ""sp3"",
    ""example_molecule_smiles"": ""COC(C)(C)C"",
    ""group_smarts"": ""[C;H0](-[O;H0])(-[#6])-[#6]"",
    ""atom_specific_smarts"": ""[C;H0](-[O;H0])(-[#6])-[#6]"",
    ""description"": ""Tertiary carbon directly bonded to a non-protonated ether oxygen and three carbons (e.g., tert-butyl ethers)."",
    ""uncertainty"": ""15""
  }
]"
175,0.265,"C  - CT   | C(R2OH): """,12.011,oplsaa2024.lt,C,6,"Convert the following OPLS-AA atom type rows:

Atom Type Data:
- Atom index: 143
- Force field raw info: C  - CM   | alkene C (H2-C=) all atom
- Partial charge: -0.23
- Atomic mass: 12.011
- Element guess: C
- Atomic number: 6
- Source file: oplsaa2024.lt


Atom Type Data:
- Atom index: 145
- Force field raw info: C  - CA   | Benzene C - 12 site OPLS/2020
- Partial charge: -0.115
- Atomic mass: 12.011
- Element guess: C
- Atomic number: 6
- Source file: oplsaa2024.lt


Atom Type Data:
- Atom index: 147
- Force field raw info: C  - CB   | Naphthalene fusion C (C9)
- Partial charge: 0.0
- Atomic mass: 12.011
- Element guess: C
- Atomic number: 6
- Source file: oplsaa2024.lt


Atom Type Data:
- Atom index: 148
- Force field raw info: C  - CT   | all-atom C: CH3, toluene
- Partial charge: -0.065
- Atomic mass: 12.011
- Element guess: C
- Atomic number: 6
- Source file: oplsaa2024.lt


Atom Type Data:
- Atom index: 149
- Force field raw info: C  - CT   | all-atom C: CH2, ethyl benzene
- Partial charge: -0.005
- Atomic mass: 12.011
- Element guess: C
- Atomic number: 6
- Source file: oplsaa2024.lt


Atom Type Data:
- Atom index: 150
- Force field raw info: C  - C=   | diene =CH-CH=; see 178 also
- Partial charge: -0.115
- Atomic mass: 12.011
- Element guess: C
- Atomic number: 6
- Source file: oplsaa2024.lt


Atom Type Data:
- Atom index: 152
- Force field raw info: C  - CT   | RCH2Cl "" ""
- Partial charge: -0.006
- Atomic mass: 12.011
- Element guess: C
- Atomic number: 6
- Source file: oplsaa2024.lt


Atom Type Data:
- Atom index: 157
- Force field raw info: C  - CT   | all-atom C: CH3 & CH2, prim. alcohols
- Partial charge: 0.145
- Atomic mass: 12.011
- Element guess: C
- Atomic number: 6
- Source file: oplsaa2024.lt


Atom Type Data:
- Atom index: 158
- Force field raw info: C  - CT   | all-atom C: CH, sec. alcohols
- Partial charge: 0.205
- Atomic mass: 12.011
- Element guess: C
- Atomic number: 6
- Source file: oplsaa2024.lt


Atom Type Data:
- Atom index: 159
- Force field raw info: C  - CT   | all-atom C: C, tert. alcohols OPLS/2020
- Partial charge: 0.232
- Atomic mass: 12.011
- Element guess: C
- Atomic number: 6
- Source file: oplsaa2024.lt


Atom Type Data:
- Atom index: 165
- Force field raw info: C  - CA   | Cipso in styrene
- Partial charge: 0.0
- Atomic mass: 12.011
- Element guess: C
- Atomic number: 6
- Source file: oplsaa2024.lt


Atom Type Data:
- Atom index: 166
- Force field raw info: C  - CA   | C(OH) phenol Use with all
- Partial charge: 0.1
- Atomic mass: 12.011
- Element guess: C
- Atomic number: 6
- Source file: oplsaa2024.lt


Atom Type Data:
- Atom index: 173
- Force field raw info: C  - CT   | C(H2OH): diols, triols
- Partial charge: 0.145
- Atomic mass: 12.011
- Element guess: C
- Atomic number: 6
- Source file: oplsaa2024.lt


Atom Type Data:
- Atom index: 174
- Force field raw info: C  - CT   | C(HROH): ""
- Partial charge: 0.205
- Atomic mass: 12.011
- Element guess: C
- Atomic number: 6
- Source file: oplsaa2024.lt


Atom Type Data:
- Atom index: 175
- Force field raw info: C  - CT   | C(R2OH): ""
- Partial charge: 0.265
- Atomic mass: 12.011
- Element guess: C
- Atomic number: 6
- Source file: oplsaa2024.lt


Atom Type Data:
- Atom index: 178
- Force field raw info: C  - C=   | diene =CR-RC=; see 150 also
- Partial charge: 0.0
- Atomic mass: 12.011
- Element guess: C
- Atomic number: 6
- Source file: oplsaa2024.lt


Atom Type Data:
- Atom index: 181
- Force field raw info: C  - CT   | C(H3OR): methyl ether
- Partial charge: 0.11
- Atomic mass: 12.011
- Element guess: C
- Atomic number: 6
- Source file: oplsaa2024.lt


Atom Type Data:
- Atom index: 182
- Force field raw info: C  - CT   | C(H2OR): ethyl ether
- Partial charge: 0.14
- Atomic mass: 12.011
- Element guess: C
- Atomic number: 6
- Source file: oplsaa2024.lt


Atom Type Data:
- Atom index: 183
- Force field raw info: C  - CT   | C(HOR): i-Pr ether
- Partial charge: 0.17
- Atomic mass: 12.011
- Element guess: C
- Atomic number: 6
- Source file: oplsaa2024.lt


Atom Type Data:
- Atom index: 184
- Force field raw info: C  - CT   | C(OR): t-Bu ether
- Partial charge: 0.2
- Atomic mass: 12.011
- Element guess: C
- Atomic number: 6
- Source file: oplsaa2024.lt
","[
  {
    ""atom_type"": 143,
    ""element"": ""C"",
    ""chemical_environment"": ""terminal vinyl carbon with two hydrogens (H2C=)"",
    ""functional_group"": ""alkene (vinyl CH2)"",
    ""hybridization"": ""sp2"",
    ""example_molecule_smiles"": ""C=CC"",
    ""group_smarts"": ""[C]=[C]"",
    ""atom_specific_smarts"": ""[CH2]=[C;X3]"",
    ""description"": ""The terminal alkene carbon bearing two hydrogens in a vinyl group; double-bonded to another sp2 carbon."",
    ""uncertainty"": ""10""
  },
  {
    ""atom_type"": 145,
    ""element"": ""C"",
    ""chemical_environment"": ""benzene ring carbon (non-fusion, non-ipso special cases)"",
    ""functional_group"": ""aromatic (benzene)"",
    ""hybridization"": ""sp2"",
    ""example_molecule_smiles"": ""c1ccccc1"",
    ""group_smarts"": ""[c;r6]"",
    ""atom_specific_smarts"": ""[$([cH](:a):a),$([c;H0](:a)(:a)[!a])]"",
    ""description"": ""A benzene ring carbon with exactly two aromatic neighbors; can be protonated (cH) or substituted by a non-aromatic atom/group; excludes fusion junction carbons with three aromatic neighbors."",
    ""uncertainty"": ""15""
  },
  {
    ""atom_type"": 147,
    ""element"": ""C"",
    ""chemical_environment"": ""fused PAH junction carbon (naphthalene fusion C9)"",
    ""functional_group"": ""aromatic (fused polycyclic junction)"",
    ""hybridization"": ""sp2"",
    ""example_molecule_smiles"": ""c1cccc2c1cccc2"",
    ""group_smarts"": ""[c;H0](:a)(:a):a"",
    ""atom_specific_smarts"": ""[c;H0](:a)(:a):a"",
    ""description"": ""A fusion (bridgehead) aromatic carbon with three aromatic neighbors as in naphthalene C1/C4 (C9 designation), no hydrogens."",
    ""uncertainty"": ""10""
  },
  {
    ""atom_type"": 148,
    ""element"": ""C"",
    ""chemical_environment"": ""benzylic methyl carbon (CH3 attached to an aromatic carbon)"",
    ""functional_group"": ""benzylic"",
    ""hybridization"": ""sp3"",
    ""example_molecule_smiles"": ""Cc1ccccc1"",
    ""group_smarts"": ""[CX4H3]-a"",
    ""atom_specific_smarts"": ""[CH3]-[c;r6]"",
    ""description"": ""Methyl carbon directly bonded to an aromatic ring (e.g., toluene benzylic CH3)."",
    ""uncertainty"": ""10""
  },
  {
    ""atom_type"": 149,
    ""element"": ""C"",
    ""chemical_environment"": ""benzylic methylene carbon (CH2 attached to an aromatic carbon)"",
    ""functional_group"": ""benzylic"",
    ""hybridization"": ""sp3"",
    ""example_molecule_smiles"": ""CCc1ccccc1"",
    ""group_smarts"": ""[CX4H2]-a"",
    ""atom_specific_smarts"": ""[CH2]-[c;r6]"",
    ""description"": ""Methylene carbon alpha to an aromatic ring as in ethylbenzene."",
    ""uncertainty"": ""10""
  },
  {
    ""atom_type"": 150,
    ""element"": ""C"",
    ""chemical_environment"": ""inner conjugated diene carbon with one hydrogen (=CH-CH=)"",
    ""functional_group"": ""conjugated diene"",
    ""hybridization"": ""sp2"",
    ""example_molecule_smiles"": ""C=CC=C"",
    ""group_smarts"": ""[C;X3](-[C;X3]=)[C;X3]="",
    ""atom_specific_smarts"": ""[CH;X3](-[C;X3]=)[C;X3]="",
    ""description"": ""An sp2 carbon in a 1,3-diene that has one H, is single-bonded to another sp2 diene carbon, and double-bonded to an sp2 carbon."",
    ""uncertainty"": ""20""
  },
  {
    ""atom_type"": 152,
    ""element"": ""C"",
    ""chemical_environment"": ""alkyl chloride methylene (RCH2Cl)"",
    ""functional_group"": ""alkyl chloride"",
    ""hybridization"": ""sp3"",
    ""example_molecule_smiles"": ""CCCl"",
    ""group_smarts"": ""[CX4H2]-Cl"",
    ""atom_specific_smarts"": ""[CH2](-Cl)-[#6]"",
    ""description"": ""The methylene carbon bearing chlorine and bonded to carbon (primary alkyl chloride)."",
    ""uncertainty"": ""10""
  },
  {
    ""atom_type"": 157,
    ""element"": ""C"",
    ""chemical_environment"": ""alpha carbon to hydroxyl in primary alcohols (CH3OH or R-CH2-OH)"",
    ""functional_group"": ""alcohol (primary)"",
    ""hybridization"": ""sp3"",
    ""example_molecule_smiles"": ""CCO"",
    ""group_smarts"": ""[CX4;H2,H3]-O[H]"",
    ""atom_specific_smarts"": ""[$([CH3]-O[H]),$([CH2](-[#6])-O[H])]"",
    ""description"": ""Primary alcohol carbon directly bonded to hydroxyl oxygen; either CH3 (methanol) or CH2 attached to one carbon."",
    ""uncertainty"": ""20""
  },
  {
    ""atom_type"": 158,
    ""element"": ""C"",
    ""chemical_environment"": ""alpha carbon to hydroxyl in secondary alcohols (CHOH)"",
    ""functional_group"": ""alcohol (secondary)"",
    ""hybridization"": ""sp3"",
    ""example_molecule_smiles"": ""CC(O)C"",
    ""group_smarts"": ""[CX4H]-O[H]"",
    ""atom_specific_smarts"": ""[CH](-[#6])(-[#6])-O[H]"",
    ""description"": ""Secondary alcohol carbon bearing OH and two carbon substituents, with one hydrogen."",
    ""uncertainty"": ""15""
  },
  {
    ""atom_type"": 159,
    ""element"": ""C"",
    ""chemical_environment"": ""alpha carbon to hydroxyl in tertiary alcohols (C(OH)R3, no hydrogens)"",
    ""functional_group"": ""alcohol (tertiary)"",
    ""hybridization"": ""sp3"",
    ""example_molecule_smiles"": ""CC(C)(O)C"",
    ""group_smarts"": ""[CX4H0]-O[H]"",
    ""atom_specific_smarts"": ""[C;X4;H0](-O[H])(-[#6])(-[#6])-[#6]"",
    ""description"": ""Tertiary alcohol carbon directly bonded to OH and three carbons; no hydrogens."",
    ""uncertainty"": ""15""
  },
  {
    ""atom_type"": 165,
    ""element"": ""C"",
    ""chemical_environment"": ""ipso aromatic carbon in styrene (ring carbon bonded to vinyl group)"",
    ""functional_group"": ""aromatic (styrenyl ipso)"",
    ""hybridization"": ""sp2"",
    ""example_molecule_smiles"": ""c1ccccc1C=C"",
    ""group_smarts"": ""[c;H0](-C=C)"",
    ""atom_specific_smarts"": ""[c;r6;H0](-C=C)(:a):a"",
    ""description"": ""The benzene ring carbon bonded to an alkenyl (vinyl) substituent as in styrene; has two aromatic neighbors and one alkenyl substituent."",
    ""uncertainty"": ""20""
  },
  {
    ""atom_type"": 166,
    ""element"": ""C"",
    ""chemical_environment"": ""phenolic ipso carbon (ring carbon bonded to OH)"",
    ""functional_group"": ""phenol"",
    ""hybridization"": ""sp2"",
    ""example_molecule_smiles"": ""Oc1ccccc1"",
    ""group_smarts"": ""[c;H0]-O[H]"",
    ""atom_specific_smarts"": ""[c;r6;H0]-O[H]"",
    ""description"": ""A benzene ring carbon directly bonded to hydroxyl oxygen (phenolic carbon)."",
    ""uncertainty"": ""10""
  },
  {
    ""atom_type"": 173,
    ""element"": ""C"",
    ""chemical_environment"": ""primary alcohol carbon in diols/triols (CH2OH within polyols)"",
    ""functional_group"": ""polyol (primary alcohol)"",
    ""hybridization"": ""sp3"",
    ""example_molecule_smiles"": ""OCCO"",
    ""group_smarts"": ""[CH2](-O[H])-[#6]-O[H]"",
    ""atom_specific_smarts"": ""[CH2](-O[H])-[#6]-O[H]"",
    ""description"": ""CH2 bearing OH where the adjacent carbon also bears OH (e.g., terminal carbons of ethylene glycol and related polyols)."",
    ""uncertainty"": ""35""
  },
  {
    ""atom_type"": 174,
    ""element"": ""C"",
    ""chemical_environment"": ""secondary alcohol carbon in diols/triols (CHROH within polyols)"",
    ""functional_group"": ""polyol (secondary alcohol)"",
    ""hybridization"": ""sp3"",
    ""example_molecule_smiles"": ""CC(O)CO"",
    ""group_smarts"": ""[CH](-O[H])(-[#6])-[#6;X4](-O[H])"",
    ""atom_specific_smarts"": ""[CH](-O[H])(-[#6])-[#6;X4](-O[H])"",
    ""description"": ""CHOH carbon in a polyol, attached to one hydrogen, one carbon substituent, and adjacent to a carbon that also bears OH (e.g., glycerol center)."",
    ""uncertainty"": ""40""
  },
  {
    ""atom_type"": 175,
    ""element"": ""C"",
    ""chemical_environment"": ""tertiary alcohol carbon in diols/triols (CR2OH within polyols, no hydrogens)"",
    ""functional_group"": ""polyol (tertiary alcohol)"",
    ""hybridization"": ""sp3"",
    ""example_molecule_smiles"": ""CC(C)(O)C(C)(O)C"",
    ""group_smarts"": ""[C;X4;H0](-O[H])(-[#6])-[#6;X4](-O[H])"",
    ""atom_specific_smarts"": ""[C;X4;H0](-O[H])(-[#6])-[#6;X4](-O[H])"",
    ""description"": ""Tertiary alcohol carbon directly bonded to OH and three carbons, in a diol/triol context (e.g., pinacol)."",
    ""uncertainty"": ""45""
  },
  {
    ""atom_type"": 178,
    ""element"": ""C"",
    ""chemical_environment"": ""inner conjugated diene carbon with no hydrogens (=CR-RC=)"",
    ""functional_group"": ""conjugated diene (fully substituted inner carbon)"",
    ""hybridization"": ""sp2"",
    ""example_molecule_smiles"": ""C=C(C)C=C"",
    ""group_smarts"": ""[C;X3;H0](-[C;X3]=)[C;X3]="",
    ""atom_specific_smarts"": ""[C;X3;H0](-[C;X3]=)[C;X3]="",
    ""description"": ""An sp2 inner 1,3-diene carbon that is single-bonded to another sp2 diene carbon, double-bonded to an sp2 carbon, and bears no hydrogens (substituted)."",
    ""uncertainty"": ""25""
  },
  {
    ""atom_type"": 181,
    ""element"": ""C"",
    ""chemical_environment"": ""methoxy carbon (CH3-O-R) in ethers"",
    ""functional_group"": ""ether (methyl ether)"",
    ""hybridization"": ""sp3"",
    ""example_molecule_smiles"": ""COC"",
    ""group_smarts"": ""[CH3]-[O;H0]-[#6]"",
    ""atom_specific_smarts"": ""[CH3]-[O;H0]-[#6]"",
    ""description"": ""Methyl carbon attached to a non-protonated ether oxygen."",
    ""uncertainty"": ""10""
  },
  {
    ""atom_type"": 182,
    ""element"": ""C"",
    ""chemical_environment"": ""ethoxy methylene (CH2-O-R) in ethers"",
    ""functional_group"": ""ether (ethyl ether segment)"",
    ""hybridization"": ""sp3"",
    ""example_molecule_smiles"": ""CCOC"",
    ""group_smarts"": ""[CH2]-[O;H0]-[#6]"",
    ""atom_specific_smarts"": ""[CH2]-[O;H0]-[#6]"",
    ""description"": ""Methylene carbon directly bonded to a non-protonated ether oxygen."",
    ""uncertainty"": ""10""
  },
  {
    ""atom_type"": 183,
    ""element"": ""C"",
    ""chemical_environment"": ""secondary alkyl ether alpha carbon (CH attached to O and two carbons)"",
    ""functional_group"": ""ether (secondary)"",
    ""hybridization"": ""sp3"",
    ""example_molecule_smiles"": ""COC(C)C"",
    ""group_smarts"": ""[CH](-[O;H0])(-[#6])-[#6]"",
    ""atom_specific_smarts"": ""[CH](-[O;H0])(-[#6])-[#6]"",
    ""description"": ""Secondary carbon directly bonded to ether oxygen and two carbon substituents (e.g., isopropyl ethers)."",
    ""uncertainty"": ""15""
  },
  {
    ""atom_type"": 184,
    ""element"": ""C"",
    ""chemical_environment"": ""tertiary alkyl ether alpha carbon (C attached to O and three carbons, no hydrogens)"",
    ""functional_group"": ""ether (tertiary, tert-butyl ether)"",
    ""hybridization"": ""sp3"",
    ""example_molecule_smiles"": ""COC(C)(C)C"",
    ""group_smarts"": ""[C;H0](-[O;H0])(-[#6])-[#6]"",
    ""atom_specific_smarts"": ""[C;H0](-[O;H0])(-[#6])-[#6]"",
    ""description"": ""Tertiary carbon directly bonded to a non-protonated ether oxygen and three carbons (e.g., tert-butyl ethers)."",
    ""uncertainty"": ""15""
  }
]"
178,0.0,C  - C=   | diene =CR-RC=; see 150 also,12.011,oplsaa2024.lt,C,6,"Convert the following OPLS-AA atom type rows:

Atom Type Data:
- Atom index: 143
- Force field raw info: C  - CM   | alkene C (H2-C=) all atom
- Partial charge: -0.23
- Atomic mass: 12.011
- Element guess: C
- Atomic number: 6
- Source file: oplsaa2024.lt


Atom Type Data:
- Atom index: 145
- Force field raw info: C  - CA   | Benzene C - 12 site OPLS/2020
- Partial charge: -0.115
- Atomic mass: 12.011
- Element guess: C
- Atomic number: 6
- Source file: oplsaa2024.lt


Atom Type Data:
- Atom index: 147
- Force field raw info: C  - CB   | Naphthalene fusion C (C9)
- Partial charge: 0.0
- Atomic mass: 12.011
- Element guess: C
- Atomic number: 6
- Source file: oplsaa2024.lt


Atom Type Data:
- Atom index: 148
- Force field raw info: C  - CT   | all-atom C: CH3, toluene
- Partial charge: -0.065
- Atomic mass: 12.011
- Element guess: C
- Atomic number: 6
- Source file: oplsaa2024.lt


Atom Type Data:
- Atom index: 149
- Force field raw info: C  - CT   | all-atom C: CH2, ethyl benzene
- Partial charge: -0.005
- Atomic mass: 12.011
- Element guess: C
- Atomic number: 6
- Source file: oplsaa2024.lt


Atom Type Data:
- Atom index: 150
- Force field raw info: C  - C=   | diene =CH-CH=; see 178 also
- Partial charge: -0.115
- Atomic mass: 12.011
- Element guess: C
- Atomic number: 6
- Source file: oplsaa2024.lt


Atom Type Data:
- Atom index: 152
- Force field raw info: C  - CT   | RCH2Cl "" ""
- Partial charge: -0.006
- Atomic mass: 12.011
- Element guess: C
- Atomic number: 6
- Source file: oplsaa2024.lt


Atom Type Data:
- Atom index: 157
- Force field raw info: C  - CT   | all-atom C: CH3 & CH2, prim. alcohols
- Partial charge: 0.145
- Atomic mass: 12.011
- Element guess: C
- Atomic number: 6
- Source file: oplsaa2024.lt


Atom Type Data:
- Atom index: 158
- Force field raw info: C  - CT   | all-atom C: CH, sec. alcohols
- Partial charge: 0.205
- Atomic mass: 12.011
- Element guess: C
- Atomic number: 6
- Source file: oplsaa2024.lt


Atom Type Data:
- Atom index: 159
- Force field raw info: C  - CT   | all-atom C: C, tert. alcohols OPLS/2020
- Partial charge: 0.232
- Atomic mass: 12.011
- Element guess: C
- Atomic number: 6
- Source file: oplsaa2024.lt


Atom Type Data:
- Atom index: 165
- Force field raw info: C  - CA   | Cipso in styrene
- Partial charge: 0.0
- Atomic mass: 12.011
- Element guess: C
- Atomic number: 6
- Source file: oplsaa2024.lt


Atom Type Data:
- Atom index: 166
- Force field raw info: C  - CA   | C(OH) phenol Use with all
- Partial charge: 0.1
- Atomic mass: 12.011
- Element guess: C
- Atomic number: 6
- Source file: oplsaa2024.lt


Atom Type Data:
- Atom index: 173
- Force field raw info: C  - CT   | C(H2OH): diols, triols
- Partial charge: 0.145
- Atomic mass: 12.011
- Element guess: C
- Atomic number: 6
- Source file: oplsaa2024.lt


Atom Type Data:
- Atom index: 174
- Force field raw info: C  - CT   | C(HROH): ""
- Partial charge: 0.205
- Atomic mass: 12.011
- Element guess: C
- Atomic number: 6
- Source file: oplsaa2024.lt


Atom Type Data:
- Atom index: 175
- Force field raw info: C  - CT   | C(R2OH): ""
- Partial charge: 0.265
- Atomic mass: 12.011
- Element guess: C
- Atomic number: 6
- Source file: oplsaa2024.lt


Atom Type Data:
- Atom index: 178
- Force field raw info: C  - C=   | diene =CR-RC=; see 150 also
- Partial charge: 0.0
- Atomic mass: 12.011
- Element guess: C
- Atomic number: 6
- Source file: oplsaa2024.lt


Atom Type Data:
- Atom index: 181
- Force field raw info: C  - CT   | C(H3OR): methyl ether
- Partial charge: 0.11
- Atomic mass: 12.011
- Element guess: C
- Atomic number: 6
- Source file: oplsaa2024.lt


Atom Type Data:
- Atom index: 182
- Force field raw info: C  - CT   | C(H2OR): ethyl ether
- Partial charge: 0.14
- Atomic mass: 12.011
- Element guess: C
- Atomic number: 6
- Source file: oplsaa2024.lt


Atom Type Data:
- Atom index: 183
- Force field raw info: C  - CT   | C(HOR): i-Pr ether
- Partial charge: 0.17
- Atomic mass: 12.011
- Element guess: C
- Atomic number: 6
- Source file: oplsaa2024.lt


Atom Type Data:
- Atom index: 184
- Force field raw info: C  - CT   | C(OR): t-Bu ether
- Partial charge: 0.2
- Atomic mass: 12.011
- Element guess: C
- Atomic number: 6
- Source file: oplsaa2024.lt
","[
  {
    ""atom_type"": 143,
    ""element"": ""C"",
    ""chemical_environment"": ""terminal vinyl carbon with two hydrogens (H2C=)"",
    ""functional_group"": ""alkene (vinyl CH2)"",
    ""hybridization"": ""sp2"",
    ""example_molecule_smiles"": ""C=CC"",
    ""group_smarts"": ""[C]=[C]"",
    ""atom_specific_smarts"": ""[CH2]=[C;X3]"",
    ""description"": ""The terminal alkene carbon bearing two hydrogens in a vinyl group; double-bonded to another sp2 carbon."",
    ""uncertainty"": ""10""
  },
  {
    ""atom_type"": 145,
    ""element"": ""C"",
    ""chemical_environment"": ""benzene ring carbon (non-fusion, non-ipso special cases)"",
    ""functional_group"": ""aromatic (benzene)"",
    ""hybridization"": ""sp2"",
    ""example_molecule_smiles"": ""c1ccccc1"",
    ""group_smarts"": ""[c;r6]"",
    ""atom_specific_smarts"": ""[$([cH](:a):a),$([c;H0](:a)(:a)[!a])]"",
    ""description"": ""A benzene ring carbon with exactly two aromatic neighbors; can be protonated (cH) or substituted by a non-aromatic atom/group; excludes fusion junction carbons with three aromatic neighbors."",
    ""uncertainty"": ""15""
  },
  {
    ""atom_type"": 147,
    ""element"": ""C"",
    ""chemical_environment"": ""fused PAH junction carbon (naphthalene fusion C9)"",
    ""functional_group"": ""aromatic (fused polycyclic junction)"",
    ""hybridization"": ""sp2"",
    ""example_molecule_smiles"": ""c1cccc2c1cccc2"",
    ""group_smarts"": ""[c;H0](:a)(:a):a"",
    ""atom_specific_smarts"": ""[c;H0](:a)(:a):a"",
    ""description"": ""A fusion (bridgehead) aromatic carbon with three aromatic neighbors as in naphthalene C1/C4 (C9 designation), no hydrogens."",
    ""uncertainty"": ""10""
  },
  {
    ""atom_type"": 148,
    ""element"": ""C"",
    ""chemical_environment"": ""benzylic methyl carbon (CH3 attached to an aromatic carbon)"",
    ""functional_group"": ""benzylic"",
    ""hybridization"": ""sp3"",
    ""example_molecule_smiles"": ""Cc1ccccc1"",
    ""group_smarts"": ""[CX4H3]-a"",
    ""atom_specific_smarts"": ""[CH3]-[c;r6]"",
    ""description"": ""Methyl carbon directly bonded to an aromatic ring (e.g., toluene benzylic CH3)."",
    ""uncertainty"": ""10""
  },
  {
    ""atom_type"": 149,
    ""element"": ""C"",
    ""chemical_environment"": ""benzylic methylene carbon (CH2 attached to an aromatic carbon)"",
    ""functional_group"": ""benzylic"",
    ""hybridization"": ""sp3"",
    ""example_molecule_smiles"": ""CCc1ccccc1"",
    ""group_smarts"": ""[CX4H2]-a"",
    ""atom_specific_smarts"": ""[CH2]-[c;r6]"",
    ""description"": ""Methylene carbon alpha to an aromatic ring as in ethylbenzene."",
    ""uncertainty"": ""10""
  },
  {
    ""atom_type"": 150,
    ""element"": ""C"",
    ""chemical_environment"": ""inner conjugated diene carbon with one hydrogen (=CH-CH=)"",
    ""functional_group"": ""conjugated diene"",
    ""hybridization"": ""sp2"",
    ""example_molecule_smiles"": ""C=CC=C"",
    ""group_smarts"": ""[C;X3](-[C;X3]=)[C;X3]="",
    ""atom_specific_smarts"": ""[CH;X3](-[C;X3]=)[C;X3]="",
    ""description"": ""An sp2 carbon in a 1,3-diene that has one H, is single-bonded to another sp2 diene carbon, and double-bonded to an sp2 carbon."",
    ""uncertainty"": ""20""
  },
  {
    ""atom_type"": 152,
    ""element"": ""C"",
    ""chemical_environment"": ""alkyl chloride methylene (RCH2Cl)"",
    ""functional_group"": ""alkyl chloride"",
    ""hybridization"": ""sp3"",
    ""example_molecule_smiles"": ""CCCl"",
    ""group_smarts"": ""[CX4H2]-Cl"",
    ""atom_specific_smarts"": ""[CH2](-Cl)-[#6]"",
    ""description"": ""The methylene carbon bearing chlorine and bonded to carbon (primary alkyl chloride)."",
    ""uncertainty"": ""10""
  },
  {
    ""atom_type"": 157,
    ""element"": ""C"",
    ""chemical_environment"": ""alpha carbon to hydroxyl in primary alcohols (CH3OH or R-CH2-OH)"",
    ""functional_group"": ""alcohol (primary)"",
    ""hybridization"": ""sp3"",
    ""example_molecule_smiles"": ""CCO"",
    ""group_smarts"": ""[CX4;H2,H3]-O[H]"",
    ""atom_specific_smarts"": ""[$([CH3]-O[H]),$([CH2](-[#6])-O[H])]"",
    ""description"": ""Primary alcohol carbon directly bonded to hydroxyl oxygen; either CH3 (methanol) or CH2 attached to one carbon."",
    ""uncertainty"": ""20""
  },
  {
    ""atom_type"": 158,
    ""element"": ""C"",
    ""chemical_environment"": ""alpha carbon to hydroxyl in secondary alcohols (CHOH)"",
    ""functional_group"": ""alcohol (secondary)"",
    ""hybridization"": ""sp3"",
    ""example_molecule_smiles"": ""CC(O)C"",
    ""group_smarts"": ""[CX4H]-O[H]"",
    ""atom_specific_smarts"": ""[CH](-[#6])(-[#6])-O[H]"",
    ""description"": ""Secondary alcohol carbon bearing OH and two carbon substituents, with one hydrogen."",
    ""uncertainty"": ""15""
  },
  {
    ""atom_type"": 159,
    ""element"": ""C"",
    ""chemical_environment"": ""alpha carbon to hydroxyl in tertiary alcohols (C(OH)R3, no hydrogens)"",
    ""functional_group"": ""alcohol (tertiary)"",
    ""hybridization"": ""sp3"",
    ""example_molecule_smiles"": ""CC(C)(O)C"",
    ""group_smarts"": ""[CX4H0]-O[H]"",
    ""atom_specific_smarts"": ""[C;X4;H0](-O[H])(-[#6])(-[#6])-[#6]"",
    ""description"": ""Tertiary alcohol carbon directly bonded to OH and three carbons; no hydrogens."",
    ""uncertainty"": ""15""
  },
  {
    ""atom_type"": 165,
    ""element"": ""C"",
    ""chemical_environment"": ""ipso aromatic carbon in styrene (ring carbon bonded to vinyl group)"",
    ""functional_group"": ""aromatic (styrenyl ipso)"",
    ""hybridization"": ""sp2"",
    ""example_molecule_smiles"": ""c1ccccc1C=C"",
    ""group_smarts"": ""[c;H0](-C=C)"",
    ""atom_specific_smarts"": ""[c;r6;H0](-C=C)(:a):a"",
    ""description"": ""The benzene ring carbon bonded to an alkenyl (vinyl) substituent as in styrene; has two aromatic neighbors and one alkenyl substituent."",
    ""uncertainty"": ""20""
  },
  {
    ""atom_type"": 166,
    ""element"": ""C"",
    ""chemical_environment"": ""phenolic ipso carbon (ring carbon bonded to OH)"",
    ""functional_group"": ""phenol"",
    ""hybridization"": ""sp2"",
    ""example_molecule_smiles"": ""Oc1ccccc1"",
    ""group_smarts"": ""[c;H0]-O[H]"",
    ""atom_specific_smarts"": ""[c;r6;H0]-O[H]"",
    ""description"": ""A benzene ring carbon directly bonded to hydroxyl oxygen (phenolic carbon)."",
    ""uncertainty"": ""10""
  },
  {
    ""atom_type"": 173,
    ""element"": ""C"",
    ""chemical_environment"": ""primary alcohol carbon in diols/triols (CH2OH within polyols)"",
    ""functional_group"": ""polyol (primary alcohol)"",
    ""hybridization"": ""sp3"",
    ""example_molecule_smiles"": ""OCCO"",
    ""group_smarts"": ""[CH2](-O[H])-[#6]-O[H]"",
    ""atom_specific_smarts"": ""[CH2](-O[H])-[#6]-O[H]"",
    ""description"": ""CH2 bearing OH where the adjacent carbon also bears OH (e.g., terminal carbons of ethylene glycol and related polyols)."",
    ""uncertainty"": ""35""
  },
  {
    ""atom_type"": 174,
    ""element"": ""C"",
    ""chemical_environment"": ""secondary alcohol carbon in diols/triols (CHROH within polyols)"",
    ""functional_group"": ""polyol (secondary alcohol)"",
    ""hybridization"": ""sp3"",
    ""example_molecule_smiles"": ""CC(O)CO"",
    ""group_smarts"": ""[CH](-O[H])(-[#6])-[#6;X4](-O[H])"",
    ""atom_specific_smarts"": ""[CH](-O[H])(-[#6])-[#6;X4](-O[H])"",
    ""description"": ""CHOH carbon in a polyol, attached to one hydrogen, one carbon substituent, and adjacent to a carbon that also bears OH (e.g., glycerol center)."",
    ""uncertainty"": ""40""
  },
  {
    ""atom_type"": 175,
    ""element"": ""C"",
    ""chemical_environment"": ""tertiary alcohol carbon in diols/triols (CR2OH within polyols, no hydrogens)"",
    ""functional_group"": ""polyol (tertiary alcohol)"",
    ""hybridization"": ""sp3"",
    ""example_molecule_smiles"": ""CC(C)(O)C(C)(O)C"",
    ""group_smarts"": ""[C;X4;H0](-O[H])(-[#6])-[#6;X4](-O[H])"",
    ""atom_specific_smarts"": ""[C;X4;H0](-O[H])(-[#6])-[#6;X4](-O[H])"",
    ""description"": ""Tertiary alcohol carbon directly bonded to OH and three carbons, in a diol/triol context (e.g., pinacol)."",
    ""uncertainty"": ""45""
  },
  {
    ""atom_type"": 178,
    ""element"": ""C"",
    ""chemical_environment"": ""inner conjugated diene carbon with no hydrogens (=CR-RC=)"",
    ""functional_group"": ""conjugated diene (fully substituted inner carbon)"",
    ""hybridization"": ""sp2"",
    ""example_molecule_smiles"": ""C=C(C)C=C"",
    ""group_smarts"": ""[C;X3;H0](-[C;X3]=)[C;X3]="",
    ""atom_specific_smarts"": ""[C;X3;H0](-[C;X3]=)[C;X3]="",
    ""description"": ""An sp2 inner 1,3-diene carbon that is single-bonded to another sp2 diene carbon, double-bonded to an sp2 carbon, and bears no hydrogens (substituted)."",
    ""uncertainty"": ""25""
  },
  {
    ""atom_type"": 181,
    ""element"": ""C"",
    ""chemical_environment"": ""methoxy carbon (CH3-O-R) in ethers"",
    ""functional_group"": ""ether (methyl ether)"",
    ""hybridization"": ""sp3"",
    ""example_molecule_smiles"": ""COC"",
    ""group_smarts"": ""[CH3]-[O;H0]-[#6]"",
    ""atom_specific_smarts"": ""[CH3]-[O;H0]-[#6]"",
    ""description"": ""Methyl carbon attached to a non-protonated ether oxygen."",
    ""uncertainty"": ""10""
  },
  {
    ""atom_type"": 182,
    ""element"": ""C"",
    ""chemical_environment"": ""ethoxy methylene (CH2-O-R) in ethers"",
    ""functional_group"": ""ether (ethyl ether segment)"",
    ""hybridization"": ""sp3"",
    ""example_molecule_smiles"": ""CCOC"",
    ""group_smarts"": ""[CH2]-[O;H0]-[#6]"",
    ""atom_specific_smarts"": ""[CH2]-[O;H0]-[#6]"",
    ""description"": ""Methylene carbon directly bonded to a non-protonated ether oxygen."",
    ""uncertainty"": ""10""
  },
  {
    ""atom_type"": 183,
    ""element"": ""C"",
    ""chemical_environment"": ""secondary alkyl ether alpha carbon (CH attached to O and two carbons)"",
    ""functional_group"": ""ether (secondary)"",
    ""hybridization"": ""sp3"",
    ""example_molecule_smiles"": ""COC(C)C"",
    ""group_smarts"": ""[CH](-[O;H0])(-[#6])-[#6]"",
    ""atom_specific_smarts"": ""[CH](-[O;H0])(-[#6])-[#6]"",
    ""description"": ""Secondary carbon directly bonded to ether oxygen and two carbon substituents (e.g., isopropyl ethers)."",
    ""uncertainty"": ""15""
  },
  {
    ""atom_type"": 184,
    ""element"": ""C"",
    ""chemical_environment"": ""tertiary alkyl ether alpha carbon (C attached to O and three carbons, no hydrogens)"",
    ""functional_group"": ""ether (tertiary, tert-butyl ether)"",
    ""hybridization"": ""sp3"",
    ""example_molecule_smiles"": ""COC(C)(C)C"",
    ""group_smarts"": ""[C;H0](-[O;H0])(-[#6])-[#6]"",
    ""atom_specific_smarts"": ""[C;H0](-[O;H0])(-[#6])-[#6]"",
    ""description"": ""Tertiary carbon directly bonded to a non-protonated ether oxygen and three carbons (e.g., tert-butyl ethers)."",
    ""uncertainty"": ""15""
  }
]"
181,0.11,C  - CT   | C(H3OR): methyl ether,12.011,oplsaa2024.lt,C,6,"Convert the following OPLS-AA atom type rows:

Atom Type Data:
- Atom index: 143
- Force field raw info: C  - CM   | alkene C (H2-C=) all atom
- Partial charge: -0.23
- Atomic mass: 12.011
- Element guess: C
- Atomic number: 6
- Source file: oplsaa2024.lt


Atom Type Data:
- Atom index: 145
- Force field raw info: C  - CA   | Benzene C - 12 site OPLS/2020
- Partial charge: -0.115
- Atomic mass: 12.011
- Element guess: C
- Atomic number: 6
- Source file: oplsaa2024.lt


Atom Type Data:
- Atom index: 147
- Force field raw info: C  - CB   | Naphthalene fusion C (C9)
- Partial charge: 0.0
- Atomic mass: 12.011
- Element guess: C
- Atomic number: 6
- Source file: oplsaa2024.lt


Atom Type Data:
- Atom index: 148
- Force field raw info: C  - CT   | all-atom C: CH3, toluene
- Partial charge: -0.065
- Atomic mass: 12.011
- Element guess: C
- Atomic number: 6
- Source file: oplsaa2024.lt


Atom Type Data:
- Atom index: 149
- Force field raw info: C  - CT   | all-atom C: CH2, ethyl benzene
- Partial charge: -0.005
- Atomic mass: 12.011
- Element guess: C
- Atomic number: 6
- Source file: oplsaa2024.lt


Atom Type Data:
- Atom index: 150
- Force field raw info: C  - C=   | diene =CH-CH=; see 178 also
- Partial charge: -0.115
- Atomic mass: 12.011
- Element guess: C
- Atomic number: 6
- Source file: oplsaa2024.lt


Atom Type Data:
- Atom index: 152
- Force field raw info: C  - CT   | RCH2Cl "" ""
- Partial charge: -0.006
- Atomic mass: 12.011
- Element guess: C
- Atomic number: 6
- Source file: oplsaa2024.lt


Atom Type Data:
- Atom index: 157
- Force field raw info: C  - CT   | all-atom C: CH3 & CH2, prim. alcohols
- Partial charge: 0.145
- Atomic mass: 12.011
- Element guess: C
- Atomic number: 6
- Source file: oplsaa2024.lt


Atom Type Data:
- Atom index: 158
- Force field raw info: C  - CT   | all-atom C: CH, sec. alcohols
- Partial charge: 0.205
- Atomic mass: 12.011
- Element guess: C
- Atomic number: 6
- Source file: oplsaa2024.lt


Atom Type Data:
- Atom index: 159
- Force field raw info: C  - CT   | all-atom C: C, tert. alcohols OPLS/2020
- Partial charge: 0.232
- Atomic mass: 12.011
- Element guess: C
- Atomic number: 6
- Source file: oplsaa2024.lt


Atom Type Data:
- Atom index: 165
- Force field raw info: C  - CA   | Cipso in styrene
- Partial charge: 0.0
- Atomic mass: 12.011
- Element guess: C
- Atomic number: 6
- Source file: oplsaa2024.lt


Atom Type Data:
- Atom index: 166
- Force field raw info: C  - CA   | C(OH) phenol Use with all
- Partial charge: 0.1
- Atomic mass: 12.011
- Element guess: C
- Atomic number: 6
- Source file: oplsaa2024.lt


Atom Type Data:
- Atom index: 173
- Force field raw info: C  - CT   | C(H2OH): diols, triols
- Partial charge: 0.145
- Atomic mass: 12.011
- Element guess: C
- Atomic number: 6
- Source file: oplsaa2024.lt


Atom Type Data:
- Atom index: 174
- Force field raw info: C  - CT   | C(HROH): ""
- Partial charge: 0.205
- Atomic mass: 12.011
- Element guess: C
- Atomic number: 6
- Source file: oplsaa2024.lt


Atom Type Data:
- Atom index: 175
- Force field raw info: C  - CT   | C(R2OH): ""
- Partial charge: 0.265
- Atomic mass: 12.011
- Element guess: C
- Atomic number: 6
- Source file: oplsaa2024.lt


Atom Type Data:
- Atom index: 178
- Force field raw info: C  - C=   | diene =CR-RC=; see 150 also
- Partial charge: 0.0
- Atomic mass: 12.011
- Element guess: C
- Atomic number: 6
- Source file: oplsaa2024.lt


Atom Type Data:
- Atom index: 181
- Force field raw info: C  - CT   | C(H3OR): methyl ether
- Partial charge: 0.11
- Atomic mass: 12.011
- Element guess: C
- Atomic number: 6
- Source file: oplsaa2024.lt


Atom Type Data:
- Atom index: 182
- Force field raw info: C  - CT   | C(H2OR): ethyl ether
- Partial charge: 0.14
- Atomic mass: 12.011
- Element guess: C
- Atomic number: 6
- Source file: oplsaa2024.lt


Atom Type Data:
- Atom index: 183
- Force field raw info: C  - CT   | C(HOR): i-Pr ether
- Partial charge: 0.17
- Atomic mass: 12.011
- Element guess: C
- Atomic number: 6
- Source file: oplsaa2024.lt


Atom Type Data:
- Atom index: 184
- Force field raw info: C  - CT   | C(OR): t-Bu ether
- Partial charge: 0.2
- Atomic mass: 12.011
- Element guess: C
- Atomic number: 6
- Source file: oplsaa2024.lt
","[
  {
    ""atom_type"": 143,
    ""element"": ""C"",
    ""chemical_environment"": ""terminal vinyl carbon with two hydrogens (H2C=)"",
    ""functional_group"": ""alkene (vinyl CH2)"",
    ""hybridization"": ""sp2"",
    ""example_molecule_smiles"": ""C=CC"",
    ""group_smarts"": ""[C]=[C]"",
    ""atom_specific_smarts"": ""[CH2]=[C;X3]"",
    ""description"": ""The terminal alkene carbon bearing two hydrogens in a vinyl group; double-bonded to another sp2 carbon."",
    ""uncertainty"": ""10""
  },
  {
    ""atom_type"": 145,
    ""element"": ""C"",
    ""chemical_environment"": ""benzene ring carbon (non-fusion, non-ipso special cases)"",
    ""functional_group"": ""aromatic (benzene)"",
    ""hybridization"": ""sp2"",
    ""example_molecule_smiles"": ""c1ccccc1"",
    ""group_smarts"": ""[c;r6]"",
    ""atom_specific_smarts"": ""[$([cH](:a):a),$([c;H0](:a)(:a)[!a])]"",
    ""description"": ""A benzene ring carbon with exactly two aromatic neighbors; can be protonated (cH) or substituted by a non-aromatic atom/group; excludes fusion junction carbons with three aromatic neighbors."",
    ""uncertainty"": ""15""
  },
  {
    ""atom_type"": 147,
    ""element"": ""C"",
    ""chemical_environment"": ""fused PAH junction carbon (naphthalene fusion C9)"",
    ""functional_group"": ""aromatic (fused polycyclic junction)"",
    ""hybridization"": ""sp2"",
    ""example_molecule_smiles"": ""c1cccc2c1cccc2"",
    ""group_smarts"": ""[c;H0](:a)(:a):a"",
    ""atom_specific_smarts"": ""[c;H0](:a)(:a):a"",
    ""description"": ""A fusion (bridgehead) aromatic carbon with three aromatic neighbors as in naphthalene C1/C4 (C9 designation), no hydrogens."",
    ""uncertainty"": ""10""
  },
  {
    ""atom_type"": 148,
    ""element"": ""C"",
    ""chemical_environment"": ""benzylic methyl carbon (CH3 attached to an aromatic carbon)"",
    ""functional_group"": ""benzylic"",
    ""hybridization"": ""sp3"",
    ""example_molecule_smiles"": ""Cc1ccccc1"",
    ""group_smarts"": ""[CX4H3]-a"",
    ""atom_specific_smarts"": ""[CH3]-[c;r6]"",
    ""description"": ""Methyl carbon directly bonded to an aromatic ring (e.g., toluene benzylic CH3)."",
    ""uncertainty"": ""10""
  },
  {
    ""atom_type"": 149,
    ""element"": ""C"",
    ""chemical_environment"": ""benzylic methylene carbon (CH2 attached to an aromatic carbon)"",
    ""functional_group"": ""benzylic"",
    ""hybridization"": ""sp3"",
    ""example_molecule_smiles"": ""CCc1ccccc1"",
    ""group_smarts"": ""[CX4H2]-a"",
    ""atom_specific_smarts"": ""[CH2]-[c;r6]"",
    ""description"": ""Methylene carbon alpha to an aromatic ring as in ethylbenzene."",
    ""uncertainty"": ""10""
  },
  {
    ""atom_type"": 150,
    ""element"": ""C"",
    ""chemical_environment"": ""inner conjugated diene carbon with one hydrogen (=CH-CH=)"",
    ""functional_group"": ""conjugated diene"",
    ""hybridization"": ""sp2"",
    ""example_molecule_smiles"": ""C=CC=C"",
    ""group_smarts"": ""[C;X3](-[C;X3]=)[C;X3]="",
    ""atom_specific_smarts"": ""[CH;X3](-[C;X3]=)[C;X3]="",
    ""description"": ""An sp2 carbon in a 1,3-diene that has one H, is single-bonded to another sp2 diene carbon, and double-bonded to an sp2 carbon."",
    ""uncertainty"": ""20""
  },
  {
    ""atom_type"": 152,
    ""element"": ""C"",
    ""chemical_environment"": ""alkyl chloride methylene (RCH2Cl)"",
    ""functional_group"": ""alkyl chloride"",
    ""hybridization"": ""sp3"",
    ""example_molecule_smiles"": ""CCCl"",
    ""group_smarts"": ""[CX4H2]-Cl"",
    ""atom_specific_smarts"": ""[CH2](-Cl)-[#6]"",
    ""description"": ""The methylene carbon bearing chlorine and bonded to carbon (primary alkyl chloride)."",
    ""uncertainty"": ""10""
  },
  {
    ""atom_type"": 157,
    ""element"": ""C"",
    ""chemical_environment"": ""alpha carbon to hydroxyl in primary alcohols (CH3OH or R-CH2-OH)"",
    ""functional_group"": ""alcohol (primary)"",
    ""hybridization"": ""sp3"",
    ""example_molecule_smiles"": ""CCO"",
    ""group_smarts"": ""[CX4;H2,H3]-O[H]"",
    ""atom_specific_smarts"": ""[$([CH3]-O[H]),$([CH2](-[#6])-O[H])]"",
    ""description"": ""Primary alcohol carbon directly bonded to hydroxyl oxygen; either CH3 (methanol) or CH2 attached to one carbon."",
    ""uncertainty"": ""20""
  },
  {
    ""atom_type"": 158,
    ""element"": ""C"",
    ""chemical_environment"": ""alpha carbon to hydroxyl in secondary alcohols (CHOH)"",
    ""functional_group"": ""alcohol (secondary)"",
    ""hybridization"": ""sp3"",
    ""example_molecule_smiles"": ""CC(O)C"",
    ""group_smarts"": ""[CX4H]-O[H]"",
    ""atom_specific_smarts"": ""[CH](-[#6])(-[#6])-O[H]"",
    ""description"": ""Secondary alcohol carbon bearing OH and two carbon substituents, with one hydrogen."",
    ""uncertainty"": ""15""
  },
  {
    ""atom_type"": 159,
    ""element"": ""C"",
    ""chemical_environment"": ""alpha carbon to hydroxyl in tertiary alcohols (C(OH)R3, no hydrogens)"",
    ""functional_group"": ""alcohol (tertiary)"",
    ""hybridization"": ""sp3"",
    ""example_molecule_smiles"": ""CC(C)(O)C"",
    ""group_smarts"": ""[CX4H0]-O[H]"",
    ""atom_specific_smarts"": ""[C;X4;H0](-O[H])(-[#6])(-[#6])-[#6]"",
    ""description"": ""Tertiary alcohol carbon directly bonded to OH and three carbons; no hydrogens."",
    ""uncertainty"": ""15""
  },
  {
    ""atom_type"": 165,
    ""element"": ""C"",
    ""chemical_environment"": ""ipso aromatic carbon in styrene (ring carbon bonded to vinyl group)"",
    ""functional_group"": ""aromatic (styrenyl ipso)"",
    ""hybridization"": ""sp2"",
    ""example_molecule_smiles"": ""c1ccccc1C=C"",
    ""group_smarts"": ""[c;H0](-C=C)"",
    ""atom_specific_smarts"": ""[c;r6;H0](-C=C)(:a):a"",
    ""description"": ""The benzene ring carbon bonded to an alkenyl (vinyl) substituent as in styrene; has two aromatic neighbors and one alkenyl substituent."",
    ""uncertainty"": ""20""
  },
  {
    ""atom_type"": 166,
    ""element"": ""C"",
    ""chemical_environment"": ""phenolic ipso carbon (ring carbon bonded to OH)"",
    ""functional_group"": ""phenol"",
    ""hybridization"": ""sp2"",
    ""example_molecule_smiles"": ""Oc1ccccc1"",
    ""group_smarts"": ""[c;H0]-O[H]"",
    ""atom_specific_smarts"": ""[c;r6;H0]-O[H]"",
    ""description"": ""A benzene ring carbon directly bonded to hydroxyl oxygen (phenolic carbon)."",
    ""uncertainty"": ""10""
  },
  {
    ""atom_type"": 173,
    ""element"": ""C"",
    ""chemical_environment"": ""primary alcohol carbon in diols/triols (CH2OH within polyols)"",
    ""functional_group"": ""polyol (primary alcohol)"",
    ""hybridization"": ""sp3"",
    ""example_molecule_smiles"": ""OCCO"",
    ""group_smarts"": ""[CH2](-O[H])-[#6]-O[H]"",
    ""atom_specific_smarts"": ""[CH2](-O[H])-[#6]-O[H]"",
    ""description"": ""CH2 bearing OH where the adjacent carbon also bears OH (e.g., terminal carbons of ethylene glycol and related polyols)."",
    ""uncertainty"": ""35""
  },
  {
    ""atom_type"": 174,
    ""element"": ""C"",
    ""chemical_environment"": ""secondary alcohol carbon in diols/triols (CHROH within polyols)"",
    ""functional_group"": ""polyol (secondary alcohol)"",
    ""hybridization"": ""sp3"",
    ""example_molecule_smiles"": ""CC(O)CO"",
    ""group_smarts"": ""[CH](-O[H])(-[#6])-[#6;X4](-O[H])"",
    ""atom_specific_smarts"": ""[CH](-O[H])(-[#6])-[#6;X4](-O[H])"",
    ""description"": ""CHOH carbon in a polyol, attached to one hydrogen, one carbon substituent, and adjacent to a carbon that also bears OH (e.g., glycerol center)."",
    ""uncertainty"": ""40""
  },
  {
    ""atom_type"": 175,
    ""element"": ""C"",
    ""chemical_environment"": ""tertiary alcohol carbon in diols/triols (CR2OH within polyols, no hydrogens)"",
    ""functional_group"": ""polyol (tertiary alcohol)"",
    ""hybridization"": ""sp3"",
    ""example_molecule_smiles"": ""CC(C)(O)C(C)(O)C"",
    ""group_smarts"": ""[C;X4;H0](-O[H])(-[#6])-[#6;X4](-O[H])"",
    ""atom_specific_smarts"": ""[C;X4;H0](-O[H])(-[#6])-[#6;X4](-O[H])"",
    ""description"": ""Tertiary alcohol carbon directly bonded to OH and three carbons, in a diol/triol context (e.g., pinacol)."",
    ""uncertainty"": ""45""
  },
  {
    ""atom_type"": 178,
    ""element"": ""C"",
    ""chemical_environment"": ""inner conjugated diene carbon with no hydrogens (=CR-RC=)"",
    ""functional_group"": ""conjugated diene (fully substituted inner carbon)"",
    ""hybridization"": ""sp2"",
    ""example_molecule_smiles"": ""C=C(C)C=C"",
    ""group_smarts"": ""[C;X3;H0](-[C;X3]=)[C;X3]="",
    ""atom_specific_smarts"": ""[C;X3;H0](-[C;X3]=)[C;X3]="",
    ""description"": ""An sp2 inner 1,3-diene carbon that is single-bonded to another sp2 diene carbon, double-bonded to an sp2 carbon, and bears no hydrogens (substituted)."",
    ""uncertainty"": ""25""
  },
  {
    ""atom_type"": 181,
    ""element"": ""C"",
    ""chemical_environment"": ""methoxy carbon (CH3-O-R) in ethers"",
    ""functional_group"": ""ether (methyl ether)"",
    ""hybridization"": ""sp3"",
    ""example_molecule_smiles"": ""COC"",
    ""group_smarts"": ""[CH3]-[O;H0]-[#6]"",
    ""atom_specific_smarts"": ""[CH3]-[O;H0]-[#6]"",
    ""description"": ""Methyl carbon attached to a non-protonated ether oxygen."",
    ""uncertainty"": ""10""
  },
  {
    ""atom_type"": 182,
    ""element"": ""C"",
    ""chemical_environment"": ""ethoxy methylene (CH2-O-R) in ethers"",
    ""functional_group"": ""ether (ethyl ether segment)"",
    ""hybridization"": ""sp3"",
    ""example_molecule_smiles"": ""CCOC"",
    ""group_smarts"": ""[CH2]-[O;H0]-[#6]"",
    ""atom_specific_smarts"": ""[CH2]-[O;H0]-[#6]"",
    ""description"": ""Methylene carbon directly bonded to a non-protonated ether oxygen."",
    ""uncertainty"": ""10""
  },
  {
    ""atom_type"": 183,
    ""element"": ""C"",
    ""chemical_environment"": ""secondary alkyl ether alpha carbon (CH attached to O and two carbons)"",
    ""functional_group"": ""ether (secondary)"",
    ""hybridization"": ""sp3"",
    ""example_molecule_smiles"": ""COC(C)C"",
    ""group_smarts"": ""[CH](-[O;H0])(-[#6])-[#6]"",
    ""atom_specific_smarts"": ""[CH](-[O;H0])(-[#6])-[#6]"",
    ""description"": ""Secondary carbon directly bonded to ether oxygen and two carbon substituents (e.g., isopropyl ethers)."",
    ""uncertainty"": ""15""
  },
  {
    ""atom_type"": 184,
    ""element"": ""C"",
    ""chemical_environment"": ""tertiary alkyl ether alpha carbon (C attached to O and three carbons, no hydrogens)"",
    ""functional_group"": ""ether (tertiary, tert-butyl ether)"",
    ""hybridization"": ""sp3"",
    ""example_molecule_smiles"": ""COC(C)(C)C"",
    ""group_smarts"": ""[C;H0](-[O;H0])(-[#6])-[#6]"",
    ""atom_specific_smarts"": ""[C;H0](-[O;H0])(-[#6])-[#6]"",
    ""description"": ""Tertiary carbon directly bonded to a non-protonated ether oxygen and three carbons (e.g., tert-butyl ethers)."",
    ""uncertainty"": ""15""
  }
]"
182,0.14,C  - CT   | C(H2OR): ethyl ether,12.011,oplsaa2024.lt,C,6,"Convert the following OPLS-AA atom type rows:

Atom Type Data:
- Atom index: 143
- Force field raw info: C  - CM   | alkene C (H2-C=) all atom
- Partial charge: -0.23
- Atomic mass: 12.011
- Element guess: C
- Atomic number: 6
- Source file: oplsaa2024.lt


Atom Type Data:
- Atom index: 145
- Force field raw info: C  - CA   | Benzene C - 12 site OPLS/2020
- Partial charge: -0.115
- Atomic mass: 12.011
- Element guess: C
- Atomic number: 6
- Source file: oplsaa2024.lt


Atom Type Data:
- Atom index: 147
- Force field raw info: C  - CB   | Naphthalene fusion C (C9)
- Partial charge: 0.0
- Atomic mass: 12.011
- Element guess: C
- Atomic number: 6
- Source file: oplsaa2024.lt


Atom Type Data:
- Atom index: 148
- Force field raw info: C  - CT   | all-atom C: CH3, toluene
- Partial charge: -0.065
- Atomic mass: 12.011
- Element guess: C
- Atomic number: 6
- Source file: oplsaa2024.lt


Atom Type Data:
- Atom index: 149
- Force field raw info: C  - CT   | all-atom C: CH2, ethyl benzene
- Partial charge: -0.005
- Atomic mass: 12.011
- Element guess: C
- Atomic number: 6
- Source file: oplsaa2024.lt


Atom Type Data:
- Atom index: 150
- Force field raw info: C  - C=   | diene =CH-CH=; see 178 also
- Partial charge: -0.115
- Atomic mass: 12.011
- Element guess: C
- Atomic number: 6
- Source file: oplsaa2024.lt


Atom Type Data:
- Atom index: 152
- Force field raw info: C  - CT   | RCH2Cl "" ""
- Partial charge: -0.006
- Atomic mass: 12.011
- Element guess: C
- Atomic number: 6
- Source file: oplsaa2024.lt


Atom Type Data:
- Atom index: 157
- Force field raw info: C  - CT   | all-atom C: CH3 & CH2, prim. alcohols
- Partial charge: 0.145
- Atomic mass: 12.011
- Element guess: C
- Atomic number: 6
- Source file: oplsaa2024.lt


Atom Type Data:
- Atom index: 158
- Force field raw info: C  - CT   | all-atom C: CH, sec. alcohols
- Partial charge: 0.205
- Atomic mass: 12.011
- Element guess: C
- Atomic number: 6
- Source file: oplsaa2024.lt


Atom Type Data:
- Atom index: 159
- Force field raw info: C  - CT   | all-atom C: C, tert. alcohols OPLS/2020
- Partial charge: 0.232
- Atomic mass: 12.011
- Element guess: C
- Atomic number: 6
- Source file: oplsaa2024.lt


Atom Type Data:
- Atom index: 165
- Force field raw info: C  - CA   | Cipso in styrene
- Partial charge: 0.0
- Atomic mass: 12.011
- Element guess: C
- Atomic number: 6
- Source file: oplsaa2024.lt


Atom Type Data:
- Atom index: 166
- Force field raw info: C  - CA   | C(OH) phenol Use with all
- Partial charge: 0.1
- Atomic mass: 12.011
- Element guess: C
- Atomic number: 6
- Source file: oplsaa2024.lt


Atom Type Data:
- Atom index: 173
- Force field raw info: C  - CT   | C(H2OH): diols, triols
- Partial charge: 0.145
- Atomic mass: 12.011
- Element guess: C
- Atomic number: 6
- Source file: oplsaa2024.lt


Atom Type Data:
- Atom index: 174
- Force field raw info: C  - CT   | C(HROH): ""
- Partial charge: 0.205
- Atomic mass: 12.011
- Element guess: C
- Atomic number: 6
- Source file: oplsaa2024.lt


Atom Type Data:
- Atom index: 175
- Force field raw info: C  - CT   | C(R2OH): ""
- Partial charge: 0.265
- Atomic mass: 12.011
- Element guess: C
- Atomic number: 6
- Source file: oplsaa2024.lt


Atom Type Data:
- Atom index: 178
- Force field raw info: C  - C=   | diene =CR-RC=; see 150 also
- Partial charge: 0.0
- Atomic mass: 12.011
- Element guess: C
- Atomic number: 6
- Source file: oplsaa2024.lt


Atom Type Data:
- Atom index: 181
- Force field raw info: C  - CT   | C(H3OR): methyl ether
- Partial charge: 0.11
- Atomic mass: 12.011
- Element guess: C
- Atomic number: 6
- Source file: oplsaa2024.lt


Atom Type Data:
- Atom index: 182
- Force field raw info: C  - CT   | C(H2OR): ethyl ether
- Partial charge: 0.14
- Atomic mass: 12.011
- Element guess: C
- Atomic number: 6
- Source file: oplsaa2024.lt


Atom Type Data:
- Atom index: 183
- Force field raw info: C  - CT   | C(HOR): i-Pr ether
- Partial charge: 0.17
- Atomic mass: 12.011
- Element guess: C
- Atomic number: 6
- Source file: oplsaa2024.lt


Atom Type Data:
- Atom index: 184
- Force field raw info: C  - CT   | C(OR): t-Bu ether
- Partial charge: 0.2
- Atomic mass: 12.011
- Element guess: C
- Atomic number: 6
- Source file: oplsaa2024.lt
","[
  {
    ""atom_type"": 143,
    ""element"": ""C"",
    ""chemical_environment"": ""terminal vinyl carbon with two hydrogens (H2C=)"",
    ""functional_group"": ""alkene (vinyl CH2)"",
    ""hybridization"": ""sp2"",
    ""example_molecule_smiles"": ""C=CC"",
    ""group_smarts"": ""[C]=[C]"",
    ""atom_specific_smarts"": ""[CH2]=[C;X3]"",
    ""description"": ""The terminal alkene carbon bearing two hydrogens in a vinyl group; double-bonded to another sp2 carbon."",
    ""uncertainty"": ""10""
  },
  {
    ""atom_type"": 145,
    ""element"": ""C"",
    ""chemical_environment"": ""benzene ring carbon (non-fusion, non-ipso special cases)"",
    ""functional_group"": ""aromatic (benzene)"",
    ""hybridization"": ""sp2"",
    ""example_molecule_smiles"": ""c1ccccc1"",
    ""group_smarts"": ""[c;r6]"",
    ""atom_specific_smarts"": ""[$([cH](:a):a),$([c;H0](:a)(:a)[!a])]"",
    ""description"": ""A benzene ring carbon with exactly two aromatic neighbors; can be protonated (cH) or substituted by a non-aromatic atom/group; excludes fusion junction carbons with three aromatic neighbors."",
    ""uncertainty"": ""15""
  },
  {
    ""atom_type"": 147,
    ""element"": ""C"",
    ""chemical_environment"": ""fused PAH junction carbon (naphthalene fusion C9)"",
    ""functional_group"": ""aromatic (fused polycyclic junction)"",
    ""hybridization"": ""sp2"",
    ""example_molecule_smiles"": ""c1cccc2c1cccc2"",
    ""group_smarts"": ""[c;H0](:a)(:a):a"",
    ""atom_specific_smarts"": ""[c;H0](:a)(:a):a"",
    ""description"": ""A fusion (bridgehead) aromatic carbon with three aromatic neighbors as in naphthalene C1/C4 (C9 designation), no hydrogens."",
    ""uncertainty"": ""10""
  },
  {
    ""atom_type"": 148,
    ""element"": ""C"",
    ""chemical_environment"": ""benzylic methyl carbon (CH3 attached to an aromatic carbon)"",
    ""functional_group"": ""benzylic"",
    ""hybridization"": ""sp3"",
    ""example_molecule_smiles"": ""Cc1ccccc1"",
    ""group_smarts"": ""[CX4H3]-a"",
    ""atom_specific_smarts"": ""[CH3]-[c;r6]"",
    ""description"": ""Methyl carbon directly bonded to an aromatic ring (e.g., toluene benzylic CH3)."",
    ""uncertainty"": ""10""
  },
  {
    ""atom_type"": 149,
    ""element"": ""C"",
    ""chemical_environment"": ""benzylic methylene carbon (CH2 attached to an aromatic carbon)"",
    ""functional_group"": ""benzylic"",
    ""hybridization"": ""sp3"",
    ""example_molecule_smiles"": ""CCc1ccccc1"",
    ""group_smarts"": ""[CX4H2]-a"",
    ""atom_specific_smarts"": ""[CH2]-[c;r6]"",
    ""description"": ""Methylene carbon alpha to an aromatic ring as in ethylbenzene."",
    ""uncertainty"": ""10""
  },
  {
    ""atom_type"": 150,
    ""element"": ""C"",
    ""chemical_environment"": ""inner conjugated diene carbon with one hydrogen (=CH-CH=)"",
    ""functional_group"": ""conjugated diene"",
    ""hybridization"": ""sp2"",
    ""example_molecule_smiles"": ""C=CC=C"",
    ""group_smarts"": ""[C;X3](-[C;X3]=)[C;X3]="",
    ""atom_specific_smarts"": ""[CH;X3](-[C;X3]=)[C;X3]="",
    ""description"": ""An sp2 carbon in a 1,3-diene that has one H, is single-bonded to another sp2 diene carbon, and double-bonded to an sp2 carbon."",
    ""uncertainty"": ""20""
  },
  {
    ""atom_type"": 152,
    ""element"": ""C"",
    ""chemical_environment"": ""alkyl chloride methylene (RCH2Cl)"",
    ""functional_group"": ""alkyl chloride"",
    ""hybridization"": ""sp3"",
    ""example_molecule_smiles"": ""CCCl"",
    ""group_smarts"": ""[CX4H2]-Cl"",
    ""atom_specific_smarts"": ""[CH2](-Cl)-[#6]"",
    ""description"": ""The methylene carbon bearing chlorine and bonded to carbon (primary alkyl chloride)."",
    ""uncertainty"": ""10""
  },
  {
    ""atom_type"": 157,
    ""element"": ""C"",
    ""chemical_environment"": ""alpha carbon to hydroxyl in primary alcohols (CH3OH or R-CH2-OH)"",
    ""functional_group"": ""alcohol (primary)"",
    ""hybridization"": ""sp3"",
    ""example_molecule_smiles"": ""CCO"",
    ""group_smarts"": ""[CX4;H2,H3]-O[H]"",
    ""atom_specific_smarts"": ""[$([CH3]-O[H]),$([CH2](-[#6])-O[H])]"",
    ""description"": ""Primary alcohol carbon directly bonded to hydroxyl oxygen; either CH3 (methanol) or CH2 attached to one carbon."",
    ""uncertainty"": ""20""
  },
  {
    ""atom_type"": 158,
    ""element"": ""C"",
    ""chemical_environment"": ""alpha carbon to hydroxyl in secondary alcohols (CHOH)"",
    ""functional_group"": ""alcohol (secondary)"",
    ""hybridization"": ""sp3"",
    ""example_molecule_smiles"": ""CC(O)C"",
    ""group_smarts"": ""[CX4H]-O[H]"",
    ""atom_specific_smarts"": ""[CH](-[#6])(-[#6])-O[H]"",
    ""description"": ""Secondary alcohol carbon bearing OH and two carbon substituents, with one hydrogen."",
    ""uncertainty"": ""15""
  },
  {
    ""atom_type"": 159,
    ""element"": ""C"",
    ""chemical_environment"": ""alpha carbon to hydroxyl in tertiary alcohols (C(OH)R3, no hydrogens)"",
    ""functional_group"": ""alcohol (tertiary)"",
    ""hybridization"": ""sp3"",
    ""example_molecule_smiles"": ""CC(C)(O)C"",
    ""group_smarts"": ""[CX4H0]-O[H]"",
    ""atom_specific_smarts"": ""[C;X4;H0](-O[H])(-[#6])(-[#6])-[#6]"",
    ""description"": ""Tertiary alcohol carbon directly bonded to OH and three carbons; no hydrogens."",
    ""uncertainty"": ""15""
  },
  {
    ""atom_type"": 165,
    ""element"": ""C"",
    ""chemical_environment"": ""ipso aromatic carbon in styrene (ring carbon bonded to vinyl group)"",
    ""functional_group"": ""aromatic (styrenyl ipso)"",
    ""hybridization"": ""sp2"",
    ""example_molecule_smiles"": ""c1ccccc1C=C"",
    ""group_smarts"": ""[c;H0](-C=C)"",
    ""atom_specific_smarts"": ""[c;r6;H0](-C=C)(:a):a"",
    ""description"": ""The benzene ring carbon bonded to an alkenyl (vinyl) substituent as in styrene; has two aromatic neighbors and one alkenyl substituent."",
    ""uncertainty"": ""20""
  },
  {
    ""atom_type"": 166,
    ""element"": ""C"",
    ""chemical_environment"": ""phenolic ipso carbon (ring carbon bonded to OH)"",
    ""functional_group"": ""phenol"",
    ""hybridization"": ""sp2"",
    ""example_molecule_smiles"": ""Oc1ccccc1"",
    ""group_smarts"": ""[c;H0]-O[H]"",
    ""atom_specific_smarts"": ""[c;r6;H0]-O[H]"",
    ""description"": ""A benzene ring carbon directly bonded to hydroxyl oxygen (phenolic carbon)."",
    ""uncertainty"": ""10""
  },
  {
    ""atom_type"": 173,
    ""element"": ""C"",
    ""chemical_environment"": ""primary alcohol carbon in diols/triols (CH2OH within polyols)"",
    ""functional_group"": ""polyol (primary alcohol)"",
    ""hybridization"": ""sp3"",
    ""example_molecule_smiles"": ""OCCO"",
    ""group_smarts"": ""[CH2](-O[H])-[#6]-O[H]"",
    ""atom_specific_smarts"": ""[CH2](-O[H])-[#6]-O[H]"",
    ""description"": ""CH2 bearing OH where the adjacent carbon also bears OH (e.g., terminal carbons of ethylene glycol and related polyols)."",
    ""uncertainty"": ""35""
  },
  {
    ""atom_type"": 174,
    ""element"": ""C"",
    ""chemical_environment"": ""secondary alcohol carbon in diols/triols (CHROH within polyols)"",
    ""functional_group"": ""polyol (secondary alcohol)"",
    ""hybridization"": ""sp3"",
    ""example_molecule_smiles"": ""CC(O)CO"",
    ""group_smarts"": ""[CH](-O[H])(-[#6])-[#6;X4](-O[H])"",
    ""atom_specific_smarts"": ""[CH](-O[H])(-[#6])-[#6;X4](-O[H])"",
    ""description"": ""CHOH carbon in a polyol, attached to one hydrogen, one carbon substituent, and adjacent to a carbon that also bears OH (e.g., glycerol center)."",
    ""uncertainty"": ""40""
  },
  {
    ""atom_type"": 175,
    ""element"": ""C"",
    ""chemical_environment"": ""tertiary alcohol carbon in diols/triols (CR2OH within polyols, no hydrogens)"",
    ""functional_group"": ""polyol (tertiary alcohol)"",
    ""hybridization"": ""sp3"",
    ""example_molecule_smiles"": ""CC(C)(O)C(C)(O)C"",
    ""group_smarts"": ""[C;X4;H0](-O[H])(-[#6])-[#6;X4](-O[H])"",
    ""atom_specific_smarts"": ""[C;X4;H0](-O[H])(-[#6])-[#6;X4](-O[H])"",
    ""description"": ""Tertiary alcohol carbon directly bonded to OH and three carbons, in a diol/triol context (e.g., pinacol)."",
    ""uncertainty"": ""45""
  },
  {
    ""atom_type"": 178,
    ""element"": ""C"",
    ""chemical_environment"": ""inner conjugated diene carbon with no hydrogens (=CR-RC=)"",
    ""functional_group"": ""conjugated diene (fully substituted inner carbon)"",
    ""hybridization"": ""sp2"",
    ""example_molecule_smiles"": ""C=C(C)C=C"",
    ""group_smarts"": ""[C;X3;H0](-[C;X3]=)[C;X3]="",
    ""atom_specific_smarts"": ""[C;X3;H0](-[C;X3]=)[C;X3]="",
    ""description"": ""An sp2 inner 1,3-diene carbon that is single-bonded to another sp2 diene carbon, double-bonded to an sp2 carbon, and bears no hydrogens (substituted)."",
    ""uncertainty"": ""25""
  },
  {
    ""atom_type"": 181,
    ""element"": ""C"",
    ""chemical_environment"": ""methoxy carbon (CH3-O-R) in ethers"",
    ""functional_group"": ""ether (methyl ether)"",
    ""hybridization"": ""sp3"",
    ""example_molecule_smiles"": ""COC"",
    ""group_smarts"": ""[CH3]-[O;H0]-[#6]"",
    ""atom_specific_smarts"": ""[CH3]-[O;H0]-[#6]"",
    ""description"": ""Methyl carbon attached to a non-protonated ether oxygen."",
    ""uncertainty"": ""10""
  },
  {
    ""atom_type"": 182,
    ""element"": ""C"",
    ""chemical_environment"": ""ethoxy methylene (CH2-O-R) in ethers"",
    ""functional_group"": ""ether (ethyl ether segment)"",
    ""hybridization"": ""sp3"",
    ""example_molecule_smiles"": ""CCOC"",
    ""group_smarts"": ""[CH2]-[O;H0]-[#6]"",
    ""atom_specific_smarts"": ""[CH2]-[O;H0]-[#6]"",
    ""description"": ""Methylene carbon directly bonded to a non-protonated ether oxygen."",
    ""uncertainty"": ""10""
  },
  {
    ""atom_type"": 183,
    ""element"": ""C"",
    ""chemical_environment"": ""secondary alkyl ether alpha carbon (CH attached to O and two carbons)"",
    ""functional_group"": ""ether (secondary)"",
    ""hybridization"": ""sp3"",
    ""example_molecule_smiles"": ""COC(C)C"",
    ""group_smarts"": ""[CH](-[O;H0])(-[#6])-[#6]"",
    ""atom_specific_smarts"": ""[CH](-[O;H0])(-[#6])-[#6]"",
    ""description"": ""Secondary carbon directly bonded to ether oxygen and two carbon substituents (e.g., isopropyl ethers)."",
    ""uncertainty"": ""15""
  },
  {
    ""atom_type"": 184,
    ""element"": ""C"",
    ""chemical_environment"": ""tertiary alkyl ether alpha carbon (C attached to O and three carbons, no hydrogens)"",
    ""functional_group"": ""ether (tertiary, tert-butyl ether)"",
    ""hybridization"": ""sp3"",
    ""example_molecule_smiles"": ""COC(C)(C)C"",
    ""group_smarts"": ""[C;H0](-[O;H0])(-[#6])-[#6]"",
    ""atom_specific_smarts"": ""[C;H0](-[O;H0])(-[#6])-[#6]"",
    ""description"": ""Tertiary carbon directly bonded to a non-protonated ether oxygen and three carbons (e.g., tert-butyl ethers)."",
    ""uncertainty"": ""15""
  }
]"
183,0.17,C  - CT   | C(HOR): i-Pr ether,12.011,oplsaa2024.lt,C,6,"Convert the following OPLS-AA atom type rows:

Atom Type Data:
- Atom index: 143
- Force field raw info: C  - CM   | alkene C (H2-C=) all atom
- Partial charge: -0.23
- Atomic mass: 12.011
- Element guess: C
- Atomic number: 6
- Source file: oplsaa2024.lt


Atom Type Data:
- Atom index: 145
- Force field raw info: C  - CA   | Benzene C - 12 site OPLS/2020
- Partial charge: -0.115
- Atomic mass: 12.011
- Element guess: C
- Atomic number: 6
- Source file: oplsaa2024.lt


Atom Type Data:
- Atom index: 147
- Force field raw info: C  - CB   | Naphthalene fusion C (C9)
- Partial charge: 0.0
- Atomic mass: 12.011
- Element guess: C
- Atomic number: 6
- Source file: oplsaa2024.lt


Atom Type Data:
- Atom index: 148
- Force field raw info: C  - CT   | all-atom C: CH3, toluene
- Partial charge: -0.065
- Atomic mass: 12.011
- Element guess: C
- Atomic number: 6
- Source file: oplsaa2024.lt


Atom Type Data:
- Atom index: 149
- Force field raw info: C  - CT   | all-atom C: CH2, ethyl benzene
- Partial charge: -0.005
- Atomic mass: 12.011
- Element guess: C
- Atomic number: 6
- Source file: oplsaa2024.lt


Atom Type Data:
- Atom index: 150
- Force field raw info: C  - C=   | diene =CH-CH=; see 178 also
- Partial charge: -0.115
- Atomic mass: 12.011
- Element guess: C
- Atomic number: 6
- Source file: oplsaa2024.lt


Atom Type Data:
- Atom index: 152
- Force field raw info: C  - CT   | RCH2Cl "" ""
- Partial charge: -0.006
- Atomic mass: 12.011
- Element guess: C
- Atomic number: 6
- Source file: oplsaa2024.lt


Atom Type Data:
- Atom index: 157
- Force field raw info: C  - CT   | all-atom C: CH3 & CH2, prim. alcohols
- Partial charge: 0.145
- Atomic mass: 12.011
- Element guess: C
- Atomic number: 6
- Source file: oplsaa2024.lt


Atom Type Data:
- Atom index: 158
- Force field raw info: C  - CT   | all-atom C: CH, sec. alcohols
- Partial charge: 0.205
- Atomic mass: 12.011
- Element guess: C
- Atomic number: 6
- Source file: oplsaa2024.lt


Atom Type Data:
- Atom index: 159
- Force field raw info: C  - CT   | all-atom C: C, tert. alcohols OPLS/2020
- Partial charge: 0.232
- Atomic mass: 12.011
- Element guess: C
- Atomic number: 6
- Source file: oplsaa2024.lt


Atom Type Data:
- Atom index: 165
- Force field raw info: C  - CA   | Cipso in styrene
- Partial charge: 0.0
- Atomic mass: 12.011
- Element guess: C
- Atomic number: 6
- Source file: oplsaa2024.lt


Atom Type Data:
- Atom index: 166
- Force field raw info: C  - CA   | C(OH) phenol Use with all
- Partial charge: 0.1
- Atomic mass: 12.011
- Element guess: C
- Atomic number: 6
- Source file: oplsaa2024.lt


Atom Type Data:
- Atom index: 173
- Force field raw info: C  - CT   | C(H2OH): diols, triols
- Partial charge: 0.145
- Atomic mass: 12.011
- Element guess: C
- Atomic number: 6
- Source file: oplsaa2024.lt


Atom Type Data:
- Atom index: 174
- Force field raw info: C  - CT   | C(HROH): ""
- Partial charge: 0.205
- Atomic mass: 12.011
- Element guess: C
- Atomic number: 6
- Source file: oplsaa2024.lt


Atom Type Data:
- Atom index: 175
- Force field raw info: C  - CT   | C(R2OH): ""
- Partial charge: 0.265
- Atomic mass: 12.011
- Element guess: C
- Atomic number: 6
- Source file: oplsaa2024.lt


Atom Type Data:
- Atom index: 178
- Force field raw info: C  - C=   | diene =CR-RC=; see 150 also
- Partial charge: 0.0
- Atomic mass: 12.011
- Element guess: C
- Atomic number: 6
- Source file: oplsaa2024.lt


Atom Type Data:
- Atom index: 181
- Force field raw info: C  - CT   | C(H3OR): methyl ether
- Partial charge: 0.11
- Atomic mass: 12.011
- Element guess: C
- Atomic number: 6
- Source file: oplsaa2024.lt


Atom Type Data:
- Atom index: 182
- Force field raw info: C  - CT   | C(H2OR): ethyl ether
- Partial charge: 0.14
- Atomic mass: 12.011
- Element guess: C
- Atomic number: 6
- Source file: oplsaa2024.lt


Atom Type Data:
- Atom index: 183
- Force field raw info: C  - CT   | C(HOR): i-Pr ether
- Partial charge: 0.17
- Atomic mass: 12.011
- Element guess: C
- Atomic number: 6
- Source file: oplsaa2024.lt


Atom Type Data:
- Atom index: 184
- Force field raw info: C  - CT   | C(OR): t-Bu ether
- Partial charge: 0.2
- Atomic mass: 12.011
- Element guess: C
- Atomic number: 6
- Source file: oplsaa2024.lt
","[
  {
    ""atom_type"": 143,
    ""element"": ""C"",
    ""chemical_environment"": ""terminal vinyl carbon with two hydrogens (H2C=)"",
    ""functional_group"": ""alkene (vinyl CH2)"",
    ""hybridization"": ""sp2"",
    ""example_molecule_smiles"": ""C=CC"",
    ""group_smarts"": ""[C]=[C]"",
    ""atom_specific_smarts"": ""[CH2]=[C;X3]"",
    ""description"": ""The terminal alkene carbon bearing two hydrogens in a vinyl group; double-bonded to another sp2 carbon."",
    ""uncertainty"": ""10""
  },
  {
    ""atom_type"": 145,
    ""element"": ""C"",
    ""chemical_environment"": ""benzene ring carbon (non-fusion, non-ipso special cases)"",
    ""functional_group"": ""aromatic (benzene)"",
    ""hybridization"": ""sp2"",
    ""example_molecule_smiles"": ""c1ccccc1"",
    ""group_smarts"": ""[c;r6]"",
    ""atom_specific_smarts"": ""[$([cH](:a):a),$([c;H0](:a)(:a)[!a])]"",
    ""description"": ""A benzene ring carbon with exactly two aromatic neighbors; can be protonated (cH) or substituted by a non-aromatic atom/group; excludes fusion junction carbons with three aromatic neighbors."",
    ""uncertainty"": ""15""
  },
  {
    ""atom_type"": 147,
    ""element"": ""C"",
    ""chemical_environment"": ""fused PAH junction carbon (naphthalene fusion C9)"",
    ""functional_group"": ""aromatic (fused polycyclic junction)"",
    ""hybridization"": ""sp2"",
    ""example_molecule_smiles"": ""c1cccc2c1cccc2"",
    ""group_smarts"": ""[c;H0](:a)(:a):a"",
    ""atom_specific_smarts"": ""[c;H0](:a)(:a):a"",
    ""description"": ""A fusion (bridgehead) aromatic carbon with three aromatic neighbors as in naphthalene C1/C4 (C9 designation), no hydrogens."",
    ""uncertainty"": ""10""
  },
  {
    ""atom_type"": 148,
    ""element"": ""C"",
    ""chemical_environment"": ""benzylic methyl carbon (CH3 attached to an aromatic carbon)"",
    ""functional_group"": ""benzylic"",
    ""hybridization"": ""sp3"",
    ""example_molecule_smiles"": ""Cc1ccccc1"",
    ""group_smarts"": ""[CX4H3]-a"",
    ""atom_specific_smarts"": ""[CH3]-[c;r6]"",
    ""description"": ""Methyl carbon directly bonded to an aromatic ring (e.g., toluene benzylic CH3)."",
    ""uncertainty"": ""10""
  },
  {
    ""atom_type"": 149,
    ""element"": ""C"",
    ""chemical_environment"": ""benzylic methylene carbon (CH2 attached to an aromatic carbon)"",
    ""functional_group"": ""benzylic"",
    ""hybridization"": ""sp3"",
    ""example_molecule_smiles"": ""CCc1ccccc1"",
    ""group_smarts"": ""[CX4H2]-a"",
    ""atom_specific_smarts"": ""[CH2]-[c;r6]"",
    ""description"": ""Methylene carbon alpha to an aromatic ring as in ethylbenzene."",
    ""uncertainty"": ""10""
  },
  {
    ""atom_type"": 150,
    ""element"": ""C"",
    ""chemical_environment"": ""inner conjugated diene carbon with one hydrogen (=CH-CH=)"",
    ""functional_group"": ""conjugated diene"",
    ""hybridization"": ""sp2"",
    ""example_molecule_smiles"": ""C=CC=C"",
    ""group_smarts"": ""[C;X3](-[C;X3]=)[C;X3]="",
    ""atom_specific_smarts"": ""[CH;X3](-[C;X3]=)[C;X3]="",
    ""description"": ""An sp2 carbon in a 1,3-diene that has one H, is single-bonded to another sp2 diene carbon, and double-bonded to an sp2 carbon."",
    ""uncertainty"": ""20""
  },
  {
    ""atom_type"": 152,
    ""element"": ""C"",
    ""chemical_environment"": ""alkyl chloride methylene (RCH2Cl)"",
    ""functional_group"": ""alkyl chloride"",
    ""hybridization"": ""sp3"",
    ""example_molecule_smiles"": ""CCCl"",
    ""group_smarts"": ""[CX4H2]-Cl"",
    ""atom_specific_smarts"": ""[CH2](-Cl)-[#6]"",
    ""description"": ""The methylene carbon bearing chlorine and bonded to carbon (primary alkyl chloride)."",
    ""uncertainty"": ""10""
  },
  {
    ""atom_type"": 157,
    ""element"": ""C"",
    ""chemical_environment"": ""alpha carbon to hydroxyl in primary alcohols (CH3OH or R-CH2-OH)"",
    ""functional_group"": ""alcohol (primary)"",
    ""hybridization"": ""sp3"",
    ""example_molecule_smiles"": ""CCO"",
    ""group_smarts"": ""[CX4;H2,H3]-O[H]"",
    ""atom_specific_smarts"": ""[$([CH3]-O[H]),$([CH2](-[#6])-O[H])]"",
    ""description"": ""Primary alcohol carbon directly bonded to hydroxyl oxygen; either CH3 (methanol) or CH2 attached to one carbon."",
    ""uncertainty"": ""20""
  },
  {
    ""atom_type"": 158,
    ""element"": ""C"",
    ""chemical_environment"": ""alpha carbon to hydroxyl in secondary alcohols (CHOH)"",
    ""functional_group"": ""alcohol (secondary)"",
    ""hybridization"": ""sp3"",
    ""example_molecule_smiles"": ""CC(O)C"",
    ""group_smarts"": ""[CX4H]-O[H]"",
    ""atom_specific_smarts"": ""[CH](-[#6])(-[#6])-O[H]"",
    ""description"": ""Secondary alcohol carbon bearing OH and two carbon substituents, with one hydrogen."",
    ""uncertainty"": ""15""
  },
  {
    ""atom_type"": 159,
    ""element"": ""C"",
    ""chemical_environment"": ""alpha carbon to hydroxyl in tertiary alcohols (C(OH)R3, no hydrogens)"",
    ""functional_group"": ""alcohol (tertiary)"",
    ""hybridization"": ""sp3"",
    ""example_molecule_smiles"": ""CC(C)(O)C"",
    ""group_smarts"": ""[CX4H0]-O[H]"",
    ""atom_specific_smarts"": ""[C;X4;H0](-O[H])(-[#6])(-[#6])-[#6]"",
    ""description"": ""Tertiary alcohol carbon directly bonded to OH and three carbons; no hydrogens."",
    ""uncertainty"": ""15""
  },
  {
    ""atom_type"": 165,
    ""element"": ""C"",
    ""chemical_environment"": ""ipso aromatic carbon in styrene (ring carbon bonded to vinyl group)"",
    ""functional_group"": ""aromatic (styrenyl ipso)"",
    ""hybridization"": ""sp2"",
    ""example_molecule_smiles"": ""c1ccccc1C=C"",
    ""group_smarts"": ""[c;H0](-C=C)"",
    ""atom_specific_smarts"": ""[c;r6;H0](-C=C)(:a):a"",
    ""description"": ""The benzene ring carbon bonded to an alkenyl (vinyl) substituent as in styrene; has two aromatic neighbors and one alkenyl substituent."",
    ""uncertainty"": ""20""
  },
  {
    ""atom_type"": 166,
    ""element"": ""C"",
    ""chemical_environment"": ""phenolic ipso carbon (ring carbon bonded to OH)"",
    ""functional_group"": ""phenol"",
    ""hybridization"": ""sp2"",
    ""example_molecule_smiles"": ""Oc1ccccc1"",
    ""group_smarts"": ""[c;H0]-O[H]"",
    ""atom_specific_smarts"": ""[c;r6;H0]-O[H]"",
    ""description"": ""A benzene ring carbon directly bonded to hydroxyl oxygen (phenolic carbon)."",
    ""uncertainty"": ""10""
  },
  {
    ""atom_type"": 173,
    ""element"": ""C"",
    ""chemical_environment"": ""primary alcohol carbon in diols/triols (CH2OH within polyols)"",
    ""functional_group"": ""polyol (primary alcohol)"",
    ""hybridization"": ""sp3"",
    ""example_molecule_smiles"": ""OCCO"",
    ""group_smarts"": ""[CH2](-O[H])-[#6]-O[H]"",
    ""atom_specific_smarts"": ""[CH2](-O[H])-[#6]-O[H]"",
    ""description"": ""CH2 bearing OH where the adjacent carbon also bears OH (e.g., terminal carbons of ethylene glycol and related polyols)."",
    ""uncertainty"": ""35""
  },
  {
    ""atom_type"": 174,
    ""element"": ""C"",
    ""chemical_environment"": ""secondary alcohol carbon in diols/triols (CHROH within polyols)"",
    ""functional_group"": ""polyol (secondary alcohol)"",
    ""hybridization"": ""sp3"",
    ""example_molecule_smiles"": ""CC(O)CO"",
    ""group_smarts"": ""[CH](-O[H])(-[#6])-[#6;X4](-O[H])"",
    ""atom_specific_smarts"": ""[CH](-O[H])(-[#6])-[#6;X4](-O[H])"",
    ""description"": ""CHOH carbon in a polyol, attached to one hydrogen, one carbon substituent, and adjacent to a carbon that also bears OH (e.g., glycerol center)."",
    ""uncertainty"": ""40""
  },
  {
    ""atom_type"": 175,
    ""element"": ""C"",
    ""chemical_environment"": ""tertiary alcohol carbon in diols/triols (CR2OH within polyols, no hydrogens)"",
    ""functional_group"": ""polyol (tertiary alcohol)"",
    ""hybridization"": ""sp3"",
    ""example_molecule_smiles"": ""CC(C)(O)C(C)(O)C"",
    ""group_smarts"": ""[C;X4;H0](-O[H])(-[#6])-[#6;X4](-O[H])"",
    ""atom_specific_smarts"": ""[C;X4;H0](-O[H])(-[#6])-[#6;X4](-O[H])"",
    ""description"": ""Tertiary alcohol carbon directly bonded to OH and three carbons, in a diol/triol context (e.g., pinacol)."",
    ""uncertainty"": ""45""
  },
  {
    ""atom_type"": 178,
    ""element"": ""C"",
    ""chemical_environment"": ""inner conjugated diene carbon with no hydrogens (=CR-RC=)"",
    ""functional_group"": ""conjugated diene (fully substituted inner carbon)"",
    ""hybridization"": ""sp2"",
    ""example_molecule_smiles"": ""C=C(C)C=C"",
    ""group_smarts"": ""[C;X3;H0](-[C;X3]=)[C;X3]="",
    ""atom_specific_smarts"": ""[C;X3;H0](-[C;X3]=)[C;X3]="",
    ""description"": ""An sp2 inner 1,3-diene carbon that is single-bonded to another sp2 diene carbon, double-bonded to an sp2 carbon, and bears no hydrogens (substituted)."",
    ""uncertainty"": ""25""
  },
  {
    ""atom_type"": 181,
    ""element"": ""C"",
    ""chemical_environment"": ""methoxy carbon (CH3-O-R) in ethers"",
    ""functional_group"": ""ether (methyl ether)"",
    ""hybridization"": ""sp3"",
    ""example_molecule_smiles"": ""COC"",
    ""group_smarts"": ""[CH3]-[O;H0]-[#6]"",
    ""atom_specific_smarts"": ""[CH3]-[O;H0]-[#6]"",
    ""description"": ""Methyl carbon attached to a non-protonated ether oxygen."",
    ""uncertainty"": ""10""
  },
  {
    ""atom_type"": 182,
    ""element"": ""C"",
    ""chemical_environment"": ""ethoxy methylene (CH2-O-R) in ethers"",
    ""functional_group"": ""ether (ethyl ether segment)"",
    ""hybridization"": ""sp3"",
    ""example_molecule_smiles"": ""CCOC"",
    ""group_smarts"": ""[CH2]-[O;H0]-[#6]"",
    ""atom_specific_smarts"": ""[CH2]-[O;H0]-[#6]"",
    ""description"": ""Methylene carbon directly bonded to a non-protonated ether oxygen."",
    ""uncertainty"": ""10""
  },
  {
    ""atom_type"": 183,
    ""element"": ""C"",
    ""chemical_environment"": ""secondary alkyl ether alpha carbon (CH attached to O and two carbons)"",
    ""functional_group"": ""ether (secondary)"",
    ""hybridization"": ""sp3"",
    ""example_molecule_smiles"": ""COC(C)C"",
    ""group_smarts"": ""[CH](-[O;H0])(-[#6])-[#6]"",
    ""atom_specific_smarts"": ""[CH](-[O;H0])(-[#6])-[#6]"",
    ""description"": ""Secondary carbon directly bonded to ether oxygen and two carbon substituents (e.g., isopropyl ethers)."",
    ""uncertainty"": ""15""
  },
  {
    ""atom_type"": 184,
    ""element"": ""C"",
    ""chemical_environment"": ""tertiary alkyl ether alpha carbon (C attached to O and three carbons, no hydrogens)"",
    ""functional_group"": ""ether (tertiary, tert-butyl ether)"",
    ""hybridization"": ""sp3"",
    ""example_molecule_smiles"": ""COC(C)(C)C"",
    ""group_smarts"": ""[C;H0](-[O;H0])(-[#6])-[#6]"",
    ""atom_specific_smarts"": ""[C;H0](-[O;H0])(-[#6])-[#6]"",
    ""description"": ""Tertiary carbon directly bonded to a non-protonated ether oxygen and three carbons (e.g., tert-butyl ethers)."",
    ""uncertainty"": ""15""
  }
]"
184,0.2,C  - CT   | C(OR): t-Bu ether,12.011,oplsaa2024.lt,C,6,"Convert the following OPLS-AA atom type rows:

Atom Type Data:
- Atom index: 143
- Force field raw info: C  - CM   | alkene C (H2-C=) all atom
- Partial charge: -0.23
- Atomic mass: 12.011
- Element guess: C
- Atomic number: 6
- Source file: oplsaa2024.lt


Atom Type Data:
- Atom index: 145
- Force field raw info: C  - CA   | Benzene C - 12 site OPLS/2020
- Partial charge: -0.115
- Atomic mass: 12.011
- Element guess: C
- Atomic number: 6
- Source file: oplsaa2024.lt


Atom Type Data:
- Atom index: 147
- Force field raw info: C  - CB   | Naphthalene fusion C (C9)
- Partial charge: 0.0
- Atomic mass: 12.011
- Element guess: C
- Atomic number: 6
- Source file: oplsaa2024.lt


Atom Type Data:
- Atom index: 148
- Force field raw info: C  - CT   | all-atom C: CH3, toluene
- Partial charge: -0.065
- Atomic mass: 12.011
- Element guess: C
- Atomic number: 6
- Source file: oplsaa2024.lt


Atom Type Data:
- Atom index: 149
- Force field raw info: C  - CT   | all-atom C: CH2, ethyl benzene
- Partial charge: -0.005
- Atomic mass: 12.011
- Element guess: C
- Atomic number: 6
- Source file: oplsaa2024.lt


Atom Type Data:
- Atom index: 150
- Force field raw info: C  - C=   | diene =CH-CH=; see 178 also
- Partial charge: -0.115
- Atomic mass: 12.011
- Element guess: C
- Atomic number: 6
- Source file: oplsaa2024.lt


Atom Type Data:
- Atom index: 152
- Force field raw info: C  - CT   | RCH2Cl "" ""
- Partial charge: -0.006
- Atomic mass: 12.011
- Element guess: C
- Atomic number: 6
- Source file: oplsaa2024.lt


Atom Type Data:
- Atom index: 157
- Force field raw info: C  - CT   | all-atom C: CH3 & CH2, prim. alcohols
- Partial charge: 0.145
- Atomic mass: 12.011
- Element guess: C
- Atomic number: 6
- Source file: oplsaa2024.lt


Atom Type Data:
- Atom index: 158
- Force field raw info: C  - CT   | all-atom C: CH, sec. alcohols
- Partial charge: 0.205
- Atomic mass: 12.011
- Element guess: C
- Atomic number: 6
- Source file: oplsaa2024.lt


Atom Type Data:
- Atom index: 159
- Force field raw info: C  - CT   | all-atom C: C, tert. alcohols OPLS/2020
- Partial charge: 0.232
- Atomic mass: 12.011
- Element guess: C
- Atomic number: 6
- Source file: oplsaa2024.lt


Atom Type Data:
- Atom index: 165
- Force field raw info: C  - CA   | Cipso in styrene
- Partial charge: 0.0
- Atomic mass: 12.011
- Element guess: C
- Atomic number: 6
- Source file: oplsaa2024.lt


Atom Type Data:
- Atom index: 166
- Force field raw info: C  - CA   | C(OH) phenol Use with all
- Partial charge: 0.1
- Atomic mass: 12.011
- Element guess: C
- Atomic number: 6
- Source file: oplsaa2024.lt


Atom Type Data:
- Atom index: 173
- Force field raw info: C  - CT   | C(H2OH): diols, triols
- Partial charge: 0.145
- Atomic mass: 12.011
- Element guess: C
- Atomic number: 6
- Source file: oplsaa2024.lt


Atom Type Data:
- Atom index: 174
- Force field raw info: C  - CT   | C(HROH): ""
- Partial charge: 0.205
- Atomic mass: 12.011
- Element guess: C
- Atomic number: 6
- Source file: oplsaa2024.lt


Atom Type Data:
- Atom index: 175
- Force field raw info: C  - CT   | C(R2OH): ""
- Partial charge: 0.265
- Atomic mass: 12.011
- Element guess: C
- Atomic number: 6
- Source file: oplsaa2024.lt


Atom Type Data:
- Atom index: 178
- Force field raw info: C  - C=   | diene =CR-RC=; see 150 also
- Partial charge: 0.0
- Atomic mass: 12.011
- Element guess: C
- Atomic number: 6
- Source file: oplsaa2024.lt


Atom Type Data:
- Atom index: 181
- Force field raw info: C  - CT   | C(H3OR): methyl ether
- Partial charge: 0.11
- Atomic mass: 12.011
- Element guess: C
- Atomic number: 6
- Source file: oplsaa2024.lt


Atom Type Data:
- Atom index: 182
- Force field raw info: C  - CT   | C(H2OR): ethyl ether
- Partial charge: 0.14
- Atomic mass: 12.011
- Element guess: C
- Atomic number: 6
- Source file: oplsaa2024.lt


Atom Type Data:
- Atom index: 183
- Force field raw info: C  - CT   | C(HOR): i-Pr ether
- Partial charge: 0.17
- Atomic mass: 12.011
- Element guess: C
- Atomic number: 6
- Source file: oplsaa2024.lt


Atom Type Data:
- Atom index: 184
- Force field raw info: C  - CT   | C(OR): t-Bu ether
- Partial charge: 0.2
- Atomic mass: 12.011
- Element guess: C
- Atomic number: 6
- Source file: oplsaa2024.lt
","[
  {
    ""atom_type"": 143,
    ""element"": ""C"",
    ""chemical_environment"": ""terminal vinyl carbon with two hydrogens (H2C=)"",
    ""functional_group"": ""alkene (vinyl CH2)"",
    ""hybridization"": ""sp2"",
    ""example_molecule_smiles"": ""C=CC"",
    ""group_smarts"": ""[C]=[C]"",
    ""atom_specific_smarts"": ""[CH2]=[C;X3]"",
    ""description"": ""The terminal alkene carbon bearing two hydrogens in a vinyl group; double-bonded to another sp2 carbon."",
    ""uncertainty"": ""10""
  },
  {
    ""atom_type"": 145,
    ""element"": ""C"",
    ""chemical_environment"": ""benzene ring carbon (non-fusion, non-ipso special cases)"",
    ""functional_group"": ""aromatic (benzene)"",
    ""hybridization"": ""sp2"",
    ""example_molecule_smiles"": ""c1ccccc1"",
    ""group_smarts"": ""[c;r6]"",
    ""atom_specific_smarts"": ""[$([cH](:a):a),$([c;H0](:a)(:a)[!a])]"",
    ""description"": ""A benzene ring carbon with exactly two aromatic neighbors; can be protonated (cH) or substituted by a non-aromatic atom/group; excludes fusion junction carbons with three aromatic neighbors."",
    ""uncertainty"": ""15""
  },
  {
    ""atom_type"": 147,
    ""element"": ""C"",
    ""chemical_environment"": ""fused PAH junction carbon (naphthalene fusion C9)"",
    ""functional_group"": ""aromatic (fused polycyclic junction)"",
    ""hybridization"": ""sp2"",
    ""example_molecule_smiles"": ""c1cccc2c1cccc2"",
    ""group_smarts"": ""[c;H0](:a)(:a):a"",
    ""atom_specific_smarts"": ""[c;H0](:a)(:a):a"",
    ""description"": ""A fusion (bridgehead) aromatic carbon with three aromatic neighbors as in naphthalene C1/C4 (C9 designation), no hydrogens."",
    ""uncertainty"": ""10""
  },
  {
    ""atom_type"": 148,
    ""element"": ""C"",
    ""chemical_environment"": ""benzylic methyl carbon (CH3 attached to an aromatic carbon)"",
    ""functional_group"": ""benzylic"",
    ""hybridization"": ""sp3"",
    ""example_molecule_smiles"": ""Cc1ccccc1"",
    ""group_smarts"": ""[CX4H3]-a"",
    ""atom_specific_smarts"": ""[CH3]-[c;r6]"",
    ""description"": ""Methyl carbon directly bonded to an aromatic ring (e.g., toluene benzylic CH3)."",
    ""uncertainty"": ""10""
  },
  {
    ""atom_type"": 149,
    ""element"": ""C"",
    ""chemical_environment"": ""benzylic methylene carbon (CH2 attached to an aromatic carbon)"",
    ""functional_group"": ""benzylic"",
    ""hybridization"": ""sp3"",
    ""example_molecule_smiles"": ""CCc1ccccc1"",
    ""group_smarts"": ""[CX4H2]-a"",
    ""atom_specific_smarts"": ""[CH2]-[c;r6]"",
    ""description"": ""Methylene carbon alpha to an aromatic ring as in ethylbenzene."",
    ""uncertainty"": ""10""
  },
  {
    ""atom_type"": 150,
    ""element"": ""C"",
    ""chemical_environment"": ""inner conjugated diene carbon with one hydrogen (=CH-CH=)"",
    ""functional_group"": ""conjugated diene"",
    ""hybridization"": ""sp2"",
    ""example_molecule_smiles"": ""C=CC=C"",
    ""group_smarts"": ""[C;X3](-[C;X3]=)[C;X3]="",
    ""atom_specific_smarts"": ""[CH;X3](-[C;X3]=)[C;X3]="",
    ""description"": ""An sp2 carbon in a 1,3-diene that has one H, is single-bonded to another sp2 diene carbon, and double-bonded to an sp2 carbon."",
    ""uncertainty"": ""20""
  },
  {
    ""atom_type"": 152,
    ""element"": ""C"",
    ""chemical_environment"": ""alkyl chloride methylene (RCH2Cl)"",
    ""functional_group"": ""alkyl chloride"",
    ""hybridization"": ""sp3"",
    ""example_molecule_smiles"": ""CCCl"",
    ""group_smarts"": ""[CX4H2]-Cl"",
    ""atom_specific_smarts"": ""[CH2](-Cl)-[#6]"",
    ""description"": ""The methylene carbon bearing chlorine and bonded to carbon (primary alkyl chloride)."",
    ""uncertainty"": ""10""
  },
  {
    ""atom_type"": 157,
    ""element"": ""C"",
    ""chemical_environment"": ""alpha carbon to hydroxyl in primary alcohols (CH3OH or R-CH2-OH)"",
    ""functional_group"": ""alcohol (primary)"",
    ""hybridization"": ""sp3"",
    ""example_molecule_smiles"": ""CCO"",
    ""group_smarts"": ""[CX4;H2,H3]-O[H]"",
    ""atom_specific_smarts"": ""[$([CH3]-O[H]),$([CH2](-[#6])-O[H])]"",
    ""description"": ""Primary alcohol carbon directly bonded to hydroxyl oxygen; either CH3 (methanol) or CH2 attached to one carbon."",
    ""uncertainty"": ""20""
  },
  {
    ""atom_type"": 158,
    ""element"": ""C"",
    ""chemical_environment"": ""alpha carbon to hydroxyl in secondary alcohols (CHOH)"",
    ""functional_group"": ""alcohol (secondary)"",
    ""hybridization"": ""sp3"",
    ""example_molecule_smiles"": ""CC(O)C"",
    ""group_smarts"": ""[CX4H]-O[H]"",
    ""atom_specific_smarts"": ""[CH](-[#6])(-[#6])-O[H]"",
    ""description"": ""Secondary alcohol carbon bearing OH and two carbon substituents, with one hydrogen."",
    ""uncertainty"": ""15""
  },
  {
    ""atom_type"": 159,
    ""element"": ""C"",
    ""chemical_environment"": ""alpha carbon to hydroxyl in tertiary alcohols (C(OH)R3, no hydrogens)"",
    ""functional_group"": ""alcohol (tertiary)"",
    ""hybridization"": ""sp3"",
    ""example_molecule_smiles"": ""CC(C)(O)C"",
    ""group_smarts"": ""[CX4H0]-O[H]"",
    ""atom_specific_smarts"": ""[C;X4;H0](-O[H])(-[#6])(-[#6])-[#6]"",
    ""description"": ""Tertiary alcohol carbon directly bonded to OH and three carbons; no hydrogens."",
    ""uncertainty"": ""15""
  },
  {
    ""atom_type"": 165,
    ""element"": ""C"",
    ""chemical_environment"": ""ipso aromatic carbon in styrene (ring carbon bonded to vinyl group)"",
    ""functional_group"": ""aromatic (styrenyl ipso)"",
    ""hybridization"": ""sp2"",
    ""example_molecule_smiles"": ""c1ccccc1C=C"",
    ""group_smarts"": ""[c;H0](-C=C)"",
    ""atom_specific_smarts"": ""[c;r6;H0](-C=C)(:a):a"",
    ""description"": ""The benzene ring carbon bonded to an alkenyl (vinyl) substituent as in styrene; has two aromatic neighbors and one alkenyl substituent."",
    ""uncertainty"": ""20""
  },
  {
    ""atom_type"": 166,
    ""element"": ""C"",
    ""chemical_environment"": ""phenolic ipso carbon (ring carbon bonded to OH)"",
    ""functional_group"": ""phenol"",
    ""hybridization"": ""sp2"",
    ""example_molecule_smiles"": ""Oc1ccccc1"",
    ""group_smarts"": ""[c;H0]-O[H]"",
    ""atom_specific_smarts"": ""[c;r6;H0]-O[H]"",
    ""description"": ""A benzene ring carbon directly bonded to hydroxyl oxygen (phenolic carbon)."",
    ""uncertainty"": ""10""
  },
  {
    ""atom_type"": 173,
    ""element"": ""C"",
    ""chemical_environment"": ""primary alcohol carbon in diols/triols (CH2OH within polyols)"",
    ""functional_group"": ""polyol (primary alcohol)"",
    ""hybridization"": ""sp3"",
    ""example_molecule_smiles"": ""OCCO"",
    ""group_smarts"": ""[CH2](-O[H])-[#6]-O[H]"",
    ""atom_specific_smarts"": ""[CH2](-O[H])-[#6]-O[H]"",
    ""description"": ""CH2 bearing OH where the adjacent carbon also bears OH (e.g., terminal carbons of ethylene glycol and related polyols)."",
    ""uncertainty"": ""35""
  },
  {
    ""atom_type"": 174,
    ""element"": ""C"",
    ""chemical_environment"": ""secondary alcohol carbon in diols/triols (CHROH within polyols)"",
    ""functional_group"": ""polyol (secondary alcohol)"",
    ""hybridization"": ""sp3"",
    ""example_molecule_smiles"": ""CC(O)CO"",
    ""group_smarts"": ""[CH](-O[H])(-[#6])-[#6;X4](-O[H])"",
    ""atom_specific_smarts"": ""[CH](-O[H])(-[#6])-[#6;X4](-O[H])"",
    ""description"": ""CHOH carbon in a polyol, attached to one hydrogen, one carbon substituent, and adjacent to a carbon that also bears OH (e.g., glycerol center)."",
    ""uncertainty"": ""40""
  },
  {
    ""atom_type"": 175,
    ""element"": ""C"",
    ""chemical_environment"": ""tertiary alcohol carbon in diols/triols (CR2OH within polyols, no hydrogens)"",
    ""functional_group"": ""polyol (tertiary alcohol)"",
    ""hybridization"": ""sp3"",
    ""example_molecule_smiles"": ""CC(C)(O)C(C)(O)C"",
    ""group_smarts"": ""[C;X4;H0](-O[H])(-[#6])-[#6;X4](-O[H])"",
    ""atom_specific_smarts"": ""[C;X4;H0](-O[H])(-[#6])-[#6;X4](-O[H])"",
    ""description"": ""Tertiary alcohol carbon directly bonded to OH and three carbons, in a diol/triol context (e.g., pinacol)."",
    ""uncertainty"": ""45""
  },
  {
    ""atom_type"": 178,
    ""element"": ""C"",
    ""chemical_environment"": ""inner conjugated diene carbon with no hydrogens (=CR-RC=)"",
    ""functional_group"": ""conjugated diene (fully substituted inner carbon)"",
    ""hybridization"": ""sp2"",
    ""example_molecule_smiles"": ""C=C(C)C=C"",
    ""group_smarts"": ""[C;X3;H0](-[C;X3]=)[C;X3]="",
    ""atom_specific_smarts"": ""[C;X3;H0](-[C;X3]=)[C;X3]="",
    ""description"": ""An sp2 inner 1,3-diene carbon that is single-bonded to another sp2 diene carbon, double-bonded to an sp2 carbon, and bears no hydrogens (substituted)."",
    ""uncertainty"": ""25""
  },
  {
    ""atom_type"": 181,
    ""element"": ""C"",
    ""chemical_environment"": ""methoxy carbon (CH3-O-R) in ethers"",
    ""functional_group"": ""ether (methyl ether)"",
    ""hybridization"": ""sp3"",
    ""example_molecule_smiles"": ""COC"",
    ""group_smarts"": ""[CH3]-[O;H0]-[#6]"",
    ""atom_specific_smarts"": ""[CH3]-[O;H0]-[#6]"",
    ""description"": ""Methyl carbon attached to a non-protonated ether oxygen."",
    ""uncertainty"": ""10""
  },
  {
    ""atom_type"": 182,
    ""element"": ""C"",
    ""chemical_environment"": ""ethoxy methylene (CH2-O-R) in ethers"",
    ""functional_group"": ""ether (ethyl ether segment)"",
    ""hybridization"": ""sp3"",
    ""example_molecule_smiles"": ""CCOC"",
    ""group_smarts"": ""[CH2]-[O;H0]-[#6]"",
    ""atom_specific_smarts"": ""[CH2]-[O;H0]-[#6]"",
    ""description"": ""Methylene carbon directly bonded to a non-protonated ether oxygen."",
    ""uncertainty"": ""10""
  },
  {
    ""atom_type"": 183,
    ""element"": ""C"",
    ""chemical_environment"": ""secondary alkyl ether alpha carbon (CH attached to O and two carbons)"",
    ""functional_group"": ""ether (secondary)"",
    ""hybridization"": ""sp3"",
    ""example_molecule_smiles"": ""COC(C)C"",
    ""group_smarts"": ""[CH](-[O;H0])(-[#6])-[#6]"",
    ""atom_specific_smarts"": ""[CH](-[O;H0])(-[#6])-[#6]"",
    ""description"": ""Secondary carbon directly bonded to ether oxygen and two carbon substituents (e.g., isopropyl ethers)."",
    ""uncertainty"": ""15""
  },
  {
    ""atom_type"": 184,
    ""element"": ""C"",
    ""chemical_environment"": ""tertiary alkyl ether alpha carbon (C attached to O and three carbons, no hydrogens)"",
    ""functional_group"": ""ether (tertiary, tert-butyl ether)"",
    ""hybridization"": ""sp3"",
    ""example_molecule_smiles"": ""COC(C)(C)C"",
    ""group_smarts"": ""[C;H0](-[O;H0])(-[#6])-[#6]"",
    ""atom_specific_smarts"": ""[C;H0](-[O;H0])(-[#6])-[#6]"",
    ""description"": ""Tertiary carbon directly bonded to a non-protonated ether oxygen and three carbons (e.g., tert-butyl ethers)."",
    ""uncertainty"": ""15""
  }
]"
