Atom_Index,Charge,Info,DataMass,Source,ElementGuess,AtomicNumber,prompt,gpt_output
1126,0.135,C  - CA   | Cipso (ArNR3+),12.011,oplsaa2024.lt,C,6,"Convert the following OPLS-AA atom type rows:

Atom Type Data:
- Atom index: 1126
- Force field raw info: C  - CA   | Cipso (ArNR3+)
- Partial charge: 0.135
- Atomic mass: 12.011
- Element guess: C
- Atomic number: 6
- Source file: oplsaa2024.lt


Atom Type Data:
- Atom index: 1128
- Force field raw info: C  - CA   | Cipso (ArNR2H+)
- Partial charge: 0.155
- Atomic mass: 12.011
- Element guess: C
- Atomic number: 6
- Source file: oplsaa2024.lt


Atom Type Data:
- Atom index: 1151
- Force field raw info: C  - C|   | triene C (R2-C=) central C=C
- Partial charge: 0.0
- Atomic mass: 12.011
- Element guess: C
- Atomic number: 6
- Source file: oplsaa2024.lt


Atom Type Data:
- Atom index: 1152
- Force field raw info: C  - C|   | triene C (RH-C=) central C=C
- Partial charge: -0.115
- Atomic mass: 12.011
- Element guess: C
- Atomic number: 6
- Source file: oplsaa2024.lt


Atom Type Data:
- Atom index: 1154
- Force field raw info: C  - CM   | allene C1 CH2
- Partial charge: -0.25
- Atomic mass: 12.011
- Element guess: C
- Atomic number: 6
- Source file: oplsaa2024.lt


Atom Type Data:
- Atom index: 1155
- Force field raw info: C  - CM   | allene C1 CHR
- Partial charge: -0.1
- Atomic mass: 12.011
- Element guess: C
- Atomic number: 6
- Source file: oplsaa2024.lt


Atom Type Data:
- Atom index: 1156
- Force field raw info: C  - CM   | allene C1 CR2
- Partial charge: 0.05
- Atomic mass: 12.011
- Element guess: C
- Atomic number: 6
- Source file: oplsaa2024.lt


Atom Type Data:
- Atom index: 1157
- Force field raw info: C  - C°   | allene C2
- Partial charge: -0.1
- Atomic mass: 12.011
- Element guess: C
- Atomic number: 6
- Source file: oplsaa2024.lt


Atom Type Data:
- Atom index: 1158
- Force field raw info: C  - C°   | ketene C2
- Partial charge: 0.2
- Atomic mass: 12.011
- Element guess: C
- Atomic number: 6
- Source file: oplsaa2024.lt


Atom Type Data:
- Atom index: 1160
- Force field raw info: C  - C°   | CO2 Madura 2009 carbon dioxide
- Partial charge: 0.7
- Atomic mass: 12.011
- Element guess: C
- Atomic number: 6
- Source file: oplsaa2024.lt


Atom Type Data:
- Atom index: 1200
- Force field raw info: C  - CT   | CB in N-Me HIS
- Partial charge: 0.088
- Atomic mass: 12.011
- Element guess: C
- Atomic number: 6
- Source file: oplsaa2024.lt


Atom Type Data:
- Atom index: 1234
- Force field raw info: C  - CR   | C2 thiazole jlj0003
- Partial charge: 0.35
- Atomic mass: 12.011
- Element guess: C
- Atomic number: 6
- Source file: oplsaa2024.lt


Atom Type Data:
- Atom index: 1236
- Force field raw info: C  - CV   | C4 thiazole jlj0003
- Partial charge: 0.0
- Atomic mass: 12.011
- Element guess: C
- Atomic number: 6
- Source file: oplsaa2024.lt


Atom Type Data:
- Atom index: 1237
- Force field raw info: C  - CW   | C5 thiazole jlj0003
- Partial charge: -0.15
- Atomic mass: 12.011
- Element guess: C
- Atomic number: 6
- Source file: oplsaa2024.lt


Atom Type Data:
- Atom index: 1260
- Force field raw info: C  - CT   | CH2 Trifluoroethanol TFE
- Partial charge: 0.1263
- Atomic mass: 12.011
- Element guess: C
- Atomic number: 6
- Source file: oplsaa2024.lt


Atom Type Data:
- Atom index: 1261
- Force field raw info: C  - CT   | CF3 E Duffy Thesis 1994
- Partial charge: 0.5323
- Atomic mass: 12.011
- Element guess: C
- Atomic number: 6
- Source file: oplsaa2024.lt


Atom Type Data:
- Atom index: 1268
- Force field raw info: C  - CY   | CHCH=CH2 vinylcyclopropane OPLS-2020
- Partial charge: -0.005
- Atomic mass: 12.011
- Element guess: C
- Atomic number: 6
- Source file: oplsaa2024.lt


Atom Type Data:
- Atom index: 1269
- Force field raw info: C  - CM   | vinylcyclopropane
- Partial charge: -0.17
- Atomic mass: 12.011
- Element guess: C
- Atomic number: 6
- Source file: oplsaa2024.lt


Atom Type Data:
- Atom index: 1270
- Force field raw info: C  - CY   | CHC%CH ethynylcyclopropane OPLS-2020
- Partial charge: 0.08
- Atomic mass: 12.011
- Element guess: C
- Atomic number: 6
- Source file: oplsaa2024.lt


Atom Type Data:
- Atom index: 1271
- Force field raw info: C  - CZ   | ethynylcyclopropane
- Partial charge: -0.14
- Atomic mass: 12.011
- Element guess: C
- Atomic number: 6
- Source file: oplsaa2024.lt
","[
  {
    ""atom_type"": 1126,
    ""element"": ""C"",
    ""chemical_environment"": ""ipso aromatic carbon bonded directly to a quaternary ammonium nitrogen"",
    ""functional_group"": ""aryl quaternary ammonium (Ar–N+(R)3)"",
    ""hybridization"": ""sp2 (aromatic)"",
    ""example_molecule_smiles"": ""c1ccc(cc1)[N+](C)(C)C"",
    ""group_smarts"": ""[a]-[N+X4]"",
    ""atom_specific_smarts"": ""[cX3H0:1]-[N+X4]"",
    ""description"": ""Aryl ipso carbon of an aromatic ring directly attached to a quaternary ammonium nitrogen [N+](R)(R)R (no N–H)."",
    ""uncertainty"": ""10""
  },
  {
    ""atom_type"": 1128,
    ""element"": ""C"",
    ""chemical_environment"": ""ipso aromatic carbon bonded directly to a protonated tertiary anilinium nitrogen"",
    ""functional_group"": ""aryl ammonium (Ar–N+H(R)2)"",
    ""hybridization"": ""sp2 (aromatic)"",
    ""example_molecule_smiles"": ""c1ccc(cc1)[N+H](C)C"",
    ""group_smarts"": ""[a]-[N+X4H1]"",
    ""atom_specific_smarts"": ""[cX3:1]-[N+X4H1]"",
    ""description"": ""Aryl ipso carbon of an aromatic ring directly attached to a protonated tertiary amine nitrogen [N+H](R)(R)."",
    ""uncertainty"": ""10""
  },
  {
    ""atom_type"": 1151,
    ""element"": ""C"",
    ""chemical_environment"": ""central carbon of the central C=C in a linear triene, disubstituted (no H on this carbon)"",
    ""functional_group"": ""conjugated triene (central alkene carbon, R2C=)"",
    ""hybridization"": ""sp2"",
    ""example_molecule_smiles"": ""C=C-C(=C(C)C)-C=C"",
    ""group_smarts"": ""[C;sp2]=[C;sp2]-[C;sp2]=[C;sp2]-[C;sp2]"",
    ""atom_specific_smarts"": ""[C;sp2X3H0:1](=[C;sp2X3])(-[C;sp2X3]=[C;sp2X3])[C;sp2X3]=[C;sp2X3]"",
    ""description"": ""One of the two carbons of the central C=C bond in a linear triene chain where this carbon has no hydrogens (R2C=). Neighbors: one sp2 C via a double bond (the other central alkene carbon) and two sp2 carbons via single bonds that are each part of terminal C=C bonds."",
    ""uncertainty"": ""35""
  },
  {
    ""atom_type"": 1152,
    ""element"": ""C"",
    ""chemical_environment"": ""central carbon of the central C=C in a linear triene, monosubstituted (one H on this carbon)"",
    ""functional_group"": ""conjugated triene (central alkene carbon, RH–C=)"",
    ""hybridization"": ""sp2"",
    ""example_molecule_smiles"": ""C=CC(=CH)C=C"",
    ""group_smarts"": ""[C;sp2]=[C;sp2]-[CH;sp2]=[C;sp2]-[C;sp2]"",
    ""atom_specific_smarts"": ""[CH;sp2X3:1](=[C;sp2X3])(-[C;sp2X3]=[C;sp2X3])[C;sp2X3]=[C;sp2X3]"",
    ""description"": ""One of the two carbons of the central C=C bond in a linear triene chain where this carbon has one hydrogen (RH–C=). Neighbors: one sp2 C via a double bond (the other central alkene carbon) and two sp2 carbons via single bonds that are each part of terminal C=C bonds."",
    ""uncertainty"": ""40""
  },
  {
    ""atom_type"": 1154,
    ""element"": ""C"",
    ""chemical_environment"": ""terminal carbon (C1) of an allene, CH2 group"",
    ""functional_group"": ""allene terminal carbon (CH2=C=)"",
    ""hybridization"": ""sp2"",
    ""example_molecule_smiles"": ""C=C=C"",
    ""group_smarts"": ""[C;sp2]=[C;spX2]=[C;sp2]"",
    ""atom_specific_smarts"": ""[CH2:1]=[C;spX2](=C)"",
    ""description"": ""Allene terminal carbon (C1) as a methylene (CH2) double-bonded to the central sp carbon of the cumulene."",
    ""uncertainty"": ""10""
  },
  {
    ""atom_type"": 1155,
    ""element"": ""C"",
    ""chemical_environment"": ""terminal carbon (C1) of an allene, CHR group"",
    ""functional_group"": ""allene terminal carbon (substituted, CHR)"",
    ""hybridization"": ""sp2"",
    ""example_molecule_smiles"": ""CC(=C=CH2)C"",
    ""group_smarts"": ""[C;sp2]=[C;spX2]=[C;sp2]"",
    ""atom_specific_smarts"": ""[CH:1]=[C;spX2](=C)"",
    ""description"": ""Allene terminal carbon (C1) with one hydrogen (CHR), double-bonded to the central sp cumulene carbon."",
    ""uncertainty"": ""12""
  },
  {
    ""atom_type"": 1156,
    ""element"": ""C"",
    ""chemical_environment"": ""terminal carbon (C1) of an allene, CR2 group (no hydrogens)"",
    ""functional_group"": ""allene terminal carbon (fully substituted, CR2)"",
    ""hybridization"": ""sp2"",
    ""example_molecule_smiles"": ""CC(C)=C=C=CH2"",
    ""group_smarts"": ""[C;sp2]=[C;spX2]=[C;sp2]"",
    ""atom_specific_smarts"": ""[C;H0:1]=[C;spX2](=C)"",
    ""description"": ""Allene terminal carbon (C1) with no hydrogens (CR2), double-bonded to the central sp cumulene carbon."",
    ""uncertainty"": ""15""
  },
  {
    ""atom_type"": 1157,
    ""element"": ""C"",
    ""chemical_environment"": ""central carbon (C2) of an allene (cumulated diene)"",
    ""functional_group"": ""allene central carbon"",
    ""hybridization"": ""sp"",
    ""example_molecule_smiles"": ""C=C=C"",
    ""group_smarts"": ""[C;sp2]=[C;spX2]=[C;sp2]"",
    ""atom_specific_smarts"": ""[C;spX2:1](=C)=C"",
    ""description"": ""Allene central carbon (C2), sp-hybridized, double-bonded to both terminal sp2 carbons."",
    ""uncertainty"": ""10""
  },
  {
    ""atom_type"": 1158,
    ""element"": ""C"",
    ""chemical_environment"": ""central sp carbon of a ketene (R2C=C=O)"",
    ""functional_group"": ""ketene (cumulene carbon adjacent to carbonyl oxygen)"",
    ""hybridization"": ""sp"",
    ""example_molecule_smiles"": ""C=C=O"",
    ""group_smarts"": ""[C;sp2]=[C;spX2]=O"",
    ""atom_specific_smarts"": ""[C;spX2:1](=O)=C"",
    ""description"": ""Ketene central cumulene carbon (C2), sp-hybridized, double-bonded to O and to an sp2 carbon."",
    ""uncertainty"": ""10""
  },
  {
    ""atom_type"": 1160,
    ""element"": ""C"",
    ""chemical_environment"": ""carbon dioxide carbon (O=C=O)"",
    ""functional_group"": ""carbon dioxide (linear carbonyl di-oxide)"",
    ""hybridization"": ""sp"",
    ""example_molecule_smiles"": ""O=C=O"",
    ""group_smarts"": ""O=[C;spX2]=O"",
    ""atom_specific_smarts"": ""[C;spX2:1](=O)=O"",
    ""description"": ""CO2 carbon, sp-hybridized, double-bonded to two oxygens."",
    ""uncertainty"": ""5""
  },
  {
    ""atom_type"": 1200,
    ""element"": ""C"",
    ""chemical_environment"": ""aliphatic CH2 linking an imidazole ring to the alpha carbon in N-methylhistidine side chain (CB)"",
    ""functional_group"": ""amino acid side chain (histidine, N-methylated ring)"",
    ""hybridization"": ""sp3"",
    ""example_molecule_smiles"": ""CN1C=NC=C1-CH2-CH(N)C(=O)O"",
    ""group_smarts"": ""[CH2]-c1ncnc1"",
    ""atom_specific_smarts"": ""[CH2:1]-c1ncnc1"",
    ""description"": ""Histidine CB carbon: sp3 methylene attached to an imidazole ring carbon and to the alpha carbon of the amino acid (here ring N is N-methylated)."",
    ""uncertainty"": ""50""
  },
  {
    ""atom_type"": 1234,
    ""element"": ""C"",
    ""chemical_environment"": ""C2 carbon of thiazole (between ring N and S)"",
    ""functional_group"": ""thiazole aromatic carbon (C2)"",
    ""hybridization"": ""sp2 (aromatic)"",
    ""example_molecule_smiles"": ""n1cscc1"",
    ""group_smarts"": ""[nH0;r5]:[c;r5]:[s;r5]:[c;r5]:[c;r5]"",
    ""atom_specific_smarts"": ""[nH0;r5]:[cX3H0;r5:1]:[s;r5]"",
    ""description"": ""Aromatic carbon at position 2 of thiazole, bonded to both the ring pyridine-like N and the ring sulfur."",
    ""uncertainty"": ""25""
  },
  {
    ""atom_type"": 1236,
    ""element"": ""C"",
    ""chemical_environment"": ""C4 carbon of thiazole (adjacent to S, not adjacent to ring N)"",
    ""functional_group"": ""thiazole aromatic carbon (C4)"",
    ""hybridization"": ""sp2 (aromatic)"",
    ""example_molecule_smiles"": ""n1cscc1"",
    ""group_smarts"": ""[nH0;r5]:[c;r5]:[s;r5]:[c;r5]:[c;r5]"",
    ""atom_specific_smarts"": ""[s;r5]:[cX3;r5:1]:[c;r5;!n]"",
    ""description"": ""Aromatic carbon at position 4 of thiazole, bonded to the ring sulfur and another aromatic carbon (not directly to the ring N)."",
    ""uncertainty"": ""25""
  },
  {
    ""atom_type"": 1237,
    ""element"": ""C"",
    ""chemical_environment"": ""C5 carbon of thiazole (adjacent to ring N, not adjacent to S)"",
    ""functional_group"": ""thiazole aromatic carbon (C5)"",
    ""hybridization"": ""sp2 (aromatic)"",
    ""example_molecule_smiles"": ""n1cscc1"",
    ""group_smarts"": ""[nH0;r5]:[c;r5]:[s;r5]:[c;r5]:[c;r5]"",
    ""atom_specific_smarts"": ""[c;r5]:[cX3;r5:1]:[nH0;r5]"",
    ""description"": ""Aromatic carbon at position 5 of thiazole, bonded to an aromatic carbon and directly to the ring pyridine-like nitrogen."",
    ""uncertainty"": ""25""
  },
  {
    ""atom_type"": 1260,
    ""element"": ""C"",
    ""chemical_environment"": ""methylene carbon in 2,2,2-trifluoroethanol (between CF3 and OH)"",
    ""functional_group"": ""aliphatic alcohol (TFE CH2 next to CF3)"",
    ""hybridization"": ""sp3"",
    ""example_molecule_smiles"": ""FC(F)(F)CH2O"",
    ""group_smarts"": ""[CH2]-O-[H]"",
    ""atom_specific_smarts"": ""[CH2:1](-O)-[C;H0X4](F)(F)F"",
    ""description"": ""The CH2 carbon in CF3–CH2–OH; bonded to oxygen of the hydroxyl group and to a trifluoromethyl carbon."",
    ""uncertainty"": ""10""
  },
  {
    ""atom_type"": 1261,
    ""element"": ""C"",
    ""chemical_environment"": ""trifluoromethyl carbon"",
    ""functional_group"": ""trifluoromethyl (CF3)"",
    ""hybridization"": ""sp3"",
    ""example_molecule_smiles"": ""FC(F)(F)C"",
    ""group_smarts"": ""[C;H0X4](F)(F)F"",
    ""atom_specific_smarts"": ""[C;H0X4:1](F)(F)F"",
    ""description"": ""CF3 carbon bearing three fluorine substituents."",
    ""uncertainty"": ""15""
  },
  {
    ""atom_type"": 1268,
    ""element"": ""C"",
    ""chemical_environment"": ""cyclopropane ring CH bearing a vinyl substituent (–CH=CH2)"",
    ""functional_group"": ""vinylcyclopropane (ring carbon at the substitution site)"",
    ""hybridization"": ""sp3"",
    ""example_molecule_smiles"": ""C1C(C1)C=CH2"",
    ""group_smarts"": ""[C;R3]-[C;R3]-[C;R3]-[CH;sp2]=[CH2]"",
    ""atom_specific_smarts"": ""[CH;R3:1]-[CH;sp2]=[CH2]"",
    ""description"": ""Cyclopropane ring carbon (CH) that is directly bonded to the internal vinylic CH of a –CH=CH2 substituent."",
    ""uncertainty"": ""25""
  },
  {
    ""atom_type"": 1269,
    ""element"": ""C"",
    ""chemical_environment"": ""internal vinylic CH of a –CH=CH2 group directly attached to a cyclopropane carbon"",
    ""functional_group"": ""vinylcyclopropane (vinylic carbon attached to cyclopropane)"",
    ""hybridization"": ""sp2"",
    ""example_molecule_smiles"": ""C1C(C1)C=CH2"",
    ""group_smarts"": ""[C;R3]-[CH;sp2]=[CH2]"",
    ""atom_specific_smarts"": ""[CH;sp2:1](-[C;R3])=[CH2]"",
    ""description"": ""The vinylic CH carbon of the vinyl substituent in vinylcyclopropane; one bond to a cyclopropyl carbon and double-bonded to a terminal CH2."",
    ""uncertainty"": ""25""
  },
  {
    ""atom_type"": 1270,
    ""element"": ""C"",
    ""chemical_environment"": ""cyclopropane ring CH bearing an ethynyl substituent (–C≡CH)"",
    ""functional_group"": ""ethynylcyclopropane (ring carbon at the substitution site)"",
    ""hybridization"": ""sp3"",
    ""example_molecule_smiles"": ""C1C(C1)C#CH"",
    ""group_smarts"": ""[CH;R3]-[C;sp]#[CH]"",
    ""atom_specific_smarts"": ""[CH;R3:1]-[C;sp]#[CH]"",
    ""description"": ""Cyclopropane ring carbon (CH) directly bonded to the internal acetylenic carbon of an ethynyl group (–C≡CH)."",
    ""uncertainty"": ""25""
  },
  {
    ""atom_type"": 1271,
    ""element"": ""C"",
    ""chemical_environment"": ""internal acetylenic carbon of an ethynyl group attached to a cyclopropane carbon"",
    ""functional_group"": ""ethynylcyclopropane (alkynyl carbon next to ring)"",
    ""hybridization"": ""sp"",
    ""example_molecule_smiles"": ""C1C(C1)C#CH"",
    ""group_smarts"": ""[C;R3]-[C;sp]#[CH]"",
    ""atom_specific_smarts"": ""[C;sp:1](-[C;R3])#[CH]"",
    ""description"": ""The sp carbon of –C≡CH directly bonded to a cyclopropane carbon (the other alkyne carbon is terminal CH)."",
    ""uncertainty"": ""30""
  }
]"
1128,0.155,C  - CA   | Cipso (ArNR2H+),12.011,oplsaa2024.lt,C,6,"Convert the following OPLS-AA atom type rows:

Atom Type Data:
- Atom index: 1126
- Force field raw info: C  - CA   | Cipso (ArNR3+)
- Partial charge: 0.135
- Atomic mass: 12.011
- Element guess: C
- Atomic number: 6
- Source file: oplsaa2024.lt


Atom Type Data:
- Atom index: 1128
- Force field raw info: C  - CA   | Cipso (ArNR2H+)
- Partial charge: 0.155
- Atomic mass: 12.011
- Element guess: C
- Atomic number: 6
- Source file: oplsaa2024.lt


Atom Type Data:
- Atom index: 1151
- Force field raw info: C  - C|   | triene C (R2-C=) central C=C
- Partial charge: 0.0
- Atomic mass: 12.011
- Element guess: C
- Atomic number: 6
- Source file: oplsaa2024.lt


Atom Type Data:
- Atom index: 1152
- Force field raw info: C  - C|   | triene C (RH-C=) central C=C
- Partial charge: -0.115
- Atomic mass: 12.011
- Element guess: C
- Atomic number: 6
- Source file: oplsaa2024.lt


Atom Type Data:
- Atom index: 1154
- Force field raw info: C  - CM   | allene C1 CH2
- Partial charge: -0.25
- Atomic mass: 12.011
- Element guess: C
- Atomic number: 6
- Source file: oplsaa2024.lt


Atom Type Data:
- Atom index: 1155
- Force field raw info: C  - CM   | allene C1 CHR
- Partial charge: -0.1
- Atomic mass: 12.011
- Element guess: C
- Atomic number: 6
- Source file: oplsaa2024.lt


Atom Type Data:
- Atom index: 1156
- Force field raw info: C  - CM   | allene C1 CR2
- Partial charge: 0.05
- Atomic mass: 12.011
- Element guess: C
- Atomic number: 6
- Source file: oplsaa2024.lt


Atom Type Data:
- Atom index: 1157
- Force field raw info: C  - C°   | allene C2
- Partial charge: -0.1
- Atomic mass: 12.011
- Element guess: C
- Atomic number: 6
- Source file: oplsaa2024.lt


Atom Type Data:
- Atom index: 1158
- Force field raw info: C  - C°   | ketene C2
- Partial charge: 0.2
- Atomic mass: 12.011
- Element guess: C
- Atomic number: 6
- Source file: oplsaa2024.lt


Atom Type Data:
- Atom index: 1160
- Force field raw info: C  - C°   | CO2 Madura 2009 carbon dioxide
- Partial charge: 0.7
- Atomic mass: 12.011
- Element guess: C
- Atomic number: 6
- Source file: oplsaa2024.lt


Atom Type Data:
- Atom index: 1200
- Force field raw info: C  - CT   | CB in N-Me HIS
- Partial charge: 0.088
- Atomic mass: 12.011
- Element guess: C
- Atomic number: 6
- Source file: oplsaa2024.lt


Atom Type Data:
- Atom index: 1234
- Force field raw info: C  - CR   | C2 thiazole jlj0003
- Partial charge: 0.35
- Atomic mass: 12.011
- Element guess: C
- Atomic number: 6
- Source file: oplsaa2024.lt


Atom Type Data:
- Atom index: 1236
- Force field raw info: C  - CV   | C4 thiazole jlj0003
- Partial charge: 0.0
- Atomic mass: 12.011
- Element guess: C
- Atomic number: 6
- Source file: oplsaa2024.lt


Atom Type Data:
- Atom index: 1237
- Force field raw info: C  - CW   | C5 thiazole jlj0003
- Partial charge: -0.15
- Atomic mass: 12.011
- Element guess: C
- Atomic number: 6
- Source file: oplsaa2024.lt


Atom Type Data:
- Atom index: 1260
- Force field raw info: C  - CT   | CH2 Trifluoroethanol TFE
- Partial charge: 0.1263
- Atomic mass: 12.011
- Element guess: C
- Atomic number: 6
- Source file: oplsaa2024.lt


Atom Type Data:
- Atom index: 1261
- Force field raw info: C  - CT   | CF3 E Duffy Thesis 1994
- Partial charge: 0.5323
- Atomic mass: 12.011
- Element guess: C
- Atomic number: 6
- Source file: oplsaa2024.lt


Atom Type Data:
- Atom index: 1268
- Force field raw info: C  - CY   | CHCH=CH2 vinylcyclopropane OPLS-2020
- Partial charge: -0.005
- Atomic mass: 12.011
- Element guess: C
- Atomic number: 6
- Source file: oplsaa2024.lt


Atom Type Data:
- Atom index: 1269
- Force field raw info: C  - CM   | vinylcyclopropane
- Partial charge: -0.17
- Atomic mass: 12.011
- Element guess: C
- Atomic number: 6
- Source file: oplsaa2024.lt


Atom Type Data:
- Atom index: 1270
- Force field raw info: C  - CY   | CHC%CH ethynylcyclopropane OPLS-2020
- Partial charge: 0.08
- Atomic mass: 12.011
- Element guess: C
- Atomic number: 6
- Source file: oplsaa2024.lt


Atom Type Data:
- Atom index: 1271
- Force field raw info: C  - CZ   | ethynylcyclopropane
- Partial charge: -0.14
- Atomic mass: 12.011
- Element guess: C
- Atomic number: 6
- Source file: oplsaa2024.lt
","[
  {
    ""atom_type"": 1126,
    ""element"": ""C"",
    ""chemical_environment"": ""ipso aromatic carbon bonded directly to a quaternary ammonium nitrogen"",
    ""functional_group"": ""aryl quaternary ammonium (Ar–N+(R)3)"",
    ""hybridization"": ""sp2 (aromatic)"",
    ""example_molecule_smiles"": ""c1ccc(cc1)[N+](C)(C)C"",
    ""group_smarts"": ""[a]-[N+X4]"",
    ""atom_specific_smarts"": ""[cX3H0:1]-[N+X4]"",
    ""description"": ""Aryl ipso carbon of an aromatic ring directly attached to a quaternary ammonium nitrogen [N+](R)(R)R (no N–H)."",
    ""uncertainty"": ""10""
  },
  {
    ""atom_type"": 1128,
    ""element"": ""C"",
    ""chemical_environment"": ""ipso aromatic carbon bonded directly to a protonated tertiary anilinium nitrogen"",
    ""functional_group"": ""aryl ammonium (Ar–N+H(R)2)"",
    ""hybridization"": ""sp2 (aromatic)"",
    ""example_molecule_smiles"": ""c1ccc(cc1)[N+H](C)C"",
    ""group_smarts"": ""[a]-[N+X4H1]"",
    ""atom_specific_smarts"": ""[cX3:1]-[N+X4H1]"",
    ""description"": ""Aryl ipso carbon of an aromatic ring directly attached to a protonated tertiary amine nitrogen [N+H](R)(R)."",
    ""uncertainty"": ""10""
  },
  {
    ""atom_type"": 1151,
    ""element"": ""C"",
    ""chemical_environment"": ""central carbon of the central C=C in a linear triene, disubstituted (no H on this carbon)"",
    ""functional_group"": ""conjugated triene (central alkene carbon, R2C=)"",
    ""hybridization"": ""sp2"",
    ""example_molecule_smiles"": ""C=C-C(=C(C)C)-C=C"",
    ""group_smarts"": ""[C;sp2]=[C;sp2]-[C;sp2]=[C;sp2]-[C;sp2]"",
    ""atom_specific_smarts"": ""[C;sp2X3H0:1](=[C;sp2X3])(-[C;sp2X3]=[C;sp2X3])[C;sp2X3]=[C;sp2X3]"",
    ""description"": ""One of the two carbons of the central C=C bond in a linear triene chain where this carbon has no hydrogens (R2C=). Neighbors: one sp2 C via a double bond (the other central alkene carbon) and two sp2 carbons via single bonds that are each part of terminal C=C bonds."",
    ""uncertainty"": ""35""
  },
  {
    ""atom_type"": 1152,
    ""element"": ""C"",
    ""chemical_environment"": ""central carbon of the central C=C in a linear triene, monosubstituted (one H on this carbon)"",
    ""functional_group"": ""conjugated triene (central alkene carbon, RH–C=)"",
    ""hybridization"": ""sp2"",
    ""example_molecule_smiles"": ""C=CC(=CH)C=C"",
    ""group_smarts"": ""[C;sp2]=[C;sp2]-[CH;sp2]=[C;sp2]-[C;sp2]"",
    ""atom_specific_smarts"": ""[CH;sp2X3:1](=[C;sp2X3])(-[C;sp2X3]=[C;sp2X3])[C;sp2X3]=[C;sp2X3]"",
    ""description"": ""One of the two carbons of the central C=C bond in a linear triene chain where this carbon has one hydrogen (RH–C=). Neighbors: one sp2 C via a double bond (the other central alkene carbon) and two sp2 carbons via single bonds that are each part of terminal C=C bonds."",
    ""uncertainty"": ""40""
  },
  {
    ""atom_type"": 1154,
    ""element"": ""C"",
    ""chemical_environment"": ""terminal carbon (C1) of an allene, CH2 group"",
    ""functional_group"": ""allene terminal carbon (CH2=C=)"",
    ""hybridization"": ""sp2"",
    ""example_molecule_smiles"": ""C=C=C"",
    ""group_smarts"": ""[C;sp2]=[C;spX2]=[C;sp2]"",
    ""atom_specific_smarts"": ""[CH2:1]=[C;spX2](=C)"",
    ""description"": ""Allene terminal carbon (C1) as a methylene (CH2) double-bonded to the central sp carbon of the cumulene."",
    ""uncertainty"": ""10""
  },
  {
    ""atom_type"": 1155,
    ""element"": ""C"",
    ""chemical_environment"": ""terminal carbon (C1) of an allene, CHR group"",
    ""functional_group"": ""allene terminal carbon (substituted, CHR)"",
    ""hybridization"": ""sp2"",
    ""example_molecule_smiles"": ""CC(=C=CH2)C"",
    ""group_smarts"": ""[C;sp2]=[C;spX2]=[C;sp2]"",
    ""atom_specific_smarts"": ""[CH:1]=[C;spX2](=C)"",
    ""description"": ""Allene terminal carbon (C1) with one hydrogen (CHR), double-bonded to the central sp cumulene carbon."",
    ""uncertainty"": ""12""
  },
  {
    ""atom_type"": 1156,
    ""element"": ""C"",
    ""chemical_environment"": ""terminal carbon (C1) of an allene, CR2 group (no hydrogens)"",
    ""functional_group"": ""allene terminal carbon (fully substituted, CR2)"",
    ""hybridization"": ""sp2"",
    ""example_molecule_smiles"": ""CC(C)=C=C=CH2"",
    ""group_smarts"": ""[C;sp2]=[C;spX2]=[C;sp2]"",
    ""atom_specific_smarts"": ""[C;H0:1]=[C;spX2](=C)"",
    ""description"": ""Allene terminal carbon (C1) with no hydrogens (CR2), double-bonded to the central sp cumulene carbon."",
    ""uncertainty"": ""15""
  },
  {
    ""atom_type"": 1157,
    ""element"": ""C"",
    ""chemical_environment"": ""central carbon (C2) of an allene (cumulated diene)"",
    ""functional_group"": ""allene central carbon"",
    ""hybridization"": ""sp"",
    ""example_molecule_smiles"": ""C=C=C"",
    ""group_smarts"": ""[C;sp2]=[C;spX2]=[C;sp2]"",
    ""atom_specific_smarts"": ""[C;spX2:1](=C)=C"",
    ""description"": ""Allene central carbon (C2), sp-hybridized, double-bonded to both terminal sp2 carbons."",
    ""uncertainty"": ""10""
  },
  {
    ""atom_type"": 1158,
    ""element"": ""C"",
    ""chemical_environment"": ""central sp carbon of a ketene (R2C=C=O)"",
    ""functional_group"": ""ketene (cumulene carbon adjacent to carbonyl oxygen)"",
    ""hybridization"": ""sp"",
    ""example_molecule_smiles"": ""C=C=O"",
    ""group_smarts"": ""[C;sp2]=[C;spX2]=O"",
    ""atom_specific_smarts"": ""[C;spX2:1](=O)=C"",
    ""description"": ""Ketene central cumulene carbon (C2), sp-hybridized, double-bonded to O and to an sp2 carbon."",
    ""uncertainty"": ""10""
  },
  {
    ""atom_type"": 1160,
    ""element"": ""C"",
    ""chemical_environment"": ""carbon dioxide carbon (O=C=O)"",
    ""functional_group"": ""carbon dioxide (linear carbonyl di-oxide)"",
    ""hybridization"": ""sp"",
    ""example_molecule_smiles"": ""O=C=O"",
    ""group_smarts"": ""O=[C;spX2]=O"",
    ""atom_specific_smarts"": ""[C;spX2:1](=O)=O"",
    ""description"": ""CO2 carbon, sp-hybridized, double-bonded to two oxygens."",
    ""uncertainty"": ""5""
  },
  {
    ""atom_type"": 1200,
    ""element"": ""C"",
    ""chemical_environment"": ""aliphatic CH2 linking an imidazole ring to the alpha carbon in N-methylhistidine side chain (CB)"",
    ""functional_group"": ""amino acid side chain (histidine, N-methylated ring)"",
    ""hybridization"": ""sp3"",
    ""example_molecule_smiles"": ""CN1C=NC=C1-CH2-CH(N)C(=O)O"",
    ""group_smarts"": ""[CH2]-c1ncnc1"",
    ""atom_specific_smarts"": ""[CH2:1]-c1ncnc1"",
    ""description"": ""Histidine CB carbon: sp3 methylene attached to an imidazole ring carbon and to the alpha carbon of the amino acid (here ring N is N-methylated)."",
    ""uncertainty"": ""50""
  },
  {
    ""atom_type"": 1234,
    ""element"": ""C"",
    ""chemical_environment"": ""C2 carbon of thiazole (between ring N and S)"",
    ""functional_group"": ""thiazole aromatic carbon (C2)"",
    ""hybridization"": ""sp2 (aromatic)"",
    ""example_molecule_smiles"": ""n1cscc1"",
    ""group_smarts"": ""[nH0;r5]:[c;r5]:[s;r5]:[c;r5]:[c;r5]"",
    ""atom_specific_smarts"": ""[nH0;r5]:[cX3H0;r5:1]:[s;r5]"",
    ""description"": ""Aromatic carbon at position 2 of thiazole, bonded to both the ring pyridine-like N and the ring sulfur."",
    ""uncertainty"": ""25""
  },
  {
    ""atom_type"": 1236,
    ""element"": ""C"",
    ""chemical_environment"": ""C4 carbon of thiazole (adjacent to S, not adjacent to ring N)"",
    ""functional_group"": ""thiazole aromatic carbon (C4)"",
    ""hybridization"": ""sp2 (aromatic)"",
    ""example_molecule_smiles"": ""n1cscc1"",
    ""group_smarts"": ""[nH0;r5]:[c;r5]:[s;r5]:[c;r5]:[c;r5]"",
    ""atom_specific_smarts"": ""[s;r5]:[cX3;r5:1]:[c;r5;!n]"",
    ""description"": ""Aromatic carbon at position 4 of thiazole, bonded to the ring sulfur and another aromatic carbon (not directly to the ring N)."",
    ""uncertainty"": ""25""
  },
  {
    ""atom_type"": 1237,
    ""element"": ""C"",
    ""chemical_environment"": ""C5 carbon of thiazole (adjacent to ring N, not adjacent to S)"",
    ""functional_group"": ""thiazole aromatic carbon (C5)"",
    ""hybridization"": ""sp2 (aromatic)"",
    ""example_molecule_smiles"": ""n1cscc1"",
    ""group_smarts"": ""[nH0;r5]:[c;r5]:[s;r5]:[c;r5]:[c;r5]"",
    ""atom_specific_smarts"": ""[c;r5]:[cX3;r5:1]:[nH0;r5]"",
    ""description"": ""Aromatic carbon at position 5 of thiazole, bonded to an aromatic carbon and directly to the ring pyridine-like nitrogen."",
    ""uncertainty"": ""25""
  },
  {
    ""atom_type"": 1260,
    ""element"": ""C"",
    ""chemical_environment"": ""methylene carbon in 2,2,2-trifluoroethanol (between CF3 and OH)"",
    ""functional_group"": ""aliphatic alcohol (TFE CH2 next to CF3)"",
    ""hybridization"": ""sp3"",
    ""example_molecule_smiles"": ""FC(F)(F)CH2O"",
    ""group_smarts"": ""[CH2]-O-[H]"",
    ""atom_specific_smarts"": ""[CH2:1](-O)-[C;H0X4](F)(F)F"",
    ""description"": ""The CH2 carbon in CF3–CH2–OH; bonded to oxygen of the hydroxyl group and to a trifluoromethyl carbon."",
    ""uncertainty"": ""10""
  },
  {
    ""atom_type"": 1261,
    ""element"": ""C"",
    ""chemical_environment"": ""trifluoromethyl carbon"",
    ""functional_group"": ""trifluoromethyl (CF3)"",
    ""hybridization"": ""sp3"",
    ""example_molecule_smiles"": ""FC(F)(F)C"",
    ""group_smarts"": ""[C;H0X4](F)(F)F"",
    ""atom_specific_smarts"": ""[C;H0X4:1](F)(F)F"",
    ""description"": ""CF3 carbon bearing three fluorine substituents."",
    ""uncertainty"": ""15""
  },
  {
    ""atom_type"": 1268,
    ""element"": ""C"",
    ""chemical_environment"": ""cyclopropane ring CH bearing a vinyl substituent (–CH=CH2)"",
    ""functional_group"": ""vinylcyclopropane (ring carbon at the substitution site)"",
    ""hybridization"": ""sp3"",
    ""example_molecule_smiles"": ""C1C(C1)C=CH2"",
    ""group_smarts"": ""[C;R3]-[C;R3]-[C;R3]-[CH;sp2]=[CH2]"",
    ""atom_specific_smarts"": ""[CH;R3:1]-[CH;sp2]=[CH2]"",
    ""description"": ""Cyclopropane ring carbon (CH) that is directly bonded to the internal vinylic CH of a –CH=CH2 substituent."",
    ""uncertainty"": ""25""
  },
  {
    ""atom_type"": 1269,
    ""element"": ""C"",
    ""chemical_environment"": ""internal vinylic CH of a –CH=CH2 group directly attached to a cyclopropane carbon"",
    ""functional_group"": ""vinylcyclopropane (vinylic carbon attached to cyclopropane)"",
    ""hybridization"": ""sp2"",
    ""example_molecule_smiles"": ""C1C(C1)C=CH2"",
    ""group_smarts"": ""[C;R3]-[CH;sp2]=[CH2]"",
    ""atom_specific_smarts"": ""[CH;sp2:1](-[C;R3])=[CH2]"",
    ""description"": ""The vinylic CH carbon of the vinyl substituent in vinylcyclopropane; one bond to a cyclopropyl carbon and double-bonded to a terminal CH2."",
    ""uncertainty"": ""25""
  },
  {
    ""atom_type"": 1270,
    ""element"": ""C"",
    ""chemical_environment"": ""cyclopropane ring CH bearing an ethynyl substituent (–C≡CH)"",
    ""functional_group"": ""ethynylcyclopropane (ring carbon at the substitution site)"",
    ""hybridization"": ""sp3"",
    ""example_molecule_smiles"": ""C1C(C1)C#CH"",
    ""group_smarts"": ""[CH;R3]-[C;sp]#[CH]"",
    ""atom_specific_smarts"": ""[CH;R3:1]-[C;sp]#[CH]"",
    ""description"": ""Cyclopropane ring carbon (CH) directly bonded to the internal acetylenic carbon of an ethynyl group (–C≡CH)."",
    ""uncertainty"": ""25""
  },
  {
    ""atom_type"": 1271,
    ""element"": ""C"",
    ""chemical_environment"": ""internal acetylenic carbon of an ethynyl group attached to a cyclopropane carbon"",
    ""functional_group"": ""ethynylcyclopropane (alkynyl carbon next to ring)"",
    ""hybridization"": ""sp"",
    ""example_molecule_smiles"": ""C1C(C1)C#CH"",
    ""group_smarts"": ""[C;R3]-[C;sp]#[CH]"",
    ""atom_specific_smarts"": ""[C;sp:1](-[C;R3])#[CH]"",
    ""description"": ""The sp carbon of –C≡CH directly bonded to a cyclopropane carbon (the other alkyne carbon is terminal CH)."",
    ""uncertainty"": ""30""
  }
]"
1151,0.0,C  - C|   | triene C (R2-C=) central C=C,12.011,oplsaa2024.lt,C,6,"Convert the following OPLS-AA atom type rows:

Atom Type Data:
- Atom index: 1126
- Force field raw info: C  - CA   | Cipso (ArNR3+)
- Partial charge: 0.135
- Atomic mass: 12.011
- Element guess: C
- Atomic number: 6
- Source file: oplsaa2024.lt


Atom Type Data:
- Atom index: 1128
- Force field raw info: C  - CA   | Cipso (ArNR2H+)
- Partial charge: 0.155
- Atomic mass: 12.011
- Element guess: C
- Atomic number: 6
- Source file: oplsaa2024.lt


Atom Type Data:
- Atom index: 1151
- Force field raw info: C  - C|   | triene C (R2-C=) central C=C
- Partial charge: 0.0
- Atomic mass: 12.011
- Element guess: C
- Atomic number: 6
- Source file: oplsaa2024.lt


Atom Type Data:
- Atom index: 1152
- Force field raw info: C  - C|   | triene C (RH-C=) central C=C
- Partial charge: -0.115
- Atomic mass: 12.011
- Element guess: C
- Atomic number: 6
- Source file: oplsaa2024.lt


Atom Type Data:
- Atom index: 1154
- Force field raw info: C  - CM   | allene C1 CH2
- Partial charge: -0.25
- Atomic mass: 12.011
- Element guess: C
- Atomic number: 6
- Source file: oplsaa2024.lt


Atom Type Data:
- Atom index: 1155
- Force field raw info: C  - CM   | allene C1 CHR
- Partial charge: -0.1
- Atomic mass: 12.011
- Element guess: C
- Atomic number: 6
- Source file: oplsaa2024.lt


Atom Type Data:
- Atom index: 1156
- Force field raw info: C  - CM   | allene C1 CR2
- Partial charge: 0.05
- Atomic mass: 12.011
- Element guess: C
- Atomic number: 6
- Source file: oplsaa2024.lt


Atom Type Data:
- Atom index: 1157
- Force field raw info: C  - C°   | allene C2
- Partial charge: -0.1
- Atomic mass: 12.011
- Element guess: C
- Atomic number: 6
- Source file: oplsaa2024.lt


Atom Type Data:
- Atom index: 1158
- Force field raw info: C  - C°   | ketene C2
- Partial charge: 0.2
- Atomic mass: 12.011
- Element guess: C
- Atomic number: 6
- Source file: oplsaa2024.lt


Atom Type Data:
- Atom index: 1160
- Force field raw info: C  - C°   | CO2 Madura 2009 carbon dioxide
- Partial charge: 0.7
- Atomic mass: 12.011
- Element guess: C
- Atomic number: 6
- Source file: oplsaa2024.lt


Atom Type Data:
- Atom index: 1200
- Force field raw info: C  - CT   | CB in N-Me HIS
- Partial charge: 0.088
- Atomic mass: 12.011
- Element guess: C
- Atomic number: 6
- Source file: oplsaa2024.lt


Atom Type Data:
- Atom index: 1234
- Force field raw info: C  - CR   | C2 thiazole jlj0003
- Partial charge: 0.35
- Atomic mass: 12.011
- Element guess: C
- Atomic number: 6
- Source file: oplsaa2024.lt


Atom Type Data:
- Atom index: 1236
- Force field raw info: C  - CV   | C4 thiazole jlj0003
- Partial charge: 0.0
- Atomic mass: 12.011
- Element guess: C
- Atomic number: 6
- Source file: oplsaa2024.lt


Atom Type Data:
- Atom index: 1237
- Force field raw info: C  - CW   | C5 thiazole jlj0003
- Partial charge: -0.15
- Atomic mass: 12.011
- Element guess: C
- Atomic number: 6
- Source file: oplsaa2024.lt


Atom Type Data:
- Atom index: 1260
- Force field raw info: C  - CT   | CH2 Trifluoroethanol TFE
- Partial charge: 0.1263
- Atomic mass: 12.011
- Element guess: C
- Atomic number: 6
- Source file: oplsaa2024.lt


Atom Type Data:
- Atom index: 1261
- Force field raw info: C  - CT   | CF3 E Duffy Thesis 1994
- Partial charge: 0.5323
- Atomic mass: 12.011
- Element guess: C
- Atomic number: 6
- Source file: oplsaa2024.lt


Atom Type Data:
- Atom index: 1268
- Force field raw info: C  - CY   | CHCH=CH2 vinylcyclopropane OPLS-2020
- Partial charge: -0.005
- Atomic mass: 12.011
- Element guess: C
- Atomic number: 6
- Source file: oplsaa2024.lt


Atom Type Data:
- Atom index: 1269
- Force field raw info: C  - CM   | vinylcyclopropane
- Partial charge: -0.17
- Atomic mass: 12.011
- Element guess: C
- Atomic number: 6
- Source file: oplsaa2024.lt


Atom Type Data:
- Atom index: 1270
- Force field raw info: C  - CY   | CHC%CH ethynylcyclopropane OPLS-2020
- Partial charge: 0.08
- Atomic mass: 12.011
- Element guess: C
- Atomic number: 6
- Source file: oplsaa2024.lt


Atom Type Data:
- Atom index: 1271
- Force field raw info: C  - CZ   | ethynylcyclopropane
- Partial charge: -0.14
- Atomic mass: 12.011
- Element guess: C
- Atomic number: 6
- Source file: oplsaa2024.lt
","[
  {
    ""atom_type"": 1126,
    ""element"": ""C"",
    ""chemical_environment"": ""ipso aromatic carbon bonded directly to a quaternary ammonium nitrogen"",
    ""functional_group"": ""aryl quaternary ammonium (Ar–N+(R)3)"",
    ""hybridization"": ""sp2 (aromatic)"",
    ""example_molecule_smiles"": ""c1ccc(cc1)[N+](C)(C)C"",
    ""group_smarts"": ""[a]-[N+X4]"",
    ""atom_specific_smarts"": ""[cX3H0:1]-[N+X4]"",
    ""description"": ""Aryl ipso carbon of an aromatic ring directly attached to a quaternary ammonium nitrogen [N+](R)(R)R (no N–H)."",
    ""uncertainty"": ""10""
  },
  {
    ""atom_type"": 1128,
    ""element"": ""C"",
    ""chemical_environment"": ""ipso aromatic carbon bonded directly to a protonated tertiary anilinium nitrogen"",
    ""functional_group"": ""aryl ammonium (Ar–N+H(R)2)"",
    ""hybridization"": ""sp2 (aromatic)"",
    ""example_molecule_smiles"": ""c1ccc(cc1)[N+H](C)C"",
    ""group_smarts"": ""[a]-[N+X4H1]"",
    ""atom_specific_smarts"": ""[cX3:1]-[N+X4H1]"",
    ""description"": ""Aryl ipso carbon of an aromatic ring directly attached to a protonated tertiary amine nitrogen [N+H](R)(R)."",
    ""uncertainty"": ""10""
  },
  {
    ""atom_type"": 1151,
    ""element"": ""C"",
    ""chemical_environment"": ""central carbon of the central C=C in a linear triene, disubstituted (no H on this carbon)"",
    ""functional_group"": ""conjugated triene (central alkene carbon, R2C=)"",
    ""hybridization"": ""sp2"",
    ""example_molecule_smiles"": ""C=C-C(=C(C)C)-C=C"",
    ""group_smarts"": ""[C;sp2]=[C;sp2]-[C;sp2]=[C;sp2]-[C;sp2]"",
    ""atom_specific_smarts"": ""[C;sp2X3H0:1](=[C;sp2X3])(-[C;sp2X3]=[C;sp2X3])[C;sp2X3]=[C;sp2X3]"",
    ""description"": ""One of the two carbons of the central C=C bond in a linear triene chain where this carbon has no hydrogens (R2C=). Neighbors: one sp2 C via a double bond (the other central alkene carbon) and two sp2 carbons via single bonds that are each part of terminal C=C bonds."",
    ""uncertainty"": ""35""
  },
  {
    ""atom_type"": 1152,
    ""element"": ""C"",
    ""chemical_environment"": ""central carbon of the central C=C in a linear triene, monosubstituted (one H on this carbon)"",
    ""functional_group"": ""conjugated triene (central alkene carbon, RH–C=)"",
    ""hybridization"": ""sp2"",
    ""example_molecule_smiles"": ""C=CC(=CH)C=C"",
    ""group_smarts"": ""[C;sp2]=[C;sp2]-[CH;sp2]=[C;sp2]-[C;sp2]"",
    ""atom_specific_smarts"": ""[CH;sp2X3:1](=[C;sp2X3])(-[C;sp2X3]=[C;sp2X3])[C;sp2X3]=[C;sp2X3]"",
    ""description"": ""One of the two carbons of the central C=C bond in a linear triene chain where this carbon has one hydrogen (RH–C=). Neighbors: one sp2 C via a double bond (the other central alkene carbon) and two sp2 carbons via single bonds that are each part of terminal C=C bonds."",
    ""uncertainty"": ""40""
  },
  {
    ""atom_type"": 1154,
    ""element"": ""C"",
    ""chemical_environment"": ""terminal carbon (C1) of an allene, CH2 group"",
    ""functional_group"": ""allene terminal carbon (CH2=C=)"",
    ""hybridization"": ""sp2"",
    ""example_molecule_smiles"": ""C=C=C"",
    ""group_smarts"": ""[C;sp2]=[C;spX2]=[C;sp2]"",
    ""atom_specific_smarts"": ""[CH2:1]=[C;spX2](=C)"",
    ""description"": ""Allene terminal carbon (C1) as a methylene (CH2) double-bonded to the central sp carbon of the cumulene."",
    ""uncertainty"": ""10""
  },
  {
    ""atom_type"": 1155,
    ""element"": ""C"",
    ""chemical_environment"": ""terminal carbon (C1) of an allene, CHR group"",
    ""functional_group"": ""allene terminal carbon (substituted, CHR)"",
    ""hybridization"": ""sp2"",
    ""example_molecule_smiles"": ""CC(=C=CH2)C"",
    ""group_smarts"": ""[C;sp2]=[C;spX2]=[C;sp2]"",
    ""atom_specific_smarts"": ""[CH:1]=[C;spX2](=C)"",
    ""description"": ""Allene terminal carbon (C1) with one hydrogen (CHR), double-bonded to the central sp cumulene carbon."",
    ""uncertainty"": ""12""
  },
  {
    ""atom_type"": 1156,
    ""element"": ""C"",
    ""chemical_environment"": ""terminal carbon (C1) of an allene, CR2 group (no hydrogens)"",
    ""functional_group"": ""allene terminal carbon (fully substituted, CR2)"",
    ""hybridization"": ""sp2"",
    ""example_molecule_smiles"": ""CC(C)=C=C=CH2"",
    ""group_smarts"": ""[C;sp2]=[C;spX2]=[C;sp2]"",
    ""atom_specific_smarts"": ""[C;H0:1]=[C;spX2](=C)"",
    ""description"": ""Allene terminal carbon (C1) with no hydrogens (CR2), double-bonded to the central sp cumulene carbon."",
    ""uncertainty"": ""15""
  },
  {
    ""atom_type"": 1157,
    ""element"": ""C"",
    ""chemical_environment"": ""central carbon (C2) of an allene (cumulated diene)"",
    ""functional_group"": ""allene central carbon"",
    ""hybridization"": ""sp"",
    ""example_molecule_smiles"": ""C=C=C"",
    ""group_smarts"": ""[C;sp2]=[C;spX2]=[C;sp2]"",
    ""atom_specific_smarts"": ""[C;spX2:1](=C)=C"",
    ""description"": ""Allene central carbon (C2), sp-hybridized, double-bonded to both terminal sp2 carbons."",
    ""uncertainty"": ""10""
  },
  {
    ""atom_type"": 1158,
    ""element"": ""C"",
    ""chemical_environment"": ""central sp carbon of a ketene (R2C=C=O)"",
    ""functional_group"": ""ketene (cumulene carbon adjacent to carbonyl oxygen)"",
    ""hybridization"": ""sp"",
    ""example_molecule_smiles"": ""C=C=O"",
    ""group_smarts"": ""[C;sp2]=[C;spX2]=O"",
    ""atom_specific_smarts"": ""[C;spX2:1](=O)=C"",
    ""description"": ""Ketene central cumulene carbon (C2), sp-hybridized, double-bonded to O and to an sp2 carbon."",
    ""uncertainty"": ""10""
  },
  {
    ""atom_type"": 1160,
    ""element"": ""C"",
    ""chemical_environment"": ""carbon dioxide carbon (O=C=O)"",
    ""functional_group"": ""carbon dioxide (linear carbonyl di-oxide)"",
    ""hybridization"": ""sp"",
    ""example_molecule_smiles"": ""O=C=O"",
    ""group_smarts"": ""O=[C;spX2]=O"",
    ""atom_specific_smarts"": ""[C;spX2:1](=O)=O"",
    ""description"": ""CO2 carbon, sp-hybridized, double-bonded to two oxygens."",
    ""uncertainty"": ""5""
  },
  {
    ""atom_type"": 1200,
    ""element"": ""C"",
    ""chemical_environment"": ""aliphatic CH2 linking an imidazole ring to the alpha carbon in N-methylhistidine side chain (CB)"",
    ""functional_group"": ""amino acid side chain (histidine, N-methylated ring)"",
    ""hybridization"": ""sp3"",
    ""example_molecule_smiles"": ""CN1C=NC=C1-CH2-CH(N)C(=O)O"",
    ""group_smarts"": ""[CH2]-c1ncnc1"",
    ""atom_specific_smarts"": ""[CH2:1]-c1ncnc1"",
    ""description"": ""Histidine CB carbon: sp3 methylene attached to an imidazole ring carbon and to the alpha carbon of the amino acid (here ring N is N-methylated)."",
    ""uncertainty"": ""50""
  },
  {
    ""atom_type"": 1234,
    ""element"": ""C"",
    ""chemical_environment"": ""C2 carbon of thiazole (between ring N and S)"",
    ""functional_group"": ""thiazole aromatic carbon (C2)"",
    ""hybridization"": ""sp2 (aromatic)"",
    ""example_molecule_smiles"": ""n1cscc1"",
    ""group_smarts"": ""[nH0;r5]:[c;r5]:[s;r5]:[c;r5]:[c;r5]"",
    ""atom_specific_smarts"": ""[nH0;r5]:[cX3H0;r5:1]:[s;r5]"",
    ""description"": ""Aromatic carbon at position 2 of thiazole, bonded to both the ring pyridine-like N and the ring sulfur."",
    ""uncertainty"": ""25""
  },
  {
    ""atom_type"": 1236,
    ""element"": ""C"",
    ""chemical_environment"": ""C4 carbon of thiazole (adjacent to S, not adjacent to ring N)"",
    ""functional_group"": ""thiazole aromatic carbon (C4)"",
    ""hybridization"": ""sp2 (aromatic)"",
    ""example_molecule_smiles"": ""n1cscc1"",
    ""group_smarts"": ""[nH0;r5]:[c;r5]:[s;r5]:[c;r5]:[c;r5]"",
    ""atom_specific_smarts"": ""[s;r5]:[cX3;r5:1]:[c;r5;!n]"",
    ""description"": ""Aromatic carbon at position 4 of thiazole, bonded to the ring sulfur and another aromatic carbon (not directly to the ring N)."",
    ""uncertainty"": ""25""
  },
  {
    ""atom_type"": 1237,
    ""element"": ""C"",
    ""chemical_environment"": ""C5 carbon of thiazole (adjacent to ring N, not adjacent to S)"",
    ""functional_group"": ""thiazole aromatic carbon (C5)"",
    ""hybridization"": ""sp2 (aromatic)"",
    ""example_molecule_smiles"": ""n1cscc1"",
    ""group_smarts"": ""[nH0;r5]:[c;r5]:[s;r5]:[c;r5]:[c;r5]"",
    ""atom_specific_smarts"": ""[c;r5]:[cX3;r5:1]:[nH0;r5]"",
    ""description"": ""Aromatic carbon at position 5 of thiazole, bonded to an aromatic carbon and directly to the ring pyridine-like nitrogen."",
    ""uncertainty"": ""25""
  },
  {
    ""atom_type"": 1260,
    ""element"": ""C"",
    ""chemical_environment"": ""methylene carbon in 2,2,2-trifluoroethanol (between CF3 and OH)"",
    ""functional_group"": ""aliphatic alcohol (TFE CH2 next to CF3)"",
    ""hybridization"": ""sp3"",
    ""example_molecule_smiles"": ""FC(F)(F)CH2O"",
    ""group_smarts"": ""[CH2]-O-[H]"",
    ""atom_specific_smarts"": ""[CH2:1](-O)-[C;H0X4](F)(F)F"",
    ""description"": ""The CH2 carbon in CF3–CH2–OH; bonded to oxygen of the hydroxyl group and to a trifluoromethyl carbon."",
    ""uncertainty"": ""10""
  },
  {
    ""atom_type"": 1261,
    ""element"": ""C"",
    ""chemical_environment"": ""trifluoromethyl carbon"",
    ""functional_group"": ""trifluoromethyl (CF3)"",
    ""hybridization"": ""sp3"",
    ""example_molecule_smiles"": ""FC(F)(F)C"",
    ""group_smarts"": ""[C;H0X4](F)(F)F"",
    ""atom_specific_smarts"": ""[C;H0X4:1](F)(F)F"",
    ""description"": ""CF3 carbon bearing three fluorine substituents."",
    ""uncertainty"": ""15""
  },
  {
    ""atom_type"": 1268,
    ""element"": ""C"",
    ""chemical_environment"": ""cyclopropane ring CH bearing a vinyl substituent (–CH=CH2)"",
    ""functional_group"": ""vinylcyclopropane (ring carbon at the substitution site)"",
    ""hybridization"": ""sp3"",
    ""example_molecule_smiles"": ""C1C(C1)C=CH2"",
    ""group_smarts"": ""[C;R3]-[C;R3]-[C;R3]-[CH;sp2]=[CH2]"",
    ""atom_specific_smarts"": ""[CH;R3:1]-[CH;sp2]=[CH2]"",
    ""description"": ""Cyclopropane ring carbon (CH) that is directly bonded to the internal vinylic CH of a –CH=CH2 substituent."",
    ""uncertainty"": ""25""
  },
  {
    ""atom_type"": 1269,
    ""element"": ""C"",
    ""chemical_environment"": ""internal vinylic CH of a –CH=CH2 group directly attached to a cyclopropane carbon"",
    ""functional_group"": ""vinylcyclopropane (vinylic carbon attached to cyclopropane)"",
    ""hybridization"": ""sp2"",
    ""example_molecule_smiles"": ""C1C(C1)C=CH2"",
    ""group_smarts"": ""[C;R3]-[CH;sp2]=[CH2]"",
    ""atom_specific_smarts"": ""[CH;sp2:1](-[C;R3])=[CH2]"",
    ""description"": ""The vinylic CH carbon of the vinyl substituent in vinylcyclopropane; one bond to a cyclopropyl carbon and double-bonded to a terminal CH2."",
    ""uncertainty"": ""25""
  },
  {
    ""atom_type"": 1270,
    ""element"": ""C"",
    ""chemical_environment"": ""cyclopropane ring CH bearing an ethynyl substituent (–C≡CH)"",
    ""functional_group"": ""ethynylcyclopropane (ring carbon at the substitution site)"",
    ""hybridization"": ""sp3"",
    ""example_molecule_smiles"": ""C1C(C1)C#CH"",
    ""group_smarts"": ""[CH;R3]-[C;sp]#[CH]"",
    ""atom_specific_smarts"": ""[CH;R3:1]-[C;sp]#[CH]"",
    ""description"": ""Cyclopropane ring carbon (CH) directly bonded to the internal acetylenic carbon of an ethynyl group (–C≡CH)."",
    ""uncertainty"": ""25""
  },
  {
    ""atom_type"": 1271,
    ""element"": ""C"",
    ""chemical_environment"": ""internal acetylenic carbon of an ethynyl group attached to a cyclopropane carbon"",
    ""functional_group"": ""ethynylcyclopropane (alkynyl carbon next to ring)"",
    ""hybridization"": ""sp"",
    ""example_molecule_smiles"": ""C1C(C1)C#CH"",
    ""group_smarts"": ""[C;R3]-[C;sp]#[CH]"",
    ""atom_specific_smarts"": ""[C;sp:1](-[C;R3])#[CH]"",
    ""description"": ""The sp carbon of –C≡CH directly bonded to a cyclopropane carbon (the other alkyne carbon is terminal CH)."",
    ""uncertainty"": ""30""
  }
]"
1152,-0.115,C  - C|   | triene C (RH-C=) central C=C,12.011,oplsaa2024.lt,C,6,"Convert the following OPLS-AA atom type rows:

Atom Type Data:
- Atom index: 1126
- Force field raw info: C  - CA   | Cipso (ArNR3+)
- Partial charge: 0.135
- Atomic mass: 12.011
- Element guess: C
- Atomic number: 6
- Source file: oplsaa2024.lt


Atom Type Data:
- Atom index: 1128
- Force field raw info: C  - CA   | Cipso (ArNR2H+)
- Partial charge: 0.155
- Atomic mass: 12.011
- Element guess: C
- Atomic number: 6
- Source file: oplsaa2024.lt


Atom Type Data:
- Atom index: 1151
- Force field raw info: C  - C|   | triene C (R2-C=) central C=C
- Partial charge: 0.0
- Atomic mass: 12.011
- Element guess: C
- Atomic number: 6
- Source file: oplsaa2024.lt


Atom Type Data:
- Atom index: 1152
- Force field raw info: C  - C|   | triene C (RH-C=) central C=C
- Partial charge: -0.115
- Atomic mass: 12.011
- Element guess: C
- Atomic number: 6
- Source file: oplsaa2024.lt


Atom Type Data:
- Atom index: 1154
- Force field raw info: C  - CM   | allene C1 CH2
- Partial charge: -0.25
- Atomic mass: 12.011
- Element guess: C
- Atomic number: 6
- Source file: oplsaa2024.lt


Atom Type Data:
- Atom index: 1155
- Force field raw info: C  - CM   | allene C1 CHR
- Partial charge: -0.1
- Atomic mass: 12.011
- Element guess: C
- Atomic number: 6
- Source file: oplsaa2024.lt


Atom Type Data:
- Atom index: 1156
- Force field raw info: C  - CM   | allene C1 CR2
- Partial charge: 0.05
- Atomic mass: 12.011
- Element guess: C
- Atomic number: 6
- Source file: oplsaa2024.lt


Atom Type Data:
- Atom index: 1157
- Force field raw info: C  - C°   | allene C2
- Partial charge: -0.1
- Atomic mass: 12.011
- Element guess: C
- Atomic number: 6
- Source file: oplsaa2024.lt


Atom Type Data:
- Atom index: 1158
- Force field raw info: C  - C°   | ketene C2
- Partial charge: 0.2
- Atomic mass: 12.011
- Element guess: C
- Atomic number: 6
- Source file: oplsaa2024.lt


Atom Type Data:
- Atom index: 1160
- Force field raw info: C  - C°   | CO2 Madura 2009 carbon dioxide
- Partial charge: 0.7
- Atomic mass: 12.011
- Element guess: C
- Atomic number: 6
- Source file: oplsaa2024.lt


Atom Type Data:
- Atom index: 1200
- Force field raw info: C  - CT   | CB in N-Me HIS
- Partial charge: 0.088
- Atomic mass: 12.011
- Element guess: C
- Atomic number: 6
- Source file: oplsaa2024.lt


Atom Type Data:
- Atom index: 1234
- Force field raw info: C  - CR   | C2 thiazole jlj0003
- Partial charge: 0.35
- Atomic mass: 12.011
- Element guess: C
- Atomic number: 6
- Source file: oplsaa2024.lt


Atom Type Data:
- Atom index: 1236
- Force field raw info: C  - CV   | C4 thiazole jlj0003
- Partial charge: 0.0
- Atomic mass: 12.011
- Element guess: C
- Atomic number: 6
- Source file: oplsaa2024.lt


Atom Type Data:
- Atom index: 1237
- Force field raw info: C  - CW   | C5 thiazole jlj0003
- Partial charge: -0.15
- Atomic mass: 12.011
- Element guess: C
- Atomic number: 6
- Source file: oplsaa2024.lt


Atom Type Data:
- Atom index: 1260
- Force field raw info: C  - CT   | CH2 Trifluoroethanol TFE
- Partial charge: 0.1263
- Atomic mass: 12.011
- Element guess: C
- Atomic number: 6
- Source file: oplsaa2024.lt


Atom Type Data:
- Atom index: 1261
- Force field raw info: C  - CT   | CF3 E Duffy Thesis 1994
- Partial charge: 0.5323
- Atomic mass: 12.011
- Element guess: C
- Atomic number: 6
- Source file: oplsaa2024.lt


Atom Type Data:
- Atom index: 1268
- Force field raw info: C  - CY   | CHCH=CH2 vinylcyclopropane OPLS-2020
- Partial charge: -0.005
- Atomic mass: 12.011
- Element guess: C
- Atomic number: 6
- Source file: oplsaa2024.lt


Atom Type Data:
- Atom index: 1269
- Force field raw info: C  - CM   | vinylcyclopropane
- Partial charge: -0.17
- Atomic mass: 12.011
- Element guess: C
- Atomic number: 6
- Source file: oplsaa2024.lt


Atom Type Data:
- Atom index: 1270
- Force field raw info: C  - CY   | CHC%CH ethynylcyclopropane OPLS-2020
- Partial charge: 0.08
- Atomic mass: 12.011
- Element guess: C
- Atomic number: 6
- Source file: oplsaa2024.lt


Atom Type Data:
- Atom index: 1271
- Force field raw info: C  - CZ   | ethynylcyclopropane
- Partial charge: -0.14
- Atomic mass: 12.011
- Element guess: C
- Atomic number: 6
- Source file: oplsaa2024.lt
","[
  {
    ""atom_type"": 1126,
    ""element"": ""C"",
    ""chemical_environment"": ""ipso aromatic carbon bonded directly to a quaternary ammonium nitrogen"",
    ""functional_group"": ""aryl quaternary ammonium (Ar–N+(R)3)"",
    ""hybridization"": ""sp2 (aromatic)"",
    ""example_molecule_smiles"": ""c1ccc(cc1)[N+](C)(C)C"",
    ""group_smarts"": ""[a]-[N+X4]"",
    ""atom_specific_smarts"": ""[cX3H0:1]-[N+X4]"",
    ""description"": ""Aryl ipso carbon of an aromatic ring directly attached to a quaternary ammonium nitrogen [N+](R)(R)R (no N–H)."",
    ""uncertainty"": ""10""
  },
  {
    ""atom_type"": 1128,
    ""element"": ""C"",
    ""chemical_environment"": ""ipso aromatic carbon bonded directly to a protonated tertiary anilinium nitrogen"",
    ""functional_group"": ""aryl ammonium (Ar–N+H(R)2)"",
    ""hybridization"": ""sp2 (aromatic)"",
    ""example_molecule_smiles"": ""c1ccc(cc1)[N+H](C)C"",
    ""group_smarts"": ""[a]-[N+X4H1]"",
    ""atom_specific_smarts"": ""[cX3:1]-[N+X4H1]"",
    ""description"": ""Aryl ipso carbon of an aromatic ring directly attached to a protonated tertiary amine nitrogen [N+H](R)(R)."",
    ""uncertainty"": ""10""
  },
  {
    ""atom_type"": 1151,
    ""element"": ""C"",
    ""chemical_environment"": ""central carbon of the central C=C in a linear triene, disubstituted (no H on this carbon)"",
    ""functional_group"": ""conjugated triene (central alkene carbon, R2C=)"",
    ""hybridization"": ""sp2"",
    ""example_molecule_smiles"": ""C=C-C(=C(C)C)-C=C"",
    ""group_smarts"": ""[C;sp2]=[C;sp2]-[C;sp2]=[C;sp2]-[C;sp2]"",
    ""atom_specific_smarts"": ""[C;sp2X3H0:1](=[C;sp2X3])(-[C;sp2X3]=[C;sp2X3])[C;sp2X3]=[C;sp2X3]"",
    ""description"": ""One of the two carbons of the central C=C bond in a linear triene chain where this carbon has no hydrogens (R2C=). Neighbors: one sp2 C via a double bond (the other central alkene carbon) and two sp2 carbons via single bonds that are each part of terminal C=C bonds."",
    ""uncertainty"": ""35""
  },
  {
    ""atom_type"": 1152,
    ""element"": ""C"",
    ""chemical_environment"": ""central carbon of the central C=C in a linear triene, monosubstituted (one H on this carbon)"",
    ""functional_group"": ""conjugated triene (central alkene carbon, RH–C=)"",
    ""hybridization"": ""sp2"",
    ""example_molecule_smiles"": ""C=CC(=CH)C=C"",
    ""group_smarts"": ""[C;sp2]=[C;sp2]-[CH;sp2]=[C;sp2]-[C;sp2]"",
    ""atom_specific_smarts"": ""[CH;sp2X3:1](=[C;sp2X3])(-[C;sp2X3]=[C;sp2X3])[C;sp2X3]=[C;sp2X3]"",
    ""description"": ""One of the two carbons of the central C=C bond in a linear triene chain where this carbon has one hydrogen (RH–C=). Neighbors: one sp2 C via a double bond (the other central alkene carbon) and two sp2 carbons via single bonds that are each part of terminal C=C bonds."",
    ""uncertainty"": ""40""
  },
  {
    ""atom_type"": 1154,
    ""element"": ""C"",
    ""chemical_environment"": ""terminal carbon (C1) of an allene, CH2 group"",
    ""functional_group"": ""allene terminal carbon (CH2=C=)"",
    ""hybridization"": ""sp2"",
    ""example_molecule_smiles"": ""C=C=C"",
    ""group_smarts"": ""[C;sp2]=[C;spX2]=[C;sp2]"",
    ""atom_specific_smarts"": ""[CH2:1]=[C;spX2](=C)"",
    ""description"": ""Allene terminal carbon (C1) as a methylene (CH2) double-bonded to the central sp carbon of the cumulene."",
    ""uncertainty"": ""10""
  },
  {
    ""atom_type"": 1155,
    ""element"": ""C"",
    ""chemical_environment"": ""terminal carbon (C1) of an allene, CHR group"",
    ""functional_group"": ""allene terminal carbon (substituted, CHR)"",
    ""hybridization"": ""sp2"",
    ""example_molecule_smiles"": ""CC(=C=CH2)C"",
    ""group_smarts"": ""[C;sp2]=[C;spX2]=[C;sp2]"",
    ""atom_specific_smarts"": ""[CH:1]=[C;spX2](=C)"",
    ""description"": ""Allene terminal carbon (C1) with one hydrogen (CHR), double-bonded to the central sp cumulene carbon."",
    ""uncertainty"": ""12""
  },
  {
    ""atom_type"": 1156,
    ""element"": ""C"",
    ""chemical_environment"": ""terminal carbon (C1) of an allene, CR2 group (no hydrogens)"",
    ""functional_group"": ""allene terminal carbon (fully substituted, CR2)"",
    ""hybridization"": ""sp2"",
    ""example_molecule_smiles"": ""CC(C)=C=C=CH2"",
    ""group_smarts"": ""[C;sp2]=[C;spX2]=[C;sp2]"",
    ""atom_specific_smarts"": ""[C;H0:1]=[C;spX2](=C)"",
    ""description"": ""Allene terminal carbon (C1) with no hydrogens (CR2), double-bonded to the central sp cumulene carbon."",
    ""uncertainty"": ""15""
  },
  {
    ""atom_type"": 1157,
    ""element"": ""C"",
    ""chemical_environment"": ""central carbon (C2) of an allene (cumulated diene)"",
    ""functional_group"": ""allene central carbon"",
    ""hybridization"": ""sp"",
    ""example_molecule_smiles"": ""C=C=C"",
    ""group_smarts"": ""[C;sp2]=[C;spX2]=[C;sp2]"",
    ""atom_specific_smarts"": ""[C;spX2:1](=C)=C"",
    ""description"": ""Allene central carbon (C2), sp-hybridized, double-bonded to both terminal sp2 carbons."",
    ""uncertainty"": ""10""
  },
  {
    ""atom_type"": 1158,
    ""element"": ""C"",
    ""chemical_environment"": ""central sp carbon of a ketene (R2C=C=O)"",
    ""functional_group"": ""ketene (cumulene carbon adjacent to carbonyl oxygen)"",
    ""hybridization"": ""sp"",
    ""example_molecule_smiles"": ""C=C=O"",
    ""group_smarts"": ""[C;sp2]=[C;spX2]=O"",
    ""atom_specific_smarts"": ""[C;spX2:1](=O)=C"",
    ""description"": ""Ketene central cumulene carbon (C2), sp-hybridized, double-bonded to O and to an sp2 carbon."",
    ""uncertainty"": ""10""
  },
  {
    ""atom_type"": 1160,
    ""element"": ""C"",
    ""chemical_environment"": ""carbon dioxide carbon (O=C=O)"",
    ""functional_group"": ""carbon dioxide (linear carbonyl di-oxide)"",
    ""hybridization"": ""sp"",
    ""example_molecule_smiles"": ""O=C=O"",
    ""group_smarts"": ""O=[C;spX2]=O"",
    ""atom_specific_smarts"": ""[C;spX2:1](=O)=O"",
    ""description"": ""CO2 carbon, sp-hybridized, double-bonded to two oxygens."",
    ""uncertainty"": ""5""
  },
  {
    ""atom_type"": 1200,
    ""element"": ""C"",
    ""chemical_environment"": ""aliphatic CH2 linking an imidazole ring to the alpha carbon in N-methylhistidine side chain (CB)"",
    ""functional_group"": ""amino acid side chain (histidine, N-methylated ring)"",
    ""hybridization"": ""sp3"",
    ""example_molecule_smiles"": ""CN1C=NC=C1-CH2-CH(N)C(=O)O"",
    ""group_smarts"": ""[CH2]-c1ncnc1"",
    ""atom_specific_smarts"": ""[CH2:1]-c1ncnc1"",
    ""description"": ""Histidine CB carbon: sp3 methylene attached to an imidazole ring carbon and to the alpha carbon of the amino acid (here ring N is N-methylated)."",
    ""uncertainty"": ""50""
  },
  {
    ""atom_type"": 1234,
    ""element"": ""C"",
    ""chemical_environment"": ""C2 carbon of thiazole (between ring N and S)"",
    ""functional_group"": ""thiazole aromatic carbon (C2)"",
    ""hybridization"": ""sp2 (aromatic)"",
    ""example_molecule_smiles"": ""n1cscc1"",
    ""group_smarts"": ""[nH0;r5]:[c;r5]:[s;r5]:[c;r5]:[c;r5]"",
    ""atom_specific_smarts"": ""[nH0;r5]:[cX3H0;r5:1]:[s;r5]"",
    ""description"": ""Aromatic carbon at position 2 of thiazole, bonded to both the ring pyridine-like N and the ring sulfur."",
    ""uncertainty"": ""25""
  },
  {
    ""atom_type"": 1236,
    ""element"": ""C"",
    ""chemical_environment"": ""C4 carbon of thiazole (adjacent to S, not adjacent to ring N)"",
    ""functional_group"": ""thiazole aromatic carbon (C4)"",
    ""hybridization"": ""sp2 (aromatic)"",
    ""example_molecule_smiles"": ""n1cscc1"",
    ""group_smarts"": ""[nH0;r5]:[c;r5]:[s;r5]:[c;r5]:[c;r5]"",
    ""atom_specific_smarts"": ""[s;r5]:[cX3;r5:1]:[c;r5;!n]"",
    ""description"": ""Aromatic carbon at position 4 of thiazole, bonded to the ring sulfur and another aromatic carbon (not directly to the ring N)."",
    ""uncertainty"": ""25""
  },
  {
    ""atom_type"": 1237,
    ""element"": ""C"",
    ""chemical_environment"": ""C5 carbon of thiazole (adjacent to ring N, not adjacent to S)"",
    ""functional_group"": ""thiazole aromatic carbon (C5)"",
    ""hybridization"": ""sp2 (aromatic)"",
    ""example_molecule_smiles"": ""n1cscc1"",
    ""group_smarts"": ""[nH0;r5]:[c;r5]:[s;r5]:[c;r5]:[c;r5]"",
    ""atom_specific_smarts"": ""[c;r5]:[cX3;r5:1]:[nH0;r5]"",
    ""description"": ""Aromatic carbon at position 5 of thiazole, bonded to an aromatic carbon and directly to the ring pyridine-like nitrogen."",
    ""uncertainty"": ""25""
  },
  {
    ""atom_type"": 1260,
    ""element"": ""C"",
    ""chemical_environment"": ""methylene carbon in 2,2,2-trifluoroethanol (between CF3 and OH)"",
    ""functional_group"": ""aliphatic alcohol (TFE CH2 next to CF3)"",
    ""hybridization"": ""sp3"",
    ""example_molecule_smiles"": ""FC(F)(F)CH2O"",
    ""group_smarts"": ""[CH2]-O-[H]"",
    ""atom_specific_smarts"": ""[CH2:1](-O)-[C;H0X4](F)(F)F"",
    ""description"": ""The CH2 carbon in CF3–CH2–OH; bonded to oxygen of the hydroxyl group and to a trifluoromethyl carbon."",
    ""uncertainty"": ""10""
  },
  {
    ""atom_type"": 1261,
    ""element"": ""C"",
    ""chemical_environment"": ""trifluoromethyl carbon"",
    ""functional_group"": ""trifluoromethyl (CF3)"",
    ""hybridization"": ""sp3"",
    ""example_molecule_smiles"": ""FC(F)(F)C"",
    ""group_smarts"": ""[C;H0X4](F)(F)F"",
    ""atom_specific_smarts"": ""[C;H0X4:1](F)(F)F"",
    ""description"": ""CF3 carbon bearing three fluorine substituents."",
    ""uncertainty"": ""15""
  },
  {
    ""atom_type"": 1268,
    ""element"": ""C"",
    ""chemical_environment"": ""cyclopropane ring CH bearing a vinyl substituent (–CH=CH2)"",
    ""functional_group"": ""vinylcyclopropane (ring carbon at the substitution site)"",
    ""hybridization"": ""sp3"",
    ""example_molecule_smiles"": ""C1C(C1)C=CH2"",
    ""group_smarts"": ""[C;R3]-[C;R3]-[C;R3]-[CH;sp2]=[CH2]"",
    ""atom_specific_smarts"": ""[CH;R3:1]-[CH;sp2]=[CH2]"",
    ""description"": ""Cyclopropane ring carbon (CH) that is directly bonded to the internal vinylic CH of a –CH=CH2 substituent."",
    ""uncertainty"": ""25""
  },
  {
    ""atom_type"": 1269,
    ""element"": ""C"",
    ""chemical_environment"": ""internal vinylic CH of a –CH=CH2 group directly attached to a cyclopropane carbon"",
    ""functional_group"": ""vinylcyclopropane (vinylic carbon attached to cyclopropane)"",
    ""hybridization"": ""sp2"",
    ""example_molecule_smiles"": ""C1C(C1)C=CH2"",
    ""group_smarts"": ""[C;R3]-[CH;sp2]=[CH2]"",
    ""atom_specific_smarts"": ""[CH;sp2:1](-[C;R3])=[CH2]"",
    ""description"": ""The vinylic CH carbon of the vinyl substituent in vinylcyclopropane; one bond to a cyclopropyl carbon and double-bonded to a terminal CH2."",
    ""uncertainty"": ""25""
  },
  {
    ""atom_type"": 1270,
    ""element"": ""C"",
    ""chemical_environment"": ""cyclopropane ring CH bearing an ethynyl substituent (–C≡CH)"",
    ""functional_group"": ""ethynylcyclopropane (ring carbon at the substitution site)"",
    ""hybridization"": ""sp3"",
    ""example_molecule_smiles"": ""C1C(C1)C#CH"",
    ""group_smarts"": ""[CH;R3]-[C;sp]#[CH]"",
    ""atom_specific_smarts"": ""[CH;R3:1]-[C;sp]#[CH]"",
    ""description"": ""Cyclopropane ring carbon (CH) directly bonded to the internal acetylenic carbon of an ethynyl group (–C≡CH)."",
    ""uncertainty"": ""25""
  },
  {
    ""atom_type"": 1271,
    ""element"": ""C"",
    ""chemical_environment"": ""internal acetylenic carbon of an ethynyl group attached to a cyclopropane carbon"",
    ""functional_group"": ""ethynylcyclopropane (alkynyl carbon next to ring)"",
    ""hybridization"": ""sp"",
    ""example_molecule_smiles"": ""C1C(C1)C#CH"",
    ""group_smarts"": ""[C;R3]-[C;sp]#[CH]"",
    ""atom_specific_smarts"": ""[C;sp:1](-[C;R3])#[CH]"",
    ""description"": ""The sp carbon of –C≡CH directly bonded to a cyclopropane carbon (the other alkyne carbon is terminal CH)."",
    ""uncertainty"": ""30""
  }
]"
1154,-0.25,C  - CM   | allene C1 CH2,12.011,oplsaa2024.lt,C,6,"Convert the following OPLS-AA atom type rows:

Atom Type Data:
- Atom index: 1126
- Force field raw info: C  - CA   | Cipso (ArNR3+)
- Partial charge: 0.135
- Atomic mass: 12.011
- Element guess: C
- Atomic number: 6
- Source file: oplsaa2024.lt


Atom Type Data:
- Atom index: 1128
- Force field raw info: C  - CA   | Cipso (ArNR2H+)
- Partial charge: 0.155
- Atomic mass: 12.011
- Element guess: C
- Atomic number: 6
- Source file: oplsaa2024.lt


Atom Type Data:
- Atom index: 1151
- Force field raw info: C  - C|   | triene C (R2-C=) central C=C
- Partial charge: 0.0
- Atomic mass: 12.011
- Element guess: C
- Atomic number: 6
- Source file: oplsaa2024.lt


Atom Type Data:
- Atom index: 1152
- Force field raw info: C  - C|   | triene C (RH-C=) central C=C
- Partial charge: -0.115
- Atomic mass: 12.011
- Element guess: C
- Atomic number: 6
- Source file: oplsaa2024.lt


Atom Type Data:
- Atom index: 1154
- Force field raw info: C  - CM   | allene C1 CH2
- Partial charge: -0.25
- Atomic mass: 12.011
- Element guess: C
- Atomic number: 6
- Source file: oplsaa2024.lt


Atom Type Data:
- Atom index: 1155
- Force field raw info: C  - CM   | allene C1 CHR
- Partial charge: -0.1
- Atomic mass: 12.011
- Element guess: C
- Atomic number: 6
- Source file: oplsaa2024.lt


Atom Type Data:
- Atom index: 1156
- Force field raw info: C  - CM   | allene C1 CR2
- Partial charge: 0.05
- Atomic mass: 12.011
- Element guess: C
- Atomic number: 6
- Source file: oplsaa2024.lt


Atom Type Data:
- Atom index: 1157
- Force field raw info: C  - C°   | allene C2
- Partial charge: -0.1
- Atomic mass: 12.011
- Element guess: C
- Atomic number: 6
- Source file: oplsaa2024.lt


Atom Type Data:
- Atom index: 1158
- Force field raw info: C  - C°   | ketene C2
- Partial charge: 0.2
- Atomic mass: 12.011
- Element guess: C
- Atomic number: 6
- Source file: oplsaa2024.lt


Atom Type Data:
- Atom index: 1160
- Force field raw info: C  - C°   | CO2 Madura 2009 carbon dioxide
- Partial charge: 0.7
- Atomic mass: 12.011
- Element guess: C
- Atomic number: 6
- Source file: oplsaa2024.lt


Atom Type Data:
- Atom index: 1200
- Force field raw info: C  - CT   | CB in N-Me HIS
- Partial charge: 0.088
- Atomic mass: 12.011
- Element guess: C
- Atomic number: 6
- Source file: oplsaa2024.lt


Atom Type Data:
- Atom index: 1234
- Force field raw info: C  - CR   | C2 thiazole jlj0003
- Partial charge: 0.35
- Atomic mass: 12.011
- Element guess: C
- Atomic number: 6
- Source file: oplsaa2024.lt


Atom Type Data:
- Atom index: 1236
- Force field raw info: C  - CV   | C4 thiazole jlj0003
- Partial charge: 0.0
- Atomic mass: 12.011
- Element guess: C
- Atomic number: 6
- Source file: oplsaa2024.lt


Atom Type Data:
- Atom index: 1237
- Force field raw info: C  - CW   | C5 thiazole jlj0003
- Partial charge: -0.15
- Atomic mass: 12.011
- Element guess: C
- Atomic number: 6
- Source file: oplsaa2024.lt


Atom Type Data:
- Atom index: 1260
- Force field raw info: C  - CT   | CH2 Trifluoroethanol TFE
- Partial charge: 0.1263
- Atomic mass: 12.011
- Element guess: C
- Atomic number: 6
- Source file: oplsaa2024.lt


Atom Type Data:
- Atom index: 1261
- Force field raw info: C  - CT   | CF3 E Duffy Thesis 1994
- Partial charge: 0.5323
- Atomic mass: 12.011
- Element guess: C
- Atomic number: 6
- Source file: oplsaa2024.lt


Atom Type Data:
- Atom index: 1268
- Force field raw info: C  - CY   | CHCH=CH2 vinylcyclopropane OPLS-2020
- Partial charge: -0.005
- Atomic mass: 12.011
- Element guess: C
- Atomic number: 6
- Source file: oplsaa2024.lt


Atom Type Data:
- Atom index: 1269
- Force field raw info: C  - CM   | vinylcyclopropane
- Partial charge: -0.17
- Atomic mass: 12.011
- Element guess: C
- Atomic number: 6
- Source file: oplsaa2024.lt


Atom Type Data:
- Atom index: 1270
- Force field raw info: C  - CY   | CHC%CH ethynylcyclopropane OPLS-2020
- Partial charge: 0.08
- Atomic mass: 12.011
- Element guess: C
- Atomic number: 6
- Source file: oplsaa2024.lt


Atom Type Data:
- Atom index: 1271
- Force field raw info: C  - CZ   | ethynylcyclopropane
- Partial charge: -0.14
- Atomic mass: 12.011
- Element guess: C
- Atomic number: 6
- Source file: oplsaa2024.lt
","[
  {
    ""atom_type"": 1126,
    ""element"": ""C"",
    ""chemical_environment"": ""ipso aromatic carbon bonded directly to a quaternary ammonium nitrogen"",
    ""functional_group"": ""aryl quaternary ammonium (Ar–N+(R)3)"",
    ""hybridization"": ""sp2 (aromatic)"",
    ""example_molecule_smiles"": ""c1ccc(cc1)[N+](C)(C)C"",
    ""group_smarts"": ""[a]-[N+X4]"",
    ""atom_specific_smarts"": ""[cX3H0:1]-[N+X4]"",
    ""description"": ""Aryl ipso carbon of an aromatic ring directly attached to a quaternary ammonium nitrogen [N+](R)(R)R (no N–H)."",
    ""uncertainty"": ""10""
  },
  {
    ""atom_type"": 1128,
    ""element"": ""C"",
    ""chemical_environment"": ""ipso aromatic carbon bonded directly to a protonated tertiary anilinium nitrogen"",
    ""functional_group"": ""aryl ammonium (Ar–N+H(R)2)"",
    ""hybridization"": ""sp2 (aromatic)"",
    ""example_molecule_smiles"": ""c1ccc(cc1)[N+H](C)C"",
    ""group_smarts"": ""[a]-[N+X4H1]"",
    ""atom_specific_smarts"": ""[cX3:1]-[N+X4H1]"",
    ""description"": ""Aryl ipso carbon of an aromatic ring directly attached to a protonated tertiary amine nitrogen [N+H](R)(R)."",
    ""uncertainty"": ""10""
  },
  {
    ""atom_type"": 1151,
    ""element"": ""C"",
    ""chemical_environment"": ""central carbon of the central C=C in a linear triene, disubstituted (no H on this carbon)"",
    ""functional_group"": ""conjugated triene (central alkene carbon, R2C=)"",
    ""hybridization"": ""sp2"",
    ""example_molecule_smiles"": ""C=C-C(=C(C)C)-C=C"",
    ""group_smarts"": ""[C;sp2]=[C;sp2]-[C;sp2]=[C;sp2]-[C;sp2]"",
    ""atom_specific_smarts"": ""[C;sp2X3H0:1](=[C;sp2X3])(-[C;sp2X3]=[C;sp2X3])[C;sp2X3]=[C;sp2X3]"",
    ""description"": ""One of the two carbons of the central C=C bond in a linear triene chain where this carbon has no hydrogens (R2C=). Neighbors: one sp2 C via a double bond (the other central alkene carbon) and two sp2 carbons via single bonds that are each part of terminal C=C bonds."",
    ""uncertainty"": ""35""
  },
  {
    ""atom_type"": 1152,
    ""element"": ""C"",
    ""chemical_environment"": ""central carbon of the central C=C in a linear triene, monosubstituted (one H on this carbon)"",
    ""functional_group"": ""conjugated triene (central alkene carbon, RH–C=)"",
    ""hybridization"": ""sp2"",
    ""example_molecule_smiles"": ""C=CC(=CH)C=C"",
    ""group_smarts"": ""[C;sp2]=[C;sp2]-[CH;sp2]=[C;sp2]-[C;sp2]"",
    ""atom_specific_smarts"": ""[CH;sp2X3:1](=[C;sp2X3])(-[C;sp2X3]=[C;sp2X3])[C;sp2X3]=[C;sp2X3]"",
    ""description"": ""One of the two carbons of the central C=C bond in a linear triene chain where this carbon has one hydrogen (RH–C=). Neighbors: one sp2 C via a double bond (the other central alkene carbon) and two sp2 carbons via single bonds that are each part of terminal C=C bonds."",
    ""uncertainty"": ""40""
  },
  {
    ""atom_type"": 1154,
    ""element"": ""C"",
    ""chemical_environment"": ""terminal carbon (C1) of an allene, CH2 group"",
    ""functional_group"": ""allene terminal carbon (CH2=C=)"",
    ""hybridization"": ""sp2"",
    ""example_molecule_smiles"": ""C=C=C"",
    ""group_smarts"": ""[C;sp2]=[C;spX2]=[C;sp2]"",
    ""atom_specific_smarts"": ""[CH2:1]=[C;spX2](=C)"",
    ""description"": ""Allene terminal carbon (C1) as a methylene (CH2) double-bonded to the central sp carbon of the cumulene."",
    ""uncertainty"": ""10""
  },
  {
    ""atom_type"": 1155,
    ""element"": ""C"",
    ""chemical_environment"": ""terminal carbon (C1) of an allene, CHR group"",
    ""functional_group"": ""allene terminal carbon (substituted, CHR)"",
    ""hybridization"": ""sp2"",
    ""example_molecule_smiles"": ""CC(=C=CH2)C"",
    ""group_smarts"": ""[C;sp2]=[C;spX2]=[C;sp2]"",
    ""atom_specific_smarts"": ""[CH:1]=[C;spX2](=C)"",
    ""description"": ""Allene terminal carbon (C1) with one hydrogen (CHR), double-bonded to the central sp cumulene carbon."",
    ""uncertainty"": ""12""
  },
  {
    ""atom_type"": 1156,
    ""element"": ""C"",
    ""chemical_environment"": ""terminal carbon (C1) of an allene, CR2 group (no hydrogens)"",
    ""functional_group"": ""allene terminal carbon (fully substituted, CR2)"",
    ""hybridization"": ""sp2"",
    ""example_molecule_smiles"": ""CC(C)=C=C=CH2"",
    ""group_smarts"": ""[C;sp2]=[C;spX2]=[C;sp2]"",
    ""atom_specific_smarts"": ""[C;H0:1]=[C;spX2](=C)"",
    ""description"": ""Allene terminal carbon (C1) with no hydrogens (CR2), double-bonded to the central sp cumulene carbon."",
    ""uncertainty"": ""15""
  },
  {
    ""atom_type"": 1157,
    ""element"": ""C"",
    ""chemical_environment"": ""central carbon (C2) of an allene (cumulated diene)"",
    ""functional_group"": ""allene central carbon"",
    ""hybridization"": ""sp"",
    ""example_molecule_smiles"": ""C=C=C"",
    ""group_smarts"": ""[C;sp2]=[C;spX2]=[C;sp2]"",
    ""atom_specific_smarts"": ""[C;spX2:1](=C)=C"",
    ""description"": ""Allene central carbon (C2), sp-hybridized, double-bonded to both terminal sp2 carbons."",
    ""uncertainty"": ""10""
  },
  {
    ""atom_type"": 1158,
    ""element"": ""C"",
    ""chemical_environment"": ""central sp carbon of a ketene (R2C=C=O)"",
    ""functional_group"": ""ketene (cumulene carbon adjacent to carbonyl oxygen)"",
    ""hybridization"": ""sp"",
    ""example_molecule_smiles"": ""C=C=O"",
    ""group_smarts"": ""[C;sp2]=[C;spX2]=O"",
    ""atom_specific_smarts"": ""[C;spX2:1](=O)=C"",
    ""description"": ""Ketene central cumulene carbon (C2), sp-hybridized, double-bonded to O and to an sp2 carbon."",
    ""uncertainty"": ""10""
  },
  {
    ""atom_type"": 1160,
    ""element"": ""C"",
    ""chemical_environment"": ""carbon dioxide carbon (O=C=O)"",
    ""functional_group"": ""carbon dioxide (linear carbonyl di-oxide)"",
    ""hybridization"": ""sp"",
    ""example_molecule_smiles"": ""O=C=O"",
    ""group_smarts"": ""O=[C;spX2]=O"",
    ""atom_specific_smarts"": ""[C;spX2:1](=O)=O"",
    ""description"": ""CO2 carbon, sp-hybridized, double-bonded to two oxygens."",
    ""uncertainty"": ""5""
  },
  {
    ""atom_type"": 1200,
    ""element"": ""C"",
    ""chemical_environment"": ""aliphatic CH2 linking an imidazole ring to the alpha carbon in N-methylhistidine side chain (CB)"",
    ""functional_group"": ""amino acid side chain (histidine, N-methylated ring)"",
    ""hybridization"": ""sp3"",
    ""example_molecule_smiles"": ""CN1C=NC=C1-CH2-CH(N)C(=O)O"",
    ""group_smarts"": ""[CH2]-c1ncnc1"",
    ""atom_specific_smarts"": ""[CH2:1]-c1ncnc1"",
    ""description"": ""Histidine CB carbon: sp3 methylene attached to an imidazole ring carbon and to the alpha carbon of the amino acid (here ring N is N-methylated)."",
    ""uncertainty"": ""50""
  },
  {
    ""atom_type"": 1234,
    ""element"": ""C"",
    ""chemical_environment"": ""C2 carbon of thiazole (between ring N and S)"",
    ""functional_group"": ""thiazole aromatic carbon (C2)"",
    ""hybridization"": ""sp2 (aromatic)"",
    ""example_molecule_smiles"": ""n1cscc1"",
    ""group_smarts"": ""[nH0;r5]:[c;r5]:[s;r5]:[c;r5]:[c;r5]"",
    ""atom_specific_smarts"": ""[nH0;r5]:[cX3H0;r5:1]:[s;r5]"",
    ""description"": ""Aromatic carbon at position 2 of thiazole, bonded to both the ring pyridine-like N and the ring sulfur."",
    ""uncertainty"": ""25""
  },
  {
    ""atom_type"": 1236,
    ""element"": ""C"",
    ""chemical_environment"": ""C4 carbon of thiazole (adjacent to S, not adjacent to ring N)"",
    ""functional_group"": ""thiazole aromatic carbon (C4)"",
    ""hybridization"": ""sp2 (aromatic)"",
    ""example_molecule_smiles"": ""n1cscc1"",
    ""group_smarts"": ""[nH0;r5]:[c;r5]:[s;r5]:[c;r5]:[c;r5]"",
    ""atom_specific_smarts"": ""[s;r5]:[cX3;r5:1]:[c;r5;!n]"",
    ""description"": ""Aromatic carbon at position 4 of thiazole, bonded to the ring sulfur and another aromatic carbon (not directly to the ring N)."",
    ""uncertainty"": ""25""
  },
  {
    ""atom_type"": 1237,
    ""element"": ""C"",
    ""chemical_environment"": ""C5 carbon of thiazole (adjacent to ring N, not adjacent to S)"",
    ""functional_group"": ""thiazole aromatic carbon (C5)"",
    ""hybridization"": ""sp2 (aromatic)"",
    ""example_molecule_smiles"": ""n1cscc1"",
    ""group_smarts"": ""[nH0;r5]:[c;r5]:[s;r5]:[c;r5]:[c;r5]"",
    ""atom_specific_smarts"": ""[c;r5]:[cX3;r5:1]:[nH0;r5]"",
    ""description"": ""Aromatic carbon at position 5 of thiazole, bonded to an aromatic carbon and directly to the ring pyridine-like nitrogen."",
    ""uncertainty"": ""25""
  },
  {
    ""atom_type"": 1260,
    ""element"": ""C"",
    ""chemical_environment"": ""methylene carbon in 2,2,2-trifluoroethanol (between CF3 and OH)"",
    ""functional_group"": ""aliphatic alcohol (TFE CH2 next to CF3)"",
    ""hybridization"": ""sp3"",
    ""example_molecule_smiles"": ""FC(F)(F)CH2O"",
    ""group_smarts"": ""[CH2]-O-[H]"",
    ""atom_specific_smarts"": ""[CH2:1](-O)-[C;H0X4](F)(F)F"",
    ""description"": ""The CH2 carbon in CF3–CH2–OH; bonded to oxygen of the hydroxyl group and to a trifluoromethyl carbon."",
    ""uncertainty"": ""10""
  },
  {
    ""atom_type"": 1261,
    ""element"": ""C"",
    ""chemical_environment"": ""trifluoromethyl carbon"",
    ""functional_group"": ""trifluoromethyl (CF3)"",
    ""hybridization"": ""sp3"",
    ""example_molecule_smiles"": ""FC(F)(F)C"",
    ""group_smarts"": ""[C;H0X4](F)(F)F"",
    ""atom_specific_smarts"": ""[C;H0X4:1](F)(F)F"",
    ""description"": ""CF3 carbon bearing three fluorine substituents."",
    ""uncertainty"": ""15""
  },
  {
    ""atom_type"": 1268,
    ""element"": ""C"",
    ""chemical_environment"": ""cyclopropane ring CH bearing a vinyl substituent (–CH=CH2)"",
    ""functional_group"": ""vinylcyclopropane (ring carbon at the substitution site)"",
    ""hybridization"": ""sp3"",
    ""example_molecule_smiles"": ""C1C(C1)C=CH2"",
    ""group_smarts"": ""[C;R3]-[C;R3]-[C;R3]-[CH;sp2]=[CH2]"",
    ""atom_specific_smarts"": ""[CH;R3:1]-[CH;sp2]=[CH2]"",
    ""description"": ""Cyclopropane ring carbon (CH) that is directly bonded to the internal vinylic CH of a –CH=CH2 substituent."",
    ""uncertainty"": ""25""
  },
  {
    ""atom_type"": 1269,
    ""element"": ""C"",
    ""chemical_environment"": ""internal vinylic CH of a –CH=CH2 group directly attached to a cyclopropane carbon"",
    ""functional_group"": ""vinylcyclopropane (vinylic carbon attached to cyclopropane)"",
    ""hybridization"": ""sp2"",
    ""example_molecule_smiles"": ""C1C(C1)C=CH2"",
    ""group_smarts"": ""[C;R3]-[CH;sp2]=[CH2]"",
    ""atom_specific_smarts"": ""[CH;sp2:1](-[C;R3])=[CH2]"",
    ""description"": ""The vinylic CH carbon of the vinyl substituent in vinylcyclopropane; one bond to a cyclopropyl carbon and double-bonded to a terminal CH2."",
    ""uncertainty"": ""25""
  },
  {
    ""atom_type"": 1270,
    ""element"": ""C"",
    ""chemical_environment"": ""cyclopropane ring CH bearing an ethynyl substituent (–C≡CH)"",
    ""functional_group"": ""ethynylcyclopropane (ring carbon at the substitution site)"",
    ""hybridization"": ""sp3"",
    ""example_molecule_smiles"": ""C1C(C1)C#CH"",
    ""group_smarts"": ""[CH;R3]-[C;sp]#[CH]"",
    ""atom_specific_smarts"": ""[CH;R3:1]-[C;sp]#[CH]"",
    ""description"": ""Cyclopropane ring carbon (CH) directly bonded to the internal acetylenic carbon of an ethynyl group (–C≡CH)."",
    ""uncertainty"": ""25""
  },
  {
    ""atom_type"": 1271,
    ""element"": ""C"",
    ""chemical_environment"": ""internal acetylenic carbon of an ethynyl group attached to a cyclopropane carbon"",
    ""functional_group"": ""ethynylcyclopropane (alkynyl carbon next to ring)"",
    ""hybridization"": ""sp"",
    ""example_molecule_smiles"": ""C1C(C1)C#CH"",
    ""group_smarts"": ""[C;R3]-[C;sp]#[CH]"",
    ""atom_specific_smarts"": ""[C;sp:1](-[C;R3])#[CH]"",
    ""description"": ""The sp carbon of –C≡CH directly bonded to a cyclopropane carbon (the other alkyne carbon is terminal CH)."",
    ""uncertainty"": ""30""
  }
]"
1155,-0.1,C  - CM   | allene C1 CHR,12.011,oplsaa2024.lt,C,6,"Convert the following OPLS-AA atom type rows:

Atom Type Data:
- Atom index: 1126
- Force field raw info: C  - CA   | Cipso (ArNR3+)
- Partial charge: 0.135
- Atomic mass: 12.011
- Element guess: C
- Atomic number: 6
- Source file: oplsaa2024.lt


Atom Type Data:
- Atom index: 1128
- Force field raw info: C  - CA   | Cipso (ArNR2H+)
- Partial charge: 0.155
- Atomic mass: 12.011
- Element guess: C
- Atomic number: 6
- Source file: oplsaa2024.lt


Atom Type Data:
- Atom index: 1151
- Force field raw info: C  - C|   | triene C (R2-C=) central C=C
- Partial charge: 0.0
- Atomic mass: 12.011
- Element guess: C
- Atomic number: 6
- Source file: oplsaa2024.lt


Atom Type Data:
- Atom index: 1152
- Force field raw info: C  - C|   | triene C (RH-C=) central C=C
- Partial charge: -0.115
- Atomic mass: 12.011
- Element guess: C
- Atomic number: 6
- Source file: oplsaa2024.lt


Atom Type Data:
- Atom index: 1154
- Force field raw info: C  - CM   | allene C1 CH2
- Partial charge: -0.25
- Atomic mass: 12.011
- Element guess: C
- Atomic number: 6
- Source file: oplsaa2024.lt


Atom Type Data:
- Atom index: 1155
- Force field raw info: C  - CM   | allene C1 CHR
- Partial charge: -0.1
- Atomic mass: 12.011
- Element guess: C
- Atomic number: 6
- Source file: oplsaa2024.lt


Atom Type Data:
- Atom index: 1156
- Force field raw info: C  - CM   | allene C1 CR2
- Partial charge: 0.05
- Atomic mass: 12.011
- Element guess: C
- Atomic number: 6
- Source file: oplsaa2024.lt


Atom Type Data:
- Atom index: 1157
- Force field raw info: C  - C°   | allene C2
- Partial charge: -0.1
- Atomic mass: 12.011
- Element guess: C
- Atomic number: 6
- Source file: oplsaa2024.lt


Atom Type Data:
- Atom index: 1158
- Force field raw info: C  - C°   | ketene C2
- Partial charge: 0.2
- Atomic mass: 12.011
- Element guess: C
- Atomic number: 6
- Source file: oplsaa2024.lt


Atom Type Data:
- Atom index: 1160
- Force field raw info: C  - C°   | CO2 Madura 2009 carbon dioxide
- Partial charge: 0.7
- Atomic mass: 12.011
- Element guess: C
- Atomic number: 6
- Source file: oplsaa2024.lt


Atom Type Data:
- Atom index: 1200
- Force field raw info: C  - CT   | CB in N-Me HIS
- Partial charge: 0.088
- Atomic mass: 12.011
- Element guess: C
- Atomic number: 6
- Source file: oplsaa2024.lt


Atom Type Data:
- Atom index: 1234
- Force field raw info: C  - CR   | C2 thiazole jlj0003
- Partial charge: 0.35
- Atomic mass: 12.011
- Element guess: C
- Atomic number: 6
- Source file: oplsaa2024.lt


Atom Type Data:
- Atom index: 1236
- Force field raw info: C  - CV   | C4 thiazole jlj0003
- Partial charge: 0.0
- Atomic mass: 12.011
- Element guess: C
- Atomic number: 6
- Source file: oplsaa2024.lt


Atom Type Data:
- Atom index: 1237
- Force field raw info: C  - CW   | C5 thiazole jlj0003
- Partial charge: -0.15
- Atomic mass: 12.011
- Element guess: C
- Atomic number: 6
- Source file: oplsaa2024.lt


Atom Type Data:
- Atom index: 1260
- Force field raw info: C  - CT   | CH2 Trifluoroethanol TFE
- Partial charge: 0.1263
- Atomic mass: 12.011
- Element guess: C
- Atomic number: 6
- Source file: oplsaa2024.lt


Atom Type Data:
- Atom index: 1261
- Force field raw info: C  - CT   | CF3 E Duffy Thesis 1994
- Partial charge: 0.5323
- Atomic mass: 12.011
- Element guess: C
- Atomic number: 6
- Source file: oplsaa2024.lt


Atom Type Data:
- Atom index: 1268
- Force field raw info: C  - CY   | CHCH=CH2 vinylcyclopropane OPLS-2020
- Partial charge: -0.005
- Atomic mass: 12.011
- Element guess: C
- Atomic number: 6
- Source file: oplsaa2024.lt


Atom Type Data:
- Atom index: 1269
- Force field raw info: C  - CM   | vinylcyclopropane
- Partial charge: -0.17
- Atomic mass: 12.011
- Element guess: C
- Atomic number: 6
- Source file: oplsaa2024.lt


Atom Type Data:
- Atom index: 1270
- Force field raw info: C  - CY   | CHC%CH ethynylcyclopropane OPLS-2020
- Partial charge: 0.08
- Atomic mass: 12.011
- Element guess: C
- Atomic number: 6
- Source file: oplsaa2024.lt


Atom Type Data:
- Atom index: 1271
- Force field raw info: C  - CZ   | ethynylcyclopropane
- Partial charge: -0.14
- Atomic mass: 12.011
- Element guess: C
- Atomic number: 6
- Source file: oplsaa2024.lt
","[
  {
    ""atom_type"": 1126,
    ""element"": ""C"",
    ""chemical_environment"": ""ipso aromatic carbon bonded directly to a quaternary ammonium nitrogen"",
    ""functional_group"": ""aryl quaternary ammonium (Ar–N+(R)3)"",
    ""hybridization"": ""sp2 (aromatic)"",
    ""example_molecule_smiles"": ""c1ccc(cc1)[N+](C)(C)C"",
    ""group_smarts"": ""[a]-[N+X4]"",
    ""atom_specific_smarts"": ""[cX3H0:1]-[N+X4]"",
    ""description"": ""Aryl ipso carbon of an aromatic ring directly attached to a quaternary ammonium nitrogen [N+](R)(R)R (no N–H)."",
    ""uncertainty"": ""10""
  },
  {
    ""atom_type"": 1128,
    ""element"": ""C"",
    ""chemical_environment"": ""ipso aromatic carbon bonded directly to a protonated tertiary anilinium nitrogen"",
    ""functional_group"": ""aryl ammonium (Ar–N+H(R)2)"",
    ""hybridization"": ""sp2 (aromatic)"",
    ""example_molecule_smiles"": ""c1ccc(cc1)[N+H](C)C"",
    ""group_smarts"": ""[a]-[N+X4H1]"",
    ""atom_specific_smarts"": ""[cX3:1]-[N+X4H1]"",
    ""description"": ""Aryl ipso carbon of an aromatic ring directly attached to a protonated tertiary amine nitrogen [N+H](R)(R)."",
    ""uncertainty"": ""10""
  },
  {
    ""atom_type"": 1151,
    ""element"": ""C"",
    ""chemical_environment"": ""central carbon of the central C=C in a linear triene, disubstituted (no H on this carbon)"",
    ""functional_group"": ""conjugated triene (central alkene carbon, R2C=)"",
    ""hybridization"": ""sp2"",
    ""example_molecule_smiles"": ""C=C-C(=C(C)C)-C=C"",
    ""group_smarts"": ""[C;sp2]=[C;sp2]-[C;sp2]=[C;sp2]-[C;sp2]"",
    ""atom_specific_smarts"": ""[C;sp2X3H0:1](=[C;sp2X3])(-[C;sp2X3]=[C;sp2X3])[C;sp2X3]=[C;sp2X3]"",
    ""description"": ""One of the two carbons of the central C=C bond in a linear triene chain where this carbon has no hydrogens (R2C=). Neighbors: one sp2 C via a double bond (the other central alkene carbon) and two sp2 carbons via single bonds that are each part of terminal C=C bonds."",
    ""uncertainty"": ""35""
  },
  {
    ""atom_type"": 1152,
    ""element"": ""C"",
    ""chemical_environment"": ""central carbon of the central C=C in a linear triene, monosubstituted (one H on this carbon)"",
    ""functional_group"": ""conjugated triene (central alkene carbon, RH–C=)"",
    ""hybridization"": ""sp2"",
    ""example_molecule_smiles"": ""C=CC(=CH)C=C"",
    ""group_smarts"": ""[C;sp2]=[C;sp2]-[CH;sp2]=[C;sp2]-[C;sp2]"",
    ""atom_specific_smarts"": ""[CH;sp2X3:1](=[C;sp2X3])(-[C;sp2X3]=[C;sp2X3])[C;sp2X3]=[C;sp2X3]"",
    ""description"": ""One of the two carbons of the central C=C bond in a linear triene chain where this carbon has one hydrogen (RH–C=). Neighbors: one sp2 C via a double bond (the other central alkene carbon) and two sp2 carbons via single bonds that are each part of terminal C=C bonds."",
    ""uncertainty"": ""40""
  },
  {
    ""atom_type"": 1154,
    ""element"": ""C"",
    ""chemical_environment"": ""terminal carbon (C1) of an allene, CH2 group"",
    ""functional_group"": ""allene terminal carbon (CH2=C=)"",
    ""hybridization"": ""sp2"",
    ""example_molecule_smiles"": ""C=C=C"",
    ""group_smarts"": ""[C;sp2]=[C;spX2]=[C;sp2]"",
    ""atom_specific_smarts"": ""[CH2:1]=[C;spX2](=C)"",
    ""description"": ""Allene terminal carbon (C1) as a methylene (CH2) double-bonded to the central sp carbon of the cumulene."",
    ""uncertainty"": ""10""
  },
  {
    ""atom_type"": 1155,
    ""element"": ""C"",
    ""chemical_environment"": ""terminal carbon (C1) of an allene, CHR group"",
    ""functional_group"": ""allene terminal carbon (substituted, CHR)"",
    ""hybridization"": ""sp2"",
    ""example_molecule_smiles"": ""CC(=C=CH2)C"",
    ""group_smarts"": ""[C;sp2]=[C;spX2]=[C;sp2]"",
    ""atom_specific_smarts"": ""[CH:1]=[C;spX2](=C)"",
    ""description"": ""Allene terminal carbon (C1) with one hydrogen (CHR), double-bonded to the central sp cumulene carbon."",
    ""uncertainty"": ""12""
  },
  {
    ""atom_type"": 1156,
    ""element"": ""C"",
    ""chemical_environment"": ""terminal carbon (C1) of an allene, CR2 group (no hydrogens)"",
    ""functional_group"": ""allene terminal carbon (fully substituted, CR2)"",
    ""hybridization"": ""sp2"",
    ""example_molecule_smiles"": ""CC(C)=C=C=CH2"",
    ""group_smarts"": ""[C;sp2]=[C;spX2]=[C;sp2]"",
    ""atom_specific_smarts"": ""[C;H0:1]=[C;spX2](=C)"",
    ""description"": ""Allene terminal carbon (C1) with no hydrogens (CR2), double-bonded to the central sp cumulene carbon."",
    ""uncertainty"": ""15""
  },
  {
    ""atom_type"": 1157,
    ""element"": ""C"",
    ""chemical_environment"": ""central carbon (C2) of an allene (cumulated diene)"",
    ""functional_group"": ""allene central carbon"",
    ""hybridization"": ""sp"",
    ""example_molecule_smiles"": ""C=C=C"",
    ""group_smarts"": ""[C;sp2]=[C;spX2]=[C;sp2]"",
    ""atom_specific_smarts"": ""[C;spX2:1](=C)=C"",
    ""description"": ""Allene central carbon (C2), sp-hybridized, double-bonded to both terminal sp2 carbons."",
    ""uncertainty"": ""10""
  },
  {
    ""atom_type"": 1158,
    ""element"": ""C"",
    ""chemical_environment"": ""central sp carbon of a ketene (R2C=C=O)"",
    ""functional_group"": ""ketene (cumulene carbon adjacent to carbonyl oxygen)"",
    ""hybridization"": ""sp"",
    ""example_molecule_smiles"": ""C=C=O"",
    ""group_smarts"": ""[C;sp2]=[C;spX2]=O"",
    ""atom_specific_smarts"": ""[C;spX2:1](=O)=C"",
    ""description"": ""Ketene central cumulene carbon (C2), sp-hybridized, double-bonded to O and to an sp2 carbon."",
    ""uncertainty"": ""10""
  },
  {
    ""atom_type"": 1160,
    ""element"": ""C"",
    ""chemical_environment"": ""carbon dioxide carbon (O=C=O)"",
    ""functional_group"": ""carbon dioxide (linear carbonyl di-oxide)"",
    ""hybridization"": ""sp"",
    ""example_molecule_smiles"": ""O=C=O"",
    ""group_smarts"": ""O=[C;spX2]=O"",
    ""atom_specific_smarts"": ""[C;spX2:1](=O)=O"",
    ""description"": ""CO2 carbon, sp-hybridized, double-bonded to two oxygens."",
    ""uncertainty"": ""5""
  },
  {
    ""atom_type"": 1200,
    ""element"": ""C"",
    ""chemical_environment"": ""aliphatic CH2 linking an imidazole ring to the alpha carbon in N-methylhistidine side chain (CB)"",
    ""functional_group"": ""amino acid side chain (histidine, N-methylated ring)"",
    ""hybridization"": ""sp3"",
    ""example_molecule_smiles"": ""CN1C=NC=C1-CH2-CH(N)C(=O)O"",
    ""group_smarts"": ""[CH2]-c1ncnc1"",
    ""atom_specific_smarts"": ""[CH2:1]-c1ncnc1"",
    ""description"": ""Histidine CB carbon: sp3 methylene attached to an imidazole ring carbon and to the alpha carbon of the amino acid (here ring N is N-methylated)."",
    ""uncertainty"": ""50""
  },
  {
    ""atom_type"": 1234,
    ""element"": ""C"",
    ""chemical_environment"": ""C2 carbon of thiazole (between ring N and S)"",
    ""functional_group"": ""thiazole aromatic carbon (C2)"",
    ""hybridization"": ""sp2 (aromatic)"",
    ""example_molecule_smiles"": ""n1cscc1"",
    ""group_smarts"": ""[nH0;r5]:[c;r5]:[s;r5]:[c;r5]:[c;r5]"",
    ""atom_specific_smarts"": ""[nH0;r5]:[cX3H0;r5:1]:[s;r5]"",
    ""description"": ""Aromatic carbon at position 2 of thiazole, bonded to both the ring pyridine-like N and the ring sulfur."",
    ""uncertainty"": ""25""
  },
  {
    ""atom_type"": 1236,
    ""element"": ""C"",
    ""chemical_environment"": ""C4 carbon of thiazole (adjacent to S, not adjacent to ring N)"",
    ""functional_group"": ""thiazole aromatic carbon (C4)"",
    ""hybridization"": ""sp2 (aromatic)"",
    ""example_molecule_smiles"": ""n1cscc1"",
    ""group_smarts"": ""[nH0;r5]:[c;r5]:[s;r5]:[c;r5]:[c;r5]"",
    ""atom_specific_smarts"": ""[s;r5]:[cX3;r5:1]:[c;r5;!n]"",
    ""description"": ""Aromatic carbon at position 4 of thiazole, bonded to the ring sulfur and another aromatic carbon (not directly to the ring N)."",
    ""uncertainty"": ""25""
  },
  {
    ""atom_type"": 1237,
    ""element"": ""C"",
    ""chemical_environment"": ""C5 carbon of thiazole (adjacent to ring N, not adjacent to S)"",
    ""functional_group"": ""thiazole aromatic carbon (C5)"",
    ""hybridization"": ""sp2 (aromatic)"",
    ""example_molecule_smiles"": ""n1cscc1"",
    ""group_smarts"": ""[nH0;r5]:[c;r5]:[s;r5]:[c;r5]:[c;r5]"",
    ""atom_specific_smarts"": ""[c;r5]:[cX3;r5:1]:[nH0;r5]"",
    ""description"": ""Aromatic carbon at position 5 of thiazole, bonded to an aromatic carbon and directly to the ring pyridine-like nitrogen."",
    ""uncertainty"": ""25""
  },
  {
    ""atom_type"": 1260,
    ""element"": ""C"",
    ""chemical_environment"": ""methylene carbon in 2,2,2-trifluoroethanol (between CF3 and OH)"",
    ""functional_group"": ""aliphatic alcohol (TFE CH2 next to CF3)"",
    ""hybridization"": ""sp3"",
    ""example_molecule_smiles"": ""FC(F)(F)CH2O"",
    ""group_smarts"": ""[CH2]-O-[H]"",
    ""atom_specific_smarts"": ""[CH2:1](-O)-[C;H0X4](F)(F)F"",
    ""description"": ""The CH2 carbon in CF3–CH2–OH; bonded to oxygen of the hydroxyl group and to a trifluoromethyl carbon."",
    ""uncertainty"": ""10""
  },
  {
    ""atom_type"": 1261,
    ""element"": ""C"",
    ""chemical_environment"": ""trifluoromethyl carbon"",
    ""functional_group"": ""trifluoromethyl (CF3)"",
    ""hybridization"": ""sp3"",
    ""example_molecule_smiles"": ""FC(F)(F)C"",
    ""group_smarts"": ""[C;H0X4](F)(F)F"",
    ""atom_specific_smarts"": ""[C;H0X4:1](F)(F)F"",
    ""description"": ""CF3 carbon bearing three fluorine substituents."",
    ""uncertainty"": ""15""
  },
  {
    ""atom_type"": 1268,
    ""element"": ""C"",
    ""chemical_environment"": ""cyclopropane ring CH bearing a vinyl substituent (–CH=CH2)"",
    ""functional_group"": ""vinylcyclopropane (ring carbon at the substitution site)"",
    ""hybridization"": ""sp3"",
    ""example_molecule_smiles"": ""C1C(C1)C=CH2"",
    ""group_smarts"": ""[C;R3]-[C;R3]-[C;R3]-[CH;sp2]=[CH2]"",
    ""atom_specific_smarts"": ""[CH;R3:1]-[CH;sp2]=[CH2]"",
    ""description"": ""Cyclopropane ring carbon (CH) that is directly bonded to the internal vinylic CH of a –CH=CH2 substituent."",
    ""uncertainty"": ""25""
  },
  {
    ""atom_type"": 1269,
    ""element"": ""C"",
    ""chemical_environment"": ""internal vinylic CH of a –CH=CH2 group directly attached to a cyclopropane carbon"",
    ""functional_group"": ""vinylcyclopropane (vinylic carbon attached to cyclopropane)"",
    ""hybridization"": ""sp2"",
    ""example_molecule_smiles"": ""C1C(C1)C=CH2"",
    ""group_smarts"": ""[C;R3]-[CH;sp2]=[CH2]"",
    ""atom_specific_smarts"": ""[CH;sp2:1](-[C;R3])=[CH2]"",
    ""description"": ""The vinylic CH carbon of the vinyl substituent in vinylcyclopropane; one bond to a cyclopropyl carbon and double-bonded to a terminal CH2."",
    ""uncertainty"": ""25""
  },
  {
    ""atom_type"": 1270,
    ""element"": ""C"",
    ""chemical_environment"": ""cyclopropane ring CH bearing an ethynyl substituent (–C≡CH)"",
    ""functional_group"": ""ethynylcyclopropane (ring carbon at the substitution site)"",
    ""hybridization"": ""sp3"",
    ""example_molecule_smiles"": ""C1C(C1)C#CH"",
    ""group_smarts"": ""[CH;R3]-[C;sp]#[CH]"",
    ""atom_specific_smarts"": ""[CH;R3:1]-[C;sp]#[CH]"",
    ""description"": ""Cyclopropane ring carbon (CH) directly bonded to the internal acetylenic carbon of an ethynyl group (–C≡CH)."",
    ""uncertainty"": ""25""
  },
  {
    ""atom_type"": 1271,
    ""element"": ""C"",
    ""chemical_environment"": ""internal acetylenic carbon of an ethynyl group attached to a cyclopropane carbon"",
    ""functional_group"": ""ethynylcyclopropane (alkynyl carbon next to ring)"",
    ""hybridization"": ""sp"",
    ""example_molecule_smiles"": ""C1C(C1)C#CH"",
    ""group_smarts"": ""[C;R3]-[C;sp]#[CH]"",
    ""atom_specific_smarts"": ""[C;sp:1](-[C;R3])#[CH]"",
    ""description"": ""The sp carbon of –C≡CH directly bonded to a cyclopropane carbon (the other alkyne carbon is terminal CH)."",
    ""uncertainty"": ""30""
  }
]"
1156,0.05,C  - CM   | allene C1 CR2,12.011,oplsaa2024.lt,C,6,"Convert the following OPLS-AA atom type rows:

Atom Type Data:
- Atom index: 1126
- Force field raw info: C  - CA   | Cipso (ArNR3+)
- Partial charge: 0.135
- Atomic mass: 12.011
- Element guess: C
- Atomic number: 6
- Source file: oplsaa2024.lt


Atom Type Data:
- Atom index: 1128
- Force field raw info: C  - CA   | Cipso (ArNR2H+)
- Partial charge: 0.155
- Atomic mass: 12.011
- Element guess: C
- Atomic number: 6
- Source file: oplsaa2024.lt


Atom Type Data:
- Atom index: 1151
- Force field raw info: C  - C|   | triene C (R2-C=) central C=C
- Partial charge: 0.0
- Atomic mass: 12.011
- Element guess: C
- Atomic number: 6
- Source file: oplsaa2024.lt


Atom Type Data:
- Atom index: 1152
- Force field raw info: C  - C|   | triene C (RH-C=) central C=C
- Partial charge: -0.115
- Atomic mass: 12.011
- Element guess: C
- Atomic number: 6
- Source file: oplsaa2024.lt


Atom Type Data:
- Atom index: 1154
- Force field raw info: C  - CM   | allene C1 CH2
- Partial charge: -0.25
- Atomic mass: 12.011
- Element guess: C
- Atomic number: 6
- Source file: oplsaa2024.lt


Atom Type Data:
- Atom index: 1155
- Force field raw info: C  - CM   | allene C1 CHR
- Partial charge: -0.1
- Atomic mass: 12.011
- Element guess: C
- Atomic number: 6
- Source file: oplsaa2024.lt


Atom Type Data:
- Atom index: 1156
- Force field raw info: C  - CM   | allene C1 CR2
- Partial charge: 0.05
- Atomic mass: 12.011
- Element guess: C
- Atomic number: 6
- Source file: oplsaa2024.lt


Atom Type Data:
- Atom index: 1157
- Force field raw info: C  - C°   | allene C2
- Partial charge: -0.1
- Atomic mass: 12.011
- Element guess: C
- Atomic number: 6
- Source file: oplsaa2024.lt


Atom Type Data:
- Atom index: 1158
- Force field raw info: C  - C°   | ketene C2
- Partial charge: 0.2
- Atomic mass: 12.011
- Element guess: C
- Atomic number: 6
- Source file: oplsaa2024.lt


Atom Type Data:
- Atom index: 1160
- Force field raw info: C  - C°   | CO2 Madura 2009 carbon dioxide
- Partial charge: 0.7
- Atomic mass: 12.011
- Element guess: C
- Atomic number: 6
- Source file: oplsaa2024.lt


Atom Type Data:
- Atom index: 1200
- Force field raw info: C  - CT   | CB in N-Me HIS
- Partial charge: 0.088
- Atomic mass: 12.011
- Element guess: C
- Atomic number: 6
- Source file: oplsaa2024.lt


Atom Type Data:
- Atom index: 1234
- Force field raw info: C  - CR   | C2 thiazole jlj0003
- Partial charge: 0.35
- Atomic mass: 12.011
- Element guess: C
- Atomic number: 6
- Source file: oplsaa2024.lt


Atom Type Data:
- Atom index: 1236
- Force field raw info: C  - CV   | C4 thiazole jlj0003
- Partial charge: 0.0
- Atomic mass: 12.011
- Element guess: C
- Atomic number: 6
- Source file: oplsaa2024.lt


Atom Type Data:
- Atom index: 1237
- Force field raw info: C  - CW   | C5 thiazole jlj0003
- Partial charge: -0.15
- Atomic mass: 12.011
- Element guess: C
- Atomic number: 6
- Source file: oplsaa2024.lt


Atom Type Data:
- Atom index: 1260
- Force field raw info: C  - CT   | CH2 Trifluoroethanol TFE
- Partial charge: 0.1263
- Atomic mass: 12.011
- Element guess: C
- Atomic number: 6
- Source file: oplsaa2024.lt


Atom Type Data:
- Atom index: 1261
- Force field raw info: C  - CT   | CF3 E Duffy Thesis 1994
- Partial charge: 0.5323
- Atomic mass: 12.011
- Element guess: C
- Atomic number: 6
- Source file: oplsaa2024.lt


Atom Type Data:
- Atom index: 1268
- Force field raw info: C  - CY   | CHCH=CH2 vinylcyclopropane OPLS-2020
- Partial charge: -0.005
- Atomic mass: 12.011
- Element guess: C
- Atomic number: 6
- Source file: oplsaa2024.lt


Atom Type Data:
- Atom index: 1269
- Force field raw info: C  - CM   | vinylcyclopropane
- Partial charge: -0.17
- Atomic mass: 12.011
- Element guess: C
- Atomic number: 6
- Source file: oplsaa2024.lt


Atom Type Data:
- Atom index: 1270
- Force field raw info: C  - CY   | CHC%CH ethynylcyclopropane OPLS-2020
- Partial charge: 0.08
- Atomic mass: 12.011
- Element guess: C
- Atomic number: 6
- Source file: oplsaa2024.lt


Atom Type Data:
- Atom index: 1271
- Force field raw info: C  - CZ   | ethynylcyclopropane
- Partial charge: -0.14
- Atomic mass: 12.011
- Element guess: C
- Atomic number: 6
- Source file: oplsaa2024.lt
","[
  {
    ""atom_type"": 1126,
    ""element"": ""C"",
    ""chemical_environment"": ""ipso aromatic carbon bonded directly to a quaternary ammonium nitrogen"",
    ""functional_group"": ""aryl quaternary ammonium (Ar–N+(R)3)"",
    ""hybridization"": ""sp2 (aromatic)"",
    ""example_molecule_smiles"": ""c1ccc(cc1)[N+](C)(C)C"",
    ""group_smarts"": ""[a]-[N+X4]"",
    ""atom_specific_smarts"": ""[cX3H0:1]-[N+X4]"",
    ""description"": ""Aryl ipso carbon of an aromatic ring directly attached to a quaternary ammonium nitrogen [N+](R)(R)R (no N–H)."",
    ""uncertainty"": ""10""
  },
  {
    ""atom_type"": 1128,
    ""element"": ""C"",
    ""chemical_environment"": ""ipso aromatic carbon bonded directly to a protonated tertiary anilinium nitrogen"",
    ""functional_group"": ""aryl ammonium (Ar–N+H(R)2)"",
    ""hybridization"": ""sp2 (aromatic)"",
    ""example_molecule_smiles"": ""c1ccc(cc1)[N+H](C)C"",
    ""group_smarts"": ""[a]-[N+X4H1]"",
    ""atom_specific_smarts"": ""[cX3:1]-[N+X4H1]"",
    ""description"": ""Aryl ipso carbon of an aromatic ring directly attached to a protonated tertiary amine nitrogen [N+H](R)(R)."",
    ""uncertainty"": ""10""
  },
  {
    ""atom_type"": 1151,
    ""element"": ""C"",
    ""chemical_environment"": ""central carbon of the central C=C in a linear triene, disubstituted (no H on this carbon)"",
    ""functional_group"": ""conjugated triene (central alkene carbon, R2C=)"",
    ""hybridization"": ""sp2"",
    ""example_molecule_smiles"": ""C=C-C(=C(C)C)-C=C"",
    ""group_smarts"": ""[C;sp2]=[C;sp2]-[C;sp2]=[C;sp2]-[C;sp2]"",
    ""atom_specific_smarts"": ""[C;sp2X3H0:1](=[C;sp2X3])(-[C;sp2X3]=[C;sp2X3])[C;sp2X3]=[C;sp2X3]"",
    ""description"": ""One of the two carbons of the central C=C bond in a linear triene chain where this carbon has no hydrogens (R2C=). Neighbors: one sp2 C via a double bond (the other central alkene carbon) and two sp2 carbons via single bonds that are each part of terminal C=C bonds."",
    ""uncertainty"": ""35""
  },
  {
    ""atom_type"": 1152,
    ""element"": ""C"",
    ""chemical_environment"": ""central carbon of the central C=C in a linear triene, monosubstituted (one H on this carbon)"",
    ""functional_group"": ""conjugated triene (central alkene carbon, RH–C=)"",
    ""hybridization"": ""sp2"",
    ""example_molecule_smiles"": ""C=CC(=CH)C=C"",
    ""group_smarts"": ""[C;sp2]=[C;sp2]-[CH;sp2]=[C;sp2]-[C;sp2]"",
    ""atom_specific_smarts"": ""[CH;sp2X3:1](=[C;sp2X3])(-[C;sp2X3]=[C;sp2X3])[C;sp2X3]=[C;sp2X3]"",
    ""description"": ""One of the two carbons of the central C=C bond in a linear triene chain where this carbon has one hydrogen (RH–C=). Neighbors: one sp2 C via a double bond (the other central alkene carbon) and two sp2 carbons via single bonds that are each part of terminal C=C bonds."",
    ""uncertainty"": ""40""
  },
  {
    ""atom_type"": 1154,
    ""element"": ""C"",
    ""chemical_environment"": ""terminal carbon (C1) of an allene, CH2 group"",
    ""functional_group"": ""allene terminal carbon (CH2=C=)"",
    ""hybridization"": ""sp2"",
    ""example_molecule_smiles"": ""C=C=C"",
    ""group_smarts"": ""[C;sp2]=[C;spX2]=[C;sp2]"",
    ""atom_specific_smarts"": ""[CH2:1]=[C;spX2](=C)"",
    ""description"": ""Allene terminal carbon (C1) as a methylene (CH2) double-bonded to the central sp carbon of the cumulene."",
    ""uncertainty"": ""10""
  },
  {
    ""atom_type"": 1155,
    ""element"": ""C"",
    ""chemical_environment"": ""terminal carbon (C1) of an allene, CHR group"",
    ""functional_group"": ""allene terminal carbon (substituted, CHR)"",
    ""hybridization"": ""sp2"",
    ""example_molecule_smiles"": ""CC(=C=CH2)C"",
    ""group_smarts"": ""[C;sp2]=[C;spX2]=[C;sp2]"",
    ""atom_specific_smarts"": ""[CH:1]=[C;spX2](=C)"",
    ""description"": ""Allene terminal carbon (C1) with one hydrogen (CHR), double-bonded to the central sp cumulene carbon."",
    ""uncertainty"": ""12""
  },
  {
    ""atom_type"": 1156,
    ""element"": ""C"",
    ""chemical_environment"": ""terminal carbon (C1) of an allene, CR2 group (no hydrogens)"",
    ""functional_group"": ""allene terminal carbon (fully substituted, CR2)"",
    ""hybridization"": ""sp2"",
    ""example_molecule_smiles"": ""CC(C)=C=C=CH2"",
    ""group_smarts"": ""[C;sp2]=[C;spX2]=[C;sp2]"",
    ""atom_specific_smarts"": ""[C;H0:1]=[C;spX2](=C)"",
    ""description"": ""Allene terminal carbon (C1) with no hydrogens (CR2), double-bonded to the central sp cumulene carbon."",
    ""uncertainty"": ""15""
  },
  {
    ""atom_type"": 1157,
    ""element"": ""C"",
    ""chemical_environment"": ""central carbon (C2) of an allene (cumulated diene)"",
    ""functional_group"": ""allene central carbon"",
    ""hybridization"": ""sp"",
    ""example_molecule_smiles"": ""C=C=C"",
    ""group_smarts"": ""[C;sp2]=[C;spX2]=[C;sp2]"",
    ""atom_specific_smarts"": ""[C;spX2:1](=C)=C"",
    ""description"": ""Allene central carbon (C2), sp-hybridized, double-bonded to both terminal sp2 carbons."",
    ""uncertainty"": ""10""
  },
  {
    ""atom_type"": 1158,
    ""element"": ""C"",
    ""chemical_environment"": ""central sp carbon of a ketene (R2C=C=O)"",
    ""functional_group"": ""ketene (cumulene carbon adjacent to carbonyl oxygen)"",
    ""hybridization"": ""sp"",
    ""example_molecule_smiles"": ""C=C=O"",
    ""group_smarts"": ""[C;sp2]=[C;spX2]=O"",
    ""atom_specific_smarts"": ""[C;spX2:1](=O)=C"",
    ""description"": ""Ketene central cumulene carbon (C2), sp-hybridized, double-bonded to O and to an sp2 carbon."",
    ""uncertainty"": ""10""
  },
  {
    ""atom_type"": 1160,
    ""element"": ""C"",
    ""chemical_environment"": ""carbon dioxide carbon (O=C=O)"",
    ""functional_group"": ""carbon dioxide (linear carbonyl di-oxide)"",
    ""hybridization"": ""sp"",
    ""example_molecule_smiles"": ""O=C=O"",
    ""group_smarts"": ""O=[C;spX2]=O"",
    ""atom_specific_smarts"": ""[C;spX2:1](=O)=O"",
    ""description"": ""CO2 carbon, sp-hybridized, double-bonded to two oxygens."",
    ""uncertainty"": ""5""
  },
  {
    ""atom_type"": 1200,
    ""element"": ""C"",
    ""chemical_environment"": ""aliphatic CH2 linking an imidazole ring to the alpha carbon in N-methylhistidine side chain (CB)"",
    ""functional_group"": ""amino acid side chain (histidine, N-methylated ring)"",
    ""hybridization"": ""sp3"",
    ""example_molecule_smiles"": ""CN1C=NC=C1-CH2-CH(N)C(=O)O"",
    ""group_smarts"": ""[CH2]-c1ncnc1"",
    ""atom_specific_smarts"": ""[CH2:1]-c1ncnc1"",
    ""description"": ""Histidine CB carbon: sp3 methylene attached to an imidazole ring carbon and to the alpha carbon of the amino acid (here ring N is N-methylated)."",
    ""uncertainty"": ""50""
  },
  {
    ""atom_type"": 1234,
    ""element"": ""C"",
    ""chemical_environment"": ""C2 carbon of thiazole (between ring N and S)"",
    ""functional_group"": ""thiazole aromatic carbon (C2)"",
    ""hybridization"": ""sp2 (aromatic)"",
    ""example_molecule_smiles"": ""n1cscc1"",
    ""group_smarts"": ""[nH0;r5]:[c;r5]:[s;r5]:[c;r5]:[c;r5]"",
    ""atom_specific_smarts"": ""[nH0;r5]:[cX3H0;r5:1]:[s;r5]"",
    ""description"": ""Aromatic carbon at position 2 of thiazole, bonded to both the ring pyridine-like N and the ring sulfur."",
    ""uncertainty"": ""25""
  },
  {
    ""atom_type"": 1236,
    ""element"": ""C"",
    ""chemical_environment"": ""C4 carbon of thiazole (adjacent to S, not adjacent to ring N)"",
    ""functional_group"": ""thiazole aromatic carbon (C4)"",
    ""hybridization"": ""sp2 (aromatic)"",
    ""example_molecule_smiles"": ""n1cscc1"",
    ""group_smarts"": ""[nH0;r5]:[c;r5]:[s;r5]:[c;r5]:[c;r5]"",
    ""atom_specific_smarts"": ""[s;r5]:[cX3;r5:1]:[c;r5;!n]"",
    ""description"": ""Aromatic carbon at position 4 of thiazole, bonded to the ring sulfur and another aromatic carbon (not directly to the ring N)."",
    ""uncertainty"": ""25""
  },
  {
    ""atom_type"": 1237,
    ""element"": ""C"",
    ""chemical_environment"": ""C5 carbon of thiazole (adjacent to ring N, not adjacent to S)"",
    ""functional_group"": ""thiazole aromatic carbon (C5)"",
    ""hybridization"": ""sp2 (aromatic)"",
    ""example_molecule_smiles"": ""n1cscc1"",
    ""group_smarts"": ""[nH0;r5]:[c;r5]:[s;r5]:[c;r5]:[c;r5]"",
    ""atom_specific_smarts"": ""[c;r5]:[cX3;r5:1]:[nH0;r5]"",
    ""description"": ""Aromatic carbon at position 5 of thiazole, bonded to an aromatic carbon and directly to the ring pyridine-like nitrogen."",
    ""uncertainty"": ""25""
  },
  {
    ""atom_type"": 1260,
    ""element"": ""C"",
    ""chemical_environment"": ""methylene carbon in 2,2,2-trifluoroethanol (between CF3 and OH)"",
    ""functional_group"": ""aliphatic alcohol (TFE CH2 next to CF3)"",
    ""hybridization"": ""sp3"",
    ""example_molecule_smiles"": ""FC(F)(F)CH2O"",
    ""group_smarts"": ""[CH2]-O-[H]"",
    ""atom_specific_smarts"": ""[CH2:1](-O)-[C;H0X4](F)(F)F"",
    ""description"": ""The CH2 carbon in CF3–CH2–OH; bonded to oxygen of the hydroxyl group and to a trifluoromethyl carbon."",
    ""uncertainty"": ""10""
  },
  {
    ""atom_type"": 1261,
    ""element"": ""C"",
    ""chemical_environment"": ""trifluoromethyl carbon"",
    ""functional_group"": ""trifluoromethyl (CF3)"",
    ""hybridization"": ""sp3"",
    ""example_molecule_smiles"": ""FC(F)(F)C"",
    ""group_smarts"": ""[C;H0X4](F)(F)F"",
    ""atom_specific_smarts"": ""[C;H0X4:1](F)(F)F"",
    ""description"": ""CF3 carbon bearing three fluorine substituents."",
    ""uncertainty"": ""15""
  },
  {
    ""atom_type"": 1268,
    ""element"": ""C"",
    ""chemical_environment"": ""cyclopropane ring CH bearing a vinyl substituent (–CH=CH2)"",
    ""functional_group"": ""vinylcyclopropane (ring carbon at the substitution site)"",
    ""hybridization"": ""sp3"",
    ""example_molecule_smiles"": ""C1C(C1)C=CH2"",
    ""group_smarts"": ""[C;R3]-[C;R3]-[C;R3]-[CH;sp2]=[CH2]"",
    ""atom_specific_smarts"": ""[CH;R3:1]-[CH;sp2]=[CH2]"",
    ""description"": ""Cyclopropane ring carbon (CH) that is directly bonded to the internal vinylic CH of a –CH=CH2 substituent."",
    ""uncertainty"": ""25""
  },
  {
    ""atom_type"": 1269,
    ""element"": ""C"",
    ""chemical_environment"": ""internal vinylic CH of a –CH=CH2 group directly attached to a cyclopropane carbon"",
    ""functional_group"": ""vinylcyclopropane (vinylic carbon attached to cyclopropane)"",
    ""hybridization"": ""sp2"",
    ""example_molecule_smiles"": ""C1C(C1)C=CH2"",
    ""group_smarts"": ""[C;R3]-[CH;sp2]=[CH2]"",
    ""atom_specific_smarts"": ""[CH;sp2:1](-[C;R3])=[CH2]"",
    ""description"": ""The vinylic CH carbon of the vinyl substituent in vinylcyclopropane; one bond to a cyclopropyl carbon and double-bonded to a terminal CH2."",
    ""uncertainty"": ""25""
  },
  {
    ""atom_type"": 1270,
    ""element"": ""C"",
    ""chemical_environment"": ""cyclopropane ring CH bearing an ethynyl substituent (–C≡CH)"",
    ""functional_group"": ""ethynylcyclopropane (ring carbon at the substitution site)"",
    ""hybridization"": ""sp3"",
    ""example_molecule_smiles"": ""C1C(C1)C#CH"",
    ""group_smarts"": ""[CH;R3]-[C;sp]#[CH]"",
    ""atom_specific_smarts"": ""[CH;R3:1]-[C;sp]#[CH]"",
    ""description"": ""Cyclopropane ring carbon (CH) directly bonded to the internal acetylenic carbon of an ethynyl group (–C≡CH)."",
    ""uncertainty"": ""25""
  },
  {
    ""atom_type"": 1271,
    ""element"": ""C"",
    ""chemical_environment"": ""internal acetylenic carbon of an ethynyl group attached to a cyclopropane carbon"",
    ""functional_group"": ""ethynylcyclopropane (alkynyl carbon next to ring)"",
    ""hybridization"": ""sp"",
    ""example_molecule_smiles"": ""C1C(C1)C#CH"",
    ""group_smarts"": ""[C;R3]-[C;sp]#[CH]"",
    ""atom_specific_smarts"": ""[C;sp:1](-[C;R3])#[CH]"",
    ""description"": ""The sp carbon of –C≡CH directly bonded to a cyclopropane carbon (the other alkyne carbon is terminal CH)."",
    ""uncertainty"": ""30""
  }
]"
1157,-0.1,C  - C°   | allene C2,12.011,oplsaa2024.lt,C,6,"Convert the following OPLS-AA atom type rows:

Atom Type Data:
- Atom index: 1126
- Force field raw info: C  - CA   | Cipso (ArNR3+)
- Partial charge: 0.135
- Atomic mass: 12.011
- Element guess: C
- Atomic number: 6
- Source file: oplsaa2024.lt


Atom Type Data:
- Atom index: 1128
- Force field raw info: C  - CA   | Cipso (ArNR2H+)
- Partial charge: 0.155
- Atomic mass: 12.011
- Element guess: C
- Atomic number: 6
- Source file: oplsaa2024.lt


Atom Type Data:
- Atom index: 1151
- Force field raw info: C  - C|   | triene C (R2-C=) central C=C
- Partial charge: 0.0
- Atomic mass: 12.011
- Element guess: C
- Atomic number: 6
- Source file: oplsaa2024.lt


Atom Type Data:
- Atom index: 1152
- Force field raw info: C  - C|   | triene C (RH-C=) central C=C
- Partial charge: -0.115
- Atomic mass: 12.011
- Element guess: C
- Atomic number: 6
- Source file: oplsaa2024.lt


Atom Type Data:
- Atom index: 1154
- Force field raw info: C  - CM   | allene C1 CH2
- Partial charge: -0.25
- Atomic mass: 12.011
- Element guess: C
- Atomic number: 6
- Source file: oplsaa2024.lt


Atom Type Data:
- Atom index: 1155
- Force field raw info: C  - CM   | allene C1 CHR
- Partial charge: -0.1
- Atomic mass: 12.011
- Element guess: C
- Atomic number: 6
- Source file: oplsaa2024.lt


Atom Type Data:
- Atom index: 1156
- Force field raw info: C  - CM   | allene C1 CR2
- Partial charge: 0.05
- Atomic mass: 12.011
- Element guess: C
- Atomic number: 6
- Source file: oplsaa2024.lt


Atom Type Data:
- Atom index: 1157
- Force field raw info: C  - C°   | allene C2
- Partial charge: -0.1
- Atomic mass: 12.011
- Element guess: C
- Atomic number: 6
- Source file: oplsaa2024.lt


Atom Type Data:
- Atom index: 1158
- Force field raw info: C  - C°   | ketene C2
- Partial charge: 0.2
- Atomic mass: 12.011
- Element guess: C
- Atomic number: 6
- Source file: oplsaa2024.lt


Atom Type Data:
- Atom index: 1160
- Force field raw info: C  - C°   | CO2 Madura 2009 carbon dioxide
- Partial charge: 0.7
- Atomic mass: 12.011
- Element guess: C
- Atomic number: 6
- Source file: oplsaa2024.lt


Atom Type Data:
- Atom index: 1200
- Force field raw info: C  - CT   | CB in N-Me HIS
- Partial charge: 0.088
- Atomic mass: 12.011
- Element guess: C
- Atomic number: 6
- Source file: oplsaa2024.lt


Atom Type Data:
- Atom index: 1234
- Force field raw info: C  - CR   | C2 thiazole jlj0003
- Partial charge: 0.35
- Atomic mass: 12.011
- Element guess: C
- Atomic number: 6
- Source file: oplsaa2024.lt


Atom Type Data:
- Atom index: 1236
- Force field raw info: C  - CV   | C4 thiazole jlj0003
- Partial charge: 0.0
- Atomic mass: 12.011
- Element guess: C
- Atomic number: 6
- Source file: oplsaa2024.lt


Atom Type Data:
- Atom index: 1237
- Force field raw info: C  - CW   | C5 thiazole jlj0003
- Partial charge: -0.15
- Atomic mass: 12.011
- Element guess: C
- Atomic number: 6
- Source file: oplsaa2024.lt


Atom Type Data:
- Atom index: 1260
- Force field raw info: C  - CT   | CH2 Trifluoroethanol TFE
- Partial charge: 0.1263
- Atomic mass: 12.011
- Element guess: C
- Atomic number: 6
- Source file: oplsaa2024.lt


Atom Type Data:
- Atom index: 1261
- Force field raw info: C  - CT   | CF3 E Duffy Thesis 1994
- Partial charge: 0.5323
- Atomic mass: 12.011
- Element guess: C
- Atomic number: 6
- Source file: oplsaa2024.lt


Atom Type Data:
- Atom index: 1268
- Force field raw info: C  - CY   | CHCH=CH2 vinylcyclopropane OPLS-2020
- Partial charge: -0.005
- Atomic mass: 12.011
- Element guess: C
- Atomic number: 6
- Source file: oplsaa2024.lt


Atom Type Data:
- Atom index: 1269
- Force field raw info: C  - CM   | vinylcyclopropane
- Partial charge: -0.17
- Atomic mass: 12.011
- Element guess: C
- Atomic number: 6
- Source file: oplsaa2024.lt


Atom Type Data:
- Atom index: 1270
- Force field raw info: C  - CY   | CHC%CH ethynylcyclopropane OPLS-2020
- Partial charge: 0.08
- Atomic mass: 12.011
- Element guess: C
- Atomic number: 6
- Source file: oplsaa2024.lt


Atom Type Data:
- Atom index: 1271
- Force field raw info: C  - CZ   | ethynylcyclopropane
- Partial charge: -0.14
- Atomic mass: 12.011
- Element guess: C
- Atomic number: 6
- Source file: oplsaa2024.lt
","[
  {
    ""atom_type"": 1126,
    ""element"": ""C"",
    ""chemical_environment"": ""ipso aromatic carbon bonded directly to a quaternary ammonium nitrogen"",
    ""functional_group"": ""aryl quaternary ammonium (Ar–N+(R)3)"",
    ""hybridization"": ""sp2 (aromatic)"",
    ""example_molecule_smiles"": ""c1ccc(cc1)[N+](C)(C)C"",
    ""group_smarts"": ""[a]-[N+X4]"",
    ""atom_specific_smarts"": ""[cX3H0:1]-[N+X4]"",
    ""description"": ""Aryl ipso carbon of an aromatic ring directly attached to a quaternary ammonium nitrogen [N+](R)(R)R (no N–H)."",
    ""uncertainty"": ""10""
  },
  {
    ""atom_type"": 1128,
    ""element"": ""C"",
    ""chemical_environment"": ""ipso aromatic carbon bonded directly to a protonated tertiary anilinium nitrogen"",
    ""functional_group"": ""aryl ammonium (Ar–N+H(R)2)"",
    ""hybridization"": ""sp2 (aromatic)"",
    ""example_molecule_smiles"": ""c1ccc(cc1)[N+H](C)C"",
    ""group_smarts"": ""[a]-[N+X4H1]"",
    ""atom_specific_smarts"": ""[cX3:1]-[N+X4H1]"",
    ""description"": ""Aryl ipso carbon of an aromatic ring directly attached to a protonated tertiary amine nitrogen [N+H](R)(R)."",
    ""uncertainty"": ""10""
  },
  {
    ""atom_type"": 1151,
    ""element"": ""C"",
    ""chemical_environment"": ""central carbon of the central C=C in a linear triene, disubstituted (no H on this carbon)"",
    ""functional_group"": ""conjugated triene (central alkene carbon, R2C=)"",
    ""hybridization"": ""sp2"",
    ""example_molecule_smiles"": ""C=C-C(=C(C)C)-C=C"",
    ""group_smarts"": ""[C;sp2]=[C;sp2]-[C;sp2]=[C;sp2]-[C;sp2]"",
    ""atom_specific_smarts"": ""[C;sp2X3H0:1](=[C;sp2X3])(-[C;sp2X3]=[C;sp2X3])[C;sp2X3]=[C;sp2X3]"",
    ""description"": ""One of the two carbons of the central C=C bond in a linear triene chain where this carbon has no hydrogens (R2C=). Neighbors: one sp2 C via a double bond (the other central alkene carbon) and two sp2 carbons via single bonds that are each part of terminal C=C bonds."",
    ""uncertainty"": ""35""
  },
  {
    ""atom_type"": 1152,
    ""element"": ""C"",
    ""chemical_environment"": ""central carbon of the central C=C in a linear triene, monosubstituted (one H on this carbon)"",
    ""functional_group"": ""conjugated triene (central alkene carbon, RH–C=)"",
    ""hybridization"": ""sp2"",
    ""example_molecule_smiles"": ""C=CC(=CH)C=C"",
    ""group_smarts"": ""[C;sp2]=[C;sp2]-[CH;sp2]=[C;sp2]-[C;sp2]"",
    ""atom_specific_smarts"": ""[CH;sp2X3:1](=[C;sp2X3])(-[C;sp2X3]=[C;sp2X3])[C;sp2X3]=[C;sp2X3]"",
    ""description"": ""One of the two carbons of the central C=C bond in a linear triene chain where this carbon has one hydrogen (RH–C=). Neighbors: one sp2 C via a double bond (the other central alkene carbon) and two sp2 carbons via single bonds that are each part of terminal C=C bonds."",
    ""uncertainty"": ""40""
  },
  {
    ""atom_type"": 1154,
    ""element"": ""C"",
    ""chemical_environment"": ""terminal carbon (C1) of an allene, CH2 group"",
    ""functional_group"": ""allene terminal carbon (CH2=C=)"",
    ""hybridization"": ""sp2"",
    ""example_molecule_smiles"": ""C=C=C"",
    ""group_smarts"": ""[C;sp2]=[C;spX2]=[C;sp2]"",
    ""atom_specific_smarts"": ""[CH2:1]=[C;spX2](=C)"",
    ""description"": ""Allene terminal carbon (C1) as a methylene (CH2) double-bonded to the central sp carbon of the cumulene."",
    ""uncertainty"": ""10""
  },
  {
    ""atom_type"": 1155,
    ""element"": ""C"",
    ""chemical_environment"": ""terminal carbon (C1) of an allene, CHR group"",
    ""functional_group"": ""allene terminal carbon (substituted, CHR)"",
    ""hybridization"": ""sp2"",
    ""example_molecule_smiles"": ""CC(=C=CH2)C"",
    ""group_smarts"": ""[C;sp2]=[C;spX2]=[C;sp2]"",
    ""atom_specific_smarts"": ""[CH:1]=[C;spX2](=C)"",
    ""description"": ""Allene terminal carbon (C1) with one hydrogen (CHR), double-bonded to the central sp cumulene carbon."",
    ""uncertainty"": ""12""
  },
  {
    ""atom_type"": 1156,
    ""element"": ""C"",
    ""chemical_environment"": ""terminal carbon (C1) of an allene, CR2 group (no hydrogens)"",
    ""functional_group"": ""allene terminal carbon (fully substituted, CR2)"",
    ""hybridization"": ""sp2"",
    ""example_molecule_smiles"": ""CC(C)=C=C=CH2"",
    ""group_smarts"": ""[C;sp2]=[C;spX2]=[C;sp2]"",
    ""atom_specific_smarts"": ""[C;H0:1]=[C;spX2](=C)"",
    ""description"": ""Allene terminal carbon (C1) with no hydrogens (CR2), double-bonded to the central sp cumulene carbon."",
    ""uncertainty"": ""15""
  },
  {
    ""atom_type"": 1157,
    ""element"": ""C"",
    ""chemical_environment"": ""central carbon (C2) of an allene (cumulated diene)"",
    ""functional_group"": ""allene central carbon"",
    ""hybridization"": ""sp"",
    ""example_molecule_smiles"": ""C=C=C"",
    ""group_smarts"": ""[C;sp2]=[C;spX2]=[C;sp2]"",
    ""atom_specific_smarts"": ""[C;spX2:1](=C)=C"",
    ""description"": ""Allene central carbon (C2), sp-hybridized, double-bonded to both terminal sp2 carbons."",
    ""uncertainty"": ""10""
  },
  {
    ""atom_type"": 1158,
    ""element"": ""C"",
    ""chemical_environment"": ""central sp carbon of a ketene (R2C=C=O)"",
    ""functional_group"": ""ketene (cumulene carbon adjacent to carbonyl oxygen)"",
    ""hybridization"": ""sp"",
    ""example_molecule_smiles"": ""C=C=O"",
    ""group_smarts"": ""[C;sp2]=[C;spX2]=O"",
    ""atom_specific_smarts"": ""[C;spX2:1](=O)=C"",
    ""description"": ""Ketene central cumulene carbon (C2), sp-hybridized, double-bonded to O and to an sp2 carbon."",
    ""uncertainty"": ""10""
  },
  {
    ""atom_type"": 1160,
    ""element"": ""C"",
    ""chemical_environment"": ""carbon dioxide carbon (O=C=O)"",
    ""functional_group"": ""carbon dioxide (linear carbonyl di-oxide)"",
    ""hybridization"": ""sp"",
    ""example_molecule_smiles"": ""O=C=O"",
    ""group_smarts"": ""O=[C;spX2]=O"",
    ""atom_specific_smarts"": ""[C;spX2:1](=O)=O"",
    ""description"": ""CO2 carbon, sp-hybridized, double-bonded to two oxygens."",
    ""uncertainty"": ""5""
  },
  {
    ""atom_type"": 1200,
    ""element"": ""C"",
    ""chemical_environment"": ""aliphatic CH2 linking an imidazole ring to the alpha carbon in N-methylhistidine side chain (CB)"",
    ""functional_group"": ""amino acid side chain (histidine, N-methylated ring)"",
    ""hybridization"": ""sp3"",
    ""example_molecule_smiles"": ""CN1C=NC=C1-CH2-CH(N)C(=O)O"",
    ""group_smarts"": ""[CH2]-c1ncnc1"",
    ""atom_specific_smarts"": ""[CH2:1]-c1ncnc1"",
    ""description"": ""Histidine CB carbon: sp3 methylene attached to an imidazole ring carbon and to the alpha carbon of the amino acid (here ring N is N-methylated)."",
    ""uncertainty"": ""50""
  },
  {
    ""atom_type"": 1234,
    ""element"": ""C"",
    ""chemical_environment"": ""C2 carbon of thiazole (between ring N and S)"",
    ""functional_group"": ""thiazole aromatic carbon (C2)"",
    ""hybridization"": ""sp2 (aromatic)"",
    ""example_molecule_smiles"": ""n1cscc1"",
    ""group_smarts"": ""[nH0;r5]:[c;r5]:[s;r5]:[c;r5]:[c;r5]"",
    ""atom_specific_smarts"": ""[nH0;r5]:[cX3H0;r5:1]:[s;r5]"",
    ""description"": ""Aromatic carbon at position 2 of thiazole, bonded to both the ring pyridine-like N and the ring sulfur."",
    ""uncertainty"": ""25""
  },
  {
    ""atom_type"": 1236,
    ""element"": ""C"",
    ""chemical_environment"": ""C4 carbon of thiazole (adjacent to S, not adjacent to ring N)"",
    ""functional_group"": ""thiazole aromatic carbon (C4)"",
    ""hybridization"": ""sp2 (aromatic)"",
    ""example_molecule_smiles"": ""n1cscc1"",
    ""group_smarts"": ""[nH0;r5]:[c;r5]:[s;r5]:[c;r5]:[c;r5]"",
    ""atom_specific_smarts"": ""[s;r5]:[cX3;r5:1]:[c;r5;!n]"",
    ""description"": ""Aromatic carbon at position 4 of thiazole, bonded to the ring sulfur and another aromatic carbon (not directly to the ring N)."",
    ""uncertainty"": ""25""
  },
  {
    ""atom_type"": 1237,
    ""element"": ""C"",
    ""chemical_environment"": ""C5 carbon of thiazole (adjacent to ring N, not adjacent to S)"",
    ""functional_group"": ""thiazole aromatic carbon (C5)"",
    ""hybridization"": ""sp2 (aromatic)"",
    ""example_molecule_smiles"": ""n1cscc1"",
    ""group_smarts"": ""[nH0;r5]:[c;r5]:[s;r5]:[c;r5]:[c;r5]"",
    ""atom_specific_smarts"": ""[c;r5]:[cX3;r5:1]:[nH0;r5]"",
    ""description"": ""Aromatic carbon at position 5 of thiazole, bonded to an aromatic carbon and directly to the ring pyridine-like nitrogen."",
    ""uncertainty"": ""25""
  },
  {
    ""atom_type"": 1260,
    ""element"": ""C"",
    ""chemical_environment"": ""methylene carbon in 2,2,2-trifluoroethanol (between CF3 and OH)"",
    ""functional_group"": ""aliphatic alcohol (TFE CH2 next to CF3)"",
    ""hybridization"": ""sp3"",
    ""example_molecule_smiles"": ""FC(F)(F)CH2O"",
    ""group_smarts"": ""[CH2]-O-[H]"",
    ""atom_specific_smarts"": ""[CH2:1](-O)-[C;H0X4](F)(F)F"",
    ""description"": ""The CH2 carbon in CF3–CH2–OH; bonded to oxygen of the hydroxyl group and to a trifluoromethyl carbon."",
    ""uncertainty"": ""10""
  },
  {
    ""atom_type"": 1261,
    ""element"": ""C"",
    ""chemical_environment"": ""trifluoromethyl carbon"",
    ""functional_group"": ""trifluoromethyl (CF3)"",
    ""hybridization"": ""sp3"",
    ""example_molecule_smiles"": ""FC(F)(F)C"",
    ""group_smarts"": ""[C;H0X4](F)(F)F"",
    ""atom_specific_smarts"": ""[C;H0X4:1](F)(F)F"",
    ""description"": ""CF3 carbon bearing three fluorine substituents."",
    ""uncertainty"": ""15""
  },
  {
    ""atom_type"": 1268,
    ""element"": ""C"",
    ""chemical_environment"": ""cyclopropane ring CH bearing a vinyl substituent (–CH=CH2)"",
    ""functional_group"": ""vinylcyclopropane (ring carbon at the substitution site)"",
    ""hybridization"": ""sp3"",
    ""example_molecule_smiles"": ""C1C(C1)C=CH2"",
    ""group_smarts"": ""[C;R3]-[C;R3]-[C;R3]-[CH;sp2]=[CH2]"",
    ""atom_specific_smarts"": ""[CH;R3:1]-[CH;sp2]=[CH2]"",
    ""description"": ""Cyclopropane ring carbon (CH) that is directly bonded to the internal vinylic CH of a –CH=CH2 substituent."",
    ""uncertainty"": ""25""
  },
  {
    ""atom_type"": 1269,
    ""element"": ""C"",
    ""chemical_environment"": ""internal vinylic CH of a –CH=CH2 group directly attached to a cyclopropane carbon"",
    ""functional_group"": ""vinylcyclopropane (vinylic carbon attached to cyclopropane)"",
    ""hybridization"": ""sp2"",
    ""example_molecule_smiles"": ""C1C(C1)C=CH2"",
    ""group_smarts"": ""[C;R3]-[CH;sp2]=[CH2]"",
    ""atom_specific_smarts"": ""[CH;sp2:1](-[C;R3])=[CH2]"",
    ""description"": ""The vinylic CH carbon of the vinyl substituent in vinylcyclopropane; one bond to a cyclopropyl carbon and double-bonded to a terminal CH2."",
    ""uncertainty"": ""25""
  },
  {
    ""atom_type"": 1270,
    ""element"": ""C"",
    ""chemical_environment"": ""cyclopropane ring CH bearing an ethynyl substituent (–C≡CH)"",
    ""functional_group"": ""ethynylcyclopropane (ring carbon at the substitution site)"",
    ""hybridization"": ""sp3"",
    ""example_molecule_smiles"": ""C1C(C1)C#CH"",
    ""group_smarts"": ""[CH;R3]-[C;sp]#[CH]"",
    ""atom_specific_smarts"": ""[CH;R3:1]-[C;sp]#[CH]"",
    ""description"": ""Cyclopropane ring carbon (CH) directly bonded to the internal acetylenic carbon of an ethynyl group (–C≡CH)."",
    ""uncertainty"": ""25""
  },
  {
    ""atom_type"": 1271,
    ""element"": ""C"",
    ""chemical_environment"": ""internal acetylenic carbon of an ethynyl group attached to a cyclopropane carbon"",
    ""functional_group"": ""ethynylcyclopropane (alkynyl carbon next to ring)"",
    ""hybridization"": ""sp"",
    ""example_molecule_smiles"": ""C1C(C1)C#CH"",
    ""group_smarts"": ""[C;R3]-[C;sp]#[CH]"",
    ""atom_specific_smarts"": ""[C;sp:1](-[C;R3])#[CH]"",
    ""description"": ""The sp carbon of –C≡CH directly bonded to a cyclopropane carbon (the other alkyne carbon is terminal CH)."",
    ""uncertainty"": ""30""
  }
]"
1158,0.2,C  - C°   | ketene C2,12.011,oplsaa2024.lt,C,6,"Convert the following OPLS-AA atom type rows:

Atom Type Data:
- Atom index: 1126
- Force field raw info: C  - CA   | Cipso (ArNR3+)
- Partial charge: 0.135
- Atomic mass: 12.011
- Element guess: C
- Atomic number: 6
- Source file: oplsaa2024.lt


Atom Type Data:
- Atom index: 1128
- Force field raw info: C  - CA   | Cipso (ArNR2H+)
- Partial charge: 0.155
- Atomic mass: 12.011
- Element guess: C
- Atomic number: 6
- Source file: oplsaa2024.lt


Atom Type Data:
- Atom index: 1151
- Force field raw info: C  - C|   | triene C (R2-C=) central C=C
- Partial charge: 0.0
- Atomic mass: 12.011
- Element guess: C
- Atomic number: 6
- Source file: oplsaa2024.lt


Atom Type Data:
- Atom index: 1152
- Force field raw info: C  - C|   | triene C (RH-C=) central C=C
- Partial charge: -0.115
- Atomic mass: 12.011
- Element guess: C
- Atomic number: 6
- Source file: oplsaa2024.lt


Atom Type Data:
- Atom index: 1154
- Force field raw info: C  - CM   | allene C1 CH2
- Partial charge: -0.25
- Atomic mass: 12.011
- Element guess: C
- Atomic number: 6
- Source file: oplsaa2024.lt


Atom Type Data:
- Atom index: 1155
- Force field raw info: C  - CM   | allene C1 CHR
- Partial charge: -0.1
- Atomic mass: 12.011
- Element guess: C
- Atomic number: 6
- Source file: oplsaa2024.lt


Atom Type Data:
- Atom index: 1156
- Force field raw info: C  - CM   | allene C1 CR2
- Partial charge: 0.05
- Atomic mass: 12.011
- Element guess: C
- Atomic number: 6
- Source file: oplsaa2024.lt


Atom Type Data:
- Atom index: 1157
- Force field raw info: C  - C°   | allene C2
- Partial charge: -0.1
- Atomic mass: 12.011
- Element guess: C
- Atomic number: 6
- Source file: oplsaa2024.lt


Atom Type Data:
- Atom index: 1158
- Force field raw info: C  - C°   | ketene C2
- Partial charge: 0.2
- Atomic mass: 12.011
- Element guess: C
- Atomic number: 6
- Source file: oplsaa2024.lt


Atom Type Data:
- Atom index: 1160
- Force field raw info: C  - C°   | CO2 Madura 2009 carbon dioxide
- Partial charge: 0.7
- Atomic mass: 12.011
- Element guess: C
- Atomic number: 6
- Source file: oplsaa2024.lt


Atom Type Data:
- Atom index: 1200
- Force field raw info: C  - CT   | CB in N-Me HIS
- Partial charge: 0.088
- Atomic mass: 12.011
- Element guess: C
- Atomic number: 6
- Source file: oplsaa2024.lt


Atom Type Data:
- Atom index: 1234
- Force field raw info: C  - CR   | C2 thiazole jlj0003
- Partial charge: 0.35
- Atomic mass: 12.011
- Element guess: C
- Atomic number: 6
- Source file: oplsaa2024.lt


Atom Type Data:
- Atom index: 1236
- Force field raw info: C  - CV   | C4 thiazole jlj0003
- Partial charge: 0.0
- Atomic mass: 12.011
- Element guess: C
- Atomic number: 6
- Source file: oplsaa2024.lt


Atom Type Data:
- Atom index: 1237
- Force field raw info: C  - CW   | C5 thiazole jlj0003
- Partial charge: -0.15
- Atomic mass: 12.011
- Element guess: C
- Atomic number: 6
- Source file: oplsaa2024.lt


Atom Type Data:
- Atom index: 1260
- Force field raw info: C  - CT   | CH2 Trifluoroethanol TFE
- Partial charge: 0.1263
- Atomic mass: 12.011
- Element guess: C
- Atomic number: 6
- Source file: oplsaa2024.lt


Atom Type Data:
- Atom index: 1261
- Force field raw info: C  - CT   | CF3 E Duffy Thesis 1994
- Partial charge: 0.5323
- Atomic mass: 12.011
- Element guess: C
- Atomic number: 6
- Source file: oplsaa2024.lt


Atom Type Data:
- Atom index: 1268
- Force field raw info: C  - CY   | CHCH=CH2 vinylcyclopropane OPLS-2020
- Partial charge: -0.005
- Atomic mass: 12.011
- Element guess: C
- Atomic number: 6
- Source file: oplsaa2024.lt


Atom Type Data:
- Atom index: 1269
- Force field raw info: C  - CM   | vinylcyclopropane
- Partial charge: -0.17
- Atomic mass: 12.011
- Element guess: C
- Atomic number: 6
- Source file: oplsaa2024.lt


Atom Type Data:
- Atom index: 1270
- Force field raw info: C  - CY   | CHC%CH ethynylcyclopropane OPLS-2020
- Partial charge: 0.08
- Atomic mass: 12.011
- Element guess: C
- Atomic number: 6
- Source file: oplsaa2024.lt


Atom Type Data:
- Atom index: 1271
- Force field raw info: C  - CZ   | ethynylcyclopropane
- Partial charge: -0.14
- Atomic mass: 12.011
- Element guess: C
- Atomic number: 6
- Source file: oplsaa2024.lt
","[
  {
    ""atom_type"": 1126,
    ""element"": ""C"",
    ""chemical_environment"": ""ipso aromatic carbon bonded directly to a quaternary ammonium nitrogen"",
    ""functional_group"": ""aryl quaternary ammonium (Ar–N+(R)3)"",
    ""hybridization"": ""sp2 (aromatic)"",
    ""example_molecule_smiles"": ""c1ccc(cc1)[N+](C)(C)C"",
    ""group_smarts"": ""[a]-[N+X4]"",
    ""atom_specific_smarts"": ""[cX3H0:1]-[N+X4]"",
    ""description"": ""Aryl ipso carbon of an aromatic ring directly attached to a quaternary ammonium nitrogen [N+](R)(R)R (no N–H)."",
    ""uncertainty"": ""10""
  },
  {
    ""atom_type"": 1128,
    ""element"": ""C"",
    ""chemical_environment"": ""ipso aromatic carbon bonded directly to a protonated tertiary anilinium nitrogen"",
    ""functional_group"": ""aryl ammonium (Ar–N+H(R)2)"",
    ""hybridization"": ""sp2 (aromatic)"",
    ""example_molecule_smiles"": ""c1ccc(cc1)[N+H](C)C"",
    ""group_smarts"": ""[a]-[N+X4H1]"",
    ""atom_specific_smarts"": ""[cX3:1]-[N+X4H1]"",
    ""description"": ""Aryl ipso carbon of an aromatic ring directly attached to a protonated tertiary amine nitrogen [N+H](R)(R)."",
    ""uncertainty"": ""10""
  },
  {
    ""atom_type"": 1151,
    ""element"": ""C"",
    ""chemical_environment"": ""central carbon of the central C=C in a linear triene, disubstituted (no H on this carbon)"",
    ""functional_group"": ""conjugated triene (central alkene carbon, R2C=)"",
    ""hybridization"": ""sp2"",
    ""example_molecule_smiles"": ""C=C-C(=C(C)C)-C=C"",
    ""group_smarts"": ""[C;sp2]=[C;sp2]-[C;sp2]=[C;sp2]-[C;sp2]"",
    ""atom_specific_smarts"": ""[C;sp2X3H0:1](=[C;sp2X3])(-[C;sp2X3]=[C;sp2X3])[C;sp2X3]=[C;sp2X3]"",
    ""description"": ""One of the two carbons of the central C=C bond in a linear triene chain where this carbon has no hydrogens (R2C=). Neighbors: one sp2 C via a double bond (the other central alkene carbon) and two sp2 carbons via single bonds that are each part of terminal C=C bonds."",
    ""uncertainty"": ""35""
  },
  {
    ""atom_type"": 1152,
    ""element"": ""C"",
    ""chemical_environment"": ""central carbon of the central C=C in a linear triene, monosubstituted (one H on this carbon)"",
    ""functional_group"": ""conjugated triene (central alkene carbon, RH–C=)"",
    ""hybridization"": ""sp2"",
    ""example_molecule_smiles"": ""C=CC(=CH)C=C"",
    ""group_smarts"": ""[C;sp2]=[C;sp2]-[CH;sp2]=[C;sp2]-[C;sp2]"",
    ""atom_specific_smarts"": ""[CH;sp2X3:1](=[C;sp2X3])(-[C;sp2X3]=[C;sp2X3])[C;sp2X3]=[C;sp2X3]"",
    ""description"": ""One of the two carbons of the central C=C bond in a linear triene chain where this carbon has one hydrogen (RH–C=). Neighbors: one sp2 C via a double bond (the other central alkene carbon) and two sp2 carbons via single bonds that are each part of terminal C=C bonds."",
    ""uncertainty"": ""40""
  },
  {
    ""atom_type"": 1154,
    ""element"": ""C"",
    ""chemical_environment"": ""terminal carbon (C1) of an allene, CH2 group"",
    ""functional_group"": ""allene terminal carbon (CH2=C=)"",
    ""hybridization"": ""sp2"",
    ""example_molecule_smiles"": ""C=C=C"",
    ""group_smarts"": ""[C;sp2]=[C;spX2]=[C;sp2]"",
    ""atom_specific_smarts"": ""[CH2:1]=[C;spX2](=C)"",
    ""description"": ""Allene terminal carbon (C1) as a methylene (CH2) double-bonded to the central sp carbon of the cumulene."",
    ""uncertainty"": ""10""
  },
  {
    ""atom_type"": 1155,
    ""element"": ""C"",
    ""chemical_environment"": ""terminal carbon (C1) of an allene, CHR group"",
    ""functional_group"": ""allene terminal carbon (substituted, CHR)"",
    ""hybridization"": ""sp2"",
    ""example_molecule_smiles"": ""CC(=C=CH2)C"",
    ""group_smarts"": ""[C;sp2]=[C;spX2]=[C;sp2]"",
    ""atom_specific_smarts"": ""[CH:1]=[C;spX2](=C)"",
    ""description"": ""Allene terminal carbon (C1) with one hydrogen (CHR), double-bonded to the central sp cumulene carbon."",
    ""uncertainty"": ""12""
  },
  {
    ""atom_type"": 1156,
    ""element"": ""C"",
    ""chemical_environment"": ""terminal carbon (C1) of an allene, CR2 group (no hydrogens)"",
    ""functional_group"": ""allene terminal carbon (fully substituted, CR2)"",
    ""hybridization"": ""sp2"",
    ""example_molecule_smiles"": ""CC(C)=C=C=CH2"",
    ""group_smarts"": ""[C;sp2]=[C;spX2]=[C;sp2]"",
    ""atom_specific_smarts"": ""[C;H0:1]=[C;spX2](=C)"",
    ""description"": ""Allene terminal carbon (C1) with no hydrogens (CR2), double-bonded to the central sp cumulene carbon."",
    ""uncertainty"": ""15""
  },
  {
    ""atom_type"": 1157,
    ""element"": ""C"",
    ""chemical_environment"": ""central carbon (C2) of an allene (cumulated diene)"",
    ""functional_group"": ""allene central carbon"",
    ""hybridization"": ""sp"",
    ""example_molecule_smiles"": ""C=C=C"",
    ""group_smarts"": ""[C;sp2]=[C;spX2]=[C;sp2]"",
    ""atom_specific_smarts"": ""[C;spX2:1](=C)=C"",
    ""description"": ""Allene central carbon (C2), sp-hybridized, double-bonded to both terminal sp2 carbons."",
    ""uncertainty"": ""10""
  },
  {
    ""atom_type"": 1158,
    ""element"": ""C"",
    ""chemical_environment"": ""central sp carbon of a ketene (R2C=C=O)"",
    ""functional_group"": ""ketene (cumulene carbon adjacent to carbonyl oxygen)"",
    ""hybridization"": ""sp"",
    ""example_molecule_smiles"": ""C=C=O"",
    ""group_smarts"": ""[C;sp2]=[C;spX2]=O"",
    ""atom_specific_smarts"": ""[C;spX2:1](=O)=C"",
    ""description"": ""Ketene central cumulene carbon (C2), sp-hybridized, double-bonded to O and to an sp2 carbon."",
    ""uncertainty"": ""10""
  },
  {
    ""atom_type"": 1160,
    ""element"": ""C"",
    ""chemical_environment"": ""carbon dioxide carbon (O=C=O)"",
    ""functional_group"": ""carbon dioxide (linear carbonyl di-oxide)"",
    ""hybridization"": ""sp"",
    ""example_molecule_smiles"": ""O=C=O"",
    ""group_smarts"": ""O=[C;spX2]=O"",
    ""atom_specific_smarts"": ""[C;spX2:1](=O)=O"",
    ""description"": ""CO2 carbon, sp-hybridized, double-bonded to two oxygens."",
    ""uncertainty"": ""5""
  },
  {
    ""atom_type"": 1200,
    ""element"": ""C"",
    ""chemical_environment"": ""aliphatic CH2 linking an imidazole ring to the alpha carbon in N-methylhistidine side chain (CB)"",
    ""functional_group"": ""amino acid side chain (histidine, N-methylated ring)"",
    ""hybridization"": ""sp3"",
    ""example_molecule_smiles"": ""CN1C=NC=C1-CH2-CH(N)C(=O)O"",
    ""group_smarts"": ""[CH2]-c1ncnc1"",
    ""atom_specific_smarts"": ""[CH2:1]-c1ncnc1"",
    ""description"": ""Histidine CB carbon: sp3 methylene attached to an imidazole ring carbon and to the alpha carbon of the amino acid (here ring N is N-methylated)."",
    ""uncertainty"": ""50""
  },
  {
    ""atom_type"": 1234,
    ""element"": ""C"",
    ""chemical_environment"": ""C2 carbon of thiazole (between ring N and S)"",
    ""functional_group"": ""thiazole aromatic carbon (C2)"",
    ""hybridization"": ""sp2 (aromatic)"",
    ""example_molecule_smiles"": ""n1cscc1"",
    ""group_smarts"": ""[nH0;r5]:[c;r5]:[s;r5]:[c;r5]:[c;r5]"",
    ""atom_specific_smarts"": ""[nH0;r5]:[cX3H0;r5:1]:[s;r5]"",
    ""description"": ""Aromatic carbon at position 2 of thiazole, bonded to both the ring pyridine-like N and the ring sulfur."",
    ""uncertainty"": ""25""
  },
  {
    ""atom_type"": 1236,
    ""element"": ""C"",
    ""chemical_environment"": ""C4 carbon of thiazole (adjacent to S, not adjacent to ring N)"",
    ""functional_group"": ""thiazole aromatic carbon (C4)"",
    ""hybridization"": ""sp2 (aromatic)"",
    ""example_molecule_smiles"": ""n1cscc1"",
    ""group_smarts"": ""[nH0;r5]:[c;r5]:[s;r5]:[c;r5]:[c;r5]"",
    ""atom_specific_smarts"": ""[s;r5]:[cX3;r5:1]:[c;r5;!n]"",
    ""description"": ""Aromatic carbon at position 4 of thiazole, bonded to the ring sulfur and another aromatic carbon (not directly to the ring N)."",
    ""uncertainty"": ""25""
  },
  {
    ""atom_type"": 1237,
    ""element"": ""C"",
    ""chemical_environment"": ""C5 carbon of thiazole (adjacent to ring N, not adjacent to S)"",
    ""functional_group"": ""thiazole aromatic carbon (C5)"",
    ""hybridization"": ""sp2 (aromatic)"",
    ""example_molecule_smiles"": ""n1cscc1"",
    ""group_smarts"": ""[nH0;r5]:[c;r5]:[s;r5]:[c;r5]:[c;r5]"",
    ""atom_specific_smarts"": ""[c;r5]:[cX3;r5:1]:[nH0;r5]"",
    ""description"": ""Aromatic carbon at position 5 of thiazole, bonded to an aromatic carbon and directly to the ring pyridine-like nitrogen."",
    ""uncertainty"": ""25""
  },
  {
    ""atom_type"": 1260,
    ""element"": ""C"",
    ""chemical_environment"": ""methylene carbon in 2,2,2-trifluoroethanol (between CF3 and OH)"",
    ""functional_group"": ""aliphatic alcohol (TFE CH2 next to CF3)"",
    ""hybridization"": ""sp3"",
    ""example_molecule_smiles"": ""FC(F)(F)CH2O"",
    ""group_smarts"": ""[CH2]-O-[H]"",
    ""atom_specific_smarts"": ""[CH2:1](-O)-[C;H0X4](F)(F)F"",
    ""description"": ""The CH2 carbon in CF3–CH2–OH; bonded to oxygen of the hydroxyl group and to a trifluoromethyl carbon."",
    ""uncertainty"": ""10""
  },
  {
    ""atom_type"": 1261,
    ""element"": ""C"",
    ""chemical_environment"": ""trifluoromethyl carbon"",
    ""functional_group"": ""trifluoromethyl (CF3)"",
    ""hybridization"": ""sp3"",
    ""example_molecule_smiles"": ""FC(F)(F)C"",
    ""group_smarts"": ""[C;H0X4](F)(F)F"",
    ""atom_specific_smarts"": ""[C;H0X4:1](F)(F)F"",
    ""description"": ""CF3 carbon bearing three fluorine substituents."",
    ""uncertainty"": ""15""
  },
  {
    ""atom_type"": 1268,
    ""element"": ""C"",
    ""chemical_environment"": ""cyclopropane ring CH bearing a vinyl substituent (–CH=CH2)"",
    ""functional_group"": ""vinylcyclopropane (ring carbon at the substitution site)"",
    ""hybridization"": ""sp3"",
    ""example_molecule_smiles"": ""C1C(C1)C=CH2"",
    ""group_smarts"": ""[C;R3]-[C;R3]-[C;R3]-[CH;sp2]=[CH2]"",
    ""atom_specific_smarts"": ""[CH;R3:1]-[CH;sp2]=[CH2]"",
    ""description"": ""Cyclopropane ring carbon (CH) that is directly bonded to the internal vinylic CH of a –CH=CH2 substituent."",
    ""uncertainty"": ""25""
  },
  {
    ""atom_type"": 1269,
    ""element"": ""C"",
    ""chemical_environment"": ""internal vinylic CH of a –CH=CH2 group directly attached to a cyclopropane carbon"",
    ""functional_group"": ""vinylcyclopropane (vinylic carbon attached to cyclopropane)"",
    ""hybridization"": ""sp2"",
    ""example_molecule_smiles"": ""C1C(C1)C=CH2"",
    ""group_smarts"": ""[C;R3]-[CH;sp2]=[CH2]"",
    ""atom_specific_smarts"": ""[CH;sp2:1](-[C;R3])=[CH2]"",
    ""description"": ""The vinylic CH carbon of the vinyl substituent in vinylcyclopropane; one bond to a cyclopropyl carbon and double-bonded to a terminal CH2."",
    ""uncertainty"": ""25""
  },
  {
    ""atom_type"": 1270,
    ""element"": ""C"",
    ""chemical_environment"": ""cyclopropane ring CH bearing an ethynyl substituent (–C≡CH)"",
    ""functional_group"": ""ethynylcyclopropane (ring carbon at the substitution site)"",
    ""hybridization"": ""sp3"",
    ""example_molecule_smiles"": ""C1C(C1)C#CH"",
    ""group_smarts"": ""[CH;R3]-[C;sp]#[CH]"",
    ""atom_specific_smarts"": ""[CH;R3:1]-[C;sp]#[CH]"",
    ""description"": ""Cyclopropane ring carbon (CH) directly bonded to the internal acetylenic carbon of an ethynyl group (–C≡CH)."",
    ""uncertainty"": ""25""
  },
  {
    ""atom_type"": 1271,
    ""element"": ""C"",
    ""chemical_environment"": ""internal acetylenic carbon of an ethynyl group attached to a cyclopropane carbon"",
    ""functional_group"": ""ethynylcyclopropane (alkynyl carbon next to ring)"",
    ""hybridization"": ""sp"",
    ""example_molecule_smiles"": ""C1C(C1)C#CH"",
    ""group_smarts"": ""[C;R3]-[C;sp]#[CH]"",
    ""atom_specific_smarts"": ""[C;sp:1](-[C;R3])#[CH]"",
    ""description"": ""The sp carbon of –C≡CH directly bonded to a cyclopropane carbon (the other alkyne carbon is terminal CH)."",
    ""uncertainty"": ""30""
  }
]"
1160,0.7,C  - C°   | CO2 Madura 2009 carbon dioxide,12.011,oplsaa2024.lt,C,6,"Convert the following OPLS-AA atom type rows:

Atom Type Data:
- Atom index: 1126
- Force field raw info: C  - CA   | Cipso (ArNR3+)
- Partial charge: 0.135
- Atomic mass: 12.011
- Element guess: C
- Atomic number: 6
- Source file: oplsaa2024.lt


Atom Type Data:
- Atom index: 1128
- Force field raw info: C  - CA   | Cipso (ArNR2H+)
- Partial charge: 0.155
- Atomic mass: 12.011
- Element guess: C
- Atomic number: 6
- Source file: oplsaa2024.lt


Atom Type Data:
- Atom index: 1151
- Force field raw info: C  - C|   | triene C (R2-C=) central C=C
- Partial charge: 0.0
- Atomic mass: 12.011
- Element guess: C
- Atomic number: 6
- Source file: oplsaa2024.lt


Atom Type Data:
- Atom index: 1152
- Force field raw info: C  - C|   | triene C (RH-C=) central C=C
- Partial charge: -0.115
- Atomic mass: 12.011
- Element guess: C
- Atomic number: 6
- Source file: oplsaa2024.lt


Atom Type Data:
- Atom index: 1154
- Force field raw info: C  - CM   | allene C1 CH2
- Partial charge: -0.25
- Atomic mass: 12.011
- Element guess: C
- Atomic number: 6
- Source file: oplsaa2024.lt


Atom Type Data:
- Atom index: 1155
- Force field raw info: C  - CM   | allene C1 CHR
- Partial charge: -0.1
- Atomic mass: 12.011
- Element guess: C
- Atomic number: 6
- Source file: oplsaa2024.lt


Atom Type Data:
- Atom index: 1156
- Force field raw info: C  - CM   | allene C1 CR2
- Partial charge: 0.05
- Atomic mass: 12.011
- Element guess: C
- Atomic number: 6
- Source file: oplsaa2024.lt


Atom Type Data:
- Atom index: 1157
- Force field raw info: C  - C°   | allene C2
- Partial charge: -0.1
- Atomic mass: 12.011
- Element guess: C
- Atomic number: 6
- Source file: oplsaa2024.lt


Atom Type Data:
- Atom index: 1158
- Force field raw info: C  - C°   | ketene C2
- Partial charge: 0.2
- Atomic mass: 12.011
- Element guess: C
- Atomic number: 6
- Source file: oplsaa2024.lt


Atom Type Data:
- Atom index: 1160
- Force field raw info: C  - C°   | CO2 Madura 2009 carbon dioxide
- Partial charge: 0.7
- Atomic mass: 12.011
- Element guess: C
- Atomic number: 6
- Source file: oplsaa2024.lt


Atom Type Data:
- Atom index: 1200
- Force field raw info: C  - CT   | CB in N-Me HIS
- Partial charge: 0.088
- Atomic mass: 12.011
- Element guess: C
- Atomic number: 6
- Source file: oplsaa2024.lt


Atom Type Data:
- Atom index: 1234
- Force field raw info: C  - CR   | C2 thiazole jlj0003
- Partial charge: 0.35
- Atomic mass: 12.011
- Element guess: C
- Atomic number: 6
- Source file: oplsaa2024.lt


Atom Type Data:
- Atom index: 1236
- Force field raw info: C  - CV   | C4 thiazole jlj0003
- Partial charge: 0.0
- Atomic mass: 12.011
- Element guess: C
- Atomic number: 6
- Source file: oplsaa2024.lt


Atom Type Data:
- Atom index: 1237
- Force field raw info: C  - CW   | C5 thiazole jlj0003
- Partial charge: -0.15
- Atomic mass: 12.011
- Element guess: C
- Atomic number: 6
- Source file: oplsaa2024.lt


Atom Type Data:
- Atom index: 1260
- Force field raw info: C  - CT   | CH2 Trifluoroethanol TFE
- Partial charge: 0.1263
- Atomic mass: 12.011
- Element guess: C
- Atomic number: 6
- Source file: oplsaa2024.lt


Atom Type Data:
- Atom index: 1261
- Force field raw info: C  - CT   | CF3 E Duffy Thesis 1994
- Partial charge: 0.5323
- Atomic mass: 12.011
- Element guess: C
- Atomic number: 6
- Source file: oplsaa2024.lt


Atom Type Data:
- Atom index: 1268
- Force field raw info: C  - CY   | CHCH=CH2 vinylcyclopropane OPLS-2020
- Partial charge: -0.005
- Atomic mass: 12.011
- Element guess: C
- Atomic number: 6
- Source file: oplsaa2024.lt


Atom Type Data:
- Atom index: 1269
- Force field raw info: C  - CM   | vinylcyclopropane
- Partial charge: -0.17
- Atomic mass: 12.011
- Element guess: C
- Atomic number: 6
- Source file: oplsaa2024.lt


Atom Type Data:
- Atom index: 1270
- Force field raw info: C  - CY   | CHC%CH ethynylcyclopropane OPLS-2020
- Partial charge: 0.08
- Atomic mass: 12.011
- Element guess: C
- Atomic number: 6
- Source file: oplsaa2024.lt


Atom Type Data:
- Atom index: 1271
- Force field raw info: C  - CZ   | ethynylcyclopropane
- Partial charge: -0.14
- Atomic mass: 12.011
- Element guess: C
- Atomic number: 6
- Source file: oplsaa2024.lt
","[
  {
    ""atom_type"": 1126,
    ""element"": ""C"",
    ""chemical_environment"": ""ipso aromatic carbon bonded directly to a quaternary ammonium nitrogen"",
    ""functional_group"": ""aryl quaternary ammonium (Ar–N+(R)3)"",
    ""hybridization"": ""sp2 (aromatic)"",
    ""example_molecule_smiles"": ""c1ccc(cc1)[N+](C)(C)C"",
    ""group_smarts"": ""[a]-[N+X4]"",
    ""atom_specific_smarts"": ""[cX3H0:1]-[N+X4]"",
    ""description"": ""Aryl ipso carbon of an aromatic ring directly attached to a quaternary ammonium nitrogen [N+](R)(R)R (no N–H)."",
    ""uncertainty"": ""10""
  },
  {
    ""atom_type"": 1128,
    ""element"": ""C"",
    ""chemical_environment"": ""ipso aromatic carbon bonded directly to a protonated tertiary anilinium nitrogen"",
    ""functional_group"": ""aryl ammonium (Ar–N+H(R)2)"",
    ""hybridization"": ""sp2 (aromatic)"",
    ""example_molecule_smiles"": ""c1ccc(cc1)[N+H](C)C"",
    ""group_smarts"": ""[a]-[N+X4H1]"",
    ""atom_specific_smarts"": ""[cX3:1]-[N+X4H1]"",
    ""description"": ""Aryl ipso carbon of an aromatic ring directly attached to a protonated tertiary amine nitrogen [N+H](R)(R)."",
    ""uncertainty"": ""10""
  },
  {
    ""atom_type"": 1151,
    ""element"": ""C"",
    ""chemical_environment"": ""central carbon of the central C=C in a linear triene, disubstituted (no H on this carbon)"",
    ""functional_group"": ""conjugated triene (central alkene carbon, R2C=)"",
    ""hybridization"": ""sp2"",
    ""example_molecule_smiles"": ""C=C-C(=C(C)C)-C=C"",
    ""group_smarts"": ""[C;sp2]=[C;sp2]-[C;sp2]=[C;sp2]-[C;sp2]"",
    ""atom_specific_smarts"": ""[C;sp2X3H0:1](=[C;sp2X3])(-[C;sp2X3]=[C;sp2X3])[C;sp2X3]=[C;sp2X3]"",
    ""description"": ""One of the two carbons of the central C=C bond in a linear triene chain where this carbon has no hydrogens (R2C=). Neighbors: one sp2 C via a double bond (the other central alkene carbon) and two sp2 carbons via single bonds that are each part of terminal C=C bonds."",
    ""uncertainty"": ""35""
  },
  {
    ""atom_type"": 1152,
    ""element"": ""C"",
    ""chemical_environment"": ""central carbon of the central C=C in a linear triene, monosubstituted (one H on this carbon)"",
    ""functional_group"": ""conjugated triene (central alkene carbon, RH–C=)"",
    ""hybridization"": ""sp2"",
    ""example_molecule_smiles"": ""C=CC(=CH)C=C"",
    ""group_smarts"": ""[C;sp2]=[C;sp2]-[CH;sp2]=[C;sp2]-[C;sp2]"",
    ""atom_specific_smarts"": ""[CH;sp2X3:1](=[C;sp2X3])(-[C;sp2X3]=[C;sp2X3])[C;sp2X3]=[C;sp2X3]"",
    ""description"": ""One of the two carbons of the central C=C bond in a linear triene chain where this carbon has one hydrogen (RH–C=). Neighbors: one sp2 C via a double bond (the other central alkene carbon) and two sp2 carbons via single bonds that are each part of terminal C=C bonds."",
    ""uncertainty"": ""40""
  },
  {
    ""atom_type"": 1154,
    ""element"": ""C"",
    ""chemical_environment"": ""terminal carbon (C1) of an allene, CH2 group"",
    ""functional_group"": ""allene terminal carbon (CH2=C=)"",
    ""hybridization"": ""sp2"",
    ""example_molecule_smiles"": ""C=C=C"",
    ""group_smarts"": ""[C;sp2]=[C;spX2]=[C;sp2]"",
    ""atom_specific_smarts"": ""[CH2:1]=[C;spX2](=C)"",
    ""description"": ""Allene terminal carbon (C1) as a methylene (CH2) double-bonded to the central sp carbon of the cumulene."",
    ""uncertainty"": ""10""
  },
  {
    ""atom_type"": 1155,
    ""element"": ""C"",
    ""chemical_environment"": ""terminal carbon (C1) of an allene, CHR group"",
    ""functional_group"": ""allene terminal carbon (substituted, CHR)"",
    ""hybridization"": ""sp2"",
    ""example_molecule_smiles"": ""CC(=C=CH2)C"",
    ""group_smarts"": ""[C;sp2]=[C;spX2]=[C;sp2]"",
    ""atom_specific_smarts"": ""[CH:1]=[C;spX2](=C)"",
    ""description"": ""Allene terminal carbon (C1) with one hydrogen (CHR), double-bonded to the central sp cumulene carbon."",
    ""uncertainty"": ""12""
  },
  {
    ""atom_type"": 1156,
    ""element"": ""C"",
    ""chemical_environment"": ""terminal carbon (C1) of an allene, CR2 group (no hydrogens)"",
    ""functional_group"": ""allene terminal carbon (fully substituted, CR2)"",
    ""hybridization"": ""sp2"",
    ""example_molecule_smiles"": ""CC(C)=C=C=CH2"",
    ""group_smarts"": ""[C;sp2]=[C;spX2]=[C;sp2]"",
    ""atom_specific_smarts"": ""[C;H0:1]=[C;spX2](=C)"",
    ""description"": ""Allene terminal carbon (C1) with no hydrogens (CR2), double-bonded to the central sp cumulene carbon."",
    ""uncertainty"": ""15""
  },
  {
    ""atom_type"": 1157,
    ""element"": ""C"",
    ""chemical_environment"": ""central carbon (C2) of an allene (cumulated diene)"",
    ""functional_group"": ""allene central carbon"",
    ""hybridization"": ""sp"",
    ""example_molecule_smiles"": ""C=C=C"",
    ""group_smarts"": ""[C;sp2]=[C;spX2]=[C;sp2]"",
    ""atom_specific_smarts"": ""[C;spX2:1](=C)=C"",
    ""description"": ""Allene central carbon (C2), sp-hybridized, double-bonded to both terminal sp2 carbons."",
    ""uncertainty"": ""10""
  },
  {
    ""atom_type"": 1158,
    ""element"": ""C"",
    ""chemical_environment"": ""central sp carbon of a ketene (R2C=C=O)"",
    ""functional_group"": ""ketene (cumulene carbon adjacent to carbonyl oxygen)"",
    ""hybridization"": ""sp"",
    ""example_molecule_smiles"": ""C=C=O"",
    ""group_smarts"": ""[C;sp2]=[C;spX2]=O"",
    ""atom_specific_smarts"": ""[C;spX2:1](=O)=C"",
    ""description"": ""Ketene central cumulene carbon (C2), sp-hybridized, double-bonded to O and to an sp2 carbon."",
    ""uncertainty"": ""10""
  },
  {
    ""atom_type"": 1160,
    ""element"": ""C"",
    ""chemical_environment"": ""carbon dioxide carbon (O=C=O)"",
    ""functional_group"": ""carbon dioxide (linear carbonyl di-oxide)"",
    ""hybridization"": ""sp"",
    ""example_molecule_smiles"": ""O=C=O"",
    ""group_smarts"": ""O=[C;spX2]=O"",
    ""atom_specific_smarts"": ""[C;spX2:1](=O)=O"",
    ""description"": ""CO2 carbon, sp-hybridized, double-bonded to two oxygens."",
    ""uncertainty"": ""5""
  },
  {
    ""atom_type"": 1200,
    ""element"": ""C"",
    ""chemical_environment"": ""aliphatic CH2 linking an imidazole ring to the alpha carbon in N-methylhistidine side chain (CB)"",
    ""functional_group"": ""amino acid side chain (histidine, N-methylated ring)"",
    ""hybridization"": ""sp3"",
    ""example_molecule_smiles"": ""CN1C=NC=C1-CH2-CH(N)C(=O)O"",
    ""group_smarts"": ""[CH2]-c1ncnc1"",
    ""atom_specific_smarts"": ""[CH2:1]-c1ncnc1"",
    ""description"": ""Histidine CB carbon: sp3 methylene attached to an imidazole ring carbon and to the alpha carbon of the amino acid (here ring N is N-methylated)."",
    ""uncertainty"": ""50""
  },
  {
    ""atom_type"": 1234,
    ""element"": ""C"",
    ""chemical_environment"": ""C2 carbon of thiazole (between ring N and S)"",
    ""functional_group"": ""thiazole aromatic carbon (C2)"",
    ""hybridization"": ""sp2 (aromatic)"",
    ""example_molecule_smiles"": ""n1cscc1"",
    ""group_smarts"": ""[nH0;r5]:[c;r5]:[s;r5]:[c;r5]:[c;r5]"",
    ""atom_specific_smarts"": ""[nH0;r5]:[cX3H0;r5:1]:[s;r5]"",
    ""description"": ""Aromatic carbon at position 2 of thiazole, bonded to both the ring pyridine-like N and the ring sulfur."",
    ""uncertainty"": ""25""
  },
  {
    ""atom_type"": 1236,
    ""element"": ""C"",
    ""chemical_environment"": ""C4 carbon of thiazole (adjacent to S, not adjacent to ring N)"",
    ""functional_group"": ""thiazole aromatic carbon (C4)"",
    ""hybridization"": ""sp2 (aromatic)"",
    ""example_molecule_smiles"": ""n1cscc1"",
    ""group_smarts"": ""[nH0;r5]:[c;r5]:[s;r5]:[c;r5]:[c;r5]"",
    ""atom_specific_smarts"": ""[s;r5]:[cX3;r5:1]:[c;r5;!n]"",
    ""description"": ""Aromatic carbon at position 4 of thiazole, bonded to the ring sulfur and another aromatic carbon (not directly to the ring N)."",
    ""uncertainty"": ""25""
  },
  {
    ""atom_type"": 1237,
    ""element"": ""C"",
    ""chemical_environment"": ""C5 carbon of thiazole (adjacent to ring N, not adjacent to S)"",
    ""functional_group"": ""thiazole aromatic carbon (C5)"",
    ""hybridization"": ""sp2 (aromatic)"",
    ""example_molecule_smiles"": ""n1cscc1"",
    ""group_smarts"": ""[nH0;r5]:[c;r5]:[s;r5]:[c;r5]:[c;r5]"",
    ""atom_specific_smarts"": ""[c;r5]:[cX3;r5:1]:[nH0;r5]"",
    ""description"": ""Aromatic carbon at position 5 of thiazole, bonded to an aromatic carbon and directly to the ring pyridine-like nitrogen."",
    ""uncertainty"": ""25""
  },
  {
    ""atom_type"": 1260,
    ""element"": ""C"",
    ""chemical_environment"": ""methylene carbon in 2,2,2-trifluoroethanol (between CF3 and OH)"",
    ""functional_group"": ""aliphatic alcohol (TFE CH2 next to CF3)"",
    ""hybridization"": ""sp3"",
    ""example_molecule_smiles"": ""FC(F)(F)CH2O"",
    ""group_smarts"": ""[CH2]-O-[H]"",
    ""atom_specific_smarts"": ""[CH2:1](-O)-[C;H0X4](F)(F)F"",
    ""description"": ""The CH2 carbon in CF3–CH2–OH; bonded to oxygen of the hydroxyl group and to a trifluoromethyl carbon."",
    ""uncertainty"": ""10""
  },
  {
    ""atom_type"": 1261,
    ""element"": ""C"",
    ""chemical_environment"": ""trifluoromethyl carbon"",
    ""functional_group"": ""trifluoromethyl (CF3)"",
    ""hybridization"": ""sp3"",
    ""example_molecule_smiles"": ""FC(F)(F)C"",
    ""group_smarts"": ""[C;H0X4](F)(F)F"",
    ""atom_specific_smarts"": ""[C;H0X4:1](F)(F)F"",
    ""description"": ""CF3 carbon bearing three fluorine substituents."",
    ""uncertainty"": ""15""
  },
  {
    ""atom_type"": 1268,
    ""element"": ""C"",
    ""chemical_environment"": ""cyclopropane ring CH bearing a vinyl substituent (–CH=CH2)"",
    ""functional_group"": ""vinylcyclopropane (ring carbon at the substitution site)"",
    ""hybridization"": ""sp3"",
    ""example_molecule_smiles"": ""C1C(C1)C=CH2"",
    ""group_smarts"": ""[C;R3]-[C;R3]-[C;R3]-[CH;sp2]=[CH2]"",
    ""atom_specific_smarts"": ""[CH;R3:1]-[CH;sp2]=[CH2]"",
    ""description"": ""Cyclopropane ring carbon (CH) that is directly bonded to the internal vinylic CH of a –CH=CH2 substituent."",
    ""uncertainty"": ""25""
  },
  {
    ""atom_type"": 1269,
    ""element"": ""C"",
    ""chemical_environment"": ""internal vinylic CH of a –CH=CH2 group directly attached to a cyclopropane carbon"",
    ""functional_group"": ""vinylcyclopropane (vinylic carbon attached to cyclopropane)"",
    ""hybridization"": ""sp2"",
    ""example_molecule_smiles"": ""C1C(C1)C=CH2"",
    ""group_smarts"": ""[C;R3]-[CH;sp2]=[CH2]"",
    ""atom_specific_smarts"": ""[CH;sp2:1](-[C;R3])=[CH2]"",
    ""description"": ""The vinylic CH carbon of the vinyl substituent in vinylcyclopropane; one bond to a cyclopropyl carbon and double-bonded to a terminal CH2."",
    ""uncertainty"": ""25""
  },
  {
    ""atom_type"": 1270,
    ""element"": ""C"",
    ""chemical_environment"": ""cyclopropane ring CH bearing an ethynyl substituent (–C≡CH)"",
    ""functional_group"": ""ethynylcyclopropane (ring carbon at the substitution site)"",
    ""hybridization"": ""sp3"",
    ""example_molecule_smiles"": ""C1C(C1)C#CH"",
    ""group_smarts"": ""[CH;R3]-[C;sp]#[CH]"",
    ""atom_specific_smarts"": ""[CH;R3:1]-[C;sp]#[CH]"",
    ""description"": ""Cyclopropane ring carbon (CH) directly bonded to the internal acetylenic carbon of an ethynyl group (–C≡CH)."",
    ""uncertainty"": ""25""
  },
  {
    ""atom_type"": 1271,
    ""element"": ""C"",
    ""chemical_environment"": ""internal acetylenic carbon of an ethynyl group attached to a cyclopropane carbon"",
    ""functional_group"": ""ethynylcyclopropane (alkynyl carbon next to ring)"",
    ""hybridization"": ""sp"",
    ""example_molecule_smiles"": ""C1C(C1)C#CH"",
    ""group_smarts"": ""[C;R3]-[C;sp]#[CH]"",
    ""atom_specific_smarts"": ""[C;sp:1](-[C;R3])#[CH]"",
    ""description"": ""The sp carbon of –C≡CH directly bonded to a cyclopropane carbon (the other alkyne carbon is terminal CH)."",
    ""uncertainty"": ""30""
  }
]"
1200,0.088,C  - CT   | CB in N-Me HIS,12.011,oplsaa2024.lt,C,6,"Convert the following OPLS-AA atom type rows:

Atom Type Data:
- Atom index: 1126
- Force field raw info: C  - CA   | Cipso (ArNR3+)
- Partial charge: 0.135
- Atomic mass: 12.011
- Element guess: C
- Atomic number: 6
- Source file: oplsaa2024.lt


Atom Type Data:
- Atom index: 1128
- Force field raw info: C  - CA   | Cipso (ArNR2H+)
- Partial charge: 0.155
- Atomic mass: 12.011
- Element guess: C
- Atomic number: 6
- Source file: oplsaa2024.lt


Atom Type Data:
- Atom index: 1151
- Force field raw info: C  - C|   | triene C (R2-C=) central C=C
- Partial charge: 0.0
- Atomic mass: 12.011
- Element guess: C
- Atomic number: 6
- Source file: oplsaa2024.lt


Atom Type Data:
- Atom index: 1152
- Force field raw info: C  - C|   | triene C (RH-C=) central C=C
- Partial charge: -0.115
- Atomic mass: 12.011
- Element guess: C
- Atomic number: 6
- Source file: oplsaa2024.lt


Atom Type Data:
- Atom index: 1154
- Force field raw info: C  - CM   | allene C1 CH2
- Partial charge: -0.25
- Atomic mass: 12.011
- Element guess: C
- Atomic number: 6
- Source file: oplsaa2024.lt


Atom Type Data:
- Atom index: 1155
- Force field raw info: C  - CM   | allene C1 CHR
- Partial charge: -0.1
- Atomic mass: 12.011
- Element guess: C
- Atomic number: 6
- Source file: oplsaa2024.lt


Atom Type Data:
- Atom index: 1156
- Force field raw info: C  - CM   | allene C1 CR2
- Partial charge: 0.05
- Atomic mass: 12.011
- Element guess: C
- Atomic number: 6
- Source file: oplsaa2024.lt


Atom Type Data:
- Atom index: 1157
- Force field raw info: C  - C°   | allene C2
- Partial charge: -0.1
- Atomic mass: 12.011
- Element guess: C
- Atomic number: 6
- Source file: oplsaa2024.lt


Atom Type Data:
- Atom index: 1158
- Force field raw info: C  - C°   | ketene C2
- Partial charge: 0.2
- Atomic mass: 12.011
- Element guess: C
- Atomic number: 6
- Source file: oplsaa2024.lt


Atom Type Data:
- Atom index: 1160
- Force field raw info: C  - C°   | CO2 Madura 2009 carbon dioxide
- Partial charge: 0.7
- Atomic mass: 12.011
- Element guess: C
- Atomic number: 6
- Source file: oplsaa2024.lt


Atom Type Data:
- Atom index: 1200
- Force field raw info: C  - CT   | CB in N-Me HIS
- Partial charge: 0.088
- Atomic mass: 12.011
- Element guess: C
- Atomic number: 6
- Source file: oplsaa2024.lt


Atom Type Data:
- Atom index: 1234
- Force field raw info: C  - CR   | C2 thiazole jlj0003
- Partial charge: 0.35
- Atomic mass: 12.011
- Element guess: C
- Atomic number: 6
- Source file: oplsaa2024.lt


Atom Type Data:
- Atom index: 1236
- Force field raw info: C  - CV   | C4 thiazole jlj0003
- Partial charge: 0.0
- Atomic mass: 12.011
- Element guess: C
- Atomic number: 6
- Source file: oplsaa2024.lt


Atom Type Data:
- Atom index: 1237
- Force field raw info: C  - CW   | C5 thiazole jlj0003
- Partial charge: -0.15
- Atomic mass: 12.011
- Element guess: C
- Atomic number: 6
- Source file: oplsaa2024.lt


Atom Type Data:
- Atom index: 1260
- Force field raw info: C  - CT   | CH2 Trifluoroethanol TFE
- Partial charge: 0.1263
- Atomic mass: 12.011
- Element guess: C
- Atomic number: 6
- Source file: oplsaa2024.lt


Atom Type Data:
- Atom index: 1261
- Force field raw info: C  - CT   | CF3 E Duffy Thesis 1994
- Partial charge: 0.5323
- Atomic mass: 12.011
- Element guess: C
- Atomic number: 6
- Source file: oplsaa2024.lt


Atom Type Data:
- Atom index: 1268
- Force field raw info: C  - CY   | CHCH=CH2 vinylcyclopropane OPLS-2020
- Partial charge: -0.005
- Atomic mass: 12.011
- Element guess: C
- Atomic number: 6
- Source file: oplsaa2024.lt


Atom Type Data:
- Atom index: 1269
- Force field raw info: C  - CM   | vinylcyclopropane
- Partial charge: -0.17
- Atomic mass: 12.011
- Element guess: C
- Atomic number: 6
- Source file: oplsaa2024.lt


Atom Type Data:
- Atom index: 1270
- Force field raw info: C  - CY   | CHC%CH ethynylcyclopropane OPLS-2020
- Partial charge: 0.08
- Atomic mass: 12.011
- Element guess: C
- Atomic number: 6
- Source file: oplsaa2024.lt


Atom Type Data:
- Atom index: 1271
- Force field raw info: C  - CZ   | ethynylcyclopropane
- Partial charge: -0.14
- Atomic mass: 12.011
- Element guess: C
- Atomic number: 6
- Source file: oplsaa2024.lt
","[
  {
    ""atom_type"": 1126,
    ""element"": ""C"",
    ""chemical_environment"": ""ipso aromatic carbon bonded directly to a quaternary ammonium nitrogen"",
    ""functional_group"": ""aryl quaternary ammonium (Ar–N+(R)3)"",
    ""hybridization"": ""sp2 (aromatic)"",
    ""example_molecule_smiles"": ""c1ccc(cc1)[N+](C)(C)C"",
    ""group_smarts"": ""[a]-[N+X4]"",
    ""atom_specific_smarts"": ""[cX3H0:1]-[N+X4]"",
    ""description"": ""Aryl ipso carbon of an aromatic ring directly attached to a quaternary ammonium nitrogen [N+](R)(R)R (no N–H)."",
    ""uncertainty"": ""10""
  },
  {
    ""atom_type"": 1128,
    ""element"": ""C"",
    ""chemical_environment"": ""ipso aromatic carbon bonded directly to a protonated tertiary anilinium nitrogen"",
    ""functional_group"": ""aryl ammonium (Ar–N+H(R)2)"",
    ""hybridization"": ""sp2 (aromatic)"",
    ""example_molecule_smiles"": ""c1ccc(cc1)[N+H](C)C"",
    ""group_smarts"": ""[a]-[N+X4H1]"",
    ""atom_specific_smarts"": ""[cX3:1]-[N+X4H1]"",
    ""description"": ""Aryl ipso carbon of an aromatic ring directly attached to a protonated tertiary amine nitrogen [N+H](R)(R)."",
    ""uncertainty"": ""10""
  },
  {
    ""atom_type"": 1151,
    ""element"": ""C"",
    ""chemical_environment"": ""central carbon of the central C=C in a linear triene, disubstituted (no H on this carbon)"",
    ""functional_group"": ""conjugated triene (central alkene carbon, R2C=)"",
    ""hybridization"": ""sp2"",
    ""example_molecule_smiles"": ""C=C-C(=C(C)C)-C=C"",
    ""group_smarts"": ""[C;sp2]=[C;sp2]-[C;sp2]=[C;sp2]-[C;sp2]"",
    ""atom_specific_smarts"": ""[C;sp2X3H0:1](=[C;sp2X3])(-[C;sp2X3]=[C;sp2X3])[C;sp2X3]=[C;sp2X3]"",
    ""description"": ""One of the two carbons of the central C=C bond in a linear triene chain where this carbon has no hydrogens (R2C=). Neighbors: one sp2 C via a double bond (the other central alkene carbon) and two sp2 carbons via single bonds that are each part of terminal C=C bonds."",
    ""uncertainty"": ""35""
  },
  {
    ""atom_type"": 1152,
    ""element"": ""C"",
    ""chemical_environment"": ""central carbon of the central C=C in a linear triene, monosubstituted (one H on this carbon)"",
    ""functional_group"": ""conjugated triene (central alkene carbon, RH–C=)"",
    ""hybridization"": ""sp2"",
    ""example_molecule_smiles"": ""C=CC(=CH)C=C"",
    ""group_smarts"": ""[C;sp2]=[C;sp2]-[CH;sp2]=[C;sp2]-[C;sp2]"",
    ""atom_specific_smarts"": ""[CH;sp2X3:1](=[C;sp2X3])(-[C;sp2X3]=[C;sp2X3])[C;sp2X3]=[C;sp2X3]"",
    ""description"": ""One of the two carbons of the central C=C bond in a linear triene chain where this carbon has one hydrogen (RH–C=). Neighbors: one sp2 C via a double bond (the other central alkene carbon) and two sp2 carbons via single bonds that are each part of terminal C=C bonds."",
    ""uncertainty"": ""40""
  },
  {
    ""atom_type"": 1154,
    ""element"": ""C"",
    ""chemical_environment"": ""terminal carbon (C1) of an allene, CH2 group"",
    ""functional_group"": ""allene terminal carbon (CH2=C=)"",
    ""hybridization"": ""sp2"",
    ""example_molecule_smiles"": ""C=C=C"",
    ""group_smarts"": ""[C;sp2]=[C;spX2]=[C;sp2]"",
    ""atom_specific_smarts"": ""[CH2:1]=[C;spX2](=C)"",
    ""description"": ""Allene terminal carbon (C1) as a methylene (CH2) double-bonded to the central sp carbon of the cumulene."",
    ""uncertainty"": ""10""
  },
  {
    ""atom_type"": 1155,
    ""element"": ""C"",
    ""chemical_environment"": ""terminal carbon (C1) of an allene, CHR group"",
    ""functional_group"": ""allene terminal carbon (substituted, CHR)"",
    ""hybridization"": ""sp2"",
    ""example_molecule_smiles"": ""CC(=C=CH2)C"",
    ""group_smarts"": ""[C;sp2]=[C;spX2]=[C;sp2]"",
    ""atom_specific_smarts"": ""[CH:1]=[C;spX2](=C)"",
    ""description"": ""Allene terminal carbon (C1) with one hydrogen (CHR), double-bonded to the central sp cumulene carbon."",
    ""uncertainty"": ""12""
  },
  {
    ""atom_type"": 1156,
    ""element"": ""C"",
    ""chemical_environment"": ""terminal carbon (C1) of an allene, CR2 group (no hydrogens)"",
    ""functional_group"": ""allene terminal carbon (fully substituted, CR2)"",
    ""hybridization"": ""sp2"",
    ""example_molecule_smiles"": ""CC(C)=C=C=CH2"",
    ""group_smarts"": ""[C;sp2]=[C;spX2]=[C;sp2]"",
    ""atom_specific_smarts"": ""[C;H0:1]=[C;spX2](=C)"",
    ""description"": ""Allene terminal carbon (C1) with no hydrogens (CR2), double-bonded to the central sp cumulene carbon."",
    ""uncertainty"": ""15""
  },
  {
    ""atom_type"": 1157,
    ""element"": ""C"",
    ""chemical_environment"": ""central carbon (C2) of an allene (cumulated diene)"",
    ""functional_group"": ""allene central carbon"",
    ""hybridization"": ""sp"",
    ""example_molecule_smiles"": ""C=C=C"",
    ""group_smarts"": ""[C;sp2]=[C;spX2]=[C;sp2]"",
    ""atom_specific_smarts"": ""[C;spX2:1](=C)=C"",
    ""description"": ""Allene central carbon (C2), sp-hybridized, double-bonded to both terminal sp2 carbons."",
    ""uncertainty"": ""10""
  },
  {
    ""atom_type"": 1158,
    ""element"": ""C"",
    ""chemical_environment"": ""central sp carbon of a ketene (R2C=C=O)"",
    ""functional_group"": ""ketene (cumulene carbon adjacent to carbonyl oxygen)"",
    ""hybridization"": ""sp"",
    ""example_molecule_smiles"": ""C=C=O"",
    ""group_smarts"": ""[C;sp2]=[C;spX2]=O"",
    ""atom_specific_smarts"": ""[C;spX2:1](=O)=C"",
    ""description"": ""Ketene central cumulene carbon (C2), sp-hybridized, double-bonded to O and to an sp2 carbon."",
    ""uncertainty"": ""10""
  },
  {
    ""atom_type"": 1160,
    ""element"": ""C"",
    ""chemical_environment"": ""carbon dioxide carbon (O=C=O)"",
    ""functional_group"": ""carbon dioxide (linear carbonyl di-oxide)"",
    ""hybridization"": ""sp"",
    ""example_molecule_smiles"": ""O=C=O"",
    ""group_smarts"": ""O=[C;spX2]=O"",
    ""atom_specific_smarts"": ""[C;spX2:1](=O)=O"",
    ""description"": ""CO2 carbon, sp-hybridized, double-bonded to two oxygens."",
    ""uncertainty"": ""5""
  },
  {
    ""atom_type"": 1200,
    ""element"": ""C"",
    ""chemical_environment"": ""aliphatic CH2 linking an imidazole ring to the alpha carbon in N-methylhistidine side chain (CB)"",
    ""functional_group"": ""amino acid side chain (histidine, N-methylated ring)"",
    ""hybridization"": ""sp3"",
    ""example_molecule_smiles"": ""CN1C=NC=C1-CH2-CH(N)C(=O)O"",
    ""group_smarts"": ""[CH2]-c1ncnc1"",
    ""atom_specific_smarts"": ""[CH2:1]-c1ncnc1"",
    ""description"": ""Histidine CB carbon: sp3 methylene attached to an imidazole ring carbon and to the alpha carbon of the amino acid (here ring N is N-methylated)."",
    ""uncertainty"": ""50""
  },
  {
    ""atom_type"": 1234,
    ""element"": ""C"",
    ""chemical_environment"": ""C2 carbon of thiazole (between ring N and S)"",
    ""functional_group"": ""thiazole aromatic carbon (C2)"",
    ""hybridization"": ""sp2 (aromatic)"",
    ""example_molecule_smiles"": ""n1cscc1"",
    ""group_smarts"": ""[nH0;r5]:[c;r5]:[s;r5]:[c;r5]:[c;r5]"",
    ""atom_specific_smarts"": ""[nH0;r5]:[cX3H0;r5:1]:[s;r5]"",
    ""description"": ""Aromatic carbon at position 2 of thiazole, bonded to both the ring pyridine-like N and the ring sulfur."",
    ""uncertainty"": ""25""
  },
  {
    ""atom_type"": 1236,
    ""element"": ""C"",
    ""chemical_environment"": ""C4 carbon of thiazole (adjacent to S, not adjacent to ring N)"",
    ""functional_group"": ""thiazole aromatic carbon (C4)"",
    ""hybridization"": ""sp2 (aromatic)"",
    ""example_molecule_smiles"": ""n1cscc1"",
    ""group_smarts"": ""[nH0;r5]:[c;r5]:[s;r5]:[c;r5]:[c;r5]"",
    ""atom_specific_smarts"": ""[s;r5]:[cX3;r5:1]:[c;r5;!n]"",
    ""description"": ""Aromatic carbon at position 4 of thiazole, bonded to the ring sulfur and another aromatic carbon (not directly to the ring N)."",
    ""uncertainty"": ""25""
  },
  {
    ""atom_type"": 1237,
    ""element"": ""C"",
    ""chemical_environment"": ""C5 carbon of thiazole (adjacent to ring N, not adjacent to S)"",
    ""functional_group"": ""thiazole aromatic carbon (C5)"",
    ""hybridization"": ""sp2 (aromatic)"",
    ""example_molecule_smiles"": ""n1cscc1"",
    ""group_smarts"": ""[nH0;r5]:[c;r5]:[s;r5]:[c;r5]:[c;r5]"",
    ""atom_specific_smarts"": ""[c;r5]:[cX3;r5:1]:[nH0;r5]"",
    ""description"": ""Aromatic carbon at position 5 of thiazole, bonded to an aromatic carbon and directly to the ring pyridine-like nitrogen."",
    ""uncertainty"": ""25""
  },
  {
    ""atom_type"": 1260,
    ""element"": ""C"",
    ""chemical_environment"": ""methylene carbon in 2,2,2-trifluoroethanol (between CF3 and OH)"",
    ""functional_group"": ""aliphatic alcohol (TFE CH2 next to CF3)"",
    ""hybridization"": ""sp3"",
    ""example_molecule_smiles"": ""FC(F)(F)CH2O"",
    ""group_smarts"": ""[CH2]-O-[H]"",
    ""atom_specific_smarts"": ""[CH2:1](-O)-[C;H0X4](F)(F)F"",
    ""description"": ""The CH2 carbon in CF3–CH2–OH; bonded to oxygen of the hydroxyl group and to a trifluoromethyl carbon."",
    ""uncertainty"": ""10""
  },
  {
    ""atom_type"": 1261,
    ""element"": ""C"",
    ""chemical_environment"": ""trifluoromethyl carbon"",
    ""functional_group"": ""trifluoromethyl (CF3)"",
    ""hybridization"": ""sp3"",
    ""example_molecule_smiles"": ""FC(F)(F)C"",
    ""group_smarts"": ""[C;H0X4](F)(F)F"",
    ""atom_specific_smarts"": ""[C;H0X4:1](F)(F)F"",
    ""description"": ""CF3 carbon bearing three fluorine substituents."",
    ""uncertainty"": ""15""
  },
  {
    ""atom_type"": 1268,
    ""element"": ""C"",
    ""chemical_environment"": ""cyclopropane ring CH bearing a vinyl substituent (–CH=CH2)"",
    ""functional_group"": ""vinylcyclopropane (ring carbon at the substitution site)"",
    ""hybridization"": ""sp3"",
    ""example_molecule_smiles"": ""C1C(C1)C=CH2"",
    ""group_smarts"": ""[C;R3]-[C;R3]-[C;R3]-[CH;sp2]=[CH2]"",
    ""atom_specific_smarts"": ""[CH;R3:1]-[CH;sp2]=[CH2]"",
    ""description"": ""Cyclopropane ring carbon (CH) that is directly bonded to the internal vinylic CH of a –CH=CH2 substituent."",
    ""uncertainty"": ""25""
  },
  {
    ""atom_type"": 1269,
    ""element"": ""C"",
    ""chemical_environment"": ""internal vinylic CH of a –CH=CH2 group directly attached to a cyclopropane carbon"",
    ""functional_group"": ""vinylcyclopropane (vinylic carbon attached to cyclopropane)"",
    ""hybridization"": ""sp2"",
    ""example_molecule_smiles"": ""C1C(C1)C=CH2"",
    ""group_smarts"": ""[C;R3]-[CH;sp2]=[CH2]"",
    ""atom_specific_smarts"": ""[CH;sp2:1](-[C;R3])=[CH2]"",
    ""description"": ""The vinylic CH carbon of the vinyl substituent in vinylcyclopropane; one bond to a cyclopropyl carbon and double-bonded to a terminal CH2."",
    ""uncertainty"": ""25""
  },
  {
    ""atom_type"": 1270,
    ""element"": ""C"",
    ""chemical_environment"": ""cyclopropane ring CH bearing an ethynyl substituent (–C≡CH)"",
    ""functional_group"": ""ethynylcyclopropane (ring carbon at the substitution site)"",
    ""hybridization"": ""sp3"",
    ""example_molecule_smiles"": ""C1C(C1)C#CH"",
    ""group_smarts"": ""[CH;R3]-[C;sp]#[CH]"",
    ""atom_specific_smarts"": ""[CH;R3:1]-[C;sp]#[CH]"",
    ""description"": ""Cyclopropane ring carbon (CH) directly bonded to the internal acetylenic carbon of an ethynyl group (–C≡CH)."",
    ""uncertainty"": ""25""
  },
  {
    ""atom_type"": 1271,
    ""element"": ""C"",
    ""chemical_environment"": ""internal acetylenic carbon of an ethynyl group attached to a cyclopropane carbon"",
    ""functional_group"": ""ethynylcyclopropane (alkynyl carbon next to ring)"",
    ""hybridization"": ""sp"",
    ""example_molecule_smiles"": ""C1C(C1)C#CH"",
    ""group_smarts"": ""[C;R3]-[C;sp]#[CH]"",
    ""atom_specific_smarts"": ""[C;sp:1](-[C;R3])#[CH]"",
    ""description"": ""The sp carbon of –C≡CH directly bonded to a cyclopropane carbon (the other alkyne carbon is terminal CH)."",
    ""uncertainty"": ""30""
  }
]"
1234,0.35,C  - CR   | C2 thiazole jlj0003,12.011,oplsaa2024.lt,C,6,"Convert the following OPLS-AA atom type rows:

Atom Type Data:
- Atom index: 1126
- Force field raw info: C  - CA   | Cipso (ArNR3+)
- Partial charge: 0.135
- Atomic mass: 12.011
- Element guess: C
- Atomic number: 6
- Source file: oplsaa2024.lt


Atom Type Data:
- Atom index: 1128
- Force field raw info: C  - CA   | Cipso (ArNR2H+)
- Partial charge: 0.155
- Atomic mass: 12.011
- Element guess: C
- Atomic number: 6
- Source file: oplsaa2024.lt


Atom Type Data:
- Atom index: 1151
- Force field raw info: C  - C|   | triene C (R2-C=) central C=C
- Partial charge: 0.0
- Atomic mass: 12.011
- Element guess: C
- Atomic number: 6
- Source file: oplsaa2024.lt


Atom Type Data:
- Atom index: 1152
- Force field raw info: C  - C|   | triene C (RH-C=) central C=C
- Partial charge: -0.115
- Atomic mass: 12.011
- Element guess: C
- Atomic number: 6
- Source file: oplsaa2024.lt


Atom Type Data:
- Atom index: 1154
- Force field raw info: C  - CM   | allene C1 CH2
- Partial charge: -0.25
- Atomic mass: 12.011
- Element guess: C
- Atomic number: 6
- Source file: oplsaa2024.lt


Atom Type Data:
- Atom index: 1155
- Force field raw info: C  - CM   | allene C1 CHR
- Partial charge: -0.1
- Atomic mass: 12.011
- Element guess: C
- Atomic number: 6
- Source file: oplsaa2024.lt


Atom Type Data:
- Atom index: 1156
- Force field raw info: C  - CM   | allene C1 CR2
- Partial charge: 0.05
- Atomic mass: 12.011
- Element guess: C
- Atomic number: 6
- Source file: oplsaa2024.lt


Atom Type Data:
- Atom index: 1157
- Force field raw info: C  - C°   | allene C2
- Partial charge: -0.1
- Atomic mass: 12.011
- Element guess: C
- Atomic number: 6
- Source file: oplsaa2024.lt


Atom Type Data:
- Atom index: 1158
- Force field raw info: C  - C°   | ketene C2
- Partial charge: 0.2
- Atomic mass: 12.011
- Element guess: C
- Atomic number: 6
- Source file: oplsaa2024.lt


Atom Type Data:
- Atom index: 1160
- Force field raw info: C  - C°   | CO2 Madura 2009 carbon dioxide
- Partial charge: 0.7
- Atomic mass: 12.011
- Element guess: C
- Atomic number: 6
- Source file: oplsaa2024.lt


Atom Type Data:
- Atom index: 1200
- Force field raw info: C  - CT   | CB in N-Me HIS
- Partial charge: 0.088
- Atomic mass: 12.011
- Element guess: C
- Atomic number: 6
- Source file: oplsaa2024.lt


Atom Type Data:
- Atom index: 1234
- Force field raw info: C  - CR   | C2 thiazole jlj0003
- Partial charge: 0.35
- Atomic mass: 12.011
- Element guess: C
- Atomic number: 6
- Source file: oplsaa2024.lt


Atom Type Data:
- Atom index: 1236
- Force field raw info: C  - CV   | C4 thiazole jlj0003
- Partial charge: 0.0
- Atomic mass: 12.011
- Element guess: C
- Atomic number: 6
- Source file: oplsaa2024.lt


Atom Type Data:
- Atom index: 1237
- Force field raw info: C  - CW   | C5 thiazole jlj0003
- Partial charge: -0.15
- Atomic mass: 12.011
- Element guess: C
- Atomic number: 6
- Source file: oplsaa2024.lt


Atom Type Data:
- Atom index: 1260
- Force field raw info: C  - CT   | CH2 Trifluoroethanol TFE
- Partial charge: 0.1263
- Atomic mass: 12.011
- Element guess: C
- Atomic number: 6
- Source file: oplsaa2024.lt


Atom Type Data:
- Atom index: 1261
- Force field raw info: C  - CT   | CF3 E Duffy Thesis 1994
- Partial charge: 0.5323
- Atomic mass: 12.011
- Element guess: C
- Atomic number: 6
- Source file: oplsaa2024.lt


Atom Type Data:
- Atom index: 1268
- Force field raw info: C  - CY   | CHCH=CH2 vinylcyclopropane OPLS-2020
- Partial charge: -0.005
- Atomic mass: 12.011
- Element guess: C
- Atomic number: 6
- Source file: oplsaa2024.lt


Atom Type Data:
- Atom index: 1269
- Force field raw info: C  - CM   | vinylcyclopropane
- Partial charge: -0.17
- Atomic mass: 12.011
- Element guess: C
- Atomic number: 6
- Source file: oplsaa2024.lt


Atom Type Data:
- Atom index: 1270
- Force field raw info: C  - CY   | CHC%CH ethynylcyclopropane OPLS-2020
- Partial charge: 0.08
- Atomic mass: 12.011
- Element guess: C
- Atomic number: 6
- Source file: oplsaa2024.lt


Atom Type Data:
- Atom index: 1271
- Force field raw info: C  - CZ   | ethynylcyclopropane
- Partial charge: -0.14
- Atomic mass: 12.011
- Element guess: C
- Atomic number: 6
- Source file: oplsaa2024.lt
","[
  {
    ""atom_type"": 1126,
    ""element"": ""C"",
    ""chemical_environment"": ""ipso aromatic carbon bonded directly to a quaternary ammonium nitrogen"",
    ""functional_group"": ""aryl quaternary ammonium (Ar–N+(R)3)"",
    ""hybridization"": ""sp2 (aromatic)"",
    ""example_molecule_smiles"": ""c1ccc(cc1)[N+](C)(C)C"",
    ""group_smarts"": ""[a]-[N+X4]"",
    ""atom_specific_smarts"": ""[cX3H0:1]-[N+X4]"",
    ""description"": ""Aryl ipso carbon of an aromatic ring directly attached to a quaternary ammonium nitrogen [N+](R)(R)R (no N–H)."",
    ""uncertainty"": ""10""
  },
  {
    ""atom_type"": 1128,
    ""element"": ""C"",
    ""chemical_environment"": ""ipso aromatic carbon bonded directly to a protonated tertiary anilinium nitrogen"",
    ""functional_group"": ""aryl ammonium (Ar–N+H(R)2)"",
    ""hybridization"": ""sp2 (aromatic)"",
    ""example_molecule_smiles"": ""c1ccc(cc1)[N+H](C)C"",
    ""group_smarts"": ""[a]-[N+X4H1]"",
    ""atom_specific_smarts"": ""[cX3:1]-[N+X4H1]"",
    ""description"": ""Aryl ipso carbon of an aromatic ring directly attached to a protonated tertiary amine nitrogen [N+H](R)(R)."",
    ""uncertainty"": ""10""
  },
  {
    ""atom_type"": 1151,
    ""element"": ""C"",
    ""chemical_environment"": ""central carbon of the central C=C in a linear triene, disubstituted (no H on this carbon)"",
    ""functional_group"": ""conjugated triene (central alkene carbon, R2C=)"",
    ""hybridization"": ""sp2"",
    ""example_molecule_smiles"": ""C=C-C(=C(C)C)-C=C"",
    ""group_smarts"": ""[C;sp2]=[C;sp2]-[C;sp2]=[C;sp2]-[C;sp2]"",
    ""atom_specific_smarts"": ""[C;sp2X3H0:1](=[C;sp2X3])(-[C;sp2X3]=[C;sp2X3])[C;sp2X3]=[C;sp2X3]"",
    ""description"": ""One of the two carbons of the central C=C bond in a linear triene chain where this carbon has no hydrogens (R2C=). Neighbors: one sp2 C via a double bond (the other central alkene carbon) and two sp2 carbons via single bonds that are each part of terminal C=C bonds."",
    ""uncertainty"": ""35""
  },
  {
    ""atom_type"": 1152,
    ""element"": ""C"",
    ""chemical_environment"": ""central carbon of the central C=C in a linear triene, monosubstituted (one H on this carbon)"",
    ""functional_group"": ""conjugated triene (central alkene carbon, RH–C=)"",
    ""hybridization"": ""sp2"",
    ""example_molecule_smiles"": ""C=CC(=CH)C=C"",
    ""group_smarts"": ""[C;sp2]=[C;sp2]-[CH;sp2]=[C;sp2]-[C;sp2]"",
    ""atom_specific_smarts"": ""[CH;sp2X3:1](=[C;sp2X3])(-[C;sp2X3]=[C;sp2X3])[C;sp2X3]=[C;sp2X3]"",
    ""description"": ""One of the two carbons of the central C=C bond in a linear triene chain where this carbon has one hydrogen (RH–C=). Neighbors: one sp2 C via a double bond (the other central alkene carbon) and two sp2 carbons via single bonds that are each part of terminal C=C bonds."",
    ""uncertainty"": ""40""
  },
  {
    ""atom_type"": 1154,
    ""element"": ""C"",
    ""chemical_environment"": ""terminal carbon (C1) of an allene, CH2 group"",
    ""functional_group"": ""allene terminal carbon (CH2=C=)"",
    ""hybridization"": ""sp2"",
    ""example_molecule_smiles"": ""C=C=C"",
    ""group_smarts"": ""[C;sp2]=[C;spX2]=[C;sp2]"",
    ""atom_specific_smarts"": ""[CH2:1]=[C;spX2](=C)"",
    ""description"": ""Allene terminal carbon (C1) as a methylene (CH2) double-bonded to the central sp carbon of the cumulene."",
    ""uncertainty"": ""10""
  },
  {
    ""atom_type"": 1155,
    ""element"": ""C"",
    ""chemical_environment"": ""terminal carbon (C1) of an allene, CHR group"",
    ""functional_group"": ""allene terminal carbon (substituted, CHR)"",
    ""hybridization"": ""sp2"",
    ""example_molecule_smiles"": ""CC(=C=CH2)C"",
    ""group_smarts"": ""[C;sp2]=[C;spX2]=[C;sp2]"",
    ""atom_specific_smarts"": ""[CH:1]=[C;spX2](=C)"",
    ""description"": ""Allene terminal carbon (C1) with one hydrogen (CHR), double-bonded to the central sp cumulene carbon."",
    ""uncertainty"": ""12""
  },
  {
    ""atom_type"": 1156,
    ""element"": ""C"",
    ""chemical_environment"": ""terminal carbon (C1) of an allene, CR2 group (no hydrogens)"",
    ""functional_group"": ""allene terminal carbon (fully substituted, CR2)"",
    ""hybridization"": ""sp2"",
    ""example_molecule_smiles"": ""CC(C)=C=C=CH2"",
    ""group_smarts"": ""[C;sp2]=[C;spX2]=[C;sp2]"",
    ""atom_specific_smarts"": ""[C;H0:1]=[C;spX2](=C)"",
    ""description"": ""Allene terminal carbon (C1) with no hydrogens (CR2), double-bonded to the central sp cumulene carbon."",
    ""uncertainty"": ""15""
  },
  {
    ""atom_type"": 1157,
    ""element"": ""C"",
    ""chemical_environment"": ""central carbon (C2) of an allene (cumulated diene)"",
    ""functional_group"": ""allene central carbon"",
    ""hybridization"": ""sp"",
    ""example_molecule_smiles"": ""C=C=C"",
    ""group_smarts"": ""[C;sp2]=[C;spX2]=[C;sp2]"",
    ""atom_specific_smarts"": ""[C;spX2:1](=C)=C"",
    ""description"": ""Allene central carbon (C2), sp-hybridized, double-bonded to both terminal sp2 carbons."",
    ""uncertainty"": ""10""
  },
  {
    ""atom_type"": 1158,
    ""element"": ""C"",
    ""chemical_environment"": ""central sp carbon of a ketene (R2C=C=O)"",
    ""functional_group"": ""ketene (cumulene carbon adjacent to carbonyl oxygen)"",
    ""hybridization"": ""sp"",
    ""example_molecule_smiles"": ""C=C=O"",
    ""group_smarts"": ""[C;sp2]=[C;spX2]=O"",
    ""atom_specific_smarts"": ""[C;spX2:1](=O)=C"",
    ""description"": ""Ketene central cumulene carbon (C2), sp-hybridized, double-bonded to O and to an sp2 carbon."",
    ""uncertainty"": ""10""
  },
  {
    ""atom_type"": 1160,
    ""element"": ""C"",
    ""chemical_environment"": ""carbon dioxide carbon (O=C=O)"",
    ""functional_group"": ""carbon dioxide (linear carbonyl di-oxide)"",
    ""hybridization"": ""sp"",
    ""example_molecule_smiles"": ""O=C=O"",
    ""group_smarts"": ""O=[C;spX2]=O"",
    ""atom_specific_smarts"": ""[C;spX2:1](=O)=O"",
    ""description"": ""CO2 carbon, sp-hybridized, double-bonded to two oxygens."",
    ""uncertainty"": ""5""
  },
  {
    ""atom_type"": 1200,
    ""element"": ""C"",
    ""chemical_environment"": ""aliphatic CH2 linking an imidazole ring to the alpha carbon in N-methylhistidine side chain (CB)"",
    ""functional_group"": ""amino acid side chain (histidine, N-methylated ring)"",
    ""hybridization"": ""sp3"",
    ""example_molecule_smiles"": ""CN1C=NC=C1-CH2-CH(N)C(=O)O"",
    ""group_smarts"": ""[CH2]-c1ncnc1"",
    ""atom_specific_smarts"": ""[CH2:1]-c1ncnc1"",
    ""description"": ""Histidine CB carbon: sp3 methylene attached to an imidazole ring carbon and to the alpha carbon of the amino acid (here ring N is N-methylated)."",
    ""uncertainty"": ""50""
  },
  {
    ""atom_type"": 1234,
    ""element"": ""C"",
    ""chemical_environment"": ""C2 carbon of thiazole (between ring N and S)"",
    ""functional_group"": ""thiazole aromatic carbon (C2)"",
    ""hybridization"": ""sp2 (aromatic)"",
    ""example_molecule_smiles"": ""n1cscc1"",
    ""group_smarts"": ""[nH0;r5]:[c;r5]:[s;r5]:[c;r5]:[c;r5]"",
    ""atom_specific_smarts"": ""[nH0;r5]:[cX3H0;r5:1]:[s;r5]"",
    ""description"": ""Aromatic carbon at position 2 of thiazole, bonded to both the ring pyridine-like N and the ring sulfur."",
    ""uncertainty"": ""25""
  },
  {
    ""atom_type"": 1236,
    ""element"": ""C"",
    ""chemical_environment"": ""C4 carbon of thiazole (adjacent to S, not adjacent to ring N)"",
    ""functional_group"": ""thiazole aromatic carbon (C4)"",
    ""hybridization"": ""sp2 (aromatic)"",
    ""example_molecule_smiles"": ""n1cscc1"",
    ""group_smarts"": ""[nH0;r5]:[c;r5]:[s;r5]:[c;r5]:[c;r5]"",
    ""atom_specific_smarts"": ""[s;r5]:[cX3;r5:1]:[c;r5;!n]"",
    ""description"": ""Aromatic carbon at position 4 of thiazole, bonded to the ring sulfur and another aromatic carbon (not directly to the ring N)."",
    ""uncertainty"": ""25""
  },
  {
    ""atom_type"": 1237,
    ""element"": ""C"",
    ""chemical_environment"": ""C5 carbon of thiazole (adjacent to ring N, not adjacent to S)"",
    ""functional_group"": ""thiazole aromatic carbon (C5)"",
    ""hybridization"": ""sp2 (aromatic)"",
    ""example_molecule_smiles"": ""n1cscc1"",
    ""group_smarts"": ""[nH0;r5]:[c;r5]:[s;r5]:[c;r5]:[c;r5]"",
    ""atom_specific_smarts"": ""[c;r5]:[cX3;r5:1]:[nH0;r5]"",
    ""description"": ""Aromatic carbon at position 5 of thiazole, bonded to an aromatic carbon and directly to the ring pyridine-like nitrogen."",
    ""uncertainty"": ""25""
  },
  {
    ""atom_type"": 1260,
    ""element"": ""C"",
    ""chemical_environment"": ""methylene carbon in 2,2,2-trifluoroethanol (between CF3 and OH)"",
    ""functional_group"": ""aliphatic alcohol (TFE CH2 next to CF3)"",
    ""hybridization"": ""sp3"",
    ""example_molecule_smiles"": ""FC(F)(F)CH2O"",
    ""group_smarts"": ""[CH2]-O-[H]"",
    ""atom_specific_smarts"": ""[CH2:1](-O)-[C;H0X4](F)(F)F"",
    ""description"": ""The CH2 carbon in CF3–CH2–OH; bonded to oxygen of the hydroxyl group and to a trifluoromethyl carbon."",
    ""uncertainty"": ""10""
  },
  {
    ""atom_type"": 1261,
    ""element"": ""C"",
    ""chemical_environment"": ""trifluoromethyl carbon"",
    ""functional_group"": ""trifluoromethyl (CF3)"",
    ""hybridization"": ""sp3"",
    ""example_molecule_smiles"": ""FC(F)(F)C"",
    ""group_smarts"": ""[C;H0X4](F)(F)F"",
    ""atom_specific_smarts"": ""[C;H0X4:1](F)(F)F"",
    ""description"": ""CF3 carbon bearing three fluorine substituents."",
    ""uncertainty"": ""15""
  },
  {
    ""atom_type"": 1268,
    ""element"": ""C"",
    ""chemical_environment"": ""cyclopropane ring CH bearing a vinyl substituent (–CH=CH2)"",
    ""functional_group"": ""vinylcyclopropane (ring carbon at the substitution site)"",
    ""hybridization"": ""sp3"",
    ""example_molecule_smiles"": ""C1C(C1)C=CH2"",
    ""group_smarts"": ""[C;R3]-[C;R3]-[C;R3]-[CH;sp2]=[CH2]"",
    ""atom_specific_smarts"": ""[CH;R3:1]-[CH;sp2]=[CH2]"",
    ""description"": ""Cyclopropane ring carbon (CH) that is directly bonded to the internal vinylic CH of a –CH=CH2 substituent."",
    ""uncertainty"": ""25""
  },
  {
    ""atom_type"": 1269,
    ""element"": ""C"",
    ""chemical_environment"": ""internal vinylic CH of a –CH=CH2 group directly attached to a cyclopropane carbon"",
    ""functional_group"": ""vinylcyclopropane (vinylic carbon attached to cyclopropane)"",
    ""hybridization"": ""sp2"",
    ""example_molecule_smiles"": ""C1C(C1)C=CH2"",
    ""group_smarts"": ""[C;R3]-[CH;sp2]=[CH2]"",
    ""atom_specific_smarts"": ""[CH;sp2:1](-[C;R3])=[CH2]"",
    ""description"": ""The vinylic CH carbon of the vinyl substituent in vinylcyclopropane; one bond to a cyclopropyl carbon and double-bonded to a terminal CH2."",
    ""uncertainty"": ""25""
  },
  {
    ""atom_type"": 1270,
    ""element"": ""C"",
    ""chemical_environment"": ""cyclopropane ring CH bearing an ethynyl substituent (–C≡CH)"",
    ""functional_group"": ""ethynylcyclopropane (ring carbon at the substitution site)"",
    ""hybridization"": ""sp3"",
    ""example_molecule_smiles"": ""C1C(C1)C#CH"",
    ""group_smarts"": ""[CH;R3]-[C;sp]#[CH]"",
    ""atom_specific_smarts"": ""[CH;R3:1]-[C;sp]#[CH]"",
    ""description"": ""Cyclopropane ring carbon (CH) directly bonded to the internal acetylenic carbon of an ethynyl group (–C≡CH)."",
    ""uncertainty"": ""25""
  },
  {
    ""atom_type"": 1271,
    ""element"": ""C"",
    ""chemical_environment"": ""internal acetylenic carbon of an ethynyl group attached to a cyclopropane carbon"",
    ""functional_group"": ""ethynylcyclopropane (alkynyl carbon next to ring)"",
    ""hybridization"": ""sp"",
    ""example_molecule_smiles"": ""C1C(C1)C#CH"",
    ""group_smarts"": ""[C;R3]-[C;sp]#[CH]"",
    ""atom_specific_smarts"": ""[C;sp:1](-[C;R3])#[CH]"",
    ""description"": ""The sp carbon of –C≡CH directly bonded to a cyclopropane carbon (the other alkyne carbon is terminal CH)."",
    ""uncertainty"": ""30""
  }
]"
1236,0.0,C  - CV   | C4 thiazole jlj0003,12.011,oplsaa2024.lt,C,6,"Convert the following OPLS-AA atom type rows:

Atom Type Data:
- Atom index: 1126
- Force field raw info: C  - CA   | Cipso (ArNR3+)
- Partial charge: 0.135
- Atomic mass: 12.011
- Element guess: C
- Atomic number: 6
- Source file: oplsaa2024.lt


Atom Type Data:
- Atom index: 1128
- Force field raw info: C  - CA   | Cipso (ArNR2H+)
- Partial charge: 0.155
- Atomic mass: 12.011
- Element guess: C
- Atomic number: 6
- Source file: oplsaa2024.lt


Atom Type Data:
- Atom index: 1151
- Force field raw info: C  - C|   | triene C (R2-C=) central C=C
- Partial charge: 0.0
- Atomic mass: 12.011
- Element guess: C
- Atomic number: 6
- Source file: oplsaa2024.lt


Atom Type Data:
- Atom index: 1152
- Force field raw info: C  - C|   | triene C (RH-C=) central C=C
- Partial charge: -0.115
- Atomic mass: 12.011
- Element guess: C
- Atomic number: 6
- Source file: oplsaa2024.lt


Atom Type Data:
- Atom index: 1154
- Force field raw info: C  - CM   | allene C1 CH2
- Partial charge: -0.25
- Atomic mass: 12.011
- Element guess: C
- Atomic number: 6
- Source file: oplsaa2024.lt


Atom Type Data:
- Atom index: 1155
- Force field raw info: C  - CM   | allene C1 CHR
- Partial charge: -0.1
- Atomic mass: 12.011
- Element guess: C
- Atomic number: 6
- Source file: oplsaa2024.lt


Atom Type Data:
- Atom index: 1156
- Force field raw info: C  - CM   | allene C1 CR2
- Partial charge: 0.05
- Atomic mass: 12.011
- Element guess: C
- Atomic number: 6
- Source file: oplsaa2024.lt


Atom Type Data:
- Atom index: 1157
- Force field raw info: C  - C°   | allene C2
- Partial charge: -0.1
- Atomic mass: 12.011
- Element guess: C
- Atomic number: 6
- Source file: oplsaa2024.lt


Atom Type Data:
- Atom index: 1158
- Force field raw info: C  - C°   | ketene C2
- Partial charge: 0.2
- Atomic mass: 12.011
- Element guess: C
- Atomic number: 6
- Source file: oplsaa2024.lt


Atom Type Data:
- Atom index: 1160
- Force field raw info: C  - C°   | CO2 Madura 2009 carbon dioxide
- Partial charge: 0.7
- Atomic mass: 12.011
- Element guess: C
- Atomic number: 6
- Source file: oplsaa2024.lt


Atom Type Data:
- Atom index: 1200
- Force field raw info: C  - CT   | CB in N-Me HIS
- Partial charge: 0.088
- Atomic mass: 12.011
- Element guess: C
- Atomic number: 6
- Source file: oplsaa2024.lt


Atom Type Data:
- Atom index: 1234
- Force field raw info: C  - CR   | C2 thiazole jlj0003
- Partial charge: 0.35
- Atomic mass: 12.011
- Element guess: C
- Atomic number: 6
- Source file: oplsaa2024.lt


Atom Type Data:
- Atom index: 1236
- Force field raw info: C  - CV   | C4 thiazole jlj0003
- Partial charge: 0.0
- Atomic mass: 12.011
- Element guess: C
- Atomic number: 6
- Source file: oplsaa2024.lt


Atom Type Data:
- Atom index: 1237
- Force field raw info: C  - CW   | C5 thiazole jlj0003
- Partial charge: -0.15
- Atomic mass: 12.011
- Element guess: C
- Atomic number: 6
- Source file: oplsaa2024.lt


Atom Type Data:
- Atom index: 1260
- Force field raw info: C  - CT   | CH2 Trifluoroethanol TFE
- Partial charge: 0.1263
- Atomic mass: 12.011
- Element guess: C
- Atomic number: 6
- Source file: oplsaa2024.lt


Atom Type Data:
- Atom index: 1261
- Force field raw info: C  - CT   | CF3 E Duffy Thesis 1994
- Partial charge: 0.5323
- Atomic mass: 12.011
- Element guess: C
- Atomic number: 6
- Source file: oplsaa2024.lt


Atom Type Data:
- Atom index: 1268
- Force field raw info: C  - CY   | CHCH=CH2 vinylcyclopropane OPLS-2020
- Partial charge: -0.005
- Atomic mass: 12.011
- Element guess: C
- Atomic number: 6
- Source file: oplsaa2024.lt


Atom Type Data:
- Atom index: 1269
- Force field raw info: C  - CM   | vinylcyclopropane
- Partial charge: -0.17
- Atomic mass: 12.011
- Element guess: C
- Atomic number: 6
- Source file: oplsaa2024.lt


Atom Type Data:
- Atom index: 1270
- Force field raw info: C  - CY   | CHC%CH ethynylcyclopropane OPLS-2020
- Partial charge: 0.08
- Atomic mass: 12.011
- Element guess: C
- Atomic number: 6
- Source file: oplsaa2024.lt


Atom Type Data:
- Atom index: 1271
- Force field raw info: C  - CZ   | ethynylcyclopropane
- Partial charge: -0.14
- Atomic mass: 12.011
- Element guess: C
- Atomic number: 6
- Source file: oplsaa2024.lt
","[
  {
    ""atom_type"": 1126,
    ""element"": ""C"",
    ""chemical_environment"": ""ipso aromatic carbon bonded directly to a quaternary ammonium nitrogen"",
    ""functional_group"": ""aryl quaternary ammonium (Ar–N+(R)3)"",
    ""hybridization"": ""sp2 (aromatic)"",
    ""example_molecule_smiles"": ""c1ccc(cc1)[N+](C)(C)C"",
    ""group_smarts"": ""[a]-[N+X4]"",
    ""atom_specific_smarts"": ""[cX3H0:1]-[N+X4]"",
    ""description"": ""Aryl ipso carbon of an aromatic ring directly attached to a quaternary ammonium nitrogen [N+](R)(R)R (no N–H)."",
    ""uncertainty"": ""10""
  },
  {
    ""atom_type"": 1128,
    ""element"": ""C"",
    ""chemical_environment"": ""ipso aromatic carbon bonded directly to a protonated tertiary anilinium nitrogen"",
    ""functional_group"": ""aryl ammonium (Ar–N+H(R)2)"",
    ""hybridization"": ""sp2 (aromatic)"",
    ""example_molecule_smiles"": ""c1ccc(cc1)[N+H](C)C"",
    ""group_smarts"": ""[a]-[N+X4H1]"",
    ""atom_specific_smarts"": ""[cX3:1]-[N+X4H1]"",
    ""description"": ""Aryl ipso carbon of an aromatic ring directly attached to a protonated tertiary amine nitrogen [N+H](R)(R)."",
    ""uncertainty"": ""10""
  },
  {
    ""atom_type"": 1151,
    ""element"": ""C"",
    ""chemical_environment"": ""central carbon of the central C=C in a linear triene, disubstituted (no H on this carbon)"",
    ""functional_group"": ""conjugated triene (central alkene carbon, R2C=)"",
    ""hybridization"": ""sp2"",
    ""example_molecule_smiles"": ""C=C-C(=C(C)C)-C=C"",
    ""group_smarts"": ""[C;sp2]=[C;sp2]-[C;sp2]=[C;sp2]-[C;sp2]"",
    ""atom_specific_smarts"": ""[C;sp2X3H0:1](=[C;sp2X3])(-[C;sp2X3]=[C;sp2X3])[C;sp2X3]=[C;sp2X3]"",
    ""description"": ""One of the two carbons of the central C=C bond in a linear triene chain where this carbon has no hydrogens (R2C=). Neighbors: one sp2 C via a double bond (the other central alkene carbon) and two sp2 carbons via single bonds that are each part of terminal C=C bonds."",
    ""uncertainty"": ""35""
  },
  {
    ""atom_type"": 1152,
    ""element"": ""C"",
    ""chemical_environment"": ""central carbon of the central C=C in a linear triene, monosubstituted (one H on this carbon)"",
    ""functional_group"": ""conjugated triene (central alkene carbon, RH–C=)"",
    ""hybridization"": ""sp2"",
    ""example_molecule_smiles"": ""C=CC(=CH)C=C"",
    ""group_smarts"": ""[C;sp2]=[C;sp2]-[CH;sp2]=[C;sp2]-[C;sp2]"",
    ""atom_specific_smarts"": ""[CH;sp2X3:1](=[C;sp2X3])(-[C;sp2X3]=[C;sp2X3])[C;sp2X3]=[C;sp2X3]"",
    ""description"": ""One of the two carbons of the central C=C bond in a linear triene chain where this carbon has one hydrogen (RH–C=). Neighbors: one sp2 C via a double bond (the other central alkene carbon) and two sp2 carbons via single bonds that are each part of terminal C=C bonds."",
    ""uncertainty"": ""40""
  },
  {
    ""atom_type"": 1154,
    ""element"": ""C"",
    ""chemical_environment"": ""terminal carbon (C1) of an allene, CH2 group"",
    ""functional_group"": ""allene terminal carbon (CH2=C=)"",
    ""hybridization"": ""sp2"",
    ""example_molecule_smiles"": ""C=C=C"",
    ""group_smarts"": ""[C;sp2]=[C;spX2]=[C;sp2]"",
    ""atom_specific_smarts"": ""[CH2:1]=[C;spX2](=C)"",
    ""description"": ""Allene terminal carbon (C1) as a methylene (CH2) double-bonded to the central sp carbon of the cumulene."",
    ""uncertainty"": ""10""
  },
  {
    ""atom_type"": 1155,
    ""element"": ""C"",
    ""chemical_environment"": ""terminal carbon (C1) of an allene, CHR group"",
    ""functional_group"": ""allene terminal carbon (substituted, CHR)"",
    ""hybridization"": ""sp2"",
    ""example_molecule_smiles"": ""CC(=C=CH2)C"",
    ""group_smarts"": ""[C;sp2]=[C;spX2]=[C;sp2]"",
    ""atom_specific_smarts"": ""[CH:1]=[C;spX2](=C)"",
    ""description"": ""Allene terminal carbon (C1) with one hydrogen (CHR), double-bonded to the central sp cumulene carbon."",
    ""uncertainty"": ""12""
  },
  {
    ""atom_type"": 1156,
    ""element"": ""C"",
    ""chemical_environment"": ""terminal carbon (C1) of an allene, CR2 group (no hydrogens)"",
    ""functional_group"": ""allene terminal carbon (fully substituted, CR2)"",
    ""hybridization"": ""sp2"",
    ""example_molecule_smiles"": ""CC(C)=C=C=CH2"",
    ""group_smarts"": ""[C;sp2]=[C;spX2]=[C;sp2]"",
    ""atom_specific_smarts"": ""[C;H0:1]=[C;spX2](=C)"",
    ""description"": ""Allene terminal carbon (C1) with no hydrogens (CR2), double-bonded to the central sp cumulene carbon."",
    ""uncertainty"": ""15""
  },
  {
    ""atom_type"": 1157,
    ""element"": ""C"",
    ""chemical_environment"": ""central carbon (C2) of an allene (cumulated diene)"",
    ""functional_group"": ""allene central carbon"",
    ""hybridization"": ""sp"",
    ""example_molecule_smiles"": ""C=C=C"",
    ""group_smarts"": ""[C;sp2]=[C;spX2]=[C;sp2]"",
    ""atom_specific_smarts"": ""[C;spX2:1](=C)=C"",
    ""description"": ""Allene central carbon (C2), sp-hybridized, double-bonded to both terminal sp2 carbons."",
    ""uncertainty"": ""10""
  },
  {
    ""atom_type"": 1158,
    ""element"": ""C"",
    ""chemical_environment"": ""central sp carbon of a ketene (R2C=C=O)"",
    ""functional_group"": ""ketene (cumulene carbon adjacent to carbonyl oxygen)"",
    ""hybridization"": ""sp"",
    ""example_molecule_smiles"": ""C=C=O"",
    ""group_smarts"": ""[C;sp2]=[C;spX2]=O"",
    ""atom_specific_smarts"": ""[C;spX2:1](=O)=C"",
    ""description"": ""Ketene central cumulene carbon (C2), sp-hybridized, double-bonded to O and to an sp2 carbon."",
    ""uncertainty"": ""10""
  },
  {
    ""atom_type"": 1160,
    ""element"": ""C"",
    ""chemical_environment"": ""carbon dioxide carbon (O=C=O)"",
    ""functional_group"": ""carbon dioxide (linear carbonyl di-oxide)"",
    ""hybridization"": ""sp"",
    ""example_molecule_smiles"": ""O=C=O"",
    ""group_smarts"": ""O=[C;spX2]=O"",
    ""atom_specific_smarts"": ""[C;spX2:1](=O)=O"",
    ""description"": ""CO2 carbon, sp-hybridized, double-bonded to two oxygens."",
    ""uncertainty"": ""5""
  },
  {
    ""atom_type"": 1200,
    ""element"": ""C"",
    ""chemical_environment"": ""aliphatic CH2 linking an imidazole ring to the alpha carbon in N-methylhistidine side chain (CB)"",
    ""functional_group"": ""amino acid side chain (histidine, N-methylated ring)"",
    ""hybridization"": ""sp3"",
    ""example_molecule_smiles"": ""CN1C=NC=C1-CH2-CH(N)C(=O)O"",
    ""group_smarts"": ""[CH2]-c1ncnc1"",
    ""atom_specific_smarts"": ""[CH2:1]-c1ncnc1"",
    ""description"": ""Histidine CB carbon: sp3 methylene attached to an imidazole ring carbon and to the alpha carbon of the amino acid (here ring N is N-methylated)."",
    ""uncertainty"": ""50""
  },
  {
    ""atom_type"": 1234,
    ""element"": ""C"",
    ""chemical_environment"": ""C2 carbon of thiazole (between ring N and S)"",
    ""functional_group"": ""thiazole aromatic carbon (C2)"",
    ""hybridization"": ""sp2 (aromatic)"",
    ""example_molecule_smiles"": ""n1cscc1"",
    ""group_smarts"": ""[nH0;r5]:[c;r5]:[s;r5]:[c;r5]:[c;r5]"",
    ""atom_specific_smarts"": ""[nH0;r5]:[cX3H0;r5:1]:[s;r5]"",
    ""description"": ""Aromatic carbon at position 2 of thiazole, bonded to both the ring pyridine-like N and the ring sulfur."",
    ""uncertainty"": ""25""
  },
  {
    ""atom_type"": 1236,
    ""element"": ""C"",
    ""chemical_environment"": ""C4 carbon of thiazole (adjacent to S, not adjacent to ring N)"",
    ""functional_group"": ""thiazole aromatic carbon (C4)"",
    ""hybridization"": ""sp2 (aromatic)"",
    ""example_molecule_smiles"": ""n1cscc1"",
    ""group_smarts"": ""[nH0;r5]:[c;r5]:[s;r5]:[c;r5]:[c;r5]"",
    ""atom_specific_smarts"": ""[s;r5]:[cX3;r5:1]:[c;r5;!n]"",
    ""description"": ""Aromatic carbon at position 4 of thiazole, bonded to the ring sulfur and another aromatic carbon (not directly to the ring N)."",
    ""uncertainty"": ""25""
  },
  {
    ""atom_type"": 1237,
    ""element"": ""C"",
    ""chemical_environment"": ""C5 carbon of thiazole (adjacent to ring N, not adjacent to S)"",
    ""functional_group"": ""thiazole aromatic carbon (C5)"",
    ""hybridization"": ""sp2 (aromatic)"",
    ""example_molecule_smiles"": ""n1cscc1"",
    ""group_smarts"": ""[nH0;r5]:[c;r5]:[s;r5]:[c;r5]:[c;r5]"",
    ""atom_specific_smarts"": ""[c;r5]:[cX3;r5:1]:[nH0;r5]"",
    ""description"": ""Aromatic carbon at position 5 of thiazole, bonded to an aromatic carbon and directly to the ring pyridine-like nitrogen."",
    ""uncertainty"": ""25""
  },
  {
    ""atom_type"": 1260,
    ""element"": ""C"",
    ""chemical_environment"": ""methylene carbon in 2,2,2-trifluoroethanol (between CF3 and OH)"",
    ""functional_group"": ""aliphatic alcohol (TFE CH2 next to CF3)"",
    ""hybridization"": ""sp3"",
    ""example_molecule_smiles"": ""FC(F)(F)CH2O"",
    ""group_smarts"": ""[CH2]-O-[H]"",
    ""atom_specific_smarts"": ""[CH2:1](-O)-[C;H0X4](F)(F)F"",
    ""description"": ""The CH2 carbon in CF3–CH2–OH; bonded to oxygen of the hydroxyl group and to a trifluoromethyl carbon."",
    ""uncertainty"": ""10""
  },
  {
    ""atom_type"": 1261,
    ""element"": ""C"",
    ""chemical_environment"": ""trifluoromethyl carbon"",
    ""functional_group"": ""trifluoromethyl (CF3)"",
    ""hybridization"": ""sp3"",
    ""example_molecule_smiles"": ""FC(F)(F)C"",
    ""group_smarts"": ""[C;H0X4](F)(F)F"",
    ""atom_specific_smarts"": ""[C;H0X4:1](F)(F)F"",
    ""description"": ""CF3 carbon bearing three fluorine substituents."",
    ""uncertainty"": ""15""
  },
  {
    ""atom_type"": 1268,
    ""element"": ""C"",
    ""chemical_environment"": ""cyclopropane ring CH bearing a vinyl substituent (–CH=CH2)"",
    ""functional_group"": ""vinylcyclopropane (ring carbon at the substitution site)"",
    ""hybridization"": ""sp3"",
    ""example_molecule_smiles"": ""C1C(C1)C=CH2"",
    ""group_smarts"": ""[C;R3]-[C;R3]-[C;R3]-[CH;sp2]=[CH2]"",
    ""atom_specific_smarts"": ""[CH;R3:1]-[CH;sp2]=[CH2]"",
    ""description"": ""Cyclopropane ring carbon (CH) that is directly bonded to the internal vinylic CH of a –CH=CH2 substituent."",
    ""uncertainty"": ""25""
  },
  {
    ""atom_type"": 1269,
    ""element"": ""C"",
    ""chemical_environment"": ""internal vinylic CH of a –CH=CH2 group directly attached to a cyclopropane carbon"",
    ""functional_group"": ""vinylcyclopropane (vinylic carbon attached to cyclopropane)"",
    ""hybridization"": ""sp2"",
    ""example_molecule_smiles"": ""C1C(C1)C=CH2"",
    ""group_smarts"": ""[C;R3]-[CH;sp2]=[CH2]"",
    ""atom_specific_smarts"": ""[CH;sp2:1](-[C;R3])=[CH2]"",
    ""description"": ""The vinylic CH carbon of the vinyl substituent in vinylcyclopropane; one bond to a cyclopropyl carbon and double-bonded to a terminal CH2."",
    ""uncertainty"": ""25""
  },
  {
    ""atom_type"": 1270,
    ""element"": ""C"",
    ""chemical_environment"": ""cyclopropane ring CH bearing an ethynyl substituent (–C≡CH)"",
    ""functional_group"": ""ethynylcyclopropane (ring carbon at the substitution site)"",
    ""hybridization"": ""sp3"",
    ""example_molecule_smiles"": ""C1C(C1)C#CH"",
    ""group_smarts"": ""[CH;R3]-[C;sp]#[CH]"",
    ""atom_specific_smarts"": ""[CH;R3:1]-[C;sp]#[CH]"",
    ""description"": ""Cyclopropane ring carbon (CH) directly bonded to the internal acetylenic carbon of an ethynyl group (–C≡CH)."",
    ""uncertainty"": ""25""
  },
  {
    ""atom_type"": 1271,
    ""element"": ""C"",
    ""chemical_environment"": ""internal acetylenic carbon of an ethynyl group attached to a cyclopropane carbon"",
    ""functional_group"": ""ethynylcyclopropane (alkynyl carbon next to ring)"",
    ""hybridization"": ""sp"",
    ""example_molecule_smiles"": ""C1C(C1)C#CH"",
    ""group_smarts"": ""[C;R3]-[C;sp]#[CH]"",
    ""atom_specific_smarts"": ""[C;sp:1](-[C;R3])#[CH]"",
    ""description"": ""The sp carbon of –C≡CH directly bonded to a cyclopropane carbon (the other alkyne carbon is terminal CH)."",
    ""uncertainty"": ""30""
  }
]"
1237,-0.15,C  - CW   | C5 thiazole jlj0003,12.011,oplsaa2024.lt,C,6,"Convert the following OPLS-AA atom type rows:

Atom Type Data:
- Atom index: 1126
- Force field raw info: C  - CA   | Cipso (ArNR3+)
- Partial charge: 0.135
- Atomic mass: 12.011
- Element guess: C
- Atomic number: 6
- Source file: oplsaa2024.lt


Atom Type Data:
- Atom index: 1128
- Force field raw info: C  - CA   | Cipso (ArNR2H+)
- Partial charge: 0.155
- Atomic mass: 12.011
- Element guess: C
- Atomic number: 6
- Source file: oplsaa2024.lt


Atom Type Data:
- Atom index: 1151
- Force field raw info: C  - C|   | triene C (R2-C=) central C=C
- Partial charge: 0.0
- Atomic mass: 12.011
- Element guess: C
- Atomic number: 6
- Source file: oplsaa2024.lt


Atom Type Data:
- Atom index: 1152
- Force field raw info: C  - C|   | triene C (RH-C=) central C=C
- Partial charge: -0.115
- Atomic mass: 12.011
- Element guess: C
- Atomic number: 6
- Source file: oplsaa2024.lt


Atom Type Data:
- Atom index: 1154
- Force field raw info: C  - CM   | allene C1 CH2
- Partial charge: -0.25
- Atomic mass: 12.011
- Element guess: C
- Atomic number: 6
- Source file: oplsaa2024.lt


Atom Type Data:
- Atom index: 1155
- Force field raw info: C  - CM   | allene C1 CHR
- Partial charge: -0.1
- Atomic mass: 12.011
- Element guess: C
- Atomic number: 6
- Source file: oplsaa2024.lt


Atom Type Data:
- Atom index: 1156
- Force field raw info: C  - CM   | allene C1 CR2
- Partial charge: 0.05
- Atomic mass: 12.011
- Element guess: C
- Atomic number: 6
- Source file: oplsaa2024.lt


Atom Type Data:
- Atom index: 1157
- Force field raw info: C  - C°   | allene C2
- Partial charge: -0.1
- Atomic mass: 12.011
- Element guess: C
- Atomic number: 6
- Source file: oplsaa2024.lt


Atom Type Data:
- Atom index: 1158
- Force field raw info: C  - C°   | ketene C2
- Partial charge: 0.2
- Atomic mass: 12.011
- Element guess: C
- Atomic number: 6
- Source file: oplsaa2024.lt


Atom Type Data:
- Atom index: 1160
- Force field raw info: C  - C°   | CO2 Madura 2009 carbon dioxide
- Partial charge: 0.7
- Atomic mass: 12.011
- Element guess: C
- Atomic number: 6
- Source file: oplsaa2024.lt


Atom Type Data:
- Atom index: 1200
- Force field raw info: C  - CT   | CB in N-Me HIS
- Partial charge: 0.088
- Atomic mass: 12.011
- Element guess: C
- Atomic number: 6
- Source file: oplsaa2024.lt


Atom Type Data:
- Atom index: 1234
- Force field raw info: C  - CR   | C2 thiazole jlj0003
- Partial charge: 0.35
- Atomic mass: 12.011
- Element guess: C
- Atomic number: 6
- Source file: oplsaa2024.lt


Atom Type Data:
- Atom index: 1236
- Force field raw info: C  - CV   | C4 thiazole jlj0003
- Partial charge: 0.0
- Atomic mass: 12.011
- Element guess: C
- Atomic number: 6
- Source file: oplsaa2024.lt


Atom Type Data:
- Atom index: 1237
- Force field raw info: C  - CW   | C5 thiazole jlj0003
- Partial charge: -0.15
- Atomic mass: 12.011
- Element guess: C
- Atomic number: 6
- Source file: oplsaa2024.lt


Atom Type Data:
- Atom index: 1260
- Force field raw info: C  - CT   | CH2 Trifluoroethanol TFE
- Partial charge: 0.1263
- Atomic mass: 12.011
- Element guess: C
- Atomic number: 6
- Source file: oplsaa2024.lt


Atom Type Data:
- Atom index: 1261
- Force field raw info: C  - CT   | CF3 E Duffy Thesis 1994
- Partial charge: 0.5323
- Atomic mass: 12.011
- Element guess: C
- Atomic number: 6
- Source file: oplsaa2024.lt


Atom Type Data:
- Atom index: 1268
- Force field raw info: C  - CY   | CHCH=CH2 vinylcyclopropane OPLS-2020
- Partial charge: -0.005
- Atomic mass: 12.011
- Element guess: C
- Atomic number: 6
- Source file: oplsaa2024.lt


Atom Type Data:
- Atom index: 1269
- Force field raw info: C  - CM   | vinylcyclopropane
- Partial charge: -0.17
- Atomic mass: 12.011
- Element guess: C
- Atomic number: 6
- Source file: oplsaa2024.lt


Atom Type Data:
- Atom index: 1270
- Force field raw info: C  - CY   | CHC%CH ethynylcyclopropane OPLS-2020
- Partial charge: 0.08
- Atomic mass: 12.011
- Element guess: C
- Atomic number: 6
- Source file: oplsaa2024.lt


Atom Type Data:
- Atom index: 1271
- Force field raw info: C  - CZ   | ethynylcyclopropane
- Partial charge: -0.14
- Atomic mass: 12.011
- Element guess: C
- Atomic number: 6
- Source file: oplsaa2024.lt
","[
  {
    ""atom_type"": 1126,
    ""element"": ""C"",
    ""chemical_environment"": ""ipso aromatic carbon bonded directly to a quaternary ammonium nitrogen"",
    ""functional_group"": ""aryl quaternary ammonium (Ar–N+(R)3)"",
    ""hybridization"": ""sp2 (aromatic)"",
    ""example_molecule_smiles"": ""c1ccc(cc1)[N+](C)(C)C"",
    ""group_smarts"": ""[a]-[N+X4]"",
    ""atom_specific_smarts"": ""[cX3H0:1]-[N+X4]"",
    ""description"": ""Aryl ipso carbon of an aromatic ring directly attached to a quaternary ammonium nitrogen [N+](R)(R)R (no N–H)."",
    ""uncertainty"": ""10""
  },
  {
    ""atom_type"": 1128,
    ""element"": ""C"",
    ""chemical_environment"": ""ipso aromatic carbon bonded directly to a protonated tertiary anilinium nitrogen"",
    ""functional_group"": ""aryl ammonium (Ar–N+H(R)2)"",
    ""hybridization"": ""sp2 (aromatic)"",
    ""example_molecule_smiles"": ""c1ccc(cc1)[N+H](C)C"",
    ""group_smarts"": ""[a]-[N+X4H1]"",
    ""atom_specific_smarts"": ""[cX3:1]-[N+X4H1]"",
    ""description"": ""Aryl ipso carbon of an aromatic ring directly attached to a protonated tertiary amine nitrogen [N+H](R)(R)."",
    ""uncertainty"": ""10""
  },
  {
    ""atom_type"": 1151,
    ""element"": ""C"",
    ""chemical_environment"": ""central carbon of the central C=C in a linear triene, disubstituted (no H on this carbon)"",
    ""functional_group"": ""conjugated triene (central alkene carbon, R2C=)"",
    ""hybridization"": ""sp2"",
    ""example_molecule_smiles"": ""C=C-C(=C(C)C)-C=C"",
    ""group_smarts"": ""[C;sp2]=[C;sp2]-[C;sp2]=[C;sp2]-[C;sp2]"",
    ""atom_specific_smarts"": ""[C;sp2X3H0:1](=[C;sp2X3])(-[C;sp2X3]=[C;sp2X3])[C;sp2X3]=[C;sp2X3]"",
    ""description"": ""One of the two carbons of the central C=C bond in a linear triene chain where this carbon has no hydrogens (R2C=). Neighbors: one sp2 C via a double bond (the other central alkene carbon) and two sp2 carbons via single bonds that are each part of terminal C=C bonds."",
    ""uncertainty"": ""35""
  },
  {
    ""atom_type"": 1152,
    ""element"": ""C"",
    ""chemical_environment"": ""central carbon of the central C=C in a linear triene, monosubstituted (one H on this carbon)"",
    ""functional_group"": ""conjugated triene (central alkene carbon, RH–C=)"",
    ""hybridization"": ""sp2"",
    ""example_molecule_smiles"": ""C=CC(=CH)C=C"",
    ""group_smarts"": ""[C;sp2]=[C;sp2]-[CH;sp2]=[C;sp2]-[C;sp2]"",
    ""atom_specific_smarts"": ""[CH;sp2X3:1](=[C;sp2X3])(-[C;sp2X3]=[C;sp2X3])[C;sp2X3]=[C;sp2X3]"",
    ""description"": ""One of the two carbons of the central C=C bond in a linear triene chain where this carbon has one hydrogen (RH–C=). Neighbors: one sp2 C via a double bond (the other central alkene carbon) and two sp2 carbons via single bonds that are each part of terminal C=C bonds."",
    ""uncertainty"": ""40""
  },
  {
    ""atom_type"": 1154,
    ""element"": ""C"",
    ""chemical_environment"": ""terminal carbon (C1) of an allene, CH2 group"",
    ""functional_group"": ""allene terminal carbon (CH2=C=)"",
    ""hybridization"": ""sp2"",
    ""example_molecule_smiles"": ""C=C=C"",
    ""group_smarts"": ""[C;sp2]=[C;spX2]=[C;sp2]"",
    ""atom_specific_smarts"": ""[CH2:1]=[C;spX2](=C)"",
    ""description"": ""Allene terminal carbon (C1) as a methylene (CH2) double-bonded to the central sp carbon of the cumulene."",
    ""uncertainty"": ""10""
  },
  {
    ""atom_type"": 1155,
    ""element"": ""C"",
    ""chemical_environment"": ""terminal carbon (C1) of an allene, CHR group"",
    ""functional_group"": ""allene terminal carbon (substituted, CHR)"",
    ""hybridization"": ""sp2"",
    ""example_molecule_smiles"": ""CC(=C=CH2)C"",
    ""group_smarts"": ""[C;sp2]=[C;spX2]=[C;sp2]"",
    ""atom_specific_smarts"": ""[CH:1]=[C;spX2](=C)"",
    ""description"": ""Allene terminal carbon (C1) with one hydrogen (CHR), double-bonded to the central sp cumulene carbon."",
    ""uncertainty"": ""12""
  },
  {
    ""atom_type"": 1156,
    ""element"": ""C"",
    ""chemical_environment"": ""terminal carbon (C1) of an allene, CR2 group (no hydrogens)"",
    ""functional_group"": ""allene terminal carbon (fully substituted, CR2)"",
    ""hybridization"": ""sp2"",
    ""example_molecule_smiles"": ""CC(C)=C=C=CH2"",
    ""group_smarts"": ""[C;sp2]=[C;spX2]=[C;sp2]"",
    ""atom_specific_smarts"": ""[C;H0:1]=[C;spX2](=C)"",
    ""description"": ""Allene terminal carbon (C1) with no hydrogens (CR2), double-bonded to the central sp cumulene carbon."",
    ""uncertainty"": ""15""
  },
  {
    ""atom_type"": 1157,
    ""element"": ""C"",
    ""chemical_environment"": ""central carbon (C2) of an allene (cumulated diene)"",
    ""functional_group"": ""allene central carbon"",
    ""hybridization"": ""sp"",
    ""example_molecule_smiles"": ""C=C=C"",
    ""group_smarts"": ""[C;sp2]=[C;spX2]=[C;sp2]"",
    ""atom_specific_smarts"": ""[C;spX2:1](=C)=C"",
    ""description"": ""Allene central carbon (C2), sp-hybridized, double-bonded to both terminal sp2 carbons."",
    ""uncertainty"": ""10""
  },
  {
    ""atom_type"": 1158,
    ""element"": ""C"",
    ""chemical_environment"": ""central sp carbon of a ketene (R2C=C=O)"",
    ""functional_group"": ""ketene (cumulene carbon adjacent to carbonyl oxygen)"",
    ""hybridization"": ""sp"",
    ""example_molecule_smiles"": ""C=C=O"",
    ""group_smarts"": ""[C;sp2]=[C;spX2]=O"",
    ""atom_specific_smarts"": ""[C;spX2:1](=O)=C"",
    ""description"": ""Ketene central cumulene carbon (C2), sp-hybridized, double-bonded to O and to an sp2 carbon."",
    ""uncertainty"": ""10""
  },
  {
    ""atom_type"": 1160,
    ""element"": ""C"",
    ""chemical_environment"": ""carbon dioxide carbon (O=C=O)"",
    ""functional_group"": ""carbon dioxide (linear carbonyl di-oxide)"",
    ""hybridization"": ""sp"",
    ""example_molecule_smiles"": ""O=C=O"",
    ""group_smarts"": ""O=[C;spX2]=O"",
    ""atom_specific_smarts"": ""[C;spX2:1](=O)=O"",
    ""description"": ""CO2 carbon, sp-hybridized, double-bonded to two oxygens."",
    ""uncertainty"": ""5""
  },
  {
    ""atom_type"": 1200,
    ""element"": ""C"",
    ""chemical_environment"": ""aliphatic CH2 linking an imidazole ring to the alpha carbon in N-methylhistidine side chain (CB)"",
    ""functional_group"": ""amino acid side chain (histidine, N-methylated ring)"",
    ""hybridization"": ""sp3"",
    ""example_molecule_smiles"": ""CN1C=NC=C1-CH2-CH(N)C(=O)O"",
    ""group_smarts"": ""[CH2]-c1ncnc1"",
    ""atom_specific_smarts"": ""[CH2:1]-c1ncnc1"",
    ""description"": ""Histidine CB carbon: sp3 methylene attached to an imidazole ring carbon and to the alpha carbon of the amino acid (here ring N is N-methylated)."",
    ""uncertainty"": ""50""
  },
  {
    ""atom_type"": 1234,
    ""element"": ""C"",
    ""chemical_environment"": ""C2 carbon of thiazole (between ring N and S)"",
    ""functional_group"": ""thiazole aromatic carbon (C2)"",
    ""hybridization"": ""sp2 (aromatic)"",
    ""example_molecule_smiles"": ""n1cscc1"",
    ""group_smarts"": ""[nH0;r5]:[c;r5]:[s;r5]:[c;r5]:[c;r5]"",
    ""atom_specific_smarts"": ""[nH0;r5]:[cX3H0;r5:1]:[s;r5]"",
    ""description"": ""Aromatic carbon at position 2 of thiazole, bonded to both the ring pyridine-like N and the ring sulfur."",
    ""uncertainty"": ""25""
  },
  {
    ""atom_type"": 1236,
    ""element"": ""C"",
    ""chemical_environment"": ""C4 carbon of thiazole (adjacent to S, not adjacent to ring N)"",
    ""functional_group"": ""thiazole aromatic carbon (C4)"",
    ""hybridization"": ""sp2 (aromatic)"",
    ""example_molecule_smiles"": ""n1cscc1"",
    ""group_smarts"": ""[nH0;r5]:[c;r5]:[s;r5]:[c;r5]:[c;r5]"",
    ""atom_specific_smarts"": ""[s;r5]:[cX3;r5:1]:[c;r5;!n]"",
    ""description"": ""Aromatic carbon at position 4 of thiazole, bonded to the ring sulfur and another aromatic carbon (not directly to the ring N)."",
    ""uncertainty"": ""25""
  },
  {
    ""atom_type"": 1237,
    ""element"": ""C"",
    ""chemical_environment"": ""C5 carbon of thiazole (adjacent to ring N, not adjacent to S)"",
    ""functional_group"": ""thiazole aromatic carbon (C5)"",
    ""hybridization"": ""sp2 (aromatic)"",
    ""example_molecule_smiles"": ""n1cscc1"",
    ""group_smarts"": ""[nH0;r5]:[c;r5]:[s;r5]:[c;r5]:[c;r5]"",
    ""atom_specific_smarts"": ""[c;r5]:[cX3;r5:1]:[nH0;r5]"",
    ""description"": ""Aromatic carbon at position 5 of thiazole, bonded to an aromatic carbon and directly to the ring pyridine-like nitrogen."",
    ""uncertainty"": ""25""
  },
  {
    ""atom_type"": 1260,
    ""element"": ""C"",
    ""chemical_environment"": ""methylene carbon in 2,2,2-trifluoroethanol (between CF3 and OH)"",
    ""functional_group"": ""aliphatic alcohol (TFE CH2 next to CF3)"",
    ""hybridization"": ""sp3"",
    ""example_molecule_smiles"": ""FC(F)(F)CH2O"",
    ""group_smarts"": ""[CH2]-O-[H]"",
    ""atom_specific_smarts"": ""[CH2:1](-O)-[C;H0X4](F)(F)F"",
    ""description"": ""The CH2 carbon in CF3–CH2–OH; bonded to oxygen of the hydroxyl group and to a trifluoromethyl carbon."",
    ""uncertainty"": ""10""
  },
  {
    ""atom_type"": 1261,
    ""element"": ""C"",
    ""chemical_environment"": ""trifluoromethyl carbon"",
    ""functional_group"": ""trifluoromethyl (CF3)"",
    ""hybridization"": ""sp3"",
    ""example_molecule_smiles"": ""FC(F)(F)C"",
    ""group_smarts"": ""[C;H0X4](F)(F)F"",
    ""atom_specific_smarts"": ""[C;H0X4:1](F)(F)F"",
    ""description"": ""CF3 carbon bearing three fluorine substituents."",
    ""uncertainty"": ""15""
  },
  {
    ""atom_type"": 1268,
    ""element"": ""C"",
    ""chemical_environment"": ""cyclopropane ring CH bearing a vinyl substituent (–CH=CH2)"",
    ""functional_group"": ""vinylcyclopropane (ring carbon at the substitution site)"",
    ""hybridization"": ""sp3"",
    ""example_molecule_smiles"": ""C1C(C1)C=CH2"",
    ""group_smarts"": ""[C;R3]-[C;R3]-[C;R3]-[CH;sp2]=[CH2]"",
    ""atom_specific_smarts"": ""[CH;R3:1]-[CH;sp2]=[CH2]"",
    ""description"": ""Cyclopropane ring carbon (CH) that is directly bonded to the internal vinylic CH of a –CH=CH2 substituent."",
    ""uncertainty"": ""25""
  },
  {
    ""atom_type"": 1269,
    ""element"": ""C"",
    ""chemical_environment"": ""internal vinylic CH of a –CH=CH2 group directly attached to a cyclopropane carbon"",
    ""functional_group"": ""vinylcyclopropane (vinylic carbon attached to cyclopropane)"",
    ""hybridization"": ""sp2"",
    ""example_molecule_smiles"": ""C1C(C1)C=CH2"",
    ""group_smarts"": ""[C;R3]-[CH;sp2]=[CH2]"",
    ""atom_specific_smarts"": ""[CH;sp2:1](-[C;R3])=[CH2]"",
    ""description"": ""The vinylic CH carbon of the vinyl substituent in vinylcyclopropane; one bond to a cyclopropyl carbon and double-bonded to a terminal CH2."",
    ""uncertainty"": ""25""
  },
  {
    ""atom_type"": 1270,
    ""element"": ""C"",
    ""chemical_environment"": ""cyclopropane ring CH bearing an ethynyl substituent (–C≡CH)"",
    ""functional_group"": ""ethynylcyclopropane (ring carbon at the substitution site)"",
    ""hybridization"": ""sp3"",
    ""example_molecule_smiles"": ""C1C(C1)C#CH"",
    ""group_smarts"": ""[CH;R3]-[C;sp]#[CH]"",
    ""atom_specific_smarts"": ""[CH;R3:1]-[C;sp]#[CH]"",
    ""description"": ""Cyclopropane ring carbon (CH) directly bonded to the internal acetylenic carbon of an ethynyl group (–C≡CH)."",
    ""uncertainty"": ""25""
  },
  {
    ""atom_type"": 1271,
    ""element"": ""C"",
    ""chemical_environment"": ""internal acetylenic carbon of an ethynyl group attached to a cyclopropane carbon"",
    ""functional_group"": ""ethynylcyclopropane (alkynyl carbon next to ring)"",
    ""hybridization"": ""sp"",
    ""example_molecule_smiles"": ""C1C(C1)C#CH"",
    ""group_smarts"": ""[C;R3]-[C;sp]#[CH]"",
    ""atom_specific_smarts"": ""[C;sp:1](-[C;R3])#[CH]"",
    ""description"": ""The sp carbon of –C≡CH directly bonded to a cyclopropane carbon (the other alkyne carbon is terminal CH)."",
    ""uncertainty"": ""30""
  }
]"
1260,0.1263,C  - CT   | CH2 Trifluoroethanol TFE,12.011,oplsaa2024.lt,C,6,"Convert the following OPLS-AA atom type rows:

Atom Type Data:
- Atom index: 1126
- Force field raw info: C  - CA   | Cipso (ArNR3+)
- Partial charge: 0.135
- Atomic mass: 12.011
- Element guess: C
- Atomic number: 6
- Source file: oplsaa2024.lt


Atom Type Data:
- Atom index: 1128
- Force field raw info: C  - CA   | Cipso (ArNR2H+)
- Partial charge: 0.155
- Atomic mass: 12.011
- Element guess: C
- Atomic number: 6
- Source file: oplsaa2024.lt


Atom Type Data:
- Atom index: 1151
- Force field raw info: C  - C|   | triene C (R2-C=) central C=C
- Partial charge: 0.0
- Atomic mass: 12.011
- Element guess: C
- Atomic number: 6
- Source file: oplsaa2024.lt


Atom Type Data:
- Atom index: 1152
- Force field raw info: C  - C|   | triene C (RH-C=) central C=C
- Partial charge: -0.115
- Atomic mass: 12.011
- Element guess: C
- Atomic number: 6
- Source file: oplsaa2024.lt


Atom Type Data:
- Atom index: 1154
- Force field raw info: C  - CM   | allene C1 CH2
- Partial charge: -0.25
- Atomic mass: 12.011
- Element guess: C
- Atomic number: 6
- Source file: oplsaa2024.lt


Atom Type Data:
- Atom index: 1155
- Force field raw info: C  - CM   | allene C1 CHR
- Partial charge: -0.1
- Atomic mass: 12.011
- Element guess: C
- Atomic number: 6
- Source file: oplsaa2024.lt


Atom Type Data:
- Atom index: 1156
- Force field raw info: C  - CM   | allene C1 CR2
- Partial charge: 0.05
- Atomic mass: 12.011
- Element guess: C
- Atomic number: 6
- Source file: oplsaa2024.lt


Atom Type Data:
- Atom index: 1157
- Force field raw info: C  - C°   | allene C2
- Partial charge: -0.1
- Atomic mass: 12.011
- Element guess: C
- Atomic number: 6
- Source file: oplsaa2024.lt


Atom Type Data:
- Atom index: 1158
- Force field raw info: C  - C°   | ketene C2
- Partial charge: 0.2
- Atomic mass: 12.011
- Element guess: C
- Atomic number: 6
- Source file: oplsaa2024.lt


Atom Type Data:
- Atom index: 1160
- Force field raw info: C  - C°   | CO2 Madura 2009 carbon dioxide
- Partial charge: 0.7
- Atomic mass: 12.011
- Element guess: C
- Atomic number: 6
- Source file: oplsaa2024.lt


Atom Type Data:
- Atom index: 1200
- Force field raw info: C  - CT   | CB in N-Me HIS
- Partial charge: 0.088
- Atomic mass: 12.011
- Element guess: C
- Atomic number: 6
- Source file: oplsaa2024.lt


Atom Type Data:
- Atom index: 1234
- Force field raw info: C  - CR   | C2 thiazole jlj0003
- Partial charge: 0.35
- Atomic mass: 12.011
- Element guess: C
- Atomic number: 6
- Source file: oplsaa2024.lt


Atom Type Data:
- Atom index: 1236
- Force field raw info: C  - CV   | C4 thiazole jlj0003
- Partial charge: 0.0
- Atomic mass: 12.011
- Element guess: C
- Atomic number: 6
- Source file: oplsaa2024.lt


Atom Type Data:
- Atom index: 1237
- Force field raw info: C  - CW   | C5 thiazole jlj0003
- Partial charge: -0.15
- Atomic mass: 12.011
- Element guess: C
- Atomic number: 6
- Source file: oplsaa2024.lt


Atom Type Data:
- Atom index: 1260
- Force field raw info: C  - CT   | CH2 Trifluoroethanol TFE
- Partial charge: 0.1263
- Atomic mass: 12.011
- Element guess: C
- Atomic number: 6
- Source file: oplsaa2024.lt


Atom Type Data:
- Atom index: 1261
- Force field raw info: C  - CT   | CF3 E Duffy Thesis 1994
- Partial charge: 0.5323
- Atomic mass: 12.011
- Element guess: C
- Atomic number: 6
- Source file: oplsaa2024.lt


Atom Type Data:
- Atom index: 1268
- Force field raw info: C  - CY   | CHCH=CH2 vinylcyclopropane OPLS-2020
- Partial charge: -0.005
- Atomic mass: 12.011
- Element guess: C
- Atomic number: 6
- Source file: oplsaa2024.lt


Atom Type Data:
- Atom index: 1269
- Force field raw info: C  - CM   | vinylcyclopropane
- Partial charge: -0.17
- Atomic mass: 12.011
- Element guess: C
- Atomic number: 6
- Source file: oplsaa2024.lt


Atom Type Data:
- Atom index: 1270
- Force field raw info: C  - CY   | CHC%CH ethynylcyclopropane OPLS-2020
- Partial charge: 0.08
- Atomic mass: 12.011
- Element guess: C
- Atomic number: 6
- Source file: oplsaa2024.lt


Atom Type Data:
- Atom index: 1271
- Force field raw info: C  - CZ   | ethynylcyclopropane
- Partial charge: -0.14
- Atomic mass: 12.011
- Element guess: C
- Atomic number: 6
- Source file: oplsaa2024.lt
","[
  {
    ""atom_type"": 1126,
    ""element"": ""C"",
    ""chemical_environment"": ""ipso aromatic carbon bonded directly to a quaternary ammonium nitrogen"",
    ""functional_group"": ""aryl quaternary ammonium (Ar–N+(R)3)"",
    ""hybridization"": ""sp2 (aromatic)"",
    ""example_molecule_smiles"": ""c1ccc(cc1)[N+](C)(C)C"",
    ""group_smarts"": ""[a]-[N+X4]"",
    ""atom_specific_smarts"": ""[cX3H0:1]-[N+X4]"",
    ""description"": ""Aryl ipso carbon of an aromatic ring directly attached to a quaternary ammonium nitrogen [N+](R)(R)R (no N–H)."",
    ""uncertainty"": ""10""
  },
  {
    ""atom_type"": 1128,
    ""element"": ""C"",
    ""chemical_environment"": ""ipso aromatic carbon bonded directly to a protonated tertiary anilinium nitrogen"",
    ""functional_group"": ""aryl ammonium (Ar–N+H(R)2)"",
    ""hybridization"": ""sp2 (aromatic)"",
    ""example_molecule_smiles"": ""c1ccc(cc1)[N+H](C)C"",
    ""group_smarts"": ""[a]-[N+X4H1]"",
    ""atom_specific_smarts"": ""[cX3:1]-[N+X4H1]"",
    ""description"": ""Aryl ipso carbon of an aromatic ring directly attached to a protonated tertiary amine nitrogen [N+H](R)(R)."",
    ""uncertainty"": ""10""
  },
  {
    ""atom_type"": 1151,
    ""element"": ""C"",
    ""chemical_environment"": ""central carbon of the central C=C in a linear triene, disubstituted (no H on this carbon)"",
    ""functional_group"": ""conjugated triene (central alkene carbon, R2C=)"",
    ""hybridization"": ""sp2"",
    ""example_molecule_smiles"": ""C=C-C(=C(C)C)-C=C"",
    ""group_smarts"": ""[C;sp2]=[C;sp2]-[C;sp2]=[C;sp2]-[C;sp2]"",
    ""atom_specific_smarts"": ""[C;sp2X3H0:1](=[C;sp2X3])(-[C;sp2X3]=[C;sp2X3])[C;sp2X3]=[C;sp2X3]"",
    ""description"": ""One of the two carbons of the central C=C bond in a linear triene chain where this carbon has no hydrogens (R2C=). Neighbors: one sp2 C via a double bond (the other central alkene carbon) and two sp2 carbons via single bonds that are each part of terminal C=C bonds."",
    ""uncertainty"": ""35""
  },
  {
    ""atom_type"": 1152,
    ""element"": ""C"",
    ""chemical_environment"": ""central carbon of the central C=C in a linear triene, monosubstituted (one H on this carbon)"",
    ""functional_group"": ""conjugated triene (central alkene carbon, RH–C=)"",
    ""hybridization"": ""sp2"",
    ""example_molecule_smiles"": ""C=CC(=CH)C=C"",
    ""group_smarts"": ""[C;sp2]=[C;sp2]-[CH;sp2]=[C;sp2]-[C;sp2]"",
    ""atom_specific_smarts"": ""[CH;sp2X3:1](=[C;sp2X3])(-[C;sp2X3]=[C;sp2X3])[C;sp2X3]=[C;sp2X3]"",
    ""description"": ""One of the two carbons of the central C=C bond in a linear triene chain where this carbon has one hydrogen (RH–C=). Neighbors: one sp2 C via a double bond (the other central alkene carbon) and two sp2 carbons via single bonds that are each part of terminal C=C bonds."",
    ""uncertainty"": ""40""
  },
  {
    ""atom_type"": 1154,
    ""element"": ""C"",
    ""chemical_environment"": ""terminal carbon (C1) of an allene, CH2 group"",
    ""functional_group"": ""allene terminal carbon (CH2=C=)"",
    ""hybridization"": ""sp2"",
    ""example_molecule_smiles"": ""C=C=C"",
    ""group_smarts"": ""[C;sp2]=[C;spX2]=[C;sp2]"",
    ""atom_specific_smarts"": ""[CH2:1]=[C;spX2](=C)"",
    ""description"": ""Allene terminal carbon (C1) as a methylene (CH2) double-bonded to the central sp carbon of the cumulene."",
    ""uncertainty"": ""10""
  },
  {
    ""atom_type"": 1155,
    ""element"": ""C"",
    ""chemical_environment"": ""terminal carbon (C1) of an allene, CHR group"",
    ""functional_group"": ""allene terminal carbon (substituted, CHR)"",
    ""hybridization"": ""sp2"",
    ""example_molecule_smiles"": ""CC(=C=CH2)C"",
    ""group_smarts"": ""[C;sp2]=[C;spX2]=[C;sp2]"",
    ""atom_specific_smarts"": ""[CH:1]=[C;spX2](=C)"",
    ""description"": ""Allene terminal carbon (C1) with one hydrogen (CHR), double-bonded to the central sp cumulene carbon."",
    ""uncertainty"": ""12""
  },
  {
    ""atom_type"": 1156,
    ""element"": ""C"",
    ""chemical_environment"": ""terminal carbon (C1) of an allene, CR2 group (no hydrogens)"",
    ""functional_group"": ""allene terminal carbon (fully substituted, CR2)"",
    ""hybridization"": ""sp2"",
    ""example_molecule_smiles"": ""CC(C)=C=C=CH2"",
    ""group_smarts"": ""[C;sp2]=[C;spX2]=[C;sp2]"",
    ""atom_specific_smarts"": ""[C;H0:1]=[C;spX2](=C)"",
    ""description"": ""Allene terminal carbon (C1) with no hydrogens (CR2), double-bonded to the central sp cumulene carbon."",
    ""uncertainty"": ""15""
  },
  {
    ""atom_type"": 1157,
    ""element"": ""C"",
    ""chemical_environment"": ""central carbon (C2) of an allene (cumulated diene)"",
    ""functional_group"": ""allene central carbon"",
    ""hybridization"": ""sp"",
    ""example_molecule_smiles"": ""C=C=C"",
    ""group_smarts"": ""[C;sp2]=[C;spX2]=[C;sp2]"",
    ""atom_specific_smarts"": ""[C;spX2:1](=C)=C"",
    ""description"": ""Allene central carbon (C2), sp-hybridized, double-bonded to both terminal sp2 carbons."",
    ""uncertainty"": ""10""
  },
  {
    ""atom_type"": 1158,
    ""element"": ""C"",
    ""chemical_environment"": ""central sp carbon of a ketene (R2C=C=O)"",
    ""functional_group"": ""ketene (cumulene carbon adjacent to carbonyl oxygen)"",
    ""hybridization"": ""sp"",
    ""example_molecule_smiles"": ""C=C=O"",
    ""group_smarts"": ""[C;sp2]=[C;spX2]=O"",
    ""atom_specific_smarts"": ""[C;spX2:1](=O)=C"",
    ""description"": ""Ketene central cumulene carbon (C2), sp-hybridized, double-bonded to O and to an sp2 carbon."",
    ""uncertainty"": ""10""
  },
  {
    ""atom_type"": 1160,
    ""element"": ""C"",
    ""chemical_environment"": ""carbon dioxide carbon (O=C=O)"",
    ""functional_group"": ""carbon dioxide (linear carbonyl di-oxide)"",
    ""hybridization"": ""sp"",
    ""example_molecule_smiles"": ""O=C=O"",
    ""group_smarts"": ""O=[C;spX2]=O"",
    ""atom_specific_smarts"": ""[C;spX2:1](=O)=O"",
    ""description"": ""CO2 carbon, sp-hybridized, double-bonded to two oxygens."",
    ""uncertainty"": ""5""
  },
  {
    ""atom_type"": 1200,
    ""element"": ""C"",
    ""chemical_environment"": ""aliphatic CH2 linking an imidazole ring to the alpha carbon in N-methylhistidine side chain (CB)"",
    ""functional_group"": ""amino acid side chain (histidine, N-methylated ring)"",
    ""hybridization"": ""sp3"",
    ""example_molecule_smiles"": ""CN1C=NC=C1-CH2-CH(N)C(=O)O"",
    ""group_smarts"": ""[CH2]-c1ncnc1"",
    ""atom_specific_smarts"": ""[CH2:1]-c1ncnc1"",
    ""description"": ""Histidine CB carbon: sp3 methylene attached to an imidazole ring carbon and to the alpha carbon of the amino acid (here ring N is N-methylated)."",
    ""uncertainty"": ""50""
  },
  {
    ""atom_type"": 1234,
    ""element"": ""C"",
    ""chemical_environment"": ""C2 carbon of thiazole (between ring N and S)"",
    ""functional_group"": ""thiazole aromatic carbon (C2)"",
    ""hybridization"": ""sp2 (aromatic)"",
    ""example_molecule_smiles"": ""n1cscc1"",
    ""group_smarts"": ""[nH0;r5]:[c;r5]:[s;r5]:[c;r5]:[c;r5]"",
    ""atom_specific_smarts"": ""[nH0;r5]:[cX3H0;r5:1]:[s;r5]"",
    ""description"": ""Aromatic carbon at position 2 of thiazole, bonded to both the ring pyridine-like N and the ring sulfur."",
    ""uncertainty"": ""25""
  },
  {
    ""atom_type"": 1236,
    ""element"": ""C"",
    ""chemical_environment"": ""C4 carbon of thiazole (adjacent to S, not adjacent to ring N)"",
    ""functional_group"": ""thiazole aromatic carbon (C4)"",
    ""hybridization"": ""sp2 (aromatic)"",
    ""example_molecule_smiles"": ""n1cscc1"",
    ""group_smarts"": ""[nH0;r5]:[c;r5]:[s;r5]:[c;r5]:[c;r5]"",
    ""atom_specific_smarts"": ""[s;r5]:[cX3;r5:1]:[c;r5;!n]"",
    ""description"": ""Aromatic carbon at position 4 of thiazole, bonded to the ring sulfur and another aromatic carbon (not directly to the ring N)."",
    ""uncertainty"": ""25""
  },
  {
    ""atom_type"": 1237,
    ""element"": ""C"",
    ""chemical_environment"": ""C5 carbon of thiazole (adjacent to ring N, not adjacent to S)"",
    ""functional_group"": ""thiazole aromatic carbon (C5)"",
    ""hybridization"": ""sp2 (aromatic)"",
    ""example_molecule_smiles"": ""n1cscc1"",
    ""group_smarts"": ""[nH0;r5]:[c;r5]:[s;r5]:[c;r5]:[c;r5]"",
    ""atom_specific_smarts"": ""[c;r5]:[cX3;r5:1]:[nH0;r5]"",
    ""description"": ""Aromatic carbon at position 5 of thiazole, bonded to an aromatic carbon and directly to the ring pyridine-like nitrogen."",
    ""uncertainty"": ""25""
  },
  {
    ""atom_type"": 1260,
    ""element"": ""C"",
    ""chemical_environment"": ""methylene carbon in 2,2,2-trifluoroethanol (between CF3 and OH)"",
    ""functional_group"": ""aliphatic alcohol (TFE CH2 next to CF3)"",
    ""hybridization"": ""sp3"",
    ""example_molecule_smiles"": ""FC(F)(F)CH2O"",
    ""group_smarts"": ""[CH2]-O-[H]"",
    ""atom_specific_smarts"": ""[CH2:1](-O)-[C;H0X4](F)(F)F"",
    ""description"": ""The CH2 carbon in CF3–CH2–OH; bonded to oxygen of the hydroxyl group and to a trifluoromethyl carbon."",
    ""uncertainty"": ""10""
  },
  {
    ""atom_type"": 1261,
    ""element"": ""C"",
    ""chemical_environment"": ""trifluoromethyl carbon"",
    ""functional_group"": ""trifluoromethyl (CF3)"",
    ""hybridization"": ""sp3"",
    ""example_molecule_smiles"": ""FC(F)(F)C"",
    ""group_smarts"": ""[C;H0X4](F)(F)F"",
    ""atom_specific_smarts"": ""[C;H0X4:1](F)(F)F"",
    ""description"": ""CF3 carbon bearing three fluorine substituents."",
    ""uncertainty"": ""15""
  },
  {
    ""atom_type"": 1268,
    ""element"": ""C"",
    ""chemical_environment"": ""cyclopropane ring CH bearing a vinyl substituent (–CH=CH2)"",
    ""functional_group"": ""vinylcyclopropane (ring carbon at the substitution site)"",
    ""hybridization"": ""sp3"",
    ""example_molecule_smiles"": ""C1C(C1)C=CH2"",
    ""group_smarts"": ""[C;R3]-[C;R3]-[C;R3]-[CH;sp2]=[CH2]"",
    ""atom_specific_smarts"": ""[CH;R3:1]-[CH;sp2]=[CH2]"",
    ""description"": ""Cyclopropane ring carbon (CH) that is directly bonded to the internal vinylic CH of a –CH=CH2 substituent."",
    ""uncertainty"": ""25""
  },
  {
    ""atom_type"": 1269,
    ""element"": ""C"",
    ""chemical_environment"": ""internal vinylic CH of a –CH=CH2 group directly attached to a cyclopropane carbon"",
    ""functional_group"": ""vinylcyclopropane (vinylic carbon attached to cyclopropane)"",
    ""hybridization"": ""sp2"",
    ""example_molecule_smiles"": ""C1C(C1)C=CH2"",
    ""group_smarts"": ""[C;R3]-[CH;sp2]=[CH2]"",
    ""atom_specific_smarts"": ""[CH;sp2:1](-[C;R3])=[CH2]"",
    ""description"": ""The vinylic CH carbon of the vinyl substituent in vinylcyclopropane; one bond to a cyclopropyl carbon and double-bonded to a terminal CH2."",
    ""uncertainty"": ""25""
  },
  {
    ""atom_type"": 1270,
    ""element"": ""C"",
    ""chemical_environment"": ""cyclopropane ring CH bearing an ethynyl substituent (–C≡CH)"",
    ""functional_group"": ""ethynylcyclopropane (ring carbon at the substitution site)"",
    ""hybridization"": ""sp3"",
    ""example_molecule_smiles"": ""C1C(C1)C#CH"",
    ""group_smarts"": ""[CH;R3]-[C;sp]#[CH]"",
    ""atom_specific_smarts"": ""[CH;R3:1]-[C;sp]#[CH]"",
    ""description"": ""Cyclopropane ring carbon (CH) directly bonded to the internal acetylenic carbon of an ethynyl group (–C≡CH)."",
    ""uncertainty"": ""25""
  },
  {
    ""atom_type"": 1271,
    ""element"": ""C"",
    ""chemical_environment"": ""internal acetylenic carbon of an ethynyl group attached to a cyclopropane carbon"",
    ""functional_group"": ""ethynylcyclopropane (alkynyl carbon next to ring)"",
    ""hybridization"": ""sp"",
    ""example_molecule_smiles"": ""C1C(C1)C#CH"",
    ""group_smarts"": ""[C;R3]-[C;sp]#[CH]"",
    ""atom_specific_smarts"": ""[C;sp:1](-[C;R3])#[CH]"",
    ""description"": ""The sp carbon of –C≡CH directly bonded to a cyclopropane carbon (the other alkyne carbon is terminal CH)."",
    ""uncertainty"": ""30""
  }
]"
1261,0.5323,C  - CT   | CF3 E Duffy Thesis 1994,12.011,oplsaa2024.lt,C,6,"Convert the following OPLS-AA atom type rows:

Atom Type Data:
- Atom index: 1126
- Force field raw info: C  - CA   | Cipso (ArNR3+)
- Partial charge: 0.135
- Atomic mass: 12.011
- Element guess: C
- Atomic number: 6
- Source file: oplsaa2024.lt


Atom Type Data:
- Atom index: 1128
- Force field raw info: C  - CA   | Cipso (ArNR2H+)
- Partial charge: 0.155
- Atomic mass: 12.011
- Element guess: C
- Atomic number: 6
- Source file: oplsaa2024.lt


Atom Type Data:
- Atom index: 1151
- Force field raw info: C  - C|   | triene C (R2-C=) central C=C
- Partial charge: 0.0
- Atomic mass: 12.011
- Element guess: C
- Atomic number: 6
- Source file: oplsaa2024.lt


Atom Type Data:
- Atom index: 1152
- Force field raw info: C  - C|   | triene C (RH-C=) central C=C
- Partial charge: -0.115
- Atomic mass: 12.011
- Element guess: C
- Atomic number: 6
- Source file: oplsaa2024.lt


Atom Type Data:
- Atom index: 1154
- Force field raw info: C  - CM   | allene C1 CH2
- Partial charge: -0.25
- Atomic mass: 12.011
- Element guess: C
- Atomic number: 6
- Source file: oplsaa2024.lt


Atom Type Data:
- Atom index: 1155
- Force field raw info: C  - CM   | allene C1 CHR
- Partial charge: -0.1
- Atomic mass: 12.011
- Element guess: C
- Atomic number: 6
- Source file: oplsaa2024.lt


Atom Type Data:
- Atom index: 1156
- Force field raw info: C  - CM   | allene C1 CR2
- Partial charge: 0.05
- Atomic mass: 12.011
- Element guess: C
- Atomic number: 6
- Source file: oplsaa2024.lt


Atom Type Data:
- Atom index: 1157
- Force field raw info: C  - C°   | allene C2
- Partial charge: -0.1
- Atomic mass: 12.011
- Element guess: C
- Atomic number: 6
- Source file: oplsaa2024.lt


Atom Type Data:
- Atom index: 1158
- Force field raw info: C  - C°   | ketene C2
- Partial charge: 0.2
- Atomic mass: 12.011
- Element guess: C
- Atomic number: 6
- Source file: oplsaa2024.lt


Atom Type Data:
- Atom index: 1160
- Force field raw info: C  - C°   | CO2 Madura 2009 carbon dioxide
- Partial charge: 0.7
- Atomic mass: 12.011
- Element guess: C
- Atomic number: 6
- Source file: oplsaa2024.lt


Atom Type Data:
- Atom index: 1200
- Force field raw info: C  - CT   | CB in N-Me HIS
- Partial charge: 0.088
- Atomic mass: 12.011
- Element guess: C
- Atomic number: 6
- Source file: oplsaa2024.lt


Atom Type Data:
- Atom index: 1234
- Force field raw info: C  - CR   | C2 thiazole jlj0003
- Partial charge: 0.35
- Atomic mass: 12.011
- Element guess: C
- Atomic number: 6
- Source file: oplsaa2024.lt


Atom Type Data:
- Atom index: 1236
- Force field raw info: C  - CV   | C4 thiazole jlj0003
- Partial charge: 0.0
- Atomic mass: 12.011
- Element guess: C
- Atomic number: 6
- Source file: oplsaa2024.lt


Atom Type Data:
- Atom index: 1237
- Force field raw info: C  - CW   | C5 thiazole jlj0003
- Partial charge: -0.15
- Atomic mass: 12.011
- Element guess: C
- Atomic number: 6
- Source file: oplsaa2024.lt


Atom Type Data:
- Atom index: 1260
- Force field raw info: C  - CT   | CH2 Trifluoroethanol TFE
- Partial charge: 0.1263
- Atomic mass: 12.011
- Element guess: C
- Atomic number: 6
- Source file: oplsaa2024.lt


Atom Type Data:
- Atom index: 1261
- Force field raw info: C  - CT   | CF3 E Duffy Thesis 1994
- Partial charge: 0.5323
- Atomic mass: 12.011
- Element guess: C
- Atomic number: 6
- Source file: oplsaa2024.lt


Atom Type Data:
- Atom index: 1268
- Force field raw info: C  - CY   | CHCH=CH2 vinylcyclopropane OPLS-2020
- Partial charge: -0.005
- Atomic mass: 12.011
- Element guess: C
- Atomic number: 6
- Source file: oplsaa2024.lt


Atom Type Data:
- Atom index: 1269
- Force field raw info: C  - CM   | vinylcyclopropane
- Partial charge: -0.17
- Atomic mass: 12.011
- Element guess: C
- Atomic number: 6
- Source file: oplsaa2024.lt


Atom Type Data:
- Atom index: 1270
- Force field raw info: C  - CY   | CHC%CH ethynylcyclopropane OPLS-2020
- Partial charge: 0.08
- Atomic mass: 12.011
- Element guess: C
- Atomic number: 6
- Source file: oplsaa2024.lt


Atom Type Data:
- Atom index: 1271
- Force field raw info: C  - CZ   | ethynylcyclopropane
- Partial charge: -0.14
- Atomic mass: 12.011
- Element guess: C
- Atomic number: 6
- Source file: oplsaa2024.lt
","[
  {
    ""atom_type"": 1126,
    ""element"": ""C"",
    ""chemical_environment"": ""ipso aromatic carbon bonded directly to a quaternary ammonium nitrogen"",
    ""functional_group"": ""aryl quaternary ammonium (Ar–N+(R)3)"",
    ""hybridization"": ""sp2 (aromatic)"",
    ""example_molecule_smiles"": ""c1ccc(cc1)[N+](C)(C)C"",
    ""group_smarts"": ""[a]-[N+X4]"",
    ""atom_specific_smarts"": ""[cX3H0:1]-[N+X4]"",
    ""description"": ""Aryl ipso carbon of an aromatic ring directly attached to a quaternary ammonium nitrogen [N+](R)(R)R (no N–H)."",
    ""uncertainty"": ""10""
  },
  {
    ""atom_type"": 1128,
    ""element"": ""C"",
    ""chemical_environment"": ""ipso aromatic carbon bonded directly to a protonated tertiary anilinium nitrogen"",
    ""functional_group"": ""aryl ammonium (Ar–N+H(R)2)"",
    ""hybridization"": ""sp2 (aromatic)"",
    ""example_molecule_smiles"": ""c1ccc(cc1)[N+H](C)C"",
    ""group_smarts"": ""[a]-[N+X4H1]"",
    ""atom_specific_smarts"": ""[cX3:1]-[N+X4H1]"",
    ""description"": ""Aryl ipso carbon of an aromatic ring directly attached to a protonated tertiary amine nitrogen [N+H](R)(R)."",
    ""uncertainty"": ""10""
  },
  {
    ""atom_type"": 1151,
    ""element"": ""C"",
    ""chemical_environment"": ""central carbon of the central C=C in a linear triene, disubstituted (no H on this carbon)"",
    ""functional_group"": ""conjugated triene (central alkene carbon, R2C=)"",
    ""hybridization"": ""sp2"",
    ""example_molecule_smiles"": ""C=C-C(=C(C)C)-C=C"",
    ""group_smarts"": ""[C;sp2]=[C;sp2]-[C;sp2]=[C;sp2]-[C;sp2]"",
    ""atom_specific_smarts"": ""[C;sp2X3H0:1](=[C;sp2X3])(-[C;sp2X3]=[C;sp2X3])[C;sp2X3]=[C;sp2X3]"",
    ""description"": ""One of the two carbons of the central C=C bond in a linear triene chain where this carbon has no hydrogens (R2C=). Neighbors: one sp2 C via a double bond (the other central alkene carbon) and two sp2 carbons via single bonds that are each part of terminal C=C bonds."",
    ""uncertainty"": ""35""
  },
  {
    ""atom_type"": 1152,
    ""element"": ""C"",
    ""chemical_environment"": ""central carbon of the central C=C in a linear triene, monosubstituted (one H on this carbon)"",
    ""functional_group"": ""conjugated triene (central alkene carbon, RH–C=)"",
    ""hybridization"": ""sp2"",
    ""example_molecule_smiles"": ""C=CC(=CH)C=C"",
    ""group_smarts"": ""[C;sp2]=[C;sp2]-[CH;sp2]=[C;sp2]-[C;sp2]"",
    ""atom_specific_smarts"": ""[CH;sp2X3:1](=[C;sp2X3])(-[C;sp2X3]=[C;sp2X3])[C;sp2X3]=[C;sp2X3]"",
    ""description"": ""One of the two carbons of the central C=C bond in a linear triene chain where this carbon has one hydrogen (RH–C=). Neighbors: one sp2 C via a double bond (the other central alkene carbon) and two sp2 carbons via single bonds that are each part of terminal C=C bonds."",
    ""uncertainty"": ""40""
  },
  {
    ""atom_type"": 1154,
    ""element"": ""C"",
    ""chemical_environment"": ""terminal carbon (C1) of an allene, CH2 group"",
    ""functional_group"": ""allene terminal carbon (CH2=C=)"",
    ""hybridization"": ""sp2"",
    ""example_molecule_smiles"": ""C=C=C"",
    ""group_smarts"": ""[C;sp2]=[C;spX2]=[C;sp2]"",
    ""atom_specific_smarts"": ""[CH2:1]=[C;spX2](=C)"",
    ""description"": ""Allene terminal carbon (C1) as a methylene (CH2) double-bonded to the central sp carbon of the cumulene."",
    ""uncertainty"": ""10""
  },
  {
    ""atom_type"": 1155,
    ""element"": ""C"",
    ""chemical_environment"": ""terminal carbon (C1) of an allene, CHR group"",
    ""functional_group"": ""allene terminal carbon (substituted, CHR)"",
    ""hybridization"": ""sp2"",
    ""example_molecule_smiles"": ""CC(=C=CH2)C"",
    ""group_smarts"": ""[C;sp2]=[C;spX2]=[C;sp2]"",
    ""atom_specific_smarts"": ""[CH:1]=[C;spX2](=C)"",
    ""description"": ""Allene terminal carbon (C1) with one hydrogen (CHR), double-bonded to the central sp cumulene carbon."",
    ""uncertainty"": ""12""
  },
  {
    ""atom_type"": 1156,
    ""element"": ""C"",
    ""chemical_environment"": ""terminal carbon (C1) of an allene, CR2 group (no hydrogens)"",
    ""functional_group"": ""allene terminal carbon (fully substituted, CR2)"",
    ""hybridization"": ""sp2"",
    ""example_molecule_smiles"": ""CC(C)=C=C=CH2"",
    ""group_smarts"": ""[C;sp2]=[C;spX2]=[C;sp2]"",
    ""atom_specific_smarts"": ""[C;H0:1]=[C;spX2](=C)"",
    ""description"": ""Allene terminal carbon (C1) with no hydrogens (CR2), double-bonded to the central sp cumulene carbon."",
    ""uncertainty"": ""15""
  },
  {
    ""atom_type"": 1157,
    ""element"": ""C"",
    ""chemical_environment"": ""central carbon (C2) of an allene (cumulated diene)"",
    ""functional_group"": ""allene central carbon"",
    ""hybridization"": ""sp"",
    ""example_molecule_smiles"": ""C=C=C"",
    ""group_smarts"": ""[C;sp2]=[C;spX2]=[C;sp2]"",
    ""atom_specific_smarts"": ""[C;spX2:1](=C)=C"",
    ""description"": ""Allene central carbon (C2), sp-hybridized, double-bonded to both terminal sp2 carbons."",
    ""uncertainty"": ""10""
  },
  {
    ""atom_type"": 1158,
    ""element"": ""C"",
    ""chemical_environment"": ""central sp carbon of a ketene (R2C=C=O)"",
    ""functional_group"": ""ketene (cumulene carbon adjacent to carbonyl oxygen)"",
    ""hybridization"": ""sp"",
    ""example_molecule_smiles"": ""C=C=O"",
    ""group_smarts"": ""[C;sp2]=[C;spX2]=O"",
    ""atom_specific_smarts"": ""[C;spX2:1](=O)=C"",
    ""description"": ""Ketene central cumulene carbon (C2), sp-hybridized, double-bonded to O and to an sp2 carbon."",
    ""uncertainty"": ""10""
  },
  {
    ""atom_type"": 1160,
    ""element"": ""C"",
    ""chemical_environment"": ""carbon dioxide carbon (O=C=O)"",
    ""functional_group"": ""carbon dioxide (linear carbonyl di-oxide)"",
    ""hybridization"": ""sp"",
    ""example_molecule_smiles"": ""O=C=O"",
    ""group_smarts"": ""O=[C;spX2]=O"",
    ""atom_specific_smarts"": ""[C;spX2:1](=O)=O"",
    ""description"": ""CO2 carbon, sp-hybridized, double-bonded to two oxygens."",
    ""uncertainty"": ""5""
  },
  {
    ""atom_type"": 1200,
    ""element"": ""C"",
    ""chemical_environment"": ""aliphatic CH2 linking an imidazole ring to the alpha carbon in N-methylhistidine side chain (CB)"",
    ""functional_group"": ""amino acid side chain (histidine, N-methylated ring)"",
    ""hybridization"": ""sp3"",
    ""example_molecule_smiles"": ""CN1C=NC=C1-CH2-CH(N)C(=O)O"",
    ""group_smarts"": ""[CH2]-c1ncnc1"",
    ""atom_specific_smarts"": ""[CH2:1]-c1ncnc1"",
    ""description"": ""Histidine CB carbon: sp3 methylene attached to an imidazole ring carbon and to the alpha carbon of the amino acid (here ring N is N-methylated)."",
    ""uncertainty"": ""50""
  },
  {
    ""atom_type"": 1234,
    ""element"": ""C"",
    ""chemical_environment"": ""C2 carbon of thiazole (between ring N and S)"",
    ""functional_group"": ""thiazole aromatic carbon (C2)"",
    ""hybridization"": ""sp2 (aromatic)"",
    ""example_molecule_smiles"": ""n1cscc1"",
    ""group_smarts"": ""[nH0;r5]:[c;r5]:[s;r5]:[c;r5]:[c;r5]"",
    ""atom_specific_smarts"": ""[nH0;r5]:[cX3H0;r5:1]:[s;r5]"",
    ""description"": ""Aromatic carbon at position 2 of thiazole, bonded to both the ring pyridine-like N and the ring sulfur."",
    ""uncertainty"": ""25""
  },
  {
    ""atom_type"": 1236,
    ""element"": ""C"",
    ""chemical_environment"": ""C4 carbon of thiazole (adjacent to S, not adjacent to ring N)"",
    ""functional_group"": ""thiazole aromatic carbon (C4)"",
    ""hybridization"": ""sp2 (aromatic)"",
    ""example_molecule_smiles"": ""n1cscc1"",
    ""group_smarts"": ""[nH0;r5]:[c;r5]:[s;r5]:[c;r5]:[c;r5]"",
    ""atom_specific_smarts"": ""[s;r5]:[cX3;r5:1]:[c;r5;!n]"",
    ""description"": ""Aromatic carbon at position 4 of thiazole, bonded to the ring sulfur and another aromatic carbon (not directly to the ring N)."",
    ""uncertainty"": ""25""
  },
  {
    ""atom_type"": 1237,
    ""element"": ""C"",
    ""chemical_environment"": ""C5 carbon of thiazole (adjacent to ring N, not adjacent to S)"",
    ""functional_group"": ""thiazole aromatic carbon (C5)"",
    ""hybridization"": ""sp2 (aromatic)"",
    ""example_molecule_smiles"": ""n1cscc1"",
    ""group_smarts"": ""[nH0;r5]:[c;r5]:[s;r5]:[c;r5]:[c;r5]"",
    ""atom_specific_smarts"": ""[c;r5]:[cX3;r5:1]:[nH0;r5]"",
    ""description"": ""Aromatic carbon at position 5 of thiazole, bonded to an aromatic carbon and directly to the ring pyridine-like nitrogen."",
    ""uncertainty"": ""25""
  },
  {
    ""atom_type"": 1260,
    ""element"": ""C"",
    ""chemical_environment"": ""methylene carbon in 2,2,2-trifluoroethanol (between CF3 and OH)"",
    ""functional_group"": ""aliphatic alcohol (TFE CH2 next to CF3)"",
    ""hybridization"": ""sp3"",
    ""example_molecule_smiles"": ""FC(F)(F)CH2O"",
    ""group_smarts"": ""[CH2]-O-[H]"",
    ""atom_specific_smarts"": ""[CH2:1](-O)-[C;H0X4](F)(F)F"",
    ""description"": ""The CH2 carbon in CF3–CH2–OH; bonded to oxygen of the hydroxyl group and to a trifluoromethyl carbon."",
    ""uncertainty"": ""10""
  },
  {
    ""atom_type"": 1261,
    ""element"": ""C"",
    ""chemical_environment"": ""trifluoromethyl carbon"",
    ""functional_group"": ""trifluoromethyl (CF3)"",
    ""hybridization"": ""sp3"",
    ""example_molecule_smiles"": ""FC(F)(F)C"",
    ""group_smarts"": ""[C;H0X4](F)(F)F"",
    ""atom_specific_smarts"": ""[C;H0X4:1](F)(F)F"",
    ""description"": ""CF3 carbon bearing three fluorine substituents."",
    ""uncertainty"": ""15""
  },
  {
    ""atom_type"": 1268,
    ""element"": ""C"",
    ""chemical_environment"": ""cyclopropane ring CH bearing a vinyl substituent (–CH=CH2)"",
    ""functional_group"": ""vinylcyclopropane (ring carbon at the substitution site)"",
    ""hybridization"": ""sp3"",
    ""example_molecule_smiles"": ""C1C(C1)C=CH2"",
    ""group_smarts"": ""[C;R3]-[C;R3]-[C;R3]-[CH;sp2]=[CH2]"",
    ""atom_specific_smarts"": ""[CH;R3:1]-[CH;sp2]=[CH2]"",
    ""description"": ""Cyclopropane ring carbon (CH) that is directly bonded to the internal vinylic CH of a –CH=CH2 substituent."",
    ""uncertainty"": ""25""
  },
  {
    ""atom_type"": 1269,
    ""element"": ""C"",
    ""chemical_environment"": ""internal vinylic CH of a –CH=CH2 group directly attached to a cyclopropane carbon"",
    ""functional_group"": ""vinylcyclopropane (vinylic carbon attached to cyclopropane)"",
    ""hybridization"": ""sp2"",
    ""example_molecule_smiles"": ""C1C(C1)C=CH2"",
    ""group_smarts"": ""[C;R3]-[CH;sp2]=[CH2]"",
    ""atom_specific_smarts"": ""[CH;sp2:1](-[C;R3])=[CH2]"",
    ""description"": ""The vinylic CH carbon of the vinyl substituent in vinylcyclopropane; one bond to a cyclopropyl carbon and double-bonded to a terminal CH2."",
    ""uncertainty"": ""25""
  },
  {
    ""atom_type"": 1270,
    ""element"": ""C"",
    ""chemical_environment"": ""cyclopropane ring CH bearing an ethynyl substituent (–C≡CH)"",
    ""functional_group"": ""ethynylcyclopropane (ring carbon at the substitution site)"",
    ""hybridization"": ""sp3"",
    ""example_molecule_smiles"": ""C1C(C1)C#CH"",
    ""group_smarts"": ""[CH;R3]-[C;sp]#[CH]"",
    ""atom_specific_smarts"": ""[CH;R3:1]-[C;sp]#[CH]"",
    ""description"": ""Cyclopropane ring carbon (CH) directly bonded to the internal acetylenic carbon of an ethynyl group (–C≡CH)."",
    ""uncertainty"": ""25""
  },
  {
    ""atom_type"": 1271,
    ""element"": ""C"",
    ""chemical_environment"": ""internal acetylenic carbon of an ethynyl group attached to a cyclopropane carbon"",
    ""functional_group"": ""ethynylcyclopropane (alkynyl carbon next to ring)"",
    ""hybridization"": ""sp"",
    ""example_molecule_smiles"": ""C1C(C1)C#CH"",
    ""group_smarts"": ""[C;R3]-[C;sp]#[CH]"",
    ""atom_specific_smarts"": ""[C;sp:1](-[C;R3])#[CH]"",
    ""description"": ""The sp carbon of –C≡CH directly bonded to a cyclopropane carbon (the other alkyne carbon is terminal CH)."",
    ""uncertainty"": ""30""
  }
]"
1268,-0.005,C  - CY   | CHCH=CH2 vinylcyclopropane OPLS-2020,12.011,oplsaa2024.lt,C,6,"Convert the following OPLS-AA atom type rows:

Atom Type Data:
- Atom index: 1126
- Force field raw info: C  - CA   | Cipso (ArNR3+)
- Partial charge: 0.135
- Atomic mass: 12.011
- Element guess: C
- Atomic number: 6
- Source file: oplsaa2024.lt


Atom Type Data:
- Atom index: 1128
- Force field raw info: C  - CA   | Cipso (ArNR2H+)
- Partial charge: 0.155
- Atomic mass: 12.011
- Element guess: C
- Atomic number: 6
- Source file: oplsaa2024.lt


Atom Type Data:
- Atom index: 1151
- Force field raw info: C  - C|   | triene C (R2-C=) central C=C
- Partial charge: 0.0
- Atomic mass: 12.011
- Element guess: C
- Atomic number: 6
- Source file: oplsaa2024.lt


Atom Type Data:
- Atom index: 1152
- Force field raw info: C  - C|   | triene C (RH-C=) central C=C
- Partial charge: -0.115
- Atomic mass: 12.011
- Element guess: C
- Atomic number: 6
- Source file: oplsaa2024.lt


Atom Type Data:
- Atom index: 1154
- Force field raw info: C  - CM   | allene C1 CH2
- Partial charge: -0.25
- Atomic mass: 12.011
- Element guess: C
- Atomic number: 6
- Source file: oplsaa2024.lt


Atom Type Data:
- Atom index: 1155
- Force field raw info: C  - CM   | allene C1 CHR
- Partial charge: -0.1
- Atomic mass: 12.011
- Element guess: C
- Atomic number: 6
- Source file: oplsaa2024.lt


Atom Type Data:
- Atom index: 1156
- Force field raw info: C  - CM   | allene C1 CR2
- Partial charge: 0.05
- Atomic mass: 12.011
- Element guess: C
- Atomic number: 6
- Source file: oplsaa2024.lt


Atom Type Data:
- Atom index: 1157
- Force field raw info: C  - C°   | allene C2
- Partial charge: -0.1
- Atomic mass: 12.011
- Element guess: C
- Atomic number: 6
- Source file: oplsaa2024.lt


Atom Type Data:
- Atom index: 1158
- Force field raw info: C  - C°   | ketene C2
- Partial charge: 0.2
- Atomic mass: 12.011
- Element guess: C
- Atomic number: 6
- Source file: oplsaa2024.lt


Atom Type Data:
- Atom index: 1160
- Force field raw info: C  - C°   | CO2 Madura 2009 carbon dioxide
- Partial charge: 0.7
- Atomic mass: 12.011
- Element guess: C
- Atomic number: 6
- Source file: oplsaa2024.lt


Atom Type Data:
- Atom index: 1200
- Force field raw info: C  - CT   | CB in N-Me HIS
- Partial charge: 0.088
- Atomic mass: 12.011
- Element guess: C
- Atomic number: 6
- Source file: oplsaa2024.lt


Atom Type Data:
- Atom index: 1234
- Force field raw info: C  - CR   | C2 thiazole jlj0003
- Partial charge: 0.35
- Atomic mass: 12.011
- Element guess: C
- Atomic number: 6
- Source file: oplsaa2024.lt


Atom Type Data:
- Atom index: 1236
- Force field raw info: C  - CV   | C4 thiazole jlj0003
- Partial charge: 0.0
- Atomic mass: 12.011
- Element guess: C
- Atomic number: 6
- Source file: oplsaa2024.lt


Atom Type Data:
- Atom index: 1237
- Force field raw info: C  - CW   | C5 thiazole jlj0003
- Partial charge: -0.15
- Atomic mass: 12.011
- Element guess: C
- Atomic number: 6
- Source file: oplsaa2024.lt


Atom Type Data:
- Atom index: 1260
- Force field raw info: C  - CT   | CH2 Trifluoroethanol TFE
- Partial charge: 0.1263
- Atomic mass: 12.011
- Element guess: C
- Atomic number: 6
- Source file: oplsaa2024.lt


Atom Type Data:
- Atom index: 1261
- Force field raw info: C  - CT   | CF3 E Duffy Thesis 1994
- Partial charge: 0.5323
- Atomic mass: 12.011
- Element guess: C
- Atomic number: 6
- Source file: oplsaa2024.lt


Atom Type Data:
- Atom index: 1268
- Force field raw info: C  - CY   | CHCH=CH2 vinylcyclopropane OPLS-2020
- Partial charge: -0.005
- Atomic mass: 12.011
- Element guess: C
- Atomic number: 6
- Source file: oplsaa2024.lt


Atom Type Data:
- Atom index: 1269
- Force field raw info: C  - CM   | vinylcyclopropane
- Partial charge: -0.17
- Atomic mass: 12.011
- Element guess: C
- Atomic number: 6
- Source file: oplsaa2024.lt


Atom Type Data:
- Atom index: 1270
- Force field raw info: C  - CY   | CHC%CH ethynylcyclopropane OPLS-2020
- Partial charge: 0.08
- Atomic mass: 12.011
- Element guess: C
- Atomic number: 6
- Source file: oplsaa2024.lt


Atom Type Data:
- Atom index: 1271
- Force field raw info: C  - CZ   | ethynylcyclopropane
- Partial charge: -0.14
- Atomic mass: 12.011
- Element guess: C
- Atomic number: 6
- Source file: oplsaa2024.lt
","[
  {
    ""atom_type"": 1126,
    ""element"": ""C"",
    ""chemical_environment"": ""ipso aromatic carbon bonded directly to a quaternary ammonium nitrogen"",
    ""functional_group"": ""aryl quaternary ammonium (Ar–N+(R)3)"",
    ""hybridization"": ""sp2 (aromatic)"",
    ""example_molecule_smiles"": ""c1ccc(cc1)[N+](C)(C)C"",
    ""group_smarts"": ""[a]-[N+X4]"",
    ""atom_specific_smarts"": ""[cX3H0:1]-[N+X4]"",
    ""description"": ""Aryl ipso carbon of an aromatic ring directly attached to a quaternary ammonium nitrogen [N+](R)(R)R (no N–H)."",
    ""uncertainty"": ""10""
  },
  {
    ""atom_type"": 1128,
    ""element"": ""C"",
    ""chemical_environment"": ""ipso aromatic carbon bonded directly to a protonated tertiary anilinium nitrogen"",
    ""functional_group"": ""aryl ammonium (Ar–N+H(R)2)"",
    ""hybridization"": ""sp2 (aromatic)"",
    ""example_molecule_smiles"": ""c1ccc(cc1)[N+H](C)C"",
    ""group_smarts"": ""[a]-[N+X4H1]"",
    ""atom_specific_smarts"": ""[cX3:1]-[N+X4H1]"",
    ""description"": ""Aryl ipso carbon of an aromatic ring directly attached to a protonated tertiary amine nitrogen [N+H](R)(R)."",
    ""uncertainty"": ""10""
  },
  {
    ""atom_type"": 1151,
    ""element"": ""C"",
    ""chemical_environment"": ""central carbon of the central C=C in a linear triene, disubstituted (no H on this carbon)"",
    ""functional_group"": ""conjugated triene (central alkene carbon, R2C=)"",
    ""hybridization"": ""sp2"",
    ""example_molecule_smiles"": ""C=C-C(=C(C)C)-C=C"",
    ""group_smarts"": ""[C;sp2]=[C;sp2]-[C;sp2]=[C;sp2]-[C;sp2]"",
    ""atom_specific_smarts"": ""[C;sp2X3H0:1](=[C;sp2X3])(-[C;sp2X3]=[C;sp2X3])[C;sp2X3]=[C;sp2X3]"",
    ""description"": ""One of the two carbons of the central C=C bond in a linear triene chain where this carbon has no hydrogens (R2C=). Neighbors: one sp2 C via a double bond (the other central alkene carbon) and two sp2 carbons via single bonds that are each part of terminal C=C bonds."",
    ""uncertainty"": ""35""
  },
  {
    ""atom_type"": 1152,
    ""element"": ""C"",
    ""chemical_environment"": ""central carbon of the central C=C in a linear triene, monosubstituted (one H on this carbon)"",
    ""functional_group"": ""conjugated triene (central alkene carbon, RH–C=)"",
    ""hybridization"": ""sp2"",
    ""example_molecule_smiles"": ""C=CC(=CH)C=C"",
    ""group_smarts"": ""[C;sp2]=[C;sp2]-[CH;sp2]=[C;sp2]-[C;sp2]"",
    ""atom_specific_smarts"": ""[CH;sp2X3:1](=[C;sp2X3])(-[C;sp2X3]=[C;sp2X3])[C;sp2X3]=[C;sp2X3]"",
    ""description"": ""One of the two carbons of the central C=C bond in a linear triene chain where this carbon has one hydrogen (RH–C=). Neighbors: one sp2 C via a double bond (the other central alkene carbon) and two sp2 carbons via single bonds that are each part of terminal C=C bonds."",
    ""uncertainty"": ""40""
  },
  {
    ""atom_type"": 1154,
    ""element"": ""C"",
    ""chemical_environment"": ""terminal carbon (C1) of an allene, CH2 group"",
    ""functional_group"": ""allene terminal carbon (CH2=C=)"",
    ""hybridization"": ""sp2"",
    ""example_molecule_smiles"": ""C=C=C"",
    ""group_smarts"": ""[C;sp2]=[C;spX2]=[C;sp2]"",
    ""atom_specific_smarts"": ""[CH2:1]=[C;spX2](=C)"",
    ""description"": ""Allene terminal carbon (C1) as a methylene (CH2) double-bonded to the central sp carbon of the cumulene."",
    ""uncertainty"": ""10""
  },
  {
    ""atom_type"": 1155,
    ""element"": ""C"",
    ""chemical_environment"": ""terminal carbon (C1) of an allene, CHR group"",
    ""functional_group"": ""allene terminal carbon (substituted, CHR)"",
    ""hybridization"": ""sp2"",
    ""example_molecule_smiles"": ""CC(=C=CH2)C"",
    ""group_smarts"": ""[C;sp2]=[C;spX2]=[C;sp2]"",
    ""atom_specific_smarts"": ""[CH:1]=[C;spX2](=C)"",
    ""description"": ""Allene terminal carbon (C1) with one hydrogen (CHR), double-bonded to the central sp cumulene carbon."",
    ""uncertainty"": ""12""
  },
  {
    ""atom_type"": 1156,
    ""element"": ""C"",
    ""chemical_environment"": ""terminal carbon (C1) of an allene, CR2 group (no hydrogens)"",
    ""functional_group"": ""allene terminal carbon (fully substituted, CR2)"",
    ""hybridization"": ""sp2"",
    ""example_molecule_smiles"": ""CC(C)=C=C=CH2"",
    ""group_smarts"": ""[C;sp2]=[C;spX2]=[C;sp2]"",
    ""atom_specific_smarts"": ""[C;H0:1]=[C;spX2](=C)"",
    ""description"": ""Allene terminal carbon (C1) with no hydrogens (CR2), double-bonded to the central sp cumulene carbon."",
    ""uncertainty"": ""15""
  },
  {
    ""atom_type"": 1157,
    ""element"": ""C"",
    ""chemical_environment"": ""central carbon (C2) of an allene (cumulated diene)"",
    ""functional_group"": ""allene central carbon"",
    ""hybridization"": ""sp"",
    ""example_molecule_smiles"": ""C=C=C"",
    ""group_smarts"": ""[C;sp2]=[C;spX2]=[C;sp2]"",
    ""atom_specific_smarts"": ""[C;spX2:1](=C)=C"",
    ""description"": ""Allene central carbon (C2), sp-hybridized, double-bonded to both terminal sp2 carbons."",
    ""uncertainty"": ""10""
  },
  {
    ""atom_type"": 1158,
    ""element"": ""C"",
    ""chemical_environment"": ""central sp carbon of a ketene (R2C=C=O)"",
    ""functional_group"": ""ketene (cumulene carbon adjacent to carbonyl oxygen)"",
    ""hybridization"": ""sp"",
    ""example_molecule_smiles"": ""C=C=O"",
    ""group_smarts"": ""[C;sp2]=[C;spX2]=O"",
    ""atom_specific_smarts"": ""[C;spX2:1](=O)=C"",
    ""description"": ""Ketene central cumulene carbon (C2), sp-hybridized, double-bonded to O and to an sp2 carbon."",
    ""uncertainty"": ""10""
  },
  {
    ""atom_type"": 1160,
    ""element"": ""C"",
    ""chemical_environment"": ""carbon dioxide carbon (O=C=O)"",
    ""functional_group"": ""carbon dioxide (linear carbonyl di-oxide)"",
    ""hybridization"": ""sp"",
    ""example_molecule_smiles"": ""O=C=O"",
    ""group_smarts"": ""O=[C;spX2]=O"",
    ""atom_specific_smarts"": ""[C;spX2:1](=O)=O"",
    ""description"": ""CO2 carbon, sp-hybridized, double-bonded to two oxygens."",
    ""uncertainty"": ""5""
  },
  {
    ""atom_type"": 1200,
    ""element"": ""C"",
    ""chemical_environment"": ""aliphatic CH2 linking an imidazole ring to the alpha carbon in N-methylhistidine side chain (CB)"",
    ""functional_group"": ""amino acid side chain (histidine, N-methylated ring)"",
    ""hybridization"": ""sp3"",
    ""example_molecule_smiles"": ""CN1C=NC=C1-CH2-CH(N)C(=O)O"",
    ""group_smarts"": ""[CH2]-c1ncnc1"",
    ""atom_specific_smarts"": ""[CH2:1]-c1ncnc1"",
    ""description"": ""Histidine CB carbon: sp3 methylene attached to an imidazole ring carbon and to the alpha carbon of the amino acid (here ring N is N-methylated)."",
    ""uncertainty"": ""50""
  },
  {
    ""atom_type"": 1234,
    ""element"": ""C"",
    ""chemical_environment"": ""C2 carbon of thiazole (between ring N and S)"",
    ""functional_group"": ""thiazole aromatic carbon (C2)"",
    ""hybridization"": ""sp2 (aromatic)"",
    ""example_molecule_smiles"": ""n1cscc1"",
    ""group_smarts"": ""[nH0;r5]:[c;r5]:[s;r5]:[c;r5]:[c;r5]"",
    ""atom_specific_smarts"": ""[nH0;r5]:[cX3H0;r5:1]:[s;r5]"",
    ""description"": ""Aromatic carbon at position 2 of thiazole, bonded to both the ring pyridine-like N and the ring sulfur."",
    ""uncertainty"": ""25""
  },
  {
    ""atom_type"": 1236,
    ""element"": ""C"",
    ""chemical_environment"": ""C4 carbon of thiazole (adjacent to S, not adjacent to ring N)"",
    ""functional_group"": ""thiazole aromatic carbon (C4)"",
    ""hybridization"": ""sp2 (aromatic)"",
    ""example_molecule_smiles"": ""n1cscc1"",
    ""group_smarts"": ""[nH0;r5]:[c;r5]:[s;r5]:[c;r5]:[c;r5]"",
    ""atom_specific_smarts"": ""[s;r5]:[cX3;r5:1]:[c;r5;!n]"",
    ""description"": ""Aromatic carbon at position 4 of thiazole, bonded to the ring sulfur and another aromatic carbon (not directly to the ring N)."",
    ""uncertainty"": ""25""
  },
  {
    ""atom_type"": 1237,
    ""element"": ""C"",
    ""chemical_environment"": ""C5 carbon of thiazole (adjacent to ring N, not adjacent to S)"",
    ""functional_group"": ""thiazole aromatic carbon (C5)"",
    ""hybridization"": ""sp2 (aromatic)"",
    ""example_molecule_smiles"": ""n1cscc1"",
    ""group_smarts"": ""[nH0;r5]:[c;r5]:[s;r5]:[c;r5]:[c;r5]"",
    ""atom_specific_smarts"": ""[c;r5]:[cX3;r5:1]:[nH0;r5]"",
    ""description"": ""Aromatic carbon at position 5 of thiazole, bonded to an aromatic carbon and directly to the ring pyridine-like nitrogen."",
    ""uncertainty"": ""25""
  },
  {
    ""atom_type"": 1260,
    ""element"": ""C"",
    ""chemical_environment"": ""methylene carbon in 2,2,2-trifluoroethanol (between CF3 and OH)"",
    ""functional_group"": ""aliphatic alcohol (TFE CH2 next to CF3)"",
    ""hybridization"": ""sp3"",
    ""example_molecule_smiles"": ""FC(F)(F)CH2O"",
    ""group_smarts"": ""[CH2]-O-[H]"",
    ""atom_specific_smarts"": ""[CH2:1](-O)-[C;H0X4](F)(F)F"",
    ""description"": ""The CH2 carbon in CF3–CH2–OH; bonded to oxygen of the hydroxyl group and to a trifluoromethyl carbon."",
    ""uncertainty"": ""10""
  },
  {
    ""atom_type"": 1261,
    ""element"": ""C"",
    ""chemical_environment"": ""trifluoromethyl carbon"",
    ""functional_group"": ""trifluoromethyl (CF3)"",
    ""hybridization"": ""sp3"",
    ""example_molecule_smiles"": ""FC(F)(F)C"",
    ""group_smarts"": ""[C;H0X4](F)(F)F"",
    ""atom_specific_smarts"": ""[C;H0X4:1](F)(F)F"",
    ""description"": ""CF3 carbon bearing three fluorine substituents."",
    ""uncertainty"": ""15""
  },
  {
    ""atom_type"": 1268,
    ""element"": ""C"",
    ""chemical_environment"": ""cyclopropane ring CH bearing a vinyl substituent (–CH=CH2)"",
    ""functional_group"": ""vinylcyclopropane (ring carbon at the substitution site)"",
    ""hybridization"": ""sp3"",
    ""example_molecule_smiles"": ""C1C(C1)C=CH2"",
    ""group_smarts"": ""[C;R3]-[C;R3]-[C;R3]-[CH;sp2]=[CH2]"",
    ""atom_specific_smarts"": ""[CH;R3:1]-[CH;sp2]=[CH2]"",
    ""description"": ""Cyclopropane ring carbon (CH) that is directly bonded to the internal vinylic CH of a –CH=CH2 substituent."",
    ""uncertainty"": ""25""
  },
  {
    ""atom_type"": 1269,
    ""element"": ""C"",
    ""chemical_environment"": ""internal vinylic CH of a –CH=CH2 group directly attached to a cyclopropane carbon"",
    ""functional_group"": ""vinylcyclopropane (vinylic carbon attached to cyclopropane)"",
    ""hybridization"": ""sp2"",
    ""example_molecule_smiles"": ""C1C(C1)C=CH2"",
    ""group_smarts"": ""[C;R3]-[CH;sp2]=[CH2]"",
    ""atom_specific_smarts"": ""[CH;sp2:1](-[C;R3])=[CH2]"",
    ""description"": ""The vinylic CH carbon of the vinyl substituent in vinylcyclopropane; one bond to a cyclopropyl carbon and double-bonded to a terminal CH2."",
    ""uncertainty"": ""25""
  },
  {
    ""atom_type"": 1270,
    ""element"": ""C"",
    ""chemical_environment"": ""cyclopropane ring CH bearing an ethynyl substituent (–C≡CH)"",
    ""functional_group"": ""ethynylcyclopropane (ring carbon at the substitution site)"",
    ""hybridization"": ""sp3"",
    ""example_molecule_smiles"": ""C1C(C1)C#CH"",
    ""group_smarts"": ""[CH;R3]-[C;sp]#[CH]"",
    ""atom_specific_smarts"": ""[CH;R3:1]-[C;sp]#[CH]"",
    ""description"": ""Cyclopropane ring carbon (CH) directly bonded to the internal acetylenic carbon of an ethynyl group (–C≡CH)."",
    ""uncertainty"": ""25""
  },
  {
    ""atom_type"": 1271,
    ""element"": ""C"",
    ""chemical_environment"": ""internal acetylenic carbon of an ethynyl group attached to a cyclopropane carbon"",
    ""functional_group"": ""ethynylcyclopropane (alkynyl carbon next to ring)"",
    ""hybridization"": ""sp"",
    ""example_molecule_smiles"": ""C1C(C1)C#CH"",
    ""group_smarts"": ""[C;R3]-[C;sp]#[CH]"",
    ""atom_specific_smarts"": ""[C;sp:1](-[C;R3])#[CH]"",
    ""description"": ""The sp carbon of –C≡CH directly bonded to a cyclopropane carbon (the other alkyne carbon is terminal CH)."",
    ""uncertainty"": ""30""
  }
]"
1269,-0.17,C  - CM   | vinylcyclopropane,12.011,oplsaa2024.lt,C,6,"Convert the following OPLS-AA atom type rows:

Atom Type Data:
- Atom index: 1126
- Force field raw info: C  - CA   | Cipso (ArNR3+)
- Partial charge: 0.135
- Atomic mass: 12.011
- Element guess: C
- Atomic number: 6
- Source file: oplsaa2024.lt


Atom Type Data:
- Atom index: 1128
- Force field raw info: C  - CA   | Cipso (ArNR2H+)
- Partial charge: 0.155
- Atomic mass: 12.011
- Element guess: C
- Atomic number: 6
- Source file: oplsaa2024.lt


Atom Type Data:
- Atom index: 1151
- Force field raw info: C  - C|   | triene C (R2-C=) central C=C
- Partial charge: 0.0
- Atomic mass: 12.011
- Element guess: C
- Atomic number: 6
- Source file: oplsaa2024.lt


Atom Type Data:
- Atom index: 1152
- Force field raw info: C  - C|   | triene C (RH-C=) central C=C
- Partial charge: -0.115
- Atomic mass: 12.011
- Element guess: C
- Atomic number: 6
- Source file: oplsaa2024.lt


Atom Type Data:
- Atom index: 1154
- Force field raw info: C  - CM   | allene C1 CH2
- Partial charge: -0.25
- Atomic mass: 12.011
- Element guess: C
- Atomic number: 6
- Source file: oplsaa2024.lt


Atom Type Data:
- Atom index: 1155
- Force field raw info: C  - CM   | allene C1 CHR
- Partial charge: -0.1
- Atomic mass: 12.011
- Element guess: C
- Atomic number: 6
- Source file: oplsaa2024.lt


Atom Type Data:
- Atom index: 1156
- Force field raw info: C  - CM   | allene C1 CR2
- Partial charge: 0.05
- Atomic mass: 12.011
- Element guess: C
- Atomic number: 6
- Source file: oplsaa2024.lt


Atom Type Data:
- Atom index: 1157
- Force field raw info: C  - C°   | allene C2
- Partial charge: -0.1
- Atomic mass: 12.011
- Element guess: C
- Atomic number: 6
- Source file: oplsaa2024.lt


Atom Type Data:
- Atom index: 1158
- Force field raw info: C  - C°   | ketene C2
- Partial charge: 0.2
- Atomic mass: 12.011
- Element guess: C
- Atomic number: 6
- Source file: oplsaa2024.lt


Atom Type Data:
- Atom index: 1160
- Force field raw info: C  - C°   | CO2 Madura 2009 carbon dioxide
- Partial charge: 0.7
- Atomic mass: 12.011
- Element guess: C
- Atomic number: 6
- Source file: oplsaa2024.lt


Atom Type Data:
- Atom index: 1200
- Force field raw info: C  - CT   | CB in N-Me HIS
- Partial charge: 0.088
- Atomic mass: 12.011
- Element guess: C
- Atomic number: 6
- Source file: oplsaa2024.lt


Atom Type Data:
- Atom index: 1234
- Force field raw info: C  - CR   | C2 thiazole jlj0003
- Partial charge: 0.35
- Atomic mass: 12.011
- Element guess: C
- Atomic number: 6
- Source file: oplsaa2024.lt


Atom Type Data:
- Atom index: 1236
- Force field raw info: C  - CV   | C4 thiazole jlj0003
- Partial charge: 0.0
- Atomic mass: 12.011
- Element guess: C
- Atomic number: 6
- Source file: oplsaa2024.lt


Atom Type Data:
- Atom index: 1237
- Force field raw info: C  - CW   | C5 thiazole jlj0003
- Partial charge: -0.15
- Atomic mass: 12.011
- Element guess: C
- Atomic number: 6
- Source file: oplsaa2024.lt


Atom Type Data:
- Atom index: 1260
- Force field raw info: C  - CT   | CH2 Trifluoroethanol TFE
- Partial charge: 0.1263
- Atomic mass: 12.011
- Element guess: C
- Atomic number: 6
- Source file: oplsaa2024.lt


Atom Type Data:
- Atom index: 1261
- Force field raw info: C  - CT   | CF3 E Duffy Thesis 1994
- Partial charge: 0.5323
- Atomic mass: 12.011
- Element guess: C
- Atomic number: 6
- Source file: oplsaa2024.lt


Atom Type Data:
- Atom index: 1268
- Force field raw info: C  - CY   | CHCH=CH2 vinylcyclopropane OPLS-2020
- Partial charge: -0.005
- Atomic mass: 12.011
- Element guess: C
- Atomic number: 6
- Source file: oplsaa2024.lt


Atom Type Data:
- Atom index: 1269
- Force field raw info: C  - CM   | vinylcyclopropane
- Partial charge: -0.17
- Atomic mass: 12.011
- Element guess: C
- Atomic number: 6
- Source file: oplsaa2024.lt


Atom Type Data:
- Atom index: 1270
- Force field raw info: C  - CY   | CHC%CH ethynylcyclopropane OPLS-2020
- Partial charge: 0.08
- Atomic mass: 12.011
- Element guess: C
- Atomic number: 6
- Source file: oplsaa2024.lt


Atom Type Data:
- Atom index: 1271
- Force field raw info: C  - CZ   | ethynylcyclopropane
- Partial charge: -0.14
- Atomic mass: 12.011
- Element guess: C
- Atomic number: 6
- Source file: oplsaa2024.lt
","[
  {
    ""atom_type"": 1126,
    ""element"": ""C"",
    ""chemical_environment"": ""ipso aromatic carbon bonded directly to a quaternary ammonium nitrogen"",
    ""functional_group"": ""aryl quaternary ammonium (Ar–N+(R)3)"",
    ""hybridization"": ""sp2 (aromatic)"",
    ""example_molecule_smiles"": ""c1ccc(cc1)[N+](C)(C)C"",
    ""group_smarts"": ""[a]-[N+X4]"",
    ""atom_specific_smarts"": ""[cX3H0:1]-[N+X4]"",
    ""description"": ""Aryl ipso carbon of an aromatic ring directly attached to a quaternary ammonium nitrogen [N+](R)(R)R (no N–H)."",
    ""uncertainty"": ""10""
  },
  {
    ""atom_type"": 1128,
    ""element"": ""C"",
    ""chemical_environment"": ""ipso aromatic carbon bonded directly to a protonated tertiary anilinium nitrogen"",
    ""functional_group"": ""aryl ammonium (Ar–N+H(R)2)"",
    ""hybridization"": ""sp2 (aromatic)"",
    ""example_molecule_smiles"": ""c1ccc(cc1)[N+H](C)C"",
    ""group_smarts"": ""[a]-[N+X4H1]"",
    ""atom_specific_smarts"": ""[cX3:1]-[N+X4H1]"",
    ""description"": ""Aryl ipso carbon of an aromatic ring directly attached to a protonated tertiary amine nitrogen [N+H](R)(R)."",
    ""uncertainty"": ""10""
  },
  {
    ""atom_type"": 1151,
    ""element"": ""C"",
    ""chemical_environment"": ""central carbon of the central C=C in a linear triene, disubstituted (no H on this carbon)"",
    ""functional_group"": ""conjugated triene (central alkene carbon, R2C=)"",
    ""hybridization"": ""sp2"",
    ""example_molecule_smiles"": ""C=C-C(=C(C)C)-C=C"",
    ""group_smarts"": ""[C;sp2]=[C;sp2]-[C;sp2]=[C;sp2]-[C;sp2]"",
    ""atom_specific_smarts"": ""[C;sp2X3H0:1](=[C;sp2X3])(-[C;sp2X3]=[C;sp2X3])[C;sp2X3]=[C;sp2X3]"",
    ""description"": ""One of the two carbons of the central C=C bond in a linear triene chain where this carbon has no hydrogens (R2C=). Neighbors: one sp2 C via a double bond (the other central alkene carbon) and two sp2 carbons via single bonds that are each part of terminal C=C bonds."",
    ""uncertainty"": ""35""
  },
  {
    ""atom_type"": 1152,
    ""element"": ""C"",
    ""chemical_environment"": ""central carbon of the central C=C in a linear triene, monosubstituted (one H on this carbon)"",
    ""functional_group"": ""conjugated triene (central alkene carbon, RH–C=)"",
    ""hybridization"": ""sp2"",
    ""example_molecule_smiles"": ""C=CC(=CH)C=C"",
    ""group_smarts"": ""[C;sp2]=[C;sp2]-[CH;sp2]=[C;sp2]-[C;sp2]"",
    ""atom_specific_smarts"": ""[CH;sp2X3:1](=[C;sp2X3])(-[C;sp2X3]=[C;sp2X3])[C;sp2X3]=[C;sp2X3]"",
    ""description"": ""One of the two carbons of the central C=C bond in a linear triene chain where this carbon has one hydrogen (RH–C=). Neighbors: one sp2 C via a double bond (the other central alkene carbon) and two sp2 carbons via single bonds that are each part of terminal C=C bonds."",
    ""uncertainty"": ""40""
  },
  {
    ""atom_type"": 1154,
    ""element"": ""C"",
    ""chemical_environment"": ""terminal carbon (C1) of an allene, CH2 group"",
    ""functional_group"": ""allene terminal carbon (CH2=C=)"",
    ""hybridization"": ""sp2"",
    ""example_molecule_smiles"": ""C=C=C"",
    ""group_smarts"": ""[C;sp2]=[C;spX2]=[C;sp2]"",
    ""atom_specific_smarts"": ""[CH2:1]=[C;spX2](=C)"",
    ""description"": ""Allene terminal carbon (C1) as a methylene (CH2) double-bonded to the central sp carbon of the cumulene."",
    ""uncertainty"": ""10""
  },
  {
    ""atom_type"": 1155,
    ""element"": ""C"",
    ""chemical_environment"": ""terminal carbon (C1) of an allene, CHR group"",
    ""functional_group"": ""allene terminal carbon (substituted, CHR)"",
    ""hybridization"": ""sp2"",
    ""example_molecule_smiles"": ""CC(=C=CH2)C"",
    ""group_smarts"": ""[C;sp2]=[C;spX2]=[C;sp2]"",
    ""atom_specific_smarts"": ""[CH:1]=[C;spX2](=C)"",
    ""description"": ""Allene terminal carbon (C1) with one hydrogen (CHR), double-bonded to the central sp cumulene carbon."",
    ""uncertainty"": ""12""
  },
  {
    ""atom_type"": 1156,
    ""element"": ""C"",
    ""chemical_environment"": ""terminal carbon (C1) of an allene, CR2 group (no hydrogens)"",
    ""functional_group"": ""allene terminal carbon (fully substituted, CR2)"",
    ""hybridization"": ""sp2"",
    ""example_molecule_smiles"": ""CC(C)=C=C=CH2"",
    ""group_smarts"": ""[C;sp2]=[C;spX2]=[C;sp2]"",
    ""atom_specific_smarts"": ""[C;H0:1]=[C;spX2](=C)"",
    ""description"": ""Allene terminal carbon (C1) with no hydrogens (CR2), double-bonded to the central sp cumulene carbon."",
    ""uncertainty"": ""15""
  },
  {
    ""atom_type"": 1157,
    ""element"": ""C"",
    ""chemical_environment"": ""central carbon (C2) of an allene (cumulated diene)"",
    ""functional_group"": ""allene central carbon"",
    ""hybridization"": ""sp"",
    ""example_molecule_smiles"": ""C=C=C"",
    ""group_smarts"": ""[C;sp2]=[C;spX2]=[C;sp2]"",
    ""atom_specific_smarts"": ""[C;spX2:1](=C)=C"",
    ""description"": ""Allene central carbon (C2), sp-hybridized, double-bonded to both terminal sp2 carbons."",
    ""uncertainty"": ""10""
  },
  {
    ""atom_type"": 1158,
    ""element"": ""C"",
    ""chemical_environment"": ""central sp carbon of a ketene (R2C=C=O)"",
    ""functional_group"": ""ketene (cumulene carbon adjacent to carbonyl oxygen)"",
    ""hybridization"": ""sp"",
    ""example_molecule_smiles"": ""C=C=O"",
    ""group_smarts"": ""[C;sp2]=[C;spX2]=O"",
    ""atom_specific_smarts"": ""[C;spX2:1](=O)=C"",
    ""description"": ""Ketene central cumulene carbon (C2), sp-hybridized, double-bonded to O and to an sp2 carbon."",
    ""uncertainty"": ""10""
  },
  {
    ""atom_type"": 1160,
    ""element"": ""C"",
    ""chemical_environment"": ""carbon dioxide carbon (O=C=O)"",
    ""functional_group"": ""carbon dioxide (linear carbonyl di-oxide)"",
    ""hybridization"": ""sp"",
    ""example_molecule_smiles"": ""O=C=O"",
    ""group_smarts"": ""O=[C;spX2]=O"",
    ""atom_specific_smarts"": ""[C;spX2:1](=O)=O"",
    ""description"": ""CO2 carbon, sp-hybridized, double-bonded to two oxygens."",
    ""uncertainty"": ""5""
  },
  {
    ""atom_type"": 1200,
    ""element"": ""C"",
    ""chemical_environment"": ""aliphatic CH2 linking an imidazole ring to the alpha carbon in N-methylhistidine side chain (CB)"",
    ""functional_group"": ""amino acid side chain (histidine, N-methylated ring)"",
    ""hybridization"": ""sp3"",
    ""example_molecule_smiles"": ""CN1C=NC=C1-CH2-CH(N)C(=O)O"",
    ""group_smarts"": ""[CH2]-c1ncnc1"",
    ""atom_specific_smarts"": ""[CH2:1]-c1ncnc1"",
    ""description"": ""Histidine CB carbon: sp3 methylene attached to an imidazole ring carbon and to the alpha carbon of the amino acid (here ring N is N-methylated)."",
    ""uncertainty"": ""50""
  },
  {
    ""atom_type"": 1234,
    ""element"": ""C"",
    ""chemical_environment"": ""C2 carbon of thiazole (between ring N and S)"",
    ""functional_group"": ""thiazole aromatic carbon (C2)"",
    ""hybridization"": ""sp2 (aromatic)"",
    ""example_molecule_smiles"": ""n1cscc1"",
    ""group_smarts"": ""[nH0;r5]:[c;r5]:[s;r5]:[c;r5]:[c;r5]"",
    ""atom_specific_smarts"": ""[nH0;r5]:[cX3H0;r5:1]:[s;r5]"",
    ""description"": ""Aromatic carbon at position 2 of thiazole, bonded to both the ring pyridine-like N and the ring sulfur."",
    ""uncertainty"": ""25""
  },
  {
    ""atom_type"": 1236,
    ""element"": ""C"",
    ""chemical_environment"": ""C4 carbon of thiazole (adjacent to S, not adjacent to ring N)"",
    ""functional_group"": ""thiazole aromatic carbon (C4)"",
    ""hybridization"": ""sp2 (aromatic)"",
    ""example_molecule_smiles"": ""n1cscc1"",
    ""group_smarts"": ""[nH0;r5]:[c;r5]:[s;r5]:[c;r5]:[c;r5]"",
    ""atom_specific_smarts"": ""[s;r5]:[cX3;r5:1]:[c;r5;!n]"",
    ""description"": ""Aromatic carbon at position 4 of thiazole, bonded to the ring sulfur and another aromatic carbon (not directly to the ring N)."",
    ""uncertainty"": ""25""
  },
  {
    ""atom_type"": 1237,
    ""element"": ""C"",
    ""chemical_environment"": ""C5 carbon of thiazole (adjacent to ring N, not adjacent to S)"",
    ""functional_group"": ""thiazole aromatic carbon (C5)"",
    ""hybridization"": ""sp2 (aromatic)"",
    ""example_molecule_smiles"": ""n1cscc1"",
    ""group_smarts"": ""[nH0;r5]:[c;r5]:[s;r5]:[c;r5]:[c;r5]"",
    ""atom_specific_smarts"": ""[c;r5]:[cX3;r5:1]:[nH0;r5]"",
    ""description"": ""Aromatic carbon at position 5 of thiazole, bonded to an aromatic carbon and directly to the ring pyridine-like nitrogen."",
    ""uncertainty"": ""25""
  },
  {
    ""atom_type"": 1260,
    ""element"": ""C"",
    ""chemical_environment"": ""methylene carbon in 2,2,2-trifluoroethanol (between CF3 and OH)"",
    ""functional_group"": ""aliphatic alcohol (TFE CH2 next to CF3)"",
    ""hybridization"": ""sp3"",
    ""example_molecule_smiles"": ""FC(F)(F)CH2O"",
    ""group_smarts"": ""[CH2]-O-[H]"",
    ""atom_specific_smarts"": ""[CH2:1](-O)-[C;H0X4](F)(F)F"",
    ""description"": ""The CH2 carbon in CF3–CH2–OH; bonded to oxygen of the hydroxyl group and to a trifluoromethyl carbon."",
    ""uncertainty"": ""10""
  },
  {
    ""atom_type"": 1261,
    ""element"": ""C"",
    ""chemical_environment"": ""trifluoromethyl carbon"",
    ""functional_group"": ""trifluoromethyl (CF3)"",
    ""hybridization"": ""sp3"",
    ""example_molecule_smiles"": ""FC(F)(F)C"",
    ""group_smarts"": ""[C;H0X4](F)(F)F"",
    ""atom_specific_smarts"": ""[C;H0X4:1](F)(F)F"",
    ""description"": ""CF3 carbon bearing three fluorine substituents."",
    ""uncertainty"": ""15""
  },
  {
    ""atom_type"": 1268,
    ""element"": ""C"",
    ""chemical_environment"": ""cyclopropane ring CH bearing a vinyl substituent (–CH=CH2)"",
    ""functional_group"": ""vinylcyclopropane (ring carbon at the substitution site)"",
    ""hybridization"": ""sp3"",
    ""example_molecule_smiles"": ""C1C(C1)C=CH2"",
    ""group_smarts"": ""[C;R3]-[C;R3]-[C;R3]-[CH;sp2]=[CH2]"",
    ""atom_specific_smarts"": ""[CH;R3:1]-[CH;sp2]=[CH2]"",
    ""description"": ""Cyclopropane ring carbon (CH) that is directly bonded to the internal vinylic CH of a –CH=CH2 substituent."",
    ""uncertainty"": ""25""
  },
  {
    ""atom_type"": 1269,
    ""element"": ""C"",
    ""chemical_environment"": ""internal vinylic CH of a –CH=CH2 group directly attached to a cyclopropane carbon"",
    ""functional_group"": ""vinylcyclopropane (vinylic carbon attached to cyclopropane)"",
    ""hybridization"": ""sp2"",
    ""example_molecule_smiles"": ""C1C(C1)C=CH2"",
    ""group_smarts"": ""[C;R3]-[CH;sp2]=[CH2]"",
    ""atom_specific_smarts"": ""[CH;sp2:1](-[C;R3])=[CH2]"",
    ""description"": ""The vinylic CH carbon of the vinyl substituent in vinylcyclopropane; one bond to a cyclopropyl carbon and double-bonded to a terminal CH2."",
    ""uncertainty"": ""25""
  },
  {
    ""atom_type"": 1270,
    ""element"": ""C"",
    ""chemical_environment"": ""cyclopropane ring CH bearing an ethynyl substituent (–C≡CH)"",
    ""functional_group"": ""ethynylcyclopropane (ring carbon at the substitution site)"",
    ""hybridization"": ""sp3"",
    ""example_molecule_smiles"": ""C1C(C1)C#CH"",
    ""group_smarts"": ""[CH;R3]-[C;sp]#[CH]"",
    ""atom_specific_smarts"": ""[CH;R3:1]-[C;sp]#[CH]"",
    ""description"": ""Cyclopropane ring carbon (CH) directly bonded to the internal acetylenic carbon of an ethynyl group (–C≡CH)."",
    ""uncertainty"": ""25""
  },
  {
    ""atom_type"": 1271,
    ""element"": ""C"",
    ""chemical_environment"": ""internal acetylenic carbon of an ethynyl group attached to a cyclopropane carbon"",
    ""functional_group"": ""ethynylcyclopropane (alkynyl carbon next to ring)"",
    ""hybridization"": ""sp"",
    ""example_molecule_smiles"": ""C1C(C1)C#CH"",
    ""group_smarts"": ""[C;R3]-[C;sp]#[CH]"",
    ""atom_specific_smarts"": ""[C;sp:1](-[C;R3])#[CH]"",
    ""description"": ""The sp carbon of –C≡CH directly bonded to a cyclopropane carbon (the other alkyne carbon is terminal CH)."",
    ""uncertainty"": ""30""
  }
]"
1270,0.08,C  - CY   | CHC%CH ethynylcyclopropane OPLS-2020,12.011,oplsaa2024.lt,C,6,"Convert the following OPLS-AA atom type rows:

Atom Type Data:
- Atom index: 1126
- Force field raw info: C  - CA   | Cipso (ArNR3+)
- Partial charge: 0.135
- Atomic mass: 12.011
- Element guess: C
- Atomic number: 6
- Source file: oplsaa2024.lt


Atom Type Data:
- Atom index: 1128
- Force field raw info: C  - CA   | Cipso (ArNR2H+)
- Partial charge: 0.155
- Atomic mass: 12.011
- Element guess: C
- Atomic number: 6
- Source file: oplsaa2024.lt


Atom Type Data:
- Atom index: 1151
- Force field raw info: C  - C|   | triene C (R2-C=) central C=C
- Partial charge: 0.0
- Atomic mass: 12.011
- Element guess: C
- Atomic number: 6
- Source file: oplsaa2024.lt


Atom Type Data:
- Atom index: 1152
- Force field raw info: C  - C|   | triene C (RH-C=) central C=C
- Partial charge: -0.115
- Atomic mass: 12.011
- Element guess: C
- Atomic number: 6
- Source file: oplsaa2024.lt


Atom Type Data:
- Atom index: 1154
- Force field raw info: C  - CM   | allene C1 CH2
- Partial charge: -0.25
- Atomic mass: 12.011
- Element guess: C
- Atomic number: 6
- Source file: oplsaa2024.lt


Atom Type Data:
- Atom index: 1155
- Force field raw info: C  - CM   | allene C1 CHR
- Partial charge: -0.1
- Atomic mass: 12.011
- Element guess: C
- Atomic number: 6
- Source file: oplsaa2024.lt


Atom Type Data:
- Atom index: 1156
- Force field raw info: C  - CM   | allene C1 CR2
- Partial charge: 0.05
- Atomic mass: 12.011
- Element guess: C
- Atomic number: 6
- Source file: oplsaa2024.lt


Atom Type Data:
- Atom index: 1157
- Force field raw info: C  - C°   | allene C2
- Partial charge: -0.1
- Atomic mass: 12.011
- Element guess: C
- Atomic number: 6
- Source file: oplsaa2024.lt


Atom Type Data:
- Atom index: 1158
- Force field raw info: C  - C°   | ketene C2
- Partial charge: 0.2
- Atomic mass: 12.011
- Element guess: C
- Atomic number: 6
- Source file: oplsaa2024.lt


Atom Type Data:
- Atom index: 1160
- Force field raw info: C  - C°   | CO2 Madura 2009 carbon dioxide
- Partial charge: 0.7
- Atomic mass: 12.011
- Element guess: C
- Atomic number: 6
- Source file: oplsaa2024.lt


Atom Type Data:
- Atom index: 1200
- Force field raw info: C  - CT   | CB in N-Me HIS
- Partial charge: 0.088
- Atomic mass: 12.011
- Element guess: C
- Atomic number: 6
- Source file: oplsaa2024.lt


Atom Type Data:
- Atom index: 1234
- Force field raw info: C  - CR   | C2 thiazole jlj0003
- Partial charge: 0.35
- Atomic mass: 12.011
- Element guess: C
- Atomic number: 6
- Source file: oplsaa2024.lt


Atom Type Data:
- Atom index: 1236
- Force field raw info: C  - CV   | C4 thiazole jlj0003
- Partial charge: 0.0
- Atomic mass: 12.011
- Element guess: C
- Atomic number: 6
- Source file: oplsaa2024.lt


Atom Type Data:
- Atom index: 1237
- Force field raw info: C  - CW   | C5 thiazole jlj0003
- Partial charge: -0.15
- Atomic mass: 12.011
- Element guess: C
- Atomic number: 6
- Source file: oplsaa2024.lt


Atom Type Data:
- Atom index: 1260
- Force field raw info: C  - CT   | CH2 Trifluoroethanol TFE
- Partial charge: 0.1263
- Atomic mass: 12.011
- Element guess: C
- Atomic number: 6
- Source file: oplsaa2024.lt


Atom Type Data:
- Atom index: 1261
- Force field raw info: C  - CT   | CF3 E Duffy Thesis 1994
- Partial charge: 0.5323
- Atomic mass: 12.011
- Element guess: C
- Atomic number: 6
- Source file: oplsaa2024.lt


Atom Type Data:
- Atom index: 1268
- Force field raw info: C  - CY   | CHCH=CH2 vinylcyclopropane OPLS-2020
- Partial charge: -0.005
- Atomic mass: 12.011
- Element guess: C
- Atomic number: 6
- Source file: oplsaa2024.lt


Atom Type Data:
- Atom index: 1269
- Force field raw info: C  - CM   | vinylcyclopropane
- Partial charge: -0.17
- Atomic mass: 12.011
- Element guess: C
- Atomic number: 6
- Source file: oplsaa2024.lt


Atom Type Data:
- Atom index: 1270
- Force field raw info: C  - CY   | CHC%CH ethynylcyclopropane OPLS-2020
- Partial charge: 0.08
- Atomic mass: 12.011
- Element guess: C
- Atomic number: 6
- Source file: oplsaa2024.lt


Atom Type Data:
- Atom index: 1271
- Force field raw info: C  - CZ   | ethynylcyclopropane
- Partial charge: -0.14
- Atomic mass: 12.011
- Element guess: C
- Atomic number: 6
- Source file: oplsaa2024.lt
","[
  {
    ""atom_type"": 1126,
    ""element"": ""C"",
    ""chemical_environment"": ""ipso aromatic carbon bonded directly to a quaternary ammonium nitrogen"",
    ""functional_group"": ""aryl quaternary ammonium (Ar–N+(R)3)"",
    ""hybridization"": ""sp2 (aromatic)"",
    ""example_molecule_smiles"": ""c1ccc(cc1)[N+](C)(C)C"",
    ""group_smarts"": ""[a]-[N+X4]"",
    ""atom_specific_smarts"": ""[cX3H0:1]-[N+X4]"",
    ""description"": ""Aryl ipso carbon of an aromatic ring directly attached to a quaternary ammonium nitrogen [N+](R)(R)R (no N–H)."",
    ""uncertainty"": ""10""
  },
  {
    ""atom_type"": 1128,
    ""element"": ""C"",
    ""chemical_environment"": ""ipso aromatic carbon bonded directly to a protonated tertiary anilinium nitrogen"",
    ""functional_group"": ""aryl ammonium (Ar–N+H(R)2)"",
    ""hybridization"": ""sp2 (aromatic)"",
    ""example_molecule_smiles"": ""c1ccc(cc1)[N+H](C)C"",
    ""group_smarts"": ""[a]-[N+X4H1]"",
    ""atom_specific_smarts"": ""[cX3:1]-[N+X4H1]"",
    ""description"": ""Aryl ipso carbon of an aromatic ring directly attached to a protonated tertiary amine nitrogen [N+H](R)(R)."",
    ""uncertainty"": ""10""
  },
  {
    ""atom_type"": 1151,
    ""element"": ""C"",
    ""chemical_environment"": ""central carbon of the central C=C in a linear triene, disubstituted (no H on this carbon)"",
    ""functional_group"": ""conjugated triene (central alkene carbon, R2C=)"",
    ""hybridization"": ""sp2"",
    ""example_molecule_smiles"": ""C=C-C(=C(C)C)-C=C"",
    ""group_smarts"": ""[C;sp2]=[C;sp2]-[C;sp2]=[C;sp2]-[C;sp2]"",
    ""atom_specific_smarts"": ""[C;sp2X3H0:1](=[C;sp2X3])(-[C;sp2X3]=[C;sp2X3])[C;sp2X3]=[C;sp2X3]"",
    ""description"": ""One of the two carbons of the central C=C bond in a linear triene chain where this carbon has no hydrogens (R2C=). Neighbors: one sp2 C via a double bond (the other central alkene carbon) and two sp2 carbons via single bonds that are each part of terminal C=C bonds."",
    ""uncertainty"": ""35""
  },
  {
    ""atom_type"": 1152,
    ""element"": ""C"",
    ""chemical_environment"": ""central carbon of the central C=C in a linear triene, monosubstituted (one H on this carbon)"",
    ""functional_group"": ""conjugated triene (central alkene carbon, RH–C=)"",
    ""hybridization"": ""sp2"",
    ""example_molecule_smiles"": ""C=CC(=CH)C=C"",
    ""group_smarts"": ""[C;sp2]=[C;sp2]-[CH;sp2]=[C;sp2]-[C;sp2]"",
    ""atom_specific_smarts"": ""[CH;sp2X3:1](=[C;sp2X3])(-[C;sp2X3]=[C;sp2X3])[C;sp2X3]=[C;sp2X3]"",
    ""description"": ""One of the two carbons of the central C=C bond in a linear triene chain where this carbon has one hydrogen (RH–C=). Neighbors: one sp2 C via a double bond (the other central alkene carbon) and two sp2 carbons via single bonds that are each part of terminal C=C bonds."",
    ""uncertainty"": ""40""
  },
  {
    ""atom_type"": 1154,
    ""element"": ""C"",
    ""chemical_environment"": ""terminal carbon (C1) of an allene, CH2 group"",
    ""functional_group"": ""allene terminal carbon (CH2=C=)"",
    ""hybridization"": ""sp2"",
    ""example_molecule_smiles"": ""C=C=C"",
    ""group_smarts"": ""[C;sp2]=[C;spX2]=[C;sp2]"",
    ""atom_specific_smarts"": ""[CH2:1]=[C;spX2](=C)"",
    ""description"": ""Allene terminal carbon (C1) as a methylene (CH2) double-bonded to the central sp carbon of the cumulene."",
    ""uncertainty"": ""10""
  },
  {
    ""atom_type"": 1155,
    ""element"": ""C"",
    ""chemical_environment"": ""terminal carbon (C1) of an allene, CHR group"",
    ""functional_group"": ""allene terminal carbon (substituted, CHR)"",
    ""hybridization"": ""sp2"",
    ""example_molecule_smiles"": ""CC(=C=CH2)C"",
    ""group_smarts"": ""[C;sp2]=[C;spX2]=[C;sp2]"",
    ""atom_specific_smarts"": ""[CH:1]=[C;spX2](=C)"",
    ""description"": ""Allene terminal carbon (C1) with one hydrogen (CHR), double-bonded to the central sp cumulene carbon."",
    ""uncertainty"": ""12""
  },
  {
    ""atom_type"": 1156,
    ""element"": ""C"",
    ""chemical_environment"": ""terminal carbon (C1) of an allene, CR2 group (no hydrogens)"",
    ""functional_group"": ""allene terminal carbon (fully substituted, CR2)"",
    ""hybridization"": ""sp2"",
    ""example_molecule_smiles"": ""CC(C)=C=C=CH2"",
    ""group_smarts"": ""[C;sp2]=[C;spX2]=[C;sp2]"",
    ""atom_specific_smarts"": ""[C;H0:1]=[C;spX2](=C)"",
    ""description"": ""Allene terminal carbon (C1) with no hydrogens (CR2), double-bonded to the central sp cumulene carbon."",
    ""uncertainty"": ""15""
  },
  {
    ""atom_type"": 1157,
    ""element"": ""C"",
    ""chemical_environment"": ""central carbon (C2) of an allene (cumulated diene)"",
    ""functional_group"": ""allene central carbon"",
    ""hybridization"": ""sp"",
    ""example_molecule_smiles"": ""C=C=C"",
    ""group_smarts"": ""[C;sp2]=[C;spX2]=[C;sp2]"",
    ""atom_specific_smarts"": ""[C;spX2:1](=C)=C"",
    ""description"": ""Allene central carbon (C2), sp-hybridized, double-bonded to both terminal sp2 carbons."",
    ""uncertainty"": ""10""
  },
  {
    ""atom_type"": 1158,
    ""element"": ""C"",
    ""chemical_environment"": ""central sp carbon of a ketene (R2C=C=O)"",
    ""functional_group"": ""ketene (cumulene carbon adjacent to carbonyl oxygen)"",
    ""hybridization"": ""sp"",
    ""example_molecule_smiles"": ""C=C=O"",
    ""group_smarts"": ""[C;sp2]=[C;spX2]=O"",
    ""atom_specific_smarts"": ""[C;spX2:1](=O)=C"",
    ""description"": ""Ketene central cumulene carbon (C2), sp-hybridized, double-bonded to O and to an sp2 carbon."",
    ""uncertainty"": ""10""
  },
  {
    ""atom_type"": 1160,
    ""element"": ""C"",
    ""chemical_environment"": ""carbon dioxide carbon (O=C=O)"",
    ""functional_group"": ""carbon dioxide (linear carbonyl di-oxide)"",
    ""hybridization"": ""sp"",
    ""example_molecule_smiles"": ""O=C=O"",
    ""group_smarts"": ""O=[C;spX2]=O"",
    ""atom_specific_smarts"": ""[C;spX2:1](=O)=O"",
    ""description"": ""CO2 carbon, sp-hybridized, double-bonded to two oxygens."",
    ""uncertainty"": ""5""
  },
  {
    ""atom_type"": 1200,
    ""element"": ""C"",
    ""chemical_environment"": ""aliphatic CH2 linking an imidazole ring to the alpha carbon in N-methylhistidine side chain (CB)"",
    ""functional_group"": ""amino acid side chain (histidine, N-methylated ring)"",
    ""hybridization"": ""sp3"",
    ""example_molecule_smiles"": ""CN1C=NC=C1-CH2-CH(N)C(=O)O"",
    ""group_smarts"": ""[CH2]-c1ncnc1"",
    ""atom_specific_smarts"": ""[CH2:1]-c1ncnc1"",
    ""description"": ""Histidine CB carbon: sp3 methylene attached to an imidazole ring carbon and to the alpha carbon of the amino acid (here ring N is N-methylated)."",
    ""uncertainty"": ""50""
  },
  {
    ""atom_type"": 1234,
    ""element"": ""C"",
    ""chemical_environment"": ""C2 carbon of thiazole (between ring N and S)"",
    ""functional_group"": ""thiazole aromatic carbon (C2)"",
    ""hybridization"": ""sp2 (aromatic)"",
    ""example_molecule_smiles"": ""n1cscc1"",
    ""group_smarts"": ""[nH0;r5]:[c;r5]:[s;r5]:[c;r5]:[c;r5]"",
    ""atom_specific_smarts"": ""[nH0;r5]:[cX3H0;r5:1]:[s;r5]"",
    ""description"": ""Aromatic carbon at position 2 of thiazole, bonded to both the ring pyridine-like N and the ring sulfur."",
    ""uncertainty"": ""25""
  },
  {
    ""atom_type"": 1236,
    ""element"": ""C"",
    ""chemical_environment"": ""C4 carbon of thiazole (adjacent to S, not adjacent to ring N)"",
    ""functional_group"": ""thiazole aromatic carbon (C4)"",
    ""hybridization"": ""sp2 (aromatic)"",
    ""example_molecule_smiles"": ""n1cscc1"",
    ""group_smarts"": ""[nH0;r5]:[c;r5]:[s;r5]:[c;r5]:[c;r5]"",
    ""atom_specific_smarts"": ""[s;r5]:[cX3;r5:1]:[c;r5;!n]"",
    ""description"": ""Aromatic carbon at position 4 of thiazole, bonded to the ring sulfur and another aromatic carbon (not directly to the ring N)."",
    ""uncertainty"": ""25""
  },
  {
    ""atom_type"": 1237,
    ""element"": ""C"",
    ""chemical_environment"": ""C5 carbon of thiazole (adjacent to ring N, not adjacent to S)"",
    ""functional_group"": ""thiazole aromatic carbon (C5)"",
    ""hybridization"": ""sp2 (aromatic)"",
    ""example_molecule_smiles"": ""n1cscc1"",
    ""group_smarts"": ""[nH0;r5]:[c;r5]:[s;r5]:[c;r5]:[c;r5]"",
    ""atom_specific_smarts"": ""[c;r5]:[cX3;r5:1]:[nH0;r5]"",
    ""description"": ""Aromatic carbon at position 5 of thiazole, bonded to an aromatic carbon and directly to the ring pyridine-like nitrogen."",
    ""uncertainty"": ""25""
  },
  {
    ""atom_type"": 1260,
    ""element"": ""C"",
    ""chemical_environment"": ""methylene carbon in 2,2,2-trifluoroethanol (between CF3 and OH)"",
    ""functional_group"": ""aliphatic alcohol (TFE CH2 next to CF3)"",
    ""hybridization"": ""sp3"",
    ""example_molecule_smiles"": ""FC(F)(F)CH2O"",
    ""group_smarts"": ""[CH2]-O-[H]"",
    ""atom_specific_smarts"": ""[CH2:1](-O)-[C;H0X4](F)(F)F"",
    ""description"": ""The CH2 carbon in CF3–CH2–OH; bonded to oxygen of the hydroxyl group and to a trifluoromethyl carbon."",
    ""uncertainty"": ""10""
  },
  {
    ""atom_type"": 1261,
    ""element"": ""C"",
    ""chemical_environment"": ""trifluoromethyl carbon"",
    ""functional_group"": ""trifluoromethyl (CF3)"",
    ""hybridization"": ""sp3"",
    ""example_molecule_smiles"": ""FC(F)(F)C"",
    ""group_smarts"": ""[C;H0X4](F)(F)F"",
    ""atom_specific_smarts"": ""[C;H0X4:1](F)(F)F"",
    ""description"": ""CF3 carbon bearing three fluorine substituents."",
    ""uncertainty"": ""15""
  },
  {
    ""atom_type"": 1268,
    ""element"": ""C"",
    ""chemical_environment"": ""cyclopropane ring CH bearing a vinyl substituent (–CH=CH2)"",
    ""functional_group"": ""vinylcyclopropane (ring carbon at the substitution site)"",
    ""hybridization"": ""sp3"",
    ""example_molecule_smiles"": ""C1C(C1)C=CH2"",
    ""group_smarts"": ""[C;R3]-[C;R3]-[C;R3]-[CH;sp2]=[CH2]"",
    ""atom_specific_smarts"": ""[CH;R3:1]-[CH;sp2]=[CH2]"",
    ""description"": ""Cyclopropane ring carbon (CH) that is directly bonded to the internal vinylic CH of a –CH=CH2 substituent."",
    ""uncertainty"": ""25""
  },
  {
    ""atom_type"": 1269,
    ""element"": ""C"",
    ""chemical_environment"": ""internal vinylic CH of a –CH=CH2 group directly attached to a cyclopropane carbon"",
    ""functional_group"": ""vinylcyclopropane (vinylic carbon attached to cyclopropane)"",
    ""hybridization"": ""sp2"",
    ""example_molecule_smiles"": ""C1C(C1)C=CH2"",
    ""group_smarts"": ""[C;R3]-[CH;sp2]=[CH2]"",
    ""atom_specific_smarts"": ""[CH;sp2:1](-[C;R3])=[CH2]"",
    ""description"": ""The vinylic CH carbon of the vinyl substituent in vinylcyclopropane; one bond to a cyclopropyl carbon and double-bonded to a terminal CH2."",
    ""uncertainty"": ""25""
  },
  {
    ""atom_type"": 1270,
    ""element"": ""C"",
    ""chemical_environment"": ""cyclopropane ring CH bearing an ethynyl substituent (–C≡CH)"",
    ""functional_group"": ""ethynylcyclopropane (ring carbon at the substitution site)"",
    ""hybridization"": ""sp3"",
    ""example_molecule_smiles"": ""C1C(C1)C#CH"",
    ""group_smarts"": ""[CH;R3]-[C;sp]#[CH]"",
    ""atom_specific_smarts"": ""[CH;R3:1]-[C;sp]#[CH]"",
    ""description"": ""Cyclopropane ring carbon (CH) directly bonded to the internal acetylenic carbon of an ethynyl group (–C≡CH)."",
    ""uncertainty"": ""25""
  },
  {
    ""atom_type"": 1271,
    ""element"": ""C"",
    ""chemical_environment"": ""internal acetylenic carbon of an ethynyl group attached to a cyclopropane carbon"",
    ""functional_group"": ""ethynylcyclopropane (alkynyl carbon next to ring)"",
    ""hybridization"": ""sp"",
    ""example_molecule_smiles"": ""C1C(C1)C#CH"",
    ""group_smarts"": ""[C;R3]-[C;sp]#[CH]"",
    ""atom_specific_smarts"": ""[C;sp:1](-[C;R3])#[CH]"",
    ""description"": ""The sp carbon of –C≡CH directly bonded to a cyclopropane carbon (the other alkyne carbon is terminal CH)."",
    ""uncertainty"": ""30""
  }
]"
1271,-0.14,C  - CZ   | ethynylcyclopropane,12.011,oplsaa2024.lt,C,6,"Convert the following OPLS-AA atom type rows:

Atom Type Data:
- Atom index: 1126
- Force field raw info: C  - CA   | Cipso (ArNR3+)
- Partial charge: 0.135
- Atomic mass: 12.011
- Element guess: C
- Atomic number: 6
- Source file: oplsaa2024.lt


Atom Type Data:
- Atom index: 1128
- Force field raw info: C  - CA   | Cipso (ArNR2H+)
- Partial charge: 0.155
- Atomic mass: 12.011
- Element guess: C
- Atomic number: 6
- Source file: oplsaa2024.lt


Atom Type Data:
- Atom index: 1151
- Force field raw info: C  - C|   | triene C (R2-C=) central C=C
- Partial charge: 0.0
- Atomic mass: 12.011
- Element guess: C
- Atomic number: 6
- Source file: oplsaa2024.lt


Atom Type Data:
- Atom index: 1152
- Force field raw info: C  - C|   | triene C (RH-C=) central C=C
- Partial charge: -0.115
- Atomic mass: 12.011
- Element guess: C
- Atomic number: 6
- Source file: oplsaa2024.lt


Atom Type Data:
- Atom index: 1154
- Force field raw info: C  - CM   | allene C1 CH2
- Partial charge: -0.25
- Atomic mass: 12.011
- Element guess: C
- Atomic number: 6
- Source file: oplsaa2024.lt


Atom Type Data:
- Atom index: 1155
- Force field raw info: C  - CM   | allene C1 CHR
- Partial charge: -0.1
- Atomic mass: 12.011
- Element guess: C
- Atomic number: 6
- Source file: oplsaa2024.lt


Atom Type Data:
- Atom index: 1156
- Force field raw info: C  - CM   | allene C1 CR2
- Partial charge: 0.05
- Atomic mass: 12.011
- Element guess: C
- Atomic number: 6
- Source file: oplsaa2024.lt


Atom Type Data:
- Atom index: 1157
- Force field raw info: C  - C°   | allene C2
- Partial charge: -0.1
- Atomic mass: 12.011
- Element guess: C
- Atomic number: 6
- Source file: oplsaa2024.lt


Atom Type Data:
- Atom index: 1158
- Force field raw info: C  - C°   | ketene C2
- Partial charge: 0.2
- Atomic mass: 12.011
- Element guess: C
- Atomic number: 6
- Source file: oplsaa2024.lt


Atom Type Data:
- Atom index: 1160
- Force field raw info: C  - C°   | CO2 Madura 2009 carbon dioxide
- Partial charge: 0.7
- Atomic mass: 12.011
- Element guess: C
- Atomic number: 6
- Source file: oplsaa2024.lt


Atom Type Data:
- Atom index: 1200
- Force field raw info: C  - CT   | CB in N-Me HIS
- Partial charge: 0.088
- Atomic mass: 12.011
- Element guess: C
- Atomic number: 6
- Source file: oplsaa2024.lt


Atom Type Data:
- Atom index: 1234
- Force field raw info: C  - CR   | C2 thiazole jlj0003
- Partial charge: 0.35
- Atomic mass: 12.011
- Element guess: C
- Atomic number: 6
- Source file: oplsaa2024.lt


Atom Type Data:
- Atom index: 1236
- Force field raw info: C  - CV   | C4 thiazole jlj0003
- Partial charge: 0.0
- Atomic mass: 12.011
- Element guess: C
- Atomic number: 6
- Source file: oplsaa2024.lt


Atom Type Data:
- Atom index: 1237
- Force field raw info: C  - CW   | C5 thiazole jlj0003
- Partial charge: -0.15
- Atomic mass: 12.011
- Element guess: C
- Atomic number: 6
- Source file: oplsaa2024.lt


Atom Type Data:
- Atom index: 1260
- Force field raw info: C  - CT   | CH2 Trifluoroethanol TFE
- Partial charge: 0.1263
- Atomic mass: 12.011
- Element guess: C
- Atomic number: 6
- Source file: oplsaa2024.lt


Atom Type Data:
- Atom index: 1261
- Force field raw info: C  - CT   | CF3 E Duffy Thesis 1994
- Partial charge: 0.5323
- Atomic mass: 12.011
- Element guess: C
- Atomic number: 6
- Source file: oplsaa2024.lt


Atom Type Data:
- Atom index: 1268
- Force field raw info: C  - CY   | CHCH=CH2 vinylcyclopropane OPLS-2020
- Partial charge: -0.005
- Atomic mass: 12.011
- Element guess: C
- Atomic number: 6
- Source file: oplsaa2024.lt


Atom Type Data:
- Atom index: 1269
- Force field raw info: C  - CM   | vinylcyclopropane
- Partial charge: -0.17
- Atomic mass: 12.011
- Element guess: C
- Atomic number: 6
- Source file: oplsaa2024.lt


Atom Type Data:
- Atom index: 1270
- Force field raw info: C  - CY   | CHC%CH ethynylcyclopropane OPLS-2020
- Partial charge: 0.08
- Atomic mass: 12.011
- Element guess: C
- Atomic number: 6
- Source file: oplsaa2024.lt


Atom Type Data:
- Atom index: 1271
- Force field raw info: C  - CZ   | ethynylcyclopropane
- Partial charge: -0.14
- Atomic mass: 12.011
- Element guess: C
- Atomic number: 6
- Source file: oplsaa2024.lt
","[
  {
    ""atom_type"": 1126,
    ""element"": ""C"",
    ""chemical_environment"": ""ipso aromatic carbon bonded directly to a quaternary ammonium nitrogen"",
    ""functional_group"": ""aryl quaternary ammonium (Ar–N+(R)3)"",
    ""hybridization"": ""sp2 (aromatic)"",
    ""example_molecule_smiles"": ""c1ccc(cc1)[N+](C)(C)C"",
    ""group_smarts"": ""[a]-[N+X4]"",
    ""atom_specific_smarts"": ""[cX3H0:1]-[N+X4]"",
    ""description"": ""Aryl ipso carbon of an aromatic ring directly attached to a quaternary ammonium nitrogen [N+](R)(R)R (no N–H)."",
    ""uncertainty"": ""10""
  },
  {
    ""atom_type"": 1128,
    ""element"": ""C"",
    ""chemical_environment"": ""ipso aromatic carbon bonded directly to a protonated tertiary anilinium nitrogen"",
    ""functional_group"": ""aryl ammonium (Ar–N+H(R)2)"",
    ""hybridization"": ""sp2 (aromatic)"",
    ""example_molecule_smiles"": ""c1ccc(cc1)[N+H](C)C"",
    ""group_smarts"": ""[a]-[N+X4H1]"",
    ""atom_specific_smarts"": ""[cX3:1]-[N+X4H1]"",
    ""description"": ""Aryl ipso carbon of an aromatic ring directly attached to a protonated tertiary amine nitrogen [N+H](R)(R)."",
    ""uncertainty"": ""10""
  },
  {
    ""atom_type"": 1151,
    ""element"": ""C"",
    ""chemical_environment"": ""central carbon of the central C=C in a linear triene, disubstituted (no H on this carbon)"",
    ""functional_group"": ""conjugated triene (central alkene carbon, R2C=)"",
    ""hybridization"": ""sp2"",
    ""example_molecule_smiles"": ""C=C-C(=C(C)C)-C=C"",
    ""group_smarts"": ""[C;sp2]=[C;sp2]-[C;sp2]=[C;sp2]-[C;sp2]"",
    ""atom_specific_smarts"": ""[C;sp2X3H0:1](=[C;sp2X3])(-[C;sp2X3]=[C;sp2X3])[C;sp2X3]=[C;sp2X3]"",
    ""description"": ""One of the two carbons of the central C=C bond in a linear triene chain where this carbon has no hydrogens (R2C=). Neighbors: one sp2 C via a double bond (the other central alkene carbon) and two sp2 carbons via single bonds that are each part of terminal C=C bonds."",
    ""uncertainty"": ""35""
  },
  {
    ""atom_type"": 1152,
    ""element"": ""C"",
    ""chemical_environment"": ""central carbon of the central C=C in a linear triene, monosubstituted (one H on this carbon)"",
    ""functional_group"": ""conjugated triene (central alkene carbon, RH–C=)"",
    ""hybridization"": ""sp2"",
    ""example_molecule_smiles"": ""C=CC(=CH)C=C"",
    ""group_smarts"": ""[C;sp2]=[C;sp2]-[CH;sp2]=[C;sp2]-[C;sp2]"",
    ""atom_specific_smarts"": ""[CH;sp2X3:1](=[C;sp2X3])(-[C;sp2X3]=[C;sp2X3])[C;sp2X3]=[C;sp2X3]"",
    ""description"": ""One of the two carbons of the central C=C bond in a linear triene chain where this carbon has one hydrogen (RH–C=). Neighbors: one sp2 C via a double bond (the other central alkene carbon) and two sp2 carbons via single bonds that are each part of terminal C=C bonds."",
    ""uncertainty"": ""40""
  },
  {
    ""atom_type"": 1154,
    ""element"": ""C"",
    ""chemical_environment"": ""terminal carbon (C1) of an allene, CH2 group"",
    ""functional_group"": ""allene terminal carbon (CH2=C=)"",
    ""hybridization"": ""sp2"",
    ""example_molecule_smiles"": ""C=C=C"",
    ""group_smarts"": ""[C;sp2]=[C;spX2]=[C;sp2]"",
    ""atom_specific_smarts"": ""[CH2:1]=[C;spX2](=C)"",
    ""description"": ""Allene terminal carbon (C1) as a methylene (CH2) double-bonded to the central sp carbon of the cumulene."",
    ""uncertainty"": ""10""
  },
  {
    ""atom_type"": 1155,
    ""element"": ""C"",
    ""chemical_environment"": ""terminal carbon (C1) of an allene, CHR group"",
    ""functional_group"": ""allene terminal carbon (substituted, CHR)"",
    ""hybridization"": ""sp2"",
    ""example_molecule_smiles"": ""CC(=C=CH2)C"",
    ""group_smarts"": ""[C;sp2]=[C;spX2]=[C;sp2]"",
    ""atom_specific_smarts"": ""[CH:1]=[C;spX2](=C)"",
    ""description"": ""Allene terminal carbon (C1) with one hydrogen (CHR), double-bonded to the central sp cumulene carbon."",
    ""uncertainty"": ""12""
  },
  {
    ""atom_type"": 1156,
    ""element"": ""C"",
    ""chemical_environment"": ""terminal carbon (C1) of an allene, CR2 group (no hydrogens)"",
    ""functional_group"": ""allene terminal carbon (fully substituted, CR2)"",
    ""hybridization"": ""sp2"",
    ""example_molecule_smiles"": ""CC(C)=C=C=CH2"",
    ""group_smarts"": ""[C;sp2]=[C;spX2]=[C;sp2]"",
    ""atom_specific_smarts"": ""[C;H0:1]=[C;spX2](=C)"",
    ""description"": ""Allene terminal carbon (C1) with no hydrogens (CR2), double-bonded to the central sp cumulene carbon."",
    ""uncertainty"": ""15""
  },
  {
    ""atom_type"": 1157,
    ""element"": ""C"",
    ""chemical_environment"": ""central carbon (C2) of an allene (cumulated diene)"",
    ""functional_group"": ""allene central carbon"",
    ""hybridization"": ""sp"",
    ""example_molecule_smiles"": ""C=C=C"",
    ""group_smarts"": ""[C;sp2]=[C;spX2]=[C;sp2]"",
    ""atom_specific_smarts"": ""[C;spX2:1](=C)=C"",
    ""description"": ""Allene central carbon (C2), sp-hybridized, double-bonded to both terminal sp2 carbons."",
    ""uncertainty"": ""10""
  },
  {
    ""atom_type"": 1158,
    ""element"": ""C"",
    ""chemical_environment"": ""central sp carbon of a ketene (R2C=C=O)"",
    ""functional_group"": ""ketene (cumulene carbon adjacent to carbonyl oxygen)"",
    ""hybridization"": ""sp"",
    ""example_molecule_smiles"": ""C=C=O"",
    ""group_smarts"": ""[C;sp2]=[C;spX2]=O"",
    ""atom_specific_smarts"": ""[C;spX2:1](=O)=C"",
    ""description"": ""Ketene central cumulene carbon (C2), sp-hybridized, double-bonded to O and to an sp2 carbon."",
    ""uncertainty"": ""10""
  },
  {
    ""atom_type"": 1160,
    ""element"": ""C"",
    ""chemical_environment"": ""carbon dioxide carbon (O=C=O)"",
    ""functional_group"": ""carbon dioxide (linear carbonyl di-oxide)"",
    ""hybridization"": ""sp"",
    ""example_molecule_smiles"": ""O=C=O"",
    ""group_smarts"": ""O=[C;spX2]=O"",
    ""atom_specific_smarts"": ""[C;spX2:1](=O)=O"",
    ""description"": ""CO2 carbon, sp-hybridized, double-bonded to two oxygens."",
    ""uncertainty"": ""5""
  },
  {
    ""atom_type"": 1200,
    ""element"": ""C"",
    ""chemical_environment"": ""aliphatic CH2 linking an imidazole ring to the alpha carbon in N-methylhistidine side chain (CB)"",
    ""functional_group"": ""amino acid side chain (histidine, N-methylated ring)"",
    ""hybridization"": ""sp3"",
    ""example_molecule_smiles"": ""CN1C=NC=C1-CH2-CH(N)C(=O)O"",
    ""group_smarts"": ""[CH2]-c1ncnc1"",
    ""atom_specific_smarts"": ""[CH2:1]-c1ncnc1"",
    ""description"": ""Histidine CB carbon: sp3 methylene attached to an imidazole ring carbon and to the alpha carbon of the amino acid (here ring N is N-methylated)."",
    ""uncertainty"": ""50""
  },
  {
    ""atom_type"": 1234,
    ""element"": ""C"",
    ""chemical_environment"": ""C2 carbon of thiazole (between ring N and S)"",
    ""functional_group"": ""thiazole aromatic carbon (C2)"",
    ""hybridization"": ""sp2 (aromatic)"",
    ""example_molecule_smiles"": ""n1cscc1"",
    ""group_smarts"": ""[nH0;r5]:[c;r5]:[s;r5]:[c;r5]:[c;r5]"",
    ""atom_specific_smarts"": ""[nH0;r5]:[cX3H0;r5:1]:[s;r5]"",
    ""description"": ""Aromatic carbon at position 2 of thiazole, bonded to both the ring pyridine-like N and the ring sulfur."",
    ""uncertainty"": ""25""
  },
  {
    ""atom_type"": 1236,
    ""element"": ""C"",
    ""chemical_environment"": ""C4 carbon of thiazole (adjacent to S, not adjacent to ring N)"",
    ""functional_group"": ""thiazole aromatic carbon (C4)"",
    ""hybridization"": ""sp2 (aromatic)"",
    ""example_molecule_smiles"": ""n1cscc1"",
    ""group_smarts"": ""[nH0;r5]:[c;r5]:[s;r5]:[c;r5]:[c;r5]"",
    ""atom_specific_smarts"": ""[s;r5]:[cX3;r5:1]:[c;r5;!n]"",
    ""description"": ""Aromatic carbon at position 4 of thiazole, bonded to the ring sulfur and another aromatic carbon (not directly to the ring N)."",
    ""uncertainty"": ""25""
  },
  {
    ""atom_type"": 1237,
    ""element"": ""C"",
    ""chemical_environment"": ""C5 carbon of thiazole (adjacent to ring N, not adjacent to S)"",
    ""functional_group"": ""thiazole aromatic carbon (C5)"",
    ""hybridization"": ""sp2 (aromatic)"",
    ""example_molecule_smiles"": ""n1cscc1"",
    ""group_smarts"": ""[nH0;r5]:[c;r5]:[s;r5]:[c;r5]:[c;r5]"",
    ""atom_specific_smarts"": ""[c;r5]:[cX3;r5:1]:[nH0;r5]"",
    ""description"": ""Aromatic carbon at position 5 of thiazole, bonded to an aromatic carbon and directly to the ring pyridine-like nitrogen."",
    ""uncertainty"": ""25""
  },
  {
    ""atom_type"": 1260,
    ""element"": ""C"",
    ""chemical_environment"": ""methylene carbon in 2,2,2-trifluoroethanol (between CF3 and OH)"",
    ""functional_group"": ""aliphatic alcohol (TFE CH2 next to CF3)"",
    ""hybridization"": ""sp3"",
    ""example_molecule_smiles"": ""FC(F)(F)CH2O"",
    ""group_smarts"": ""[CH2]-O-[H]"",
    ""atom_specific_smarts"": ""[CH2:1](-O)-[C;H0X4](F)(F)F"",
    ""description"": ""The CH2 carbon in CF3–CH2–OH; bonded to oxygen of the hydroxyl group and to a trifluoromethyl carbon."",
    ""uncertainty"": ""10""
  },
  {
    ""atom_type"": 1261,
    ""element"": ""C"",
    ""chemical_environment"": ""trifluoromethyl carbon"",
    ""functional_group"": ""trifluoromethyl (CF3)"",
    ""hybridization"": ""sp3"",
    ""example_molecule_smiles"": ""FC(F)(F)C"",
    ""group_smarts"": ""[C;H0X4](F)(F)F"",
    ""atom_specific_smarts"": ""[C;H0X4:1](F)(F)F"",
    ""description"": ""CF3 carbon bearing three fluorine substituents."",
    ""uncertainty"": ""15""
  },
  {
    ""atom_type"": 1268,
    ""element"": ""C"",
    ""chemical_environment"": ""cyclopropane ring CH bearing a vinyl substituent (–CH=CH2)"",
    ""functional_group"": ""vinylcyclopropane (ring carbon at the substitution site)"",
    ""hybridization"": ""sp3"",
    ""example_molecule_smiles"": ""C1C(C1)C=CH2"",
    ""group_smarts"": ""[C;R3]-[C;R3]-[C;R3]-[CH;sp2]=[CH2]"",
    ""atom_specific_smarts"": ""[CH;R3:1]-[CH;sp2]=[CH2]"",
    ""description"": ""Cyclopropane ring carbon (CH) that is directly bonded to the internal vinylic CH of a –CH=CH2 substituent."",
    ""uncertainty"": ""25""
  },
  {
    ""atom_type"": 1269,
    ""element"": ""C"",
    ""chemical_environment"": ""internal vinylic CH of a –CH=CH2 group directly attached to a cyclopropane carbon"",
    ""functional_group"": ""vinylcyclopropane (vinylic carbon attached to cyclopropane)"",
    ""hybridization"": ""sp2"",
    ""example_molecule_smiles"": ""C1C(C1)C=CH2"",
    ""group_smarts"": ""[C;R3]-[CH;sp2]=[CH2]"",
    ""atom_specific_smarts"": ""[CH;sp2:1](-[C;R3])=[CH2]"",
    ""description"": ""The vinylic CH carbon of the vinyl substituent in vinylcyclopropane; one bond to a cyclopropyl carbon and double-bonded to a terminal CH2."",
    ""uncertainty"": ""25""
  },
  {
    ""atom_type"": 1270,
    ""element"": ""C"",
    ""chemical_environment"": ""cyclopropane ring CH bearing an ethynyl substituent (–C≡CH)"",
    ""functional_group"": ""ethynylcyclopropane (ring carbon at the substitution site)"",
    ""hybridization"": ""sp3"",
    ""example_molecule_smiles"": ""C1C(C1)C#CH"",
    ""group_smarts"": ""[CH;R3]-[C;sp]#[CH]"",
    ""atom_specific_smarts"": ""[CH;R3:1]-[C;sp]#[CH]"",
    ""description"": ""Cyclopropane ring carbon (CH) directly bonded to the internal acetylenic carbon of an ethynyl group (–C≡CH)."",
    ""uncertainty"": ""25""
  },
  {
    ""atom_type"": 1271,
    ""element"": ""C"",
    ""chemical_environment"": ""internal acetylenic carbon of an ethynyl group attached to a cyclopropane carbon"",
    ""functional_group"": ""ethynylcyclopropane (alkynyl carbon next to ring)"",
    ""hybridization"": ""sp"",
    ""example_molecule_smiles"": ""C1C(C1)C#CH"",
    ""group_smarts"": ""[C;R3]-[C;sp]#[CH]"",
    ""atom_specific_smarts"": ""[C;sp:1](-[C;R3])#[CH]"",
    ""description"": ""The sp carbon of –C≡CH directly bonded to a cyclopropane carbon (the other alkyne carbon is terminal CH)."",
    ""uncertainty"": ""30""
  }
]"
