Atom_Index,Charge,Info,DataMass,Source,ElementGuess,AtomicNumber,prompt,gpt_output
819,0.145,"""Benzyl Amine -CH2NR2""",12.011,oplsaa2008.lt,C,6,"Convert the following OPLS-AA atom type rows:

Atom Type Data:
- Atom index: 819
- Force field raw info: ""Benzyl Amine -CH2NR2""
- Partial charge: 0.145
- Atomic mass: 12.011
- Element guess: C
- Atomic number: 6
- Source file: oplsaa2008.lt


Atom Type Data:
- Atom index: 820
- Force field raw info: ""Alkyl Hydroxamic Acid C""
- Partial charge: 0.888
- Atomic mass: 12.011
- Element guess: C
- Atomic number: 6
- Source file: oplsaa2008.lt


Atom Type Data:
- Atom index: 821
- Force field raw info: ""Aryl Hydroxamic Acid C""
- Partial charge: 1.003
- Atomic mass: 12.011
- Element guess: C
- Atomic number: 6
- Source file: oplsaa2008.lt


Atom Type Data:
- Atom index: 827
- Force field raw info: ""Benzyl Ether -CHROR""
- Partial charge: 0.225
- Atomic mass: 12.011
- Element guess: C
- Atomic number: 6
- Source file: oplsaa2008.lt


Atom Type Data:
- Atom index: 828
- Force field raw info: ""Benzyl Ether -CR2OR""
- Partial charge: 0.255
- Atomic mass: 12.011
- Element guess: C
- Atomic number: 6
- Source file: oplsaa2008.lt


Atom Type Data:
- Atom index: 829
- Force field raw info: ""3-Phenyl Pyrrole C3""
- Partial charge: -0.034
- Atomic mass: 12.011
- Element guess: C
- Atomic number: 6
- Source file: oplsaa2008.lt


Atom Type Data:
- Atom index: 830
- Force field raw info: ""3-Phenyl Pyrrole C3'""
- Partial charge: 0.003
- Atomic mass: 12.011
- Element guess: C
- Atomic number: 6
- Source file: oplsaa2008.lt


Atom Type Data:
- Atom index: 831
- Force field raw info: ""4-Phenyl Imidazole C4""
- Partial charge: 0.3
- Atomic mass: 12.011
- Element guess: C
- Atomic number: 6
- Source file: oplsaa2008.lt


Atom Type Data:
- Atom index: 832
- Force field raw info: ""4-Phenyl Imidazole C4'""
- Partial charge: -0.04
- Atomic mass: 12.011
- Element guess: C
- Atomic number: 6
- Source file: oplsaa2008.lt


Atom Type Data:
- Atom index: 833
- Force field raw info: ""Diphenylmethane Cipso""
- Partial charge: -0.0575
- Atomic mass: 12.011
- Element guess: C
- Atomic number: 6
- Source file: oplsaa2008.lt


Atom Type Data:
- Atom index: 835
- Force field raw info: ""Alkyl Iodide RCH2-I""
- Partial charge: -0.07
- Atomic mass: 12.011
- Element guess: C
- Atomic number: 6
- Source file: oplsaa2008.lt


Atom Type Data:
- Atom index: 836
- Force field raw info: ""Alkyl Iodide R2CH-I""
- Partial charge: 0.03
- Atomic mass: 12.011
- Element guess: C
- Atomic number: 6
- Source file: oplsaa2008.lt


Atom Type Data:
- Atom index: 837
- Force field raw info: ""Alkyl Iodide R3C-I""
- Partial charge: 0.13
- Atomic mass: 12.011
- Element guess: C
- Atomic number: 6
- Source file: oplsaa2008.lt


Atom Type Data:
- Atom index: 841
- Force field raw info: ""N-Ph Sulfonamide Cipso""
- Partial charge: 0.155
- Atomic mass: 12.011
- Element guess: C
- Atomic number: 6
- Source file: oplsaa2008.lt


Atom Type Data:
- Atom index: 842
- Force field raw info: ""Benzoate C-COO-""
- Partial charge: -0.1
- Atomic mass: 12.011
- Element guess: C
- Atomic number: 6
- Source file: oplsaa2008.lt


Atom Type Data:
- Atom index: 844
- Force field raw info: ""N-Phenyl Urea Cipso""
- Partial charge: 0.218
- Atomic mass: 12.011
- Element guess: C
- Atomic number: 6
- Source file: oplsaa2008.lt


Atom Type Data:
- Atom index: 845
- Force field raw info: ""Tertiary Amide -CO-NR2""
- Partial charge: 0.6
- Atomic mass: 12.011
- Element guess: C
- Atomic number: 6
- Source file: oplsaa2008.lt


Atom Type Data:
- Atom index: 848
- Force field raw info: ""Tertiary Amide -NRCH3""
- Partial charge: 0.0
- Atomic mass: 12.011
- Element guess: C
- Atomic number: 6
- Source file: oplsaa2008.lt


Atom Type Data:
- Atom index: 849
- Force field raw info: ""Tertiary Amide -NRCH2R""
- Partial charge: 0.06
- Atomic mass: 12.011
- Element guess: C
- Atomic number: 6
- Source file: oplsaa2008.lt


Atom Type Data:
- Atom index: 850
- Force field raw info: ""Tertiary Amide -NRCHR2""
- Partial charge: 0.12
- Atomic mass: 12.011
- Element guess: C
- Atomic number: 6
- Source file: oplsaa2008.lt
","[
  {
    ""atom_type"": 819,
    ""element"": ""C"",
    ""chemical_environment"": ""benzylic CH2 attached to a tertiary amine nitrogen (Ph-CH2-NR2)"",
    ""functional_group"": ""benzyl amine alpha carbon"",
    ""hybridization"": ""sp3"",
    ""example_molecule_smiles"": ""CN(C)Cc1ccccc1"",
    ""group_smarts"": ""[cX3]-[CH2]-[N;X3;!$([NX3](=O))]"",
    ""atom_specific_smarts"": ""[C:1;H2;X4](-[N;X3;!$([NX3](=O))])-[cX3]"",
    ""description"": ""The benzylic methylene carbon directly bonded to an amine N and an aromatic carbon."",
    ""uncertainty"": ""20""
  },
  {
    ""atom_type"": 820,
    ""element"": ""C"",
    ""chemical_environment"": ""carbonyl carbon of an alkyl-substituted hydroxamic acid (R-CO-N(OH/R′))"",
    ""functional_group"": ""hydroxamic acid carbonyl (alkyl acyl)"",
    ""hybridization"": ""sp2"",
    ""example_molecule_smiles"": ""CC(=O)N(O)H"",
    ""group_smarts"": ""[C;X3](=O)(-[N;X3]-[O;X2])-[A]"",
    ""atom_specific_smarts"": ""[C:1;X3](=O)(-[N;X3]-[O;X2])-[C;X4;!a]"",
    ""description"": ""Acyl carbon of a hydroxamic acid where the acyl substituent is aliphatic (alkyl)."",
    ""uncertainty"": ""30""
  },
  {
    ""atom_type"": 821,
    ""element"": ""C"",
    ""chemical_environment"": ""carbonyl carbon of an aryl-substituted hydroxamic acid (Ar-CO-N(OH/R′))"",
    ""functional_group"": ""hydroxamic acid carbonyl (aryl acyl)"",
    ""hybridization"": ""sp2"",
    ""example_molecule_smiles"": ""O=C(N(O)H)c1ccccc1"",
    ""group_smarts"": ""[C;X3](=O)(-[N;X3]-[O;X2])-[cX3]"",
    ""atom_specific_smarts"": ""[C:1;X3](=O)(-[N;X3]-[O;X2])-[cX3]"",
    ""description"": ""Acyl carbon of a hydroxamic acid where the acyl substituent is aromatic (aryl)."",
    ""uncertainty"": ""30""
  },
  {
    ""atom_type"": 827,
    ""element"": ""C"",
    ""chemical_environment"": ""benzylic secondary carbon bearing an ether substituent (Ph-CH(OR)-R)"",
    ""functional_group"": ""benzyl ether alpha carbon (secondary)"",
    ""hybridization"": ""sp3"",
    ""example_molecule_smiles"": ""CC(c1ccccc1)OC"",
    ""group_smarts"": ""[cX3]-[CH](-[O;X2;!$(*=O)])-[#6]"",
    ""atom_specific_smarts"": ""[C:1;H1;X4](-[O;X2;!$(*=O)]-!@[#6])-[cX3]"",
    ""description"": ""Secondary benzylic methine connected to an ether oxygen and to an aromatic ring."",
    ""uncertainty"": ""25""
  },
  {
    ""atom_type"": 828,
    ""element"": ""C"",
    ""chemical_environment"": ""benzylic tertiary carbon bearing an ether substituent (Ph-C(OR)(R)R)"",
    ""functional_group"": ""benzyl ether alpha carbon (tertiary)"",
    ""hybridization"": ""sp3"",
    ""example_molecule_smiles"": ""CC(C)(c1ccccc1)OC"",
    ""group_smarts"": ""[cX3]-[C;H0;X4](-[O;X2;!$(*=O)])(-[#6])-[#6]"",
    ""atom_specific_smarts"": ""[C:1;H0;X4](-[O;X2;!$(*=O)]-!@[#6])(-[#6])-[cX3]"",
    ""description"": ""Tertiary benzylic carbon bound to an ether oxygen and two carbon substituents."",
    ""uncertainty"": ""25""
  },
  {
    ""atom_type"": 829,
    ""element"": ""C"",
    ""chemical_environment"": ""pyrrole ring carbon at C3 directly bonded to a phenyl ring (3-phenylpyrrole)"",
    ""functional_group"": ""heteroaryl–aryl biaryl junction (pyrrole side)"",
    ""hybridization"": ""sp2"",
    ""example_molecule_smiles"": ""c1c(c[nH]c1)c2ccccc2"",
    ""group_smarts"": ""[nH]1[c][c](-[a])[c][c]1"",
    ""atom_specific_smarts"": ""[nH]1[c][c:1](-[c;a])[c][c]1"",
    ""description"": ""The C3 atom of a pyrrole (five-membered ring with [nH]) that forms the C–C bond to a phenyl ring."",
    ""uncertainty"": ""45""
  },
  {
    ""atom_type"": 830,
    ""element"": ""C"",
    ""chemical_environment"": ""phenyl ipso carbon bonded to a pyrrole C3 (3-phenylpyrrole)"",
    ""functional_group"": ""heteroaryl–aryl biaryl junction (phenyl side)"",
    ""hybridization"": ""sp2"",
    ""example_molecule_smiles"": ""c1c(c[nH]c1)c2ccccc2"",
    ""group_smarts"": ""[cX3]-[c;$(*1~*~*~[nH]~*1)]"",
    ""atom_specific_smarts"": ""[c:1]-[c;$(*1~*~*~[nH]~*1)]"",
    ""description"": ""The phenyl ring ipso carbon directly bonded to a pyrrole ring carbon within a five-membered ring containing [nH]."",
    ""uncertainty"": ""45""
  },
  {
    ""atom_type"": 831,
    ""element"": ""C"",
    ""chemical_environment"": ""imidazole ring carbon at C4 directly bonded to a phenyl ring (4-phenyl-1H-imidazole)"",
    ""functional_group"": ""heteroaryl–aryl biaryl junction (imidazole side)"",
    ""hybridization"": ""sp2"",
    ""example_molecule_smiles"": ""c1[n]c(-c2ccccc2)[nH]c1"",
    ""group_smarts"": ""[nH]1[c][n][c](-[a])[n]1"",
    ""atom_specific_smarts"": ""[nH]1[c][n][c:1](-[c;a])[n]1"",
    ""description"": ""The C4 atom of an imidazole (five-membered ring with one [n] and one [nH]) that forms the C–C bond to a phenyl ring."",
    ""uncertainty"": ""50""
  },
  {
    ""atom_type"": 832,
    ""element"": ""C"",
    ""chemical_environment"": ""phenyl ipso carbon bonded to an imidazole C4 (4-phenyl-1H-imidazole)"",
    ""functional_group"": ""heteroaryl–aryl biaryl junction (phenyl side)"",
    ""hybridization"": ""sp2"",
    ""example_molecule_smiles"": ""c1[n]c(-c2ccccc2)[nH]c1"",
    ""group_smarts"": ""[cX3]-[c;$(*1~*~[n]~*~[nH]~*1)]"",
    ""atom_specific_smarts"": ""[c:1]-[c;$(*1~*~[n]~*~[nH]~*1)]"",
    ""description"": ""The phenyl ring ipso carbon directly bonded to an imidazole ring that contains one [n] and one [nH]."",
    ""uncertainty"": ""50""
  },
  {
    ""atom_type"": 833,
    ""element"": ""C"",
    ""chemical_environment"": ""phenyl ipso carbon of diphenylmethane (Ph-CH2-Ph) at the aryl–methylene junction"",
    ""functional_group"": ""aryl ipso carbon (benzylic linker to CH2)"",
    ""hybridization"": ""sp2"",
    ""example_molecule_smiles"": ""c1ccccc1CH2c2ccccc2"",
    ""group_smarts"": ""[cX3]-[CH2]-[c;a]"",
    ""atom_specific_smarts"": ""[c:1]-[CH2]-[c;a]"",
    ""description"": ""Aromatic carbon bearing the benzylic methylene substituent in diphenylmethane."",
    ""uncertainty"": ""20""
  },
  {
    ""atom_type"": 835,
    ""element"": ""C"",
    ""chemical_environment"": ""primary alkyl iodide carbon (R-CH2-I)"",
    ""functional_group"": ""alkyl iodide alpha carbon (primary)"",
    ""hybridization"": ""sp3"",
    ""example_molecule_smiles"": ""CCI"",
    ""group_smarts"": ""[#6;!a]-[CH2]-[I]"",
    ""atom_specific_smarts"": ""[C:1;H2;X4](-[I])-[#6;!a]"",
    ""description"": ""Primary sp3 carbon bonded to iodine and one carbon substituent."",
    ""uncertainty"": ""10""
  },
  {
    ""atom_type"": 836,
    ""element"": ""C"",
    ""chemical_environment"": ""secondary alkyl iodide carbon (R2CH-I)"",
    ""functional_group"": ""alkyl iodide alpha carbon (secondary)"",
    ""hybridization"": ""sp3"",
    ""example_molecule_smiles"": ""CC(C)I"",
    ""group_smarts"": ""[#6;!a]-[CH](-[I])-[#6;!a]"",
    ""atom_specific_smarts"": ""[C:1;H1;X4](-[I])(-[#6;!a])-[#6;!a]"",
    ""description"": ""Secondary sp3 carbon bonded to iodine and two carbon substituents."",
    ""uncertainty"": ""10""
  },
  {
    ""atom_type"": 837,
    ""element"": ""C"",
    ""chemical_environment"": ""tertiary alkyl iodide carbon (R3C-I)"",
    ""functional_group"": ""alkyl iodide alpha carbon (tertiary)"",
    ""hybridization"": ""sp3"",
    ""example_molecule_smiles"": ""CC(C)(C)I"",
    ""group_smarts"": ""[#6;!a]-[C;H0;X4](-[I])(-[#6;!a])-[#6;!a]"",
    ""atom_specific_smarts"": ""[C:1;H0;X4](-[I])(-[#6;!a])(-[#6;!a])"",
    ""description"": ""Tertiary sp3 carbon bonded to iodine and three carbon substituents."",
    ""uncertainty"": ""10""
  },
  {
    ""atom_type"": 841,
    ""element"": ""C"",
    ""chemical_environment"": ""phenyl ipso carbon bonded to a sulfonamide nitrogen (N-phenyl sulfonamide)"",
    ""functional_group"": ""aryl ipso carbon attached to sulfonamide N"",
    ""hybridization"": ""sp2"",
    ""example_molecule_smiles"": ""CS(=O)(=O)Nc1ccccc1"",
    ""group_smarts"": ""[cX3]-[N;X3]-S(=O)(=O)-[#6]"",
    ""atom_specific_smarts"": ""[c:1]-[N;X3]-S(=O)(=O)-[#6]"",
    ""description"": ""Aromatic carbon directly bonded to the nitrogen of a sulfonamide group."",
    ""uncertainty"": ""25""
  },
  {
    ""atom_type"": 842,
    ""element"": ""C"",
    ""chemical_environment"": ""phenyl ipso carbon attached to a carboxylate group (benzoate, Ar-C(=O)O−)"",
    ""functional_group"": ""aryl ipso carbon attached to carboxylate"",
    ""hybridization"": ""sp2"",
    ""example_molecule_smiles"": ""c1ccccc1C(=O)[O-]"",
    ""group_smarts"": ""[cX3]-[C;X3](=O)[O-]"",
    ""atom_specific_smarts"": ""[c:1]-[C;X3](=O)[O-]"",
    ""description"": ""Aromatic carbon bearing a carboxylate substituent in a benzoate anion."",
    ""uncertainty"": ""20""
  },
  {
    ""atom_type"": 844,
    ""element"": ""C"",
    ""chemical_environment"": ""phenyl ipso carbon attached to urea nitrogen (N-phenyl urea, Ar-N-C(=O)-NH)"",
    ""functional_group"": ""aryl ipso carbon attached to urea N"",
    ""hybridization"": ""sp2"",
    ""example_molecule_smiles"": ""O=C(N)Nc1ccccc1"",
    ""group_smarts"": ""[cX3]-[N;X3]-C(=O)-[N;X3]"",
    ""atom_specific_smarts"": ""[c:1]-[N;X3]-C(=O)-[N;X3]"",
    ""description"": ""Aromatic carbon directly bonded to the nitrogen of a urea group."",
    ""uncertainty"": ""25""
  },
  {
    ""atom_type"": 845,
    ""element"": ""C"",
    ""chemical_environment"": ""tertiary amide carbonyl carbon (R-C(=O)-NR2)"",
    ""functional_group"": ""amide carbonyl (tertiary amide)"",
    ""hybridization"": ""sp2"",
    ""example_molecule_smiles"": ""CC(=O)N(C)C"",
    ""group_smarts"": ""[C;X3](=O)-[N;X3;H0;$([N]([#6])[#6])]"",
    ""atom_specific_smarts"": ""[C:1;X3](=O)-[N;X3;H0;$([N]([#6])[#6])]"",
    ""description"": ""Carbonyl carbon of a tertiary amide (nitrogen substituted by two carbons, no N–H)."",
    ""uncertainty"": ""15""
  },
  {
    ""atom_type"": 848,
    ""element"": ""C"",
    ""chemical_environment"": ""methyl carbon attached to tertiary amide nitrogen (-NR-CH3, N adjacent to C=O)"",
    ""functional_group"": ""amide N-alkyl (methyl on tertiary amide N)"",
    ""hybridization"": ""sp3"",
    ""example_molecule_smiles"": ""CN(C)C=O"",
    ""group_smarts"": ""[CH3]-[N;X3;H0]-[C;X3](=O)"",
    ""atom_specific_smarts"": ""[C:1;H3;X4]-[N;X3;H0]-[C;X3](=O)"",
    ""description"": ""N-methyl carbon directly bound to an amide nitrogen in a tertiary amide."",
    ""uncertainty"": ""20""
  },
  {
    ""atom_type"": 849,
    ""element"": ""C"",
    ""chemical_environment"": ""methylene carbon attached to tertiary amide nitrogen (-NR-CH2R, N adjacent to C=O)"",
    ""functional_group"": ""amide N-alkyl (methylene on tertiary amide N)"",
    ""hybridization"": ""sp3"",
    ""example_molecule_smiles"": ""CCN(C)C(=O)C"",
    ""group_smarts"": ""[CH2]-[N;X3;H0]-[C;X3](=O)"",
    ""atom_specific_smarts"": ""[C:1;H2;X4]-[N;X3;H0]-[C;X3](=O)"",
    ""description"": ""N-methylene carbon directly bound to an amide nitrogen in a tertiary amide."",
    ""uncertainty"": ""20""
  },
  {
    ""atom_type"": 850,
    ""element"": ""C"",
    ""chemical_environment"": ""methine carbon attached to tertiary amide nitrogen (-NR-CHR2, N adjacent to C=O)"",
    ""functional_group"": ""amide N-alkyl (methine on tertiary amide N)"",
    ""hybridization"": ""sp3"",
    ""example_molecule_smiles"": ""CC(C)N(C)C(=O)C"",
    ""group_smarts"": ""[CH](-[#6])-[N;X3;H0]-[C;X3](=O)"",
    ""atom_specific_smarts"": ""[C:1;H1;X4](-[#6])-[N;X3;H0]-[C;X3](=O)"",
    ""description"": ""N-methine carbon directly bound to an amide nitrogen in a tertiary amide (secondary alkyl substituent)."",
    ""uncertainty"": ""25""
  }
]"
820,0.888,"""Alkyl Hydroxamic Acid C""",12.011,oplsaa2008.lt,C,6,"Convert the following OPLS-AA atom type rows:

Atom Type Data:
- Atom index: 819
- Force field raw info: ""Benzyl Amine -CH2NR2""
- Partial charge: 0.145
- Atomic mass: 12.011
- Element guess: C
- Atomic number: 6
- Source file: oplsaa2008.lt


Atom Type Data:
- Atom index: 820
- Force field raw info: ""Alkyl Hydroxamic Acid C""
- Partial charge: 0.888
- Atomic mass: 12.011
- Element guess: C
- Atomic number: 6
- Source file: oplsaa2008.lt


Atom Type Data:
- Atom index: 821
- Force field raw info: ""Aryl Hydroxamic Acid C""
- Partial charge: 1.003
- Atomic mass: 12.011
- Element guess: C
- Atomic number: 6
- Source file: oplsaa2008.lt


Atom Type Data:
- Atom index: 827
- Force field raw info: ""Benzyl Ether -CHROR""
- Partial charge: 0.225
- Atomic mass: 12.011
- Element guess: C
- Atomic number: 6
- Source file: oplsaa2008.lt


Atom Type Data:
- Atom index: 828
- Force field raw info: ""Benzyl Ether -CR2OR""
- Partial charge: 0.255
- Atomic mass: 12.011
- Element guess: C
- Atomic number: 6
- Source file: oplsaa2008.lt


Atom Type Data:
- Atom index: 829
- Force field raw info: ""3-Phenyl Pyrrole C3""
- Partial charge: -0.034
- Atomic mass: 12.011
- Element guess: C
- Atomic number: 6
- Source file: oplsaa2008.lt


Atom Type Data:
- Atom index: 830
- Force field raw info: ""3-Phenyl Pyrrole C3'""
- Partial charge: 0.003
- Atomic mass: 12.011
- Element guess: C
- Atomic number: 6
- Source file: oplsaa2008.lt


Atom Type Data:
- Atom index: 831
- Force field raw info: ""4-Phenyl Imidazole C4""
- Partial charge: 0.3
- Atomic mass: 12.011
- Element guess: C
- Atomic number: 6
- Source file: oplsaa2008.lt


Atom Type Data:
- Atom index: 832
- Force field raw info: ""4-Phenyl Imidazole C4'""
- Partial charge: -0.04
- Atomic mass: 12.011
- Element guess: C
- Atomic number: 6
- Source file: oplsaa2008.lt


Atom Type Data:
- Atom index: 833
- Force field raw info: ""Diphenylmethane Cipso""
- Partial charge: -0.0575
- Atomic mass: 12.011
- Element guess: C
- Atomic number: 6
- Source file: oplsaa2008.lt


Atom Type Data:
- Atom index: 835
- Force field raw info: ""Alkyl Iodide RCH2-I""
- Partial charge: -0.07
- Atomic mass: 12.011
- Element guess: C
- Atomic number: 6
- Source file: oplsaa2008.lt


Atom Type Data:
- Atom index: 836
- Force field raw info: ""Alkyl Iodide R2CH-I""
- Partial charge: 0.03
- Atomic mass: 12.011
- Element guess: C
- Atomic number: 6
- Source file: oplsaa2008.lt


Atom Type Data:
- Atom index: 837
- Force field raw info: ""Alkyl Iodide R3C-I""
- Partial charge: 0.13
- Atomic mass: 12.011
- Element guess: C
- Atomic number: 6
- Source file: oplsaa2008.lt


Atom Type Data:
- Atom index: 841
- Force field raw info: ""N-Ph Sulfonamide Cipso""
- Partial charge: 0.155
- Atomic mass: 12.011
- Element guess: C
- Atomic number: 6
- Source file: oplsaa2008.lt


Atom Type Data:
- Atom index: 842
- Force field raw info: ""Benzoate C-COO-""
- Partial charge: -0.1
- Atomic mass: 12.011
- Element guess: C
- Atomic number: 6
- Source file: oplsaa2008.lt


Atom Type Data:
- Atom index: 844
- Force field raw info: ""N-Phenyl Urea Cipso""
- Partial charge: 0.218
- Atomic mass: 12.011
- Element guess: C
- Atomic number: 6
- Source file: oplsaa2008.lt


Atom Type Data:
- Atom index: 845
- Force field raw info: ""Tertiary Amide -CO-NR2""
- Partial charge: 0.6
- Atomic mass: 12.011
- Element guess: C
- Atomic number: 6
- Source file: oplsaa2008.lt


Atom Type Data:
- Atom index: 848
- Force field raw info: ""Tertiary Amide -NRCH3""
- Partial charge: 0.0
- Atomic mass: 12.011
- Element guess: C
- Atomic number: 6
- Source file: oplsaa2008.lt


Atom Type Data:
- Atom index: 849
- Force field raw info: ""Tertiary Amide -NRCH2R""
- Partial charge: 0.06
- Atomic mass: 12.011
- Element guess: C
- Atomic number: 6
- Source file: oplsaa2008.lt


Atom Type Data:
- Atom index: 850
- Force field raw info: ""Tertiary Amide -NRCHR2""
- Partial charge: 0.12
- Atomic mass: 12.011
- Element guess: C
- Atomic number: 6
- Source file: oplsaa2008.lt
","[
  {
    ""atom_type"": 819,
    ""element"": ""C"",
    ""chemical_environment"": ""benzylic CH2 attached to a tertiary amine nitrogen (Ph-CH2-NR2)"",
    ""functional_group"": ""benzyl amine alpha carbon"",
    ""hybridization"": ""sp3"",
    ""example_molecule_smiles"": ""CN(C)Cc1ccccc1"",
    ""group_smarts"": ""[cX3]-[CH2]-[N;X3;!$([NX3](=O))]"",
    ""atom_specific_smarts"": ""[C:1;H2;X4](-[N;X3;!$([NX3](=O))])-[cX3]"",
    ""description"": ""The benzylic methylene carbon directly bonded to an amine N and an aromatic carbon."",
    ""uncertainty"": ""20""
  },
  {
    ""atom_type"": 820,
    ""element"": ""C"",
    ""chemical_environment"": ""carbonyl carbon of an alkyl-substituted hydroxamic acid (R-CO-N(OH/R′))"",
    ""functional_group"": ""hydroxamic acid carbonyl (alkyl acyl)"",
    ""hybridization"": ""sp2"",
    ""example_molecule_smiles"": ""CC(=O)N(O)H"",
    ""group_smarts"": ""[C;X3](=O)(-[N;X3]-[O;X2])-[A]"",
    ""atom_specific_smarts"": ""[C:1;X3](=O)(-[N;X3]-[O;X2])-[C;X4;!a]"",
    ""description"": ""Acyl carbon of a hydroxamic acid where the acyl substituent is aliphatic (alkyl)."",
    ""uncertainty"": ""30""
  },
  {
    ""atom_type"": 821,
    ""element"": ""C"",
    ""chemical_environment"": ""carbonyl carbon of an aryl-substituted hydroxamic acid (Ar-CO-N(OH/R′))"",
    ""functional_group"": ""hydroxamic acid carbonyl (aryl acyl)"",
    ""hybridization"": ""sp2"",
    ""example_molecule_smiles"": ""O=C(N(O)H)c1ccccc1"",
    ""group_smarts"": ""[C;X3](=O)(-[N;X3]-[O;X2])-[cX3]"",
    ""atom_specific_smarts"": ""[C:1;X3](=O)(-[N;X3]-[O;X2])-[cX3]"",
    ""description"": ""Acyl carbon of a hydroxamic acid where the acyl substituent is aromatic (aryl)."",
    ""uncertainty"": ""30""
  },
  {
    ""atom_type"": 827,
    ""element"": ""C"",
    ""chemical_environment"": ""benzylic secondary carbon bearing an ether substituent (Ph-CH(OR)-R)"",
    ""functional_group"": ""benzyl ether alpha carbon (secondary)"",
    ""hybridization"": ""sp3"",
    ""example_molecule_smiles"": ""CC(c1ccccc1)OC"",
    ""group_smarts"": ""[cX3]-[CH](-[O;X2;!$(*=O)])-[#6]"",
    ""atom_specific_smarts"": ""[C:1;H1;X4](-[O;X2;!$(*=O)]-!@[#6])-[cX3]"",
    ""description"": ""Secondary benzylic methine connected to an ether oxygen and to an aromatic ring."",
    ""uncertainty"": ""25""
  },
  {
    ""atom_type"": 828,
    ""element"": ""C"",
    ""chemical_environment"": ""benzylic tertiary carbon bearing an ether substituent (Ph-C(OR)(R)R)"",
    ""functional_group"": ""benzyl ether alpha carbon (tertiary)"",
    ""hybridization"": ""sp3"",
    ""example_molecule_smiles"": ""CC(C)(c1ccccc1)OC"",
    ""group_smarts"": ""[cX3]-[C;H0;X4](-[O;X2;!$(*=O)])(-[#6])-[#6]"",
    ""atom_specific_smarts"": ""[C:1;H0;X4](-[O;X2;!$(*=O)]-!@[#6])(-[#6])-[cX3]"",
    ""description"": ""Tertiary benzylic carbon bound to an ether oxygen and two carbon substituents."",
    ""uncertainty"": ""25""
  },
  {
    ""atom_type"": 829,
    ""element"": ""C"",
    ""chemical_environment"": ""pyrrole ring carbon at C3 directly bonded to a phenyl ring (3-phenylpyrrole)"",
    ""functional_group"": ""heteroaryl–aryl biaryl junction (pyrrole side)"",
    ""hybridization"": ""sp2"",
    ""example_molecule_smiles"": ""c1c(c[nH]c1)c2ccccc2"",
    ""group_smarts"": ""[nH]1[c][c](-[a])[c][c]1"",
    ""atom_specific_smarts"": ""[nH]1[c][c:1](-[c;a])[c][c]1"",
    ""description"": ""The C3 atom of a pyrrole (five-membered ring with [nH]) that forms the C–C bond to a phenyl ring."",
    ""uncertainty"": ""45""
  },
  {
    ""atom_type"": 830,
    ""element"": ""C"",
    ""chemical_environment"": ""phenyl ipso carbon bonded to a pyrrole C3 (3-phenylpyrrole)"",
    ""functional_group"": ""heteroaryl–aryl biaryl junction (phenyl side)"",
    ""hybridization"": ""sp2"",
    ""example_molecule_smiles"": ""c1c(c[nH]c1)c2ccccc2"",
    ""group_smarts"": ""[cX3]-[c;$(*1~*~*~[nH]~*1)]"",
    ""atom_specific_smarts"": ""[c:1]-[c;$(*1~*~*~[nH]~*1)]"",
    ""description"": ""The phenyl ring ipso carbon directly bonded to a pyrrole ring carbon within a five-membered ring containing [nH]."",
    ""uncertainty"": ""45""
  },
  {
    ""atom_type"": 831,
    ""element"": ""C"",
    ""chemical_environment"": ""imidazole ring carbon at C4 directly bonded to a phenyl ring (4-phenyl-1H-imidazole)"",
    ""functional_group"": ""heteroaryl–aryl biaryl junction (imidazole side)"",
    ""hybridization"": ""sp2"",
    ""example_molecule_smiles"": ""c1[n]c(-c2ccccc2)[nH]c1"",
    ""group_smarts"": ""[nH]1[c][n][c](-[a])[n]1"",
    ""atom_specific_smarts"": ""[nH]1[c][n][c:1](-[c;a])[n]1"",
    ""description"": ""The C4 atom of an imidazole (five-membered ring with one [n] and one [nH]) that forms the C–C bond to a phenyl ring."",
    ""uncertainty"": ""50""
  },
  {
    ""atom_type"": 832,
    ""element"": ""C"",
    ""chemical_environment"": ""phenyl ipso carbon bonded to an imidazole C4 (4-phenyl-1H-imidazole)"",
    ""functional_group"": ""heteroaryl–aryl biaryl junction (phenyl side)"",
    ""hybridization"": ""sp2"",
    ""example_molecule_smiles"": ""c1[n]c(-c2ccccc2)[nH]c1"",
    ""group_smarts"": ""[cX3]-[c;$(*1~*~[n]~*~[nH]~*1)]"",
    ""atom_specific_smarts"": ""[c:1]-[c;$(*1~*~[n]~*~[nH]~*1)]"",
    ""description"": ""The phenyl ring ipso carbon directly bonded to an imidazole ring that contains one [n] and one [nH]."",
    ""uncertainty"": ""50""
  },
  {
    ""atom_type"": 833,
    ""element"": ""C"",
    ""chemical_environment"": ""phenyl ipso carbon of diphenylmethane (Ph-CH2-Ph) at the aryl–methylene junction"",
    ""functional_group"": ""aryl ipso carbon (benzylic linker to CH2)"",
    ""hybridization"": ""sp2"",
    ""example_molecule_smiles"": ""c1ccccc1CH2c2ccccc2"",
    ""group_smarts"": ""[cX3]-[CH2]-[c;a]"",
    ""atom_specific_smarts"": ""[c:1]-[CH2]-[c;a]"",
    ""description"": ""Aromatic carbon bearing the benzylic methylene substituent in diphenylmethane."",
    ""uncertainty"": ""20""
  },
  {
    ""atom_type"": 835,
    ""element"": ""C"",
    ""chemical_environment"": ""primary alkyl iodide carbon (R-CH2-I)"",
    ""functional_group"": ""alkyl iodide alpha carbon (primary)"",
    ""hybridization"": ""sp3"",
    ""example_molecule_smiles"": ""CCI"",
    ""group_smarts"": ""[#6;!a]-[CH2]-[I]"",
    ""atom_specific_smarts"": ""[C:1;H2;X4](-[I])-[#6;!a]"",
    ""description"": ""Primary sp3 carbon bonded to iodine and one carbon substituent."",
    ""uncertainty"": ""10""
  },
  {
    ""atom_type"": 836,
    ""element"": ""C"",
    ""chemical_environment"": ""secondary alkyl iodide carbon (R2CH-I)"",
    ""functional_group"": ""alkyl iodide alpha carbon (secondary)"",
    ""hybridization"": ""sp3"",
    ""example_molecule_smiles"": ""CC(C)I"",
    ""group_smarts"": ""[#6;!a]-[CH](-[I])-[#6;!a]"",
    ""atom_specific_smarts"": ""[C:1;H1;X4](-[I])(-[#6;!a])-[#6;!a]"",
    ""description"": ""Secondary sp3 carbon bonded to iodine and two carbon substituents."",
    ""uncertainty"": ""10""
  },
  {
    ""atom_type"": 837,
    ""element"": ""C"",
    ""chemical_environment"": ""tertiary alkyl iodide carbon (R3C-I)"",
    ""functional_group"": ""alkyl iodide alpha carbon (tertiary)"",
    ""hybridization"": ""sp3"",
    ""example_molecule_smiles"": ""CC(C)(C)I"",
    ""group_smarts"": ""[#6;!a]-[C;H0;X4](-[I])(-[#6;!a])-[#6;!a]"",
    ""atom_specific_smarts"": ""[C:1;H0;X4](-[I])(-[#6;!a])(-[#6;!a])"",
    ""description"": ""Tertiary sp3 carbon bonded to iodine and three carbon substituents."",
    ""uncertainty"": ""10""
  },
  {
    ""atom_type"": 841,
    ""element"": ""C"",
    ""chemical_environment"": ""phenyl ipso carbon bonded to a sulfonamide nitrogen (N-phenyl sulfonamide)"",
    ""functional_group"": ""aryl ipso carbon attached to sulfonamide N"",
    ""hybridization"": ""sp2"",
    ""example_molecule_smiles"": ""CS(=O)(=O)Nc1ccccc1"",
    ""group_smarts"": ""[cX3]-[N;X3]-S(=O)(=O)-[#6]"",
    ""atom_specific_smarts"": ""[c:1]-[N;X3]-S(=O)(=O)-[#6]"",
    ""description"": ""Aromatic carbon directly bonded to the nitrogen of a sulfonamide group."",
    ""uncertainty"": ""25""
  },
  {
    ""atom_type"": 842,
    ""element"": ""C"",
    ""chemical_environment"": ""phenyl ipso carbon attached to a carboxylate group (benzoate, Ar-C(=O)O−)"",
    ""functional_group"": ""aryl ipso carbon attached to carboxylate"",
    ""hybridization"": ""sp2"",
    ""example_molecule_smiles"": ""c1ccccc1C(=O)[O-]"",
    ""group_smarts"": ""[cX3]-[C;X3](=O)[O-]"",
    ""atom_specific_smarts"": ""[c:1]-[C;X3](=O)[O-]"",
    ""description"": ""Aromatic carbon bearing a carboxylate substituent in a benzoate anion."",
    ""uncertainty"": ""20""
  },
  {
    ""atom_type"": 844,
    ""element"": ""C"",
    ""chemical_environment"": ""phenyl ipso carbon attached to urea nitrogen (N-phenyl urea, Ar-N-C(=O)-NH)"",
    ""functional_group"": ""aryl ipso carbon attached to urea N"",
    ""hybridization"": ""sp2"",
    ""example_molecule_smiles"": ""O=C(N)Nc1ccccc1"",
    ""group_smarts"": ""[cX3]-[N;X3]-C(=O)-[N;X3]"",
    ""atom_specific_smarts"": ""[c:1]-[N;X3]-C(=O)-[N;X3]"",
    ""description"": ""Aromatic carbon directly bonded to the nitrogen of a urea group."",
    ""uncertainty"": ""25""
  },
  {
    ""atom_type"": 845,
    ""element"": ""C"",
    ""chemical_environment"": ""tertiary amide carbonyl carbon (R-C(=O)-NR2)"",
    ""functional_group"": ""amide carbonyl (tertiary amide)"",
    ""hybridization"": ""sp2"",
    ""example_molecule_smiles"": ""CC(=O)N(C)C"",
    ""group_smarts"": ""[C;X3](=O)-[N;X3;H0;$([N]([#6])[#6])]"",
    ""atom_specific_smarts"": ""[C:1;X3](=O)-[N;X3;H0;$([N]([#6])[#6])]"",
    ""description"": ""Carbonyl carbon of a tertiary amide (nitrogen substituted by two carbons, no N–H)."",
    ""uncertainty"": ""15""
  },
  {
    ""atom_type"": 848,
    ""element"": ""C"",
    ""chemical_environment"": ""methyl carbon attached to tertiary amide nitrogen (-NR-CH3, N adjacent to C=O)"",
    ""functional_group"": ""amide N-alkyl (methyl on tertiary amide N)"",
    ""hybridization"": ""sp3"",
    ""example_molecule_smiles"": ""CN(C)C=O"",
    ""group_smarts"": ""[CH3]-[N;X3;H0]-[C;X3](=O)"",
    ""atom_specific_smarts"": ""[C:1;H3;X4]-[N;X3;H0]-[C;X3](=O)"",
    ""description"": ""N-methyl carbon directly bound to an amide nitrogen in a tertiary amide."",
    ""uncertainty"": ""20""
  },
  {
    ""atom_type"": 849,
    ""element"": ""C"",
    ""chemical_environment"": ""methylene carbon attached to tertiary amide nitrogen (-NR-CH2R, N adjacent to C=O)"",
    ""functional_group"": ""amide N-alkyl (methylene on tertiary amide N)"",
    ""hybridization"": ""sp3"",
    ""example_molecule_smiles"": ""CCN(C)C(=O)C"",
    ""group_smarts"": ""[CH2]-[N;X3;H0]-[C;X3](=O)"",
    ""atom_specific_smarts"": ""[C:1;H2;X4]-[N;X3;H0]-[C;X3](=O)"",
    ""description"": ""N-methylene carbon directly bound to an amide nitrogen in a tertiary amide."",
    ""uncertainty"": ""20""
  },
  {
    ""atom_type"": 850,
    ""element"": ""C"",
    ""chemical_environment"": ""methine carbon attached to tertiary amide nitrogen (-NR-CHR2, N adjacent to C=O)"",
    ""functional_group"": ""amide N-alkyl (methine on tertiary amide N)"",
    ""hybridization"": ""sp3"",
    ""example_molecule_smiles"": ""CC(C)N(C)C(=O)C"",
    ""group_smarts"": ""[CH](-[#6])-[N;X3;H0]-[C;X3](=O)"",
    ""atom_specific_smarts"": ""[C:1;H1;X4](-[#6])-[N;X3;H0]-[C;X3](=O)"",
    ""description"": ""N-methine carbon directly bound to an amide nitrogen in a tertiary amide (secondary alkyl substituent)."",
    ""uncertainty"": ""25""
  }
]"
821,1.003,"""Aryl Hydroxamic Acid C""",12.011,oplsaa2008.lt,C,6,"Convert the following OPLS-AA atom type rows:

Atom Type Data:
- Atom index: 819
- Force field raw info: ""Benzyl Amine -CH2NR2""
- Partial charge: 0.145
- Atomic mass: 12.011
- Element guess: C
- Atomic number: 6
- Source file: oplsaa2008.lt


Atom Type Data:
- Atom index: 820
- Force field raw info: ""Alkyl Hydroxamic Acid C""
- Partial charge: 0.888
- Atomic mass: 12.011
- Element guess: C
- Atomic number: 6
- Source file: oplsaa2008.lt


Atom Type Data:
- Atom index: 821
- Force field raw info: ""Aryl Hydroxamic Acid C""
- Partial charge: 1.003
- Atomic mass: 12.011
- Element guess: C
- Atomic number: 6
- Source file: oplsaa2008.lt


Atom Type Data:
- Atom index: 827
- Force field raw info: ""Benzyl Ether -CHROR""
- Partial charge: 0.225
- Atomic mass: 12.011
- Element guess: C
- Atomic number: 6
- Source file: oplsaa2008.lt


Atom Type Data:
- Atom index: 828
- Force field raw info: ""Benzyl Ether -CR2OR""
- Partial charge: 0.255
- Atomic mass: 12.011
- Element guess: C
- Atomic number: 6
- Source file: oplsaa2008.lt


Atom Type Data:
- Atom index: 829
- Force field raw info: ""3-Phenyl Pyrrole C3""
- Partial charge: -0.034
- Atomic mass: 12.011
- Element guess: C
- Atomic number: 6
- Source file: oplsaa2008.lt


Atom Type Data:
- Atom index: 830
- Force field raw info: ""3-Phenyl Pyrrole C3'""
- Partial charge: 0.003
- Atomic mass: 12.011
- Element guess: C
- Atomic number: 6
- Source file: oplsaa2008.lt


Atom Type Data:
- Atom index: 831
- Force field raw info: ""4-Phenyl Imidazole C4""
- Partial charge: 0.3
- Atomic mass: 12.011
- Element guess: C
- Atomic number: 6
- Source file: oplsaa2008.lt


Atom Type Data:
- Atom index: 832
- Force field raw info: ""4-Phenyl Imidazole C4'""
- Partial charge: -0.04
- Atomic mass: 12.011
- Element guess: C
- Atomic number: 6
- Source file: oplsaa2008.lt


Atom Type Data:
- Atom index: 833
- Force field raw info: ""Diphenylmethane Cipso""
- Partial charge: -0.0575
- Atomic mass: 12.011
- Element guess: C
- Atomic number: 6
- Source file: oplsaa2008.lt


Atom Type Data:
- Atom index: 835
- Force field raw info: ""Alkyl Iodide RCH2-I""
- Partial charge: -0.07
- Atomic mass: 12.011
- Element guess: C
- Atomic number: 6
- Source file: oplsaa2008.lt


Atom Type Data:
- Atom index: 836
- Force field raw info: ""Alkyl Iodide R2CH-I""
- Partial charge: 0.03
- Atomic mass: 12.011
- Element guess: C
- Atomic number: 6
- Source file: oplsaa2008.lt


Atom Type Data:
- Atom index: 837
- Force field raw info: ""Alkyl Iodide R3C-I""
- Partial charge: 0.13
- Atomic mass: 12.011
- Element guess: C
- Atomic number: 6
- Source file: oplsaa2008.lt


Atom Type Data:
- Atom index: 841
- Force field raw info: ""N-Ph Sulfonamide Cipso""
- Partial charge: 0.155
- Atomic mass: 12.011
- Element guess: C
- Atomic number: 6
- Source file: oplsaa2008.lt


Atom Type Data:
- Atom index: 842
- Force field raw info: ""Benzoate C-COO-""
- Partial charge: -0.1
- Atomic mass: 12.011
- Element guess: C
- Atomic number: 6
- Source file: oplsaa2008.lt


Atom Type Data:
- Atom index: 844
- Force field raw info: ""N-Phenyl Urea Cipso""
- Partial charge: 0.218
- Atomic mass: 12.011
- Element guess: C
- Atomic number: 6
- Source file: oplsaa2008.lt


Atom Type Data:
- Atom index: 845
- Force field raw info: ""Tertiary Amide -CO-NR2""
- Partial charge: 0.6
- Atomic mass: 12.011
- Element guess: C
- Atomic number: 6
- Source file: oplsaa2008.lt


Atom Type Data:
- Atom index: 848
- Force field raw info: ""Tertiary Amide -NRCH3""
- Partial charge: 0.0
- Atomic mass: 12.011
- Element guess: C
- Atomic number: 6
- Source file: oplsaa2008.lt


Atom Type Data:
- Atom index: 849
- Force field raw info: ""Tertiary Amide -NRCH2R""
- Partial charge: 0.06
- Atomic mass: 12.011
- Element guess: C
- Atomic number: 6
- Source file: oplsaa2008.lt


Atom Type Data:
- Atom index: 850
- Force field raw info: ""Tertiary Amide -NRCHR2""
- Partial charge: 0.12
- Atomic mass: 12.011
- Element guess: C
- Atomic number: 6
- Source file: oplsaa2008.lt
","[
  {
    ""atom_type"": 819,
    ""element"": ""C"",
    ""chemical_environment"": ""benzylic CH2 attached to a tertiary amine nitrogen (Ph-CH2-NR2)"",
    ""functional_group"": ""benzyl amine alpha carbon"",
    ""hybridization"": ""sp3"",
    ""example_molecule_smiles"": ""CN(C)Cc1ccccc1"",
    ""group_smarts"": ""[cX3]-[CH2]-[N;X3;!$([NX3](=O))]"",
    ""atom_specific_smarts"": ""[C:1;H2;X4](-[N;X3;!$([NX3](=O))])-[cX3]"",
    ""description"": ""The benzylic methylene carbon directly bonded to an amine N and an aromatic carbon."",
    ""uncertainty"": ""20""
  },
  {
    ""atom_type"": 820,
    ""element"": ""C"",
    ""chemical_environment"": ""carbonyl carbon of an alkyl-substituted hydroxamic acid (R-CO-N(OH/R′))"",
    ""functional_group"": ""hydroxamic acid carbonyl (alkyl acyl)"",
    ""hybridization"": ""sp2"",
    ""example_molecule_smiles"": ""CC(=O)N(O)H"",
    ""group_smarts"": ""[C;X3](=O)(-[N;X3]-[O;X2])-[A]"",
    ""atom_specific_smarts"": ""[C:1;X3](=O)(-[N;X3]-[O;X2])-[C;X4;!a]"",
    ""description"": ""Acyl carbon of a hydroxamic acid where the acyl substituent is aliphatic (alkyl)."",
    ""uncertainty"": ""30""
  },
  {
    ""atom_type"": 821,
    ""element"": ""C"",
    ""chemical_environment"": ""carbonyl carbon of an aryl-substituted hydroxamic acid (Ar-CO-N(OH/R′))"",
    ""functional_group"": ""hydroxamic acid carbonyl (aryl acyl)"",
    ""hybridization"": ""sp2"",
    ""example_molecule_smiles"": ""O=C(N(O)H)c1ccccc1"",
    ""group_smarts"": ""[C;X3](=O)(-[N;X3]-[O;X2])-[cX3]"",
    ""atom_specific_smarts"": ""[C:1;X3](=O)(-[N;X3]-[O;X2])-[cX3]"",
    ""description"": ""Acyl carbon of a hydroxamic acid where the acyl substituent is aromatic (aryl)."",
    ""uncertainty"": ""30""
  },
  {
    ""atom_type"": 827,
    ""element"": ""C"",
    ""chemical_environment"": ""benzylic secondary carbon bearing an ether substituent (Ph-CH(OR)-R)"",
    ""functional_group"": ""benzyl ether alpha carbon (secondary)"",
    ""hybridization"": ""sp3"",
    ""example_molecule_smiles"": ""CC(c1ccccc1)OC"",
    ""group_smarts"": ""[cX3]-[CH](-[O;X2;!$(*=O)])-[#6]"",
    ""atom_specific_smarts"": ""[C:1;H1;X4](-[O;X2;!$(*=O)]-!@[#6])-[cX3]"",
    ""description"": ""Secondary benzylic methine connected to an ether oxygen and to an aromatic ring."",
    ""uncertainty"": ""25""
  },
  {
    ""atom_type"": 828,
    ""element"": ""C"",
    ""chemical_environment"": ""benzylic tertiary carbon bearing an ether substituent (Ph-C(OR)(R)R)"",
    ""functional_group"": ""benzyl ether alpha carbon (tertiary)"",
    ""hybridization"": ""sp3"",
    ""example_molecule_smiles"": ""CC(C)(c1ccccc1)OC"",
    ""group_smarts"": ""[cX3]-[C;H0;X4](-[O;X2;!$(*=O)])(-[#6])-[#6]"",
    ""atom_specific_smarts"": ""[C:1;H0;X4](-[O;X2;!$(*=O)]-!@[#6])(-[#6])-[cX3]"",
    ""description"": ""Tertiary benzylic carbon bound to an ether oxygen and two carbon substituents."",
    ""uncertainty"": ""25""
  },
  {
    ""atom_type"": 829,
    ""element"": ""C"",
    ""chemical_environment"": ""pyrrole ring carbon at C3 directly bonded to a phenyl ring (3-phenylpyrrole)"",
    ""functional_group"": ""heteroaryl–aryl biaryl junction (pyrrole side)"",
    ""hybridization"": ""sp2"",
    ""example_molecule_smiles"": ""c1c(c[nH]c1)c2ccccc2"",
    ""group_smarts"": ""[nH]1[c][c](-[a])[c][c]1"",
    ""atom_specific_smarts"": ""[nH]1[c][c:1](-[c;a])[c][c]1"",
    ""description"": ""The C3 atom of a pyrrole (five-membered ring with [nH]) that forms the C–C bond to a phenyl ring."",
    ""uncertainty"": ""45""
  },
  {
    ""atom_type"": 830,
    ""element"": ""C"",
    ""chemical_environment"": ""phenyl ipso carbon bonded to a pyrrole C3 (3-phenylpyrrole)"",
    ""functional_group"": ""heteroaryl–aryl biaryl junction (phenyl side)"",
    ""hybridization"": ""sp2"",
    ""example_molecule_smiles"": ""c1c(c[nH]c1)c2ccccc2"",
    ""group_smarts"": ""[cX3]-[c;$(*1~*~*~[nH]~*1)]"",
    ""atom_specific_smarts"": ""[c:1]-[c;$(*1~*~*~[nH]~*1)]"",
    ""description"": ""The phenyl ring ipso carbon directly bonded to a pyrrole ring carbon within a five-membered ring containing [nH]."",
    ""uncertainty"": ""45""
  },
  {
    ""atom_type"": 831,
    ""element"": ""C"",
    ""chemical_environment"": ""imidazole ring carbon at C4 directly bonded to a phenyl ring (4-phenyl-1H-imidazole)"",
    ""functional_group"": ""heteroaryl–aryl biaryl junction (imidazole side)"",
    ""hybridization"": ""sp2"",
    ""example_molecule_smiles"": ""c1[n]c(-c2ccccc2)[nH]c1"",
    ""group_smarts"": ""[nH]1[c][n][c](-[a])[n]1"",
    ""atom_specific_smarts"": ""[nH]1[c][n][c:1](-[c;a])[n]1"",
    ""description"": ""The C4 atom of an imidazole (five-membered ring with one [n] and one [nH]) that forms the C–C bond to a phenyl ring."",
    ""uncertainty"": ""50""
  },
  {
    ""atom_type"": 832,
    ""element"": ""C"",
    ""chemical_environment"": ""phenyl ipso carbon bonded to an imidazole C4 (4-phenyl-1H-imidazole)"",
    ""functional_group"": ""heteroaryl–aryl biaryl junction (phenyl side)"",
    ""hybridization"": ""sp2"",
    ""example_molecule_smiles"": ""c1[n]c(-c2ccccc2)[nH]c1"",
    ""group_smarts"": ""[cX3]-[c;$(*1~*~[n]~*~[nH]~*1)]"",
    ""atom_specific_smarts"": ""[c:1]-[c;$(*1~*~[n]~*~[nH]~*1)]"",
    ""description"": ""The phenyl ring ipso carbon directly bonded to an imidazole ring that contains one [n] and one [nH]."",
    ""uncertainty"": ""50""
  },
  {
    ""atom_type"": 833,
    ""element"": ""C"",
    ""chemical_environment"": ""phenyl ipso carbon of diphenylmethane (Ph-CH2-Ph) at the aryl–methylene junction"",
    ""functional_group"": ""aryl ipso carbon (benzylic linker to CH2)"",
    ""hybridization"": ""sp2"",
    ""example_molecule_smiles"": ""c1ccccc1CH2c2ccccc2"",
    ""group_smarts"": ""[cX3]-[CH2]-[c;a]"",
    ""atom_specific_smarts"": ""[c:1]-[CH2]-[c;a]"",
    ""description"": ""Aromatic carbon bearing the benzylic methylene substituent in diphenylmethane."",
    ""uncertainty"": ""20""
  },
  {
    ""atom_type"": 835,
    ""element"": ""C"",
    ""chemical_environment"": ""primary alkyl iodide carbon (R-CH2-I)"",
    ""functional_group"": ""alkyl iodide alpha carbon (primary)"",
    ""hybridization"": ""sp3"",
    ""example_molecule_smiles"": ""CCI"",
    ""group_smarts"": ""[#6;!a]-[CH2]-[I]"",
    ""atom_specific_smarts"": ""[C:1;H2;X4](-[I])-[#6;!a]"",
    ""description"": ""Primary sp3 carbon bonded to iodine and one carbon substituent."",
    ""uncertainty"": ""10""
  },
  {
    ""atom_type"": 836,
    ""element"": ""C"",
    ""chemical_environment"": ""secondary alkyl iodide carbon (R2CH-I)"",
    ""functional_group"": ""alkyl iodide alpha carbon (secondary)"",
    ""hybridization"": ""sp3"",
    ""example_molecule_smiles"": ""CC(C)I"",
    ""group_smarts"": ""[#6;!a]-[CH](-[I])-[#6;!a]"",
    ""atom_specific_smarts"": ""[C:1;H1;X4](-[I])(-[#6;!a])-[#6;!a]"",
    ""description"": ""Secondary sp3 carbon bonded to iodine and two carbon substituents."",
    ""uncertainty"": ""10""
  },
  {
    ""atom_type"": 837,
    ""element"": ""C"",
    ""chemical_environment"": ""tertiary alkyl iodide carbon (R3C-I)"",
    ""functional_group"": ""alkyl iodide alpha carbon (tertiary)"",
    ""hybridization"": ""sp3"",
    ""example_molecule_smiles"": ""CC(C)(C)I"",
    ""group_smarts"": ""[#6;!a]-[C;H0;X4](-[I])(-[#6;!a])-[#6;!a]"",
    ""atom_specific_smarts"": ""[C:1;H0;X4](-[I])(-[#6;!a])(-[#6;!a])"",
    ""description"": ""Tertiary sp3 carbon bonded to iodine and three carbon substituents."",
    ""uncertainty"": ""10""
  },
  {
    ""atom_type"": 841,
    ""element"": ""C"",
    ""chemical_environment"": ""phenyl ipso carbon bonded to a sulfonamide nitrogen (N-phenyl sulfonamide)"",
    ""functional_group"": ""aryl ipso carbon attached to sulfonamide N"",
    ""hybridization"": ""sp2"",
    ""example_molecule_smiles"": ""CS(=O)(=O)Nc1ccccc1"",
    ""group_smarts"": ""[cX3]-[N;X3]-S(=O)(=O)-[#6]"",
    ""atom_specific_smarts"": ""[c:1]-[N;X3]-S(=O)(=O)-[#6]"",
    ""description"": ""Aromatic carbon directly bonded to the nitrogen of a sulfonamide group."",
    ""uncertainty"": ""25""
  },
  {
    ""atom_type"": 842,
    ""element"": ""C"",
    ""chemical_environment"": ""phenyl ipso carbon attached to a carboxylate group (benzoate, Ar-C(=O)O−)"",
    ""functional_group"": ""aryl ipso carbon attached to carboxylate"",
    ""hybridization"": ""sp2"",
    ""example_molecule_smiles"": ""c1ccccc1C(=O)[O-]"",
    ""group_smarts"": ""[cX3]-[C;X3](=O)[O-]"",
    ""atom_specific_smarts"": ""[c:1]-[C;X3](=O)[O-]"",
    ""description"": ""Aromatic carbon bearing a carboxylate substituent in a benzoate anion."",
    ""uncertainty"": ""20""
  },
  {
    ""atom_type"": 844,
    ""element"": ""C"",
    ""chemical_environment"": ""phenyl ipso carbon attached to urea nitrogen (N-phenyl urea, Ar-N-C(=O)-NH)"",
    ""functional_group"": ""aryl ipso carbon attached to urea N"",
    ""hybridization"": ""sp2"",
    ""example_molecule_smiles"": ""O=C(N)Nc1ccccc1"",
    ""group_smarts"": ""[cX3]-[N;X3]-C(=O)-[N;X3]"",
    ""atom_specific_smarts"": ""[c:1]-[N;X3]-C(=O)-[N;X3]"",
    ""description"": ""Aromatic carbon directly bonded to the nitrogen of a urea group."",
    ""uncertainty"": ""25""
  },
  {
    ""atom_type"": 845,
    ""element"": ""C"",
    ""chemical_environment"": ""tertiary amide carbonyl carbon (R-C(=O)-NR2)"",
    ""functional_group"": ""amide carbonyl (tertiary amide)"",
    ""hybridization"": ""sp2"",
    ""example_molecule_smiles"": ""CC(=O)N(C)C"",
    ""group_smarts"": ""[C;X3](=O)-[N;X3;H0;$([N]([#6])[#6])]"",
    ""atom_specific_smarts"": ""[C:1;X3](=O)-[N;X3;H0;$([N]([#6])[#6])]"",
    ""description"": ""Carbonyl carbon of a tertiary amide (nitrogen substituted by two carbons, no N–H)."",
    ""uncertainty"": ""15""
  },
  {
    ""atom_type"": 848,
    ""element"": ""C"",
    ""chemical_environment"": ""methyl carbon attached to tertiary amide nitrogen (-NR-CH3, N adjacent to C=O)"",
    ""functional_group"": ""amide N-alkyl (methyl on tertiary amide N)"",
    ""hybridization"": ""sp3"",
    ""example_molecule_smiles"": ""CN(C)C=O"",
    ""group_smarts"": ""[CH3]-[N;X3;H0]-[C;X3](=O)"",
    ""atom_specific_smarts"": ""[C:1;H3;X4]-[N;X3;H0]-[C;X3](=O)"",
    ""description"": ""N-methyl carbon directly bound to an amide nitrogen in a tertiary amide."",
    ""uncertainty"": ""20""
  },
  {
    ""atom_type"": 849,
    ""element"": ""C"",
    ""chemical_environment"": ""methylene carbon attached to tertiary amide nitrogen (-NR-CH2R, N adjacent to C=O)"",
    ""functional_group"": ""amide N-alkyl (methylene on tertiary amide N)"",
    ""hybridization"": ""sp3"",
    ""example_molecule_smiles"": ""CCN(C)C(=O)C"",
    ""group_smarts"": ""[CH2]-[N;X3;H0]-[C;X3](=O)"",
    ""atom_specific_smarts"": ""[C:1;H2;X4]-[N;X3;H0]-[C;X3](=O)"",
    ""description"": ""N-methylene carbon directly bound to an amide nitrogen in a tertiary amide."",
    ""uncertainty"": ""20""
  },
  {
    ""atom_type"": 850,
    ""element"": ""C"",
    ""chemical_environment"": ""methine carbon attached to tertiary amide nitrogen (-NR-CHR2, N adjacent to C=O)"",
    ""functional_group"": ""amide N-alkyl (methine on tertiary amide N)"",
    ""hybridization"": ""sp3"",
    ""example_molecule_smiles"": ""CC(C)N(C)C(=O)C"",
    ""group_smarts"": ""[CH](-[#6])-[N;X3;H0]-[C;X3](=O)"",
    ""atom_specific_smarts"": ""[C:1;H1;X4](-[#6])-[N;X3;H0]-[C;X3](=O)"",
    ""description"": ""N-methine carbon directly bound to an amide nitrogen in a tertiary amide (secondary alkyl substituent)."",
    ""uncertainty"": ""25""
  }
]"
827,0.225,"""Benzyl Ether -CHROR""",12.011,oplsaa2008.lt,C,6,"Convert the following OPLS-AA atom type rows:

Atom Type Data:
- Atom index: 819
- Force field raw info: ""Benzyl Amine -CH2NR2""
- Partial charge: 0.145
- Atomic mass: 12.011
- Element guess: C
- Atomic number: 6
- Source file: oplsaa2008.lt


Atom Type Data:
- Atom index: 820
- Force field raw info: ""Alkyl Hydroxamic Acid C""
- Partial charge: 0.888
- Atomic mass: 12.011
- Element guess: C
- Atomic number: 6
- Source file: oplsaa2008.lt


Atom Type Data:
- Atom index: 821
- Force field raw info: ""Aryl Hydroxamic Acid C""
- Partial charge: 1.003
- Atomic mass: 12.011
- Element guess: C
- Atomic number: 6
- Source file: oplsaa2008.lt


Atom Type Data:
- Atom index: 827
- Force field raw info: ""Benzyl Ether -CHROR""
- Partial charge: 0.225
- Atomic mass: 12.011
- Element guess: C
- Atomic number: 6
- Source file: oplsaa2008.lt


Atom Type Data:
- Atom index: 828
- Force field raw info: ""Benzyl Ether -CR2OR""
- Partial charge: 0.255
- Atomic mass: 12.011
- Element guess: C
- Atomic number: 6
- Source file: oplsaa2008.lt


Atom Type Data:
- Atom index: 829
- Force field raw info: ""3-Phenyl Pyrrole C3""
- Partial charge: -0.034
- Atomic mass: 12.011
- Element guess: C
- Atomic number: 6
- Source file: oplsaa2008.lt


Atom Type Data:
- Atom index: 830
- Force field raw info: ""3-Phenyl Pyrrole C3'""
- Partial charge: 0.003
- Atomic mass: 12.011
- Element guess: C
- Atomic number: 6
- Source file: oplsaa2008.lt


Atom Type Data:
- Atom index: 831
- Force field raw info: ""4-Phenyl Imidazole C4""
- Partial charge: 0.3
- Atomic mass: 12.011
- Element guess: C
- Atomic number: 6
- Source file: oplsaa2008.lt


Atom Type Data:
- Atom index: 832
- Force field raw info: ""4-Phenyl Imidazole C4'""
- Partial charge: -0.04
- Atomic mass: 12.011
- Element guess: C
- Atomic number: 6
- Source file: oplsaa2008.lt


Atom Type Data:
- Atom index: 833
- Force field raw info: ""Diphenylmethane Cipso""
- Partial charge: -0.0575
- Atomic mass: 12.011
- Element guess: C
- Atomic number: 6
- Source file: oplsaa2008.lt


Atom Type Data:
- Atom index: 835
- Force field raw info: ""Alkyl Iodide RCH2-I""
- Partial charge: -0.07
- Atomic mass: 12.011
- Element guess: C
- Atomic number: 6
- Source file: oplsaa2008.lt


Atom Type Data:
- Atom index: 836
- Force field raw info: ""Alkyl Iodide R2CH-I""
- Partial charge: 0.03
- Atomic mass: 12.011
- Element guess: C
- Atomic number: 6
- Source file: oplsaa2008.lt


Atom Type Data:
- Atom index: 837
- Force field raw info: ""Alkyl Iodide R3C-I""
- Partial charge: 0.13
- Atomic mass: 12.011
- Element guess: C
- Atomic number: 6
- Source file: oplsaa2008.lt


Atom Type Data:
- Atom index: 841
- Force field raw info: ""N-Ph Sulfonamide Cipso""
- Partial charge: 0.155
- Atomic mass: 12.011
- Element guess: C
- Atomic number: 6
- Source file: oplsaa2008.lt


Atom Type Data:
- Atom index: 842
- Force field raw info: ""Benzoate C-COO-""
- Partial charge: -0.1
- Atomic mass: 12.011
- Element guess: C
- Atomic number: 6
- Source file: oplsaa2008.lt


Atom Type Data:
- Atom index: 844
- Force field raw info: ""N-Phenyl Urea Cipso""
- Partial charge: 0.218
- Atomic mass: 12.011
- Element guess: C
- Atomic number: 6
- Source file: oplsaa2008.lt


Atom Type Data:
- Atom index: 845
- Force field raw info: ""Tertiary Amide -CO-NR2""
- Partial charge: 0.6
- Atomic mass: 12.011
- Element guess: C
- Atomic number: 6
- Source file: oplsaa2008.lt


Atom Type Data:
- Atom index: 848
- Force field raw info: ""Tertiary Amide -NRCH3""
- Partial charge: 0.0
- Atomic mass: 12.011
- Element guess: C
- Atomic number: 6
- Source file: oplsaa2008.lt


Atom Type Data:
- Atom index: 849
- Force field raw info: ""Tertiary Amide -NRCH2R""
- Partial charge: 0.06
- Atomic mass: 12.011
- Element guess: C
- Atomic number: 6
- Source file: oplsaa2008.lt


Atom Type Data:
- Atom index: 850
- Force field raw info: ""Tertiary Amide -NRCHR2""
- Partial charge: 0.12
- Atomic mass: 12.011
- Element guess: C
- Atomic number: 6
- Source file: oplsaa2008.lt
","[
  {
    ""atom_type"": 819,
    ""element"": ""C"",
    ""chemical_environment"": ""benzylic CH2 attached to a tertiary amine nitrogen (Ph-CH2-NR2)"",
    ""functional_group"": ""benzyl amine alpha carbon"",
    ""hybridization"": ""sp3"",
    ""example_molecule_smiles"": ""CN(C)Cc1ccccc1"",
    ""group_smarts"": ""[cX3]-[CH2]-[N;X3;!$([NX3](=O))]"",
    ""atom_specific_smarts"": ""[C:1;H2;X4](-[N;X3;!$([NX3](=O))])-[cX3]"",
    ""description"": ""The benzylic methylene carbon directly bonded to an amine N and an aromatic carbon."",
    ""uncertainty"": ""20""
  },
  {
    ""atom_type"": 820,
    ""element"": ""C"",
    ""chemical_environment"": ""carbonyl carbon of an alkyl-substituted hydroxamic acid (R-CO-N(OH/R′))"",
    ""functional_group"": ""hydroxamic acid carbonyl (alkyl acyl)"",
    ""hybridization"": ""sp2"",
    ""example_molecule_smiles"": ""CC(=O)N(O)H"",
    ""group_smarts"": ""[C;X3](=O)(-[N;X3]-[O;X2])-[A]"",
    ""atom_specific_smarts"": ""[C:1;X3](=O)(-[N;X3]-[O;X2])-[C;X4;!a]"",
    ""description"": ""Acyl carbon of a hydroxamic acid where the acyl substituent is aliphatic (alkyl)."",
    ""uncertainty"": ""30""
  },
  {
    ""atom_type"": 821,
    ""element"": ""C"",
    ""chemical_environment"": ""carbonyl carbon of an aryl-substituted hydroxamic acid (Ar-CO-N(OH/R′))"",
    ""functional_group"": ""hydroxamic acid carbonyl (aryl acyl)"",
    ""hybridization"": ""sp2"",
    ""example_molecule_smiles"": ""O=C(N(O)H)c1ccccc1"",
    ""group_smarts"": ""[C;X3](=O)(-[N;X3]-[O;X2])-[cX3]"",
    ""atom_specific_smarts"": ""[C:1;X3](=O)(-[N;X3]-[O;X2])-[cX3]"",
    ""description"": ""Acyl carbon of a hydroxamic acid where the acyl substituent is aromatic (aryl)."",
    ""uncertainty"": ""30""
  },
  {
    ""atom_type"": 827,
    ""element"": ""C"",
    ""chemical_environment"": ""benzylic secondary carbon bearing an ether substituent (Ph-CH(OR)-R)"",
    ""functional_group"": ""benzyl ether alpha carbon (secondary)"",
    ""hybridization"": ""sp3"",
    ""example_molecule_smiles"": ""CC(c1ccccc1)OC"",
    ""group_smarts"": ""[cX3]-[CH](-[O;X2;!$(*=O)])-[#6]"",
    ""atom_specific_smarts"": ""[C:1;H1;X4](-[O;X2;!$(*=O)]-!@[#6])-[cX3]"",
    ""description"": ""Secondary benzylic methine connected to an ether oxygen and to an aromatic ring."",
    ""uncertainty"": ""25""
  },
  {
    ""atom_type"": 828,
    ""element"": ""C"",
    ""chemical_environment"": ""benzylic tertiary carbon bearing an ether substituent (Ph-C(OR)(R)R)"",
    ""functional_group"": ""benzyl ether alpha carbon (tertiary)"",
    ""hybridization"": ""sp3"",
    ""example_molecule_smiles"": ""CC(C)(c1ccccc1)OC"",
    ""group_smarts"": ""[cX3]-[C;H0;X4](-[O;X2;!$(*=O)])(-[#6])-[#6]"",
    ""atom_specific_smarts"": ""[C:1;H0;X4](-[O;X2;!$(*=O)]-!@[#6])(-[#6])-[cX3]"",
    ""description"": ""Tertiary benzylic carbon bound to an ether oxygen and two carbon substituents."",
    ""uncertainty"": ""25""
  },
  {
    ""atom_type"": 829,
    ""element"": ""C"",
    ""chemical_environment"": ""pyrrole ring carbon at C3 directly bonded to a phenyl ring (3-phenylpyrrole)"",
    ""functional_group"": ""heteroaryl–aryl biaryl junction (pyrrole side)"",
    ""hybridization"": ""sp2"",
    ""example_molecule_smiles"": ""c1c(c[nH]c1)c2ccccc2"",
    ""group_smarts"": ""[nH]1[c][c](-[a])[c][c]1"",
    ""atom_specific_smarts"": ""[nH]1[c][c:1](-[c;a])[c][c]1"",
    ""description"": ""The C3 atom of a pyrrole (five-membered ring with [nH]) that forms the C–C bond to a phenyl ring."",
    ""uncertainty"": ""45""
  },
  {
    ""atom_type"": 830,
    ""element"": ""C"",
    ""chemical_environment"": ""phenyl ipso carbon bonded to a pyrrole C3 (3-phenylpyrrole)"",
    ""functional_group"": ""heteroaryl–aryl biaryl junction (phenyl side)"",
    ""hybridization"": ""sp2"",
    ""example_molecule_smiles"": ""c1c(c[nH]c1)c2ccccc2"",
    ""group_smarts"": ""[cX3]-[c;$(*1~*~*~[nH]~*1)]"",
    ""atom_specific_smarts"": ""[c:1]-[c;$(*1~*~*~[nH]~*1)]"",
    ""description"": ""The phenyl ring ipso carbon directly bonded to a pyrrole ring carbon within a five-membered ring containing [nH]."",
    ""uncertainty"": ""45""
  },
  {
    ""atom_type"": 831,
    ""element"": ""C"",
    ""chemical_environment"": ""imidazole ring carbon at C4 directly bonded to a phenyl ring (4-phenyl-1H-imidazole)"",
    ""functional_group"": ""heteroaryl–aryl biaryl junction (imidazole side)"",
    ""hybridization"": ""sp2"",
    ""example_molecule_smiles"": ""c1[n]c(-c2ccccc2)[nH]c1"",
    ""group_smarts"": ""[nH]1[c][n][c](-[a])[n]1"",
    ""atom_specific_smarts"": ""[nH]1[c][n][c:1](-[c;a])[n]1"",
    ""description"": ""The C4 atom of an imidazole (five-membered ring with one [n] and one [nH]) that forms the C–C bond to a phenyl ring."",
    ""uncertainty"": ""50""
  },
  {
    ""atom_type"": 832,
    ""element"": ""C"",
    ""chemical_environment"": ""phenyl ipso carbon bonded to an imidazole C4 (4-phenyl-1H-imidazole)"",
    ""functional_group"": ""heteroaryl–aryl biaryl junction (phenyl side)"",
    ""hybridization"": ""sp2"",
    ""example_molecule_smiles"": ""c1[n]c(-c2ccccc2)[nH]c1"",
    ""group_smarts"": ""[cX3]-[c;$(*1~*~[n]~*~[nH]~*1)]"",
    ""atom_specific_smarts"": ""[c:1]-[c;$(*1~*~[n]~*~[nH]~*1)]"",
    ""description"": ""The phenyl ring ipso carbon directly bonded to an imidazole ring that contains one [n] and one [nH]."",
    ""uncertainty"": ""50""
  },
  {
    ""atom_type"": 833,
    ""element"": ""C"",
    ""chemical_environment"": ""phenyl ipso carbon of diphenylmethane (Ph-CH2-Ph) at the aryl–methylene junction"",
    ""functional_group"": ""aryl ipso carbon (benzylic linker to CH2)"",
    ""hybridization"": ""sp2"",
    ""example_molecule_smiles"": ""c1ccccc1CH2c2ccccc2"",
    ""group_smarts"": ""[cX3]-[CH2]-[c;a]"",
    ""atom_specific_smarts"": ""[c:1]-[CH2]-[c;a]"",
    ""description"": ""Aromatic carbon bearing the benzylic methylene substituent in diphenylmethane."",
    ""uncertainty"": ""20""
  },
  {
    ""atom_type"": 835,
    ""element"": ""C"",
    ""chemical_environment"": ""primary alkyl iodide carbon (R-CH2-I)"",
    ""functional_group"": ""alkyl iodide alpha carbon (primary)"",
    ""hybridization"": ""sp3"",
    ""example_molecule_smiles"": ""CCI"",
    ""group_smarts"": ""[#6;!a]-[CH2]-[I]"",
    ""atom_specific_smarts"": ""[C:1;H2;X4](-[I])-[#6;!a]"",
    ""description"": ""Primary sp3 carbon bonded to iodine and one carbon substituent."",
    ""uncertainty"": ""10""
  },
  {
    ""atom_type"": 836,
    ""element"": ""C"",
    ""chemical_environment"": ""secondary alkyl iodide carbon (R2CH-I)"",
    ""functional_group"": ""alkyl iodide alpha carbon (secondary)"",
    ""hybridization"": ""sp3"",
    ""example_molecule_smiles"": ""CC(C)I"",
    ""group_smarts"": ""[#6;!a]-[CH](-[I])-[#6;!a]"",
    ""atom_specific_smarts"": ""[C:1;H1;X4](-[I])(-[#6;!a])-[#6;!a]"",
    ""description"": ""Secondary sp3 carbon bonded to iodine and two carbon substituents."",
    ""uncertainty"": ""10""
  },
  {
    ""atom_type"": 837,
    ""element"": ""C"",
    ""chemical_environment"": ""tertiary alkyl iodide carbon (R3C-I)"",
    ""functional_group"": ""alkyl iodide alpha carbon (tertiary)"",
    ""hybridization"": ""sp3"",
    ""example_molecule_smiles"": ""CC(C)(C)I"",
    ""group_smarts"": ""[#6;!a]-[C;H0;X4](-[I])(-[#6;!a])-[#6;!a]"",
    ""atom_specific_smarts"": ""[C:1;H0;X4](-[I])(-[#6;!a])(-[#6;!a])"",
    ""description"": ""Tertiary sp3 carbon bonded to iodine and three carbon substituents."",
    ""uncertainty"": ""10""
  },
  {
    ""atom_type"": 841,
    ""element"": ""C"",
    ""chemical_environment"": ""phenyl ipso carbon bonded to a sulfonamide nitrogen (N-phenyl sulfonamide)"",
    ""functional_group"": ""aryl ipso carbon attached to sulfonamide N"",
    ""hybridization"": ""sp2"",
    ""example_molecule_smiles"": ""CS(=O)(=O)Nc1ccccc1"",
    ""group_smarts"": ""[cX3]-[N;X3]-S(=O)(=O)-[#6]"",
    ""atom_specific_smarts"": ""[c:1]-[N;X3]-S(=O)(=O)-[#6]"",
    ""description"": ""Aromatic carbon directly bonded to the nitrogen of a sulfonamide group."",
    ""uncertainty"": ""25""
  },
  {
    ""atom_type"": 842,
    ""element"": ""C"",
    ""chemical_environment"": ""phenyl ipso carbon attached to a carboxylate group (benzoate, Ar-C(=O)O−)"",
    ""functional_group"": ""aryl ipso carbon attached to carboxylate"",
    ""hybridization"": ""sp2"",
    ""example_molecule_smiles"": ""c1ccccc1C(=O)[O-]"",
    ""group_smarts"": ""[cX3]-[C;X3](=O)[O-]"",
    ""atom_specific_smarts"": ""[c:1]-[C;X3](=O)[O-]"",
    ""description"": ""Aromatic carbon bearing a carboxylate substituent in a benzoate anion."",
    ""uncertainty"": ""20""
  },
  {
    ""atom_type"": 844,
    ""element"": ""C"",
    ""chemical_environment"": ""phenyl ipso carbon attached to urea nitrogen (N-phenyl urea, Ar-N-C(=O)-NH)"",
    ""functional_group"": ""aryl ipso carbon attached to urea N"",
    ""hybridization"": ""sp2"",
    ""example_molecule_smiles"": ""O=C(N)Nc1ccccc1"",
    ""group_smarts"": ""[cX3]-[N;X3]-C(=O)-[N;X3]"",
    ""atom_specific_smarts"": ""[c:1]-[N;X3]-C(=O)-[N;X3]"",
    ""description"": ""Aromatic carbon directly bonded to the nitrogen of a urea group."",
    ""uncertainty"": ""25""
  },
  {
    ""atom_type"": 845,
    ""element"": ""C"",
    ""chemical_environment"": ""tertiary amide carbonyl carbon (R-C(=O)-NR2)"",
    ""functional_group"": ""amide carbonyl (tertiary amide)"",
    ""hybridization"": ""sp2"",
    ""example_molecule_smiles"": ""CC(=O)N(C)C"",
    ""group_smarts"": ""[C;X3](=O)-[N;X3;H0;$([N]([#6])[#6])]"",
    ""atom_specific_smarts"": ""[C:1;X3](=O)-[N;X3;H0;$([N]([#6])[#6])]"",
    ""description"": ""Carbonyl carbon of a tertiary amide (nitrogen substituted by two carbons, no N–H)."",
    ""uncertainty"": ""15""
  },
  {
    ""atom_type"": 848,
    ""element"": ""C"",
    ""chemical_environment"": ""methyl carbon attached to tertiary amide nitrogen (-NR-CH3, N adjacent to C=O)"",
    ""functional_group"": ""amide N-alkyl (methyl on tertiary amide N)"",
    ""hybridization"": ""sp3"",
    ""example_molecule_smiles"": ""CN(C)C=O"",
    ""group_smarts"": ""[CH3]-[N;X3;H0]-[C;X3](=O)"",
    ""atom_specific_smarts"": ""[C:1;H3;X4]-[N;X3;H0]-[C;X3](=O)"",
    ""description"": ""N-methyl carbon directly bound to an amide nitrogen in a tertiary amide."",
    ""uncertainty"": ""20""
  },
  {
    ""atom_type"": 849,
    ""element"": ""C"",
    ""chemical_environment"": ""methylene carbon attached to tertiary amide nitrogen (-NR-CH2R, N adjacent to C=O)"",
    ""functional_group"": ""amide N-alkyl (methylene on tertiary amide N)"",
    ""hybridization"": ""sp3"",
    ""example_molecule_smiles"": ""CCN(C)C(=O)C"",
    ""group_smarts"": ""[CH2]-[N;X3;H0]-[C;X3](=O)"",
    ""atom_specific_smarts"": ""[C:1;H2;X4]-[N;X3;H0]-[C;X3](=O)"",
    ""description"": ""N-methylene carbon directly bound to an amide nitrogen in a tertiary amide."",
    ""uncertainty"": ""20""
  },
  {
    ""atom_type"": 850,
    ""element"": ""C"",
    ""chemical_environment"": ""methine carbon attached to tertiary amide nitrogen (-NR-CHR2, N adjacent to C=O)"",
    ""functional_group"": ""amide N-alkyl (methine on tertiary amide N)"",
    ""hybridization"": ""sp3"",
    ""example_molecule_smiles"": ""CC(C)N(C)C(=O)C"",
    ""group_smarts"": ""[CH](-[#6])-[N;X3;H0]-[C;X3](=O)"",
    ""atom_specific_smarts"": ""[C:1;H1;X4](-[#6])-[N;X3;H0]-[C;X3](=O)"",
    ""description"": ""N-methine carbon directly bound to an amide nitrogen in a tertiary amide (secondary alkyl substituent)."",
    ""uncertainty"": ""25""
  }
]"
828,0.255,"""Benzyl Ether -CR2OR""",12.011,oplsaa2008.lt,C,6,"Convert the following OPLS-AA atom type rows:

Atom Type Data:
- Atom index: 819
- Force field raw info: ""Benzyl Amine -CH2NR2""
- Partial charge: 0.145
- Atomic mass: 12.011
- Element guess: C
- Atomic number: 6
- Source file: oplsaa2008.lt


Atom Type Data:
- Atom index: 820
- Force field raw info: ""Alkyl Hydroxamic Acid C""
- Partial charge: 0.888
- Atomic mass: 12.011
- Element guess: C
- Atomic number: 6
- Source file: oplsaa2008.lt


Atom Type Data:
- Atom index: 821
- Force field raw info: ""Aryl Hydroxamic Acid C""
- Partial charge: 1.003
- Atomic mass: 12.011
- Element guess: C
- Atomic number: 6
- Source file: oplsaa2008.lt


Atom Type Data:
- Atom index: 827
- Force field raw info: ""Benzyl Ether -CHROR""
- Partial charge: 0.225
- Atomic mass: 12.011
- Element guess: C
- Atomic number: 6
- Source file: oplsaa2008.lt


Atom Type Data:
- Atom index: 828
- Force field raw info: ""Benzyl Ether -CR2OR""
- Partial charge: 0.255
- Atomic mass: 12.011
- Element guess: C
- Atomic number: 6
- Source file: oplsaa2008.lt


Atom Type Data:
- Atom index: 829
- Force field raw info: ""3-Phenyl Pyrrole C3""
- Partial charge: -0.034
- Atomic mass: 12.011
- Element guess: C
- Atomic number: 6
- Source file: oplsaa2008.lt


Atom Type Data:
- Atom index: 830
- Force field raw info: ""3-Phenyl Pyrrole C3'""
- Partial charge: 0.003
- Atomic mass: 12.011
- Element guess: C
- Atomic number: 6
- Source file: oplsaa2008.lt


Atom Type Data:
- Atom index: 831
- Force field raw info: ""4-Phenyl Imidazole C4""
- Partial charge: 0.3
- Atomic mass: 12.011
- Element guess: C
- Atomic number: 6
- Source file: oplsaa2008.lt


Atom Type Data:
- Atom index: 832
- Force field raw info: ""4-Phenyl Imidazole C4'""
- Partial charge: -0.04
- Atomic mass: 12.011
- Element guess: C
- Atomic number: 6
- Source file: oplsaa2008.lt


Atom Type Data:
- Atom index: 833
- Force field raw info: ""Diphenylmethane Cipso""
- Partial charge: -0.0575
- Atomic mass: 12.011
- Element guess: C
- Atomic number: 6
- Source file: oplsaa2008.lt


Atom Type Data:
- Atom index: 835
- Force field raw info: ""Alkyl Iodide RCH2-I""
- Partial charge: -0.07
- Atomic mass: 12.011
- Element guess: C
- Atomic number: 6
- Source file: oplsaa2008.lt


Atom Type Data:
- Atom index: 836
- Force field raw info: ""Alkyl Iodide R2CH-I""
- Partial charge: 0.03
- Atomic mass: 12.011
- Element guess: C
- Atomic number: 6
- Source file: oplsaa2008.lt


Atom Type Data:
- Atom index: 837
- Force field raw info: ""Alkyl Iodide R3C-I""
- Partial charge: 0.13
- Atomic mass: 12.011
- Element guess: C
- Atomic number: 6
- Source file: oplsaa2008.lt


Atom Type Data:
- Atom index: 841
- Force field raw info: ""N-Ph Sulfonamide Cipso""
- Partial charge: 0.155
- Atomic mass: 12.011
- Element guess: C
- Atomic number: 6
- Source file: oplsaa2008.lt


Atom Type Data:
- Atom index: 842
- Force field raw info: ""Benzoate C-COO-""
- Partial charge: -0.1
- Atomic mass: 12.011
- Element guess: C
- Atomic number: 6
- Source file: oplsaa2008.lt


Atom Type Data:
- Atom index: 844
- Force field raw info: ""N-Phenyl Urea Cipso""
- Partial charge: 0.218
- Atomic mass: 12.011
- Element guess: C
- Atomic number: 6
- Source file: oplsaa2008.lt


Atom Type Data:
- Atom index: 845
- Force field raw info: ""Tertiary Amide -CO-NR2""
- Partial charge: 0.6
- Atomic mass: 12.011
- Element guess: C
- Atomic number: 6
- Source file: oplsaa2008.lt


Atom Type Data:
- Atom index: 848
- Force field raw info: ""Tertiary Amide -NRCH3""
- Partial charge: 0.0
- Atomic mass: 12.011
- Element guess: C
- Atomic number: 6
- Source file: oplsaa2008.lt


Atom Type Data:
- Atom index: 849
- Force field raw info: ""Tertiary Amide -NRCH2R""
- Partial charge: 0.06
- Atomic mass: 12.011
- Element guess: C
- Atomic number: 6
- Source file: oplsaa2008.lt


Atom Type Data:
- Atom index: 850
- Force field raw info: ""Tertiary Amide -NRCHR2""
- Partial charge: 0.12
- Atomic mass: 12.011
- Element guess: C
- Atomic number: 6
- Source file: oplsaa2008.lt
","[
  {
    ""atom_type"": 819,
    ""element"": ""C"",
    ""chemical_environment"": ""benzylic CH2 attached to a tertiary amine nitrogen (Ph-CH2-NR2)"",
    ""functional_group"": ""benzyl amine alpha carbon"",
    ""hybridization"": ""sp3"",
    ""example_molecule_smiles"": ""CN(C)Cc1ccccc1"",
    ""group_smarts"": ""[cX3]-[CH2]-[N;X3;!$([NX3](=O))]"",
    ""atom_specific_smarts"": ""[C:1;H2;X4](-[N;X3;!$([NX3](=O))])-[cX3]"",
    ""description"": ""The benzylic methylene carbon directly bonded to an amine N and an aromatic carbon."",
    ""uncertainty"": ""20""
  },
  {
    ""atom_type"": 820,
    ""element"": ""C"",
    ""chemical_environment"": ""carbonyl carbon of an alkyl-substituted hydroxamic acid (R-CO-N(OH/R′))"",
    ""functional_group"": ""hydroxamic acid carbonyl (alkyl acyl)"",
    ""hybridization"": ""sp2"",
    ""example_molecule_smiles"": ""CC(=O)N(O)H"",
    ""group_smarts"": ""[C;X3](=O)(-[N;X3]-[O;X2])-[A]"",
    ""atom_specific_smarts"": ""[C:1;X3](=O)(-[N;X3]-[O;X2])-[C;X4;!a]"",
    ""description"": ""Acyl carbon of a hydroxamic acid where the acyl substituent is aliphatic (alkyl)."",
    ""uncertainty"": ""30""
  },
  {
    ""atom_type"": 821,
    ""element"": ""C"",
    ""chemical_environment"": ""carbonyl carbon of an aryl-substituted hydroxamic acid (Ar-CO-N(OH/R′))"",
    ""functional_group"": ""hydroxamic acid carbonyl (aryl acyl)"",
    ""hybridization"": ""sp2"",
    ""example_molecule_smiles"": ""O=C(N(O)H)c1ccccc1"",
    ""group_smarts"": ""[C;X3](=O)(-[N;X3]-[O;X2])-[cX3]"",
    ""atom_specific_smarts"": ""[C:1;X3](=O)(-[N;X3]-[O;X2])-[cX3]"",
    ""description"": ""Acyl carbon of a hydroxamic acid where the acyl substituent is aromatic (aryl)."",
    ""uncertainty"": ""30""
  },
  {
    ""atom_type"": 827,
    ""element"": ""C"",
    ""chemical_environment"": ""benzylic secondary carbon bearing an ether substituent (Ph-CH(OR)-R)"",
    ""functional_group"": ""benzyl ether alpha carbon (secondary)"",
    ""hybridization"": ""sp3"",
    ""example_molecule_smiles"": ""CC(c1ccccc1)OC"",
    ""group_smarts"": ""[cX3]-[CH](-[O;X2;!$(*=O)])-[#6]"",
    ""atom_specific_smarts"": ""[C:1;H1;X4](-[O;X2;!$(*=O)]-!@[#6])-[cX3]"",
    ""description"": ""Secondary benzylic methine connected to an ether oxygen and to an aromatic ring."",
    ""uncertainty"": ""25""
  },
  {
    ""atom_type"": 828,
    ""element"": ""C"",
    ""chemical_environment"": ""benzylic tertiary carbon bearing an ether substituent (Ph-C(OR)(R)R)"",
    ""functional_group"": ""benzyl ether alpha carbon (tertiary)"",
    ""hybridization"": ""sp3"",
    ""example_molecule_smiles"": ""CC(C)(c1ccccc1)OC"",
    ""group_smarts"": ""[cX3]-[C;H0;X4](-[O;X2;!$(*=O)])(-[#6])-[#6]"",
    ""atom_specific_smarts"": ""[C:1;H0;X4](-[O;X2;!$(*=O)]-!@[#6])(-[#6])-[cX3]"",
    ""description"": ""Tertiary benzylic carbon bound to an ether oxygen and two carbon substituents."",
    ""uncertainty"": ""25""
  },
  {
    ""atom_type"": 829,
    ""element"": ""C"",
    ""chemical_environment"": ""pyrrole ring carbon at C3 directly bonded to a phenyl ring (3-phenylpyrrole)"",
    ""functional_group"": ""heteroaryl–aryl biaryl junction (pyrrole side)"",
    ""hybridization"": ""sp2"",
    ""example_molecule_smiles"": ""c1c(c[nH]c1)c2ccccc2"",
    ""group_smarts"": ""[nH]1[c][c](-[a])[c][c]1"",
    ""atom_specific_smarts"": ""[nH]1[c][c:1](-[c;a])[c][c]1"",
    ""description"": ""The C3 atom of a pyrrole (five-membered ring with [nH]) that forms the C–C bond to a phenyl ring."",
    ""uncertainty"": ""45""
  },
  {
    ""atom_type"": 830,
    ""element"": ""C"",
    ""chemical_environment"": ""phenyl ipso carbon bonded to a pyrrole C3 (3-phenylpyrrole)"",
    ""functional_group"": ""heteroaryl–aryl biaryl junction (phenyl side)"",
    ""hybridization"": ""sp2"",
    ""example_molecule_smiles"": ""c1c(c[nH]c1)c2ccccc2"",
    ""group_smarts"": ""[cX3]-[c;$(*1~*~*~[nH]~*1)]"",
    ""atom_specific_smarts"": ""[c:1]-[c;$(*1~*~*~[nH]~*1)]"",
    ""description"": ""The phenyl ring ipso carbon directly bonded to a pyrrole ring carbon within a five-membered ring containing [nH]."",
    ""uncertainty"": ""45""
  },
  {
    ""atom_type"": 831,
    ""element"": ""C"",
    ""chemical_environment"": ""imidazole ring carbon at C4 directly bonded to a phenyl ring (4-phenyl-1H-imidazole)"",
    ""functional_group"": ""heteroaryl–aryl biaryl junction (imidazole side)"",
    ""hybridization"": ""sp2"",
    ""example_molecule_smiles"": ""c1[n]c(-c2ccccc2)[nH]c1"",
    ""group_smarts"": ""[nH]1[c][n][c](-[a])[n]1"",
    ""atom_specific_smarts"": ""[nH]1[c][n][c:1](-[c;a])[n]1"",
    ""description"": ""The C4 atom of an imidazole (five-membered ring with one [n] and one [nH]) that forms the C–C bond to a phenyl ring."",
    ""uncertainty"": ""50""
  },
  {
    ""atom_type"": 832,
    ""element"": ""C"",
    ""chemical_environment"": ""phenyl ipso carbon bonded to an imidazole C4 (4-phenyl-1H-imidazole)"",
    ""functional_group"": ""heteroaryl–aryl biaryl junction (phenyl side)"",
    ""hybridization"": ""sp2"",
    ""example_molecule_smiles"": ""c1[n]c(-c2ccccc2)[nH]c1"",
    ""group_smarts"": ""[cX3]-[c;$(*1~*~[n]~*~[nH]~*1)]"",
    ""atom_specific_smarts"": ""[c:1]-[c;$(*1~*~[n]~*~[nH]~*1)]"",
    ""description"": ""The phenyl ring ipso carbon directly bonded to an imidazole ring that contains one [n] and one [nH]."",
    ""uncertainty"": ""50""
  },
  {
    ""atom_type"": 833,
    ""element"": ""C"",
    ""chemical_environment"": ""phenyl ipso carbon of diphenylmethane (Ph-CH2-Ph) at the aryl–methylene junction"",
    ""functional_group"": ""aryl ipso carbon (benzylic linker to CH2)"",
    ""hybridization"": ""sp2"",
    ""example_molecule_smiles"": ""c1ccccc1CH2c2ccccc2"",
    ""group_smarts"": ""[cX3]-[CH2]-[c;a]"",
    ""atom_specific_smarts"": ""[c:1]-[CH2]-[c;a]"",
    ""description"": ""Aromatic carbon bearing the benzylic methylene substituent in diphenylmethane."",
    ""uncertainty"": ""20""
  },
  {
    ""atom_type"": 835,
    ""element"": ""C"",
    ""chemical_environment"": ""primary alkyl iodide carbon (R-CH2-I)"",
    ""functional_group"": ""alkyl iodide alpha carbon (primary)"",
    ""hybridization"": ""sp3"",
    ""example_molecule_smiles"": ""CCI"",
    ""group_smarts"": ""[#6;!a]-[CH2]-[I]"",
    ""atom_specific_smarts"": ""[C:1;H2;X4](-[I])-[#6;!a]"",
    ""description"": ""Primary sp3 carbon bonded to iodine and one carbon substituent."",
    ""uncertainty"": ""10""
  },
  {
    ""atom_type"": 836,
    ""element"": ""C"",
    ""chemical_environment"": ""secondary alkyl iodide carbon (R2CH-I)"",
    ""functional_group"": ""alkyl iodide alpha carbon (secondary)"",
    ""hybridization"": ""sp3"",
    ""example_molecule_smiles"": ""CC(C)I"",
    ""group_smarts"": ""[#6;!a]-[CH](-[I])-[#6;!a]"",
    ""atom_specific_smarts"": ""[C:1;H1;X4](-[I])(-[#6;!a])-[#6;!a]"",
    ""description"": ""Secondary sp3 carbon bonded to iodine and two carbon substituents."",
    ""uncertainty"": ""10""
  },
  {
    ""atom_type"": 837,
    ""element"": ""C"",
    ""chemical_environment"": ""tertiary alkyl iodide carbon (R3C-I)"",
    ""functional_group"": ""alkyl iodide alpha carbon (tertiary)"",
    ""hybridization"": ""sp3"",
    ""example_molecule_smiles"": ""CC(C)(C)I"",
    ""group_smarts"": ""[#6;!a]-[C;H0;X4](-[I])(-[#6;!a])-[#6;!a]"",
    ""atom_specific_smarts"": ""[C:1;H0;X4](-[I])(-[#6;!a])(-[#6;!a])"",
    ""description"": ""Tertiary sp3 carbon bonded to iodine and three carbon substituents."",
    ""uncertainty"": ""10""
  },
  {
    ""atom_type"": 841,
    ""element"": ""C"",
    ""chemical_environment"": ""phenyl ipso carbon bonded to a sulfonamide nitrogen (N-phenyl sulfonamide)"",
    ""functional_group"": ""aryl ipso carbon attached to sulfonamide N"",
    ""hybridization"": ""sp2"",
    ""example_molecule_smiles"": ""CS(=O)(=O)Nc1ccccc1"",
    ""group_smarts"": ""[cX3]-[N;X3]-S(=O)(=O)-[#6]"",
    ""atom_specific_smarts"": ""[c:1]-[N;X3]-S(=O)(=O)-[#6]"",
    ""description"": ""Aromatic carbon directly bonded to the nitrogen of a sulfonamide group."",
    ""uncertainty"": ""25""
  },
  {
    ""atom_type"": 842,
    ""element"": ""C"",
    ""chemical_environment"": ""phenyl ipso carbon attached to a carboxylate group (benzoate, Ar-C(=O)O−)"",
    ""functional_group"": ""aryl ipso carbon attached to carboxylate"",
    ""hybridization"": ""sp2"",
    ""example_molecule_smiles"": ""c1ccccc1C(=O)[O-]"",
    ""group_smarts"": ""[cX3]-[C;X3](=O)[O-]"",
    ""atom_specific_smarts"": ""[c:1]-[C;X3](=O)[O-]"",
    ""description"": ""Aromatic carbon bearing a carboxylate substituent in a benzoate anion."",
    ""uncertainty"": ""20""
  },
  {
    ""atom_type"": 844,
    ""element"": ""C"",
    ""chemical_environment"": ""phenyl ipso carbon attached to urea nitrogen (N-phenyl urea, Ar-N-C(=O)-NH)"",
    ""functional_group"": ""aryl ipso carbon attached to urea N"",
    ""hybridization"": ""sp2"",
    ""example_molecule_smiles"": ""O=C(N)Nc1ccccc1"",
    ""group_smarts"": ""[cX3]-[N;X3]-C(=O)-[N;X3]"",
    ""atom_specific_smarts"": ""[c:1]-[N;X3]-C(=O)-[N;X3]"",
    ""description"": ""Aromatic carbon directly bonded to the nitrogen of a urea group."",
    ""uncertainty"": ""25""
  },
  {
    ""atom_type"": 845,
    ""element"": ""C"",
    ""chemical_environment"": ""tertiary amide carbonyl carbon (R-C(=O)-NR2)"",
    ""functional_group"": ""amide carbonyl (tertiary amide)"",
    ""hybridization"": ""sp2"",
    ""example_molecule_smiles"": ""CC(=O)N(C)C"",
    ""group_smarts"": ""[C;X3](=O)-[N;X3;H0;$([N]([#6])[#6])]"",
    ""atom_specific_smarts"": ""[C:1;X3](=O)-[N;X3;H0;$([N]([#6])[#6])]"",
    ""description"": ""Carbonyl carbon of a tertiary amide (nitrogen substituted by two carbons, no N–H)."",
    ""uncertainty"": ""15""
  },
  {
    ""atom_type"": 848,
    ""element"": ""C"",
    ""chemical_environment"": ""methyl carbon attached to tertiary amide nitrogen (-NR-CH3, N adjacent to C=O)"",
    ""functional_group"": ""amide N-alkyl (methyl on tertiary amide N)"",
    ""hybridization"": ""sp3"",
    ""example_molecule_smiles"": ""CN(C)C=O"",
    ""group_smarts"": ""[CH3]-[N;X3;H0]-[C;X3](=O)"",
    ""atom_specific_smarts"": ""[C:1;H3;X4]-[N;X3;H0]-[C;X3](=O)"",
    ""description"": ""N-methyl carbon directly bound to an amide nitrogen in a tertiary amide."",
    ""uncertainty"": ""20""
  },
  {
    ""atom_type"": 849,
    ""element"": ""C"",
    ""chemical_environment"": ""methylene carbon attached to tertiary amide nitrogen (-NR-CH2R, N adjacent to C=O)"",
    ""functional_group"": ""amide N-alkyl (methylene on tertiary amide N)"",
    ""hybridization"": ""sp3"",
    ""example_molecule_smiles"": ""CCN(C)C(=O)C"",
    ""group_smarts"": ""[CH2]-[N;X3;H0]-[C;X3](=O)"",
    ""atom_specific_smarts"": ""[C:1;H2;X4]-[N;X3;H0]-[C;X3](=O)"",
    ""description"": ""N-methylene carbon directly bound to an amide nitrogen in a tertiary amide."",
    ""uncertainty"": ""20""
  },
  {
    ""atom_type"": 850,
    ""element"": ""C"",
    ""chemical_environment"": ""methine carbon attached to tertiary amide nitrogen (-NR-CHR2, N adjacent to C=O)"",
    ""functional_group"": ""amide N-alkyl (methine on tertiary amide N)"",
    ""hybridization"": ""sp3"",
    ""example_molecule_smiles"": ""CC(C)N(C)C(=O)C"",
    ""group_smarts"": ""[CH](-[#6])-[N;X3;H0]-[C;X3](=O)"",
    ""atom_specific_smarts"": ""[C:1;H1;X4](-[#6])-[N;X3;H0]-[C;X3](=O)"",
    ""description"": ""N-methine carbon directly bound to an amide nitrogen in a tertiary amide (secondary alkyl substituent)."",
    ""uncertainty"": ""25""
  }
]"
829,-0.034,"""3-Phenyl Pyrrole C3""",12.011,oplsaa2008.lt,C,6,"Convert the following OPLS-AA atom type rows:

Atom Type Data:
- Atom index: 819
- Force field raw info: ""Benzyl Amine -CH2NR2""
- Partial charge: 0.145
- Atomic mass: 12.011
- Element guess: C
- Atomic number: 6
- Source file: oplsaa2008.lt


Atom Type Data:
- Atom index: 820
- Force field raw info: ""Alkyl Hydroxamic Acid C""
- Partial charge: 0.888
- Atomic mass: 12.011
- Element guess: C
- Atomic number: 6
- Source file: oplsaa2008.lt


Atom Type Data:
- Atom index: 821
- Force field raw info: ""Aryl Hydroxamic Acid C""
- Partial charge: 1.003
- Atomic mass: 12.011
- Element guess: C
- Atomic number: 6
- Source file: oplsaa2008.lt


Atom Type Data:
- Atom index: 827
- Force field raw info: ""Benzyl Ether -CHROR""
- Partial charge: 0.225
- Atomic mass: 12.011
- Element guess: C
- Atomic number: 6
- Source file: oplsaa2008.lt


Atom Type Data:
- Atom index: 828
- Force field raw info: ""Benzyl Ether -CR2OR""
- Partial charge: 0.255
- Atomic mass: 12.011
- Element guess: C
- Atomic number: 6
- Source file: oplsaa2008.lt


Atom Type Data:
- Atom index: 829
- Force field raw info: ""3-Phenyl Pyrrole C3""
- Partial charge: -0.034
- Atomic mass: 12.011
- Element guess: C
- Atomic number: 6
- Source file: oplsaa2008.lt


Atom Type Data:
- Atom index: 830
- Force field raw info: ""3-Phenyl Pyrrole C3'""
- Partial charge: 0.003
- Atomic mass: 12.011
- Element guess: C
- Atomic number: 6
- Source file: oplsaa2008.lt


Atom Type Data:
- Atom index: 831
- Force field raw info: ""4-Phenyl Imidazole C4""
- Partial charge: 0.3
- Atomic mass: 12.011
- Element guess: C
- Atomic number: 6
- Source file: oplsaa2008.lt


Atom Type Data:
- Atom index: 832
- Force field raw info: ""4-Phenyl Imidazole C4'""
- Partial charge: -0.04
- Atomic mass: 12.011
- Element guess: C
- Atomic number: 6
- Source file: oplsaa2008.lt


Atom Type Data:
- Atom index: 833
- Force field raw info: ""Diphenylmethane Cipso""
- Partial charge: -0.0575
- Atomic mass: 12.011
- Element guess: C
- Atomic number: 6
- Source file: oplsaa2008.lt


Atom Type Data:
- Atom index: 835
- Force field raw info: ""Alkyl Iodide RCH2-I""
- Partial charge: -0.07
- Atomic mass: 12.011
- Element guess: C
- Atomic number: 6
- Source file: oplsaa2008.lt


Atom Type Data:
- Atom index: 836
- Force field raw info: ""Alkyl Iodide R2CH-I""
- Partial charge: 0.03
- Atomic mass: 12.011
- Element guess: C
- Atomic number: 6
- Source file: oplsaa2008.lt


Atom Type Data:
- Atom index: 837
- Force field raw info: ""Alkyl Iodide R3C-I""
- Partial charge: 0.13
- Atomic mass: 12.011
- Element guess: C
- Atomic number: 6
- Source file: oplsaa2008.lt


Atom Type Data:
- Atom index: 841
- Force field raw info: ""N-Ph Sulfonamide Cipso""
- Partial charge: 0.155
- Atomic mass: 12.011
- Element guess: C
- Atomic number: 6
- Source file: oplsaa2008.lt


Atom Type Data:
- Atom index: 842
- Force field raw info: ""Benzoate C-COO-""
- Partial charge: -0.1
- Atomic mass: 12.011
- Element guess: C
- Atomic number: 6
- Source file: oplsaa2008.lt


Atom Type Data:
- Atom index: 844
- Force field raw info: ""N-Phenyl Urea Cipso""
- Partial charge: 0.218
- Atomic mass: 12.011
- Element guess: C
- Atomic number: 6
- Source file: oplsaa2008.lt


Atom Type Data:
- Atom index: 845
- Force field raw info: ""Tertiary Amide -CO-NR2""
- Partial charge: 0.6
- Atomic mass: 12.011
- Element guess: C
- Atomic number: 6
- Source file: oplsaa2008.lt


Atom Type Data:
- Atom index: 848
- Force field raw info: ""Tertiary Amide -NRCH3""
- Partial charge: 0.0
- Atomic mass: 12.011
- Element guess: C
- Atomic number: 6
- Source file: oplsaa2008.lt


Atom Type Data:
- Atom index: 849
- Force field raw info: ""Tertiary Amide -NRCH2R""
- Partial charge: 0.06
- Atomic mass: 12.011
- Element guess: C
- Atomic number: 6
- Source file: oplsaa2008.lt


Atom Type Data:
- Atom index: 850
- Force field raw info: ""Tertiary Amide -NRCHR2""
- Partial charge: 0.12
- Atomic mass: 12.011
- Element guess: C
- Atomic number: 6
- Source file: oplsaa2008.lt
","[
  {
    ""atom_type"": 819,
    ""element"": ""C"",
    ""chemical_environment"": ""benzylic CH2 attached to a tertiary amine nitrogen (Ph-CH2-NR2)"",
    ""functional_group"": ""benzyl amine alpha carbon"",
    ""hybridization"": ""sp3"",
    ""example_molecule_smiles"": ""CN(C)Cc1ccccc1"",
    ""group_smarts"": ""[cX3]-[CH2]-[N;X3;!$([NX3](=O))]"",
    ""atom_specific_smarts"": ""[C:1;H2;X4](-[N;X3;!$([NX3](=O))])-[cX3]"",
    ""description"": ""The benzylic methylene carbon directly bonded to an amine N and an aromatic carbon."",
    ""uncertainty"": ""20""
  },
  {
    ""atom_type"": 820,
    ""element"": ""C"",
    ""chemical_environment"": ""carbonyl carbon of an alkyl-substituted hydroxamic acid (R-CO-N(OH/R′))"",
    ""functional_group"": ""hydroxamic acid carbonyl (alkyl acyl)"",
    ""hybridization"": ""sp2"",
    ""example_molecule_smiles"": ""CC(=O)N(O)H"",
    ""group_smarts"": ""[C;X3](=O)(-[N;X3]-[O;X2])-[A]"",
    ""atom_specific_smarts"": ""[C:1;X3](=O)(-[N;X3]-[O;X2])-[C;X4;!a]"",
    ""description"": ""Acyl carbon of a hydroxamic acid where the acyl substituent is aliphatic (alkyl)."",
    ""uncertainty"": ""30""
  },
  {
    ""atom_type"": 821,
    ""element"": ""C"",
    ""chemical_environment"": ""carbonyl carbon of an aryl-substituted hydroxamic acid (Ar-CO-N(OH/R′))"",
    ""functional_group"": ""hydroxamic acid carbonyl (aryl acyl)"",
    ""hybridization"": ""sp2"",
    ""example_molecule_smiles"": ""O=C(N(O)H)c1ccccc1"",
    ""group_smarts"": ""[C;X3](=O)(-[N;X3]-[O;X2])-[cX3]"",
    ""atom_specific_smarts"": ""[C:1;X3](=O)(-[N;X3]-[O;X2])-[cX3]"",
    ""description"": ""Acyl carbon of a hydroxamic acid where the acyl substituent is aromatic (aryl)."",
    ""uncertainty"": ""30""
  },
  {
    ""atom_type"": 827,
    ""element"": ""C"",
    ""chemical_environment"": ""benzylic secondary carbon bearing an ether substituent (Ph-CH(OR)-R)"",
    ""functional_group"": ""benzyl ether alpha carbon (secondary)"",
    ""hybridization"": ""sp3"",
    ""example_molecule_smiles"": ""CC(c1ccccc1)OC"",
    ""group_smarts"": ""[cX3]-[CH](-[O;X2;!$(*=O)])-[#6]"",
    ""atom_specific_smarts"": ""[C:1;H1;X4](-[O;X2;!$(*=O)]-!@[#6])-[cX3]"",
    ""description"": ""Secondary benzylic methine connected to an ether oxygen and to an aromatic ring."",
    ""uncertainty"": ""25""
  },
  {
    ""atom_type"": 828,
    ""element"": ""C"",
    ""chemical_environment"": ""benzylic tertiary carbon bearing an ether substituent (Ph-C(OR)(R)R)"",
    ""functional_group"": ""benzyl ether alpha carbon (tertiary)"",
    ""hybridization"": ""sp3"",
    ""example_molecule_smiles"": ""CC(C)(c1ccccc1)OC"",
    ""group_smarts"": ""[cX3]-[C;H0;X4](-[O;X2;!$(*=O)])(-[#6])-[#6]"",
    ""atom_specific_smarts"": ""[C:1;H0;X4](-[O;X2;!$(*=O)]-!@[#6])(-[#6])-[cX3]"",
    ""description"": ""Tertiary benzylic carbon bound to an ether oxygen and two carbon substituents."",
    ""uncertainty"": ""25""
  },
  {
    ""atom_type"": 829,
    ""element"": ""C"",
    ""chemical_environment"": ""pyrrole ring carbon at C3 directly bonded to a phenyl ring (3-phenylpyrrole)"",
    ""functional_group"": ""heteroaryl–aryl biaryl junction (pyrrole side)"",
    ""hybridization"": ""sp2"",
    ""example_molecule_smiles"": ""c1c(c[nH]c1)c2ccccc2"",
    ""group_smarts"": ""[nH]1[c][c](-[a])[c][c]1"",
    ""atom_specific_smarts"": ""[nH]1[c][c:1](-[c;a])[c][c]1"",
    ""description"": ""The C3 atom of a pyrrole (five-membered ring with [nH]) that forms the C–C bond to a phenyl ring."",
    ""uncertainty"": ""45""
  },
  {
    ""atom_type"": 830,
    ""element"": ""C"",
    ""chemical_environment"": ""phenyl ipso carbon bonded to a pyrrole C3 (3-phenylpyrrole)"",
    ""functional_group"": ""heteroaryl–aryl biaryl junction (phenyl side)"",
    ""hybridization"": ""sp2"",
    ""example_molecule_smiles"": ""c1c(c[nH]c1)c2ccccc2"",
    ""group_smarts"": ""[cX3]-[c;$(*1~*~*~[nH]~*1)]"",
    ""atom_specific_smarts"": ""[c:1]-[c;$(*1~*~*~[nH]~*1)]"",
    ""description"": ""The phenyl ring ipso carbon directly bonded to a pyrrole ring carbon within a five-membered ring containing [nH]."",
    ""uncertainty"": ""45""
  },
  {
    ""atom_type"": 831,
    ""element"": ""C"",
    ""chemical_environment"": ""imidazole ring carbon at C4 directly bonded to a phenyl ring (4-phenyl-1H-imidazole)"",
    ""functional_group"": ""heteroaryl–aryl biaryl junction (imidazole side)"",
    ""hybridization"": ""sp2"",
    ""example_molecule_smiles"": ""c1[n]c(-c2ccccc2)[nH]c1"",
    ""group_smarts"": ""[nH]1[c][n][c](-[a])[n]1"",
    ""atom_specific_smarts"": ""[nH]1[c][n][c:1](-[c;a])[n]1"",
    ""description"": ""The C4 atom of an imidazole (five-membered ring with one [n] and one [nH]) that forms the C–C bond to a phenyl ring."",
    ""uncertainty"": ""50""
  },
  {
    ""atom_type"": 832,
    ""element"": ""C"",
    ""chemical_environment"": ""phenyl ipso carbon bonded to an imidazole C4 (4-phenyl-1H-imidazole)"",
    ""functional_group"": ""heteroaryl–aryl biaryl junction (phenyl side)"",
    ""hybridization"": ""sp2"",
    ""example_molecule_smiles"": ""c1[n]c(-c2ccccc2)[nH]c1"",
    ""group_smarts"": ""[cX3]-[c;$(*1~*~[n]~*~[nH]~*1)]"",
    ""atom_specific_smarts"": ""[c:1]-[c;$(*1~*~[n]~*~[nH]~*1)]"",
    ""description"": ""The phenyl ring ipso carbon directly bonded to an imidazole ring that contains one [n] and one [nH]."",
    ""uncertainty"": ""50""
  },
  {
    ""atom_type"": 833,
    ""element"": ""C"",
    ""chemical_environment"": ""phenyl ipso carbon of diphenylmethane (Ph-CH2-Ph) at the aryl–methylene junction"",
    ""functional_group"": ""aryl ipso carbon (benzylic linker to CH2)"",
    ""hybridization"": ""sp2"",
    ""example_molecule_smiles"": ""c1ccccc1CH2c2ccccc2"",
    ""group_smarts"": ""[cX3]-[CH2]-[c;a]"",
    ""atom_specific_smarts"": ""[c:1]-[CH2]-[c;a]"",
    ""description"": ""Aromatic carbon bearing the benzylic methylene substituent in diphenylmethane."",
    ""uncertainty"": ""20""
  },
  {
    ""atom_type"": 835,
    ""element"": ""C"",
    ""chemical_environment"": ""primary alkyl iodide carbon (R-CH2-I)"",
    ""functional_group"": ""alkyl iodide alpha carbon (primary)"",
    ""hybridization"": ""sp3"",
    ""example_molecule_smiles"": ""CCI"",
    ""group_smarts"": ""[#6;!a]-[CH2]-[I]"",
    ""atom_specific_smarts"": ""[C:1;H2;X4](-[I])-[#6;!a]"",
    ""description"": ""Primary sp3 carbon bonded to iodine and one carbon substituent."",
    ""uncertainty"": ""10""
  },
  {
    ""atom_type"": 836,
    ""element"": ""C"",
    ""chemical_environment"": ""secondary alkyl iodide carbon (R2CH-I)"",
    ""functional_group"": ""alkyl iodide alpha carbon (secondary)"",
    ""hybridization"": ""sp3"",
    ""example_molecule_smiles"": ""CC(C)I"",
    ""group_smarts"": ""[#6;!a]-[CH](-[I])-[#6;!a]"",
    ""atom_specific_smarts"": ""[C:1;H1;X4](-[I])(-[#6;!a])-[#6;!a]"",
    ""description"": ""Secondary sp3 carbon bonded to iodine and two carbon substituents."",
    ""uncertainty"": ""10""
  },
  {
    ""atom_type"": 837,
    ""element"": ""C"",
    ""chemical_environment"": ""tertiary alkyl iodide carbon (R3C-I)"",
    ""functional_group"": ""alkyl iodide alpha carbon (tertiary)"",
    ""hybridization"": ""sp3"",
    ""example_molecule_smiles"": ""CC(C)(C)I"",
    ""group_smarts"": ""[#6;!a]-[C;H0;X4](-[I])(-[#6;!a])-[#6;!a]"",
    ""atom_specific_smarts"": ""[C:1;H0;X4](-[I])(-[#6;!a])(-[#6;!a])"",
    ""description"": ""Tertiary sp3 carbon bonded to iodine and three carbon substituents."",
    ""uncertainty"": ""10""
  },
  {
    ""atom_type"": 841,
    ""element"": ""C"",
    ""chemical_environment"": ""phenyl ipso carbon bonded to a sulfonamide nitrogen (N-phenyl sulfonamide)"",
    ""functional_group"": ""aryl ipso carbon attached to sulfonamide N"",
    ""hybridization"": ""sp2"",
    ""example_molecule_smiles"": ""CS(=O)(=O)Nc1ccccc1"",
    ""group_smarts"": ""[cX3]-[N;X3]-S(=O)(=O)-[#6]"",
    ""atom_specific_smarts"": ""[c:1]-[N;X3]-S(=O)(=O)-[#6]"",
    ""description"": ""Aromatic carbon directly bonded to the nitrogen of a sulfonamide group."",
    ""uncertainty"": ""25""
  },
  {
    ""atom_type"": 842,
    ""element"": ""C"",
    ""chemical_environment"": ""phenyl ipso carbon attached to a carboxylate group (benzoate, Ar-C(=O)O−)"",
    ""functional_group"": ""aryl ipso carbon attached to carboxylate"",
    ""hybridization"": ""sp2"",
    ""example_molecule_smiles"": ""c1ccccc1C(=O)[O-]"",
    ""group_smarts"": ""[cX3]-[C;X3](=O)[O-]"",
    ""atom_specific_smarts"": ""[c:1]-[C;X3](=O)[O-]"",
    ""description"": ""Aromatic carbon bearing a carboxylate substituent in a benzoate anion."",
    ""uncertainty"": ""20""
  },
  {
    ""atom_type"": 844,
    ""element"": ""C"",
    ""chemical_environment"": ""phenyl ipso carbon attached to urea nitrogen (N-phenyl urea, Ar-N-C(=O)-NH)"",
    ""functional_group"": ""aryl ipso carbon attached to urea N"",
    ""hybridization"": ""sp2"",
    ""example_molecule_smiles"": ""O=C(N)Nc1ccccc1"",
    ""group_smarts"": ""[cX3]-[N;X3]-C(=O)-[N;X3]"",
    ""atom_specific_smarts"": ""[c:1]-[N;X3]-C(=O)-[N;X3]"",
    ""description"": ""Aromatic carbon directly bonded to the nitrogen of a urea group."",
    ""uncertainty"": ""25""
  },
  {
    ""atom_type"": 845,
    ""element"": ""C"",
    ""chemical_environment"": ""tertiary amide carbonyl carbon (R-C(=O)-NR2)"",
    ""functional_group"": ""amide carbonyl (tertiary amide)"",
    ""hybridization"": ""sp2"",
    ""example_molecule_smiles"": ""CC(=O)N(C)C"",
    ""group_smarts"": ""[C;X3](=O)-[N;X3;H0;$([N]([#6])[#6])]"",
    ""atom_specific_smarts"": ""[C:1;X3](=O)-[N;X3;H0;$([N]([#6])[#6])]"",
    ""description"": ""Carbonyl carbon of a tertiary amide (nitrogen substituted by two carbons, no N–H)."",
    ""uncertainty"": ""15""
  },
  {
    ""atom_type"": 848,
    ""element"": ""C"",
    ""chemical_environment"": ""methyl carbon attached to tertiary amide nitrogen (-NR-CH3, N adjacent to C=O)"",
    ""functional_group"": ""amide N-alkyl (methyl on tertiary amide N)"",
    ""hybridization"": ""sp3"",
    ""example_molecule_smiles"": ""CN(C)C=O"",
    ""group_smarts"": ""[CH3]-[N;X3;H0]-[C;X3](=O)"",
    ""atom_specific_smarts"": ""[C:1;H3;X4]-[N;X3;H0]-[C;X3](=O)"",
    ""description"": ""N-methyl carbon directly bound to an amide nitrogen in a tertiary amide."",
    ""uncertainty"": ""20""
  },
  {
    ""atom_type"": 849,
    ""element"": ""C"",
    ""chemical_environment"": ""methylene carbon attached to tertiary amide nitrogen (-NR-CH2R, N adjacent to C=O)"",
    ""functional_group"": ""amide N-alkyl (methylene on tertiary amide N)"",
    ""hybridization"": ""sp3"",
    ""example_molecule_smiles"": ""CCN(C)C(=O)C"",
    ""group_smarts"": ""[CH2]-[N;X3;H0]-[C;X3](=O)"",
    ""atom_specific_smarts"": ""[C:1;H2;X4]-[N;X3;H0]-[C;X3](=O)"",
    ""description"": ""N-methylene carbon directly bound to an amide nitrogen in a tertiary amide."",
    ""uncertainty"": ""20""
  },
  {
    ""atom_type"": 850,
    ""element"": ""C"",
    ""chemical_environment"": ""methine carbon attached to tertiary amide nitrogen (-NR-CHR2, N adjacent to C=O)"",
    ""functional_group"": ""amide N-alkyl (methine on tertiary amide N)"",
    ""hybridization"": ""sp3"",
    ""example_molecule_smiles"": ""CC(C)N(C)C(=O)C"",
    ""group_smarts"": ""[CH](-[#6])-[N;X3;H0]-[C;X3](=O)"",
    ""atom_specific_smarts"": ""[C:1;H1;X4](-[#6])-[N;X3;H0]-[C;X3](=O)"",
    ""description"": ""N-methine carbon directly bound to an amide nitrogen in a tertiary amide (secondary alkyl substituent)."",
    ""uncertainty"": ""25""
  }
]"
830,0.003,"""3-Phenyl Pyrrole C3'""",12.011,oplsaa2008.lt,C,6,"Convert the following OPLS-AA atom type rows:

Atom Type Data:
- Atom index: 819
- Force field raw info: ""Benzyl Amine -CH2NR2""
- Partial charge: 0.145
- Atomic mass: 12.011
- Element guess: C
- Atomic number: 6
- Source file: oplsaa2008.lt


Atom Type Data:
- Atom index: 820
- Force field raw info: ""Alkyl Hydroxamic Acid C""
- Partial charge: 0.888
- Atomic mass: 12.011
- Element guess: C
- Atomic number: 6
- Source file: oplsaa2008.lt


Atom Type Data:
- Atom index: 821
- Force field raw info: ""Aryl Hydroxamic Acid C""
- Partial charge: 1.003
- Atomic mass: 12.011
- Element guess: C
- Atomic number: 6
- Source file: oplsaa2008.lt


Atom Type Data:
- Atom index: 827
- Force field raw info: ""Benzyl Ether -CHROR""
- Partial charge: 0.225
- Atomic mass: 12.011
- Element guess: C
- Atomic number: 6
- Source file: oplsaa2008.lt


Atom Type Data:
- Atom index: 828
- Force field raw info: ""Benzyl Ether -CR2OR""
- Partial charge: 0.255
- Atomic mass: 12.011
- Element guess: C
- Atomic number: 6
- Source file: oplsaa2008.lt


Atom Type Data:
- Atom index: 829
- Force field raw info: ""3-Phenyl Pyrrole C3""
- Partial charge: -0.034
- Atomic mass: 12.011
- Element guess: C
- Atomic number: 6
- Source file: oplsaa2008.lt


Atom Type Data:
- Atom index: 830
- Force field raw info: ""3-Phenyl Pyrrole C3'""
- Partial charge: 0.003
- Atomic mass: 12.011
- Element guess: C
- Atomic number: 6
- Source file: oplsaa2008.lt


Atom Type Data:
- Atom index: 831
- Force field raw info: ""4-Phenyl Imidazole C4""
- Partial charge: 0.3
- Atomic mass: 12.011
- Element guess: C
- Atomic number: 6
- Source file: oplsaa2008.lt


Atom Type Data:
- Atom index: 832
- Force field raw info: ""4-Phenyl Imidazole C4'""
- Partial charge: -0.04
- Atomic mass: 12.011
- Element guess: C
- Atomic number: 6
- Source file: oplsaa2008.lt


Atom Type Data:
- Atom index: 833
- Force field raw info: ""Diphenylmethane Cipso""
- Partial charge: -0.0575
- Atomic mass: 12.011
- Element guess: C
- Atomic number: 6
- Source file: oplsaa2008.lt


Atom Type Data:
- Atom index: 835
- Force field raw info: ""Alkyl Iodide RCH2-I""
- Partial charge: -0.07
- Atomic mass: 12.011
- Element guess: C
- Atomic number: 6
- Source file: oplsaa2008.lt


Atom Type Data:
- Atom index: 836
- Force field raw info: ""Alkyl Iodide R2CH-I""
- Partial charge: 0.03
- Atomic mass: 12.011
- Element guess: C
- Atomic number: 6
- Source file: oplsaa2008.lt


Atom Type Data:
- Atom index: 837
- Force field raw info: ""Alkyl Iodide R3C-I""
- Partial charge: 0.13
- Atomic mass: 12.011
- Element guess: C
- Atomic number: 6
- Source file: oplsaa2008.lt


Atom Type Data:
- Atom index: 841
- Force field raw info: ""N-Ph Sulfonamide Cipso""
- Partial charge: 0.155
- Atomic mass: 12.011
- Element guess: C
- Atomic number: 6
- Source file: oplsaa2008.lt


Atom Type Data:
- Atom index: 842
- Force field raw info: ""Benzoate C-COO-""
- Partial charge: -0.1
- Atomic mass: 12.011
- Element guess: C
- Atomic number: 6
- Source file: oplsaa2008.lt


Atom Type Data:
- Atom index: 844
- Force field raw info: ""N-Phenyl Urea Cipso""
- Partial charge: 0.218
- Atomic mass: 12.011
- Element guess: C
- Atomic number: 6
- Source file: oplsaa2008.lt


Atom Type Data:
- Atom index: 845
- Force field raw info: ""Tertiary Amide -CO-NR2""
- Partial charge: 0.6
- Atomic mass: 12.011
- Element guess: C
- Atomic number: 6
- Source file: oplsaa2008.lt


Atom Type Data:
- Atom index: 848
- Force field raw info: ""Tertiary Amide -NRCH3""
- Partial charge: 0.0
- Atomic mass: 12.011
- Element guess: C
- Atomic number: 6
- Source file: oplsaa2008.lt


Atom Type Data:
- Atom index: 849
- Force field raw info: ""Tertiary Amide -NRCH2R""
- Partial charge: 0.06
- Atomic mass: 12.011
- Element guess: C
- Atomic number: 6
- Source file: oplsaa2008.lt


Atom Type Data:
- Atom index: 850
- Force field raw info: ""Tertiary Amide -NRCHR2""
- Partial charge: 0.12
- Atomic mass: 12.011
- Element guess: C
- Atomic number: 6
- Source file: oplsaa2008.lt
","[
  {
    ""atom_type"": 819,
    ""element"": ""C"",
    ""chemical_environment"": ""benzylic CH2 attached to a tertiary amine nitrogen (Ph-CH2-NR2)"",
    ""functional_group"": ""benzyl amine alpha carbon"",
    ""hybridization"": ""sp3"",
    ""example_molecule_smiles"": ""CN(C)Cc1ccccc1"",
    ""group_smarts"": ""[cX3]-[CH2]-[N;X3;!$([NX3](=O))]"",
    ""atom_specific_smarts"": ""[C:1;H2;X4](-[N;X3;!$([NX3](=O))])-[cX3]"",
    ""description"": ""The benzylic methylene carbon directly bonded to an amine N and an aromatic carbon."",
    ""uncertainty"": ""20""
  },
  {
    ""atom_type"": 820,
    ""element"": ""C"",
    ""chemical_environment"": ""carbonyl carbon of an alkyl-substituted hydroxamic acid (R-CO-N(OH/R′))"",
    ""functional_group"": ""hydroxamic acid carbonyl (alkyl acyl)"",
    ""hybridization"": ""sp2"",
    ""example_molecule_smiles"": ""CC(=O)N(O)H"",
    ""group_smarts"": ""[C;X3](=O)(-[N;X3]-[O;X2])-[A]"",
    ""atom_specific_smarts"": ""[C:1;X3](=O)(-[N;X3]-[O;X2])-[C;X4;!a]"",
    ""description"": ""Acyl carbon of a hydroxamic acid where the acyl substituent is aliphatic (alkyl)."",
    ""uncertainty"": ""30""
  },
  {
    ""atom_type"": 821,
    ""element"": ""C"",
    ""chemical_environment"": ""carbonyl carbon of an aryl-substituted hydroxamic acid (Ar-CO-N(OH/R′))"",
    ""functional_group"": ""hydroxamic acid carbonyl (aryl acyl)"",
    ""hybridization"": ""sp2"",
    ""example_molecule_smiles"": ""O=C(N(O)H)c1ccccc1"",
    ""group_smarts"": ""[C;X3](=O)(-[N;X3]-[O;X2])-[cX3]"",
    ""atom_specific_smarts"": ""[C:1;X3](=O)(-[N;X3]-[O;X2])-[cX3]"",
    ""description"": ""Acyl carbon of a hydroxamic acid where the acyl substituent is aromatic (aryl)."",
    ""uncertainty"": ""30""
  },
  {
    ""atom_type"": 827,
    ""element"": ""C"",
    ""chemical_environment"": ""benzylic secondary carbon bearing an ether substituent (Ph-CH(OR)-R)"",
    ""functional_group"": ""benzyl ether alpha carbon (secondary)"",
    ""hybridization"": ""sp3"",
    ""example_molecule_smiles"": ""CC(c1ccccc1)OC"",
    ""group_smarts"": ""[cX3]-[CH](-[O;X2;!$(*=O)])-[#6]"",
    ""atom_specific_smarts"": ""[C:1;H1;X4](-[O;X2;!$(*=O)]-!@[#6])-[cX3]"",
    ""description"": ""Secondary benzylic methine connected to an ether oxygen and to an aromatic ring."",
    ""uncertainty"": ""25""
  },
  {
    ""atom_type"": 828,
    ""element"": ""C"",
    ""chemical_environment"": ""benzylic tertiary carbon bearing an ether substituent (Ph-C(OR)(R)R)"",
    ""functional_group"": ""benzyl ether alpha carbon (tertiary)"",
    ""hybridization"": ""sp3"",
    ""example_molecule_smiles"": ""CC(C)(c1ccccc1)OC"",
    ""group_smarts"": ""[cX3]-[C;H0;X4](-[O;X2;!$(*=O)])(-[#6])-[#6]"",
    ""atom_specific_smarts"": ""[C:1;H0;X4](-[O;X2;!$(*=O)]-!@[#6])(-[#6])-[cX3]"",
    ""description"": ""Tertiary benzylic carbon bound to an ether oxygen and two carbon substituents."",
    ""uncertainty"": ""25""
  },
  {
    ""atom_type"": 829,
    ""element"": ""C"",
    ""chemical_environment"": ""pyrrole ring carbon at C3 directly bonded to a phenyl ring (3-phenylpyrrole)"",
    ""functional_group"": ""heteroaryl–aryl biaryl junction (pyrrole side)"",
    ""hybridization"": ""sp2"",
    ""example_molecule_smiles"": ""c1c(c[nH]c1)c2ccccc2"",
    ""group_smarts"": ""[nH]1[c][c](-[a])[c][c]1"",
    ""atom_specific_smarts"": ""[nH]1[c][c:1](-[c;a])[c][c]1"",
    ""description"": ""The C3 atom of a pyrrole (five-membered ring with [nH]) that forms the C–C bond to a phenyl ring."",
    ""uncertainty"": ""45""
  },
  {
    ""atom_type"": 830,
    ""element"": ""C"",
    ""chemical_environment"": ""phenyl ipso carbon bonded to a pyrrole C3 (3-phenylpyrrole)"",
    ""functional_group"": ""heteroaryl–aryl biaryl junction (phenyl side)"",
    ""hybridization"": ""sp2"",
    ""example_molecule_smiles"": ""c1c(c[nH]c1)c2ccccc2"",
    ""group_smarts"": ""[cX3]-[c;$(*1~*~*~[nH]~*1)]"",
    ""atom_specific_smarts"": ""[c:1]-[c;$(*1~*~*~[nH]~*1)]"",
    ""description"": ""The phenyl ring ipso carbon directly bonded to a pyrrole ring carbon within a five-membered ring containing [nH]."",
    ""uncertainty"": ""45""
  },
  {
    ""atom_type"": 831,
    ""element"": ""C"",
    ""chemical_environment"": ""imidazole ring carbon at C4 directly bonded to a phenyl ring (4-phenyl-1H-imidazole)"",
    ""functional_group"": ""heteroaryl–aryl biaryl junction (imidazole side)"",
    ""hybridization"": ""sp2"",
    ""example_molecule_smiles"": ""c1[n]c(-c2ccccc2)[nH]c1"",
    ""group_smarts"": ""[nH]1[c][n][c](-[a])[n]1"",
    ""atom_specific_smarts"": ""[nH]1[c][n][c:1](-[c;a])[n]1"",
    ""description"": ""The C4 atom of an imidazole (five-membered ring with one [n] and one [nH]) that forms the C–C bond to a phenyl ring."",
    ""uncertainty"": ""50""
  },
  {
    ""atom_type"": 832,
    ""element"": ""C"",
    ""chemical_environment"": ""phenyl ipso carbon bonded to an imidazole C4 (4-phenyl-1H-imidazole)"",
    ""functional_group"": ""heteroaryl–aryl biaryl junction (phenyl side)"",
    ""hybridization"": ""sp2"",
    ""example_molecule_smiles"": ""c1[n]c(-c2ccccc2)[nH]c1"",
    ""group_smarts"": ""[cX3]-[c;$(*1~*~[n]~*~[nH]~*1)]"",
    ""atom_specific_smarts"": ""[c:1]-[c;$(*1~*~[n]~*~[nH]~*1)]"",
    ""description"": ""The phenyl ring ipso carbon directly bonded to an imidazole ring that contains one [n] and one [nH]."",
    ""uncertainty"": ""50""
  },
  {
    ""atom_type"": 833,
    ""element"": ""C"",
    ""chemical_environment"": ""phenyl ipso carbon of diphenylmethane (Ph-CH2-Ph) at the aryl–methylene junction"",
    ""functional_group"": ""aryl ipso carbon (benzylic linker to CH2)"",
    ""hybridization"": ""sp2"",
    ""example_molecule_smiles"": ""c1ccccc1CH2c2ccccc2"",
    ""group_smarts"": ""[cX3]-[CH2]-[c;a]"",
    ""atom_specific_smarts"": ""[c:1]-[CH2]-[c;a]"",
    ""description"": ""Aromatic carbon bearing the benzylic methylene substituent in diphenylmethane."",
    ""uncertainty"": ""20""
  },
  {
    ""atom_type"": 835,
    ""element"": ""C"",
    ""chemical_environment"": ""primary alkyl iodide carbon (R-CH2-I)"",
    ""functional_group"": ""alkyl iodide alpha carbon (primary)"",
    ""hybridization"": ""sp3"",
    ""example_molecule_smiles"": ""CCI"",
    ""group_smarts"": ""[#6;!a]-[CH2]-[I]"",
    ""atom_specific_smarts"": ""[C:1;H2;X4](-[I])-[#6;!a]"",
    ""description"": ""Primary sp3 carbon bonded to iodine and one carbon substituent."",
    ""uncertainty"": ""10""
  },
  {
    ""atom_type"": 836,
    ""element"": ""C"",
    ""chemical_environment"": ""secondary alkyl iodide carbon (R2CH-I)"",
    ""functional_group"": ""alkyl iodide alpha carbon (secondary)"",
    ""hybridization"": ""sp3"",
    ""example_molecule_smiles"": ""CC(C)I"",
    ""group_smarts"": ""[#6;!a]-[CH](-[I])-[#6;!a]"",
    ""atom_specific_smarts"": ""[C:1;H1;X4](-[I])(-[#6;!a])-[#6;!a]"",
    ""description"": ""Secondary sp3 carbon bonded to iodine and two carbon substituents."",
    ""uncertainty"": ""10""
  },
  {
    ""atom_type"": 837,
    ""element"": ""C"",
    ""chemical_environment"": ""tertiary alkyl iodide carbon (R3C-I)"",
    ""functional_group"": ""alkyl iodide alpha carbon (tertiary)"",
    ""hybridization"": ""sp3"",
    ""example_molecule_smiles"": ""CC(C)(C)I"",
    ""group_smarts"": ""[#6;!a]-[C;H0;X4](-[I])(-[#6;!a])-[#6;!a]"",
    ""atom_specific_smarts"": ""[C:1;H0;X4](-[I])(-[#6;!a])(-[#6;!a])"",
    ""description"": ""Tertiary sp3 carbon bonded to iodine and three carbon substituents."",
    ""uncertainty"": ""10""
  },
  {
    ""atom_type"": 841,
    ""element"": ""C"",
    ""chemical_environment"": ""phenyl ipso carbon bonded to a sulfonamide nitrogen (N-phenyl sulfonamide)"",
    ""functional_group"": ""aryl ipso carbon attached to sulfonamide N"",
    ""hybridization"": ""sp2"",
    ""example_molecule_smiles"": ""CS(=O)(=O)Nc1ccccc1"",
    ""group_smarts"": ""[cX3]-[N;X3]-S(=O)(=O)-[#6]"",
    ""atom_specific_smarts"": ""[c:1]-[N;X3]-S(=O)(=O)-[#6]"",
    ""description"": ""Aromatic carbon directly bonded to the nitrogen of a sulfonamide group."",
    ""uncertainty"": ""25""
  },
  {
    ""atom_type"": 842,
    ""element"": ""C"",
    ""chemical_environment"": ""phenyl ipso carbon attached to a carboxylate group (benzoate, Ar-C(=O)O−)"",
    ""functional_group"": ""aryl ipso carbon attached to carboxylate"",
    ""hybridization"": ""sp2"",
    ""example_molecule_smiles"": ""c1ccccc1C(=O)[O-]"",
    ""group_smarts"": ""[cX3]-[C;X3](=O)[O-]"",
    ""atom_specific_smarts"": ""[c:1]-[C;X3](=O)[O-]"",
    ""description"": ""Aromatic carbon bearing a carboxylate substituent in a benzoate anion."",
    ""uncertainty"": ""20""
  },
  {
    ""atom_type"": 844,
    ""element"": ""C"",
    ""chemical_environment"": ""phenyl ipso carbon attached to urea nitrogen (N-phenyl urea, Ar-N-C(=O)-NH)"",
    ""functional_group"": ""aryl ipso carbon attached to urea N"",
    ""hybridization"": ""sp2"",
    ""example_molecule_smiles"": ""O=C(N)Nc1ccccc1"",
    ""group_smarts"": ""[cX3]-[N;X3]-C(=O)-[N;X3]"",
    ""atom_specific_smarts"": ""[c:1]-[N;X3]-C(=O)-[N;X3]"",
    ""description"": ""Aromatic carbon directly bonded to the nitrogen of a urea group."",
    ""uncertainty"": ""25""
  },
  {
    ""atom_type"": 845,
    ""element"": ""C"",
    ""chemical_environment"": ""tertiary amide carbonyl carbon (R-C(=O)-NR2)"",
    ""functional_group"": ""amide carbonyl (tertiary amide)"",
    ""hybridization"": ""sp2"",
    ""example_molecule_smiles"": ""CC(=O)N(C)C"",
    ""group_smarts"": ""[C;X3](=O)-[N;X3;H0;$([N]([#6])[#6])]"",
    ""atom_specific_smarts"": ""[C:1;X3](=O)-[N;X3;H0;$([N]([#6])[#6])]"",
    ""description"": ""Carbonyl carbon of a tertiary amide (nitrogen substituted by two carbons, no N–H)."",
    ""uncertainty"": ""15""
  },
  {
    ""atom_type"": 848,
    ""element"": ""C"",
    ""chemical_environment"": ""methyl carbon attached to tertiary amide nitrogen (-NR-CH3, N adjacent to C=O)"",
    ""functional_group"": ""amide N-alkyl (methyl on tertiary amide N)"",
    ""hybridization"": ""sp3"",
    ""example_molecule_smiles"": ""CN(C)C=O"",
    ""group_smarts"": ""[CH3]-[N;X3;H0]-[C;X3](=O)"",
    ""atom_specific_smarts"": ""[C:1;H3;X4]-[N;X3;H0]-[C;X3](=O)"",
    ""description"": ""N-methyl carbon directly bound to an amide nitrogen in a tertiary amide."",
    ""uncertainty"": ""20""
  },
  {
    ""atom_type"": 849,
    ""element"": ""C"",
    ""chemical_environment"": ""methylene carbon attached to tertiary amide nitrogen (-NR-CH2R, N adjacent to C=O)"",
    ""functional_group"": ""amide N-alkyl (methylene on tertiary amide N)"",
    ""hybridization"": ""sp3"",
    ""example_molecule_smiles"": ""CCN(C)C(=O)C"",
    ""group_smarts"": ""[CH2]-[N;X3;H0]-[C;X3](=O)"",
    ""atom_specific_smarts"": ""[C:1;H2;X4]-[N;X3;H0]-[C;X3](=O)"",
    ""description"": ""N-methylene carbon directly bound to an amide nitrogen in a tertiary amide."",
    ""uncertainty"": ""20""
  },
  {
    ""atom_type"": 850,
    ""element"": ""C"",
    ""chemical_environment"": ""methine carbon attached to tertiary amide nitrogen (-NR-CHR2, N adjacent to C=O)"",
    ""functional_group"": ""amide N-alkyl (methine on tertiary amide N)"",
    ""hybridization"": ""sp3"",
    ""example_molecule_smiles"": ""CC(C)N(C)C(=O)C"",
    ""group_smarts"": ""[CH](-[#6])-[N;X3;H0]-[C;X3](=O)"",
    ""atom_specific_smarts"": ""[C:1;H1;X4](-[#6])-[N;X3;H0]-[C;X3](=O)"",
    ""description"": ""N-methine carbon directly bound to an amide nitrogen in a tertiary amide (secondary alkyl substituent)."",
    ""uncertainty"": ""25""
  }
]"
831,0.3,"""4-Phenyl Imidazole C4""",12.011,oplsaa2008.lt,C,6,"Convert the following OPLS-AA atom type rows:

Atom Type Data:
- Atom index: 819
- Force field raw info: ""Benzyl Amine -CH2NR2""
- Partial charge: 0.145
- Atomic mass: 12.011
- Element guess: C
- Atomic number: 6
- Source file: oplsaa2008.lt


Atom Type Data:
- Atom index: 820
- Force field raw info: ""Alkyl Hydroxamic Acid C""
- Partial charge: 0.888
- Atomic mass: 12.011
- Element guess: C
- Atomic number: 6
- Source file: oplsaa2008.lt


Atom Type Data:
- Atom index: 821
- Force field raw info: ""Aryl Hydroxamic Acid C""
- Partial charge: 1.003
- Atomic mass: 12.011
- Element guess: C
- Atomic number: 6
- Source file: oplsaa2008.lt


Atom Type Data:
- Atom index: 827
- Force field raw info: ""Benzyl Ether -CHROR""
- Partial charge: 0.225
- Atomic mass: 12.011
- Element guess: C
- Atomic number: 6
- Source file: oplsaa2008.lt


Atom Type Data:
- Atom index: 828
- Force field raw info: ""Benzyl Ether -CR2OR""
- Partial charge: 0.255
- Atomic mass: 12.011
- Element guess: C
- Atomic number: 6
- Source file: oplsaa2008.lt


Atom Type Data:
- Atom index: 829
- Force field raw info: ""3-Phenyl Pyrrole C3""
- Partial charge: -0.034
- Atomic mass: 12.011
- Element guess: C
- Atomic number: 6
- Source file: oplsaa2008.lt


Atom Type Data:
- Atom index: 830
- Force field raw info: ""3-Phenyl Pyrrole C3'""
- Partial charge: 0.003
- Atomic mass: 12.011
- Element guess: C
- Atomic number: 6
- Source file: oplsaa2008.lt


Atom Type Data:
- Atom index: 831
- Force field raw info: ""4-Phenyl Imidazole C4""
- Partial charge: 0.3
- Atomic mass: 12.011
- Element guess: C
- Atomic number: 6
- Source file: oplsaa2008.lt


Atom Type Data:
- Atom index: 832
- Force field raw info: ""4-Phenyl Imidazole C4'""
- Partial charge: -0.04
- Atomic mass: 12.011
- Element guess: C
- Atomic number: 6
- Source file: oplsaa2008.lt


Atom Type Data:
- Atom index: 833
- Force field raw info: ""Diphenylmethane Cipso""
- Partial charge: -0.0575
- Atomic mass: 12.011
- Element guess: C
- Atomic number: 6
- Source file: oplsaa2008.lt


Atom Type Data:
- Atom index: 835
- Force field raw info: ""Alkyl Iodide RCH2-I""
- Partial charge: -0.07
- Atomic mass: 12.011
- Element guess: C
- Atomic number: 6
- Source file: oplsaa2008.lt


Atom Type Data:
- Atom index: 836
- Force field raw info: ""Alkyl Iodide R2CH-I""
- Partial charge: 0.03
- Atomic mass: 12.011
- Element guess: C
- Atomic number: 6
- Source file: oplsaa2008.lt


Atom Type Data:
- Atom index: 837
- Force field raw info: ""Alkyl Iodide R3C-I""
- Partial charge: 0.13
- Atomic mass: 12.011
- Element guess: C
- Atomic number: 6
- Source file: oplsaa2008.lt


Atom Type Data:
- Atom index: 841
- Force field raw info: ""N-Ph Sulfonamide Cipso""
- Partial charge: 0.155
- Atomic mass: 12.011
- Element guess: C
- Atomic number: 6
- Source file: oplsaa2008.lt


Atom Type Data:
- Atom index: 842
- Force field raw info: ""Benzoate C-COO-""
- Partial charge: -0.1
- Atomic mass: 12.011
- Element guess: C
- Atomic number: 6
- Source file: oplsaa2008.lt


Atom Type Data:
- Atom index: 844
- Force field raw info: ""N-Phenyl Urea Cipso""
- Partial charge: 0.218
- Atomic mass: 12.011
- Element guess: C
- Atomic number: 6
- Source file: oplsaa2008.lt


Atom Type Data:
- Atom index: 845
- Force field raw info: ""Tertiary Amide -CO-NR2""
- Partial charge: 0.6
- Atomic mass: 12.011
- Element guess: C
- Atomic number: 6
- Source file: oplsaa2008.lt


Atom Type Data:
- Atom index: 848
- Force field raw info: ""Tertiary Amide -NRCH3""
- Partial charge: 0.0
- Atomic mass: 12.011
- Element guess: C
- Atomic number: 6
- Source file: oplsaa2008.lt


Atom Type Data:
- Atom index: 849
- Force field raw info: ""Tertiary Amide -NRCH2R""
- Partial charge: 0.06
- Atomic mass: 12.011
- Element guess: C
- Atomic number: 6
- Source file: oplsaa2008.lt


Atom Type Data:
- Atom index: 850
- Force field raw info: ""Tertiary Amide -NRCHR2""
- Partial charge: 0.12
- Atomic mass: 12.011
- Element guess: C
- Atomic number: 6
- Source file: oplsaa2008.lt
","[
  {
    ""atom_type"": 819,
    ""element"": ""C"",
    ""chemical_environment"": ""benzylic CH2 attached to a tertiary amine nitrogen (Ph-CH2-NR2)"",
    ""functional_group"": ""benzyl amine alpha carbon"",
    ""hybridization"": ""sp3"",
    ""example_molecule_smiles"": ""CN(C)Cc1ccccc1"",
    ""group_smarts"": ""[cX3]-[CH2]-[N;X3;!$([NX3](=O))]"",
    ""atom_specific_smarts"": ""[C:1;H2;X4](-[N;X3;!$([NX3](=O))])-[cX3]"",
    ""description"": ""The benzylic methylene carbon directly bonded to an amine N and an aromatic carbon."",
    ""uncertainty"": ""20""
  },
  {
    ""atom_type"": 820,
    ""element"": ""C"",
    ""chemical_environment"": ""carbonyl carbon of an alkyl-substituted hydroxamic acid (R-CO-N(OH/R′))"",
    ""functional_group"": ""hydroxamic acid carbonyl (alkyl acyl)"",
    ""hybridization"": ""sp2"",
    ""example_molecule_smiles"": ""CC(=O)N(O)H"",
    ""group_smarts"": ""[C;X3](=O)(-[N;X3]-[O;X2])-[A]"",
    ""atom_specific_smarts"": ""[C:1;X3](=O)(-[N;X3]-[O;X2])-[C;X4;!a]"",
    ""description"": ""Acyl carbon of a hydroxamic acid where the acyl substituent is aliphatic (alkyl)."",
    ""uncertainty"": ""30""
  },
  {
    ""atom_type"": 821,
    ""element"": ""C"",
    ""chemical_environment"": ""carbonyl carbon of an aryl-substituted hydroxamic acid (Ar-CO-N(OH/R′))"",
    ""functional_group"": ""hydroxamic acid carbonyl (aryl acyl)"",
    ""hybridization"": ""sp2"",
    ""example_molecule_smiles"": ""O=C(N(O)H)c1ccccc1"",
    ""group_smarts"": ""[C;X3](=O)(-[N;X3]-[O;X2])-[cX3]"",
    ""atom_specific_smarts"": ""[C:1;X3](=O)(-[N;X3]-[O;X2])-[cX3]"",
    ""description"": ""Acyl carbon of a hydroxamic acid where the acyl substituent is aromatic (aryl)."",
    ""uncertainty"": ""30""
  },
  {
    ""atom_type"": 827,
    ""element"": ""C"",
    ""chemical_environment"": ""benzylic secondary carbon bearing an ether substituent (Ph-CH(OR)-R)"",
    ""functional_group"": ""benzyl ether alpha carbon (secondary)"",
    ""hybridization"": ""sp3"",
    ""example_molecule_smiles"": ""CC(c1ccccc1)OC"",
    ""group_smarts"": ""[cX3]-[CH](-[O;X2;!$(*=O)])-[#6]"",
    ""atom_specific_smarts"": ""[C:1;H1;X4](-[O;X2;!$(*=O)]-!@[#6])-[cX3]"",
    ""description"": ""Secondary benzylic methine connected to an ether oxygen and to an aromatic ring."",
    ""uncertainty"": ""25""
  },
  {
    ""atom_type"": 828,
    ""element"": ""C"",
    ""chemical_environment"": ""benzylic tertiary carbon bearing an ether substituent (Ph-C(OR)(R)R)"",
    ""functional_group"": ""benzyl ether alpha carbon (tertiary)"",
    ""hybridization"": ""sp3"",
    ""example_molecule_smiles"": ""CC(C)(c1ccccc1)OC"",
    ""group_smarts"": ""[cX3]-[C;H0;X4](-[O;X2;!$(*=O)])(-[#6])-[#6]"",
    ""atom_specific_smarts"": ""[C:1;H0;X4](-[O;X2;!$(*=O)]-!@[#6])(-[#6])-[cX3]"",
    ""description"": ""Tertiary benzylic carbon bound to an ether oxygen and two carbon substituents."",
    ""uncertainty"": ""25""
  },
  {
    ""atom_type"": 829,
    ""element"": ""C"",
    ""chemical_environment"": ""pyrrole ring carbon at C3 directly bonded to a phenyl ring (3-phenylpyrrole)"",
    ""functional_group"": ""heteroaryl–aryl biaryl junction (pyrrole side)"",
    ""hybridization"": ""sp2"",
    ""example_molecule_smiles"": ""c1c(c[nH]c1)c2ccccc2"",
    ""group_smarts"": ""[nH]1[c][c](-[a])[c][c]1"",
    ""atom_specific_smarts"": ""[nH]1[c][c:1](-[c;a])[c][c]1"",
    ""description"": ""The C3 atom of a pyrrole (five-membered ring with [nH]) that forms the C–C bond to a phenyl ring."",
    ""uncertainty"": ""45""
  },
  {
    ""atom_type"": 830,
    ""element"": ""C"",
    ""chemical_environment"": ""phenyl ipso carbon bonded to a pyrrole C3 (3-phenylpyrrole)"",
    ""functional_group"": ""heteroaryl–aryl biaryl junction (phenyl side)"",
    ""hybridization"": ""sp2"",
    ""example_molecule_smiles"": ""c1c(c[nH]c1)c2ccccc2"",
    ""group_smarts"": ""[cX3]-[c;$(*1~*~*~[nH]~*1)]"",
    ""atom_specific_smarts"": ""[c:1]-[c;$(*1~*~*~[nH]~*1)]"",
    ""description"": ""The phenyl ring ipso carbon directly bonded to a pyrrole ring carbon within a five-membered ring containing [nH]."",
    ""uncertainty"": ""45""
  },
  {
    ""atom_type"": 831,
    ""element"": ""C"",
    ""chemical_environment"": ""imidazole ring carbon at C4 directly bonded to a phenyl ring (4-phenyl-1H-imidazole)"",
    ""functional_group"": ""heteroaryl–aryl biaryl junction (imidazole side)"",
    ""hybridization"": ""sp2"",
    ""example_molecule_smiles"": ""c1[n]c(-c2ccccc2)[nH]c1"",
    ""group_smarts"": ""[nH]1[c][n][c](-[a])[n]1"",
    ""atom_specific_smarts"": ""[nH]1[c][n][c:1](-[c;a])[n]1"",
    ""description"": ""The C4 atom of an imidazole (five-membered ring with one [n] and one [nH]) that forms the C–C bond to a phenyl ring."",
    ""uncertainty"": ""50""
  },
  {
    ""atom_type"": 832,
    ""element"": ""C"",
    ""chemical_environment"": ""phenyl ipso carbon bonded to an imidazole C4 (4-phenyl-1H-imidazole)"",
    ""functional_group"": ""heteroaryl–aryl biaryl junction (phenyl side)"",
    ""hybridization"": ""sp2"",
    ""example_molecule_smiles"": ""c1[n]c(-c2ccccc2)[nH]c1"",
    ""group_smarts"": ""[cX3]-[c;$(*1~*~[n]~*~[nH]~*1)]"",
    ""atom_specific_smarts"": ""[c:1]-[c;$(*1~*~[n]~*~[nH]~*1)]"",
    ""description"": ""The phenyl ring ipso carbon directly bonded to an imidazole ring that contains one [n] and one [nH]."",
    ""uncertainty"": ""50""
  },
  {
    ""atom_type"": 833,
    ""element"": ""C"",
    ""chemical_environment"": ""phenyl ipso carbon of diphenylmethane (Ph-CH2-Ph) at the aryl–methylene junction"",
    ""functional_group"": ""aryl ipso carbon (benzylic linker to CH2)"",
    ""hybridization"": ""sp2"",
    ""example_molecule_smiles"": ""c1ccccc1CH2c2ccccc2"",
    ""group_smarts"": ""[cX3]-[CH2]-[c;a]"",
    ""atom_specific_smarts"": ""[c:1]-[CH2]-[c;a]"",
    ""description"": ""Aromatic carbon bearing the benzylic methylene substituent in diphenylmethane."",
    ""uncertainty"": ""20""
  },
  {
    ""atom_type"": 835,
    ""element"": ""C"",
    ""chemical_environment"": ""primary alkyl iodide carbon (R-CH2-I)"",
    ""functional_group"": ""alkyl iodide alpha carbon (primary)"",
    ""hybridization"": ""sp3"",
    ""example_molecule_smiles"": ""CCI"",
    ""group_smarts"": ""[#6;!a]-[CH2]-[I]"",
    ""atom_specific_smarts"": ""[C:1;H2;X4](-[I])-[#6;!a]"",
    ""description"": ""Primary sp3 carbon bonded to iodine and one carbon substituent."",
    ""uncertainty"": ""10""
  },
  {
    ""atom_type"": 836,
    ""element"": ""C"",
    ""chemical_environment"": ""secondary alkyl iodide carbon (R2CH-I)"",
    ""functional_group"": ""alkyl iodide alpha carbon (secondary)"",
    ""hybridization"": ""sp3"",
    ""example_molecule_smiles"": ""CC(C)I"",
    ""group_smarts"": ""[#6;!a]-[CH](-[I])-[#6;!a]"",
    ""atom_specific_smarts"": ""[C:1;H1;X4](-[I])(-[#6;!a])-[#6;!a]"",
    ""description"": ""Secondary sp3 carbon bonded to iodine and two carbon substituents."",
    ""uncertainty"": ""10""
  },
  {
    ""atom_type"": 837,
    ""element"": ""C"",
    ""chemical_environment"": ""tertiary alkyl iodide carbon (R3C-I)"",
    ""functional_group"": ""alkyl iodide alpha carbon (tertiary)"",
    ""hybridization"": ""sp3"",
    ""example_molecule_smiles"": ""CC(C)(C)I"",
    ""group_smarts"": ""[#6;!a]-[C;H0;X4](-[I])(-[#6;!a])-[#6;!a]"",
    ""atom_specific_smarts"": ""[C:1;H0;X4](-[I])(-[#6;!a])(-[#6;!a])"",
    ""description"": ""Tertiary sp3 carbon bonded to iodine and three carbon substituents."",
    ""uncertainty"": ""10""
  },
  {
    ""atom_type"": 841,
    ""element"": ""C"",
    ""chemical_environment"": ""phenyl ipso carbon bonded to a sulfonamide nitrogen (N-phenyl sulfonamide)"",
    ""functional_group"": ""aryl ipso carbon attached to sulfonamide N"",
    ""hybridization"": ""sp2"",
    ""example_molecule_smiles"": ""CS(=O)(=O)Nc1ccccc1"",
    ""group_smarts"": ""[cX3]-[N;X3]-S(=O)(=O)-[#6]"",
    ""atom_specific_smarts"": ""[c:1]-[N;X3]-S(=O)(=O)-[#6]"",
    ""description"": ""Aromatic carbon directly bonded to the nitrogen of a sulfonamide group."",
    ""uncertainty"": ""25""
  },
  {
    ""atom_type"": 842,
    ""element"": ""C"",
    ""chemical_environment"": ""phenyl ipso carbon attached to a carboxylate group (benzoate, Ar-C(=O)O−)"",
    ""functional_group"": ""aryl ipso carbon attached to carboxylate"",
    ""hybridization"": ""sp2"",
    ""example_molecule_smiles"": ""c1ccccc1C(=O)[O-]"",
    ""group_smarts"": ""[cX3]-[C;X3](=O)[O-]"",
    ""atom_specific_smarts"": ""[c:1]-[C;X3](=O)[O-]"",
    ""description"": ""Aromatic carbon bearing a carboxylate substituent in a benzoate anion."",
    ""uncertainty"": ""20""
  },
  {
    ""atom_type"": 844,
    ""element"": ""C"",
    ""chemical_environment"": ""phenyl ipso carbon attached to urea nitrogen (N-phenyl urea, Ar-N-C(=O)-NH)"",
    ""functional_group"": ""aryl ipso carbon attached to urea N"",
    ""hybridization"": ""sp2"",
    ""example_molecule_smiles"": ""O=C(N)Nc1ccccc1"",
    ""group_smarts"": ""[cX3]-[N;X3]-C(=O)-[N;X3]"",
    ""atom_specific_smarts"": ""[c:1]-[N;X3]-C(=O)-[N;X3]"",
    ""description"": ""Aromatic carbon directly bonded to the nitrogen of a urea group."",
    ""uncertainty"": ""25""
  },
  {
    ""atom_type"": 845,
    ""element"": ""C"",
    ""chemical_environment"": ""tertiary amide carbonyl carbon (R-C(=O)-NR2)"",
    ""functional_group"": ""amide carbonyl (tertiary amide)"",
    ""hybridization"": ""sp2"",
    ""example_molecule_smiles"": ""CC(=O)N(C)C"",
    ""group_smarts"": ""[C;X3](=O)-[N;X3;H0;$([N]([#6])[#6])]"",
    ""atom_specific_smarts"": ""[C:1;X3](=O)-[N;X3;H0;$([N]([#6])[#6])]"",
    ""description"": ""Carbonyl carbon of a tertiary amide (nitrogen substituted by two carbons, no N–H)."",
    ""uncertainty"": ""15""
  },
  {
    ""atom_type"": 848,
    ""element"": ""C"",
    ""chemical_environment"": ""methyl carbon attached to tertiary amide nitrogen (-NR-CH3, N adjacent to C=O)"",
    ""functional_group"": ""amide N-alkyl (methyl on tertiary amide N)"",
    ""hybridization"": ""sp3"",
    ""example_molecule_smiles"": ""CN(C)C=O"",
    ""group_smarts"": ""[CH3]-[N;X3;H0]-[C;X3](=O)"",
    ""atom_specific_smarts"": ""[C:1;H3;X4]-[N;X3;H0]-[C;X3](=O)"",
    ""description"": ""N-methyl carbon directly bound to an amide nitrogen in a tertiary amide."",
    ""uncertainty"": ""20""
  },
  {
    ""atom_type"": 849,
    ""element"": ""C"",
    ""chemical_environment"": ""methylene carbon attached to tertiary amide nitrogen (-NR-CH2R, N adjacent to C=O)"",
    ""functional_group"": ""amide N-alkyl (methylene on tertiary amide N)"",
    ""hybridization"": ""sp3"",
    ""example_molecule_smiles"": ""CCN(C)C(=O)C"",
    ""group_smarts"": ""[CH2]-[N;X3;H0]-[C;X3](=O)"",
    ""atom_specific_smarts"": ""[C:1;H2;X4]-[N;X3;H0]-[C;X3](=O)"",
    ""description"": ""N-methylene carbon directly bound to an amide nitrogen in a tertiary amide."",
    ""uncertainty"": ""20""
  },
  {
    ""atom_type"": 850,
    ""element"": ""C"",
    ""chemical_environment"": ""methine carbon attached to tertiary amide nitrogen (-NR-CHR2, N adjacent to C=O)"",
    ""functional_group"": ""amide N-alkyl (methine on tertiary amide N)"",
    ""hybridization"": ""sp3"",
    ""example_molecule_smiles"": ""CC(C)N(C)C(=O)C"",
    ""group_smarts"": ""[CH](-[#6])-[N;X3;H0]-[C;X3](=O)"",
    ""atom_specific_smarts"": ""[C:1;H1;X4](-[#6])-[N;X3;H0]-[C;X3](=O)"",
    ""description"": ""N-methine carbon directly bound to an amide nitrogen in a tertiary amide (secondary alkyl substituent)."",
    ""uncertainty"": ""25""
  }
]"
832,-0.04,"""4-Phenyl Imidazole C4'""",12.011,oplsaa2008.lt,C,6,"Convert the following OPLS-AA atom type rows:

Atom Type Data:
- Atom index: 819
- Force field raw info: ""Benzyl Amine -CH2NR2""
- Partial charge: 0.145
- Atomic mass: 12.011
- Element guess: C
- Atomic number: 6
- Source file: oplsaa2008.lt


Atom Type Data:
- Atom index: 820
- Force field raw info: ""Alkyl Hydroxamic Acid C""
- Partial charge: 0.888
- Atomic mass: 12.011
- Element guess: C
- Atomic number: 6
- Source file: oplsaa2008.lt


Atom Type Data:
- Atom index: 821
- Force field raw info: ""Aryl Hydroxamic Acid C""
- Partial charge: 1.003
- Atomic mass: 12.011
- Element guess: C
- Atomic number: 6
- Source file: oplsaa2008.lt


Atom Type Data:
- Atom index: 827
- Force field raw info: ""Benzyl Ether -CHROR""
- Partial charge: 0.225
- Atomic mass: 12.011
- Element guess: C
- Atomic number: 6
- Source file: oplsaa2008.lt


Atom Type Data:
- Atom index: 828
- Force field raw info: ""Benzyl Ether -CR2OR""
- Partial charge: 0.255
- Atomic mass: 12.011
- Element guess: C
- Atomic number: 6
- Source file: oplsaa2008.lt


Atom Type Data:
- Atom index: 829
- Force field raw info: ""3-Phenyl Pyrrole C3""
- Partial charge: -0.034
- Atomic mass: 12.011
- Element guess: C
- Atomic number: 6
- Source file: oplsaa2008.lt


Atom Type Data:
- Atom index: 830
- Force field raw info: ""3-Phenyl Pyrrole C3'""
- Partial charge: 0.003
- Atomic mass: 12.011
- Element guess: C
- Atomic number: 6
- Source file: oplsaa2008.lt


Atom Type Data:
- Atom index: 831
- Force field raw info: ""4-Phenyl Imidazole C4""
- Partial charge: 0.3
- Atomic mass: 12.011
- Element guess: C
- Atomic number: 6
- Source file: oplsaa2008.lt


Atom Type Data:
- Atom index: 832
- Force field raw info: ""4-Phenyl Imidazole C4'""
- Partial charge: -0.04
- Atomic mass: 12.011
- Element guess: C
- Atomic number: 6
- Source file: oplsaa2008.lt


Atom Type Data:
- Atom index: 833
- Force field raw info: ""Diphenylmethane Cipso""
- Partial charge: -0.0575
- Atomic mass: 12.011
- Element guess: C
- Atomic number: 6
- Source file: oplsaa2008.lt


Atom Type Data:
- Atom index: 835
- Force field raw info: ""Alkyl Iodide RCH2-I""
- Partial charge: -0.07
- Atomic mass: 12.011
- Element guess: C
- Atomic number: 6
- Source file: oplsaa2008.lt


Atom Type Data:
- Atom index: 836
- Force field raw info: ""Alkyl Iodide R2CH-I""
- Partial charge: 0.03
- Atomic mass: 12.011
- Element guess: C
- Atomic number: 6
- Source file: oplsaa2008.lt


Atom Type Data:
- Atom index: 837
- Force field raw info: ""Alkyl Iodide R3C-I""
- Partial charge: 0.13
- Atomic mass: 12.011
- Element guess: C
- Atomic number: 6
- Source file: oplsaa2008.lt


Atom Type Data:
- Atom index: 841
- Force field raw info: ""N-Ph Sulfonamide Cipso""
- Partial charge: 0.155
- Atomic mass: 12.011
- Element guess: C
- Atomic number: 6
- Source file: oplsaa2008.lt


Atom Type Data:
- Atom index: 842
- Force field raw info: ""Benzoate C-COO-""
- Partial charge: -0.1
- Atomic mass: 12.011
- Element guess: C
- Atomic number: 6
- Source file: oplsaa2008.lt


Atom Type Data:
- Atom index: 844
- Force field raw info: ""N-Phenyl Urea Cipso""
- Partial charge: 0.218
- Atomic mass: 12.011
- Element guess: C
- Atomic number: 6
- Source file: oplsaa2008.lt


Atom Type Data:
- Atom index: 845
- Force field raw info: ""Tertiary Amide -CO-NR2""
- Partial charge: 0.6
- Atomic mass: 12.011
- Element guess: C
- Atomic number: 6
- Source file: oplsaa2008.lt


Atom Type Data:
- Atom index: 848
- Force field raw info: ""Tertiary Amide -NRCH3""
- Partial charge: 0.0
- Atomic mass: 12.011
- Element guess: C
- Atomic number: 6
- Source file: oplsaa2008.lt


Atom Type Data:
- Atom index: 849
- Force field raw info: ""Tertiary Amide -NRCH2R""
- Partial charge: 0.06
- Atomic mass: 12.011
- Element guess: C
- Atomic number: 6
- Source file: oplsaa2008.lt


Atom Type Data:
- Atom index: 850
- Force field raw info: ""Tertiary Amide -NRCHR2""
- Partial charge: 0.12
- Atomic mass: 12.011
- Element guess: C
- Atomic number: 6
- Source file: oplsaa2008.lt
","[
  {
    ""atom_type"": 819,
    ""element"": ""C"",
    ""chemical_environment"": ""benzylic CH2 attached to a tertiary amine nitrogen (Ph-CH2-NR2)"",
    ""functional_group"": ""benzyl amine alpha carbon"",
    ""hybridization"": ""sp3"",
    ""example_molecule_smiles"": ""CN(C)Cc1ccccc1"",
    ""group_smarts"": ""[cX3]-[CH2]-[N;X3;!$([NX3](=O))]"",
    ""atom_specific_smarts"": ""[C:1;H2;X4](-[N;X3;!$([NX3](=O))])-[cX3]"",
    ""description"": ""The benzylic methylene carbon directly bonded to an amine N and an aromatic carbon."",
    ""uncertainty"": ""20""
  },
  {
    ""atom_type"": 820,
    ""element"": ""C"",
    ""chemical_environment"": ""carbonyl carbon of an alkyl-substituted hydroxamic acid (R-CO-N(OH/R′))"",
    ""functional_group"": ""hydroxamic acid carbonyl (alkyl acyl)"",
    ""hybridization"": ""sp2"",
    ""example_molecule_smiles"": ""CC(=O)N(O)H"",
    ""group_smarts"": ""[C;X3](=O)(-[N;X3]-[O;X2])-[A]"",
    ""atom_specific_smarts"": ""[C:1;X3](=O)(-[N;X3]-[O;X2])-[C;X4;!a]"",
    ""description"": ""Acyl carbon of a hydroxamic acid where the acyl substituent is aliphatic (alkyl)."",
    ""uncertainty"": ""30""
  },
  {
    ""atom_type"": 821,
    ""element"": ""C"",
    ""chemical_environment"": ""carbonyl carbon of an aryl-substituted hydroxamic acid (Ar-CO-N(OH/R′))"",
    ""functional_group"": ""hydroxamic acid carbonyl (aryl acyl)"",
    ""hybridization"": ""sp2"",
    ""example_molecule_smiles"": ""O=C(N(O)H)c1ccccc1"",
    ""group_smarts"": ""[C;X3](=O)(-[N;X3]-[O;X2])-[cX3]"",
    ""atom_specific_smarts"": ""[C:1;X3](=O)(-[N;X3]-[O;X2])-[cX3]"",
    ""description"": ""Acyl carbon of a hydroxamic acid where the acyl substituent is aromatic (aryl)."",
    ""uncertainty"": ""30""
  },
  {
    ""atom_type"": 827,
    ""element"": ""C"",
    ""chemical_environment"": ""benzylic secondary carbon bearing an ether substituent (Ph-CH(OR)-R)"",
    ""functional_group"": ""benzyl ether alpha carbon (secondary)"",
    ""hybridization"": ""sp3"",
    ""example_molecule_smiles"": ""CC(c1ccccc1)OC"",
    ""group_smarts"": ""[cX3]-[CH](-[O;X2;!$(*=O)])-[#6]"",
    ""atom_specific_smarts"": ""[C:1;H1;X4](-[O;X2;!$(*=O)]-!@[#6])-[cX3]"",
    ""description"": ""Secondary benzylic methine connected to an ether oxygen and to an aromatic ring."",
    ""uncertainty"": ""25""
  },
  {
    ""atom_type"": 828,
    ""element"": ""C"",
    ""chemical_environment"": ""benzylic tertiary carbon bearing an ether substituent (Ph-C(OR)(R)R)"",
    ""functional_group"": ""benzyl ether alpha carbon (tertiary)"",
    ""hybridization"": ""sp3"",
    ""example_molecule_smiles"": ""CC(C)(c1ccccc1)OC"",
    ""group_smarts"": ""[cX3]-[C;H0;X4](-[O;X2;!$(*=O)])(-[#6])-[#6]"",
    ""atom_specific_smarts"": ""[C:1;H0;X4](-[O;X2;!$(*=O)]-!@[#6])(-[#6])-[cX3]"",
    ""description"": ""Tertiary benzylic carbon bound to an ether oxygen and two carbon substituents."",
    ""uncertainty"": ""25""
  },
  {
    ""atom_type"": 829,
    ""element"": ""C"",
    ""chemical_environment"": ""pyrrole ring carbon at C3 directly bonded to a phenyl ring (3-phenylpyrrole)"",
    ""functional_group"": ""heteroaryl–aryl biaryl junction (pyrrole side)"",
    ""hybridization"": ""sp2"",
    ""example_molecule_smiles"": ""c1c(c[nH]c1)c2ccccc2"",
    ""group_smarts"": ""[nH]1[c][c](-[a])[c][c]1"",
    ""atom_specific_smarts"": ""[nH]1[c][c:1](-[c;a])[c][c]1"",
    ""description"": ""The C3 atom of a pyrrole (five-membered ring with [nH]) that forms the C–C bond to a phenyl ring."",
    ""uncertainty"": ""45""
  },
  {
    ""atom_type"": 830,
    ""element"": ""C"",
    ""chemical_environment"": ""phenyl ipso carbon bonded to a pyrrole C3 (3-phenylpyrrole)"",
    ""functional_group"": ""heteroaryl–aryl biaryl junction (phenyl side)"",
    ""hybridization"": ""sp2"",
    ""example_molecule_smiles"": ""c1c(c[nH]c1)c2ccccc2"",
    ""group_smarts"": ""[cX3]-[c;$(*1~*~*~[nH]~*1)]"",
    ""atom_specific_smarts"": ""[c:1]-[c;$(*1~*~*~[nH]~*1)]"",
    ""description"": ""The phenyl ring ipso carbon directly bonded to a pyrrole ring carbon within a five-membered ring containing [nH]."",
    ""uncertainty"": ""45""
  },
  {
    ""atom_type"": 831,
    ""element"": ""C"",
    ""chemical_environment"": ""imidazole ring carbon at C4 directly bonded to a phenyl ring (4-phenyl-1H-imidazole)"",
    ""functional_group"": ""heteroaryl–aryl biaryl junction (imidazole side)"",
    ""hybridization"": ""sp2"",
    ""example_molecule_smiles"": ""c1[n]c(-c2ccccc2)[nH]c1"",
    ""group_smarts"": ""[nH]1[c][n][c](-[a])[n]1"",
    ""atom_specific_smarts"": ""[nH]1[c][n][c:1](-[c;a])[n]1"",
    ""description"": ""The C4 atom of an imidazole (five-membered ring with one [n] and one [nH]) that forms the C–C bond to a phenyl ring."",
    ""uncertainty"": ""50""
  },
  {
    ""atom_type"": 832,
    ""element"": ""C"",
    ""chemical_environment"": ""phenyl ipso carbon bonded to an imidazole C4 (4-phenyl-1H-imidazole)"",
    ""functional_group"": ""heteroaryl–aryl biaryl junction (phenyl side)"",
    ""hybridization"": ""sp2"",
    ""example_molecule_smiles"": ""c1[n]c(-c2ccccc2)[nH]c1"",
    ""group_smarts"": ""[cX3]-[c;$(*1~*~[n]~*~[nH]~*1)]"",
    ""atom_specific_smarts"": ""[c:1]-[c;$(*1~*~[n]~*~[nH]~*1)]"",
    ""description"": ""The phenyl ring ipso carbon directly bonded to an imidazole ring that contains one [n] and one [nH]."",
    ""uncertainty"": ""50""
  },
  {
    ""atom_type"": 833,
    ""element"": ""C"",
    ""chemical_environment"": ""phenyl ipso carbon of diphenylmethane (Ph-CH2-Ph) at the aryl–methylene junction"",
    ""functional_group"": ""aryl ipso carbon (benzylic linker to CH2)"",
    ""hybridization"": ""sp2"",
    ""example_molecule_smiles"": ""c1ccccc1CH2c2ccccc2"",
    ""group_smarts"": ""[cX3]-[CH2]-[c;a]"",
    ""atom_specific_smarts"": ""[c:1]-[CH2]-[c;a]"",
    ""description"": ""Aromatic carbon bearing the benzylic methylene substituent in diphenylmethane."",
    ""uncertainty"": ""20""
  },
  {
    ""atom_type"": 835,
    ""element"": ""C"",
    ""chemical_environment"": ""primary alkyl iodide carbon (R-CH2-I)"",
    ""functional_group"": ""alkyl iodide alpha carbon (primary)"",
    ""hybridization"": ""sp3"",
    ""example_molecule_smiles"": ""CCI"",
    ""group_smarts"": ""[#6;!a]-[CH2]-[I]"",
    ""atom_specific_smarts"": ""[C:1;H2;X4](-[I])-[#6;!a]"",
    ""description"": ""Primary sp3 carbon bonded to iodine and one carbon substituent."",
    ""uncertainty"": ""10""
  },
  {
    ""atom_type"": 836,
    ""element"": ""C"",
    ""chemical_environment"": ""secondary alkyl iodide carbon (R2CH-I)"",
    ""functional_group"": ""alkyl iodide alpha carbon (secondary)"",
    ""hybridization"": ""sp3"",
    ""example_molecule_smiles"": ""CC(C)I"",
    ""group_smarts"": ""[#6;!a]-[CH](-[I])-[#6;!a]"",
    ""atom_specific_smarts"": ""[C:1;H1;X4](-[I])(-[#6;!a])-[#6;!a]"",
    ""description"": ""Secondary sp3 carbon bonded to iodine and two carbon substituents."",
    ""uncertainty"": ""10""
  },
  {
    ""atom_type"": 837,
    ""element"": ""C"",
    ""chemical_environment"": ""tertiary alkyl iodide carbon (R3C-I)"",
    ""functional_group"": ""alkyl iodide alpha carbon (tertiary)"",
    ""hybridization"": ""sp3"",
    ""example_molecule_smiles"": ""CC(C)(C)I"",
    ""group_smarts"": ""[#6;!a]-[C;H0;X4](-[I])(-[#6;!a])-[#6;!a]"",
    ""atom_specific_smarts"": ""[C:1;H0;X4](-[I])(-[#6;!a])(-[#6;!a])"",
    ""description"": ""Tertiary sp3 carbon bonded to iodine and three carbon substituents."",
    ""uncertainty"": ""10""
  },
  {
    ""atom_type"": 841,
    ""element"": ""C"",
    ""chemical_environment"": ""phenyl ipso carbon bonded to a sulfonamide nitrogen (N-phenyl sulfonamide)"",
    ""functional_group"": ""aryl ipso carbon attached to sulfonamide N"",
    ""hybridization"": ""sp2"",
    ""example_molecule_smiles"": ""CS(=O)(=O)Nc1ccccc1"",
    ""group_smarts"": ""[cX3]-[N;X3]-S(=O)(=O)-[#6]"",
    ""atom_specific_smarts"": ""[c:1]-[N;X3]-S(=O)(=O)-[#6]"",
    ""description"": ""Aromatic carbon directly bonded to the nitrogen of a sulfonamide group."",
    ""uncertainty"": ""25""
  },
  {
    ""atom_type"": 842,
    ""element"": ""C"",
    ""chemical_environment"": ""phenyl ipso carbon attached to a carboxylate group (benzoate, Ar-C(=O)O−)"",
    ""functional_group"": ""aryl ipso carbon attached to carboxylate"",
    ""hybridization"": ""sp2"",
    ""example_molecule_smiles"": ""c1ccccc1C(=O)[O-]"",
    ""group_smarts"": ""[cX3]-[C;X3](=O)[O-]"",
    ""atom_specific_smarts"": ""[c:1]-[C;X3](=O)[O-]"",
    ""description"": ""Aromatic carbon bearing a carboxylate substituent in a benzoate anion."",
    ""uncertainty"": ""20""
  },
  {
    ""atom_type"": 844,
    ""element"": ""C"",
    ""chemical_environment"": ""phenyl ipso carbon attached to urea nitrogen (N-phenyl urea, Ar-N-C(=O)-NH)"",
    ""functional_group"": ""aryl ipso carbon attached to urea N"",
    ""hybridization"": ""sp2"",
    ""example_molecule_smiles"": ""O=C(N)Nc1ccccc1"",
    ""group_smarts"": ""[cX3]-[N;X3]-C(=O)-[N;X3]"",
    ""atom_specific_smarts"": ""[c:1]-[N;X3]-C(=O)-[N;X3]"",
    ""description"": ""Aromatic carbon directly bonded to the nitrogen of a urea group."",
    ""uncertainty"": ""25""
  },
  {
    ""atom_type"": 845,
    ""element"": ""C"",
    ""chemical_environment"": ""tertiary amide carbonyl carbon (R-C(=O)-NR2)"",
    ""functional_group"": ""amide carbonyl (tertiary amide)"",
    ""hybridization"": ""sp2"",
    ""example_molecule_smiles"": ""CC(=O)N(C)C"",
    ""group_smarts"": ""[C;X3](=O)-[N;X3;H0;$([N]([#6])[#6])]"",
    ""atom_specific_smarts"": ""[C:1;X3](=O)-[N;X3;H0;$([N]([#6])[#6])]"",
    ""description"": ""Carbonyl carbon of a tertiary amide (nitrogen substituted by two carbons, no N–H)."",
    ""uncertainty"": ""15""
  },
  {
    ""atom_type"": 848,
    ""element"": ""C"",
    ""chemical_environment"": ""methyl carbon attached to tertiary amide nitrogen (-NR-CH3, N adjacent to C=O)"",
    ""functional_group"": ""amide N-alkyl (methyl on tertiary amide N)"",
    ""hybridization"": ""sp3"",
    ""example_molecule_smiles"": ""CN(C)C=O"",
    ""group_smarts"": ""[CH3]-[N;X3;H0]-[C;X3](=O)"",
    ""atom_specific_smarts"": ""[C:1;H3;X4]-[N;X3;H0]-[C;X3](=O)"",
    ""description"": ""N-methyl carbon directly bound to an amide nitrogen in a tertiary amide."",
    ""uncertainty"": ""20""
  },
  {
    ""atom_type"": 849,
    ""element"": ""C"",
    ""chemical_environment"": ""methylene carbon attached to tertiary amide nitrogen (-NR-CH2R, N adjacent to C=O)"",
    ""functional_group"": ""amide N-alkyl (methylene on tertiary amide N)"",
    ""hybridization"": ""sp3"",
    ""example_molecule_smiles"": ""CCN(C)C(=O)C"",
    ""group_smarts"": ""[CH2]-[N;X3;H0]-[C;X3](=O)"",
    ""atom_specific_smarts"": ""[C:1;H2;X4]-[N;X3;H0]-[C;X3](=O)"",
    ""description"": ""N-methylene carbon directly bound to an amide nitrogen in a tertiary amide."",
    ""uncertainty"": ""20""
  },
  {
    ""atom_type"": 850,
    ""element"": ""C"",
    ""chemical_environment"": ""methine carbon attached to tertiary amide nitrogen (-NR-CHR2, N adjacent to C=O)"",
    ""functional_group"": ""amide N-alkyl (methine on tertiary amide N)"",
    ""hybridization"": ""sp3"",
    ""example_molecule_smiles"": ""CC(C)N(C)C(=O)C"",
    ""group_smarts"": ""[CH](-[#6])-[N;X3;H0]-[C;X3](=O)"",
    ""atom_specific_smarts"": ""[C:1;H1;X4](-[#6])-[N;X3;H0]-[C;X3](=O)"",
    ""description"": ""N-methine carbon directly bound to an amide nitrogen in a tertiary amide (secondary alkyl substituent)."",
    ""uncertainty"": ""25""
  }
]"
833,-0.0575,"""Diphenylmethane Cipso""",12.011,oplsaa2008.lt,C,6,"Convert the following OPLS-AA atom type rows:

Atom Type Data:
- Atom index: 819
- Force field raw info: ""Benzyl Amine -CH2NR2""
- Partial charge: 0.145
- Atomic mass: 12.011
- Element guess: C
- Atomic number: 6
- Source file: oplsaa2008.lt


Atom Type Data:
- Atom index: 820
- Force field raw info: ""Alkyl Hydroxamic Acid C""
- Partial charge: 0.888
- Atomic mass: 12.011
- Element guess: C
- Atomic number: 6
- Source file: oplsaa2008.lt


Atom Type Data:
- Atom index: 821
- Force field raw info: ""Aryl Hydroxamic Acid C""
- Partial charge: 1.003
- Atomic mass: 12.011
- Element guess: C
- Atomic number: 6
- Source file: oplsaa2008.lt


Atom Type Data:
- Atom index: 827
- Force field raw info: ""Benzyl Ether -CHROR""
- Partial charge: 0.225
- Atomic mass: 12.011
- Element guess: C
- Atomic number: 6
- Source file: oplsaa2008.lt


Atom Type Data:
- Atom index: 828
- Force field raw info: ""Benzyl Ether -CR2OR""
- Partial charge: 0.255
- Atomic mass: 12.011
- Element guess: C
- Atomic number: 6
- Source file: oplsaa2008.lt


Atom Type Data:
- Atom index: 829
- Force field raw info: ""3-Phenyl Pyrrole C3""
- Partial charge: -0.034
- Atomic mass: 12.011
- Element guess: C
- Atomic number: 6
- Source file: oplsaa2008.lt


Atom Type Data:
- Atom index: 830
- Force field raw info: ""3-Phenyl Pyrrole C3'""
- Partial charge: 0.003
- Atomic mass: 12.011
- Element guess: C
- Atomic number: 6
- Source file: oplsaa2008.lt


Atom Type Data:
- Atom index: 831
- Force field raw info: ""4-Phenyl Imidazole C4""
- Partial charge: 0.3
- Atomic mass: 12.011
- Element guess: C
- Atomic number: 6
- Source file: oplsaa2008.lt


Atom Type Data:
- Atom index: 832
- Force field raw info: ""4-Phenyl Imidazole C4'""
- Partial charge: -0.04
- Atomic mass: 12.011
- Element guess: C
- Atomic number: 6
- Source file: oplsaa2008.lt


Atom Type Data:
- Atom index: 833
- Force field raw info: ""Diphenylmethane Cipso""
- Partial charge: -0.0575
- Atomic mass: 12.011
- Element guess: C
- Atomic number: 6
- Source file: oplsaa2008.lt


Atom Type Data:
- Atom index: 835
- Force field raw info: ""Alkyl Iodide RCH2-I""
- Partial charge: -0.07
- Atomic mass: 12.011
- Element guess: C
- Atomic number: 6
- Source file: oplsaa2008.lt


Atom Type Data:
- Atom index: 836
- Force field raw info: ""Alkyl Iodide R2CH-I""
- Partial charge: 0.03
- Atomic mass: 12.011
- Element guess: C
- Atomic number: 6
- Source file: oplsaa2008.lt


Atom Type Data:
- Atom index: 837
- Force field raw info: ""Alkyl Iodide R3C-I""
- Partial charge: 0.13
- Atomic mass: 12.011
- Element guess: C
- Atomic number: 6
- Source file: oplsaa2008.lt


Atom Type Data:
- Atom index: 841
- Force field raw info: ""N-Ph Sulfonamide Cipso""
- Partial charge: 0.155
- Atomic mass: 12.011
- Element guess: C
- Atomic number: 6
- Source file: oplsaa2008.lt


Atom Type Data:
- Atom index: 842
- Force field raw info: ""Benzoate C-COO-""
- Partial charge: -0.1
- Atomic mass: 12.011
- Element guess: C
- Atomic number: 6
- Source file: oplsaa2008.lt


Atom Type Data:
- Atom index: 844
- Force field raw info: ""N-Phenyl Urea Cipso""
- Partial charge: 0.218
- Atomic mass: 12.011
- Element guess: C
- Atomic number: 6
- Source file: oplsaa2008.lt


Atom Type Data:
- Atom index: 845
- Force field raw info: ""Tertiary Amide -CO-NR2""
- Partial charge: 0.6
- Atomic mass: 12.011
- Element guess: C
- Atomic number: 6
- Source file: oplsaa2008.lt


Atom Type Data:
- Atom index: 848
- Force field raw info: ""Tertiary Amide -NRCH3""
- Partial charge: 0.0
- Atomic mass: 12.011
- Element guess: C
- Atomic number: 6
- Source file: oplsaa2008.lt


Atom Type Data:
- Atom index: 849
- Force field raw info: ""Tertiary Amide -NRCH2R""
- Partial charge: 0.06
- Atomic mass: 12.011
- Element guess: C
- Atomic number: 6
- Source file: oplsaa2008.lt


Atom Type Data:
- Atom index: 850
- Force field raw info: ""Tertiary Amide -NRCHR2""
- Partial charge: 0.12
- Atomic mass: 12.011
- Element guess: C
- Atomic number: 6
- Source file: oplsaa2008.lt
","[
  {
    ""atom_type"": 819,
    ""element"": ""C"",
    ""chemical_environment"": ""benzylic CH2 attached to a tertiary amine nitrogen (Ph-CH2-NR2)"",
    ""functional_group"": ""benzyl amine alpha carbon"",
    ""hybridization"": ""sp3"",
    ""example_molecule_smiles"": ""CN(C)Cc1ccccc1"",
    ""group_smarts"": ""[cX3]-[CH2]-[N;X3;!$([NX3](=O))]"",
    ""atom_specific_smarts"": ""[C:1;H2;X4](-[N;X3;!$([NX3](=O))])-[cX3]"",
    ""description"": ""The benzylic methylene carbon directly bonded to an amine N and an aromatic carbon."",
    ""uncertainty"": ""20""
  },
  {
    ""atom_type"": 820,
    ""element"": ""C"",
    ""chemical_environment"": ""carbonyl carbon of an alkyl-substituted hydroxamic acid (R-CO-N(OH/R′))"",
    ""functional_group"": ""hydroxamic acid carbonyl (alkyl acyl)"",
    ""hybridization"": ""sp2"",
    ""example_molecule_smiles"": ""CC(=O)N(O)H"",
    ""group_smarts"": ""[C;X3](=O)(-[N;X3]-[O;X2])-[A]"",
    ""atom_specific_smarts"": ""[C:1;X3](=O)(-[N;X3]-[O;X2])-[C;X4;!a]"",
    ""description"": ""Acyl carbon of a hydroxamic acid where the acyl substituent is aliphatic (alkyl)."",
    ""uncertainty"": ""30""
  },
  {
    ""atom_type"": 821,
    ""element"": ""C"",
    ""chemical_environment"": ""carbonyl carbon of an aryl-substituted hydroxamic acid (Ar-CO-N(OH/R′))"",
    ""functional_group"": ""hydroxamic acid carbonyl (aryl acyl)"",
    ""hybridization"": ""sp2"",
    ""example_molecule_smiles"": ""O=C(N(O)H)c1ccccc1"",
    ""group_smarts"": ""[C;X3](=O)(-[N;X3]-[O;X2])-[cX3]"",
    ""atom_specific_smarts"": ""[C:1;X3](=O)(-[N;X3]-[O;X2])-[cX3]"",
    ""description"": ""Acyl carbon of a hydroxamic acid where the acyl substituent is aromatic (aryl)."",
    ""uncertainty"": ""30""
  },
  {
    ""atom_type"": 827,
    ""element"": ""C"",
    ""chemical_environment"": ""benzylic secondary carbon bearing an ether substituent (Ph-CH(OR)-R)"",
    ""functional_group"": ""benzyl ether alpha carbon (secondary)"",
    ""hybridization"": ""sp3"",
    ""example_molecule_smiles"": ""CC(c1ccccc1)OC"",
    ""group_smarts"": ""[cX3]-[CH](-[O;X2;!$(*=O)])-[#6]"",
    ""atom_specific_smarts"": ""[C:1;H1;X4](-[O;X2;!$(*=O)]-!@[#6])-[cX3]"",
    ""description"": ""Secondary benzylic methine connected to an ether oxygen and to an aromatic ring."",
    ""uncertainty"": ""25""
  },
  {
    ""atom_type"": 828,
    ""element"": ""C"",
    ""chemical_environment"": ""benzylic tertiary carbon bearing an ether substituent (Ph-C(OR)(R)R)"",
    ""functional_group"": ""benzyl ether alpha carbon (tertiary)"",
    ""hybridization"": ""sp3"",
    ""example_molecule_smiles"": ""CC(C)(c1ccccc1)OC"",
    ""group_smarts"": ""[cX3]-[C;H0;X4](-[O;X2;!$(*=O)])(-[#6])-[#6]"",
    ""atom_specific_smarts"": ""[C:1;H0;X4](-[O;X2;!$(*=O)]-!@[#6])(-[#6])-[cX3]"",
    ""description"": ""Tertiary benzylic carbon bound to an ether oxygen and two carbon substituents."",
    ""uncertainty"": ""25""
  },
  {
    ""atom_type"": 829,
    ""element"": ""C"",
    ""chemical_environment"": ""pyrrole ring carbon at C3 directly bonded to a phenyl ring (3-phenylpyrrole)"",
    ""functional_group"": ""heteroaryl–aryl biaryl junction (pyrrole side)"",
    ""hybridization"": ""sp2"",
    ""example_molecule_smiles"": ""c1c(c[nH]c1)c2ccccc2"",
    ""group_smarts"": ""[nH]1[c][c](-[a])[c][c]1"",
    ""atom_specific_smarts"": ""[nH]1[c][c:1](-[c;a])[c][c]1"",
    ""description"": ""The C3 atom of a pyrrole (five-membered ring with [nH]) that forms the C–C bond to a phenyl ring."",
    ""uncertainty"": ""45""
  },
  {
    ""atom_type"": 830,
    ""element"": ""C"",
    ""chemical_environment"": ""phenyl ipso carbon bonded to a pyrrole C3 (3-phenylpyrrole)"",
    ""functional_group"": ""heteroaryl–aryl biaryl junction (phenyl side)"",
    ""hybridization"": ""sp2"",
    ""example_molecule_smiles"": ""c1c(c[nH]c1)c2ccccc2"",
    ""group_smarts"": ""[cX3]-[c;$(*1~*~*~[nH]~*1)]"",
    ""atom_specific_smarts"": ""[c:1]-[c;$(*1~*~*~[nH]~*1)]"",
    ""description"": ""The phenyl ring ipso carbon directly bonded to a pyrrole ring carbon within a five-membered ring containing [nH]."",
    ""uncertainty"": ""45""
  },
  {
    ""atom_type"": 831,
    ""element"": ""C"",
    ""chemical_environment"": ""imidazole ring carbon at C4 directly bonded to a phenyl ring (4-phenyl-1H-imidazole)"",
    ""functional_group"": ""heteroaryl–aryl biaryl junction (imidazole side)"",
    ""hybridization"": ""sp2"",
    ""example_molecule_smiles"": ""c1[n]c(-c2ccccc2)[nH]c1"",
    ""group_smarts"": ""[nH]1[c][n][c](-[a])[n]1"",
    ""atom_specific_smarts"": ""[nH]1[c][n][c:1](-[c;a])[n]1"",
    ""description"": ""The C4 atom of an imidazole (five-membered ring with one [n] and one [nH]) that forms the C–C bond to a phenyl ring."",
    ""uncertainty"": ""50""
  },
  {
    ""atom_type"": 832,
    ""element"": ""C"",
    ""chemical_environment"": ""phenyl ipso carbon bonded to an imidazole C4 (4-phenyl-1H-imidazole)"",
    ""functional_group"": ""heteroaryl–aryl biaryl junction (phenyl side)"",
    ""hybridization"": ""sp2"",
    ""example_molecule_smiles"": ""c1[n]c(-c2ccccc2)[nH]c1"",
    ""group_smarts"": ""[cX3]-[c;$(*1~*~[n]~*~[nH]~*1)]"",
    ""atom_specific_smarts"": ""[c:1]-[c;$(*1~*~[n]~*~[nH]~*1)]"",
    ""description"": ""The phenyl ring ipso carbon directly bonded to an imidazole ring that contains one [n] and one [nH]."",
    ""uncertainty"": ""50""
  },
  {
    ""atom_type"": 833,
    ""element"": ""C"",
    ""chemical_environment"": ""phenyl ipso carbon of diphenylmethane (Ph-CH2-Ph) at the aryl–methylene junction"",
    ""functional_group"": ""aryl ipso carbon (benzylic linker to CH2)"",
    ""hybridization"": ""sp2"",
    ""example_molecule_smiles"": ""c1ccccc1CH2c2ccccc2"",
    ""group_smarts"": ""[cX3]-[CH2]-[c;a]"",
    ""atom_specific_smarts"": ""[c:1]-[CH2]-[c;a]"",
    ""description"": ""Aromatic carbon bearing the benzylic methylene substituent in diphenylmethane."",
    ""uncertainty"": ""20""
  },
  {
    ""atom_type"": 835,
    ""element"": ""C"",
    ""chemical_environment"": ""primary alkyl iodide carbon (R-CH2-I)"",
    ""functional_group"": ""alkyl iodide alpha carbon (primary)"",
    ""hybridization"": ""sp3"",
    ""example_molecule_smiles"": ""CCI"",
    ""group_smarts"": ""[#6;!a]-[CH2]-[I]"",
    ""atom_specific_smarts"": ""[C:1;H2;X4](-[I])-[#6;!a]"",
    ""description"": ""Primary sp3 carbon bonded to iodine and one carbon substituent."",
    ""uncertainty"": ""10""
  },
  {
    ""atom_type"": 836,
    ""element"": ""C"",
    ""chemical_environment"": ""secondary alkyl iodide carbon (R2CH-I)"",
    ""functional_group"": ""alkyl iodide alpha carbon (secondary)"",
    ""hybridization"": ""sp3"",
    ""example_molecule_smiles"": ""CC(C)I"",
    ""group_smarts"": ""[#6;!a]-[CH](-[I])-[#6;!a]"",
    ""atom_specific_smarts"": ""[C:1;H1;X4](-[I])(-[#6;!a])-[#6;!a]"",
    ""description"": ""Secondary sp3 carbon bonded to iodine and two carbon substituents."",
    ""uncertainty"": ""10""
  },
  {
    ""atom_type"": 837,
    ""element"": ""C"",
    ""chemical_environment"": ""tertiary alkyl iodide carbon (R3C-I)"",
    ""functional_group"": ""alkyl iodide alpha carbon (tertiary)"",
    ""hybridization"": ""sp3"",
    ""example_molecule_smiles"": ""CC(C)(C)I"",
    ""group_smarts"": ""[#6;!a]-[C;H0;X4](-[I])(-[#6;!a])-[#6;!a]"",
    ""atom_specific_smarts"": ""[C:1;H0;X4](-[I])(-[#6;!a])(-[#6;!a])"",
    ""description"": ""Tertiary sp3 carbon bonded to iodine and three carbon substituents."",
    ""uncertainty"": ""10""
  },
  {
    ""atom_type"": 841,
    ""element"": ""C"",
    ""chemical_environment"": ""phenyl ipso carbon bonded to a sulfonamide nitrogen (N-phenyl sulfonamide)"",
    ""functional_group"": ""aryl ipso carbon attached to sulfonamide N"",
    ""hybridization"": ""sp2"",
    ""example_molecule_smiles"": ""CS(=O)(=O)Nc1ccccc1"",
    ""group_smarts"": ""[cX3]-[N;X3]-S(=O)(=O)-[#6]"",
    ""atom_specific_smarts"": ""[c:1]-[N;X3]-S(=O)(=O)-[#6]"",
    ""description"": ""Aromatic carbon directly bonded to the nitrogen of a sulfonamide group."",
    ""uncertainty"": ""25""
  },
  {
    ""atom_type"": 842,
    ""element"": ""C"",
    ""chemical_environment"": ""phenyl ipso carbon attached to a carboxylate group (benzoate, Ar-C(=O)O−)"",
    ""functional_group"": ""aryl ipso carbon attached to carboxylate"",
    ""hybridization"": ""sp2"",
    ""example_molecule_smiles"": ""c1ccccc1C(=O)[O-]"",
    ""group_smarts"": ""[cX3]-[C;X3](=O)[O-]"",
    ""atom_specific_smarts"": ""[c:1]-[C;X3](=O)[O-]"",
    ""description"": ""Aromatic carbon bearing a carboxylate substituent in a benzoate anion."",
    ""uncertainty"": ""20""
  },
  {
    ""atom_type"": 844,
    ""element"": ""C"",
    ""chemical_environment"": ""phenyl ipso carbon attached to urea nitrogen (N-phenyl urea, Ar-N-C(=O)-NH)"",
    ""functional_group"": ""aryl ipso carbon attached to urea N"",
    ""hybridization"": ""sp2"",
    ""example_molecule_smiles"": ""O=C(N)Nc1ccccc1"",
    ""group_smarts"": ""[cX3]-[N;X3]-C(=O)-[N;X3]"",
    ""atom_specific_smarts"": ""[c:1]-[N;X3]-C(=O)-[N;X3]"",
    ""description"": ""Aromatic carbon directly bonded to the nitrogen of a urea group."",
    ""uncertainty"": ""25""
  },
  {
    ""atom_type"": 845,
    ""element"": ""C"",
    ""chemical_environment"": ""tertiary amide carbonyl carbon (R-C(=O)-NR2)"",
    ""functional_group"": ""amide carbonyl (tertiary amide)"",
    ""hybridization"": ""sp2"",
    ""example_molecule_smiles"": ""CC(=O)N(C)C"",
    ""group_smarts"": ""[C;X3](=O)-[N;X3;H0;$([N]([#6])[#6])]"",
    ""atom_specific_smarts"": ""[C:1;X3](=O)-[N;X3;H0;$([N]([#6])[#6])]"",
    ""description"": ""Carbonyl carbon of a tertiary amide (nitrogen substituted by two carbons, no N–H)."",
    ""uncertainty"": ""15""
  },
  {
    ""atom_type"": 848,
    ""element"": ""C"",
    ""chemical_environment"": ""methyl carbon attached to tertiary amide nitrogen (-NR-CH3, N adjacent to C=O)"",
    ""functional_group"": ""amide N-alkyl (methyl on tertiary amide N)"",
    ""hybridization"": ""sp3"",
    ""example_molecule_smiles"": ""CN(C)C=O"",
    ""group_smarts"": ""[CH3]-[N;X3;H0]-[C;X3](=O)"",
    ""atom_specific_smarts"": ""[C:1;H3;X4]-[N;X3;H0]-[C;X3](=O)"",
    ""description"": ""N-methyl carbon directly bound to an amide nitrogen in a tertiary amide."",
    ""uncertainty"": ""20""
  },
  {
    ""atom_type"": 849,
    ""element"": ""C"",
    ""chemical_environment"": ""methylene carbon attached to tertiary amide nitrogen (-NR-CH2R, N adjacent to C=O)"",
    ""functional_group"": ""amide N-alkyl (methylene on tertiary amide N)"",
    ""hybridization"": ""sp3"",
    ""example_molecule_smiles"": ""CCN(C)C(=O)C"",
    ""group_smarts"": ""[CH2]-[N;X3;H0]-[C;X3](=O)"",
    ""atom_specific_smarts"": ""[C:1;H2;X4]-[N;X3;H0]-[C;X3](=O)"",
    ""description"": ""N-methylene carbon directly bound to an amide nitrogen in a tertiary amide."",
    ""uncertainty"": ""20""
  },
  {
    ""atom_type"": 850,
    ""element"": ""C"",
    ""chemical_environment"": ""methine carbon attached to tertiary amide nitrogen (-NR-CHR2, N adjacent to C=O)"",
    ""functional_group"": ""amide N-alkyl (methine on tertiary amide N)"",
    ""hybridization"": ""sp3"",
    ""example_molecule_smiles"": ""CC(C)N(C)C(=O)C"",
    ""group_smarts"": ""[CH](-[#6])-[N;X3;H0]-[C;X3](=O)"",
    ""atom_specific_smarts"": ""[C:1;H1;X4](-[#6])-[N;X3;H0]-[C;X3](=O)"",
    ""description"": ""N-methine carbon directly bound to an amide nitrogen in a tertiary amide (secondary alkyl substituent)."",
    ""uncertainty"": ""25""
  }
]"
835,-0.07,"""Alkyl Iodide RCH2-I""",12.011,oplsaa2008.lt,C,6,"Convert the following OPLS-AA atom type rows:

Atom Type Data:
- Atom index: 819
- Force field raw info: ""Benzyl Amine -CH2NR2""
- Partial charge: 0.145
- Atomic mass: 12.011
- Element guess: C
- Atomic number: 6
- Source file: oplsaa2008.lt


Atom Type Data:
- Atom index: 820
- Force field raw info: ""Alkyl Hydroxamic Acid C""
- Partial charge: 0.888
- Atomic mass: 12.011
- Element guess: C
- Atomic number: 6
- Source file: oplsaa2008.lt


Atom Type Data:
- Atom index: 821
- Force field raw info: ""Aryl Hydroxamic Acid C""
- Partial charge: 1.003
- Atomic mass: 12.011
- Element guess: C
- Atomic number: 6
- Source file: oplsaa2008.lt


Atom Type Data:
- Atom index: 827
- Force field raw info: ""Benzyl Ether -CHROR""
- Partial charge: 0.225
- Atomic mass: 12.011
- Element guess: C
- Atomic number: 6
- Source file: oplsaa2008.lt


Atom Type Data:
- Atom index: 828
- Force field raw info: ""Benzyl Ether -CR2OR""
- Partial charge: 0.255
- Atomic mass: 12.011
- Element guess: C
- Atomic number: 6
- Source file: oplsaa2008.lt


Atom Type Data:
- Atom index: 829
- Force field raw info: ""3-Phenyl Pyrrole C3""
- Partial charge: -0.034
- Atomic mass: 12.011
- Element guess: C
- Atomic number: 6
- Source file: oplsaa2008.lt


Atom Type Data:
- Atom index: 830
- Force field raw info: ""3-Phenyl Pyrrole C3'""
- Partial charge: 0.003
- Atomic mass: 12.011
- Element guess: C
- Atomic number: 6
- Source file: oplsaa2008.lt


Atom Type Data:
- Atom index: 831
- Force field raw info: ""4-Phenyl Imidazole C4""
- Partial charge: 0.3
- Atomic mass: 12.011
- Element guess: C
- Atomic number: 6
- Source file: oplsaa2008.lt


Atom Type Data:
- Atom index: 832
- Force field raw info: ""4-Phenyl Imidazole C4'""
- Partial charge: -0.04
- Atomic mass: 12.011
- Element guess: C
- Atomic number: 6
- Source file: oplsaa2008.lt


Atom Type Data:
- Atom index: 833
- Force field raw info: ""Diphenylmethane Cipso""
- Partial charge: -0.0575
- Atomic mass: 12.011
- Element guess: C
- Atomic number: 6
- Source file: oplsaa2008.lt


Atom Type Data:
- Atom index: 835
- Force field raw info: ""Alkyl Iodide RCH2-I""
- Partial charge: -0.07
- Atomic mass: 12.011
- Element guess: C
- Atomic number: 6
- Source file: oplsaa2008.lt


Atom Type Data:
- Atom index: 836
- Force field raw info: ""Alkyl Iodide R2CH-I""
- Partial charge: 0.03
- Atomic mass: 12.011
- Element guess: C
- Atomic number: 6
- Source file: oplsaa2008.lt


Atom Type Data:
- Atom index: 837
- Force field raw info: ""Alkyl Iodide R3C-I""
- Partial charge: 0.13
- Atomic mass: 12.011
- Element guess: C
- Atomic number: 6
- Source file: oplsaa2008.lt


Atom Type Data:
- Atom index: 841
- Force field raw info: ""N-Ph Sulfonamide Cipso""
- Partial charge: 0.155
- Atomic mass: 12.011
- Element guess: C
- Atomic number: 6
- Source file: oplsaa2008.lt


Atom Type Data:
- Atom index: 842
- Force field raw info: ""Benzoate C-COO-""
- Partial charge: -0.1
- Atomic mass: 12.011
- Element guess: C
- Atomic number: 6
- Source file: oplsaa2008.lt


Atom Type Data:
- Atom index: 844
- Force field raw info: ""N-Phenyl Urea Cipso""
- Partial charge: 0.218
- Atomic mass: 12.011
- Element guess: C
- Atomic number: 6
- Source file: oplsaa2008.lt


Atom Type Data:
- Atom index: 845
- Force field raw info: ""Tertiary Amide -CO-NR2""
- Partial charge: 0.6
- Atomic mass: 12.011
- Element guess: C
- Atomic number: 6
- Source file: oplsaa2008.lt


Atom Type Data:
- Atom index: 848
- Force field raw info: ""Tertiary Amide -NRCH3""
- Partial charge: 0.0
- Atomic mass: 12.011
- Element guess: C
- Atomic number: 6
- Source file: oplsaa2008.lt


Atom Type Data:
- Atom index: 849
- Force field raw info: ""Tertiary Amide -NRCH2R""
- Partial charge: 0.06
- Atomic mass: 12.011
- Element guess: C
- Atomic number: 6
- Source file: oplsaa2008.lt


Atom Type Data:
- Atom index: 850
- Force field raw info: ""Tertiary Amide -NRCHR2""
- Partial charge: 0.12
- Atomic mass: 12.011
- Element guess: C
- Atomic number: 6
- Source file: oplsaa2008.lt
","[
  {
    ""atom_type"": 819,
    ""element"": ""C"",
    ""chemical_environment"": ""benzylic CH2 attached to a tertiary amine nitrogen (Ph-CH2-NR2)"",
    ""functional_group"": ""benzyl amine alpha carbon"",
    ""hybridization"": ""sp3"",
    ""example_molecule_smiles"": ""CN(C)Cc1ccccc1"",
    ""group_smarts"": ""[cX3]-[CH2]-[N;X3;!$([NX3](=O))]"",
    ""atom_specific_smarts"": ""[C:1;H2;X4](-[N;X3;!$([NX3](=O))])-[cX3]"",
    ""description"": ""The benzylic methylene carbon directly bonded to an amine N and an aromatic carbon."",
    ""uncertainty"": ""20""
  },
  {
    ""atom_type"": 820,
    ""element"": ""C"",
    ""chemical_environment"": ""carbonyl carbon of an alkyl-substituted hydroxamic acid (R-CO-N(OH/R′))"",
    ""functional_group"": ""hydroxamic acid carbonyl (alkyl acyl)"",
    ""hybridization"": ""sp2"",
    ""example_molecule_smiles"": ""CC(=O)N(O)H"",
    ""group_smarts"": ""[C;X3](=O)(-[N;X3]-[O;X2])-[A]"",
    ""atom_specific_smarts"": ""[C:1;X3](=O)(-[N;X3]-[O;X2])-[C;X4;!a]"",
    ""description"": ""Acyl carbon of a hydroxamic acid where the acyl substituent is aliphatic (alkyl)."",
    ""uncertainty"": ""30""
  },
  {
    ""atom_type"": 821,
    ""element"": ""C"",
    ""chemical_environment"": ""carbonyl carbon of an aryl-substituted hydroxamic acid (Ar-CO-N(OH/R′))"",
    ""functional_group"": ""hydroxamic acid carbonyl (aryl acyl)"",
    ""hybridization"": ""sp2"",
    ""example_molecule_smiles"": ""O=C(N(O)H)c1ccccc1"",
    ""group_smarts"": ""[C;X3](=O)(-[N;X3]-[O;X2])-[cX3]"",
    ""atom_specific_smarts"": ""[C:1;X3](=O)(-[N;X3]-[O;X2])-[cX3]"",
    ""description"": ""Acyl carbon of a hydroxamic acid where the acyl substituent is aromatic (aryl)."",
    ""uncertainty"": ""30""
  },
  {
    ""atom_type"": 827,
    ""element"": ""C"",
    ""chemical_environment"": ""benzylic secondary carbon bearing an ether substituent (Ph-CH(OR)-R)"",
    ""functional_group"": ""benzyl ether alpha carbon (secondary)"",
    ""hybridization"": ""sp3"",
    ""example_molecule_smiles"": ""CC(c1ccccc1)OC"",
    ""group_smarts"": ""[cX3]-[CH](-[O;X2;!$(*=O)])-[#6]"",
    ""atom_specific_smarts"": ""[C:1;H1;X4](-[O;X2;!$(*=O)]-!@[#6])-[cX3]"",
    ""description"": ""Secondary benzylic methine connected to an ether oxygen and to an aromatic ring."",
    ""uncertainty"": ""25""
  },
  {
    ""atom_type"": 828,
    ""element"": ""C"",
    ""chemical_environment"": ""benzylic tertiary carbon bearing an ether substituent (Ph-C(OR)(R)R)"",
    ""functional_group"": ""benzyl ether alpha carbon (tertiary)"",
    ""hybridization"": ""sp3"",
    ""example_molecule_smiles"": ""CC(C)(c1ccccc1)OC"",
    ""group_smarts"": ""[cX3]-[C;H0;X4](-[O;X2;!$(*=O)])(-[#6])-[#6]"",
    ""atom_specific_smarts"": ""[C:1;H0;X4](-[O;X2;!$(*=O)]-!@[#6])(-[#6])-[cX3]"",
    ""description"": ""Tertiary benzylic carbon bound to an ether oxygen and two carbon substituents."",
    ""uncertainty"": ""25""
  },
  {
    ""atom_type"": 829,
    ""element"": ""C"",
    ""chemical_environment"": ""pyrrole ring carbon at C3 directly bonded to a phenyl ring (3-phenylpyrrole)"",
    ""functional_group"": ""heteroaryl–aryl biaryl junction (pyrrole side)"",
    ""hybridization"": ""sp2"",
    ""example_molecule_smiles"": ""c1c(c[nH]c1)c2ccccc2"",
    ""group_smarts"": ""[nH]1[c][c](-[a])[c][c]1"",
    ""atom_specific_smarts"": ""[nH]1[c][c:1](-[c;a])[c][c]1"",
    ""description"": ""The C3 atom of a pyrrole (five-membered ring with [nH]) that forms the C–C bond to a phenyl ring."",
    ""uncertainty"": ""45""
  },
  {
    ""atom_type"": 830,
    ""element"": ""C"",
    ""chemical_environment"": ""phenyl ipso carbon bonded to a pyrrole C3 (3-phenylpyrrole)"",
    ""functional_group"": ""heteroaryl–aryl biaryl junction (phenyl side)"",
    ""hybridization"": ""sp2"",
    ""example_molecule_smiles"": ""c1c(c[nH]c1)c2ccccc2"",
    ""group_smarts"": ""[cX3]-[c;$(*1~*~*~[nH]~*1)]"",
    ""atom_specific_smarts"": ""[c:1]-[c;$(*1~*~*~[nH]~*1)]"",
    ""description"": ""The phenyl ring ipso carbon directly bonded to a pyrrole ring carbon within a five-membered ring containing [nH]."",
    ""uncertainty"": ""45""
  },
  {
    ""atom_type"": 831,
    ""element"": ""C"",
    ""chemical_environment"": ""imidazole ring carbon at C4 directly bonded to a phenyl ring (4-phenyl-1H-imidazole)"",
    ""functional_group"": ""heteroaryl–aryl biaryl junction (imidazole side)"",
    ""hybridization"": ""sp2"",
    ""example_molecule_smiles"": ""c1[n]c(-c2ccccc2)[nH]c1"",
    ""group_smarts"": ""[nH]1[c][n][c](-[a])[n]1"",
    ""atom_specific_smarts"": ""[nH]1[c][n][c:1](-[c;a])[n]1"",
    ""description"": ""The C4 atom of an imidazole (five-membered ring with one [n] and one [nH]) that forms the C–C bond to a phenyl ring."",
    ""uncertainty"": ""50""
  },
  {
    ""atom_type"": 832,
    ""element"": ""C"",
    ""chemical_environment"": ""phenyl ipso carbon bonded to an imidazole C4 (4-phenyl-1H-imidazole)"",
    ""functional_group"": ""heteroaryl–aryl biaryl junction (phenyl side)"",
    ""hybridization"": ""sp2"",
    ""example_molecule_smiles"": ""c1[n]c(-c2ccccc2)[nH]c1"",
    ""group_smarts"": ""[cX3]-[c;$(*1~*~[n]~*~[nH]~*1)]"",
    ""atom_specific_smarts"": ""[c:1]-[c;$(*1~*~[n]~*~[nH]~*1)]"",
    ""description"": ""The phenyl ring ipso carbon directly bonded to an imidazole ring that contains one [n] and one [nH]."",
    ""uncertainty"": ""50""
  },
  {
    ""atom_type"": 833,
    ""element"": ""C"",
    ""chemical_environment"": ""phenyl ipso carbon of diphenylmethane (Ph-CH2-Ph) at the aryl–methylene junction"",
    ""functional_group"": ""aryl ipso carbon (benzylic linker to CH2)"",
    ""hybridization"": ""sp2"",
    ""example_molecule_smiles"": ""c1ccccc1CH2c2ccccc2"",
    ""group_smarts"": ""[cX3]-[CH2]-[c;a]"",
    ""atom_specific_smarts"": ""[c:1]-[CH2]-[c;a]"",
    ""description"": ""Aromatic carbon bearing the benzylic methylene substituent in diphenylmethane."",
    ""uncertainty"": ""20""
  },
  {
    ""atom_type"": 835,
    ""element"": ""C"",
    ""chemical_environment"": ""primary alkyl iodide carbon (R-CH2-I)"",
    ""functional_group"": ""alkyl iodide alpha carbon (primary)"",
    ""hybridization"": ""sp3"",
    ""example_molecule_smiles"": ""CCI"",
    ""group_smarts"": ""[#6;!a]-[CH2]-[I]"",
    ""atom_specific_smarts"": ""[C:1;H2;X4](-[I])-[#6;!a]"",
    ""description"": ""Primary sp3 carbon bonded to iodine and one carbon substituent."",
    ""uncertainty"": ""10""
  },
  {
    ""atom_type"": 836,
    ""element"": ""C"",
    ""chemical_environment"": ""secondary alkyl iodide carbon (R2CH-I)"",
    ""functional_group"": ""alkyl iodide alpha carbon (secondary)"",
    ""hybridization"": ""sp3"",
    ""example_molecule_smiles"": ""CC(C)I"",
    ""group_smarts"": ""[#6;!a]-[CH](-[I])-[#6;!a]"",
    ""atom_specific_smarts"": ""[C:1;H1;X4](-[I])(-[#6;!a])-[#6;!a]"",
    ""description"": ""Secondary sp3 carbon bonded to iodine and two carbon substituents."",
    ""uncertainty"": ""10""
  },
  {
    ""atom_type"": 837,
    ""element"": ""C"",
    ""chemical_environment"": ""tertiary alkyl iodide carbon (R3C-I)"",
    ""functional_group"": ""alkyl iodide alpha carbon (tertiary)"",
    ""hybridization"": ""sp3"",
    ""example_molecule_smiles"": ""CC(C)(C)I"",
    ""group_smarts"": ""[#6;!a]-[C;H0;X4](-[I])(-[#6;!a])-[#6;!a]"",
    ""atom_specific_smarts"": ""[C:1;H0;X4](-[I])(-[#6;!a])(-[#6;!a])"",
    ""description"": ""Tertiary sp3 carbon bonded to iodine and three carbon substituents."",
    ""uncertainty"": ""10""
  },
  {
    ""atom_type"": 841,
    ""element"": ""C"",
    ""chemical_environment"": ""phenyl ipso carbon bonded to a sulfonamide nitrogen (N-phenyl sulfonamide)"",
    ""functional_group"": ""aryl ipso carbon attached to sulfonamide N"",
    ""hybridization"": ""sp2"",
    ""example_molecule_smiles"": ""CS(=O)(=O)Nc1ccccc1"",
    ""group_smarts"": ""[cX3]-[N;X3]-S(=O)(=O)-[#6]"",
    ""atom_specific_smarts"": ""[c:1]-[N;X3]-S(=O)(=O)-[#6]"",
    ""description"": ""Aromatic carbon directly bonded to the nitrogen of a sulfonamide group."",
    ""uncertainty"": ""25""
  },
  {
    ""atom_type"": 842,
    ""element"": ""C"",
    ""chemical_environment"": ""phenyl ipso carbon attached to a carboxylate group (benzoate, Ar-C(=O)O−)"",
    ""functional_group"": ""aryl ipso carbon attached to carboxylate"",
    ""hybridization"": ""sp2"",
    ""example_molecule_smiles"": ""c1ccccc1C(=O)[O-]"",
    ""group_smarts"": ""[cX3]-[C;X3](=O)[O-]"",
    ""atom_specific_smarts"": ""[c:1]-[C;X3](=O)[O-]"",
    ""description"": ""Aromatic carbon bearing a carboxylate substituent in a benzoate anion."",
    ""uncertainty"": ""20""
  },
  {
    ""atom_type"": 844,
    ""element"": ""C"",
    ""chemical_environment"": ""phenyl ipso carbon attached to urea nitrogen (N-phenyl urea, Ar-N-C(=O)-NH)"",
    ""functional_group"": ""aryl ipso carbon attached to urea N"",
    ""hybridization"": ""sp2"",
    ""example_molecule_smiles"": ""O=C(N)Nc1ccccc1"",
    ""group_smarts"": ""[cX3]-[N;X3]-C(=O)-[N;X3]"",
    ""atom_specific_smarts"": ""[c:1]-[N;X3]-C(=O)-[N;X3]"",
    ""description"": ""Aromatic carbon directly bonded to the nitrogen of a urea group."",
    ""uncertainty"": ""25""
  },
  {
    ""atom_type"": 845,
    ""element"": ""C"",
    ""chemical_environment"": ""tertiary amide carbonyl carbon (R-C(=O)-NR2)"",
    ""functional_group"": ""amide carbonyl (tertiary amide)"",
    ""hybridization"": ""sp2"",
    ""example_molecule_smiles"": ""CC(=O)N(C)C"",
    ""group_smarts"": ""[C;X3](=O)-[N;X3;H0;$([N]([#6])[#6])]"",
    ""atom_specific_smarts"": ""[C:1;X3](=O)-[N;X3;H0;$([N]([#6])[#6])]"",
    ""description"": ""Carbonyl carbon of a tertiary amide (nitrogen substituted by two carbons, no N–H)."",
    ""uncertainty"": ""15""
  },
  {
    ""atom_type"": 848,
    ""element"": ""C"",
    ""chemical_environment"": ""methyl carbon attached to tertiary amide nitrogen (-NR-CH3, N adjacent to C=O)"",
    ""functional_group"": ""amide N-alkyl (methyl on tertiary amide N)"",
    ""hybridization"": ""sp3"",
    ""example_molecule_smiles"": ""CN(C)C=O"",
    ""group_smarts"": ""[CH3]-[N;X3;H0]-[C;X3](=O)"",
    ""atom_specific_smarts"": ""[C:1;H3;X4]-[N;X3;H0]-[C;X3](=O)"",
    ""description"": ""N-methyl carbon directly bound to an amide nitrogen in a tertiary amide."",
    ""uncertainty"": ""20""
  },
  {
    ""atom_type"": 849,
    ""element"": ""C"",
    ""chemical_environment"": ""methylene carbon attached to tertiary amide nitrogen (-NR-CH2R, N adjacent to C=O)"",
    ""functional_group"": ""amide N-alkyl (methylene on tertiary amide N)"",
    ""hybridization"": ""sp3"",
    ""example_molecule_smiles"": ""CCN(C)C(=O)C"",
    ""group_smarts"": ""[CH2]-[N;X3;H0]-[C;X3](=O)"",
    ""atom_specific_smarts"": ""[C:1;H2;X4]-[N;X3;H0]-[C;X3](=O)"",
    ""description"": ""N-methylene carbon directly bound to an amide nitrogen in a tertiary amide."",
    ""uncertainty"": ""20""
  },
  {
    ""atom_type"": 850,
    ""element"": ""C"",
    ""chemical_environment"": ""methine carbon attached to tertiary amide nitrogen (-NR-CHR2, N adjacent to C=O)"",
    ""functional_group"": ""amide N-alkyl (methine on tertiary amide N)"",
    ""hybridization"": ""sp3"",
    ""example_molecule_smiles"": ""CC(C)N(C)C(=O)C"",
    ""group_smarts"": ""[CH](-[#6])-[N;X3;H0]-[C;X3](=O)"",
    ""atom_specific_smarts"": ""[C:1;H1;X4](-[#6])-[N;X3;H0]-[C;X3](=O)"",
    ""description"": ""N-methine carbon directly bound to an amide nitrogen in a tertiary amide (secondary alkyl substituent)."",
    ""uncertainty"": ""25""
  }
]"
836,0.03,"""Alkyl Iodide R2CH-I""",12.011,oplsaa2008.lt,C,6,"Convert the following OPLS-AA atom type rows:

Atom Type Data:
- Atom index: 819
- Force field raw info: ""Benzyl Amine -CH2NR2""
- Partial charge: 0.145
- Atomic mass: 12.011
- Element guess: C
- Atomic number: 6
- Source file: oplsaa2008.lt


Atom Type Data:
- Atom index: 820
- Force field raw info: ""Alkyl Hydroxamic Acid C""
- Partial charge: 0.888
- Atomic mass: 12.011
- Element guess: C
- Atomic number: 6
- Source file: oplsaa2008.lt


Atom Type Data:
- Atom index: 821
- Force field raw info: ""Aryl Hydroxamic Acid C""
- Partial charge: 1.003
- Atomic mass: 12.011
- Element guess: C
- Atomic number: 6
- Source file: oplsaa2008.lt


Atom Type Data:
- Atom index: 827
- Force field raw info: ""Benzyl Ether -CHROR""
- Partial charge: 0.225
- Atomic mass: 12.011
- Element guess: C
- Atomic number: 6
- Source file: oplsaa2008.lt


Atom Type Data:
- Atom index: 828
- Force field raw info: ""Benzyl Ether -CR2OR""
- Partial charge: 0.255
- Atomic mass: 12.011
- Element guess: C
- Atomic number: 6
- Source file: oplsaa2008.lt


Atom Type Data:
- Atom index: 829
- Force field raw info: ""3-Phenyl Pyrrole C3""
- Partial charge: -0.034
- Atomic mass: 12.011
- Element guess: C
- Atomic number: 6
- Source file: oplsaa2008.lt


Atom Type Data:
- Atom index: 830
- Force field raw info: ""3-Phenyl Pyrrole C3'""
- Partial charge: 0.003
- Atomic mass: 12.011
- Element guess: C
- Atomic number: 6
- Source file: oplsaa2008.lt


Atom Type Data:
- Atom index: 831
- Force field raw info: ""4-Phenyl Imidazole C4""
- Partial charge: 0.3
- Atomic mass: 12.011
- Element guess: C
- Atomic number: 6
- Source file: oplsaa2008.lt


Atom Type Data:
- Atom index: 832
- Force field raw info: ""4-Phenyl Imidazole C4'""
- Partial charge: -0.04
- Atomic mass: 12.011
- Element guess: C
- Atomic number: 6
- Source file: oplsaa2008.lt


Atom Type Data:
- Atom index: 833
- Force field raw info: ""Diphenylmethane Cipso""
- Partial charge: -0.0575
- Atomic mass: 12.011
- Element guess: C
- Atomic number: 6
- Source file: oplsaa2008.lt


Atom Type Data:
- Atom index: 835
- Force field raw info: ""Alkyl Iodide RCH2-I""
- Partial charge: -0.07
- Atomic mass: 12.011
- Element guess: C
- Atomic number: 6
- Source file: oplsaa2008.lt


Atom Type Data:
- Atom index: 836
- Force field raw info: ""Alkyl Iodide R2CH-I""
- Partial charge: 0.03
- Atomic mass: 12.011
- Element guess: C
- Atomic number: 6
- Source file: oplsaa2008.lt


Atom Type Data:
- Atom index: 837
- Force field raw info: ""Alkyl Iodide R3C-I""
- Partial charge: 0.13
- Atomic mass: 12.011
- Element guess: C
- Atomic number: 6
- Source file: oplsaa2008.lt


Atom Type Data:
- Atom index: 841
- Force field raw info: ""N-Ph Sulfonamide Cipso""
- Partial charge: 0.155
- Atomic mass: 12.011
- Element guess: C
- Atomic number: 6
- Source file: oplsaa2008.lt


Atom Type Data:
- Atom index: 842
- Force field raw info: ""Benzoate C-COO-""
- Partial charge: -0.1
- Atomic mass: 12.011
- Element guess: C
- Atomic number: 6
- Source file: oplsaa2008.lt


Atom Type Data:
- Atom index: 844
- Force field raw info: ""N-Phenyl Urea Cipso""
- Partial charge: 0.218
- Atomic mass: 12.011
- Element guess: C
- Atomic number: 6
- Source file: oplsaa2008.lt


Atom Type Data:
- Atom index: 845
- Force field raw info: ""Tertiary Amide -CO-NR2""
- Partial charge: 0.6
- Atomic mass: 12.011
- Element guess: C
- Atomic number: 6
- Source file: oplsaa2008.lt


Atom Type Data:
- Atom index: 848
- Force field raw info: ""Tertiary Amide -NRCH3""
- Partial charge: 0.0
- Atomic mass: 12.011
- Element guess: C
- Atomic number: 6
- Source file: oplsaa2008.lt


Atom Type Data:
- Atom index: 849
- Force field raw info: ""Tertiary Amide -NRCH2R""
- Partial charge: 0.06
- Atomic mass: 12.011
- Element guess: C
- Atomic number: 6
- Source file: oplsaa2008.lt


Atom Type Data:
- Atom index: 850
- Force field raw info: ""Tertiary Amide -NRCHR2""
- Partial charge: 0.12
- Atomic mass: 12.011
- Element guess: C
- Atomic number: 6
- Source file: oplsaa2008.lt
","[
  {
    ""atom_type"": 819,
    ""element"": ""C"",
    ""chemical_environment"": ""benzylic CH2 attached to a tertiary amine nitrogen (Ph-CH2-NR2)"",
    ""functional_group"": ""benzyl amine alpha carbon"",
    ""hybridization"": ""sp3"",
    ""example_molecule_smiles"": ""CN(C)Cc1ccccc1"",
    ""group_smarts"": ""[cX3]-[CH2]-[N;X3;!$([NX3](=O))]"",
    ""atom_specific_smarts"": ""[C:1;H2;X4](-[N;X3;!$([NX3](=O))])-[cX3]"",
    ""description"": ""The benzylic methylene carbon directly bonded to an amine N and an aromatic carbon."",
    ""uncertainty"": ""20""
  },
  {
    ""atom_type"": 820,
    ""element"": ""C"",
    ""chemical_environment"": ""carbonyl carbon of an alkyl-substituted hydroxamic acid (R-CO-N(OH/R′))"",
    ""functional_group"": ""hydroxamic acid carbonyl (alkyl acyl)"",
    ""hybridization"": ""sp2"",
    ""example_molecule_smiles"": ""CC(=O)N(O)H"",
    ""group_smarts"": ""[C;X3](=O)(-[N;X3]-[O;X2])-[A]"",
    ""atom_specific_smarts"": ""[C:1;X3](=O)(-[N;X3]-[O;X2])-[C;X4;!a]"",
    ""description"": ""Acyl carbon of a hydroxamic acid where the acyl substituent is aliphatic (alkyl)."",
    ""uncertainty"": ""30""
  },
  {
    ""atom_type"": 821,
    ""element"": ""C"",
    ""chemical_environment"": ""carbonyl carbon of an aryl-substituted hydroxamic acid (Ar-CO-N(OH/R′))"",
    ""functional_group"": ""hydroxamic acid carbonyl (aryl acyl)"",
    ""hybridization"": ""sp2"",
    ""example_molecule_smiles"": ""O=C(N(O)H)c1ccccc1"",
    ""group_smarts"": ""[C;X3](=O)(-[N;X3]-[O;X2])-[cX3]"",
    ""atom_specific_smarts"": ""[C:1;X3](=O)(-[N;X3]-[O;X2])-[cX3]"",
    ""description"": ""Acyl carbon of a hydroxamic acid where the acyl substituent is aromatic (aryl)."",
    ""uncertainty"": ""30""
  },
  {
    ""atom_type"": 827,
    ""element"": ""C"",
    ""chemical_environment"": ""benzylic secondary carbon bearing an ether substituent (Ph-CH(OR)-R)"",
    ""functional_group"": ""benzyl ether alpha carbon (secondary)"",
    ""hybridization"": ""sp3"",
    ""example_molecule_smiles"": ""CC(c1ccccc1)OC"",
    ""group_smarts"": ""[cX3]-[CH](-[O;X2;!$(*=O)])-[#6]"",
    ""atom_specific_smarts"": ""[C:1;H1;X4](-[O;X2;!$(*=O)]-!@[#6])-[cX3]"",
    ""description"": ""Secondary benzylic methine connected to an ether oxygen and to an aromatic ring."",
    ""uncertainty"": ""25""
  },
  {
    ""atom_type"": 828,
    ""element"": ""C"",
    ""chemical_environment"": ""benzylic tertiary carbon bearing an ether substituent (Ph-C(OR)(R)R)"",
    ""functional_group"": ""benzyl ether alpha carbon (tertiary)"",
    ""hybridization"": ""sp3"",
    ""example_molecule_smiles"": ""CC(C)(c1ccccc1)OC"",
    ""group_smarts"": ""[cX3]-[C;H0;X4](-[O;X2;!$(*=O)])(-[#6])-[#6]"",
    ""atom_specific_smarts"": ""[C:1;H0;X4](-[O;X2;!$(*=O)]-!@[#6])(-[#6])-[cX3]"",
    ""description"": ""Tertiary benzylic carbon bound to an ether oxygen and two carbon substituents."",
    ""uncertainty"": ""25""
  },
  {
    ""atom_type"": 829,
    ""element"": ""C"",
    ""chemical_environment"": ""pyrrole ring carbon at C3 directly bonded to a phenyl ring (3-phenylpyrrole)"",
    ""functional_group"": ""heteroaryl–aryl biaryl junction (pyrrole side)"",
    ""hybridization"": ""sp2"",
    ""example_molecule_smiles"": ""c1c(c[nH]c1)c2ccccc2"",
    ""group_smarts"": ""[nH]1[c][c](-[a])[c][c]1"",
    ""atom_specific_smarts"": ""[nH]1[c][c:1](-[c;a])[c][c]1"",
    ""description"": ""The C3 atom of a pyrrole (five-membered ring with [nH]) that forms the C–C bond to a phenyl ring."",
    ""uncertainty"": ""45""
  },
  {
    ""atom_type"": 830,
    ""element"": ""C"",
    ""chemical_environment"": ""phenyl ipso carbon bonded to a pyrrole C3 (3-phenylpyrrole)"",
    ""functional_group"": ""heteroaryl–aryl biaryl junction (phenyl side)"",
    ""hybridization"": ""sp2"",
    ""example_molecule_smiles"": ""c1c(c[nH]c1)c2ccccc2"",
    ""group_smarts"": ""[cX3]-[c;$(*1~*~*~[nH]~*1)]"",
    ""atom_specific_smarts"": ""[c:1]-[c;$(*1~*~*~[nH]~*1)]"",
    ""description"": ""The phenyl ring ipso carbon directly bonded to a pyrrole ring carbon within a five-membered ring containing [nH]."",
    ""uncertainty"": ""45""
  },
  {
    ""atom_type"": 831,
    ""element"": ""C"",
    ""chemical_environment"": ""imidazole ring carbon at C4 directly bonded to a phenyl ring (4-phenyl-1H-imidazole)"",
    ""functional_group"": ""heteroaryl–aryl biaryl junction (imidazole side)"",
    ""hybridization"": ""sp2"",
    ""example_molecule_smiles"": ""c1[n]c(-c2ccccc2)[nH]c1"",
    ""group_smarts"": ""[nH]1[c][n][c](-[a])[n]1"",
    ""atom_specific_smarts"": ""[nH]1[c][n][c:1](-[c;a])[n]1"",
    ""description"": ""The C4 atom of an imidazole (five-membered ring with one [n] and one [nH]) that forms the C–C bond to a phenyl ring."",
    ""uncertainty"": ""50""
  },
  {
    ""atom_type"": 832,
    ""element"": ""C"",
    ""chemical_environment"": ""phenyl ipso carbon bonded to an imidazole C4 (4-phenyl-1H-imidazole)"",
    ""functional_group"": ""heteroaryl–aryl biaryl junction (phenyl side)"",
    ""hybridization"": ""sp2"",
    ""example_molecule_smiles"": ""c1[n]c(-c2ccccc2)[nH]c1"",
    ""group_smarts"": ""[cX3]-[c;$(*1~*~[n]~*~[nH]~*1)]"",
    ""atom_specific_smarts"": ""[c:1]-[c;$(*1~*~[n]~*~[nH]~*1)]"",
    ""description"": ""The phenyl ring ipso carbon directly bonded to an imidazole ring that contains one [n] and one [nH]."",
    ""uncertainty"": ""50""
  },
  {
    ""atom_type"": 833,
    ""element"": ""C"",
    ""chemical_environment"": ""phenyl ipso carbon of diphenylmethane (Ph-CH2-Ph) at the aryl–methylene junction"",
    ""functional_group"": ""aryl ipso carbon (benzylic linker to CH2)"",
    ""hybridization"": ""sp2"",
    ""example_molecule_smiles"": ""c1ccccc1CH2c2ccccc2"",
    ""group_smarts"": ""[cX3]-[CH2]-[c;a]"",
    ""atom_specific_smarts"": ""[c:1]-[CH2]-[c;a]"",
    ""description"": ""Aromatic carbon bearing the benzylic methylene substituent in diphenylmethane."",
    ""uncertainty"": ""20""
  },
  {
    ""atom_type"": 835,
    ""element"": ""C"",
    ""chemical_environment"": ""primary alkyl iodide carbon (R-CH2-I)"",
    ""functional_group"": ""alkyl iodide alpha carbon (primary)"",
    ""hybridization"": ""sp3"",
    ""example_molecule_smiles"": ""CCI"",
    ""group_smarts"": ""[#6;!a]-[CH2]-[I]"",
    ""atom_specific_smarts"": ""[C:1;H2;X4](-[I])-[#6;!a]"",
    ""description"": ""Primary sp3 carbon bonded to iodine and one carbon substituent."",
    ""uncertainty"": ""10""
  },
  {
    ""atom_type"": 836,
    ""element"": ""C"",
    ""chemical_environment"": ""secondary alkyl iodide carbon (R2CH-I)"",
    ""functional_group"": ""alkyl iodide alpha carbon (secondary)"",
    ""hybridization"": ""sp3"",
    ""example_molecule_smiles"": ""CC(C)I"",
    ""group_smarts"": ""[#6;!a]-[CH](-[I])-[#6;!a]"",
    ""atom_specific_smarts"": ""[C:1;H1;X4](-[I])(-[#6;!a])-[#6;!a]"",
    ""description"": ""Secondary sp3 carbon bonded to iodine and two carbon substituents."",
    ""uncertainty"": ""10""
  },
  {
    ""atom_type"": 837,
    ""element"": ""C"",
    ""chemical_environment"": ""tertiary alkyl iodide carbon (R3C-I)"",
    ""functional_group"": ""alkyl iodide alpha carbon (tertiary)"",
    ""hybridization"": ""sp3"",
    ""example_molecule_smiles"": ""CC(C)(C)I"",
    ""group_smarts"": ""[#6;!a]-[C;H0;X4](-[I])(-[#6;!a])-[#6;!a]"",
    ""atom_specific_smarts"": ""[C:1;H0;X4](-[I])(-[#6;!a])(-[#6;!a])"",
    ""description"": ""Tertiary sp3 carbon bonded to iodine and three carbon substituents."",
    ""uncertainty"": ""10""
  },
  {
    ""atom_type"": 841,
    ""element"": ""C"",
    ""chemical_environment"": ""phenyl ipso carbon bonded to a sulfonamide nitrogen (N-phenyl sulfonamide)"",
    ""functional_group"": ""aryl ipso carbon attached to sulfonamide N"",
    ""hybridization"": ""sp2"",
    ""example_molecule_smiles"": ""CS(=O)(=O)Nc1ccccc1"",
    ""group_smarts"": ""[cX3]-[N;X3]-S(=O)(=O)-[#6]"",
    ""atom_specific_smarts"": ""[c:1]-[N;X3]-S(=O)(=O)-[#6]"",
    ""description"": ""Aromatic carbon directly bonded to the nitrogen of a sulfonamide group."",
    ""uncertainty"": ""25""
  },
  {
    ""atom_type"": 842,
    ""element"": ""C"",
    ""chemical_environment"": ""phenyl ipso carbon attached to a carboxylate group (benzoate, Ar-C(=O)O−)"",
    ""functional_group"": ""aryl ipso carbon attached to carboxylate"",
    ""hybridization"": ""sp2"",
    ""example_molecule_smiles"": ""c1ccccc1C(=O)[O-]"",
    ""group_smarts"": ""[cX3]-[C;X3](=O)[O-]"",
    ""atom_specific_smarts"": ""[c:1]-[C;X3](=O)[O-]"",
    ""description"": ""Aromatic carbon bearing a carboxylate substituent in a benzoate anion."",
    ""uncertainty"": ""20""
  },
  {
    ""atom_type"": 844,
    ""element"": ""C"",
    ""chemical_environment"": ""phenyl ipso carbon attached to urea nitrogen (N-phenyl urea, Ar-N-C(=O)-NH)"",
    ""functional_group"": ""aryl ipso carbon attached to urea N"",
    ""hybridization"": ""sp2"",
    ""example_molecule_smiles"": ""O=C(N)Nc1ccccc1"",
    ""group_smarts"": ""[cX3]-[N;X3]-C(=O)-[N;X3]"",
    ""atom_specific_smarts"": ""[c:1]-[N;X3]-C(=O)-[N;X3]"",
    ""description"": ""Aromatic carbon directly bonded to the nitrogen of a urea group."",
    ""uncertainty"": ""25""
  },
  {
    ""atom_type"": 845,
    ""element"": ""C"",
    ""chemical_environment"": ""tertiary amide carbonyl carbon (R-C(=O)-NR2)"",
    ""functional_group"": ""amide carbonyl (tertiary amide)"",
    ""hybridization"": ""sp2"",
    ""example_molecule_smiles"": ""CC(=O)N(C)C"",
    ""group_smarts"": ""[C;X3](=O)-[N;X3;H0;$([N]([#6])[#6])]"",
    ""atom_specific_smarts"": ""[C:1;X3](=O)-[N;X3;H0;$([N]([#6])[#6])]"",
    ""description"": ""Carbonyl carbon of a tertiary amide (nitrogen substituted by two carbons, no N–H)."",
    ""uncertainty"": ""15""
  },
  {
    ""atom_type"": 848,
    ""element"": ""C"",
    ""chemical_environment"": ""methyl carbon attached to tertiary amide nitrogen (-NR-CH3, N adjacent to C=O)"",
    ""functional_group"": ""amide N-alkyl (methyl on tertiary amide N)"",
    ""hybridization"": ""sp3"",
    ""example_molecule_smiles"": ""CN(C)C=O"",
    ""group_smarts"": ""[CH3]-[N;X3;H0]-[C;X3](=O)"",
    ""atom_specific_smarts"": ""[C:1;H3;X4]-[N;X3;H0]-[C;X3](=O)"",
    ""description"": ""N-methyl carbon directly bound to an amide nitrogen in a tertiary amide."",
    ""uncertainty"": ""20""
  },
  {
    ""atom_type"": 849,
    ""element"": ""C"",
    ""chemical_environment"": ""methylene carbon attached to tertiary amide nitrogen (-NR-CH2R, N adjacent to C=O)"",
    ""functional_group"": ""amide N-alkyl (methylene on tertiary amide N)"",
    ""hybridization"": ""sp3"",
    ""example_molecule_smiles"": ""CCN(C)C(=O)C"",
    ""group_smarts"": ""[CH2]-[N;X3;H0]-[C;X3](=O)"",
    ""atom_specific_smarts"": ""[C:1;H2;X4]-[N;X3;H0]-[C;X3](=O)"",
    ""description"": ""N-methylene carbon directly bound to an amide nitrogen in a tertiary amide."",
    ""uncertainty"": ""20""
  },
  {
    ""atom_type"": 850,
    ""element"": ""C"",
    ""chemical_environment"": ""methine carbon attached to tertiary amide nitrogen (-NR-CHR2, N adjacent to C=O)"",
    ""functional_group"": ""amide N-alkyl (methine on tertiary amide N)"",
    ""hybridization"": ""sp3"",
    ""example_molecule_smiles"": ""CC(C)N(C)C(=O)C"",
    ""group_smarts"": ""[CH](-[#6])-[N;X3;H0]-[C;X3](=O)"",
    ""atom_specific_smarts"": ""[C:1;H1;X4](-[#6])-[N;X3;H0]-[C;X3](=O)"",
    ""description"": ""N-methine carbon directly bound to an amide nitrogen in a tertiary amide (secondary alkyl substituent)."",
    ""uncertainty"": ""25""
  }
]"
837,0.13,"""Alkyl Iodide R3C-I""",12.011,oplsaa2008.lt,C,6,"Convert the following OPLS-AA atom type rows:

Atom Type Data:
- Atom index: 819
- Force field raw info: ""Benzyl Amine -CH2NR2""
- Partial charge: 0.145
- Atomic mass: 12.011
- Element guess: C
- Atomic number: 6
- Source file: oplsaa2008.lt


Atom Type Data:
- Atom index: 820
- Force field raw info: ""Alkyl Hydroxamic Acid C""
- Partial charge: 0.888
- Atomic mass: 12.011
- Element guess: C
- Atomic number: 6
- Source file: oplsaa2008.lt


Atom Type Data:
- Atom index: 821
- Force field raw info: ""Aryl Hydroxamic Acid C""
- Partial charge: 1.003
- Atomic mass: 12.011
- Element guess: C
- Atomic number: 6
- Source file: oplsaa2008.lt


Atom Type Data:
- Atom index: 827
- Force field raw info: ""Benzyl Ether -CHROR""
- Partial charge: 0.225
- Atomic mass: 12.011
- Element guess: C
- Atomic number: 6
- Source file: oplsaa2008.lt


Atom Type Data:
- Atom index: 828
- Force field raw info: ""Benzyl Ether -CR2OR""
- Partial charge: 0.255
- Atomic mass: 12.011
- Element guess: C
- Atomic number: 6
- Source file: oplsaa2008.lt


Atom Type Data:
- Atom index: 829
- Force field raw info: ""3-Phenyl Pyrrole C3""
- Partial charge: -0.034
- Atomic mass: 12.011
- Element guess: C
- Atomic number: 6
- Source file: oplsaa2008.lt


Atom Type Data:
- Atom index: 830
- Force field raw info: ""3-Phenyl Pyrrole C3'""
- Partial charge: 0.003
- Atomic mass: 12.011
- Element guess: C
- Atomic number: 6
- Source file: oplsaa2008.lt


Atom Type Data:
- Atom index: 831
- Force field raw info: ""4-Phenyl Imidazole C4""
- Partial charge: 0.3
- Atomic mass: 12.011
- Element guess: C
- Atomic number: 6
- Source file: oplsaa2008.lt


Atom Type Data:
- Atom index: 832
- Force field raw info: ""4-Phenyl Imidazole C4'""
- Partial charge: -0.04
- Atomic mass: 12.011
- Element guess: C
- Atomic number: 6
- Source file: oplsaa2008.lt


Atom Type Data:
- Atom index: 833
- Force field raw info: ""Diphenylmethane Cipso""
- Partial charge: -0.0575
- Atomic mass: 12.011
- Element guess: C
- Atomic number: 6
- Source file: oplsaa2008.lt


Atom Type Data:
- Atom index: 835
- Force field raw info: ""Alkyl Iodide RCH2-I""
- Partial charge: -0.07
- Atomic mass: 12.011
- Element guess: C
- Atomic number: 6
- Source file: oplsaa2008.lt


Atom Type Data:
- Atom index: 836
- Force field raw info: ""Alkyl Iodide R2CH-I""
- Partial charge: 0.03
- Atomic mass: 12.011
- Element guess: C
- Atomic number: 6
- Source file: oplsaa2008.lt


Atom Type Data:
- Atom index: 837
- Force field raw info: ""Alkyl Iodide R3C-I""
- Partial charge: 0.13
- Atomic mass: 12.011
- Element guess: C
- Atomic number: 6
- Source file: oplsaa2008.lt


Atom Type Data:
- Atom index: 841
- Force field raw info: ""N-Ph Sulfonamide Cipso""
- Partial charge: 0.155
- Atomic mass: 12.011
- Element guess: C
- Atomic number: 6
- Source file: oplsaa2008.lt


Atom Type Data:
- Atom index: 842
- Force field raw info: ""Benzoate C-COO-""
- Partial charge: -0.1
- Atomic mass: 12.011
- Element guess: C
- Atomic number: 6
- Source file: oplsaa2008.lt


Atom Type Data:
- Atom index: 844
- Force field raw info: ""N-Phenyl Urea Cipso""
- Partial charge: 0.218
- Atomic mass: 12.011
- Element guess: C
- Atomic number: 6
- Source file: oplsaa2008.lt


Atom Type Data:
- Atom index: 845
- Force field raw info: ""Tertiary Amide -CO-NR2""
- Partial charge: 0.6
- Atomic mass: 12.011
- Element guess: C
- Atomic number: 6
- Source file: oplsaa2008.lt


Atom Type Data:
- Atom index: 848
- Force field raw info: ""Tertiary Amide -NRCH3""
- Partial charge: 0.0
- Atomic mass: 12.011
- Element guess: C
- Atomic number: 6
- Source file: oplsaa2008.lt


Atom Type Data:
- Atom index: 849
- Force field raw info: ""Tertiary Amide -NRCH2R""
- Partial charge: 0.06
- Atomic mass: 12.011
- Element guess: C
- Atomic number: 6
- Source file: oplsaa2008.lt


Atom Type Data:
- Atom index: 850
- Force field raw info: ""Tertiary Amide -NRCHR2""
- Partial charge: 0.12
- Atomic mass: 12.011
- Element guess: C
- Atomic number: 6
- Source file: oplsaa2008.lt
","[
  {
    ""atom_type"": 819,
    ""element"": ""C"",
    ""chemical_environment"": ""benzylic CH2 attached to a tertiary amine nitrogen (Ph-CH2-NR2)"",
    ""functional_group"": ""benzyl amine alpha carbon"",
    ""hybridization"": ""sp3"",
    ""example_molecule_smiles"": ""CN(C)Cc1ccccc1"",
    ""group_smarts"": ""[cX3]-[CH2]-[N;X3;!$([NX3](=O))]"",
    ""atom_specific_smarts"": ""[C:1;H2;X4](-[N;X3;!$([NX3](=O))])-[cX3]"",
    ""description"": ""The benzylic methylene carbon directly bonded to an amine N and an aromatic carbon."",
    ""uncertainty"": ""20""
  },
  {
    ""atom_type"": 820,
    ""element"": ""C"",
    ""chemical_environment"": ""carbonyl carbon of an alkyl-substituted hydroxamic acid (R-CO-N(OH/R′))"",
    ""functional_group"": ""hydroxamic acid carbonyl (alkyl acyl)"",
    ""hybridization"": ""sp2"",
    ""example_molecule_smiles"": ""CC(=O)N(O)H"",
    ""group_smarts"": ""[C;X3](=O)(-[N;X3]-[O;X2])-[A]"",
    ""atom_specific_smarts"": ""[C:1;X3](=O)(-[N;X3]-[O;X2])-[C;X4;!a]"",
    ""description"": ""Acyl carbon of a hydroxamic acid where the acyl substituent is aliphatic (alkyl)."",
    ""uncertainty"": ""30""
  },
  {
    ""atom_type"": 821,
    ""element"": ""C"",
    ""chemical_environment"": ""carbonyl carbon of an aryl-substituted hydroxamic acid (Ar-CO-N(OH/R′))"",
    ""functional_group"": ""hydroxamic acid carbonyl (aryl acyl)"",
    ""hybridization"": ""sp2"",
    ""example_molecule_smiles"": ""O=C(N(O)H)c1ccccc1"",
    ""group_smarts"": ""[C;X3](=O)(-[N;X3]-[O;X2])-[cX3]"",
    ""atom_specific_smarts"": ""[C:1;X3](=O)(-[N;X3]-[O;X2])-[cX3]"",
    ""description"": ""Acyl carbon of a hydroxamic acid where the acyl substituent is aromatic (aryl)."",
    ""uncertainty"": ""30""
  },
  {
    ""atom_type"": 827,
    ""element"": ""C"",
    ""chemical_environment"": ""benzylic secondary carbon bearing an ether substituent (Ph-CH(OR)-R)"",
    ""functional_group"": ""benzyl ether alpha carbon (secondary)"",
    ""hybridization"": ""sp3"",
    ""example_molecule_smiles"": ""CC(c1ccccc1)OC"",
    ""group_smarts"": ""[cX3]-[CH](-[O;X2;!$(*=O)])-[#6]"",
    ""atom_specific_smarts"": ""[C:1;H1;X4](-[O;X2;!$(*=O)]-!@[#6])-[cX3]"",
    ""description"": ""Secondary benzylic methine connected to an ether oxygen and to an aromatic ring."",
    ""uncertainty"": ""25""
  },
  {
    ""atom_type"": 828,
    ""element"": ""C"",
    ""chemical_environment"": ""benzylic tertiary carbon bearing an ether substituent (Ph-C(OR)(R)R)"",
    ""functional_group"": ""benzyl ether alpha carbon (tertiary)"",
    ""hybridization"": ""sp3"",
    ""example_molecule_smiles"": ""CC(C)(c1ccccc1)OC"",
    ""group_smarts"": ""[cX3]-[C;H0;X4](-[O;X2;!$(*=O)])(-[#6])-[#6]"",
    ""atom_specific_smarts"": ""[C:1;H0;X4](-[O;X2;!$(*=O)]-!@[#6])(-[#6])-[cX3]"",
    ""description"": ""Tertiary benzylic carbon bound to an ether oxygen and two carbon substituents."",
    ""uncertainty"": ""25""
  },
  {
    ""atom_type"": 829,
    ""element"": ""C"",
    ""chemical_environment"": ""pyrrole ring carbon at C3 directly bonded to a phenyl ring (3-phenylpyrrole)"",
    ""functional_group"": ""heteroaryl–aryl biaryl junction (pyrrole side)"",
    ""hybridization"": ""sp2"",
    ""example_molecule_smiles"": ""c1c(c[nH]c1)c2ccccc2"",
    ""group_smarts"": ""[nH]1[c][c](-[a])[c][c]1"",
    ""atom_specific_smarts"": ""[nH]1[c][c:1](-[c;a])[c][c]1"",
    ""description"": ""The C3 atom of a pyrrole (five-membered ring with [nH]) that forms the C–C bond to a phenyl ring."",
    ""uncertainty"": ""45""
  },
  {
    ""atom_type"": 830,
    ""element"": ""C"",
    ""chemical_environment"": ""phenyl ipso carbon bonded to a pyrrole C3 (3-phenylpyrrole)"",
    ""functional_group"": ""heteroaryl–aryl biaryl junction (phenyl side)"",
    ""hybridization"": ""sp2"",
    ""example_molecule_smiles"": ""c1c(c[nH]c1)c2ccccc2"",
    ""group_smarts"": ""[cX3]-[c;$(*1~*~*~[nH]~*1)]"",
    ""atom_specific_smarts"": ""[c:1]-[c;$(*1~*~*~[nH]~*1)]"",
    ""description"": ""The phenyl ring ipso carbon directly bonded to a pyrrole ring carbon within a five-membered ring containing [nH]."",
    ""uncertainty"": ""45""
  },
  {
    ""atom_type"": 831,
    ""element"": ""C"",
    ""chemical_environment"": ""imidazole ring carbon at C4 directly bonded to a phenyl ring (4-phenyl-1H-imidazole)"",
    ""functional_group"": ""heteroaryl–aryl biaryl junction (imidazole side)"",
    ""hybridization"": ""sp2"",
    ""example_molecule_smiles"": ""c1[n]c(-c2ccccc2)[nH]c1"",
    ""group_smarts"": ""[nH]1[c][n][c](-[a])[n]1"",
    ""atom_specific_smarts"": ""[nH]1[c][n][c:1](-[c;a])[n]1"",
    ""description"": ""The C4 atom of an imidazole (five-membered ring with one [n] and one [nH]) that forms the C–C bond to a phenyl ring."",
    ""uncertainty"": ""50""
  },
  {
    ""atom_type"": 832,
    ""element"": ""C"",
    ""chemical_environment"": ""phenyl ipso carbon bonded to an imidazole C4 (4-phenyl-1H-imidazole)"",
    ""functional_group"": ""heteroaryl–aryl biaryl junction (phenyl side)"",
    ""hybridization"": ""sp2"",
    ""example_molecule_smiles"": ""c1[n]c(-c2ccccc2)[nH]c1"",
    ""group_smarts"": ""[cX3]-[c;$(*1~*~[n]~*~[nH]~*1)]"",
    ""atom_specific_smarts"": ""[c:1]-[c;$(*1~*~[n]~*~[nH]~*1)]"",
    ""description"": ""The phenyl ring ipso carbon directly bonded to an imidazole ring that contains one [n] and one [nH]."",
    ""uncertainty"": ""50""
  },
  {
    ""atom_type"": 833,
    ""element"": ""C"",
    ""chemical_environment"": ""phenyl ipso carbon of diphenylmethane (Ph-CH2-Ph) at the aryl–methylene junction"",
    ""functional_group"": ""aryl ipso carbon (benzylic linker to CH2)"",
    ""hybridization"": ""sp2"",
    ""example_molecule_smiles"": ""c1ccccc1CH2c2ccccc2"",
    ""group_smarts"": ""[cX3]-[CH2]-[c;a]"",
    ""atom_specific_smarts"": ""[c:1]-[CH2]-[c;a]"",
    ""description"": ""Aromatic carbon bearing the benzylic methylene substituent in diphenylmethane."",
    ""uncertainty"": ""20""
  },
  {
    ""atom_type"": 835,
    ""element"": ""C"",
    ""chemical_environment"": ""primary alkyl iodide carbon (R-CH2-I)"",
    ""functional_group"": ""alkyl iodide alpha carbon (primary)"",
    ""hybridization"": ""sp3"",
    ""example_molecule_smiles"": ""CCI"",
    ""group_smarts"": ""[#6;!a]-[CH2]-[I]"",
    ""atom_specific_smarts"": ""[C:1;H2;X4](-[I])-[#6;!a]"",
    ""description"": ""Primary sp3 carbon bonded to iodine and one carbon substituent."",
    ""uncertainty"": ""10""
  },
  {
    ""atom_type"": 836,
    ""element"": ""C"",
    ""chemical_environment"": ""secondary alkyl iodide carbon (R2CH-I)"",
    ""functional_group"": ""alkyl iodide alpha carbon (secondary)"",
    ""hybridization"": ""sp3"",
    ""example_molecule_smiles"": ""CC(C)I"",
    ""group_smarts"": ""[#6;!a]-[CH](-[I])-[#6;!a]"",
    ""atom_specific_smarts"": ""[C:1;H1;X4](-[I])(-[#6;!a])-[#6;!a]"",
    ""description"": ""Secondary sp3 carbon bonded to iodine and two carbon substituents."",
    ""uncertainty"": ""10""
  },
  {
    ""atom_type"": 837,
    ""element"": ""C"",
    ""chemical_environment"": ""tertiary alkyl iodide carbon (R3C-I)"",
    ""functional_group"": ""alkyl iodide alpha carbon (tertiary)"",
    ""hybridization"": ""sp3"",
    ""example_molecule_smiles"": ""CC(C)(C)I"",
    ""group_smarts"": ""[#6;!a]-[C;H0;X4](-[I])(-[#6;!a])-[#6;!a]"",
    ""atom_specific_smarts"": ""[C:1;H0;X4](-[I])(-[#6;!a])(-[#6;!a])"",
    ""description"": ""Tertiary sp3 carbon bonded to iodine and three carbon substituents."",
    ""uncertainty"": ""10""
  },
  {
    ""atom_type"": 841,
    ""element"": ""C"",
    ""chemical_environment"": ""phenyl ipso carbon bonded to a sulfonamide nitrogen (N-phenyl sulfonamide)"",
    ""functional_group"": ""aryl ipso carbon attached to sulfonamide N"",
    ""hybridization"": ""sp2"",
    ""example_molecule_smiles"": ""CS(=O)(=O)Nc1ccccc1"",
    ""group_smarts"": ""[cX3]-[N;X3]-S(=O)(=O)-[#6]"",
    ""atom_specific_smarts"": ""[c:1]-[N;X3]-S(=O)(=O)-[#6]"",
    ""description"": ""Aromatic carbon directly bonded to the nitrogen of a sulfonamide group."",
    ""uncertainty"": ""25""
  },
  {
    ""atom_type"": 842,
    ""element"": ""C"",
    ""chemical_environment"": ""phenyl ipso carbon attached to a carboxylate group (benzoate, Ar-C(=O)O−)"",
    ""functional_group"": ""aryl ipso carbon attached to carboxylate"",
    ""hybridization"": ""sp2"",
    ""example_molecule_smiles"": ""c1ccccc1C(=O)[O-]"",
    ""group_smarts"": ""[cX3]-[C;X3](=O)[O-]"",
    ""atom_specific_smarts"": ""[c:1]-[C;X3](=O)[O-]"",
    ""description"": ""Aromatic carbon bearing a carboxylate substituent in a benzoate anion."",
    ""uncertainty"": ""20""
  },
  {
    ""atom_type"": 844,
    ""element"": ""C"",
    ""chemical_environment"": ""phenyl ipso carbon attached to urea nitrogen (N-phenyl urea, Ar-N-C(=O)-NH)"",
    ""functional_group"": ""aryl ipso carbon attached to urea N"",
    ""hybridization"": ""sp2"",
    ""example_molecule_smiles"": ""O=C(N)Nc1ccccc1"",
    ""group_smarts"": ""[cX3]-[N;X3]-C(=O)-[N;X3]"",
    ""atom_specific_smarts"": ""[c:1]-[N;X3]-C(=O)-[N;X3]"",
    ""description"": ""Aromatic carbon directly bonded to the nitrogen of a urea group."",
    ""uncertainty"": ""25""
  },
  {
    ""atom_type"": 845,
    ""element"": ""C"",
    ""chemical_environment"": ""tertiary amide carbonyl carbon (R-C(=O)-NR2)"",
    ""functional_group"": ""amide carbonyl (tertiary amide)"",
    ""hybridization"": ""sp2"",
    ""example_molecule_smiles"": ""CC(=O)N(C)C"",
    ""group_smarts"": ""[C;X3](=O)-[N;X3;H0;$([N]([#6])[#6])]"",
    ""atom_specific_smarts"": ""[C:1;X3](=O)-[N;X3;H0;$([N]([#6])[#6])]"",
    ""description"": ""Carbonyl carbon of a tertiary amide (nitrogen substituted by two carbons, no N–H)."",
    ""uncertainty"": ""15""
  },
  {
    ""atom_type"": 848,
    ""element"": ""C"",
    ""chemical_environment"": ""methyl carbon attached to tertiary amide nitrogen (-NR-CH3, N adjacent to C=O)"",
    ""functional_group"": ""amide N-alkyl (methyl on tertiary amide N)"",
    ""hybridization"": ""sp3"",
    ""example_molecule_smiles"": ""CN(C)C=O"",
    ""group_smarts"": ""[CH3]-[N;X3;H0]-[C;X3](=O)"",
    ""atom_specific_smarts"": ""[C:1;H3;X4]-[N;X3;H0]-[C;X3](=O)"",
    ""description"": ""N-methyl carbon directly bound to an amide nitrogen in a tertiary amide."",
    ""uncertainty"": ""20""
  },
  {
    ""atom_type"": 849,
    ""element"": ""C"",
    ""chemical_environment"": ""methylene carbon attached to tertiary amide nitrogen (-NR-CH2R, N adjacent to C=O)"",
    ""functional_group"": ""amide N-alkyl (methylene on tertiary amide N)"",
    ""hybridization"": ""sp3"",
    ""example_molecule_smiles"": ""CCN(C)C(=O)C"",
    ""group_smarts"": ""[CH2]-[N;X3;H0]-[C;X3](=O)"",
    ""atom_specific_smarts"": ""[C:1;H2;X4]-[N;X3;H0]-[C;X3](=O)"",
    ""description"": ""N-methylene carbon directly bound to an amide nitrogen in a tertiary amide."",
    ""uncertainty"": ""20""
  },
  {
    ""atom_type"": 850,
    ""element"": ""C"",
    ""chemical_environment"": ""methine carbon attached to tertiary amide nitrogen (-NR-CHR2, N adjacent to C=O)"",
    ""functional_group"": ""amide N-alkyl (methine on tertiary amide N)"",
    ""hybridization"": ""sp3"",
    ""example_molecule_smiles"": ""CC(C)N(C)C(=O)C"",
    ""group_smarts"": ""[CH](-[#6])-[N;X3;H0]-[C;X3](=O)"",
    ""atom_specific_smarts"": ""[C:1;H1;X4](-[#6])-[N;X3;H0]-[C;X3](=O)"",
    ""description"": ""N-methine carbon directly bound to an amide nitrogen in a tertiary amide (secondary alkyl substituent)."",
    ""uncertainty"": ""25""
  }
]"
841,0.155,"""N-Ph Sulfonamide Cipso""",12.011,oplsaa2008.lt,C,6,"Convert the following OPLS-AA atom type rows:

Atom Type Data:
- Atom index: 819
- Force field raw info: ""Benzyl Amine -CH2NR2""
- Partial charge: 0.145
- Atomic mass: 12.011
- Element guess: C
- Atomic number: 6
- Source file: oplsaa2008.lt


Atom Type Data:
- Atom index: 820
- Force field raw info: ""Alkyl Hydroxamic Acid C""
- Partial charge: 0.888
- Atomic mass: 12.011
- Element guess: C
- Atomic number: 6
- Source file: oplsaa2008.lt


Atom Type Data:
- Atom index: 821
- Force field raw info: ""Aryl Hydroxamic Acid C""
- Partial charge: 1.003
- Atomic mass: 12.011
- Element guess: C
- Atomic number: 6
- Source file: oplsaa2008.lt


Atom Type Data:
- Atom index: 827
- Force field raw info: ""Benzyl Ether -CHROR""
- Partial charge: 0.225
- Atomic mass: 12.011
- Element guess: C
- Atomic number: 6
- Source file: oplsaa2008.lt


Atom Type Data:
- Atom index: 828
- Force field raw info: ""Benzyl Ether -CR2OR""
- Partial charge: 0.255
- Atomic mass: 12.011
- Element guess: C
- Atomic number: 6
- Source file: oplsaa2008.lt


Atom Type Data:
- Atom index: 829
- Force field raw info: ""3-Phenyl Pyrrole C3""
- Partial charge: -0.034
- Atomic mass: 12.011
- Element guess: C
- Atomic number: 6
- Source file: oplsaa2008.lt


Atom Type Data:
- Atom index: 830
- Force field raw info: ""3-Phenyl Pyrrole C3'""
- Partial charge: 0.003
- Atomic mass: 12.011
- Element guess: C
- Atomic number: 6
- Source file: oplsaa2008.lt


Atom Type Data:
- Atom index: 831
- Force field raw info: ""4-Phenyl Imidazole C4""
- Partial charge: 0.3
- Atomic mass: 12.011
- Element guess: C
- Atomic number: 6
- Source file: oplsaa2008.lt


Atom Type Data:
- Atom index: 832
- Force field raw info: ""4-Phenyl Imidazole C4'""
- Partial charge: -0.04
- Atomic mass: 12.011
- Element guess: C
- Atomic number: 6
- Source file: oplsaa2008.lt


Atom Type Data:
- Atom index: 833
- Force field raw info: ""Diphenylmethane Cipso""
- Partial charge: -0.0575
- Atomic mass: 12.011
- Element guess: C
- Atomic number: 6
- Source file: oplsaa2008.lt


Atom Type Data:
- Atom index: 835
- Force field raw info: ""Alkyl Iodide RCH2-I""
- Partial charge: -0.07
- Atomic mass: 12.011
- Element guess: C
- Atomic number: 6
- Source file: oplsaa2008.lt


Atom Type Data:
- Atom index: 836
- Force field raw info: ""Alkyl Iodide R2CH-I""
- Partial charge: 0.03
- Atomic mass: 12.011
- Element guess: C
- Atomic number: 6
- Source file: oplsaa2008.lt


Atom Type Data:
- Atom index: 837
- Force field raw info: ""Alkyl Iodide R3C-I""
- Partial charge: 0.13
- Atomic mass: 12.011
- Element guess: C
- Atomic number: 6
- Source file: oplsaa2008.lt


Atom Type Data:
- Atom index: 841
- Force field raw info: ""N-Ph Sulfonamide Cipso""
- Partial charge: 0.155
- Atomic mass: 12.011
- Element guess: C
- Atomic number: 6
- Source file: oplsaa2008.lt


Atom Type Data:
- Atom index: 842
- Force field raw info: ""Benzoate C-COO-""
- Partial charge: -0.1
- Atomic mass: 12.011
- Element guess: C
- Atomic number: 6
- Source file: oplsaa2008.lt


Atom Type Data:
- Atom index: 844
- Force field raw info: ""N-Phenyl Urea Cipso""
- Partial charge: 0.218
- Atomic mass: 12.011
- Element guess: C
- Atomic number: 6
- Source file: oplsaa2008.lt


Atom Type Data:
- Atom index: 845
- Force field raw info: ""Tertiary Amide -CO-NR2""
- Partial charge: 0.6
- Atomic mass: 12.011
- Element guess: C
- Atomic number: 6
- Source file: oplsaa2008.lt


Atom Type Data:
- Atom index: 848
- Force field raw info: ""Tertiary Amide -NRCH3""
- Partial charge: 0.0
- Atomic mass: 12.011
- Element guess: C
- Atomic number: 6
- Source file: oplsaa2008.lt


Atom Type Data:
- Atom index: 849
- Force field raw info: ""Tertiary Amide -NRCH2R""
- Partial charge: 0.06
- Atomic mass: 12.011
- Element guess: C
- Atomic number: 6
- Source file: oplsaa2008.lt


Atom Type Data:
- Atom index: 850
- Force field raw info: ""Tertiary Amide -NRCHR2""
- Partial charge: 0.12
- Atomic mass: 12.011
- Element guess: C
- Atomic number: 6
- Source file: oplsaa2008.lt
","[
  {
    ""atom_type"": 819,
    ""element"": ""C"",
    ""chemical_environment"": ""benzylic CH2 attached to a tertiary amine nitrogen (Ph-CH2-NR2)"",
    ""functional_group"": ""benzyl amine alpha carbon"",
    ""hybridization"": ""sp3"",
    ""example_molecule_smiles"": ""CN(C)Cc1ccccc1"",
    ""group_smarts"": ""[cX3]-[CH2]-[N;X3;!$([NX3](=O))]"",
    ""atom_specific_smarts"": ""[C:1;H2;X4](-[N;X3;!$([NX3](=O))])-[cX3]"",
    ""description"": ""The benzylic methylene carbon directly bonded to an amine N and an aromatic carbon."",
    ""uncertainty"": ""20""
  },
  {
    ""atom_type"": 820,
    ""element"": ""C"",
    ""chemical_environment"": ""carbonyl carbon of an alkyl-substituted hydroxamic acid (R-CO-N(OH/R′))"",
    ""functional_group"": ""hydroxamic acid carbonyl (alkyl acyl)"",
    ""hybridization"": ""sp2"",
    ""example_molecule_smiles"": ""CC(=O)N(O)H"",
    ""group_smarts"": ""[C;X3](=O)(-[N;X3]-[O;X2])-[A]"",
    ""atom_specific_smarts"": ""[C:1;X3](=O)(-[N;X3]-[O;X2])-[C;X4;!a]"",
    ""description"": ""Acyl carbon of a hydroxamic acid where the acyl substituent is aliphatic (alkyl)."",
    ""uncertainty"": ""30""
  },
  {
    ""atom_type"": 821,
    ""element"": ""C"",
    ""chemical_environment"": ""carbonyl carbon of an aryl-substituted hydroxamic acid (Ar-CO-N(OH/R′))"",
    ""functional_group"": ""hydroxamic acid carbonyl (aryl acyl)"",
    ""hybridization"": ""sp2"",
    ""example_molecule_smiles"": ""O=C(N(O)H)c1ccccc1"",
    ""group_smarts"": ""[C;X3](=O)(-[N;X3]-[O;X2])-[cX3]"",
    ""atom_specific_smarts"": ""[C:1;X3](=O)(-[N;X3]-[O;X2])-[cX3]"",
    ""description"": ""Acyl carbon of a hydroxamic acid where the acyl substituent is aromatic (aryl)."",
    ""uncertainty"": ""30""
  },
  {
    ""atom_type"": 827,
    ""element"": ""C"",
    ""chemical_environment"": ""benzylic secondary carbon bearing an ether substituent (Ph-CH(OR)-R)"",
    ""functional_group"": ""benzyl ether alpha carbon (secondary)"",
    ""hybridization"": ""sp3"",
    ""example_molecule_smiles"": ""CC(c1ccccc1)OC"",
    ""group_smarts"": ""[cX3]-[CH](-[O;X2;!$(*=O)])-[#6]"",
    ""atom_specific_smarts"": ""[C:1;H1;X4](-[O;X2;!$(*=O)]-!@[#6])-[cX3]"",
    ""description"": ""Secondary benzylic methine connected to an ether oxygen and to an aromatic ring."",
    ""uncertainty"": ""25""
  },
  {
    ""atom_type"": 828,
    ""element"": ""C"",
    ""chemical_environment"": ""benzylic tertiary carbon bearing an ether substituent (Ph-C(OR)(R)R)"",
    ""functional_group"": ""benzyl ether alpha carbon (tertiary)"",
    ""hybridization"": ""sp3"",
    ""example_molecule_smiles"": ""CC(C)(c1ccccc1)OC"",
    ""group_smarts"": ""[cX3]-[C;H0;X4](-[O;X2;!$(*=O)])(-[#6])-[#6]"",
    ""atom_specific_smarts"": ""[C:1;H0;X4](-[O;X2;!$(*=O)]-!@[#6])(-[#6])-[cX3]"",
    ""description"": ""Tertiary benzylic carbon bound to an ether oxygen and two carbon substituents."",
    ""uncertainty"": ""25""
  },
  {
    ""atom_type"": 829,
    ""element"": ""C"",
    ""chemical_environment"": ""pyrrole ring carbon at C3 directly bonded to a phenyl ring (3-phenylpyrrole)"",
    ""functional_group"": ""heteroaryl–aryl biaryl junction (pyrrole side)"",
    ""hybridization"": ""sp2"",
    ""example_molecule_smiles"": ""c1c(c[nH]c1)c2ccccc2"",
    ""group_smarts"": ""[nH]1[c][c](-[a])[c][c]1"",
    ""atom_specific_smarts"": ""[nH]1[c][c:1](-[c;a])[c][c]1"",
    ""description"": ""The C3 atom of a pyrrole (five-membered ring with [nH]) that forms the C–C bond to a phenyl ring."",
    ""uncertainty"": ""45""
  },
  {
    ""atom_type"": 830,
    ""element"": ""C"",
    ""chemical_environment"": ""phenyl ipso carbon bonded to a pyrrole C3 (3-phenylpyrrole)"",
    ""functional_group"": ""heteroaryl–aryl biaryl junction (phenyl side)"",
    ""hybridization"": ""sp2"",
    ""example_molecule_smiles"": ""c1c(c[nH]c1)c2ccccc2"",
    ""group_smarts"": ""[cX3]-[c;$(*1~*~*~[nH]~*1)]"",
    ""atom_specific_smarts"": ""[c:1]-[c;$(*1~*~*~[nH]~*1)]"",
    ""description"": ""The phenyl ring ipso carbon directly bonded to a pyrrole ring carbon within a five-membered ring containing [nH]."",
    ""uncertainty"": ""45""
  },
  {
    ""atom_type"": 831,
    ""element"": ""C"",
    ""chemical_environment"": ""imidazole ring carbon at C4 directly bonded to a phenyl ring (4-phenyl-1H-imidazole)"",
    ""functional_group"": ""heteroaryl–aryl biaryl junction (imidazole side)"",
    ""hybridization"": ""sp2"",
    ""example_molecule_smiles"": ""c1[n]c(-c2ccccc2)[nH]c1"",
    ""group_smarts"": ""[nH]1[c][n][c](-[a])[n]1"",
    ""atom_specific_smarts"": ""[nH]1[c][n][c:1](-[c;a])[n]1"",
    ""description"": ""The C4 atom of an imidazole (five-membered ring with one [n] and one [nH]) that forms the C–C bond to a phenyl ring."",
    ""uncertainty"": ""50""
  },
  {
    ""atom_type"": 832,
    ""element"": ""C"",
    ""chemical_environment"": ""phenyl ipso carbon bonded to an imidazole C4 (4-phenyl-1H-imidazole)"",
    ""functional_group"": ""heteroaryl–aryl biaryl junction (phenyl side)"",
    ""hybridization"": ""sp2"",
    ""example_molecule_smiles"": ""c1[n]c(-c2ccccc2)[nH]c1"",
    ""group_smarts"": ""[cX3]-[c;$(*1~*~[n]~*~[nH]~*1)]"",
    ""atom_specific_smarts"": ""[c:1]-[c;$(*1~*~[n]~*~[nH]~*1)]"",
    ""description"": ""The phenyl ring ipso carbon directly bonded to an imidazole ring that contains one [n] and one [nH]."",
    ""uncertainty"": ""50""
  },
  {
    ""atom_type"": 833,
    ""element"": ""C"",
    ""chemical_environment"": ""phenyl ipso carbon of diphenylmethane (Ph-CH2-Ph) at the aryl–methylene junction"",
    ""functional_group"": ""aryl ipso carbon (benzylic linker to CH2)"",
    ""hybridization"": ""sp2"",
    ""example_molecule_smiles"": ""c1ccccc1CH2c2ccccc2"",
    ""group_smarts"": ""[cX3]-[CH2]-[c;a]"",
    ""atom_specific_smarts"": ""[c:1]-[CH2]-[c;a]"",
    ""description"": ""Aromatic carbon bearing the benzylic methylene substituent in diphenylmethane."",
    ""uncertainty"": ""20""
  },
  {
    ""atom_type"": 835,
    ""element"": ""C"",
    ""chemical_environment"": ""primary alkyl iodide carbon (R-CH2-I)"",
    ""functional_group"": ""alkyl iodide alpha carbon (primary)"",
    ""hybridization"": ""sp3"",
    ""example_molecule_smiles"": ""CCI"",
    ""group_smarts"": ""[#6;!a]-[CH2]-[I]"",
    ""atom_specific_smarts"": ""[C:1;H2;X4](-[I])-[#6;!a]"",
    ""description"": ""Primary sp3 carbon bonded to iodine and one carbon substituent."",
    ""uncertainty"": ""10""
  },
  {
    ""atom_type"": 836,
    ""element"": ""C"",
    ""chemical_environment"": ""secondary alkyl iodide carbon (R2CH-I)"",
    ""functional_group"": ""alkyl iodide alpha carbon (secondary)"",
    ""hybridization"": ""sp3"",
    ""example_molecule_smiles"": ""CC(C)I"",
    ""group_smarts"": ""[#6;!a]-[CH](-[I])-[#6;!a]"",
    ""atom_specific_smarts"": ""[C:1;H1;X4](-[I])(-[#6;!a])-[#6;!a]"",
    ""description"": ""Secondary sp3 carbon bonded to iodine and two carbon substituents."",
    ""uncertainty"": ""10""
  },
  {
    ""atom_type"": 837,
    ""element"": ""C"",
    ""chemical_environment"": ""tertiary alkyl iodide carbon (R3C-I)"",
    ""functional_group"": ""alkyl iodide alpha carbon (tertiary)"",
    ""hybridization"": ""sp3"",
    ""example_molecule_smiles"": ""CC(C)(C)I"",
    ""group_smarts"": ""[#6;!a]-[C;H0;X4](-[I])(-[#6;!a])-[#6;!a]"",
    ""atom_specific_smarts"": ""[C:1;H0;X4](-[I])(-[#6;!a])(-[#6;!a])"",
    ""description"": ""Tertiary sp3 carbon bonded to iodine and three carbon substituents."",
    ""uncertainty"": ""10""
  },
  {
    ""atom_type"": 841,
    ""element"": ""C"",
    ""chemical_environment"": ""phenyl ipso carbon bonded to a sulfonamide nitrogen (N-phenyl sulfonamide)"",
    ""functional_group"": ""aryl ipso carbon attached to sulfonamide N"",
    ""hybridization"": ""sp2"",
    ""example_molecule_smiles"": ""CS(=O)(=O)Nc1ccccc1"",
    ""group_smarts"": ""[cX3]-[N;X3]-S(=O)(=O)-[#6]"",
    ""atom_specific_smarts"": ""[c:1]-[N;X3]-S(=O)(=O)-[#6]"",
    ""description"": ""Aromatic carbon directly bonded to the nitrogen of a sulfonamide group."",
    ""uncertainty"": ""25""
  },
  {
    ""atom_type"": 842,
    ""element"": ""C"",
    ""chemical_environment"": ""phenyl ipso carbon attached to a carboxylate group (benzoate, Ar-C(=O)O−)"",
    ""functional_group"": ""aryl ipso carbon attached to carboxylate"",
    ""hybridization"": ""sp2"",
    ""example_molecule_smiles"": ""c1ccccc1C(=O)[O-]"",
    ""group_smarts"": ""[cX3]-[C;X3](=O)[O-]"",
    ""atom_specific_smarts"": ""[c:1]-[C;X3](=O)[O-]"",
    ""description"": ""Aromatic carbon bearing a carboxylate substituent in a benzoate anion."",
    ""uncertainty"": ""20""
  },
  {
    ""atom_type"": 844,
    ""element"": ""C"",
    ""chemical_environment"": ""phenyl ipso carbon attached to urea nitrogen (N-phenyl urea, Ar-N-C(=O)-NH)"",
    ""functional_group"": ""aryl ipso carbon attached to urea N"",
    ""hybridization"": ""sp2"",
    ""example_molecule_smiles"": ""O=C(N)Nc1ccccc1"",
    ""group_smarts"": ""[cX3]-[N;X3]-C(=O)-[N;X3]"",
    ""atom_specific_smarts"": ""[c:1]-[N;X3]-C(=O)-[N;X3]"",
    ""description"": ""Aromatic carbon directly bonded to the nitrogen of a urea group."",
    ""uncertainty"": ""25""
  },
  {
    ""atom_type"": 845,
    ""element"": ""C"",
    ""chemical_environment"": ""tertiary amide carbonyl carbon (R-C(=O)-NR2)"",
    ""functional_group"": ""amide carbonyl (tertiary amide)"",
    ""hybridization"": ""sp2"",
    ""example_molecule_smiles"": ""CC(=O)N(C)C"",
    ""group_smarts"": ""[C;X3](=O)-[N;X3;H0;$([N]([#6])[#6])]"",
    ""atom_specific_smarts"": ""[C:1;X3](=O)-[N;X3;H0;$([N]([#6])[#6])]"",
    ""description"": ""Carbonyl carbon of a tertiary amide (nitrogen substituted by two carbons, no N–H)."",
    ""uncertainty"": ""15""
  },
  {
    ""atom_type"": 848,
    ""element"": ""C"",
    ""chemical_environment"": ""methyl carbon attached to tertiary amide nitrogen (-NR-CH3, N adjacent to C=O)"",
    ""functional_group"": ""amide N-alkyl (methyl on tertiary amide N)"",
    ""hybridization"": ""sp3"",
    ""example_molecule_smiles"": ""CN(C)C=O"",
    ""group_smarts"": ""[CH3]-[N;X3;H0]-[C;X3](=O)"",
    ""atom_specific_smarts"": ""[C:1;H3;X4]-[N;X3;H0]-[C;X3](=O)"",
    ""description"": ""N-methyl carbon directly bound to an amide nitrogen in a tertiary amide."",
    ""uncertainty"": ""20""
  },
  {
    ""atom_type"": 849,
    ""element"": ""C"",
    ""chemical_environment"": ""methylene carbon attached to tertiary amide nitrogen (-NR-CH2R, N adjacent to C=O)"",
    ""functional_group"": ""amide N-alkyl (methylene on tertiary amide N)"",
    ""hybridization"": ""sp3"",
    ""example_molecule_smiles"": ""CCN(C)C(=O)C"",
    ""group_smarts"": ""[CH2]-[N;X3;H0]-[C;X3](=O)"",
    ""atom_specific_smarts"": ""[C:1;H2;X4]-[N;X3;H0]-[C;X3](=O)"",
    ""description"": ""N-methylene carbon directly bound to an amide nitrogen in a tertiary amide."",
    ""uncertainty"": ""20""
  },
  {
    ""atom_type"": 850,
    ""element"": ""C"",
    ""chemical_environment"": ""methine carbon attached to tertiary amide nitrogen (-NR-CHR2, N adjacent to C=O)"",
    ""functional_group"": ""amide N-alkyl (methine on tertiary amide N)"",
    ""hybridization"": ""sp3"",
    ""example_molecule_smiles"": ""CC(C)N(C)C(=O)C"",
    ""group_smarts"": ""[CH](-[#6])-[N;X3;H0]-[C;X3](=O)"",
    ""atom_specific_smarts"": ""[C:1;H1;X4](-[#6])-[N;X3;H0]-[C;X3](=O)"",
    ""description"": ""N-methine carbon directly bound to an amide nitrogen in a tertiary amide (secondary alkyl substituent)."",
    ""uncertainty"": ""25""
  }
]"
842,-0.1,"""Benzoate C-COO-""",12.011,oplsaa2008.lt,C,6,"Convert the following OPLS-AA atom type rows:

Atom Type Data:
- Atom index: 819
- Force field raw info: ""Benzyl Amine -CH2NR2""
- Partial charge: 0.145
- Atomic mass: 12.011
- Element guess: C
- Atomic number: 6
- Source file: oplsaa2008.lt


Atom Type Data:
- Atom index: 820
- Force field raw info: ""Alkyl Hydroxamic Acid C""
- Partial charge: 0.888
- Atomic mass: 12.011
- Element guess: C
- Atomic number: 6
- Source file: oplsaa2008.lt


Atom Type Data:
- Atom index: 821
- Force field raw info: ""Aryl Hydroxamic Acid C""
- Partial charge: 1.003
- Atomic mass: 12.011
- Element guess: C
- Atomic number: 6
- Source file: oplsaa2008.lt


Atom Type Data:
- Atom index: 827
- Force field raw info: ""Benzyl Ether -CHROR""
- Partial charge: 0.225
- Atomic mass: 12.011
- Element guess: C
- Atomic number: 6
- Source file: oplsaa2008.lt


Atom Type Data:
- Atom index: 828
- Force field raw info: ""Benzyl Ether -CR2OR""
- Partial charge: 0.255
- Atomic mass: 12.011
- Element guess: C
- Atomic number: 6
- Source file: oplsaa2008.lt


Atom Type Data:
- Atom index: 829
- Force field raw info: ""3-Phenyl Pyrrole C3""
- Partial charge: -0.034
- Atomic mass: 12.011
- Element guess: C
- Atomic number: 6
- Source file: oplsaa2008.lt


Atom Type Data:
- Atom index: 830
- Force field raw info: ""3-Phenyl Pyrrole C3'""
- Partial charge: 0.003
- Atomic mass: 12.011
- Element guess: C
- Atomic number: 6
- Source file: oplsaa2008.lt


Atom Type Data:
- Atom index: 831
- Force field raw info: ""4-Phenyl Imidazole C4""
- Partial charge: 0.3
- Atomic mass: 12.011
- Element guess: C
- Atomic number: 6
- Source file: oplsaa2008.lt


Atom Type Data:
- Atom index: 832
- Force field raw info: ""4-Phenyl Imidazole C4'""
- Partial charge: -0.04
- Atomic mass: 12.011
- Element guess: C
- Atomic number: 6
- Source file: oplsaa2008.lt


Atom Type Data:
- Atom index: 833
- Force field raw info: ""Diphenylmethane Cipso""
- Partial charge: -0.0575
- Atomic mass: 12.011
- Element guess: C
- Atomic number: 6
- Source file: oplsaa2008.lt


Atom Type Data:
- Atom index: 835
- Force field raw info: ""Alkyl Iodide RCH2-I""
- Partial charge: -0.07
- Atomic mass: 12.011
- Element guess: C
- Atomic number: 6
- Source file: oplsaa2008.lt


Atom Type Data:
- Atom index: 836
- Force field raw info: ""Alkyl Iodide R2CH-I""
- Partial charge: 0.03
- Atomic mass: 12.011
- Element guess: C
- Atomic number: 6
- Source file: oplsaa2008.lt


Atom Type Data:
- Atom index: 837
- Force field raw info: ""Alkyl Iodide R3C-I""
- Partial charge: 0.13
- Atomic mass: 12.011
- Element guess: C
- Atomic number: 6
- Source file: oplsaa2008.lt


Atom Type Data:
- Atom index: 841
- Force field raw info: ""N-Ph Sulfonamide Cipso""
- Partial charge: 0.155
- Atomic mass: 12.011
- Element guess: C
- Atomic number: 6
- Source file: oplsaa2008.lt


Atom Type Data:
- Atom index: 842
- Force field raw info: ""Benzoate C-COO-""
- Partial charge: -0.1
- Atomic mass: 12.011
- Element guess: C
- Atomic number: 6
- Source file: oplsaa2008.lt


Atom Type Data:
- Atom index: 844
- Force field raw info: ""N-Phenyl Urea Cipso""
- Partial charge: 0.218
- Atomic mass: 12.011
- Element guess: C
- Atomic number: 6
- Source file: oplsaa2008.lt


Atom Type Data:
- Atom index: 845
- Force field raw info: ""Tertiary Amide -CO-NR2""
- Partial charge: 0.6
- Atomic mass: 12.011
- Element guess: C
- Atomic number: 6
- Source file: oplsaa2008.lt


Atom Type Data:
- Atom index: 848
- Force field raw info: ""Tertiary Amide -NRCH3""
- Partial charge: 0.0
- Atomic mass: 12.011
- Element guess: C
- Atomic number: 6
- Source file: oplsaa2008.lt


Atom Type Data:
- Atom index: 849
- Force field raw info: ""Tertiary Amide -NRCH2R""
- Partial charge: 0.06
- Atomic mass: 12.011
- Element guess: C
- Atomic number: 6
- Source file: oplsaa2008.lt


Atom Type Data:
- Atom index: 850
- Force field raw info: ""Tertiary Amide -NRCHR2""
- Partial charge: 0.12
- Atomic mass: 12.011
- Element guess: C
- Atomic number: 6
- Source file: oplsaa2008.lt
","[
  {
    ""atom_type"": 819,
    ""element"": ""C"",
    ""chemical_environment"": ""benzylic CH2 attached to a tertiary amine nitrogen (Ph-CH2-NR2)"",
    ""functional_group"": ""benzyl amine alpha carbon"",
    ""hybridization"": ""sp3"",
    ""example_molecule_smiles"": ""CN(C)Cc1ccccc1"",
    ""group_smarts"": ""[cX3]-[CH2]-[N;X3;!$([NX3](=O))]"",
    ""atom_specific_smarts"": ""[C:1;H2;X4](-[N;X3;!$([NX3](=O))])-[cX3]"",
    ""description"": ""The benzylic methylene carbon directly bonded to an amine N and an aromatic carbon."",
    ""uncertainty"": ""20""
  },
  {
    ""atom_type"": 820,
    ""element"": ""C"",
    ""chemical_environment"": ""carbonyl carbon of an alkyl-substituted hydroxamic acid (R-CO-N(OH/R′))"",
    ""functional_group"": ""hydroxamic acid carbonyl (alkyl acyl)"",
    ""hybridization"": ""sp2"",
    ""example_molecule_smiles"": ""CC(=O)N(O)H"",
    ""group_smarts"": ""[C;X3](=O)(-[N;X3]-[O;X2])-[A]"",
    ""atom_specific_smarts"": ""[C:1;X3](=O)(-[N;X3]-[O;X2])-[C;X4;!a]"",
    ""description"": ""Acyl carbon of a hydroxamic acid where the acyl substituent is aliphatic (alkyl)."",
    ""uncertainty"": ""30""
  },
  {
    ""atom_type"": 821,
    ""element"": ""C"",
    ""chemical_environment"": ""carbonyl carbon of an aryl-substituted hydroxamic acid (Ar-CO-N(OH/R′))"",
    ""functional_group"": ""hydroxamic acid carbonyl (aryl acyl)"",
    ""hybridization"": ""sp2"",
    ""example_molecule_smiles"": ""O=C(N(O)H)c1ccccc1"",
    ""group_smarts"": ""[C;X3](=O)(-[N;X3]-[O;X2])-[cX3]"",
    ""atom_specific_smarts"": ""[C:1;X3](=O)(-[N;X3]-[O;X2])-[cX3]"",
    ""description"": ""Acyl carbon of a hydroxamic acid where the acyl substituent is aromatic (aryl)."",
    ""uncertainty"": ""30""
  },
  {
    ""atom_type"": 827,
    ""element"": ""C"",
    ""chemical_environment"": ""benzylic secondary carbon bearing an ether substituent (Ph-CH(OR)-R)"",
    ""functional_group"": ""benzyl ether alpha carbon (secondary)"",
    ""hybridization"": ""sp3"",
    ""example_molecule_smiles"": ""CC(c1ccccc1)OC"",
    ""group_smarts"": ""[cX3]-[CH](-[O;X2;!$(*=O)])-[#6]"",
    ""atom_specific_smarts"": ""[C:1;H1;X4](-[O;X2;!$(*=O)]-!@[#6])-[cX3]"",
    ""description"": ""Secondary benzylic methine connected to an ether oxygen and to an aromatic ring."",
    ""uncertainty"": ""25""
  },
  {
    ""atom_type"": 828,
    ""element"": ""C"",
    ""chemical_environment"": ""benzylic tertiary carbon bearing an ether substituent (Ph-C(OR)(R)R)"",
    ""functional_group"": ""benzyl ether alpha carbon (tertiary)"",
    ""hybridization"": ""sp3"",
    ""example_molecule_smiles"": ""CC(C)(c1ccccc1)OC"",
    ""group_smarts"": ""[cX3]-[C;H0;X4](-[O;X2;!$(*=O)])(-[#6])-[#6]"",
    ""atom_specific_smarts"": ""[C:1;H0;X4](-[O;X2;!$(*=O)]-!@[#6])(-[#6])-[cX3]"",
    ""description"": ""Tertiary benzylic carbon bound to an ether oxygen and two carbon substituents."",
    ""uncertainty"": ""25""
  },
  {
    ""atom_type"": 829,
    ""element"": ""C"",
    ""chemical_environment"": ""pyrrole ring carbon at C3 directly bonded to a phenyl ring (3-phenylpyrrole)"",
    ""functional_group"": ""heteroaryl–aryl biaryl junction (pyrrole side)"",
    ""hybridization"": ""sp2"",
    ""example_molecule_smiles"": ""c1c(c[nH]c1)c2ccccc2"",
    ""group_smarts"": ""[nH]1[c][c](-[a])[c][c]1"",
    ""atom_specific_smarts"": ""[nH]1[c][c:1](-[c;a])[c][c]1"",
    ""description"": ""The C3 atom of a pyrrole (five-membered ring with [nH]) that forms the C–C bond to a phenyl ring."",
    ""uncertainty"": ""45""
  },
  {
    ""atom_type"": 830,
    ""element"": ""C"",
    ""chemical_environment"": ""phenyl ipso carbon bonded to a pyrrole C3 (3-phenylpyrrole)"",
    ""functional_group"": ""heteroaryl–aryl biaryl junction (phenyl side)"",
    ""hybridization"": ""sp2"",
    ""example_molecule_smiles"": ""c1c(c[nH]c1)c2ccccc2"",
    ""group_smarts"": ""[cX3]-[c;$(*1~*~*~[nH]~*1)]"",
    ""atom_specific_smarts"": ""[c:1]-[c;$(*1~*~*~[nH]~*1)]"",
    ""description"": ""The phenyl ring ipso carbon directly bonded to a pyrrole ring carbon within a five-membered ring containing [nH]."",
    ""uncertainty"": ""45""
  },
  {
    ""atom_type"": 831,
    ""element"": ""C"",
    ""chemical_environment"": ""imidazole ring carbon at C4 directly bonded to a phenyl ring (4-phenyl-1H-imidazole)"",
    ""functional_group"": ""heteroaryl–aryl biaryl junction (imidazole side)"",
    ""hybridization"": ""sp2"",
    ""example_molecule_smiles"": ""c1[n]c(-c2ccccc2)[nH]c1"",
    ""group_smarts"": ""[nH]1[c][n][c](-[a])[n]1"",
    ""atom_specific_smarts"": ""[nH]1[c][n][c:1](-[c;a])[n]1"",
    ""description"": ""The C4 atom of an imidazole (five-membered ring with one [n] and one [nH]) that forms the C–C bond to a phenyl ring."",
    ""uncertainty"": ""50""
  },
  {
    ""atom_type"": 832,
    ""element"": ""C"",
    ""chemical_environment"": ""phenyl ipso carbon bonded to an imidazole C4 (4-phenyl-1H-imidazole)"",
    ""functional_group"": ""heteroaryl–aryl biaryl junction (phenyl side)"",
    ""hybridization"": ""sp2"",
    ""example_molecule_smiles"": ""c1[n]c(-c2ccccc2)[nH]c1"",
    ""group_smarts"": ""[cX3]-[c;$(*1~*~[n]~*~[nH]~*1)]"",
    ""atom_specific_smarts"": ""[c:1]-[c;$(*1~*~[n]~*~[nH]~*1)]"",
    ""description"": ""The phenyl ring ipso carbon directly bonded to an imidazole ring that contains one [n] and one [nH]."",
    ""uncertainty"": ""50""
  },
  {
    ""atom_type"": 833,
    ""element"": ""C"",
    ""chemical_environment"": ""phenyl ipso carbon of diphenylmethane (Ph-CH2-Ph) at the aryl–methylene junction"",
    ""functional_group"": ""aryl ipso carbon (benzylic linker to CH2)"",
    ""hybridization"": ""sp2"",
    ""example_molecule_smiles"": ""c1ccccc1CH2c2ccccc2"",
    ""group_smarts"": ""[cX3]-[CH2]-[c;a]"",
    ""atom_specific_smarts"": ""[c:1]-[CH2]-[c;a]"",
    ""description"": ""Aromatic carbon bearing the benzylic methylene substituent in diphenylmethane."",
    ""uncertainty"": ""20""
  },
  {
    ""atom_type"": 835,
    ""element"": ""C"",
    ""chemical_environment"": ""primary alkyl iodide carbon (R-CH2-I)"",
    ""functional_group"": ""alkyl iodide alpha carbon (primary)"",
    ""hybridization"": ""sp3"",
    ""example_molecule_smiles"": ""CCI"",
    ""group_smarts"": ""[#6;!a]-[CH2]-[I]"",
    ""atom_specific_smarts"": ""[C:1;H2;X4](-[I])-[#6;!a]"",
    ""description"": ""Primary sp3 carbon bonded to iodine and one carbon substituent."",
    ""uncertainty"": ""10""
  },
  {
    ""atom_type"": 836,
    ""element"": ""C"",
    ""chemical_environment"": ""secondary alkyl iodide carbon (R2CH-I)"",
    ""functional_group"": ""alkyl iodide alpha carbon (secondary)"",
    ""hybridization"": ""sp3"",
    ""example_molecule_smiles"": ""CC(C)I"",
    ""group_smarts"": ""[#6;!a]-[CH](-[I])-[#6;!a]"",
    ""atom_specific_smarts"": ""[C:1;H1;X4](-[I])(-[#6;!a])-[#6;!a]"",
    ""description"": ""Secondary sp3 carbon bonded to iodine and two carbon substituents."",
    ""uncertainty"": ""10""
  },
  {
    ""atom_type"": 837,
    ""element"": ""C"",
    ""chemical_environment"": ""tertiary alkyl iodide carbon (R3C-I)"",
    ""functional_group"": ""alkyl iodide alpha carbon (tertiary)"",
    ""hybridization"": ""sp3"",
    ""example_molecule_smiles"": ""CC(C)(C)I"",
    ""group_smarts"": ""[#6;!a]-[C;H0;X4](-[I])(-[#6;!a])-[#6;!a]"",
    ""atom_specific_smarts"": ""[C:1;H0;X4](-[I])(-[#6;!a])(-[#6;!a])"",
    ""description"": ""Tertiary sp3 carbon bonded to iodine and three carbon substituents."",
    ""uncertainty"": ""10""
  },
  {
    ""atom_type"": 841,
    ""element"": ""C"",
    ""chemical_environment"": ""phenyl ipso carbon bonded to a sulfonamide nitrogen (N-phenyl sulfonamide)"",
    ""functional_group"": ""aryl ipso carbon attached to sulfonamide N"",
    ""hybridization"": ""sp2"",
    ""example_molecule_smiles"": ""CS(=O)(=O)Nc1ccccc1"",
    ""group_smarts"": ""[cX3]-[N;X3]-S(=O)(=O)-[#6]"",
    ""atom_specific_smarts"": ""[c:1]-[N;X3]-S(=O)(=O)-[#6]"",
    ""description"": ""Aromatic carbon directly bonded to the nitrogen of a sulfonamide group."",
    ""uncertainty"": ""25""
  },
  {
    ""atom_type"": 842,
    ""element"": ""C"",
    ""chemical_environment"": ""phenyl ipso carbon attached to a carboxylate group (benzoate, Ar-C(=O)O−)"",
    ""functional_group"": ""aryl ipso carbon attached to carboxylate"",
    ""hybridization"": ""sp2"",
    ""example_molecule_smiles"": ""c1ccccc1C(=O)[O-]"",
    ""group_smarts"": ""[cX3]-[C;X3](=O)[O-]"",
    ""atom_specific_smarts"": ""[c:1]-[C;X3](=O)[O-]"",
    ""description"": ""Aromatic carbon bearing a carboxylate substituent in a benzoate anion."",
    ""uncertainty"": ""20""
  },
  {
    ""atom_type"": 844,
    ""element"": ""C"",
    ""chemical_environment"": ""phenyl ipso carbon attached to urea nitrogen (N-phenyl urea, Ar-N-C(=O)-NH)"",
    ""functional_group"": ""aryl ipso carbon attached to urea N"",
    ""hybridization"": ""sp2"",
    ""example_molecule_smiles"": ""O=C(N)Nc1ccccc1"",
    ""group_smarts"": ""[cX3]-[N;X3]-C(=O)-[N;X3]"",
    ""atom_specific_smarts"": ""[c:1]-[N;X3]-C(=O)-[N;X3]"",
    ""description"": ""Aromatic carbon directly bonded to the nitrogen of a urea group."",
    ""uncertainty"": ""25""
  },
  {
    ""atom_type"": 845,
    ""element"": ""C"",
    ""chemical_environment"": ""tertiary amide carbonyl carbon (R-C(=O)-NR2)"",
    ""functional_group"": ""amide carbonyl (tertiary amide)"",
    ""hybridization"": ""sp2"",
    ""example_molecule_smiles"": ""CC(=O)N(C)C"",
    ""group_smarts"": ""[C;X3](=O)-[N;X3;H0;$([N]([#6])[#6])]"",
    ""atom_specific_smarts"": ""[C:1;X3](=O)-[N;X3;H0;$([N]([#6])[#6])]"",
    ""description"": ""Carbonyl carbon of a tertiary amide (nitrogen substituted by two carbons, no N–H)."",
    ""uncertainty"": ""15""
  },
  {
    ""atom_type"": 848,
    ""element"": ""C"",
    ""chemical_environment"": ""methyl carbon attached to tertiary amide nitrogen (-NR-CH3, N adjacent to C=O)"",
    ""functional_group"": ""amide N-alkyl (methyl on tertiary amide N)"",
    ""hybridization"": ""sp3"",
    ""example_molecule_smiles"": ""CN(C)C=O"",
    ""group_smarts"": ""[CH3]-[N;X3;H0]-[C;X3](=O)"",
    ""atom_specific_smarts"": ""[C:1;H3;X4]-[N;X3;H0]-[C;X3](=O)"",
    ""description"": ""N-methyl carbon directly bound to an amide nitrogen in a tertiary amide."",
    ""uncertainty"": ""20""
  },
  {
    ""atom_type"": 849,
    ""element"": ""C"",
    ""chemical_environment"": ""methylene carbon attached to tertiary amide nitrogen (-NR-CH2R, N adjacent to C=O)"",
    ""functional_group"": ""amide N-alkyl (methylene on tertiary amide N)"",
    ""hybridization"": ""sp3"",
    ""example_molecule_smiles"": ""CCN(C)C(=O)C"",
    ""group_smarts"": ""[CH2]-[N;X3;H0]-[C;X3](=O)"",
    ""atom_specific_smarts"": ""[C:1;H2;X4]-[N;X3;H0]-[C;X3](=O)"",
    ""description"": ""N-methylene carbon directly bound to an amide nitrogen in a tertiary amide."",
    ""uncertainty"": ""20""
  },
  {
    ""atom_type"": 850,
    ""element"": ""C"",
    ""chemical_environment"": ""methine carbon attached to tertiary amide nitrogen (-NR-CHR2, N adjacent to C=O)"",
    ""functional_group"": ""amide N-alkyl (methine on tertiary amide N)"",
    ""hybridization"": ""sp3"",
    ""example_molecule_smiles"": ""CC(C)N(C)C(=O)C"",
    ""group_smarts"": ""[CH](-[#6])-[N;X3;H0]-[C;X3](=O)"",
    ""atom_specific_smarts"": ""[C:1;H1;X4](-[#6])-[N;X3;H0]-[C;X3](=O)"",
    ""description"": ""N-methine carbon directly bound to an amide nitrogen in a tertiary amide (secondary alkyl substituent)."",
    ""uncertainty"": ""25""
  }
]"
844,0.218,"""N-Phenyl Urea Cipso""",12.011,oplsaa2008.lt,C,6,"Convert the following OPLS-AA atom type rows:

Atom Type Data:
- Atom index: 819
- Force field raw info: ""Benzyl Amine -CH2NR2""
- Partial charge: 0.145
- Atomic mass: 12.011
- Element guess: C
- Atomic number: 6
- Source file: oplsaa2008.lt


Atom Type Data:
- Atom index: 820
- Force field raw info: ""Alkyl Hydroxamic Acid C""
- Partial charge: 0.888
- Atomic mass: 12.011
- Element guess: C
- Atomic number: 6
- Source file: oplsaa2008.lt


Atom Type Data:
- Atom index: 821
- Force field raw info: ""Aryl Hydroxamic Acid C""
- Partial charge: 1.003
- Atomic mass: 12.011
- Element guess: C
- Atomic number: 6
- Source file: oplsaa2008.lt


Atom Type Data:
- Atom index: 827
- Force field raw info: ""Benzyl Ether -CHROR""
- Partial charge: 0.225
- Atomic mass: 12.011
- Element guess: C
- Atomic number: 6
- Source file: oplsaa2008.lt


Atom Type Data:
- Atom index: 828
- Force field raw info: ""Benzyl Ether -CR2OR""
- Partial charge: 0.255
- Atomic mass: 12.011
- Element guess: C
- Atomic number: 6
- Source file: oplsaa2008.lt


Atom Type Data:
- Atom index: 829
- Force field raw info: ""3-Phenyl Pyrrole C3""
- Partial charge: -0.034
- Atomic mass: 12.011
- Element guess: C
- Atomic number: 6
- Source file: oplsaa2008.lt


Atom Type Data:
- Atom index: 830
- Force field raw info: ""3-Phenyl Pyrrole C3'""
- Partial charge: 0.003
- Atomic mass: 12.011
- Element guess: C
- Atomic number: 6
- Source file: oplsaa2008.lt


Atom Type Data:
- Atom index: 831
- Force field raw info: ""4-Phenyl Imidazole C4""
- Partial charge: 0.3
- Atomic mass: 12.011
- Element guess: C
- Atomic number: 6
- Source file: oplsaa2008.lt


Atom Type Data:
- Atom index: 832
- Force field raw info: ""4-Phenyl Imidazole C4'""
- Partial charge: -0.04
- Atomic mass: 12.011
- Element guess: C
- Atomic number: 6
- Source file: oplsaa2008.lt


Atom Type Data:
- Atom index: 833
- Force field raw info: ""Diphenylmethane Cipso""
- Partial charge: -0.0575
- Atomic mass: 12.011
- Element guess: C
- Atomic number: 6
- Source file: oplsaa2008.lt


Atom Type Data:
- Atom index: 835
- Force field raw info: ""Alkyl Iodide RCH2-I""
- Partial charge: -0.07
- Atomic mass: 12.011
- Element guess: C
- Atomic number: 6
- Source file: oplsaa2008.lt


Atom Type Data:
- Atom index: 836
- Force field raw info: ""Alkyl Iodide R2CH-I""
- Partial charge: 0.03
- Atomic mass: 12.011
- Element guess: C
- Atomic number: 6
- Source file: oplsaa2008.lt


Atom Type Data:
- Atom index: 837
- Force field raw info: ""Alkyl Iodide R3C-I""
- Partial charge: 0.13
- Atomic mass: 12.011
- Element guess: C
- Atomic number: 6
- Source file: oplsaa2008.lt


Atom Type Data:
- Atom index: 841
- Force field raw info: ""N-Ph Sulfonamide Cipso""
- Partial charge: 0.155
- Atomic mass: 12.011
- Element guess: C
- Atomic number: 6
- Source file: oplsaa2008.lt


Atom Type Data:
- Atom index: 842
- Force field raw info: ""Benzoate C-COO-""
- Partial charge: -0.1
- Atomic mass: 12.011
- Element guess: C
- Atomic number: 6
- Source file: oplsaa2008.lt


Atom Type Data:
- Atom index: 844
- Force field raw info: ""N-Phenyl Urea Cipso""
- Partial charge: 0.218
- Atomic mass: 12.011
- Element guess: C
- Atomic number: 6
- Source file: oplsaa2008.lt


Atom Type Data:
- Atom index: 845
- Force field raw info: ""Tertiary Amide -CO-NR2""
- Partial charge: 0.6
- Atomic mass: 12.011
- Element guess: C
- Atomic number: 6
- Source file: oplsaa2008.lt


Atom Type Data:
- Atom index: 848
- Force field raw info: ""Tertiary Amide -NRCH3""
- Partial charge: 0.0
- Atomic mass: 12.011
- Element guess: C
- Atomic number: 6
- Source file: oplsaa2008.lt


Atom Type Data:
- Atom index: 849
- Force field raw info: ""Tertiary Amide -NRCH2R""
- Partial charge: 0.06
- Atomic mass: 12.011
- Element guess: C
- Atomic number: 6
- Source file: oplsaa2008.lt


Atom Type Data:
- Atom index: 850
- Force field raw info: ""Tertiary Amide -NRCHR2""
- Partial charge: 0.12
- Atomic mass: 12.011
- Element guess: C
- Atomic number: 6
- Source file: oplsaa2008.lt
","[
  {
    ""atom_type"": 819,
    ""element"": ""C"",
    ""chemical_environment"": ""benzylic CH2 attached to a tertiary amine nitrogen (Ph-CH2-NR2)"",
    ""functional_group"": ""benzyl amine alpha carbon"",
    ""hybridization"": ""sp3"",
    ""example_molecule_smiles"": ""CN(C)Cc1ccccc1"",
    ""group_smarts"": ""[cX3]-[CH2]-[N;X3;!$([NX3](=O))]"",
    ""atom_specific_smarts"": ""[C:1;H2;X4](-[N;X3;!$([NX3](=O))])-[cX3]"",
    ""description"": ""The benzylic methylene carbon directly bonded to an amine N and an aromatic carbon."",
    ""uncertainty"": ""20""
  },
  {
    ""atom_type"": 820,
    ""element"": ""C"",
    ""chemical_environment"": ""carbonyl carbon of an alkyl-substituted hydroxamic acid (R-CO-N(OH/R′))"",
    ""functional_group"": ""hydroxamic acid carbonyl (alkyl acyl)"",
    ""hybridization"": ""sp2"",
    ""example_molecule_smiles"": ""CC(=O)N(O)H"",
    ""group_smarts"": ""[C;X3](=O)(-[N;X3]-[O;X2])-[A]"",
    ""atom_specific_smarts"": ""[C:1;X3](=O)(-[N;X3]-[O;X2])-[C;X4;!a]"",
    ""description"": ""Acyl carbon of a hydroxamic acid where the acyl substituent is aliphatic (alkyl)."",
    ""uncertainty"": ""30""
  },
  {
    ""atom_type"": 821,
    ""element"": ""C"",
    ""chemical_environment"": ""carbonyl carbon of an aryl-substituted hydroxamic acid (Ar-CO-N(OH/R′))"",
    ""functional_group"": ""hydroxamic acid carbonyl (aryl acyl)"",
    ""hybridization"": ""sp2"",
    ""example_molecule_smiles"": ""O=C(N(O)H)c1ccccc1"",
    ""group_smarts"": ""[C;X3](=O)(-[N;X3]-[O;X2])-[cX3]"",
    ""atom_specific_smarts"": ""[C:1;X3](=O)(-[N;X3]-[O;X2])-[cX3]"",
    ""description"": ""Acyl carbon of a hydroxamic acid where the acyl substituent is aromatic (aryl)."",
    ""uncertainty"": ""30""
  },
  {
    ""atom_type"": 827,
    ""element"": ""C"",
    ""chemical_environment"": ""benzylic secondary carbon bearing an ether substituent (Ph-CH(OR)-R)"",
    ""functional_group"": ""benzyl ether alpha carbon (secondary)"",
    ""hybridization"": ""sp3"",
    ""example_molecule_smiles"": ""CC(c1ccccc1)OC"",
    ""group_smarts"": ""[cX3]-[CH](-[O;X2;!$(*=O)])-[#6]"",
    ""atom_specific_smarts"": ""[C:1;H1;X4](-[O;X2;!$(*=O)]-!@[#6])-[cX3]"",
    ""description"": ""Secondary benzylic methine connected to an ether oxygen and to an aromatic ring."",
    ""uncertainty"": ""25""
  },
  {
    ""atom_type"": 828,
    ""element"": ""C"",
    ""chemical_environment"": ""benzylic tertiary carbon bearing an ether substituent (Ph-C(OR)(R)R)"",
    ""functional_group"": ""benzyl ether alpha carbon (tertiary)"",
    ""hybridization"": ""sp3"",
    ""example_molecule_smiles"": ""CC(C)(c1ccccc1)OC"",
    ""group_smarts"": ""[cX3]-[C;H0;X4](-[O;X2;!$(*=O)])(-[#6])-[#6]"",
    ""atom_specific_smarts"": ""[C:1;H0;X4](-[O;X2;!$(*=O)]-!@[#6])(-[#6])-[cX3]"",
    ""description"": ""Tertiary benzylic carbon bound to an ether oxygen and two carbon substituents."",
    ""uncertainty"": ""25""
  },
  {
    ""atom_type"": 829,
    ""element"": ""C"",
    ""chemical_environment"": ""pyrrole ring carbon at C3 directly bonded to a phenyl ring (3-phenylpyrrole)"",
    ""functional_group"": ""heteroaryl–aryl biaryl junction (pyrrole side)"",
    ""hybridization"": ""sp2"",
    ""example_molecule_smiles"": ""c1c(c[nH]c1)c2ccccc2"",
    ""group_smarts"": ""[nH]1[c][c](-[a])[c][c]1"",
    ""atom_specific_smarts"": ""[nH]1[c][c:1](-[c;a])[c][c]1"",
    ""description"": ""The C3 atom of a pyrrole (five-membered ring with [nH]) that forms the C–C bond to a phenyl ring."",
    ""uncertainty"": ""45""
  },
  {
    ""atom_type"": 830,
    ""element"": ""C"",
    ""chemical_environment"": ""phenyl ipso carbon bonded to a pyrrole C3 (3-phenylpyrrole)"",
    ""functional_group"": ""heteroaryl–aryl biaryl junction (phenyl side)"",
    ""hybridization"": ""sp2"",
    ""example_molecule_smiles"": ""c1c(c[nH]c1)c2ccccc2"",
    ""group_smarts"": ""[cX3]-[c;$(*1~*~*~[nH]~*1)]"",
    ""atom_specific_smarts"": ""[c:1]-[c;$(*1~*~*~[nH]~*1)]"",
    ""description"": ""The phenyl ring ipso carbon directly bonded to a pyrrole ring carbon within a five-membered ring containing [nH]."",
    ""uncertainty"": ""45""
  },
  {
    ""atom_type"": 831,
    ""element"": ""C"",
    ""chemical_environment"": ""imidazole ring carbon at C4 directly bonded to a phenyl ring (4-phenyl-1H-imidazole)"",
    ""functional_group"": ""heteroaryl–aryl biaryl junction (imidazole side)"",
    ""hybridization"": ""sp2"",
    ""example_molecule_smiles"": ""c1[n]c(-c2ccccc2)[nH]c1"",
    ""group_smarts"": ""[nH]1[c][n][c](-[a])[n]1"",
    ""atom_specific_smarts"": ""[nH]1[c][n][c:1](-[c;a])[n]1"",
    ""description"": ""The C4 atom of an imidazole (five-membered ring with one [n] and one [nH]) that forms the C–C bond to a phenyl ring."",
    ""uncertainty"": ""50""
  },
  {
    ""atom_type"": 832,
    ""element"": ""C"",
    ""chemical_environment"": ""phenyl ipso carbon bonded to an imidazole C4 (4-phenyl-1H-imidazole)"",
    ""functional_group"": ""heteroaryl–aryl biaryl junction (phenyl side)"",
    ""hybridization"": ""sp2"",
    ""example_molecule_smiles"": ""c1[n]c(-c2ccccc2)[nH]c1"",
    ""group_smarts"": ""[cX3]-[c;$(*1~*~[n]~*~[nH]~*1)]"",
    ""atom_specific_smarts"": ""[c:1]-[c;$(*1~*~[n]~*~[nH]~*1)]"",
    ""description"": ""The phenyl ring ipso carbon directly bonded to an imidazole ring that contains one [n] and one [nH]."",
    ""uncertainty"": ""50""
  },
  {
    ""atom_type"": 833,
    ""element"": ""C"",
    ""chemical_environment"": ""phenyl ipso carbon of diphenylmethane (Ph-CH2-Ph) at the aryl–methylene junction"",
    ""functional_group"": ""aryl ipso carbon (benzylic linker to CH2)"",
    ""hybridization"": ""sp2"",
    ""example_molecule_smiles"": ""c1ccccc1CH2c2ccccc2"",
    ""group_smarts"": ""[cX3]-[CH2]-[c;a]"",
    ""atom_specific_smarts"": ""[c:1]-[CH2]-[c;a]"",
    ""description"": ""Aromatic carbon bearing the benzylic methylene substituent in diphenylmethane."",
    ""uncertainty"": ""20""
  },
  {
    ""atom_type"": 835,
    ""element"": ""C"",
    ""chemical_environment"": ""primary alkyl iodide carbon (R-CH2-I)"",
    ""functional_group"": ""alkyl iodide alpha carbon (primary)"",
    ""hybridization"": ""sp3"",
    ""example_molecule_smiles"": ""CCI"",
    ""group_smarts"": ""[#6;!a]-[CH2]-[I]"",
    ""atom_specific_smarts"": ""[C:1;H2;X4](-[I])-[#6;!a]"",
    ""description"": ""Primary sp3 carbon bonded to iodine and one carbon substituent."",
    ""uncertainty"": ""10""
  },
  {
    ""atom_type"": 836,
    ""element"": ""C"",
    ""chemical_environment"": ""secondary alkyl iodide carbon (R2CH-I)"",
    ""functional_group"": ""alkyl iodide alpha carbon (secondary)"",
    ""hybridization"": ""sp3"",
    ""example_molecule_smiles"": ""CC(C)I"",
    ""group_smarts"": ""[#6;!a]-[CH](-[I])-[#6;!a]"",
    ""atom_specific_smarts"": ""[C:1;H1;X4](-[I])(-[#6;!a])-[#6;!a]"",
    ""description"": ""Secondary sp3 carbon bonded to iodine and two carbon substituents."",
    ""uncertainty"": ""10""
  },
  {
    ""atom_type"": 837,
    ""element"": ""C"",
    ""chemical_environment"": ""tertiary alkyl iodide carbon (R3C-I)"",
    ""functional_group"": ""alkyl iodide alpha carbon (tertiary)"",
    ""hybridization"": ""sp3"",
    ""example_molecule_smiles"": ""CC(C)(C)I"",
    ""group_smarts"": ""[#6;!a]-[C;H0;X4](-[I])(-[#6;!a])-[#6;!a]"",
    ""atom_specific_smarts"": ""[C:1;H0;X4](-[I])(-[#6;!a])(-[#6;!a])"",
    ""description"": ""Tertiary sp3 carbon bonded to iodine and three carbon substituents."",
    ""uncertainty"": ""10""
  },
  {
    ""atom_type"": 841,
    ""element"": ""C"",
    ""chemical_environment"": ""phenyl ipso carbon bonded to a sulfonamide nitrogen (N-phenyl sulfonamide)"",
    ""functional_group"": ""aryl ipso carbon attached to sulfonamide N"",
    ""hybridization"": ""sp2"",
    ""example_molecule_smiles"": ""CS(=O)(=O)Nc1ccccc1"",
    ""group_smarts"": ""[cX3]-[N;X3]-S(=O)(=O)-[#6]"",
    ""atom_specific_smarts"": ""[c:1]-[N;X3]-S(=O)(=O)-[#6]"",
    ""description"": ""Aromatic carbon directly bonded to the nitrogen of a sulfonamide group."",
    ""uncertainty"": ""25""
  },
  {
    ""atom_type"": 842,
    ""element"": ""C"",
    ""chemical_environment"": ""phenyl ipso carbon attached to a carboxylate group (benzoate, Ar-C(=O)O−)"",
    ""functional_group"": ""aryl ipso carbon attached to carboxylate"",
    ""hybridization"": ""sp2"",
    ""example_molecule_smiles"": ""c1ccccc1C(=O)[O-]"",
    ""group_smarts"": ""[cX3]-[C;X3](=O)[O-]"",
    ""atom_specific_smarts"": ""[c:1]-[C;X3](=O)[O-]"",
    ""description"": ""Aromatic carbon bearing a carboxylate substituent in a benzoate anion."",
    ""uncertainty"": ""20""
  },
  {
    ""atom_type"": 844,
    ""element"": ""C"",
    ""chemical_environment"": ""phenyl ipso carbon attached to urea nitrogen (N-phenyl urea, Ar-N-C(=O)-NH)"",
    ""functional_group"": ""aryl ipso carbon attached to urea N"",
    ""hybridization"": ""sp2"",
    ""example_molecule_smiles"": ""O=C(N)Nc1ccccc1"",
    ""group_smarts"": ""[cX3]-[N;X3]-C(=O)-[N;X3]"",
    ""atom_specific_smarts"": ""[c:1]-[N;X3]-C(=O)-[N;X3]"",
    ""description"": ""Aromatic carbon directly bonded to the nitrogen of a urea group."",
    ""uncertainty"": ""25""
  },
  {
    ""atom_type"": 845,
    ""element"": ""C"",
    ""chemical_environment"": ""tertiary amide carbonyl carbon (R-C(=O)-NR2)"",
    ""functional_group"": ""amide carbonyl (tertiary amide)"",
    ""hybridization"": ""sp2"",
    ""example_molecule_smiles"": ""CC(=O)N(C)C"",
    ""group_smarts"": ""[C;X3](=O)-[N;X3;H0;$([N]([#6])[#6])]"",
    ""atom_specific_smarts"": ""[C:1;X3](=O)-[N;X3;H0;$([N]([#6])[#6])]"",
    ""description"": ""Carbonyl carbon of a tertiary amide (nitrogen substituted by two carbons, no N–H)."",
    ""uncertainty"": ""15""
  },
  {
    ""atom_type"": 848,
    ""element"": ""C"",
    ""chemical_environment"": ""methyl carbon attached to tertiary amide nitrogen (-NR-CH3, N adjacent to C=O)"",
    ""functional_group"": ""amide N-alkyl (methyl on tertiary amide N)"",
    ""hybridization"": ""sp3"",
    ""example_molecule_smiles"": ""CN(C)C=O"",
    ""group_smarts"": ""[CH3]-[N;X3;H0]-[C;X3](=O)"",
    ""atom_specific_smarts"": ""[C:1;H3;X4]-[N;X3;H0]-[C;X3](=O)"",
    ""description"": ""N-methyl carbon directly bound to an amide nitrogen in a tertiary amide."",
    ""uncertainty"": ""20""
  },
  {
    ""atom_type"": 849,
    ""element"": ""C"",
    ""chemical_environment"": ""methylene carbon attached to tertiary amide nitrogen (-NR-CH2R, N adjacent to C=O)"",
    ""functional_group"": ""amide N-alkyl (methylene on tertiary amide N)"",
    ""hybridization"": ""sp3"",
    ""example_molecule_smiles"": ""CCN(C)C(=O)C"",
    ""group_smarts"": ""[CH2]-[N;X3;H0]-[C;X3](=O)"",
    ""atom_specific_smarts"": ""[C:1;H2;X4]-[N;X3;H0]-[C;X3](=O)"",
    ""description"": ""N-methylene carbon directly bound to an amide nitrogen in a tertiary amide."",
    ""uncertainty"": ""20""
  },
  {
    ""atom_type"": 850,
    ""element"": ""C"",
    ""chemical_environment"": ""methine carbon attached to tertiary amide nitrogen (-NR-CHR2, N adjacent to C=O)"",
    ""functional_group"": ""amide N-alkyl (methine on tertiary amide N)"",
    ""hybridization"": ""sp3"",
    ""example_molecule_smiles"": ""CC(C)N(C)C(=O)C"",
    ""group_smarts"": ""[CH](-[#6])-[N;X3;H0]-[C;X3](=O)"",
    ""atom_specific_smarts"": ""[C:1;H1;X4](-[#6])-[N;X3;H0]-[C;X3](=O)"",
    ""description"": ""N-methine carbon directly bound to an amide nitrogen in a tertiary amide (secondary alkyl substituent)."",
    ""uncertainty"": ""25""
  }
]"
845,0.6,"""Tertiary Amide -CO-NR2""",12.011,oplsaa2008.lt,C,6,"Convert the following OPLS-AA atom type rows:

Atom Type Data:
- Atom index: 819
- Force field raw info: ""Benzyl Amine -CH2NR2""
- Partial charge: 0.145
- Atomic mass: 12.011
- Element guess: C
- Atomic number: 6
- Source file: oplsaa2008.lt


Atom Type Data:
- Atom index: 820
- Force field raw info: ""Alkyl Hydroxamic Acid C""
- Partial charge: 0.888
- Atomic mass: 12.011
- Element guess: C
- Atomic number: 6
- Source file: oplsaa2008.lt


Atom Type Data:
- Atom index: 821
- Force field raw info: ""Aryl Hydroxamic Acid C""
- Partial charge: 1.003
- Atomic mass: 12.011
- Element guess: C
- Atomic number: 6
- Source file: oplsaa2008.lt


Atom Type Data:
- Atom index: 827
- Force field raw info: ""Benzyl Ether -CHROR""
- Partial charge: 0.225
- Atomic mass: 12.011
- Element guess: C
- Atomic number: 6
- Source file: oplsaa2008.lt


Atom Type Data:
- Atom index: 828
- Force field raw info: ""Benzyl Ether -CR2OR""
- Partial charge: 0.255
- Atomic mass: 12.011
- Element guess: C
- Atomic number: 6
- Source file: oplsaa2008.lt


Atom Type Data:
- Atom index: 829
- Force field raw info: ""3-Phenyl Pyrrole C3""
- Partial charge: -0.034
- Atomic mass: 12.011
- Element guess: C
- Atomic number: 6
- Source file: oplsaa2008.lt


Atom Type Data:
- Atom index: 830
- Force field raw info: ""3-Phenyl Pyrrole C3'""
- Partial charge: 0.003
- Atomic mass: 12.011
- Element guess: C
- Atomic number: 6
- Source file: oplsaa2008.lt


Atom Type Data:
- Atom index: 831
- Force field raw info: ""4-Phenyl Imidazole C4""
- Partial charge: 0.3
- Atomic mass: 12.011
- Element guess: C
- Atomic number: 6
- Source file: oplsaa2008.lt


Atom Type Data:
- Atom index: 832
- Force field raw info: ""4-Phenyl Imidazole C4'""
- Partial charge: -0.04
- Atomic mass: 12.011
- Element guess: C
- Atomic number: 6
- Source file: oplsaa2008.lt


Atom Type Data:
- Atom index: 833
- Force field raw info: ""Diphenylmethane Cipso""
- Partial charge: -0.0575
- Atomic mass: 12.011
- Element guess: C
- Atomic number: 6
- Source file: oplsaa2008.lt


Atom Type Data:
- Atom index: 835
- Force field raw info: ""Alkyl Iodide RCH2-I""
- Partial charge: -0.07
- Atomic mass: 12.011
- Element guess: C
- Atomic number: 6
- Source file: oplsaa2008.lt


Atom Type Data:
- Atom index: 836
- Force field raw info: ""Alkyl Iodide R2CH-I""
- Partial charge: 0.03
- Atomic mass: 12.011
- Element guess: C
- Atomic number: 6
- Source file: oplsaa2008.lt


Atom Type Data:
- Atom index: 837
- Force field raw info: ""Alkyl Iodide R3C-I""
- Partial charge: 0.13
- Atomic mass: 12.011
- Element guess: C
- Atomic number: 6
- Source file: oplsaa2008.lt


Atom Type Data:
- Atom index: 841
- Force field raw info: ""N-Ph Sulfonamide Cipso""
- Partial charge: 0.155
- Atomic mass: 12.011
- Element guess: C
- Atomic number: 6
- Source file: oplsaa2008.lt


Atom Type Data:
- Atom index: 842
- Force field raw info: ""Benzoate C-COO-""
- Partial charge: -0.1
- Atomic mass: 12.011
- Element guess: C
- Atomic number: 6
- Source file: oplsaa2008.lt


Atom Type Data:
- Atom index: 844
- Force field raw info: ""N-Phenyl Urea Cipso""
- Partial charge: 0.218
- Atomic mass: 12.011
- Element guess: C
- Atomic number: 6
- Source file: oplsaa2008.lt


Atom Type Data:
- Atom index: 845
- Force field raw info: ""Tertiary Amide -CO-NR2""
- Partial charge: 0.6
- Atomic mass: 12.011
- Element guess: C
- Atomic number: 6
- Source file: oplsaa2008.lt


Atom Type Data:
- Atom index: 848
- Force field raw info: ""Tertiary Amide -NRCH3""
- Partial charge: 0.0
- Atomic mass: 12.011
- Element guess: C
- Atomic number: 6
- Source file: oplsaa2008.lt


Atom Type Data:
- Atom index: 849
- Force field raw info: ""Tertiary Amide -NRCH2R""
- Partial charge: 0.06
- Atomic mass: 12.011
- Element guess: C
- Atomic number: 6
- Source file: oplsaa2008.lt


Atom Type Data:
- Atom index: 850
- Force field raw info: ""Tertiary Amide -NRCHR2""
- Partial charge: 0.12
- Atomic mass: 12.011
- Element guess: C
- Atomic number: 6
- Source file: oplsaa2008.lt
","[
  {
    ""atom_type"": 819,
    ""element"": ""C"",
    ""chemical_environment"": ""benzylic CH2 attached to a tertiary amine nitrogen (Ph-CH2-NR2)"",
    ""functional_group"": ""benzyl amine alpha carbon"",
    ""hybridization"": ""sp3"",
    ""example_molecule_smiles"": ""CN(C)Cc1ccccc1"",
    ""group_smarts"": ""[cX3]-[CH2]-[N;X3;!$([NX3](=O))]"",
    ""atom_specific_smarts"": ""[C:1;H2;X4](-[N;X3;!$([NX3](=O))])-[cX3]"",
    ""description"": ""The benzylic methylene carbon directly bonded to an amine N and an aromatic carbon."",
    ""uncertainty"": ""20""
  },
  {
    ""atom_type"": 820,
    ""element"": ""C"",
    ""chemical_environment"": ""carbonyl carbon of an alkyl-substituted hydroxamic acid (R-CO-N(OH/R′))"",
    ""functional_group"": ""hydroxamic acid carbonyl (alkyl acyl)"",
    ""hybridization"": ""sp2"",
    ""example_molecule_smiles"": ""CC(=O)N(O)H"",
    ""group_smarts"": ""[C;X3](=O)(-[N;X3]-[O;X2])-[A]"",
    ""atom_specific_smarts"": ""[C:1;X3](=O)(-[N;X3]-[O;X2])-[C;X4;!a]"",
    ""description"": ""Acyl carbon of a hydroxamic acid where the acyl substituent is aliphatic (alkyl)."",
    ""uncertainty"": ""30""
  },
  {
    ""atom_type"": 821,
    ""element"": ""C"",
    ""chemical_environment"": ""carbonyl carbon of an aryl-substituted hydroxamic acid (Ar-CO-N(OH/R′))"",
    ""functional_group"": ""hydroxamic acid carbonyl (aryl acyl)"",
    ""hybridization"": ""sp2"",
    ""example_molecule_smiles"": ""O=C(N(O)H)c1ccccc1"",
    ""group_smarts"": ""[C;X3](=O)(-[N;X3]-[O;X2])-[cX3]"",
    ""atom_specific_smarts"": ""[C:1;X3](=O)(-[N;X3]-[O;X2])-[cX3]"",
    ""description"": ""Acyl carbon of a hydroxamic acid where the acyl substituent is aromatic (aryl)."",
    ""uncertainty"": ""30""
  },
  {
    ""atom_type"": 827,
    ""element"": ""C"",
    ""chemical_environment"": ""benzylic secondary carbon bearing an ether substituent (Ph-CH(OR)-R)"",
    ""functional_group"": ""benzyl ether alpha carbon (secondary)"",
    ""hybridization"": ""sp3"",
    ""example_molecule_smiles"": ""CC(c1ccccc1)OC"",
    ""group_smarts"": ""[cX3]-[CH](-[O;X2;!$(*=O)])-[#6]"",
    ""atom_specific_smarts"": ""[C:1;H1;X4](-[O;X2;!$(*=O)]-!@[#6])-[cX3]"",
    ""description"": ""Secondary benzylic methine connected to an ether oxygen and to an aromatic ring."",
    ""uncertainty"": ""25""
  },
  {
    ""atom_type"": 828,
    ""element"": ""C"",
    ""chemical_environment"": ""benzylic tertiary carbon bearing an ether substituent (Ph-C(OR)(R)R)"",
    ""functional_group"": ""benzyl ether alpha carbon (tertiary)"",
    ""hybridization"": ""sp3"",
    ""example_molecule_smiles"": ""CC(C)(c1ccccc1)OC"",
    ""group_smarts"": ""[cX3]-[C;H0;X4](-[O;X2;!$(*=O)])(-[#6])-[#6]"",
    ""atom_specific_smarts"": ""[C:1;H0;X4](-[O;X2;!$(*=O)]-!@[#6])(-[#6])-[cX3]"",
    ""description"": ""Tertiary benzylic carbon bound to an ether oxygen and two carbon substituents."",
    ""uncertainty"": ""25""
  },
  {
    ""atom_type"": 829,
    ""element"": ""C"",
    ""chemical_environment"": ""pyrrole ring carbon at C3 directly bonded to a phenyl ring (3-phenylpyrrole)"",
    ""functional_group"": ""heteroaryl–aryl biaryl junction (pyrrole side)"",
    ""hybridization"": ""sp2"",
    ""example_molecule_smiles"": ""c1c(c[nH]c1)c2ccccc2"",
    ""group_smarts"": ""[nH]1[c][c](-[a])[c][c]1"",
    ""atom_specific_smarts"": ""[nH]1[c][c:1](-[c;a])[c][c]1"",
    ""description"": ""The C3 atom of a pyrrole (five-membered ring with [nH]) that forms the C–C bond to a phenyl ring."",
    ""uncertainty"": ""45""
  },
  {
    ""atom_type"": 830,
    ""element"": ""C"",
    ""chemical_environment"": ""phenyl ipso carbon bonded to a pyrrole C3 (3-phenylpyrrole)"",
    ""functional_group"": ""heteroaryl–aryl biaryl junction (phenyl side)"",
    ""hybridization"": ""sp2"",
    ""example_molecule_smiles"": ""c1c(c[nH]c1)c2ccccc2"",
    ""group_smarts"": ""[cX3]-[c;$(*1~*~*~[nH]~*1)]"",
    ""atom_specific_smarts"": ""[c:1]-[c;$(*1~*~*~[nH]~*1)]"",
    ""description"": ""The phenyl ring ipso carbon directly bonded to a pyrrole ring carbon within a five-membered ring containing [nH]."",
    ""uncertainty"": ""45""
  },
  {
    ""atom_type"": 831,
    ""element"": ""C"",
    ""chemical_environment"": ""imidazole ring carbon at C4 directly bonded to a phenyl ring (4-phenyl-1H-imidazole)"",
    ""functional_group"": ""heteroaryl–aryl biaryl junction (imidazole side)"",
    ""hybridization"": ""sp2"",
    ""example_molecule_smiles"": ""c1[n]c(-c2ccccc2)[nH]c1"",
    ""group_smarts"": ""[nH]1[c][n][c](-[a])[n]1"",
    ""atom_specific_smarts"": ""[nH]1[c][n][c:1](-[c;a])[n]1"",
    ""description"": ""The C4 atom of an imidazole (five-membered ring with one [n] and one [nH]) that forms the C–C bond to a phenyl ring."",
    ""uncertainty"": ""50""
  },
  {
    ""atom_type"": 832,
    ""element"": ""C"",
    ""chemical_environment"": ""phenyl ipso carbon bonded to an imidazole C4 (4-phenyl-1H-imidazole)"",
    ""functional_group"": ""heteroaryl–aryl biaryl junction (phenyl side)"",
    ""hybridization"": ""sp2"",
    ""example_molecule_smiles"": ""c1[n]c(-c2ccccc2)[nH]c1"",
    ""group_smarts"": ""[cX3]-[c;$(*1~*~[n]~*~[nH]~*1)]"",
    ""atom_specific_smarts"": ""[c:1]-[c;$(*1~*~[n]~*~[nH]~*1)]"",
    ""description"": ""The phenyl ring ipso carbon directly bonded to an imidazole ring that contains one [n] and one [nH]."",
    ""uncertainty"": ""50""
  },
  {
    ""atom_type"": 833,
    ""element"": ""C"",
    ""chemical_environment"": ""phenyl ipso carbon of diphenylmethane (Ph-CH2-Ph) at the aryl–methylene junction"",
    ""functional_group"": ""aryl ipso carbon (benzylic linker to CH2)"",
    ""hybridization"": ""sp2"",
    ""example_molecule_smiles"": ""c1ccccc1CH2c2ccccc2"",
    ""group_smarts"": ""[cX3]-[CH2]-[c;a]"",
    ""atom_specific_smarts"": ""[c:1]-[CH2]-[c;a]"",
    ""description"": ""Aromatic carbon bearing the benzylic methylene substituent in diphenylmethane."",
    ""uncertainty"": ""20""
  },
  {
    ""atom_type"": 835,
    ""element"": ""C"",
    ""chemical_environment"": ""primary alkyl iodide carbon (R-CH2-I)"",
    ""functional_group"": ""alkyl iodide alpha carbon (primary)"",
    ""hybridization"": ""sp3"",
    ""example_molecule_smiles"": ""CCI"",
    ""group_smarts"": ""[#6;!a]-[CH2]-[I]"",
    ""atom_specific_smarts"": ""[C:1;H2;X4](-[I])-[#6;!a]"",
    ""description"": ""Primary sp3 carbon bonded to iodine and one carbon substituent."",
    ""uncertainty"": ""10""
  },
  {
    ""atom_type"": 836,
    ""element"": ""C"",
    ""chemical_environment"": ""secondary alkyl iodide carbon (R2CH-I)"",
    ""functional_group"": ""alkyl iodide alpha carbon (secondary)"",
    ""hybridization"": ""sp3"",
    ""example_molecule_smiles"": ""CC(C)I"",
    ""group_smarts"": ""[#6;!a]-[CH](-[I])-[#6;!a]"",
    ""atom_specific_smarts"": ""[C:1;H1;X4](-[I])(-[#6;!a])-[#6;!a]"",
    ""description"": ""Secondary sp3 carbon bonded to iodine and two carbon substituents."",
    ""uncertainty"": ""10""
  },
  {
    ""atom_type"": 837,
    ""element"": ""C"",
    ""chemical_environment"": ""tertiary alkyl iodide carbon (R3C-I)"",
    ""functional_group"": ""alkyl iodide alpha carbon (tertiary)"",
    ""hybridization"": ""sp3"",
    ""example_molecule_smiles"": ""CC(C)(C)I"",
    ""group_smarts"": ""[#6;!a]-[C;H0;X4](-[I])(-[#6;!a])-[#6;!a]"",
    ""atom_specific_smarts"": ""[C:1;H0;X4](-[I])(-[#6;!a])(-[#6;!a])"",
    ""description"": ""Tertiary sp3 carbon bonded to iodine and three carbon substituents."",
    ""uncertainty"": ""10""
  },
  {
    ""atom_type"": 841,
    ""element"": ""C"",
    ""chemical_environment"": ""phenyl ipso carbon bonded to a sulfonamide nitrogen (N-phenyl sulfonamide)"",
    ""functional_group"": ""aryl ipso carbon attached to sulfonamide N"",
    ""hybridization"": ""sp2"",
    ""example_molecule_smiles"": ""CS(=O)(=O)Nc1ccccc1"",
    ""group_smarts"": ""[cX3]-[N;X3]-S(=O)(=O)-[#6]"",
    ""atom_specific_smarts"": ""[c:1]-[N;X3]-S(=O)(=O)-[#6]"",
    ""description"": ""Aromatic carbon directly bonded to the nitrogen of a sulfonamide group."",
    ""uncertainty"": ""25""
  },
  {
    ""atom_type"": 842,
    ""element"": ""C"",
    ""chemical_environment"": ""phenyl ipso carbon attached to a carboxylate group (benzoate, Ar-C(=O)O−)"",
    ""functional_group"": ""aryl ipso carbon attached to carboxylate"",
    ""hybridization"": ""sp2"",
    ""example_molecule_smiles"": ""c1ccccc1C(=O)[O-]"",
    ""group_smarts"": ""[cX3]-[C;X3](=O)[O-]"",
    ""atom_specific_smarts"": ""[c:1]-[C;X3](=O)[O-]"",
    ""description"": ""Aromatic carbon bearing a carboxylate substituent in a benzoate anion."",
    ""uncertainty"": ""20""
  },
  {
    ""atom_type"": 844,
    ""element"": ""C"",
    ""chemical_environment"": ""phenyl ipso carbon attached to urea nitrogen (N-phenyl urea, Ar-N-C(=O)-NH)"",
    ""functional_group"": ""aryl ipso carbon attached to urea N"",
    ""hybridization"": ""sp2"",
    ""example_molecule_smiles"": ""O=C(N)Nc1ccccc1"",
    ""group_smarts"": ""[cX3]-[N;X3]-C(=O)-[N;X3]"",
    ""atom_specific_smarts"": ""[c:1]-[N;X3]-C(=O)-[N;X3]"",
    ""description"": ""Aromatic carbon directly bonded to the nitrogen of a urea group."",
    ""uncertainty"": ""25""
  },
  {
    ""atom_type"": 845,
    ""element"": ""C"",
    ""chemical_environment"": ""tertiary amide carbonyl carbon (R-C(=O)-NR2)"",
    ""functional_group"": ""amide carbonyl (tertiary amide)"",
    ""hybridization"": ""sp2"",
    ""example_molecule_smiles"": ""CC(=O)N(C)C"",
    ""group_smarts"": ""[C;X3](=O)-[N;X3;H0;$([N]([#6])[#6])]"",
    ""atom_specific_smarts"": ""[C:1;X3](=O)-[N;X3;H0;$([N]([#6])[#6])]"",
    ""description"": ""Carbonyl carbon of a tertiary amide (nitrogen substituted by two carbons, no N–H)."",
    ""uncertainty"": ""15""
  },
  {
    ""atom_type"": 848,
    ""element"": ""C"",
    ""chemical_environment"": ""methyl carbon attached to tertiary amide nitrogen (-NR-CH3, N adjacent to C=O)"",
    ""functional_group"": ""amide N-alkyl (methyl on tertiary amide N)"",
    ""hybridization"": ""sp3"",
    ""example_molecule_smiles"": ""CN(C)C=O"",
    ""group_smarts"": ""[CH3]-[N;X3;H0]-[C;X3](=O)"",
    ""atom_specific_smarts"": ""[C:1;H3;X4]-[N;X3;H0]-[C;X3](=O)"",
    ""description"": ""N-methyl carbon directly bound to an amide nitrogen in a tertiary amide."",
    ""uncertainty"": ""20""
  },
  {
    ""atom_type"": 849,
    ""element"": ""C"",
    ""chemical_environment"": ""methylene carbon attached to tertiary amide nitrogen (-NR-CH2R, N adjacent to C=O)"",
    ""functional_group"": ""amide N-alkyl (methylene on tertiary amide N)"",
    ""hybridization"": ""sp3"",
    ""example_molecule_smiles"": ""CCN(C)C(=O)C"",
    ""group_smarts"": ""[CH2]-[N;X3;H0]-[C;X3](=O)"",
    ""atom_specific_smarts"": ""[C:1;H2;X4]-[N;X3;H0]-[C;X3](=O)"",
    ""description"": ""N-methylene carbon directly bound to an amide nitrogen in a tertiary amide."",
    ""uncertainty"": ""20""
  },
  {
    ""atom_type"": 850,
    ""element"": ""C"",
    ""chemical_environment"": ""methine carbon attached to tertiary amide nitrogen (-NR-CHR2, N adjacent to C=O)"",
    ""functional_group"": ""amide N-alkyl (methine on tertiary amide N)"",
    ""hybridization"": ""sp3"",
    ""example_molecule_smiles"": ""CC(C)N(C)C(=O)C"",
    ""group_smarts"": ""[CH](-[#6])-[N;X3;H0]-[C;X3](=O)"",
    ""atom_specific_smarts"": ""[C:1;H1;X4](-[#6])-[N;X3;H0]-[C;X3](=O)"",
    ""description"": ""N-methine carbon directly bound to an amide nitrogen in a tertiary amide (secondary alkyl substituent)."",
    ""uncertainty"": ""25""
  }
]"
848,0.0,"""Tertiary Amide -NRCH3""",12.011,oplsaa2008.lt,C,6,"Convert the following OPLS-AA atom type rows:

Atom Type Data:
- Atom index: 819
- Force field raw info: ""Benzyl Amine -CH2NR2""
- Partial charge: 0.145
- Atomic mass: 12.011
- Element guess: C
- Atomic number: 6
- Source file: oplsaa2008.lt


Atom Type Data:
- Atom index: 820
- Force field raw info: ""Alkyl Hydroxamic Acid C""
- Partial charge: 0.888
- Atomic mass: 12.011
- Element guess: C
- Atomic number: 6
- Source file: oplsaa2008.lt


Atom Type Data:
- Atom index: 821
- Force field raw info: ""Aryl Hydroxamic Acid C""
- Partial charge: 1.003
- Atomic mass: 12.011
- Element guess: C
- Atomic number: 6
- Source file: oplsaa2008.lt


Atom Type Data:
- Atom index: 827
- Force field raw info: ""Benzyl Ether -CHROR""
- Partial charge: 0.225
- Atomic mass: 12.011
- Element guess: C
- Atomic number: 6
- Source file: oplsaa2008.lt


Atom Type Data:
- Atom index: 828
- Force field raw info: ""Benzyl Ether -CR2OR""
- Partial charge: 0.255
- Atomic mass: 12.011
- Element guess: C
- Atomic number: 6
- Source file: oplsaa2008.lt


Atom Type Data:
- Atom index: 829
- Force field raw info: ""3-Phenyl Pyrrole C3""
- Partial charge: -0.034
- Atomic mass: 12.011
- Element guess: C
- Atomic number: 6
- Source file: oplsaa2008.lt


Atom Type Data:
- Atom index: 830
- Force field raw info: ""3-Phenyl Pyrrole C3'""
- Partial charge: 0.003
- Atomic mass: 12.011
- Element guess: C
- Atomic number: 6
- Source file: oplsaa2008.lt


Atom Type Data:
- Atom index: 831
- Force field raw info: ""4-Phenyl Imidazole C4""
- Partial charge: 0.3
- Atomic mass: 12.011
- Element guess: C
- Atomic number: 6
- Source file: oplsaa2008.lt


Atom Type Data:
- Atom index: 832
- Force field raw info: ""4-Phenyl Imidazole C4'""
- Partial charge: -0.04
- Atomic mass: 12.011
- Element guess: C
- Atomic number: 6
- Source file: oplsaa2008.lt


Atom Type Data:
- Atom index: 833
- Force field raw info: ""Diphenylmethane Cipso""
- Partial charge: -0.0575
- Atomic mass: 12.011
- Element guess: C
- Atomic number: 6
- Source file: oplsaa2008.lt


Atom Type Data:
- Atom index: 835
- Force field raw info: ""Alkyl Iodide RCH2-I""
- Partial charge: -0.07
- Atomic mass: 12.011
- Element guess: C
- Atomic number: 6
- Source file: oplsaa2008.lt


Atom Type Data:
- Atom index: 836
- Force field raw info: ""Alkyl Iodide R2CH-I""
- Partial charge: 0.03
- Atomic mass: 12.011
- Element guess: C
- Atomic number: 6
- Source file: oplsaa2008.lt


Atom Type Data:
- Atom index: 837
- Force field raw info: ""Alkyl Iodide R3C-I""
- Partial charge: 0.13
- Atomic mass: 12.011
- Element guess: C
- Atomic number: 6
- Source file: oplsaa2008.lt


Atom Type Data:
- Atom index: 841
- Force field raw info: ""N-Ph Sulfonamide Cipso""
- Partial charge: 0.155
- Atomic mass: 12.011
- Element guess: C
- Atomic number: 6
- Source file: oplsaa2008.lt


Atom Type Data:
- Atom index: 842
- Force field raw info: ""Benzoate C-COO-""
- Partial charge: -0.1
- Atomic mass: 12.011
- Element guess: C
- Atomic number: 6
- Source file: oplsaa2008.lt


Atom Type Data:
- Atom index: 844
- Force field raw info: ""N-Phenyl Urea Cipso""
- Partial charge: 0.218
- Atomic mass: 12.011
- Element guess: C
- Atomic number: 6
- Source file: oplsaa2008.lt


Atom Type Data:
- Atom index: 845
- Force field raw info: ""Tertiary Amide -CO-NR2""
- Partial charge: 0.6
- Atomic mass: 12.011
- Element guess: C
- Atomic number: 6
- Source file: oplsaa2008.lt


Atom Type Data:
- Atom index: 848
- Force field raw info: ""Tertiary Amide -NRCH3""
- Partial charge: 0.0
- Atomic mass: 12.011
- Element guess: C
- Atomic number: 6
- Source file: oplsaa2008.lt


Atom Type Data:
- Atom index: 849
- Force field raw info: ""Tertiary Amide -NRCH2R""
- Partial charge: 0.06
- Atomic mass: 12.011
- Element guess: C
- Atomic number: 6
- Source file: oplsaa2008.lt


Atom Type Data:
- Atom index: 850
- Force field raw info: ""Tertiary Amide -NRCHR2""
- Partial charge: 0.12
- Atomic mass: 12.011
- Element guess: C
- Atomic number: 6
- Source file: oplsaa2008.lt
","[
  {
    ""atom_type"": 819,
    ""element"": ""C"",
    ""chemical_environment"": ""benzylic CH2 attached to a tertiary amine nitrogen (Ph-CH2-NR2)"",
    ""functional_group"": ""benzyl amine alpha carbon"",
    ""hybridization"": ""sp3"",
    ""example_molecule_smiles"": ""CN(C)Cc1ccccc1"",
    ""group_smarts"": ""[cX3]-[CH2]-[N;X3;!$([NX3](=O))]"",
    ""atom_specific_smarts"": ""[C:1;H2;X4](-[N;X3;!$([NX3](=O))])-[cX3]"",
    ""description"": ""The benzylic methylene carbon directly bonded to an amine N and an aromatic carbon."",
    ""uncertainty"": ""20""
  },
  {
    ""atom_type"": 820,
    ""element"": ""C"",
    ""chemical_environment"": ""carbonyl carbon of an alkyl-substituted hydroxamic acid (R-CO-N(OH/R′))"",
    ""functional_group"": ""hydroxamic acid carbonyl (alkyl acyl)"",
    ""hybridization"": ""sp2"",
    ""example_molecule_smiles"": ""CC(=O)N(O)H"",
    ""group_smarts"": ""[C;X3](=O)(-[N;X3]-[O;X2])-[A]"",
    ""atom_specific_smarts"": ""[C:1;X3](=O)(-[N;X3]-[O;X2])-[C;X4;!a]"",
    ""description"": ""Acyl carbon of a hydroxamic acid where the acyl substituent is aliphatic (alkyl)."",
    ""uncertainty"": ""30""
  },
  {
    ""atom_type"": 821,
    ""element"": ""C"",
    ""chemical_environment"": ""carbonyl carbon of an aryl-substituted hydroxamic acid (Ar-CO-N(OH/R′))"",
    ""functional_group"": ""hydroxamic acid carbonyl (aryl acyl)"",
    ""hybridization"": ""sp2"",
    ""example_molecule_smiles"": ""O=C(N(O)H)c1ccccc1"",
    ""group_smarts"": ""[C;X3](=O)(-[N;X3]-[O;X2])-[cX3]"",
    ""atom_specific_smarts"": ""[C:1;X3](=O)(-[N;X3]-[O;X2])-[cX3]"",
    ""description"": ""Acyl carbon of a hydroxamic acid where the acyl substituent is aromatic (aryl)."",
    ""uncertainty"": ""30""
  },
  {
    ""atom_type"": 827,
    ""element"": ""C"",
    ""chemical_environment"": ""benzylic secondary carbon bearing an ether substituent (Ph-CH(OR)-R)"",
    ""functional_group"": ""benzyl ether alpha carbon (secondary)"",
    ""hybridization"": ""sp3"",
    ""example_molecule_smiles"": ""CC(c1ccccc1)OC"",
    ""group_smarts"": ""[cX3]-[CH](-[O;X2;!$(*=O)])-[#6]"",
    ""atom_specific_smarts"": ""[C:1;H1;X4](-[O;X2;!$(*=O)]-!@[#6])-[cX3]"",
    ""description"": ""Secondary benzylic methine connected to an ether oxygen and to an aromatic ring."",
    ""uncertainty"": ""25""
  },
  {
    ""atom_type"": 828,
    ""element"": ""C"",
    ""chemical_environment"": ""benzylic tertiary carbon bearing an ether substituent (Ph-C(OR)(R)R)"",
    ""functional_group"": ""benzyl ether alpha carbon (tertiary)"",
    ""hybridization"": ""sp3"",
    ""example_molecule_smiles"": ""CC(C)(c1ccccc1)OC"",
    ""group_smarts"": ""[cX3]-[C;H0;X4](-[O;X2;!$(*=O)])(-[#6])-[#6]"",
    ""atom_specific_smarts"": ""[C:1;H0;X4](-[O;X2;!$(*=O)]-!@[#6])(-[#6])-[cX3]"",
    ""description"": ""Tertiary benzylic carbon bound to an ether oxygen and two carbon substituents."",
    ""uncertainty"": ""25""
  },
  {
    ""atom_type"": 829,
    ""element"": ""C"",
    ""chemical_environment"": ""pyrrole ring carbon at C3 directly bonded to a phenyl ring (3-phenylpyrrole)"",
    ""functional_group"": ""heteroaryl–aryl biaryl junction (pyrrole side)"",
    ""hybridization"": ""sp2"",
    ""example_molecule_smiles"": ""c1c(c[nH]c1)c2ccccc2"",
    ""group_smarts"": ""[nH]1[c][c](-[a])[c][c]1"",
    ""atom_specific_smarts"": ""[nH]1[c][c:1](-[c;a])[c][c]1"",
    ""description"": ""The C3 atom of a pyrrole (five-membered ring with [nH]) that forms the C–C bond to a phenyl ring."",
    ""uncertainty"": ""45""
  },
  {
    ""atom_type"": 830,
    ""element"": ""C"",
    ""chemical_environment"": ""phenyl ipso carbon bonded to a pyrrole C3 (3-phenylpyrrole)"",
    ""functional_group"": ""heteroaryl–aryl biaryl junction (phenyl side)"",
    ""hybridization"": ""sp2"",
    ""example_molecule_smiles"": ""c1c(c[nH]c1)c2ccccc2"",
    ""group_smarts"": ""[cX3]-[c;$(*1~*~*~[nH]~*1)]"",
    ""atom_specific_smarts"": ""[c:1]-[c;$(*1~*~*~[nH]~*1)]"",
    ""description"": ""The phenyl ring ipso carbon directly bonded to a pyrrole ring carbon within a five-membered ring containing [nH]."",
    ""uncertainty"": ""45""
  },
  {
    ""atom_type"": 831,
    ""element"": ""C"",
    ""chemical_environment"": ""imidazole ring carbon at C4 directly bonded to a phenyl ring (4-phenyl-1H-imidazole)"",
    ""functional_group"": ""heteroaryl–aryl biaryl junction (imidazole side)"",
    ""hybridization"": ""sp2"",
    ""example_molecule_smiles"": ""c1[n]c(-c2ccccc2)[nH]c1"",
    ""group_smarts"": ""[nH]1[c][n][c](-[a])[n]1"",
    ""atom_specific_smarts"": ""[nH]1[c][n][c:1](-[c;a])[n]1"",
    ""description"": ""The C4 atom of an imidazole (five-membered ring with one [n] and one [nH]) that forms the C–C bond to a phenyl ring."",
    ""uncertainty"": ""50""
  },
  {
    ""atom_type"": 832,
    ""element"": ""C"",
    ""chemical_environment"": ""phenyl ipso carbon bonded to an imidazole C4 (4-phenyl-1H-imidazole)"",
    ""functional_group"": ""heteroaryl–aryl biaryl junction (phenyl side)"",
    ""hybridization"": ""sp2"",
    ""example_molecule_smiles"": ""c1[n]c(-c2ccccc2)[nH]c1"",
    ""group_smarts"": ""[cX3]-[c;$(*1~*~[n]~*~[nH]~*1)]"",
    ""atom_specific_smarts"": ""[c:1]-[c;$(*1~*~[n]~*~[nH]~*1)]"",
    ""description"": ""The phenyl ring ipso carbon directly bonded to an imidazole ring that contains one [n] and one [nH]."",
    ""uncertainty"": ""50""
  },
  {
    ""atom_type"": 833,
    ""element"": ""C"",
    ""chemical_environment"": ""phenyl ipso carbon of diphenylmethane (Ph-CH2-Ph) at the aryl–methylene junction"",
    ""functional_group"": ""aryl ipso carbon (benzylic linker to CH2)"",
    ""hybridization"": ""sp2"",
    ""example_molecule_smiles"": ""c1ccccc1CH2c2ccccc2"",
    ""group_smarts"": ""[cX3]-[CH2]-[c;a]"",
    ""atom_specific_smarts"": ""[c:1]-[CH2]-[c;a]"",
    ""description"": ""Aromatic carbon bearing the benzylic methylene substituent in diphenylmethane."",
    ""uncertainty"": ""20""
  },
  {
    ""atom_type"": 835,
    ""element"": ""C"",
    ""chemical_environment"": ""primary alkyl iodide carbon (R-CH2-I)"",
    ""functional_group"": ""alkyl iodide alpha carbon (primary)"",
    ""hybridization"": ""sp3"",
    ""example_molecule_smiles"": ""CCI"",
    ""group_smarts"": ""[#6;!a]-[CH2]-[I]"",
    ""atom_specific_smarts"": ""[C:1;H2;X4](-[I])-[#6;!a]"",
    ""description"": ""Primary sp3 carbon bonded to iodine and one carbon substituent."",
    ""uncertainty"": ""10""
  },
  {
    ""atom_type"": 836,
    ""element"": ""C"",
    ""chemical_environment"": ""secondary alkyl iodide carbon (R2CH-I)"",
    ""functional_group"": ""alkyl iodide alpha carbon (secondary)"",
    ""hybridization"": ""sp3"",
    ""example_molecule_smiles"": ""CC(C)I"",
    ""group_smarts"": ""[#6;!a]-[CH](-[I])-[#6;!a]"",
    ""atom_specific_smarts"": ""[C:1;H1;X4](-[I])(-[#6;!a])-[#6;!a]"",
    ""description"": ""Secondary sp3 carbon bonded to iodine and two carbon substituents."",
    ""uncertainty"": ""10""
  },
  {
    ""atom_type"": 837,
    ""element"": ""C"",
    ""chemical_environment"": ""tertiary alkyl iodide carbon (R3C-I)"",
    ""functional_group"": ""alkyl iodide alpha carbon (tertiary)"",
    ""hybridization"": ""sp3"",
    ""example_molecule_smiles"": ""CC(C)(C)I"",
    ""group_smarts"": ""[#6;!a]-[C;H0;X4](-[I])(-[#6;!a])-[#6;!a]"",
    ""atom_specific_smarts"": ""[C:1;H0;X4](-[I])(-[#6;!a])(-[#6;!a])"",
    ""description"": ""Tertiary sp3 carbon bonded to iodine and three carbon substituents."",
    ""uncertainty"": ""10""
  },
  {
    ""atom_type"": 841,
    ""element"": ""C"",
    ""chemical_environment"": ""phenyl ipso carbon bonded to a sulfonamide nitrogen (N-phenyl sulfonamide)"",
    ""functional_group"": ""aryl ipso carbon attached to sulfonamide N"",
    ""hybridization"": ""sp2"",
    ""example_molecule_smiles"": ""CS(=O)(=O)Nc1ccccc1"",
    ""group_smarts"": ""[cX3]-[N;X3]-S(=O)(=O)-[#6]"",
    ""atom_specific_smarts"": ""[c:1]-[N;X3]-S(=O)(=O)-[#6]"",
    ""description"": ""Aromatic carbon directly bonded to the nitrogen of a sulfonamide group."",
    ""uncertainty"": ""25""
  },
  {
    ""atom_type"": 842,
    ""element"": ""C"",
    ""chemical_environment"": ""phenyl ipso carbon attached to a carboxylate group (benzoate, Ar-C(=O)O−)"",
    ""functional_group"": ""aryl ipso carbon attached to carboxylate"",
    ""hybridization"": ""sp2"",
    ""example_molecule_smiles"": ""c1ccccc1C(=O)[O-]"",
    ""group_smarts"": ""[cX3]-[C;X3](=O)[O-]"",
    ""atom_specific_smarts"": ""[c:1]-[C;X3](=O)[O-]"",
    ""description"": ""Aromatic carbon bearing a carboxylate substituent in a benzoate anion."",
    ""uncertainty"": ""20""
  },
  {
    ""atom_type"": 844,
    ""element"": ""C"",
    ""chemical_environment"": ""phenyl ipso carbon attached to urea nitrogen (N-phenyl urea, Ar-N-C(=O)-NH)"",
    ""functional_group"": ""aryl ipso carbon attached to urea N"",
    ""hybridization"": ""sp2"",
    ""example_molecule_smiles"": ""O=C(N)Nc1ccccc1"",
    ""group_smarts"": ""[cX3]-[N;X3]-C(=O)-[N;X3]"",
    ""atom_specific_smarts"": ""[c:1]-[N;X3]-C(=O)-[N;X3]"",
    ""description"": ""Aromatic carbon directly bonded to the nitrogen of a urea group."",
    ""uncertainty"": ""25""
  },
  {
    ""atom_type"": 845,
    ""element"": ""C"",
    ""chemical_environment"": ""tertiary amide carbonyl carbon (R-C(=O)-NR2)"",
    ""functional_group"": ""amide carbonyl (tertiary amide)"",
    ""hybridization"": ""sp2"",
    ""example_molecule_smiles"": ""CC(=O)N(C)C"",
    ""group_smarts"": ""[C;X3](=O)-[N;X3;H0;$([N]([#6])[#6])]"",
    ""atom_specific_smarts"": ""[C:1;X3](=O)-[N;X3;H0;$([N]([#6])[#6])]"",
    ""description"": ""Carbonyl carbon of a tertiary amide (nitrogen substituted by two carbons, no N–H)."",
    ""uncertainty"": ""15""
  },
  {
    ""atom_type"": 848,
    ""element"": ""C"",
    ""chemical_environment"": ""methyl carbon attached to tertiary amide nitrogen (-NR-CH3, N adjacent to C=O)"",
    ""functional_group"": ""amide N-alkyl (methyl on tertiary amide N)"",
    ""hybridization"": ""sp3"",
    ""example_molecule_smiles"": ""CN(C)C=O"",
    ""group_smarts"": ""[CH3]-[N;X3;H0]-[C;X3](=O)"",
    ""atom_specific_smarts"": ""[C:1;H3;X4]-[N;X3;H0]-[C;X3](=O)"",
    ""description"": ""N-methyl carbon directly bound to an amide nitrogen in a tertiary amide."",
    ""uncertainty"": ""20""
  },
  {
    ""atom_type"": 849,
    ""element"": ""C"",
    ""chemical_environment"": ""methylene carbon attached to tertiary amide nitrogen (-NR-CH2R, N adjacent to C=O)"",
    ""functional_group"": ""amide N-alkyl (methylene on tertiary amide N)"",
    ""hybridization"": ""sp3"",
    ""example_molecule_smiles"": ""CCN(C)C(=O)C"",
    ""group_smarts"": ""[CH2]-[N;X3;H0]-[C;X3](=O)"",
    ""atom_specific_smarts"": ""[C:1;H2;X4]-[N;X3;H0]-[C;X3](=O)"",
    ""description"": ""N-methylene carbon directly bound to an amide nitrogen in a tertiary amide."",
    ""uncertainty"": ""20""
  },
  {
    ""atom_type"": 850,
    ""element"": ""C"",
    ""chemical_environment"": ""methine carbon attached to tertiary amide nitrogen (-NR-CHR2, N adjacent to C=O)"",
    ""functional_group"": ""amide N-alkyl (methine on tertiary amide N)"",
    ""hybridization"": ""sp3"",
    ""example_molecule_smiles"": ""CC(C)N(C)C(=O)C"",
    ""group_smarts"": ""[CH](-[#6])-[N;X3;H0]-[C;X3](=O)"",
    ""atom_specific_smarts"": ""[C:1;H1;X4](-[#6])-[N;X3;H0]-[C;X3](=O)"",
    ""description"": ""N-methine carbon directly bound to an amide nitrogen in a tertiary amide (secondary alkyl substituent)."",
    ""uncertainty"": ""25""
  }
]"
849,0.06,"""Tertiary Amide -NRCH2R""",12.011,oplsaa2008.lt,C,6,"Convert the following OPLS-AA atom type rows:

Atom Type Data:
- Atom index: 819
- Force field raw info: ""Benzyl Amine -CH2NR2""
- Partial charge: 0.145
- Atomic mass: 12.011
- Element guess: C
- Atomic number: 6
- Source file: oplsaa2008.lt


Atom Type Data:
- Atom index: 820
- Force field raw info: ""Alkyl Hydroxamic Acid C""
- Partial charge: 0.888
- Atomic mass: 12.011
- Element guess: C
- Atomic number: 6
- Source file: oplsaa2008.lt


Atom Type Data:
- Atom index: 821
- Force field raw info: ""Aryl Hydroxamic Acid C""
- Partial charge: 1.003
- Atomic mass: 12.011
- Element guess: C
- Atomic number: 6
- Source file: oplsaa2008.lt


Atom Type Data:
- Atom index: 827
- Force field raw info: ""Benzyl Ether -CHROR""
- Partial charge: 0.225
- Atomic mass: 12.011
- Element guess: C
- Atomic number: 6
- Source file: oplsaa2008.lt


Atom Type Data:
- Atom index: 828
- Force field raw info: ""Benzyl Ether -CR2OR""
- Partial charge: 0.255
- Atomic mass: 12.011
- Element guess: C
- Atomic number: 6
- Source file: oplsaa2008.lt


Atom Type Data:
- Atom index: 829
- Force field raw info: ""3-Phenyl Pyrrole C3""
- Partial charge: -0.034
- Atomic mass: 12.011
- Element guess: C
- Atomic number: 6
- Source file: oplsaa2008.lt


Atom Type Data:
- Atom index: 830
- Force field raw info: ""3-Phenyl Pyrrole C3'""
- Partial charge: 0.003
- Atomic mass: 12.011
- Element guess: C
- Atomic number: 6
- Source file: oplsaa2008.lt


Atom Type Data:
- Atom index: 831
- Force field raw info: ""4-Phenyl Imidazole C4""
- Partial charge: 0.3
- Atomic mass: 12.011
- Element guess: C
- Atomic number: 6
- Source file: oplsaa2008.lt


Atom Type Data:
- Atom index: 832
- Force field raw info: ""4-Phenyl Imidazole C4'""
- Partial charge: -0.04
- Atomic mass: 12.011
- Element guess: C
- Atomic number: 6
- Source file: oplsaa2008.lt


Atom Type Data:
- Atom index: 833
- Force field raw info: ""Diphenylmethane Cipso""
- Partial charge: -0.0575
- Atomic mass: 12.011
- Element guess: C
- Atomic number: 6
- Source file: oplsaa2008.lt


Atom Type Data:
- Atom index: 835
- Force field raw info: ""Alkyl Iodide RCH2-I""
- Partial charge: -0.07
- Atomic mass: 12.011
- Element guess: C
- Atomic number: 6
- Source file: oplsaa2008.lt


Atom Type Data:
- Atom index: 836
- Force field raw info: ""Alkyl Iodide R2CH-I""
- Partial charge: 0.03
- Atomic mass: 12.011
- Element guess: C
- Atomic number: 6
- Source file: oplsaa2008.lt


Atom Type Data:
- Atom index: 837
- Force field raw info: ""Alkyl Iodide R3C-I""
- Partial charge: 0.13
- Atomic mass: 12.011
- Element guess: C
- Atomic number: 6
- Source file: oplsaa2008.lt


Atom Type Data:
- Atom index: 841
- Force field raw info: ""N-Ph Sulfonamide Cipso""
- Partial charge: 0.155
- Atomic mass: 12.011
- Element guess: C
- Atomic number: 6
- Source file: oplsaa2008.lt


Atom Type Data:
- Atom index: 842
- Force field raw info: ""Benzoate C-COO-""
- Partial charge: -0.1
- Atomic mass: 12.011
- Element guess: C
- Atomic number: 6
- Source file: oplsaa2008.lt


Atom Type Data:
- Atom index: 844
- Force field raw info: ""N-Phenyl Urea Cipso""
- Partial charge: 0.218
- Atomic mass: 12.011
- Element guess: C
- Atomic number: 6
- Source file: oplsaa2008.lt


Atom Type Data:
- Atom index: 845
- Force field raw info: ""Tertiary Amide -CO-NR2""
- Partial charge: 0.6
- Atomic mass: 12.011
- Element guess: C
- Atomic number: 6
- Source file: oplsaa2008.lt


Atom Type Data:
- Atom index: 848
- Force field raw info: ""Tertiary Amide -NRCH3""
- Partial charge: 0.0
- Atomic mass: 12.011
- Element guess: C
- Atomic number: 6
- Source file: oplsaa2008.lt


Atom Type Data:
- Atom index: 849
- Force field raw info: ""Tertiary Amide -NRCH2R""
- Partial charge: 0.06
- Atomic mass: 12.011
- Element guess: C
- Atomic number: 6
- Source file: oplsaa2008.lt


Atom Type Data:
- Atom index: 850
- Force field raw info: ""Tertiary Amide -NRCHR2""
- Partial charge: 0.12
- Atomic mass: 12.011
- Element guess: C
- Atomic number: 6
- Source file: oplsaa2008.lt
","[
  {
    ""atom_type"": 819,
    ""element"": ""C"",
    ""chemical_environment"": ""benzylic CH2 attached to a tertiary amine nitrogen (Ph-CH2-NR2)"",
    ""functional_group"": ""benzyl amine alpha carbon"",
    ""hybridization"": ""sp3"",
    ""example_molecule_smiles"": ""CN(C)Cc1ccccc1"",
    ""group_smarts"": ""[cX3]-[CH2]-[N;X3;!$([NX3](=O))]"",
    ""atom_specific_smarts"": ""[C:1;H2;X4](-[N;X3;!$([NX3](=O))])-[cX3]"",
    ""description"": ""The benzylic methylene carbon directly bonded to an amine N and an aromatic carbon."",
    ""uncertainty"": ""20""
  },
  {
    ""atom_type"": 820,
    ""element"": ""C"",
    ""chemical_environment"": ""carbonyl carbon of an alkyl-substituted hydroxamic acid (R-CO-N(OH/R′))"",
    ""functional_group"": ""hydroxamic acid carbonyl (alkyl acyl)"",
    ""hybridization"": ""sp2"",
    ""example_molecule_smiles"": ""CC(=O)N(O)H"",
    ""group_smarts"": ""[C;X3](=O)(-[N;X3]-[O;X2])-[A]"",
    ""atom_specific_smarts"": ""[C:1;X3](=O)(-[N;X3]-[O;X2])-[C;X4;!a]"",
    ""description"": ""Acyl carbon of a hydroxamic acid where the acyl substituent is aliphatic (alkyl)."",
    ""uncertainty"": ""30""
  },
  {
    ""atom_type"": 821,
    ""element"": ""C"",
    ""chemical_environment"": ""carbonyl carbon of an aryl-substituted hydroxamic acid (Ar-CO-N(OH/R′))"",
    ""functional_group"": ""hydroxamic acid carbonyl (aryl acyl)"",
    ""hybridization"": ""sp2"",
    ""example_molecule_smiles"": ""O=C(N(O)H)c1ccccc1"",
    ""group_smarts"": ""[C;X3](=O)(-[N;X3]-[O;X2])-[cX3]"",
    ""atom_specific_smarts"": ""[C:1;X3](=O)(-[N;X3]-[O;X2])-[cX3]"",
    ""description"": ""Acyl carbon of a hydroxamic acid where the acyl substituent is aromatic (aryl)."",
    ""uncertainty"": ""30""
  },
  {
    ""atom_type"": 827,
    ""element"": ""C"",
    ""chemical_environment"": ""benzylic secondary carbon bearing an ether substituent (Ph-CH(OR)-R)"",
    ""functional_group"": ""benzyl ether alpha carbon (secondary)"",
    ""hybridization"": ""sp3"",
    ""example_molecule_smiles"": ""CC(c1ccccc1)OC"",
    ""group_smarts"": ""[cX3]-[CH](-[O;X2;!$(*=O)])-[#6]"",
    ""atom_specific_smarts"": ""[C:1;H1;X4](-[O;X2;!$(*=O)]-!@[#6])-[cX3]"",
    ""description"": ""Secondary benzylic methine connected to an ether oxygen and to an aromatic ring."",
    ""uncertainty"": ""25""
  },
  {
    ""atom_type"": 828,
    ""element"": ""C"",
    ""chemical_environment"": ""benzylic tertiary carbon bearing an ether substituent (Ph-C(OR)(R)R)"",
    ""functional_group"": ""benzyl ether alpha carbon (tertiary)"",
    ""hybridization"": ""sp3"",
    ""example_molecule_smiles"": ""CC(C)(c1ccccc1)OC"",
    ""group_smarts"": ""[cX3]-[C;H0;X4](-[O;X2;!$(*=O)])(-[#6])-[#6]"",
    ""atom_specific_smarts"": ""[C:1;H0;X4](-[O;X2;!$(*=O)]-!@[#6])(-[#6])-[cX3]"",
    ""description"": ""Tertiary benzylic carbon bound to an ether oxygen and two carbon substituents."",
    ""uncertainty"": ""25""
  },
  {
    ""atom_type"": 829,
    ""element"": ""C"",
    ""chemical_environment"": ""pyrrole ring carbon at C3 directly bonded to a phenyl ring (3-phenylpyrrole)"",
    ""functional_group"": ""heteroaryl–aryl biaryl junction (pyrrole side)"",
    ""hybridization"": ""sp2"",
    ""example_molecule_smiles"": ""c1c(c[nH]c1)c2ccccc2"",
    ""group_smarts"": ""[nH]1[c][c](-[a])[c][c]1"",
    ""atom_specific_smarts"": ""[nH]1[c][c:1](-[c;a])[c][c]1"",
    ""description"": ""The C3 atom of a pyrrole (five-membered ring with [nH]) that forms the C–C bond to a phenyl ring."",
    ""uncertainty"": ""45""
  },
  {
    ""atom_type"": 830,
    ""element"": ""C"",
    ""chemical_environment"": ""phenyl ipso carbon bonded to a pyrrole C3 (3-phenylpyrrole)"",
    ""functional_group"": ""heteroaryl–aryl biaryl junction (phenyl side)"",
    ""hybridization"": ""sp2"",
    ""example_molecule_smiles"": ""c1c(c[nH]c1)c2ccccc2"",
    ""group_smarts"": ""[cX3]-[c;$(*1~*~*~[nH]~*1)]"",
    ""atom_specific_smarts"": ""[c:1]-[c;$(*1~*~*~[nH]~*1)]"",
    ""description"": ""The phenyl ring ipso carbon directly bonded to a pyrrole ring carbon within a five-membered ring containing [nH]."",
    ""uncertainty"": ""45""
  },
  {
    ""atom_type"": 831,
    ""element"": ""C"",
    ""chemical_environment"": ""imidazole ring carbon at C4 directly bonded to a phenyl ring (4-phenyl-1H-imidazole)"",
    ""functional_group"": ""heteroaryl–aryl biaryl junction (imidazole side)"",
    ""hybridization"": ""sp2"",
    ""example_molecule_smiles"": ""c1[n]c(-c2ccccc2)[nH]c1"",
    ""group_smarts"": ""[nH]1[c][n][c](-[a])[n]1"",
    ""atom_specific_smarts"": ""[nH]1[c][n][c:1](-[c;a])[n]1"",
    ""description"": ""The C4 atom of an imidazole (five-membered ring with one [n] and one [nH]) that forms the C–C bond to a phenyl ring."",
    ""uncertainty"": ""50""
  },
  {
    ""atom_type"": 832,
    ""element"": ""C"",
    ""chemical_environment"": ""phenyl ipso carbon bonded to an imidazole C4 (4-phenyl-1H-imidazole)"",
    ""functional_group"": ""heteroaryl–aryl biaryl junction (phenyl side)"",
    ""hybridization"": ""sp2"",
    ""example_molecule_smiles"": ""c1[n]c(-c2ccccc2)[nH]c1"",
    ""group_smarts"": ""[cX3]-[c;$(*1~*~[n]~*~[nH]~*1)]"",
    ""atom_specific_smarts"": ""[c:1]-[c;$(*1~*~[n]~*~[nH]~*1)]"",
    ""description"": ""The phenyl ring ipso carbon directly bonded to an imidazole ring that contains one [n] and one [nH]."",
    ""uncertainty"": ""50""
  },
  {
    ""atom_type"": 833,
    ""element"": ""C"",
    ""chemical_environment"": ""phenyl ipso carbon of diphenylmethane (Ph-CH2-Ph) at the aryl–methylene junction"",
    ""functional_group"": ""aryl ipso carbon (benzylic linker to CH2)"",
    ""hybridization"": ""sp2"",
    ""example_molecule_smiles"": ""c1ccccc1CH2c2ccccc2"",
    ""group_smarts"": ""[cX3]-[CH2]-[c;a]"",
    ""atom_specific_smarts"": ""[c:1]-[CH2]-[c;a]"",
    ""description"": ""Aromatic carbon bearing the benzylic methylene substituent in diphenylmethane."",
    ""uncertainty"": ""20""
  },
  {
    ""atom_type"": 835,
    ""element"": ""C"",
    ""chemical_environment"": ""primary alkyl iodide carbon (R-CH2-I)"",
    ""functional_group"": ""alkyl iodide alpha carbon (primary)"",
    ""hybridization"": ""sp3"",
    ""example_molecule_smiles"": ""CCI"",
    ""group_smarts"": ""[#6;!a]-[CH2]-[I]"",
    ""atom_specific_smarts"": ""[C:1;H2;X4](-[I])-[#6;!a]"",
    ""description"": ""Primary sp3 carbon bonded to iodine and one carbon substituent."",
    ""uncertainty"": ""10""
  },
  {
    ""atom_type"": 836,
    ""element"": ""C"",
    ""chemical_environment"": ""secondary alkyl iodide carbon (R2CH-I)"",
    ""functional_group"": ""alkyl iodide alpha carbon (secondary)"",
    ""hybridization"": ""sp3"",
    ""example_molecule_smiles"": ""CC(C)I"",
    ""group_smarts"": ""[#6;!a]-[CH](-[I])-[#6;!a]"",
    ""atom_specific_smarts"": ""[C:1;H1;X4](-[I])(-[#6;!a])-[#6;!a]"",
    ""description"": ""Secondary sp3 carbon bonded to iodine and two carbon substituents."",
    ""uncertainty"": ""10""
  },
  {
    ""atom_type"": 837,
    ""element"": ""C"",
    ""chemical_environment"": ""tertiary alkyl iodide carbon (R3C-I)"",
    ""functional_group"": ""alkyl iodide alpha carbon (tertiary)"",
    ""hybridization"": ""sp3"",
    ""example_molecule_smiles"": ""CC(C)(C)I"",
    ""group_smarts"": ""[#6;!a]-[C;H0;X4](-[I])(-[#6;!a])-[#6;!a]"",
    ""atom_specific_smarts"": ""[C:1;H0;X4](-[I])(-[#6;!a])(-[#6;!a])"",
    ""description"": ""Tertiary sp3 carbon bonded to iodine and three carbon substituents."",
    ""uncertainty"": ""10""
  },
  {
    ""atom_type"": 841,
    ""element"": ""C"",
    ""chemical_environment"": ""phenyl ipso carbon bonded to a sulfonamide nitrogen (N-phenyl sulfonamide)"",
    ""functional_group"": ""aryl ipso carbon attached to sulfonamide N"",
    ""hybridization"": ""sp2"",
    ""example_molecule_smiles"": ""CS(=O)(=O)Nc1ccccc1"",
    ""group_smarts"": ""[cX3]-[N;X3]-S(=O)(=O)-[#6]"",
    ""atom_specific_smarts"": ""[c:1]-[N;X3]-S(=O)(=O)-[#6]"",
    ""description"": ""Aromatic carbon directly bonded to the nitrogen of a sulfonamide group."",
    ""uncertainty"": ""25""
  },
  {
    ""atom_type"": 842,
    ""element"": ""C"",
    ""chemical_environment"": ""phenyl ipso carbon attached to a carboxylate group (benzoate, Ar-C(=O)O−)"",
    ""functional_group"": ""aryl ipso carbon attached to carboxylate"",
    ""hybridization"": ""sp2"",
    ""example_molecule_smiles"": ""c1ccccc1C(=O)[O-]"",
    ""group_smarts"": ""[cX3]-[C;X3](=O)[O-]"",
    ""atom_specific_smarts"": ""[c:1]-[C;X3](=O)[O-]"",
    ""description"": ""Aromatic carbon bearing a carboxylate substituent in a benzoate anion."",
    ""uncertainty"": ""20""
  },
  {
    ""atom_type"": 844,
    ""element"": ""C"",
    ""chemical_environment"": ""phenyl ipso carbon attached to urea nitrogen (N-phenyl urea, Ar-N-C(=O)-NH)"",
    ""functional_group"": ""aryl ipso carbon attached to urea N"",
    ""hybridization"": ""sp2"",
    ""example_molecule_smiles"": ""O=C(N)Nc1ccccc1"",
    ""group_smarts"": ""[cX3]-[N;X3]-C(=O)-[N;X3]"",
    ""atom_specific_smarts"": ""[c:1]-[N;X3]-C(=O)-[N;X3]"",
    ""description"": ""Aromatic carbon directly bonded to the nitrogen of a urea group."",
    ""uncertainty"": ""25""
  },
  {
    ""atom_type"": 845,
    ""element"": ""C"",
    ""chemical_environment"": ""tertiary amide carbonyl carbon (R-C(=O)-NR2)"",
    ""functional_group"": ""amide carbonyl (tertiary amide)"",
    ""hybridization"": ""sp2"",
    ""example_molecule_smiles"": ""CC(=O)N(C)C"",
    ""group_smarts"": ""[C;X3](=O)-[N;X3;H0;$([N]([#6])[#6])]"",
    ""atom_specific_smarts"": ""[C:1;X3](=O)-[N;X3;H0;$([N]([#6])[#6])]"",
    ""description"": ""Carbonyl carbon of a tertiary amide (nitrogen substituted by two carbons, no N–H)."",
    ""uncertainty"": ""15""
  },
  {
    ""atom_type"": 848,
    ""element"": ""C"",
    ""chemical_environment"": ""methyl carbon attached to tertiary amide nitrogen (-NR-CH3, N adjacent to C=O)"",
    ""functional_group"": ""amide N-alkyl (methyl on tertiary amide N)"",
    ""hybridization"": ""sp3"",
    ""example_molecule_smiles"": ""CN(C)C=O"",
    ""group_smarts"": ""[CH3]-[N;X3;H0]-[C;X3](=O)"",
    ""atom_specific_smarts"": ""[C:1;H3;X4]-[N;X3;H0]-[C;X3](=O)"",
    ""description"": ""N-methyl carbon directly bound to an amide nitrogen in a tertiary amide."",
    ""uncertainty"": ""20""
  },
  {
    ""atom_type"": 849,
    ""element"": ""C"",
    ""chemical_environment"": ""methylene carbon attached to tertiary amide nitrogen (-NR-CH2R, N adjacent to C=O)"",
    ""functional_group"": ""amide N-alkyl (methylene on tertiary amide N)"",
    ""hybridization"": ""sp3"",
    ""example_molecule_smiles"": ""CCN(C)C(=O)C"",
    ""group_smarts"": ""[CH2]-[N;X3;H0]-[C;X3](=O)"",
    ""atom_specific_smarts"": ""[C:1;H2;X4]-[N;X3;H0]-[C;X3](=O)"",
    ""description"": ""N-methylene carbon directly bound to an amide nitrogen in a tertiary amide."",
    ""uncertainty"": ""20""
  },
  {
    ""atom_type"": 850,
    ""element"": ""C"",
    ""chemical_environment"": ""methine carbon attached to tertiary amide nitrogen (-NR-CHR2, N adjacent to C=O)"",
    ""functional_group"": ""amide N-alkyl (methine on tertiary amide N)"",
    ""hybridization"": ""sp3"",
    ""example_molecule_smiles"": ""CC(C)N(C)C(=O)C"",
    ""group_smarts"": ""[CH](-[#6])-[N;X3;H0]-[C;X3](=O)"",
    ""atom_specific_smarts"": ""[C:1;H1;X4](-[#6])-[N;X3;H0]-[C;X3](=O)"",
    ""description"": ""N-methine carbon directly bound to an amide nitrogen in a tertiary amide (secondary alkyl substituent)."",
    ""uncertainty"": ""25""
  }
]"
850,0.12,"""Tertiary Amide -NRCHR2""",12.011,oplsaa2008.lt,C,6,"Convert the following OPLS-AA atom type rows:

Atom Type Data:
- Atom index: 819
- Force field raw info: ""Benzyl Amine -CH2NR2""
- Partial charge: 0.145
- Atomic mass: 12.011
- Element guess: C
- Atomic number: 6
- Source file: oplsaa2008.lt


Atom Type Data:
- Atom index: 820
- Force field raw info: ""Alkyl Hydroxamic Acid C""
- Partial charge: 0.888
- Atomic mass: 12.011
- Element guess: C
- Atomic number: 6
- Source file: oplsaa2008.lt


Atom Type Data:
- Atom index: 821
- Force field raw info: ""Aryl Hydroxamic Acid C""
- Partial charge: 1.003
- Atomic mass: 12.011
- Element guess: C
- Atomic number: 6
- Source file: oplsaa2008.lt


Atom Type Data:
- Atom index: 827
- Force field raw info: ""Benzyl Ether -CHROR""
- Partial charge: 0.225
- Atomic mass: 12.011
- Element guess: C
- Atomic number: 6
- Source file: oplsaa2008.lt


Atom Type Data:
- Atom index: 828
- Force field raw info: ""Benzyl Ether -CR2OR""
- Partial charge: 0.255
- Atomic mass: 12.011
- Element guess: C
- Atomic number: 6
- Source file: oplsaa2008.lt


Atom Type Data:
- Atom index: 829
- Force field raw info: ""3-Phenyl Pyrrole C3""
- Partial charge: -0.034
- Atomic mass: 12.011
- Element guess: C
- Atomic number: 6
- Source file: oplsaa2008.lt


Atom Type Data:
- Atom index: 830
- Force field raw info: ""3-Phenyl Pyrrole C3'""
- Partial charge: 0.003
- Atomic mass: 12.011
- Element guess: C
- Atomic number: 6
- Source file: oplsaa2008.lt


Atom Type Data:
- Atom index: 831
- Force field raw info: ""4-Phenyl Imidazole C4""
- Partial charge: 0.3
- Atomic mass: 12.011
- Element guess: C
- Atomic number: 6
- Source file: oplsaa2008.lt


Atom Type Data:
- Atom index: 832
- Force field raw info: ""4-Phenyl Imidazole C4'""
- Partial charge: -0.04
- Atomic mass: 12.011
- Element guess: C
- Atomic number: 6
- Source file: oplsaa2008.lt


Atom Type Data:
- Atom index: 833
- Force field raw info: ""Diphenylmethane Cipso""
- Partial charge: -0.0575
- Atomic mass: 12.011
- Element guess: C
- Atomic number: 6
- Source file: oplsaa2008.lt


Atom Type Data:
- Atom index: 835
- Force field raw info: ""Alkyl Iodide RCH2-I""
- Partial charge: -0.07
- Atomic mass: 12.011
- Element guess: C
- Atomic number: 6
- Source file: oplsaa2008.lt


Atom Type Data:
- Atom index: 836
- Force field raw info: ""Alkyl Iodide R2CH-I""
- Partial charge: 0.03
- Atomic mass: 12.011
- Element guess: C
- Atomic number: 6
- Source file: oplsaa2008.lt


Atom Type Data:
- Atom index: 837
- Force field raw info: ""Alkyl Iodide R3C-I""
- Partial charge: 0.13
- Atomic mass: 12.011
- Element guess: C
- Atomic number: 6
- Source file: oplsaa2008.lt


Atom Type Data:
- Atom index: 841
- Force field raw info: ""N-Ph Sulfonamide Cipso""
- Partial charge: 0.155
- Atomic mass: 12.011
- Element guess: C
- Atomic number: 6
- Source file: oplsaa2008.lt


Atom Type Data:
- Atom index: 842
- Force field raw info: ""Benzoate C-COO-""
- Partial charge: -0.1
- Atomic mass: 12.011
- Element guess: C
- Atomic number: 6
- Source file: oplsaa2008.lt


Atom Type Data:
- Atom index: 844
- Force field raw info: ""N-Phenyl Urea Cipso""
- Partial charge: 0.218
- Atomic mass: 12.011
- Element guess: C
- Atomic number: 6
- Source file: oplsaa2008.lt


Atom Type Data:
- Atom index: 845
- Force field raw info: ""Tertiary Amide -CO-NR2""
- Partial charge: 0.6
- Atomic mass: 12.011
- Element guess: C
- Atomic number: 6
- Source file: oplsaa2008.lt


Atom Type Data:
- Atom index: 848
- Force field raw info: ""Tertiary Amide -NRCH3""
- Partial charge: 0.0
- Atomic mass: 12.011
- Element guess: C
- Atomic number: 6
- Source file: oplsaa2008.lt


Atom Type Data:
- Atom index: 849
- Force field raw info: ""Tertiary Amide -NRCH2R""
- Partial charge: 0.06
- Atomic mass: 12.011
- Element guess: C
- Atomic number: 6
- Source file: oplsaa2008.lt


Atom Type Data:
- Atom index: 850
- Force field raw info: ""Tertiary Amide -NRCHR2""
- Partial charge: 0.12
- Atomic mass: 12.011
- Element guess: C
- Atomic number: 6
- Source file: oplsaa2008.lt
","[
  {
    ""atom_type"": 819,
    ""element"": ""C"",
    ""chemical_environment"": ""benzylic CH2 attached to a tertiary amine nitrogen (Ph-CH2-NR2)"",
    ""functional_group"": ""benzyl amine alpha carbon"",
    ""hybridization"": ""sp3"",
    ""example_molecule_smiles"": ""CN(C)Cc1ccccc1"",
    ""group_smarts"": ""[cX3]-[CH2]-[N;X3;!$([NX3](=O))]"",
    ""atom_specific_smarts"": ""[C:1;H2;X4](-[N;X3;!$([NX3](=O))])-[cX3]"",
    ""description"": ""The benzylic methylene carbon directly bonded to an amine N and an aromatic carbon."",
    ""uncertainty"": ""20""
  },
  {
    ""atom_type"": 820,
    ""element"": ""C"",
    ""chemical_environment"": ""carbonyl carbon of an alkyl-substituted hydroxamic acid (R-CO-N(OH/R′))"",
    ""functional_group"": ""hydroxamic acid carbonyl (alkyl acyl)"",
    ""hybridization"": ""sp2"",
    ""example_molecule_smiles"": ""CC(=O)N(O)H"",
    ""group_smarts"": ""[C;X3](=O)(-[N;X3]-[O;X2])-[A]"",
    ""atom_specific_smarts"": ""[C:1;X3](=O)(-[N;X3]-[O;X2])-[C;X4;!a]"",
    ""description"": ""Acyl carbon of a hydroxamic acid where the acyl substituent is aliphatic (alkyl)."",
    ""uncertainty"": ""30""
  },
  {
    ""atom_type"": 821,
    ""element"": ""C"",
    ""chemical_environment"": ""carbonyl carbon of an aryl-substituted hydroxamic acid (Ar-CO-N(OH/R′))"",
    ""functional_group"": ""hydroxamic acid carbonyl (aryl acyl)"",
    ""hybridization"": ""sp2"",
    ""example_molecule_smiles"": ""O=C(N(O)H)c1ccccc1"",
    ""group_smarts"": ""[C;X3](=O)(-[N;X3]-[O;X2])-[cX3]"",
    ""atom_specific_smarts"": ""[C:1;X3](=O)(-[N;X3]-[O;X2])-[cX3]"",
    ""description"": ""Acyl carbon of a hydroxamic acid where the acyl substituent is aromatic (aryl)."",
    ""uncertainty"": ""30""
  },
  {
    ""atom_type"": 827,
    ""element"": ""C"",
    ""chemical_environment"": ""benzylic secondary carbon bearing an ether substituent (Ph-CH(OR)-R)"",
    ""functional_group"": ""benzyl ether alpha carbon (secondary)"",
    ""hybridization"": ""sp3"",
    ""example_molecule_smiles"": ""CC(c1ccccc1)OC"",
    ""group_smarts"": ""[cX3]-[CH](-[O;X2;!$(*=O)])-[#6]"",
    ""atom_specific_smarts"": ""[C:1;H1;X4](-[O;X2;!$(*=O)]-!@[#6])-[cX3]"",
    ""description"": ""Secondary benzylic methine connected to an ether oxygen and to an aromatic ring."",
    ""uncertainty"": ""25""
  },
  {
    ""atom_type"": 828,
    ""element"": ""C"",
    ""chemical_environment"": ""benzylic tertiary carbon bearing an ether substituent (Ph-C(OR)(R)R)"",
    ""functional_group"": ""benzyl ether alpha carbon (tertiary)"",
    ""hybridization"": ""sp3"",
    ""example_molecule_smiles"": ""CC(C)(c1ccccc1)OC"",
    ""group_smarts"": ""[cX3]-[C;H0;X4](-[O;X2;!$(*=O)])(-[#6])-[#6]"",
    ""atom_specific_smarts"": ""[C:1;H0;X4](-[O;X2;!$(*=O)]-!@[#6])(-[#6])-[cX3]"",
    ""description"": ""Tertiary benzylic carbon bound to an ether oxygen and two carbon substituents."",
    ""uncertainty"": ""25""
  },
  {
    ""atom_type"": 829,
    ""element"": ""C"",
    ""chemical_environment"": ""pyrrole ring carbon at C3 directly bonded to a phenyl ring (3-phenylpyrrole)"",
    ""functional_group"": ""heteroaryl–aryl biaryl junction (pyrrole side)"",
    ""hybridization"": ""sp2"",
    ""example_molecule_smiles"": ""c1c(c[nH]c1)c2ccccc2"",
    ""group_smarts"": ""[nH]1[c][c](-[a])[c][c]1"",
    ""atom_specific_smarts"": ""[nH]1[c][c:1](-[c;a])[c][c]1"",
    ""description"": ""The C3 atom of a pyrrole (five-membered ring with [nH]) that forms the C–C bond to a phenyl ring."",
    ""uncertainty"": ""45""
  },
  {
    ""atom_type"": 830,
    ""element"": ""C"",
    ""chemical_environment"": ""phenyl ipso carbon bonded to a pyrrole C3 (3-phenylpyrrole)"",
    ""functional_group"": ""heteroaryl–aryl biaryl junction (phenyl side)"",
    ""hybridization"": ""sp2"",
    ""example_molecule_smiles"": ""c1c(c[nH]c1)c2ccccc2"",
    ""group_smarts"": ""[cX3]-[c;$(*1~*~*~[nH]~*1)]"",
    ""atom_specific_smarts"": ""[c:1]-[c;$(*1~*~*~[nH]~*1)]"",
    ""description"": ""The phenyl ring ipso carbon directly bonded to a pyrrole ring carbon within a five-membered ring containing [nH]."",
    ""uncertainty"": ""45""
  },
  {
    ""atom_type"": 831,
    ""element"": ""C"",
    ""chemical_environment"": ""imidazole ring carbon at C4 directly bonded to a phenyl ring (4-phenyl-1H-imidazole)"",
    ""functional_group"": ""heteroaryl–aryl biaryl junction (imidazole side)"",
    ""hybridization"": ""sp2"",
    ""example_molecule_smiles"": ""c1[n]c(-c2ccccc2)[nH]c1"",
    ""group_smarts"": ""[nH]1[c][n][c](-[a])[n]1"",
    ""atom_specific_smarts"": ""[nH]1[c][n][c:1](-[c;a])[n]1"",
    ""description"": ""The C4 atom of an imidazole (five-membered ring with one [n] and one [nH]) that forms the C–C bond to a phenyl ring."",
    ""uncertainty"": ""50""
  },
  {
    ""atom_type"": 832,
    ""element"": ""C"",
    ""chemical_environment"": ""phenyl ipso carbon bonded to an imidazole C4 (4-phenyl-1H-imidazole)"",
    ""functional_group"": ""heteroaryl–aryl biaryl junction (phenyl side)"",
    ""hybridization"": ""sp2"",
    ""example_molecule_smiles"": ""c1[n]c(-c2ccccc2)[nH]c1"",
    ""group_smarts"": ""[cX3]-[c;$(*1~*~[n]~*~[nH]~*1)]"",
    ""atom_specific_smarts"": ""[c:1]-[c;$(*1~*~[n]~*~[nH]~*1)]"",
    ""description"": ""The phenyl ring ipso carbon directly bonded to an imidazole ring that contains one [n] and one [nH]."",
    ""uncertainty"": ""50""
  },
  {
    ""atom_type"": 833,
    ""element"": ""C"",
    ""chemical_environment"": ""phenyl ipso carbon of diphenylmethane (Ph-CH2-Ph) at the aryl–methylene junction"",
    ""functional_group"": ""aryl ipso carbon (benzylic linker to CH2)"",
    ""hybridization"": ""sp2"",
    ""example_molecule_smiles"": ""c1ccccc1CH2c2ccccc2"",
    ""group_smarts"": ""[cX3]-[CH2]-[c;a]"",
    ""atom_specific_smarts"": ""[c:1]-[CH2]-[c;a]"",
    ""description"": ""Aromatic carbon bearing the benzylic methylene substituent in diphenylmethane."",
    ""uncertainty"": ""20""
  },
  {
    ""atom_type"": 835,
    ""element"": ""C"",
    ""chemical_environment"": ""primary alkyl iodide carbon (R-CH2-I)"",
    ""functional_group"": ""alkyl iodide alpha carbon (primary)"",
    ""hybridization"": ""sp3"",
    ""example_molecule_smiles"": ""CCI"",
    ""group_smarts"": ""[#6;!a]-[CH2]-[I]"",
    ""atom_specific_smarts"": ""[C:1;H2;X4](-[I])-[#6;!a]"",
    ""description"": ""Primary sp3 carbon bonded to iodine and one carbon substituent."",
    ""uncertainty"": ""10""
  },
  {
    ""atom_type"": 836,
    ""element"": ""C"",
    ""chemical_environment"": ""secondary alkyl iodide carbon (R2CH-I)"",
    ""functional_group"": ""alkyl iodide alpha carbon (secondary)"",
    ""hybridization"": ""sp3"",
    ""example_molecule_smiles"": ""CC(C)I"",
    ""group_smarts"": ""[#6;!a]-[CH](-[I])-[#6;!a]"",
    ""atom_specific_smarts"": ""[C:1;H1;X4](-[I])(-[#6;!a])-[#6;!a]"",
    ""description"": ""Secondary sp3 carbon bonded to iodine and two carbon substituents."",
    ""uncertainty"": ""10""
  },
  {
    ""atom_type"": 837,
    ""element"": ""C"",
    ""chemical_environment"": ""tertiary alkyl iodide carbon (R3C-I)"",
    ""functional_group"": ""alkyl iodide alpha carbon (tertiary)"",
    ""hybridization"": ""sp3"",
    ""example_molecule_smiles"": ""CC(C)(C)I"",
    ""group_smarts"": ""[#6;!a]-[C;H0;X4](-[I])(-[#6;!a])-[#6;!a]"",
    ""atom_specific_smarts"": ""[C:1;H0;X4](-[I])(-[#6;!a])(-[#6;!a])"",
    ""description"": ""Tertiary sp3 carbon bonded to iodine and three carbon substituents."",
    ""uncertainty"": ""10""
  },
  {
    ""atom_type"": 841,
    ""element"": ""C"",
    ""chemical_environment"": ""phenyl ipso carbon bonded to a sulfonamide nitrogen (N-phenyl sulfonamide)"",
    ""functional_group"": ""aryl ipso carbon attached to sulfonamide N"",
    ""hybridization"": ""sp2"",
    ""example_molecule_smiles"": ""CS(=O)(=O)Nc1ccccc1"",
    ""group_smarts"": ""[cX3]-[N;X3]-S(=O)(=O)-[#6]"",
    ""atom_specific_smarts"": ""[c:1]-[N;X3]-S(=O)(=O)-[#6]"",
    ""description"": ""Aromatic carbon directly bonded to the nitrogen of a sulfonamide group."",
    ""uncertainty"": ""25""
  },
  {
    ""atom_type"": 842,
    ""element"": ""C"",
    ""chemical_environment"": ""phenyl ipso carbon attached to a carboxylate group (benzoate, Ar-C(=O)O−)"",
    ""functional_group"": ""aryl ipso carbon attached to carboxylate"",
    ""hybridization"": ""sp2"",
    ""example_molecule_smiles"": ""c1ccccc1C(=O)[O-]"",
    ""group_smarts"": ""[cX3]-[C;X3](=O)[O-]"",
    ""atom_specific_smarts"": ""[c:1]-[C;X3](=O)[O-]"",
    ""description"": ""Aromatic carbon bearing a carboxylate substituent in a benzoate anion."",
    ""uncertainty"": ""20""
  },
  {
    ""atom_type"": 844,
    ""element"": ""C"",
    ""chemical_environment"": ""phenyl ipso carbon attached to urea nitrogen (N-phenyl urea, Ar-N-C(=O)-NH)"",
    ""functional_group"": ""aryl ipso carbon attached to urea N"",
    ""hybridization"": ""sp2"",
    ""example_molecule_smiles"": ""O=C(N)Nc1ccccc1"",
    ""group_smarts"": ""[cX3]-[N;X3]-C(=O)-[N;X3]"",
    ""atom_specific_smarts"": ""[c:1]-[N;X3]-C(=O)-[N;X3]"",
    ""description"": ""Aromatic carbon directly bonded to the nitrogen of a urea group."",
    ""uncertainty"": ""25""
  },
  {
    ""atom_type"": 845,
    ""element"": ""C"",
    ""chemical_environment"": ""tertiary amide carbonyl carbon (R-C(=O)-NR2)"",
    ""functional_group"": ""amide carbonyl (tertiary amide)"",
    ""hybridization"": ""sp2"",
    ""example_molecule_smiles"": ""CC(=O)N(C)C"",
    ""group_smarts"": ""[C;X3](=O)-[N;X3;H0;$([N]([#6])[#6])]"",
    ""atom_specific_smarts"": ""[C:1;X3](=O)-[N;X3;H0;$([N]([#6])[#6])]"",
    ""description"": ""Carbonyl carbon of a tertiary amide (nitrogen substituted by two carbons, no N–H)."",
    ""uncertainty"": ""15""
  },
  {
    ""atom_type"": 848,
    ""element"": ""C"",
    ""chemical_environment"": ""methyl carbon attached to tertiary amide nitrogen (-NR-CH3, N adjacent to C=O)"",
    ""functional_group"": ""amide N-alkyl (methyl on tertiary amide N)"",
    ""hybridization"": ""sp3"",
    ""example_molecule_smiles"": ""CN(C)C=O"",
    ""group_smarts"": ""[CH3]-[N;X3;H0]-[C;X3](=O)"",
    ""atom_specific_smarts"": ""[C:1;H3;X4]-[N;X3;H0]-[C;X3](=O)"",
    ""description"": ""N-methyl carbon directly bound to an amide nitrogen in a tertiary amide."",
    ""uncertainty"": ""20""
  },
  {
    ""atom_type"": 849,
    ""element"": ""C"",
    ""chemical_environment"": ""methylene carbon attached to tertiary amide nitrogen (-NR-CH2R, N adjacent to C=O)"",
    ""functional_group"": ""amide N-alkyl (methylene on tertiary amide N)"",
    ""hybridization"": ""sp3"",
    ""example_molecule_smiles"": ""CCN(C)C(=O)C"",
    ""group_smarts"": ""[CH2]-[N;X3;H0]-[C;X3](=O)"",
    ""atom_specific_smarts"": ""[C:1;H2;X4]-[N;X3;H0]-[C;X3](=O)"",
    ""description"": ""N-methylene carbon directly bound to an amide nitrogen in a tertiary amide."",
    ""uncertainty"": ""20""
  },
  {
    ""atom_type"": 850,
    ""element"": ""C"",
    ""chemical_environment"": ""methine carbon attached to tertiary amide nitrogen (-NR-CHR2, N adjacent to C=O)"",
    ""functional_group"": ""amide N-alkyl (methine on tertiary amide N)"",
    ""hybridization"": ""sp3"",
    ""example_molecule_smiles"": ""CC(C)N(C)C(=O)C"",
    ""group_smarts"": ""[CH](-[#6])-[N;X3;H0]-[C;X3](=O)"",
    ""atom_specific_smarts"": ""[C:1;H1;X4](-[#6])-[N;X3;H0]-[C;X3](=O)"",
    ""description"": ""N-methine carbon directly bound to an amide nitrogen in a tertiary amide (secondary alkyl substituent)."",
    ""uncertainty"": ""25""
  }
]"
