Atom_Index,Charge,Info,DataMass,Source,ElementGuess,AtomicNumber,prompt,gpt_output
126,0.16,C  - C3   | DMSO,12.011,oplsaa.lt,C,6,"Convert the following OPLS-AA atom type rows:

Atom Type Data:
- Atom index: 126
- Force field raw info: C  - C3   | DMSO
- Partial charge: 0.16
- Atomic mass: 12.011
- Element guess: C
- Atomic number: 6
- Source file: oplsaa.lt


Atom Type Data:
- Atom index: 131
- Force field raw info: C  - C~   | C in C=O for UA formamide, DMF.
- Partial charge: 0.5
- Atomic mass: 12.011
- Element guess: C
- Atomic number: 6
- Source file: oplsaa.lt


Atom Type Data:
- Atom index: 132
- Force field raw info: C  - C3   | CH3 in HCON(CH3)2 DMF
- Partial charge: 0.285
- Atomic mass: 12.011
- Element guess: C
- Atomic number: 6
- Source file: oplsaa.lt


Atom Type Data:
- Atom index: 135
- Force field raw info: C  - CT   | CH3 all-atom C: alkanes
- Partial charge: -0.18
- Atomic mass: 12.011
- Element guess: C
- Atomic number: 6
- Source file: oplsaa.lt


Atom Type Data:
- Atom index: 136
- Force field raw info: C  - CT   | CH2 all-atom C: alkanes
- Partial charge: -0.12
- Atomic mass: 12.011
- Element guess: C
- Atomic number: 6
- Source file: oplsaa.lt


Atom Type Data:
- Atom index: 137
- Force field raw info: C  - CT   | CH all-atom C: alkanes
- Partial charge: -0.06
- Atomic mass: 12.011
- Element guess: C
- Atomic number: 6
- Source file: oplsaa.lt


Atom Type Data:
- Atom index: 138
- Force field raw info: C  - CT   | CH4 all-atom C: methane mod 1/2020
- Partial charge: -0.24
- Atomic mass: 12.011
- Element guess: C
- Atomic number: 6
- Source file: oplsaa.lt


Atom Type Data:
- Atom index: 139
- Force field raw info: C  - CT   | C all-atom C: alkanes
- Partial charge: 0.0
- Atomic mass: 12.011
- Element guess: C
- Atomic number: 6
- Source file: oplsaa.lt


Atom Type Data:
- Atom index: 141
- Force field raw info: C  - CM   | alkene C (R2-C=) all atom
- Partial charge: 0.0
- Atomic mass: 12.011
- Element guess: C
- Atomic number: 6
- Source file: oplsaa.lt


Atom Type Data:
- Atom index: 142
- Force field raw info: C  - CM   | alkene C (RH-C=) all atom
- Partial charge: -0.115
- Atomic mass: 12.011
- Element guess: C
- Atomic number: 6
- Source file: oplsaa.lt


Atom Type Data:
- Atom index: 143
- Force field raw info: C  - CM   | alkene C (H2-C=) all atom
- Partial charge: -0.23
- Atomic mass: 12.011
- Element guess: C
- Atomic number: 6
- Source file: oplsaa.lt


Atom Type Data:
- Atom index: 145
- Force field raw info: C  - CA   | Benzene C - 12 site OPLS/2020
- Partial charge: -0.115
- Atomic mass: 12.011
- Element guess: C
- Atomic number: 6
- Source file: oplsaa.lt


Atom Type Data:
- Atom index: 147
- Force field raw info: C  - CB   | Naphthalene fusion C (C9)
- Partial charge: 0.0
- Atomic mass: 12.011
- Element guess: C
- Atomic number: 6
- Source file: oplsaa.lt


Atom Type Data:
- Atom index: 148
- Force field raw info: C  - CT   | all-atom C: CH3, toluene
- Partial charge: -0.065
- Atomic mass: 12.011
- Element guess: C
- Atomic number: 6
- Source file: oplsaa.lt


Atom Type Data:
- Atom index: 149
- Force field raw info: C  - CT   | all-atom C: CH2, ethyl benzene
- Partial charge: -0.005
- Atomic mass: 12.011
- Element guess: C
- Atomic number: 6
- Source file: oplsaa.lt


Atom Type Data:
- Atom index: 150
- Force field raw info: C  - C=   | diene =CH-CH=; see 178 also
- Partial charge: -0.115
- Atomic mass: 12.011
- Element guess: C
- Atomic number: 6
- Source file: oplsaa.lt


Atom Type Data:
- Atom index: 152
- Force field raw info: C  - CT   | RCH2Cl "" ""
- Partial charge: -0.006
- Atomic mass: 12.011
- Element guess: C
- Atomic number: 6
- Source file: oplsaa.lt


Atom Type Data:
- Atom index: 157
- Force field raw info: C  - CT   | all-atom C: CH3 & CH2, prim. alcohols
- Partial charge: 0.145
- Atomic mass: 12.011
- Element guess: C
- Atomic number: 6
- Source file: oplsaa.lt


Atom Type Data:
- Atom index: 158
- Force field raw info: C  - CT   | all-atom C: CH, sec. alcohols
- Partial charge: 0.205
- Atomic mass: 12.011
- Element guess: C
- Atomic number: 6
- Source file: oplsaa.lt


Atom Type Data:
- Atom index: 159
- Force field raw info: C  - CT   | all-atom C: C, tert. alcohols OPLS/2020
- Partial charge: 0.232
- Atomic mass: 12.011
- Element guess: C
- Atomic number: 6
- Source file: oplsaa.lt
","[
  {
    ""atom_type"": 126,
    ""element"": ""C"",
    ""chemical_environment"": ""Methyl carbon alpha to sulfoxide sulfur in DMSO"",
    ""functional_group"": ""sulfoxide (alkyl–S(=O)–alkyl)"",
    ""hybridization"": ""sp3"",
    ""example_molecule_smiles"": ""CS(=O)C"",
    ""group_smarts"": ""[#6X4]-[#16X3](=O)([#6])[#6]"",
    ""atom_specific_smarts"": ""[CH3]-[#16X3](=O)([#6])[#6]"",
    ""description"": ""The CH3 attached directly to a sulfoxide S that bears a single S=O and two C–S single bonds (as in DMSO). Nearest neighbor: sulfoxide S(=O)."",
    ""uncertainty"": ""20""
  },
  {
    ""atom_type"": 131,
    ""element"": ""C"",
    ""chemical_environment"": ""Amide carbonyl carbon in formamide/DMF (formyl amide C=O)"",
    ""functional_group"": ""amide (formamide-type)"",
    ""hybridization"": ""sp2"",
    ""example_molecule_smiles"": ""CN(C)C=O"",
    ""group_smarts"": ""[#6X3](=O)-[#7X3]"",
    ""atom_specific_smarts"": ""[CHX3](=O)-[#7X3]"",
    ""description"": ""The carbonyl carbon of a formyl amide (C(=O)–N) bearing one hydrogen on the carbonyl carbon; as in formamide/DMF. Nearest neighbors: O (double bond) and amide N."",
    ""uncertainty"": ""15""
  },
  {
    ""atom_type"": 132,
    ""element"": ""C"",
    ""chemical_environment"": ""N-methyl carbon in DMF (methyl attached to amide nitrogen)"",
    ""functional_group"": ""tertiary amide (N-alkyl)"",
    ""hybridization"": ""sp3"",
    ""example_molecule_smiles"": ""CN(C)C=O"",
    ""group_smarts"": ""[#6X4]-[#7X3]-[#6X3](=O)[H,#6]"",
    ""atom_specific_smarts"": ""[CH3]-[#7X3]-[#6X3](=O)[H]"",
    ""description"": ""A methyl carbon directly bonded to an amide nitrogen that is attached to a formyl carbonyl (as in DMF). Nearest neighbor: amide N."",
    ""uncertainty"": ""20""
  },
  {
    ""atom_type"": 135,
    ""element"": ""C"",
    ""chemical_environment"": ""Primary alkyl methyl carbon in alkanes"",
    ""functional_group"": ""alkane"",
    ""hybridization"": ""sp3"",
    ""example_molecule_smiles"": ""CCC"",
    ""group_smarts"": ""[CH3]-[#6X4]"",
    ""atom_specific_smarts"": ""[CH3]-[#6X4]"",
    ""description"": ""Terminal methyl carbon attached to another sp3 carbon in a saturated hydrocarbon. Nearest neighbor: sp3 C."",
    ""uncertainty"": ""5""
  },
  {
    ""atom_type"": 136,
    ""element"": ""C"",
    ""chemical_environment"": ""Secondary alkyl methylene carbon in alkanes"",
    ""functional_group"": ""alkane"",
    ""hybridization"": ""sp3"",
    ""example_molecule_smiles"": ""CCC"",
    ""group_smarts"": ""[CH2](-[#6X4])-[#6X4]"",
    ""atom_specific_smarts"": ""[CH2](-[#6X4])-[#6X4]"",
    ""description"": ""Methylene carbon bonded to two sp3 carbons in a saturated hydrocarbon chain. Nearest neighbors: two sp3 C atoms."",
    ""uncertainty"": ""5""
  },
  {
    ""atom_type"": 137,
    ""element"": ""C"",
    ""chemical_environment"": ""Tertiary alkyl methine carbon (CH) in alkanes"",
    ""functional_group"": ""alkane"",
    ""hybridization"": ""sp3"",
    ""example_molecule_smiles"": ""CC(C)CC"",
    ""group_smarts"": ""[CH](-[#6X4])(-[#6X4])-[#6X4]"",
    ""atom_specific_smarts"": ""[CH](-[#6X4])(-[#6X4])-[#6X4]"",
    ""description"": ""Tertiary methine carbon attached to three sp3 carbons and one hydrogen in a saturated hydrocarbon. Nearest neighbors: three sp3 C atoms."",
    ""uncertainty"": ""5""
  },
  {
    ""atom_type"": 138,
    ""element"": ""C"",
    ""chemical_environment"": ""Methane carbon (CH4)"",
    ""functional_group"": ""alkane"",
    ""hybridization"": ""sp3"",
    ""example_molecule_smiles"": ""C"",
    ""group_smarts"": ""[CH4]"",
    ""atom_specific_smarts"": ""[CH4]"",
    ""description"": ""Carbon in methane bearing four hydrogens."",
    ""uncertainty"": ""5""
  },
  {
    ""atom_type"": 139,
    ""element"": ""C"",
    ""chemical_environment"": ""Quaternary alkyl carbon (no hydrogens) in alkanes"",
    ""functional_group"": ""alkane"",
    ""hybridization"": ""sp3"",
    ""example_molecule_smiles"": ""CC(C)(C)C"",
    ""group_smarts"": ""[C](-[#6X4])(-[#6X4])(-[#6X4])-[#6X4]"",
    ""atom_specific_smarts"": ""[C](-[#6X4])(-[#6X4])(-[#6X4])-[#6X4]"",
    ""description"": ""Aliphatic quaternary sp3 carbon bonded to four sp3 carbons (no hydrogens). Nearest neighbors: four sp3 C atoms."",
    ""uncertainty"": ""10""
  },
  {
    ""atom_type"": 141,
    ""element"": ""C"",
    ""chemical_environment"": ""Disubstituted alkene carbon (R2C=)"",
    ""functional_group"": ""alkene"",
    ""hybridization"": ""sp2"",
    ""example_molecule_smiles"": ""C=C(C)C"",
    ""group_smarts"": ""[#6X3H0]([#6])([#6])=[#6X3]"",
    ""atom_specific_smarts"": ""[C;X3;H0]([#6])([#6])=[C;X3]"",
    ""description"": ""Vinylic sp2 carbon in an alkene bearing two carbon substituents (no vinylic hydrogens). Nearest neighbors: two C (single-bond) and one vinylic C (double-bond)."",
    ""uncertainty"": ""10""
  },
  {
    ""atom_type"": 142,
    ""element"": ""C"",
    ""chemical_environment"": ""Monosubstituted alkene carbon (RH–C=), vinylic CH"",
    ""functional_group"": ""alkene"",
    ""hybridization"": ""sp2"",
    ""example_molecule_smiles"": ""C=CC"",
    ""group_smarts"": ""[CHX3]([#6])=[#6X3]"",
    ""atom_specific_smarts"": ""[CHX3]([#6])=[C;X3]"",
    ""description"": ""Vinylic sp2 carbon in an alkene with one hydrogen and one carbon substituent. Nearest neighbors: one H, one C (single-bond), one vinylic C (double-bond)."",
    ""uncertainty"": ""10""
  },
  {
    ""atom_type"": 143,
    ""element"": ""C"",
    ""chemical_environment"": ""Terminal alkene carbon (H2C=), vinylic CH2"",
    ""functional_group"": ""alkene"",
    ""hybridization"": ""sp2"",
    ""example_molecule_smiles"": ""C=C"",
    ""group_smarts"": ""[CH2X3]=[#6X3]"",
    ""atom_specific_smarts"": ""[CH2X3]=[C;X3]"",
    ""description"": ""Vinylic sp2 methylene carbon at the terminal position of an alkene. Nearest neighbors: two H and one vinylic C (double-bond)."",
    ""uncertainty"": ""10""
  },
  {
    ""atom_type"": 145,
    ""element"": ""C"",
    ""chemical_environment"": ""Aromatic carbon in benzene ring"",
    ""functional_group"": ""benzene (aromatic)"",
    ""hybridization"": ""aromatic sp2"",
    ""example_molecule_smiles"": ""c1ccccc1"",
    ""group_smarts"": ""c1ccccc1"",
    ""atom_specific_smarts"": ""[c;r6]"",
    ""description"": ""An sp2 aromatic carbon belonging to a six-membered benzene ring. Nearest neighbors: two aromatic carbons."",
    ""uncertainty"": ""10""
  },
  {
    ""atom_type"": 147,
    ""element"": ""C"",
    ""chemical_environment"": ""Naphthalene ring-junction (fusion) aromatic carbon (C9-type)"",
    ""functional_group"": ""polycyclic aromatic (naphthalene fusion)"",
    ""hybridization"": ""aromatic sp2"",
    ""example_molecule_smiles"": ""c1ccc2ccccc2c1"",
    ""group_smarts"": ""[c;R2;r6]"",
    ""atom_specific_smarts"": ""[c;R2;r6]"",
    ""description"": ""Aromatic carbon located at the fusion junction of two rings (member of two rings) as in naphthalene. Nearest neighbors: three aromatic carbons."",
    ""uncertainty"": ""25""
  },
  {
    ""atom_type"": 148,
    ""element"": ""C"",
    ""chemical_environment"": ""Benzylic methyl carbon in toluene"",
    ""functional_group"": ""benzyl (aryl–CH3)"",
    ""hybridization"": ""sp3"",
    ""example_molecule_smiles"": ""Cc1ccccc1"",
    ""group_smarts"": ""[CH3]-[c]"",
    ""atom_specific_smarts"": ""[CH3]-[c]"",
    ""description"": ""Methyl carbon directly bonded to an aromatic ring carbon (toluene-like). Nearest neighbor: aromatic C."",
    ""uncertainty"": ""10""
  },
  {
    ""atom_type"": 149,
    ""element"": ""C"",
    ""chemical_environment"": ""Benzylic methylene carbon in ethylbenzene"",
    ""functional_group"": ""benzyl (aryl–CH2–R)"",
    ""hybridization"": ""sp3"",
    ""example_molecule_smiles"": ""CCc1ccccc1"",
    ""group_smarts"": ""[CH2](-[c])-[#6X4]"",
    ""atom_specific_smarts"": ""[CH2](-[c])-[#6X4]"",
    ""description"": ""Methylene carbon alpha to an aromatic ring and bonded to another sp3 carbon (ethylbenzene-like). Nearest neighbors: aromatic C and sp3 C."",
    ""uncertainty"": ""10""
  },
  {
    ""atom_type"": 150,
    ""element"": ""C"",
    ""chemical_environment"": ""Internal vinylic CH in a conjugated 1,3-diene motif (=CH–CH=)"",
    ""functional_group"": ""conjugated diene (1,3-diene)"",
    ""hybridization"": ""sp2"",
    ""example_molecule_smiles"": ""C=CC=C"",
    ""group_smarts"": ""[#6X3]=[#6X3]-[#6X3]=[#6X3]"",
    ""atom_specific_smarts"": ""[CHX3](=[#6X3])-[#6X3]=[#6X3]"",
    ""description"": ""One of the central vinylic CH carbons in a 1,3-diene (C=C–C=C) where the atom is single-bonded to an sp2 carbon and double-bonded to another sp2 carbon."",
    ""uncertainty"": ""25""
  },
  {
    ""atom_type"": 152,
    ""element"": ""C"",
    ""chemical_environment"": ""Primary alkyl chloride methylene carbon (RCH2Cl)"",
    ""functional_group"": ""alkyl chloride"",
    ""hybridization"": ""sp3"",
    ""example_molecule_smiles"": ""CCCl"",
    ""group_smarts"": ""[CH2]-[Cl]"",
    ""atom_specific_smarts"": ""[CH2]-[Cl]"",
    ""description"": ""Methylene carbon directly bonded to chlorine and to one sp3 carbon (primary chloride). Nearest neighbors: Cl and sp3 C."",
    ""uncertainty"": ""10""
  },
  {
    ""atom_type"": 157,
    ""element"": ""C"",
    ""chemical_environment"": ""Alpha carbon to OH in primary alcohols (CH3 or CH2 attached to –OH)"",
    ""functional_group"": ""primary alcohol"",
    ""hybridization"": ""sp3"",
    ""example_molecule_smiles"": ""CCO"",
    ""group_smarts"": ""[#6X4H3,#6X4H2]-[OX2H]"",
    ""atom_specific_smarts"": ""[CH3,CH2]-[OX2H]"",
    ""description"": ""Carbon directly bonded to a hydroxyl oxygen bearing a hydrogen (primary alcohol). Nearest neighbor: hydroxyl O–H."",
    ""uncertainty"": ""10""
  },
  {
    ""atom_type"": 158,
    ""element"": ""C"",
    ""chemical_environment"": ""Alpha carbon to OH in secondary alcohols (R2CHOH, vinylic center is CH)"",
    ""functional_group"": ""secondary alcohol"",
    ""hybridization"": ""sp3"",
    ""example_molecule_smiles"": ""CC(O)C"",
    ""group_smarts"": ""[CH](-[#6X4])(-[#6X4])-[OX2H]"",
    ""atom_specific_smarts"": ""[CH](-[#6X4])(-[#6X4])-[OX2H]"",
    ""description"": ""Secondary alcohol center carbon (CH) attached to two carbons and a hydroxyl group. Nearest neighbor: hydroxyl O–H."",
    ""uncertainty"": ""10""
  },
  {
    ""atom_type"": 159,
    ""element"": ""C"",
    ""chemical_environment"": ""Alpha carbon to OH in tertiary alcohols (R3COH, quaternary C)"",
    ""functional_group"": ""tertiary alcohol"",
    ""hybridization"": ""sp3"",
    ""example_molecule_smiles"": ""CC(C)(C)O"",
    ""group_smarts"": ""[C](-[#6X4])(-[#6X4])(-[#6X4])-[OX2H]"",
    ""atom_specific_smarts"": ""[C](-[#6X4])(-[#6X4])(-[#6X4])-[OX2H]"",
    ""description"": ""Tertiary alcohol center carbon (no hydrogens) attached to three carbons and a hydroxyl group. Nearest neighbor: hydroxyl O–H."",
    ""uncertainty"": ""10""
  }
]"
131,0.5,"C  - C~   | C in C=O for UA formamide, DMF.",12.011,oplsaa.lt,C,6,"Convert the following OPLS-AA atom type rows:

Atom Type Data:
- Atom index: 126
- Force field raw info: C  - C3   | DMSO
- Partial charge: 0.16
- Atomic mass: 12.011
- Element guess: C
- Atomic number: 6
- Source file: oplsaa.lt


Atom Type Data:
- Atom index: 131
- Force field raw info: C  - C~   | C in C=O for UA formamide, DMF.
- Partial charge: 0.5
- Atomic mass: 12.011
- Element guess: C
- Atomic number: 6
- Source file: oplsaa.lt


Atom Type Data:
- Atom index: 132
- Force field raw info: C  - C3   | CH3 in HCON(CH3)2 DMF
- Partial charge: 0.285
- Atomic mass: 12.011
- Element guess: C
- Atomic number: 6
- Source file: oplsaa.lt


Atom Type Data:
- Atom index: 135
- Force field raw info: C  - CT   | CH3 all-atom C: alkanes
- Partial charge: -0.18
- Atomic mass: 12.011
- Element guess: C
- Atomic number: 6
- Source file: oplsaa.lt


Atom Type Data:
- Atom index: 136
- Force field raw info: C  - CT   | CH2 all-atom C: alkanes
- Partial charge: -0.12
- Atomic mass: 12.011
- Element guess: C
- Atomic number: 6
- Source file: oplsaa.lt


Atom Type Data:
- Atom index: 137
- Force field raw info: C  - CT   | CH all-atom C: alkanes
- Partial charge: -0.06
- Atomic mass: 12.011
- Element guess: C
- Atomic number: 6
- Source file: oplsaa.lt


Atom Type Data:
- Atom index: 138
- Force field raw info: C  - CT   | CH4 all-atom C: methane mod 1/2020
- Partial charge: -0.24
- Atomic mass: 12.011
- Element guess: C
- Atomic number: 6
- Source file: oplsaa.lt


Atom Type Data:
- Atom index: 139
- Force field raw info: C  - CT   | C all-atom C: alkanes
- Partial charge: 0.0
- Atomic mass: 12.011
- Element guess: C
- Atomic number: 6
- Source file: oplsaa.lt


Atom Type Data:
- Atom index: 141
- Force field raw info: C  - CM   | alkene C (R2-C=) all atom
- Partial charge: 0.0
- Atomic mass: 12.011
- Element guess: C
- Atomic number: 6
- Source file: oplsaa.lt


Atom Type Data:
- Atom index: 142
- Force field raw info: C  - CM   | alkene C (RH-C=) all atom
- Partial charge: -0.115
- Atomic mass: 12.011
- Element guess: C
- Atomic number: 6
- Source file: oplsaa.lt


Atom Type Data:
- Atom index: 143
- Force field raw info: C  - CM   | alkene C (H2-C=) all atom
- Partial charge: -0.23
- Atomic mass: 12.011
- Element guess: C
- Atomic number: 6
- Source file: oplsaa.lt


Atom Type Data:
- Atom index: 145
- Force field raw info: C  - CA   | Benzene C - 12 site OPLS/2020
- Partial charge: -0.115
- Atomic mass: 12.011
- Element guess: C
- Atomic number: 6
- Source file: oplsaa.lt


Atom Type Data:
- Atom index: 147
- Force field raw info: C  - CB   | Naphthalene fusion C (C9)
- Partial charge: 0.0
- Atomic mass: 12.011
- Element guess: C
- Atomic number: 6
- Source file: oplsaa.lt


Atom Type Data:
- Atom index: 148
- Force field raw info: C  - CT   | all-atom C: CH3, toluene
- Partial charge: -0.065
- Atomic mass: 12.011
- Element guess: C
- Atomic number: 6
- Source file: oplsaa.lt


Atom Type Data:
- Atom index: 149
- Force field raw info: C  - CT   | all-atom C: CH2, ethyl benzene
- Partial charge: -0.005
- Atomic mass: 12.011
- Element guess: C
- Atomic number: 6
- Source file: oplsaa.lt


Atom Type Data:
- Atom index: 150
- Force field raw info: C  - C=   | diene =CH-CH=; see 178 also
- Partial charge: -0.115
- Atomic mass: 12.011
- Element guess: C
- Atomic number: 6
- Source file: oplsaa.lt


Atom Type Data:
- Atom index: 152
- Force field raw info: C  - CT   | RCH2Cl "" ""
- Partial charge: -0.006
- Atomic mass: 12.011
- Element guess: C
- Atomic number: 6
- Source file: oplsaa.lt


Atom Type Data:
- Atom index: 157
- Force field raw info: C  - CT   | all-atom C: CH3 & CH2, prim. alcohols
- Partial charge: 0.145
- Atomic mass: 12.011
- Element guess: C
- Atomic number: 6
- Source file: oplsaa.lt


Atom Type Data:
- Atom index: 158
- Force field raw info: C  - CT   | all-atom C: CH, sec. alcohols
- Partial charge: 0.205
- Atomic mass: 12.011
- Element guess: C
- Atomic number: 6
- Source file: oplsaa.lt


Atom Type Data:
- Atom index: 159
- Force field raw info: C  - CT   | all-atom C: C, tert. alcohols OPLS/2020
- Partial charge: 0.232
- Atomic mass: 12.011
- Element guess: C
- Atomic number: 6
- Source file: oplsaa.lt
","[
  {
    ""atom_type"": 126,
    ""element"": ""C"",
    ""chemical_environment"": ""Methyl carbon alpha to sulfoxide sulfur in DMSO"",
    ""functional_group"": ""sulfoxide (alkyl–S(=O)–alkyl)"",
    ""hybridization"": ""sp3"",
    ""example_molecule_smiles"": ""CS(=O)C"",
    ""group_smarts"": ""[#6X4]-[#16X3](=O)([#6])[#6]"",
    ""atom_specific_smarts"": ""[CH3]-[#16X3](=O)([#6])[#6]"",
    ""description"": ""The CH3 attached directly to a sulfoxide S that bears a single S=O and two C–S single bonds (as in DMSO). Nearest neighbor: sulfoxide S(=O)."",
    ""uncertainty"": ""20""
  },
  {
    ""atom_type"": 131,
    ""element"": ""C"",
    ""chemical_environment"": ""Amide carbonyl carbon in formamide/DMF (formyl amide C=O)"",
    ""functional_group"": ""amide (formamide-type)"",
    ""hybridization"": ""sp2"",
    ""example_molecule_smiles"": ""CN(C)C=O"",
    ""group_smarts"": ""[#6X3](=O)-[#7X3]"",
    ""atom_specific_smarts"": ""[CHX3](=O)-[#7X3]"",
    ""description"": ""The carbonyl carbon of a formyl amide (C(=O)–N) bearing one hydrogen on the carbonyl carbon; as in formamide/DMF. Nearest neighbors: O (double bond) and amide N."",
    ""uncertainty"": ""15""
  },
  {
    ""atom_type"": 132,
    ""element"": ""C"",
    ""chemical_environment"": ""N-methyl carbon in DMF (methyl attached to amide nitrogen)"",
    ""functional_group"": ""tertiary amide (N-alkyl)"",
    ""hybridization"": ""sp3"",
    ""example_molecule_smiles"": ""CN(C)C=O"",
    ""group_smarts"": ""[#6X4]-[#7X3]-[#6X3](=O)[H,#6]"",
    ""atom_specific_smarts"": ""[CH3]-[#7X3]-[#6X3](=O)[H]"",
    ""description"": ""A methyl carbon directly bonded to an amide nitrogen that is attached to a formyl carbonyl (as in DMF). Nearest neighbor: amide N."",
    ""uncertainty"": ""20""
  },
  {
    ""atom_type"": 135,
    ""element"": ""C"",
    ""chemical_environment"": ""Primary alkyl methyl carbon in alkanes"",
    ""functional_group"": ""alkane"",
    ""hybridization"": ""sp3"",
    ""example_molecule_smiles"": ""CCC"",
    ""group_smarts"": ""[CH3]-[#6X4]"",
    ""atom_specific_smarts"": ""[CH3]-[#6X4]"",
    ""description"": ""Terminal methyl carbon attached to another sp3 carbon in a saturated hydrocarbon. Nearest neighbor: sp3 C."",
    ""uncertainty"": ""5""
  },
  {
    ""atom_type"": 136,
    ""element"": ""C"",
    ""chemical_environment"": ""Secondary alkyl methylene carbon in alkanes"",
    ""functional_group"": ""alkane"",
    ""hybridization"": ""sp3"",
    ""example_molecule_smiles"": ""CCC"",
    ""group_smarts"": ""[CH2](-[#6X4])-[#6X4]"",
    ""atom_specific_smarts"": ""[CH2](-[#6X4])-[#6X4]"",
    ""description"": ""Methylene carbon bonded to two sp3 carbons in a saturated hydrocarbon chain. Nearest neighbors: two sp3 C atoms."",
    ""uncertainty"": ""5""
  },
  {
    ""atom_type"": 137,
    ""element"": ""C"",
    ""chemical_environment"": ""Tertiary alkyl methine carbon (CH) in alkanes"",
    ""functional_group"": ""alkane"",
    ""hybridization"": ""sp3"",
    ""example_molecule_smiles"": ""CC(C)CC"",
    ""group_smarts"": ""[CH](-[#6X4])(-[#6X4])-[#6X4]"",
    ""atom_specific_smarts"": ""[CH](-[#6X4])(-[#6X4])-[#6X4]"",
    ""description"": ""Tertiary methine carbon attached to three sp3 carbons and one hydrogen in a saturated hydrocarbon. Nearest neighbors: three sp3 C atoms."",
    ""uncertainty"": ""5""
  },
  {
    ""atom_type"": 138,
    ""element"": ""C"",
    ""chemical_environment"": ""Methane carbon (CH4)"",
    ""functional_group"": ""alkane"",
    ""hybridization"": ""sp3"",
    ""example_molecule_smiles"": ""C"",
    ""group_smarts"": ""[CH4]"",
    ""atom_specific_smarts"": ""[CH4]"",
    ""description"": ""Carbon in methane bearing four hydrogens."",
    ""uncertainty"": ""5""
  },
  {
    ""atom_type"": 139,
    ""element"": ""C"",
    ""chemical_environment"": ""Quaternary alkyl carbon (no hydrogens) in alkanes"",
    ""functional_group"": ""alkane"",
    ""hybridization"": ""sp3"",
    ""example_molecule_smiles"": ""CC(C)(C)C"",
    ""group_smarts"": ""[C](-[#6X4])(-[#6X4])(-[#6X4])-[#6X4]"",
    ""atom_specific_smarts"": ""[C](-[#6X4])(-[#6X4])(-[#6X4])-[#6X4]"",
    ""description"": ""Aliphatic quaternary sp3 carbon bonded to four sp3 carbons (no hydrogens). Nearest neighbors: four sp3 C atoms."",
    ""uncertainty"": ""10""
  },
  {
    ""atom_type"": 141,
    ""element"": ""C"",
    ""chemical_environment"": ""Disubstituted alkene carbon (R2C=)"",
    ""functional_group"": ""alkene"",
    ""hybridization"": ""sp2"",
    ""example_molecule_smiles"": ""C=C(C)C"",
    ""group_smarts"": ""[#6X3H0]([#6])([#6])=[#6X3]"",
    ""atom_specific_smarts"": ""[C;X3;H0]([#6])([#6])=[C;X3]"",
    ""description"": ""Vinylic sp2 carbon in an alkene bearing two carbon substituents (no vinylic hydrogens). Nearest neighbors: two C (single-bond) and one vinylic C (double-bond)."",
    ""uncertainty"": ""10""
  },
  {
    ""atom_type"": 142,
    ""element"": ""C"",
    ""chemical_environment"": ""Monosubstituted alkene carbon (RH–C=), vinylic CH"",
    ""functional_group"": ""alkene"",
    ""hybridization"": ""sp2"",
    ""example_molecule_smiles"": ""C=CC"",
    ""group_smarts"": ""[CHX3]([#6])=[#6X3]"",
    ""atom_specific_smarts"": ""[CHX3]([#6])=[C;X3]"",
    ""description"": ""Vinylic sp2 carbon in an alkene with one hydrogen and one carbon substituent. Nearest neighbors: one H, one C (single-bond), one vinylic C (double-bond)."",
    ""uncertainty"": ""10""
  },
  {
    ""atom_type"": 143,
    ""element"": ""C"",
    ""chemical_environment"": ""Terminal alkene carbon (H2C=), vinylic CH2"",
    ""functional_group"": ""alkene"",
    ""hybridization"": ""sp2"",
    ""example_molecule_smiles"": ""C=C"",
    ""group_smarts"": ""[CH2X3]=[#6X3]"",
    ""atom_specific_smarts"": ""[CH2X3]=[C;X3]"",
    ""description"": ""Vinylic sp2 methylene carbon at the terminal position of an alkene. Nearest neighbors: two H and one vinylic C (double-bond)."",
    ""uncertainty"": ""10""
  },
  {
    ""atom_type"": 145,
    ""element"": ""C"",
    ""chemical_environment"": ""Aromatic carbon in benzene ring"",
    ""functional_group"": ""benzene (aromatic)"",
    ""hybridization"": ""aromatic sp2"",
    ""example_molecule_smiles"": ""c1ccccc1"",
    ""group_smarts"": ""c1ccccc1"",
    ""atom_specific_smarts"": ""[c;r6]"",
    ""description"": ""An sp2 aromatic carbon belonging to a six-membered benzene ring. Nearest neighbors: two aromatic carbons."",
    ""uncertainty"": ""10""
  },
  {
    ""atom_type"": 147,
    ""element"": ""C"",
    ""chemical_environment"": ""Naphthalene ring-junction (fusion) aromatic carbon (C9-type)"",
    ""functional_group"": ""polycyclic aromatic (naphthalene fusion)"",
    ""hybridization"": ""aromatic sp2"",
    ""example_molecule_smiles"": ""c1ccc2ccccc2c1"",
    ""group_smarts"": ""[c;R2;r6]"",
    ""atom_specific_smarts"": ""[c;R2;r6]"",
    ""description"": ""Aromatic carbon located at the fusion junction of two rings (member of two rings) as in naphthalene. Nearest neighbors: three aromatic carbons."",
    ""uncertainty"": ""25""
  },
  {
    ""atom_type"": 148,
    ""element"": ""C"",
    ""chemical_environment"": ""Benzylic methyl carbon in toluene"",
    ""functional_group"": ""benzyl (aryl–CH3)"",
    ""hybridization"": ""sp3"",
    ""example_molecule_smiles"": ""Cc1ccccc1"",
    ""group_smarts"": ""[CH3]-[c]"",
    ""atom_specific_smarts"": ""[CH3]-[c]"",
    ""description"": ""Methyl carbon directly bonded to an aromatic ring carbon (toluene-like). Nearest neighbor: aromatic C."",
    ""uncertainty"": ""10""
  },
  {
    ""atom_type"": 149,
    ""element"": ""C"",
    ""chemical_environment"": ""Benzylic methylene carbon in ethylbenzene"",
    ""functional_group"": ""benzyl (aryl–CH2–R)"",
    ""hybridization"": ""sp3"",
    ""example_molecule_smiles"": ""CCc1ccccc1"",
    ""group_smarts"": ""[CH2](-[c])-[#6X4]"",
    ""atom_specific_smarts"": ""[CH2](-[c])-[#6X4]"",
    ""description"": ""Methylene carbon alpha to an aromatic ring and bonded to another sp3 carbon (ethylbenzene-like). Nearest neighbors: aromatic C and sp3 C."",
    ""uncertainty"": ""10""
  },
  {
    ""atom_type"": 150,
    ""element"": ""C"",
    ""chemical_environment"": ""Internal vinylic CH in a conjugated 1,3-diene motif (=CH–CH=)"",
    ""functional_group"": ""conjugated diene (1,3-diene)"",
    ""hybridization"": ""sp2"",
    ""example_molecule_smiles"": ""C=CC=C"",
    ""group_smarts"": ""[#6X3]=[#6X3]-[#6X3]=[#6X3]"",
    ""atom_specific_smarts"": ""[CHX3](=[#6X3])-[#6X3]=[#6X3]"",
    ""description"": ""One of the central vinylic CH carbons in a 1,3-diene (C=C–C=C) where the atom is single-bonded to an sp2 carbon and double-bonded to another sp2 carbon."",
    ""uncertainty"": ""25""
  },
  {
    ""atom_type"": 152,
    ""element"": ""C"",
    ""chemical_environment"": ""Primary alkyl chloride methylene carbon (RCH2Cl)"",
    ""functional_group"": ""alkyl chloride"",
    ""hybridization"": ""sp3"",
    ""example_molecule_smiles"": ""CCCl"",
    ""group_smarts"": ""[CH2]-[Cl]"",
    ""atom_specific_smarts"": ""[CH2]-[Cl]"",
    ""description"": ""Methylene carbon directly bonded to chlorine and to one sp3 carbon (primary chloride). Nearest neighbors: Cl and sp3 C."",
    ""uncertainty"": ""10""
  },
  {
    ""atom_type"": 157,
    ""element"": ""C"",
    ""chemical_environment"": ""Alpha carbon to OH in primary alcohols (CH3 or CH2 attached to –OH)"",
    ""functional_group"": ""primary alcohol"",
    ""hybridization"": ""sp3"",
    ""example_molecule_smiles"": ""CCO"",
    ""group_smarts"": ""[#6X4H3,#6X4H2]-[OX2H]"",
    ""atom_specific_smarts"": ""[CH3,CH2]-[OX2H]"",
    ""description"": ""Carbon directly bonded to a hydroxyl oxygen bearing a hydrogen (primary alcohol). Nearest neighbor: hydroxyl O–H."",
    ""uncertainty"": ""10""
  },
  {
    ""atom_type"": 158,
    ""element"": ""C"",
    ""chemical_environment"": ""Alpha carbon to OH in secondary alcohols (R2CHOH, vinylic center is CH)"",
    ""functional_group"": ""secondary alcohol"",
    ""hybridization"": ""sp3"",
    ""example_molecule_smiles"": ""CC(O)C"",
    ""group_smarts"": ""[CH](-[#6X4])(-[#6X4])-[OX2H]"",
    ""atom_specific_smarts"": ""[CH](-[#6X4])(-[#6X4])-[OX2H]"",
    ""description"": ""Secondary alcohol center carbon (CH) attached to two carbons and a hydroxyl group. Nearest neighbor: hydroxyl O–H."",
    ""uncertainty"": ""10""
  },
  {
    ""atom_type"": 159,
    ""element"": ""C"",
    ""chemical_environment"": ""Alpha carbon to OH in tertiary alcohols (R3COH, quaternary C)"",
    ""functional_group"": ""tertiary alcohol"",
    ""hybridization"": ""sp3"",
    ""example_molecule_smiles"": ""CC(C)(C)O"",
    ""group_smarts"": ""[C](-[#6X4])(-[#6X4])(-[#6X4])-[OX2H]"",
    ""atom_specific_smarts"": ""[C](-[#6X4])(-[#6X4])(-[#6X4])-[OX2H]"",
    ""description"": ""Tertiary alcohol center carbon (no hydrogens) attached to three carbons and a hydroxyl group. Nearest neighbor: hydroxyl O–H."",
    ""uncertainty"": ""10""
  }
]"
132,0.285,C  - C3   | CH3 in HCON(CH3)2 DMF,12.011,oplsaa.lt,C,6,"Convert the following OPLS-AA atom type rows:

Atom Type Data:
- Atom index: 126
- Force field raw info: C  - C3   | DMSO
- Partial charge: 0.16
- Atomic mass: 12.011
- Element guess: C
- Atomic number: 6
- Source file: oplsaa.lt


Atom Type Data:
- Atom index: 131
- Force field raw info: C  - C~   | C in C=O for UA formamide, DMF.
- Partial charge: 0.5
- Atomic mass: 12.011
- Element guess: C
- Atomic number: 6
- Source file: oplsaa.lt


Atom Type Data:
- Atom index: 132
- Force field raw info: C  - C3   | CH3 in HCON(CH3)2 DMF
- Partial charge: 0.285
- Atomic mass: 12.011
- Element guess: C
- Atomic number: 6
- Source file: oplsaa.lt


Atom Type Data:
- Atom index: 135
- Force field raw info: C  - CT   | CH3 all-atom C: alkanes
- Partial charge: -0.18
- Atomic mass: 12.011
- Element guess: C
- Atomic number: 6
- Source file: oplsaa.lt


Atom Type Data:
- Atom index: 136
- Force field raw info: C  - CT   | CH2 all-atom C: alkanes
- Partial charge: -0.12
- Atomic mass: 12.011
- Element guess: C
- Atomic number: 6
- Source file: oplsaa.lt


Atom Type Data:
- Atom index: 137
- Force field raw info: C  - CT   | CH all-atom C: alkanes
- Partial charge: -0.06
- Atomic mass: 12.011
- Element guess: C
- Atomic number: 6
- Source file: oplsaa.lt


Atom Type Data:
- Atom index: 138
- Force field raw info: C  - CT   | CH4 all-atom C: methane mod 1/2020
- Partial charge: -0.24
- Atomic mass: 12.011
- Element guess: C
- Atomic number: 6
- Source file: oplsaa.lt


Atom Type Data:
- Atom index: 139
- Force field raw info: C  - CT   | C all-atom C: alkanes
- Partial charge: 0.0
- Atomic mass: 12.011
- Element guess: C
- Atomic number: 6
- Source file: oplsaa.lt


Atom Type Data:
- Atom index: 141
- Force field raw info: C  - CM   | alkene C (R2-C=) all atom
- Partial charge: 0.0
- Atomic mass: 12.011
- Element guess: C
- Atomic number: 6
- Source file: oplsaa.lt


Atom Type Data:
- Atom index: 142
- Force field raw info: C  - CM   | alkene C (RH-C=) all atom
- Partial charge: -0.115
- Atomic mass: 12.011
- Element guess: C
- Atomic number: 6
- Source file: oplsaa.lt


Atom Type Data:
- Atom index: 143
- Force field raw info: C  - CM   | alkene C (H2-C=) all atom
- Partial charge: -0.23
- Atomic mass: 12.011
- Element guess: C
- Atomic number: 6
- Source file: oplsaa.lt


Atom Type Data:
- Atom index: 145
- Force field raw info: C  - CA   | Benzene C - 12 site OPLS/2020
- Partial charge: -0.115
- Atomic mass: 12.011
- Element guess: C
- Atomic number: 6
- Source file: oplsaa.lt


Atom Type Data:
- Atom index: 147
- Force field raw info: C  - CB   | Naphthalene fusion C (C9)
- Partial charge: 0.0
- Atomic mass: 12.011
- Element guess: C
- Atomic number: 6
- Source file: oplsaa.lt


Atom Type Data:
- Atom index: 148
- Force field raw info: C  - CT   | all-atom C: CH3, toluene
- Partial charge: -0.065
- Atomic mass: 12.011
- Element guess: C
- Atomic number: 6
- Source file: oplsaa.lt


Atom Type Data:
- Atom index: 149
- Force field raw info: C  - CT   | all-atom C: CH2, ethyl benzene
- Partial charge: -0.005
- Atomic mass: 12.011
- Element guess: C
- Atomic number: 6
- Source file: oplsaa.lt


Atom Type Data:
- Atom index: 150
- Force field raw info: C  - C=   | diene =CH-CH=; see 178 also
- Partial charge: -0.115
- Atomic mass: 12.011
- Element guess: C
- Atomic number: 6
- Source file: oplsaa.lt


Atom Type Data:
- Atom index: 152
- Force field raw info: C  - CT   | RCH2Cl "" ""
- Partial charge: -0.006
- Atomic mass: 12.011
- Element guess: C
- Atomic number: 6
- Source file: oplsaa.lt


Atom Type Data:
- Atom index: 157
- Force field raw info: C  - CT   | all-atom C: CH3 & CH2, prim. alcohols
- Partial charge: 0.145
- Atomic mass: 12.011
- Element guess: C
- Atomic number: 6
- Source file: oplsaa.lt


Atom Type Data:
- Atom index: 158
- Force field raw info: C  - CT   | all-atom C: CH, sec. alcohols
- Partial charge: 0.205
- Atomic mass: 12.011
- Element guess: C
- Atomic number: 6
- Source file: oplsaa.lt


Atom Type Data:
- Atom index: 159
- Force field raw info: C  - CT   | all-atom C: C, tert. alcohols OPLS/2020
- Partial charge: 0.232
- Atomic mass: 12.011
- Element guess: C
- Atomic number: 6
- Source file: oplsaa.lt
","[
  {
    ""atom_type"": 126,
    ""element"": ""C"",
    ""chemical_environment"": ""Methyl carbon alpha to sulfoxide sulfur in DMSO"",
    ""functional_group"": ""sulfoxide (alkyl–S(=O)–alkyl)"",
    ""hybridization"": ""sp3"",
    ""example_molecule_smiles"": ""CS(=O)C"",
    ""group_smarts"": ""[#6X4]-[#16X3](=O)([#6])[#6]"",
    ""atom_specific_smarts"": ""[CH3]-[#16X3](=O)([#6])[#6]"",
    ""description"": ""The CH3 attached directly to a sulfoxide S that bears a single S=O and two C–S single bonds (as in DMSO). Nearest neighbor: sulfoxide S(=O)."",
    ""uncertainty"": ""20""
  },
  {
    ""atom_type"": 131,
    ""element"": ""C"",
    ""chemical_environment"": ""Amide carbonyl carbon in formamide/DMF (formyl amide C=O)"",
    ""functional_group"": ""amide (formamide-type)"",
    ""hybridization"": ""sp2"",
    ""example_molecule_smiles"": ""CN(C)C=O"",
    ""group_smarts"": ""[#6X3](=O)-[#7X3]"",
    ""atom_specific_smarts"": ""[CHX3](=O)-[#7X3]"",
    ""description"": ""The carbonyl carbon of a formyl amide (C(=O)–N) bearing one hydrogen on the carbonyl carbon; as in formamide/DMF. Nearest neighbors: O (double bond) and amide N."",
    ""uncertainty"": ""15""
  },
  {
    ""atom_type"": 132,
    ""element"": ""C"",
    ""chemical_environment"": ""N-methyl carbon in DMF (methyl attached to amide nitrogen)"",
    ""functional_group"": ""tertiary amide (N-alkyl)"",
    ""hybridization"": ""sp3"",
    ""example_molecule_smiles"": ""CN(C)C=O"",
    ""group_smarts"": ""[#6X4]-[#7X3]-[#6X3](=O)[H,#6]"",
    ""atom_specific_smarts"": ""[CH3]-[#7X3]-[#6X3](=O)[H]"",
    ""description"": ""A methyl carbon directly bonded to an amide nitrogen that is attached to a formyl carbonyl (as in DMF). Nearest neighbor: amide N."",
    ""uncertainty"": ""20""
  },
  {
    ""atom_type"": 135,
    ""element"": ""C"",
    ""chemical_environment"": ""Primary alkyl methyl carbon in alkanes"",
    ""functional_group"": ""alkane"",
    ""hybridization"": ""sp3"",
    ""example_molecule_smiles"": ""CCC"",
    ""group_smarts"": ""[CH3]-[#6X4]"",
    ""atom_specific_smarts"": ""[CH3]-[#6X4]"",
    ""description"": ""Terminal methyl carbon attached to another sp3 carbon in a saturated hydrocarbon. Nearest neighbor: sp3 C."",
    ""uncertainty"": ""5""
  },
  {
    ""atom_type"": 136,
    ""element"": ""C"",
    ""chemical_environment"": ""Secondary alkyl methylene carbon in alkanes"",
    ""functional_group"": ""alkane"",
    ""hybridization"": ""sp3"",
    ""example_molecule_smiles"": ""CCC"",
    ""group_smarts"": ""[CH2](-[#6X4])-[#6X4]"",
    ""atom_specific_smarts"": ""[CH2](-[#6X4])-[#6X4]"",
    ""description"": ""Methylene carbon bonded to two sp3 carbons in a saturated hydrocarbon chain. Nearest neighbors: two sp3 C atoms."",
    ""uncertainty"": ""5""
  },
  {
    ""atom_type"": 137,
    ""element"": ""C"",
    ""chemical_environment"": ""Tertiary alkyl methine carbon (CH) in alkanes"",
    ""functional_group"": ""alkane"",
    ""hybridization"": ""sp3"",
    ""example_molecule_smiles"": ""CC(C)CC"",
    ""group_smarts"": ""[CH](-[#6X4])(-[#6X4])-[#6X4]"",
    ""atom_specific_smarts"": ""[CH](-[#6X4])(-[#6X4])-[#6X4]"",
    ""description"": ""Tertiary methine carbon attached to three sp3 carbons and one hydrogen in a saturated hydrocarbon. Nearest neighbors: three sp3 C atoms."",
    ""uncertainty"": ""5""
  },
  {
    ""atom_type"": 138,
    ""element"": ""C"",
    ""chemical_environment"": ""Methane carbon (CH4)"",
    ""functional_group"": ""alkane"",
    ""hybridization"": ""sp3"",
    ""example_molecule_smiles"": ""C"",
    ""group_smarts"": ""[CH4]"",
    ""atom_specific_smarts"": ""[CH4]"",
    ""description"": ""Carbon in methane bearing four hydrogens."",
    ""uncertainty"": ""5""
  },
  {
    ""atom_type"": 139,
    ""element"": ""C"",
    ""chemical_environment"": ""Quaternary alkyl carbon (no hydrogens) in alkanes"",
    ""functional_group"": ""alkane"",
    ""hybridization"": ""sp3"",
    ""example_molecule_smiles"": ""CC(C)(C)C"",
    ""group_smarts"": ""[C](-[#6X4])(-[#6X4])(-[#6X4])-[#6X4]"",
    ""atom_specific_smarts"": ""[C](-[#6X4])(-[#6X4])(-[#6X4])-[#6X4]"",
    ""description"": ""Aliphatic quaternary sp3 carbon bonded to four sp3 carbons (no hydrogens). Nearest neighbors: four sp3 C atoms."",
    ""uncertainty"": ""10""
  },
  {
    ""atom_type"": 141,
    ""element"": ""C"",
    ""chemical_environment"": ""Disubstituted alkene carbon (R2C=)"",
    ""functional_group"": ""alkene"",
    ""hybridization"": ""sp2"",
    ""example_molecule_smiles"": ""C=C(C)C"",
    ""group_smarts"": ""[#6X3H0]([#6])([#6])=[#6X3]"",
    ""atom_specific_smarts"": ""[C;X3;H0]([#6])([#6])=[C;X3]"",
    ""description"": ""Vinylic sp2 carbon in an alkene bearing two carbon substituents (no vinylic hydrogens). Nearest neighbors: two C (single-bond) and one vinylic C (double-bond)."",
    ""uncertainty"": ""10""
  },
  {
    ""atom_type"": 142,
    ""element"": ""C"",
    ""chemical_environment"": ""Monosubstituted alkene carbon (RH–C=), vinylic CH"",
    ""functional_group"": ""alkene"",
    ""hybridization"": ""sp2"",
    ""example_molecule_smiles"": ""C=CC"",
    ""group_smarts"": ""[CHX3]([#6])=[#6X3]"",
    ""atom_specific_smarts"": ""[CHX3]([#6])=[C;X3]"",
    ""description"": ""Vinylic sp2 carbon in an alkene with one hydrogen and one carbon substituent. Nearest neighbors: one H, one C (single-bond), one vinylic C (double-bond)."",
    ""uncertainty"": ""10""
  },
  {
    ""atom_type"": 143,
    ""element"": ""C"",
    ""chemical_environment"": ""Terminal alkene carbon (H2C=), vinylic CH2"",
    ""functional_group"": ""alkene"",
    ""hybridization"": ""sp2"",
    ""example_molecule_smiles"": ""C=C"",
    ""group_smarts"": ""[CH2X3]=[#6X3]"",
    ""atom_specific_smarts"": ""[CH2X3]=[C;X3]"",
    ""description"": ""Vinylic sp2 methylene carbon at the terminal position of an alkene. Nearest neighbors: two H and one vinylic C (double-bond)."",
    ""uncertainty"": ""10""
  },
  {
    ""atom_type"": 145,
    ""element"": ""C"",
    ""chemical_environment"": ""Aromatic carbon in benzene ring"",
    ""functional_group"": ""benzene (aromatic)"",
    ""hybridization"": ""aromatic sp2"",
    ""example_molecule_smiles"": ""c1ccccc1"",
    ""group_smarts"": ""c1ccccc1"",
    ""atom_specific_smarts"": ""[c;r6]"",
    ""description"": ""An sp2 aromatic carbon belonging to a six-membered benzene ring. Nearest neighbors: two aromatic carbons."",
    ""uncertainty"": ""10""
  },
  {
    ""atom_type"": 147,
    ""element"": ""C"",
    ""chemical_environment"": ""Naphthalene ring-junction (fusion) aromatic carbon (C9-type)"",
    ""functional_group"": ""polycyclic aromatic (naphthalene fusion)"",
    ""hybridization"": ""aromatic sp2"",
    ""example_molecule_smiles"": ""c1ccc2ccccc2c1"",
    ""group_smarts"": ""[c;R2;r6]"",
    ""atom_specific_smarts"": ""[c;R2;r6]"",
    ""description"": ""Aromatic carbon located at the fusion junction of two rings (member of two rings) as in naphthalene. Nearest neighbors: three aromatic carbons."",
    ""uncertainty"": ""25""
  },
  {
    ""atom_type"": 148,
    ""element"": ""C"",
    ""chemical_environment"": ""Benzylic methyl carbon in toluene"",
    ""functional_group"": ""benzyl (aryl–CH3)"",
    ""hybridization"": ""sp3"",
    ""example_molecule_smiles"": ""Cc1ccccc1"",
    ""group_smarts"": ""[CH3]-[c]"",
    ""atom_specific_smarts"": ""[CH3]-[c]"",
    ""description"": ""Methyl carbon directly bonded to an aromatic ring carbon (toluene-like). Nearest neighbor: aromatic C."",
    ""uncertainty"": ""10""
  },
  {
    ""atom_type"": 149,
    ""element"": ""C"",
    ""chemical_environment"": ""Benzylic methylene carbon in ethylbenzene"",
    ""functional_group"": ""benzyl (aryl–CH2–R)"",
    ""hybridization"": ""sp3"",
    ""example_molecule_smiles"": ""CCc1ccccc1"",
    ""group_smarts"": ""[CH2](-[c])-[#6X4]"",
    ""atom_specific_smarts"": ""[CH2](-[c])-[#6X4]"",
    ""description"": ""Methylene carbon alpha to an aromatic ring and bonded to another sp3 carbon (ethylbenzene-like). Nearest neighbors: aromatic C and sp3 C."",
    ""uncertainty"": ""10""
  },
  {
    ""atom_type"": 150,
    ""element"": ""C"",
    ""chemical_environment"": ""Internal vinylic CH in a conjugated 1,3-diene motif (=CH–CH=)"",
    ""functional_group"": ""conjugated diene (1,3-diene)"",
    ""hybridization"": ""sp2"",
    ""example_molecule_smiles"": ""C=CC=C"",
    ""group_smarts"": ""[#6X3]=[#6X3]-[#6X3]=[#6X3]"",
    ""atom_specific_smarts"": ""[CHX3](=[#6X3])-[#6X3]=[#6X3]"",
    ""description"": ""One of the central vinylic CH carbons in a 1,3-diene (C=C–C=C) where the atom is single-bonded to an sp2 carbon and double-bonded to another sp2 carbon."",
    ""uncertainty"": ""25""
  },
  {
    ""atom_type"": 152,
    ""element"": ""C"",
    ""chemical_environment"": ""Primary alkyl chloride methylene carbon (RCH2Cl)"",
    ""functional_group"": ""alkyl chloride"",
    ""hybridization"": ""sp3"",
    ""example_molecule_smiles"": ""CCCl"",
    ""group_smarts"": ""[CH2]-[Cl]"",
    ""atom_specific_smarts"": ""[CH2]-[Cl]"",
    ""description"": ""Methylene carbon directly bonded to chlorine and to one sp3 carbon (primary chloride). Nearest neighbors: Cl and sp3 C."",
    ""uncertainty"": ""10""
  },
  {
    ""atom_type"": 157,
    ""element"": ""C"",
    ""chemical_environment"": ""Alpha carbon to OH in primary alcohols (CH3 or CH2 attached to –OH)"",
    ""functional_group"": ""primary alcohol"",
    ""hybridization"": ""sp3"",
    ""example_molecule_smiles"": ""CCO"",
    ""group_smarts"": ""[#6X4H3,#6X4H2]-[OX2H]"",
    ""atom_specific_smarts"": ""[CH3,CH2]-[OX2H]"",
    ""description"": ""Carbon directly bonded to a hydroxyl oxygen bearing a hydrogen (primary alcohol). Nearest neighbor: hydroxyl O–H."",
    ""uncertainty"": ""10""
  },
  {
    ""atom_type"": 158,
    ""element"": ""C"",
    ""chemical_environment"": ""Alpha carbon to OH in secondary alcohols (R2CHOH, vinylic center is CH)"",
    ""functional_group"": ""secondary alcohol"",
    ""hybridization"": ""sp3"",
    ""example_molecule_smiles"": ""CC(O)C"",
    ""group_smarts"": ""[CH](-[#6X4])(-[#6X4])-[OX2H]"",
    ""atom_specific_smarts"": ""[CH](-[#6X4])(-[#6X4])-[OX2H]"",
    ""description"": ""Secondary alcohol center carbon (CH) attached to two carbons and a hydroxyl group. Nearest neighbor: hydroxyl O–H."",
    ""uncertainty"": ""10""
  },
  {
    ""atom_type"": 159,
    ""element"": ""C"",
    ""chemical_environment"": ""Alpha carbon to OH in tertiary alcohols (R3COH, quaternary C)"",
    ""functional_group"": ""tertiary alcohol"",
    ""hybridization"": ""sp3"",
    ""example_molecule_smiles"": ""CC(C)(C)O"",
    ""group_smarts"": ""[C](-[#6X4])(-[#6X4])(-[#6X4])-[OX2H]"",
    ""atom_specific_smarts"": ""[C](-[#6X4])(-[#6X4])(-[#6X4])-[OX2H]"",
    ""description"": ""Tertiary alcohol center carbon (no hydrogens) attached to three carbons and a hydroxyl group. Nearest neighbor: hydroxyl O–H."",
    ""uncertainty"": ""10""
  }
]"
135,-0.18,C  - CT   | CH3 all-atom C: alkanes,12.011,oplsaa.lt,C,6,"Convert the following OPLS-AA atom type rows:

Atom Type Data:
- Atom index: 126
- Force field raw info: C  - C3   | DMSO
- Partial charge: 0.16
- Atomic mass: 12.011
- Element guess: C
- Atomic number: 6
- Source file: oplsaa.lt


Atom Type Data:
- Atom index: 131
- Force field raw info: C  - C~   | C in C=O for UA formamide, DMF.
- Partial charge: 0.5
- Atomic mass: 12.011
- Element guess: C
- Atomic number: 6
- Source file: oplsaa.lt


Atom Type Data:
- Atom index: 132
- Force field raw info: C  - C3   | CH3 in HCON(CH3)2 DMF
- Partial charge: 0.285
- Atomic mass: 12.011
- Element guess: C
- Atomic number: 6
- Source file: oplsaa.lt


Atom Type Data:
- Atom index: 135
- Force field raw info: C  - CT   | CH3 all-atom C: alkanes
- Partial charge: -0.18
- Atomic mass: 12.011
- Element guess: C
- Atomic number: 6
- Source file: oplsaa.lt


Atom Type Data:
- Atom index: 136
- Force field raw info: C  - CT   | CH2 all-atom C: alkanes
- Partial charge: -0.12
- Atomic mass: 12.011
- Element guess: C
- Atomic number: 6
- Source file: oplsaa.lt


Atom Type Data:
- Atom index: 137
- Force field raw info: C  - CT   | CH all-atom C: alkanes
- Partial charge: -0.06
- Atomic mass: 12.011
- Element guess: C
- Atomic number: 6
- Source file: oplsaa.lt


Atom Type Data:
- Atom index: 138
- Force field raw info: C  - CT   | CH4 all-atom C: methane mod 1/2020
- Partial charge: -0.24
- Atomic mass: 12.011
- Element guess: C
- Atomic number: 6
- Source file: oplsaa.lt


Atom Type Data:
- Atom index: 139
- Force field raw info: C  - CT   | C all-atom C: alkanes
- Partial charge: 0.0
- Atomic mass: 12.011
- Element guess: C
- Atomic number: 6
- Source file: oplsaa.lt


Atom Type Data:
- Atom index: 141
- Force field raw info: C  - CM   | alkene C (R2-C=) all atom
- Partial charge: 0.0
- Atomic mass: 12.011
- Element guess: C
- Atomic number: 6
- Source file: oplsaa.lt


Atom Type Data:
- Atom index: 142
- Force field raw info: C  - CM   | alkene C (RH-C=) all atom
- Partial charge: -0.115
- Atomic mass: 12.011
- Element guess: C
- Atomic number: 6
- Source file: oplsaa.lt


Atom Type Data:
- Atom index: 143
- Force field raw info: C  - CM   | alkene C (H2-C=) all atom
- Partial charge: -0.23
- Atomic mass: 12.011
- Element guess: C
- Atomic number: 6
- Source file: oplsaa.lt


Atom Type Data:
- Atom index: 145
- Force field raw info: C  - CA   | Benzene C - 12 site OPLS/2020
- Partial charge: -0.115
- Atomic mass: 12.011
- Element guess: C
- Atomic number: 6
- Source file: oplsaa.lt


Atom Type Data:
- Atom index: 147
- Force field raw info: C  - CB   | Naphthalene fusion C (C9)
- Partial charge: 0.0
- Atomic mass: 12.011
- Element guess: C
- Atomic number: 6
- Source file: oplsaa.lt


Atom Type Data:
- Atom index: 148
- Force field raw info: C  - CT   | all-atom C: CH3, toluene
- Partial charge: -0.065
- Atomic mass: 12.011
- Element guess: C
- Atomic number: 6
- Source file: oplsaa.lt


Atom Type Data:
- Atom index: 149
- Force field raw info: C  - CT   | all-atom C: CH2, ethyl benzene
- Partial charge: -0.005
- Atomic mass: 12.011
- Element guess: C
- Atomic number: 6
- Source file: oplsaa.lt


Atom Type Data:
- Atom index: 150
- Force field raw info: C  - C=   | diene =CH-CH=; see 178 also
- Partial charge: -0.115
- Atomic mass: 12.011
- Element guess: C
- Atomic number: 6
- Source file: oplsaa.lt


Atom Type Data:
- Atom index: 152
- Force field raw info: C  - CT   | RCH2Cl "" ""
- Partial charge: -0.006
- Atomic mass: 12.011
- Element guess: C
- Atomic number: 6
- Source file: oplsaa.lt


Atom Type Data:
- Atom index: 157
- Force field raw info: C  - CT   | all-atom C: CH3 & CH2, prim. alcohols
- Partial charge: 0.145
- Atomic mass: 12.011
- Element guess: C
- Atomic number: 6
- Source file: oplsaa.lt


Atom Type Data:
- Atom index: 158
- Force field raw info: C  - CT   | all-atom C: CH, sec. alcohols
- Partial charge: 0.205
- Atomic mass: 12.011
- Element guess: C
- Atomic number: 6
- Source file: oplsaa.lt


Atom Type Data:
- Atom index: 159
- Force field raw info: C  - CT   | all-atom C: C, tert. alcohols OPLS/2020
- Partial charge: 0.232
- Atomic mass: 12.011
- Element guess: C
- Atomic number: 6
- Source file: oplsaa.lt
","[
  {
    ""atom_type"": 126,
    ""element"": ""C"",
    ""chemical_environment"": ""Methyl carbon alpha to sulfoxide sulfur in DMSO"",
    ""functional_group"": ""sulfoxide (alkyl–S(=O)–alkyl)"",
    ""hybridization"": ""sp3"",
    ""example_molecule_smiles"": ""CS(=O)C"",
    ""group_smarts"": ""[#6X4]-[#16X3](=O)([#6])[#6]"",
    ""atom_specific_smarts"": ""[CH3]-[#16X3](=O)([#6])[#6]"",
    ""description"": ""The CH3 attached directly to a sulfoxide S that bears a single S=O and two C–S single bonds (as in DMSO). Nearest neighbor: sulfoxide S(=O)."",
    ""uncertainty"": ""20""
  },
  {
    ""atom_type"": 131,
    ""element"": ""C"",
    ""chemical_environment"": ""Amide carbonyl carbon in formamide/DMF (formyl amide C=O)"",
    ""functional_group"": ""amide (formamide-type)"",
    ""hybridization"": ""sp2"",
    ""example_molecule_smiles"": ""CN(C)C=O"",
    ""group_smarts"": ""[#6X3](=O)-[#7X3]"",
    ""atom_specific_smarts"": ""[CHX3](=O)-[#7X3]"",
    ""description"": ""The carbonyl carbon of a formyl amide (C(=O)–N) bearing one hydrogen on the carbonyl carbon; as in formamide/DMF. Nearest neighbors: O (double bond) and amide N."",
    ""uncertainty"": ""15""
  },
  {
    ""atom_type"": 132,
    ""element"": ""C"",
    ""chemical_environment"": ""N-methyl carbon in DMF (methyl attached to amide nitrogen)"",
    ""functional_group"": ""tertiary amide (N-alkyl)"",
    ""hybridization"": ""sp3"",
    ""example_molecule_smiles"": ""CN(C)C=O"",
    ""group_smarts"": ""[#6X4]-[#7X3]-[#6X3](=O)[H,#6]"",
    ""atom_specific_smarts"": ""[CH3]-[#7X3]-[#6X3](=O)[H]"",
    ""description"": ""A methyl carbon directly bonded to an amide nitrogen that is attached to a formyl carbonyl (as in DMF). Nearest neighbor: amide N."",
    ""uncertainty"": ""20""
  },
  {
    ""atom_type"": 135,
    ""element"": ""C"",
    ""chemical_environment"": ""Primary alkyl methyl carbon in alkanes"",
    ""functional_group"": ""alkane"",
    ""hybridization"": ""sp3"",
    ""example_molecule_smiles"": ""CCC"",
    ""group_smarts"": ""[CH3]-[#6X4]"",
    ""atom_specific_smarts"": ""[CH3]-[#6X4]"",
    ""description"": ""Terminal methyl carbon attached to another sp3 carbon in a saturated hydrocarbon. Nearest neighbor: sp3 C."",
    ""uncertainty"": ""5""
  },
  {
    ""atom_type"": 136,
    ""element"": ""C"",
    ""chemical_environment"": ""Secondary alkyl methylene carbon in alkanes"",
    ""functional_group"": ""alkane"",
    ""hybridization"": ""sp3"",
    ""example_molecule_smiles"": ""CCC"",
    ""group_smarts"": ""[CH2](-[#6X4])-[#6X4]"",
    ""atom_specific_smarts"": ""[CH2](-[#6X4])-[#6X4]"",
    ""description"": ""Methylene carbon bonded to two sp3 carbons in a saturated hydrocarbon chain. Nearest neighbors: two sp3 C atoms."",
    ""uncertainty"": ""5""
  },
  {
    ""atom_type"": 137,
    ""element"": ""C"",
    ""chemical_environment"": ""Tertiary alkyl methine carbon (CH) in alkanes"",
    ""functional_group"": ""alkane"",
    ""hybridization"": ""sp3"",
    ""example_molecule_smiles"": ""CC(C)CC"",
    ""group_smarts"": ""[CH](-[#6X4])(-[#6X4])-[#6X4]"",
    ""atom_specific_smarts"": ""[CH](-[#6X4])(-[#6X4])-[#6X4]"",
    ""description"": ""Tertiary methine carbon attached to three sp3 carbons and one hydrogen in a saturated hydrocarbon. Nearest neighbors: three sp3 C atoms."",
    ""uncertainty"": ""5""
  },
  {
    ""atom_type"": 138,
    ""element"": ""C"",
    ""chemical_environment"": ""Methane carbon (CH4)"",
    ""functional_group"": ""alkane"",
    ""hybridization"": ""sp3"",
    ""example_molecule_smiles"": ""C"",
    ""group_smarts"": ""[CH4]"",
    ""atom_specific_smarts"": ""[CH4]"",
    ""description"": ""Carbon in methane bearing four hydrogens."",
    ""uncertainty"": ""5""
  },
  {
    ""atom_type"": 139,
    ""element"": ""C"",
    ""chemical_environment"": ""Quaternary alkyl carbon (no hydrogens) in alkanes"",
    ""functional_group"": ""alkane"",
    ""hybridization"": ""sp3"",
    ""example_molecule_smiles"": ""CC(C)(C)C"",
    ""group_smarts"": ""[C](-[#6X4])(-[#6X4])(-[#6X4])-[#6X4]"",
    ""atom_specific_smarts"": ""[C](-[#6X4])(-[#6X4])(-[#6X4])-[#6X4]"",
    ""description"": ""Aliphatic quaternary sp3 carbon bonded to four sp3 carbons (no hydrogens). Nearest neighbors: four sp3 C atoms."",
    ""uncertainty"": ""10""
  },
  {
    ""atom_type"": 141,
    ""element"": ""C"",
    ""chemical_environment"": ""Disubstituted alkene carbon (R2C=)"",
    ""functional_group"": ""alkene"",
    ""hybridization"": ""sp2"",
    ""example_molecule_smiles"": ""C=C(C)C"",
    ""group_smarts"": ""[#6X3H0]([#6])([#6])=[#6X3]"",
    ""atom_specific_smarts"": ""[C;X3;H0]([#6])([#6])=[C;X3]"",
    ""description"": ""Vinylic sp2 carbon in an alkene bearing two carbon substituents (no vinylic hydrogens). Nearest neighbors: two C (single-bond) and one vinylic C (double-bond)."",
    ""uncertainty"": ""10""
  },
  {
    ""atom_type"": 142,
    ""element"": ""C"",
    ""chemical_environment"": ""Monosubstituted alkene carbon (RH–C=), vinylic CH"",
    ""functional_group"": ""alkene"",
    ""hybridization"": ""sp2"",
    ""example_molecule_smiles"": ""C=CC"",
    ""group_smarts"": ""[CHX3]([#6])=[#6X3]"",
    ""atom_specific_smarts"": ""[CHX3]([#6])=[C;X3]"",
    ""description"": ""Vinylic sp2 carbon in an alkene with one hydrogen and one carbon substituent. Nearest neighbors: one H, one C (single-bond), one vinylic C (double-bond)."",
    ""uncertainty"": ""10""
  },
  {
    ""atom_type"": 143,
    ""element"": ""C"",
    ""chemical_environment"": ""Terminal alkene carbon (H2C=), vinylic CH2"",
    ""functional_group"": ""alkene"",
    ""hybridization"": ""sp2"",
    ""example_molecule_smiles"": ""C=C"",
    ""group_smarts"": ""[CH2X3]=[#6X3]"",
    ""atom_specific_smarts"": ""[CH2X3]=[C;X3]"",
    ""description"": ""Vinylic sp2 methylene carbon at the terminal position of an alkene. Nearest neighbors: two H and one vinylic C (double-bond)."",
    ""uncertainty"": ""10""
  },
  {
    ""atom_type"": 145,
    ""element"": ""C"",
    ""chemical_environment"": ""Aromatic carbon in benzene ring"",
    ""functional_group"": ""benzene (aromatic)"",
    ""hybridization"": ""aromatic sp2"",
    ""example_molecule_smiles"": ""c1ccccc1"",
    ""group_smarts"": ""c1ccccc1"",
    ""atom_specific_smarts"": ""[c;r6]"",
    ""description"": ""An sp2 aromatic carbon belonging to a six-membered benzene ring. Nearest neighbors: two aromatic carbons."",
    ""uncertainty"": ""10""
  },
  {
    ""atom_type"": 147,
    ""element"": ""C"",
    ""chemical_environment"": ""Naphthalene ring-junction (fusion) aromatic carbon (C9-type)"",
    ""functional_group"": ""polycyclic aromatic (naphthalene fusion)"",
    ""hybridization"": ""aromatic sp2"",
    ""example_molecule_smiles"": ""c1ccc2ccccc2c1"",
    ""group_smarts"": ""[c;R2;r6]"",
    ""atom_specific_smarts"": ""[c;R2;r6]"",
    ""description"": ""Aromatic carbon located at the fusion junction of two rings (member of two rings) as in naphthalene. Nearest neighbors: three aromatic carbons."",
    ""uncertainty"": ""25""
  },
  {
    ""atom_type"": 148,
    ""element"": ""C"",
    ""chemical_environment"": ""Benzylic methyl carbon in toluene"",
    ""functional_group"": ""benzyl (aryl–CH3)"",
    ""hybridization"": ""sp3"",
    ""example_molecule_smiles"": ""Cc1ccccc1"",
    ""group_smarts"": ""[CH3]-[c]"",
    ""atom_specific_smarts"": ""[CH3]-[c]"",
    ""description"": ""Methyl carbon directly bonded to an aromatic ring carbon (toluene-like). Nearest neighbor: aromatic C."",
    ""uncertainty"": ""10""
  },
  {
    ""atom_type"": 149,
    ""element"": ""C"",
    ""chemical_environment"": ""Benzylic methylene carbon in ethylbenzene"",
    ""functional_group"": ""benzyl (aryl–CH2–R)"",
    ""hybridization"": ""sp3"",
    ""example_molecule_smiles"": ""CCc1ccccc1"",
    ""group_smarts"": ""[CH2](-[c])-[#6X4]"",
    ""atom_specific_smarts"": ""[CH2](-[c])-[#6X4]"",
    ""description"": ""Methylene carbon alpha to an aromatic ring and bonded to another sp3 carbon (ethylbenzene-like). Nearest neighbors: aromatic C and sp3 C."",
    ""uncertainty"": ""10""
  },
  {
    ""atom_type"": 150,
    ""element"": ""C"",
    ""chemical_environment"": ""Internal vinylic CH in a conjugated 1,3-diene motif (=CH–CH=)"",
    ""functional_group"": ""conjugated diene (1,3-diene)"",
    ""hybridization"": ""sp2"",
    ""example_molecule_smiles"": ""C=CC=C"",
    ""group_smarts"": ""[#6X3]=[#6X3]-[#6X3]=[#6X3]"",
    ""atom_specific_smarts"": ""[CHX3](=[#6X3])-[#6X3]=[#6X3]"",
    ""description"": ""One of the central vinylic CH carbons in a 1,3-diene (C=C–C=C) where the atom is single-bonded to an sp2 carbon and double-bonded to another sp2 carbon."",
    ""uncertainty"": ""25""
  },
  {
    ""atom_type"": 152,
    ""element"": ""C"",
    ""chemical_environment"": ""Primary alkyl chloride methylene carbon (RCH2Cl)"",
    ""functional_group"": ""alkyl chloride"",
    ""hybridization"": ""sp3"",
    ""example_molecule_smiles"": ""CCCl"",
    ""group_smarts"": ""[CH2]-[Cl]"",
    ""atom_specific_smarts"": ""[CH2]-[Cl]"",
    ""description"": ""Methylene carbon directly bonded to chlorine and to one sp3 carbon (primary chloride). Nearest neighbors: Cl and sp3 C."",
    ""uncertainty"": ""10""
  },
  {
    ""atom_type"": 157,
    ""element"": ""C"",
    ""chemical_environment"": ""Alpha carbon to OH in primary alcohols (CH3 or CH2 attached to –OH)"",
    ""functional_group"": ""primary alcohol"",
    ""hybridization"": ""sp3"",
    ""example_molecule_smiles"": ""CCO"",
    ""group_smarts"": ""[#6X4H3,#6X4H2]-[OX2H]"",
    ""atom_specific_smarts"": ""[CH3,CH2]-[OX2H]"",
    ""description"": ""Carbon directly bonded to a hydroxyl oxygen bearing a hydrogen (primary alcohol). Nearest neighbor: hydroxyl O–H."",
    ""uncertainty"": ""10""
  },
  {
    ""atom_type"": 158,
    ""element"": ""C"",
    ""chemical_environment"": ""Alpha carbon to OH in secondary alcohols (R2CHOH, vinylic center is CH)"",
    ""functional_group"": ""secondary alcohol"",
    ""hybridization"": ""sp3"",
    ""example_molecule_smiles"": ""CC(O)C"",
    ""group_smarts"": ""[CH](-[#6X4])(-[#6X4])-[OX2H]"",
    ""atom_specific_smarts"": ""[CH](-[#6X4])(-[#6X4])-[OX2H]"",
    ""description"": ""Secondary alcohol center carbon (CH) attached to two carbons and a hydroxyl group. Nearest neighbor: hydroxyl O–H."",
    ""uncertainty"": ""10""
  },
  {
    ""atom_type"": 159,
    ""element"": ""C"",
    ""chemical_environment"": ""Alpha carbon to OH in tertiary alcohols (R3COH, quaternary C)"",
    ""functional_group"": ""tertiary alcohol"",
    ""hybridization"": ""sp3"",
    ""example_molecule_smiles"": ""CC(C)(C)O"",
    ""group_smarts"": ""[C](-[#6X4])(-[#6X4])(-[#6X4])-[OX2H]"",
    ""atom_specific_smarts"": ""[C](-[#6X4])(-[#6X4])(-[#6X4])-[OX2H]"",
    ""description"": ""Tertiary alcohol center carbon (no hydrogens) attached to three carbons and a hydroxyl group. Nearest neighbor: hydroxyl O–H."",
    ""uncertainty"": ""10""
  }
]"
136,-0.12,C  - CT   | CH2 all-atom C: alkanes,12.011,oplsaa.lt,C,6,"Convert the following OPLS-AA atom type rows:

Atom Type Data:
- Atom index: 126
- Force field raw info: C  - C3   | DMSO
- Partial charge: 0.16
- Atomic mass: 12.011
- Element guess: C
- Atomic number: 6
- Source file: oplsaa.lt


Atom Type Data:
- Atom index: 131
- Force field raw info: C  - C~   | C in C=O for UA formamide, DMF.
- Partial charge: 0.5
- Atomic mass: 12.011
- Element guess: C
- Atomic number: 6
- Source file: oplsaa.lt


Atom Type Data:
- Atom index: 132
- Force field raw info: C  - C3   | CH3 in HCON(CH3)2 DMF
- Partial charge: 0.285
- Atomic mass: 12.011
- Element guess: C
- Atomic number: 6
- Source file: oplsaa.lt


Atom Type Data:
- Atom index: 135
- Force field raw info: C  - CT   | CH3 all-atom C: alkanes
- Partial charge: -0.18
- Atomic mass: 12.011
- Element guess: C
- Atomic number: 6
- Source file: oplsaa.lt


Atom Type Data:
- Atom index: 136
- Force field raw info: C  - CT   | CH2 all-atom C: alkanes
- Partial charge: -0.12
- Atomic mass: 12.011
- Element guess: C
- Atomic number: 6
- Source file: oplsaa.lt


Atom Type Data:
- Atom index: 137
- Force field raw info: C  - CT   | CH all-atom C: alkanes
- Partial charge: -0.06
- Atomic mass: 12.011
- Element guess: C
- Atomic number: 6
- Source file: oplsaa.lt


Atom Type Data:
- Atom index: 138
- Force field raw info: C  - CT   | CH4 all-atom C: methane mod 1/2020
- Partial charge: -0.24
- Atomic mass: 12.011
- Element guess: C
- Atomic number: 6
- Source file: oplsaa.lt


Atom Type Data:
- Atom index: 139
- Force field raw info: C  - CT   | C all-atom C: alkanes
- Partial charge: 0.0
- Atomic mass: 12.011
- Element guess: C
- Atomic number: 6
- Source file: oplsaa.lt


Atom Type Data:
- Atom index: 141
- Force field raw info: C  - CM   | alkene C (R2-C=) all atom
- Partial charge: 0.0
- Atomic mass: 12.011
- Element guess: C
- Atomic number: 6
- Source file: oplsaa.lt


Atom Type Data:
- Atom index: 142
- Force field raw info: C  - CM   | alkene C (RH-C=) all atom
- Partial charge: -0.115
- Atomic mass: 12.011
- Element guess: C
- Atomic number: 6
- Source file: oplsaa.lt


Atom Type Data:
- Atom index: 143
- Force field raw info: C  - CM   | alkene C (H2-C=) all atom
- Partial charge: -0.23
- Atomic mass: 12.011
- Element guess: C
- Atomic number: 6
- Source file: oplsaa.lt


Atom Type Data:
- Atom index: 145
- Force field raw info: C  - CA   | Benzene C - 12 site OPLS/2020
- Partial charge: -0.115
- Atomic mass: 12.011
- Element guess: C
- Atomic number: 6
- Source file: oplsaa.lt


Atom Type Data:
- Atom index: 147
- Force field raw info: C  - CB   | Naphthalene fusion C (C9)
- Partial charge: 0.0
- Atomic mass: 12.011
- Element guess: C
- Atomic number: 6
- Source file: oplsaa.lt


Atom Type Data:
- Atom index: 148
- Force field raw info: C  - CT   | all-atom C: CH3, toluene
- Partial charge: -0.065
- Atomic mass: 12.011
- Element guess: C
- Atomic number: 6
- Source file: oplsaa.lt


Atom Type Data:
- Atom index: 149
- Force field raw info: C  - CT   | all-atom C: CH2, ethyl benzene
- Partial charge: -0.005
- Atomic mass: 12.011
- Element guess: C
- Atomic number: 6
- Source file: oplsaa.lt


Atom Type Data:
- Atom index: 150
- Force field raw info: C  - C=   | diene =CH-CH=; see 178 also
- Partial charge: -0.115
- Atomic mass: 12.011
- Element guess: C
- Atomic number: 6
- Source file: oplsaa.lt


Atom Type Data:
- Atom index: 152
- Force field raw info: C  - CT   | RCH2Cl "" ""
- Partial charge: -0.006
- Atomic mass: 12.011
- Element guess: C
- Atomic number: 6
- Source file: oplsaa.lt


Atom Type Data:
- Atom index: 157
- Force field raw info: C  - CT   | all-atom C: CH3 & CH2, prim. alcohols
- Partial charge: 0.145
- Atomic mass: 12.011
- Element guess: C
- Atomic number: 6
- Source file: oplsaa.lt


Atom Type Data:
- Atom index: 158
- Force field raw info: C  - CT   | all-atom C: CH, sec. alcohols
- Partial charge: 0.205
- Atomic mass: 12.011
- Element guess: C
- Atomic number: 6
- Source file: oplsaa.lt


Atom Type Data:
- Atom index: 159
- Force field raw info: C  - CT   | all-atom C: C, tert. alcohols OPLS/2020
- Partial charge: 0.232
- Atomic mass: 12.011
- Element guess: C
- Atomic number: 6
- Source file: oplsaa.lt
","[
  {
    ""atom_type"": 126,
    ""element"": ""C"",
    ""chemical_environment"": ""Methyl carbon alpha to sulfoxide sulfur in DMSO"",
    ""functional_group"": ""sulfoxide (alkyl–S(=O)–alkyl)"",
    ""hybridization"": ""sp3"",
    ""example_molecule_smiles"": ""CS(=O)C"",
    ""group_smarts"": ""[#6X4]-[#16X3](=O)([#6])[#6]"",
    ""atom_specific_smarts"": ""[CH3]-[#16X3](=O)([#6])[#6]"",
    ""description"": ""The CH3 attached directly to a sulfoxide S that bears a single S=O and two C–S single bonds (as in DMSO). Nearest neighbor: sulfoxide S(=O)."",
    ""uncertainty"": ""20""
  },
  {
    ""atom_type"": 131,
    ""element"": ""C"",
    ""chemical_environment"": ""Amide carbonyl carbon in formamide/DMF (formyl amide C=O)"",
    ""functional_group"": ""amide (formamide-type)"",
    ""hybridization"": ""sp2"",
    ""example_molecule_smiles"": ""CN(C)C=O"",
    ""group_smarts"": ""[#6X3](=O)-[#7X3]"",
    ""atom_specific_smarts"": ""[CHX3](=O)-[#7X3]"",
    ""description"": ""The carbonyl carbon of a formyl amide (C(=O)–N) bearing one hydrogen on the carbonyl carbon; as in formamide/DMF. Nearest neighbors: O (double bond) and amide N."",
    ""uncertainty"": ""15""
  },
  {
    ""atom_type"": 132,
    ""element"": ""C"",
    ""chemical_environment"": ""N-methyl carbon in DMF (methyl attached to amide nitrogen)"",
    ""functional_group"": ""tertiary amide (N-alkyl)"",
    ""hybridization"": ""sp3"",
    ""example_molecule_smiles"": ""CN(C)C=O"",
    ""group_smarts"": ""[#6X4]-[#7X3]-[#6X3](=O)[H,#6]"",
    ""atom_specific_smarts"": ""[CH3]-[#7X3]-[#6X3](=O)[H]"",
    ""description"": ""A methyl carbon directly bonded to an amide nitrogen that is attached to a formyl carbonyl (as in DMF). Nearest neighbor: amide N."",
    ""uncertainty"": ""20""
  },
  {
    ""atom_type"": 135,
    ""element"": ""C"",
    ""chemical_environment"": ""Primary alkyl methyl carbon in alkanes"",
    ""functional_group"": ""alkane"",
    ""hybridization"": ""sp3"",
    ""example_molecule_smiles"": ""CCC"",
    ""group_smarts"": ""[CH3]-[#6X4]"",
    ""atom_specific_smarts"": ""[CH3]-[#6X4]"",
    ""description"": ""Terminal methyl carbon attached to another sp3 carbon in a saturated hydrocarbon. Nearest neighbor: sp3 C."",
    ""uncertainty"": ""5""
  },
  {
    ""atom_type"": 136,
    ""element"": ""C"",
    ""chemical_environment"": ""Secondary alkyl methylene carbon in alkanes"",
    ""functional_group"": ""alkane"",
    ""hybridization"": ""sp3"",
    ""example_molecule_smiles"": ""CCC"",
    ""group_smarts"": ""[CH2](-[#6X4])-[#6X4]"",
    ""atom_specific_smarts"": ""[CH2](-[#6X4])-[#6X4]"",
    ""description"": ""Methylene carbon bonded to two sp3 carbons in a saturated hydrocarbon chain. Nearest neighbors: two sp3 C atoms."",
    ""uncertainty"": ""5""
  },
  {
    ""atom_type"": 137,
    ""element"": ""C"",
    ""chemical_environment"": ""Tertiary alkyl methine carbon (CH) in alkanes"",
    ""functional_group"": ""alkane"",
    ""hybridization"": ""sp3"",
    ""example_molecule_smiles"": ""CC(C)CC"",
    ""group_smarts"": ""[CH](-[#6X4])(-[#6X4])-[#6X4]"",
    ""atom_specific_smarts"": ""[CH](-[#6X4])(-[#6X4])-[#6X4]"",
    ""description"": ""Tertiary methine carbon attached to three sp3 carbons and one hydrogen in a saturated hydrocarbon. Nearest neighbors: three sp3 C atoms."",
    ""uncertainty"": ""5""
  },
  {
    ""atom_type"": 138,
    ""element"": ""C"",
    ""chemical_environment"": ""Methane carbon (CH4)"",
    ""functional_group"": ""alkane"",
    ""hybridization"": ""sp3"",
    ""example_molecule_smiles"": ""C"",
    ""group_smarts"": ""[CH4]"",
    ""atom_specific_smarts"": ""[CH4]"",
    ""description"": ""Carbon in methane bearing four hydrogens."",
    ""uncertainty"": ""5""
  },
  {
    ""atom_type"": 139,
    ""element"": ""C"",
    ""chemical_environment"": ""Quaternary alkyl carbon (no hydrogens) in alkanes"",
    ""functional_group"": ""alkane"",
    ""hybridization"": ""sp3"",
    ""example_molecule_smiles"": ""CC(C)(C)C"",
    ""group_smarts"": ""[C](-[#6X4])(-[#6X4])(-[#6X4])-[#6X4]"",
    ""atom_specific_smarts"": ""[C](-[#6X4])(-[#6X4])(-[#6X4])-[#6X4]"",
    ""description"": ""Aliphatic quaternary sp3 carbon bonded to four sp3 carbons (no hydrogens). Nearest neighbors: four sp3 C atoms."",
    ""uncertainty"": ""10""
  },
  {
    ""atom_type"": 141,
    ""element"": ""C"",
    ""chemical_environment"": ""Disubstituted alkene carbon (R2C=)"",
    ""functional_group"": ""alkene"",
    ""hybridization"": ""sp2"",
    ""example_molecule_smiles"": ""C=C(C)C"",
    ""group_smarts"": ""[#6X3H0]([#6])([#6])=[#6X3]"",
    ""atom_specific_smarts"": ""[C;X3;H0]([#6])([#6])=[C;X3]"",
    ""description"": ""Vinylic sp2 carbon in an alkene bearing two carbon substituents (no vinylic hydrogens). Nearest neighbors: two C (single-bond) and one vinylic C (double-bond)."",
    ""uncertainty"": ""10""
  },
  {
    ""atom_type"": 142,
    ""element"": ""C"",
    ""chemical_environment"": ""Monosubstituted alkene carbon (RH–C=), vinylic CH"",
    ""functional_group"": ""alkene"",
    ""hybridization"": ""sp2"",
    ""example_molecule_smiles"": ""C=CC"",
    ""group_smarts"": ""[CHX3]([#6])=[#6X3]"",
    ""atom_specific_smarts"": ""[CHX3]([#6])=[C;X3]"",
    ""description"": ""Vinylic sp2 carbon in an alkene with one hydrogen and one carbon substituent. Nearest neighbors: one H, one C (single-bond), one vinylic C (double-bond)."",
    ""uncertainty"": ""10""
  },
  {
    ""atom_type"": 143,
    ""element"": ""C"",
    ""chemical_environment"": ""Terminal alkene carbon (H2C=), vinylic CH2"",
    ""functional_group"": ""alkene"",
    ""hybridization"": ""sp2"",
    ""example_molecule_smiles"": ""C=C"",
    ""group_smarts"": ""[CH2X3]=[#6X3]"",
    ""atom_specific_smarts"": ""[CH2X3]=[C;X3]"",
    ""description"": ""Vinylic sp2 methylene carbon at the terminal position of an alkene. Nearest neighbors: two H and one vinylic C (double-bond)."",
    ""uncertainty"": ""10""
  },
  {
    ""atom_type"": 145,
    ""element"": ""C"",
    ""chemical_environment"": ""Aromatic carbon in benzene ring"",
    ""functional_group"": ""benzene (aromatic)"",
    ""hybridization"": ""aromatic sp2"",
    ""example_molecule_smiles"": ""c1ccccc1"",
    ""group_smarts"": ""c1ccccc1"",
    ""atom_specific_smarts"": ""[c;r6]"",
    ""description"": ""An sp2 aromatic carbon belonging to a six-membered benzene ring. Nearest neighbors: two aromatic carbons."",
    ""uncertainty"": ""10""
  },
  {
    ""atom_type"": 147,
    ""element"": ""C"",
    ""chemical_environment"": ""Naphthalene ring-junction (fusion) aromatic carbon (C9-type)"",
    ""functional_group"": ""polycyclic aromatic (naphthalene fusion)"",
    ""hybridization"": ""aromatic sp2"",
    ""example_molecule_smiles"": ""c1ccc2ccccc2c1"",
    ""group_smarts"": ""[c;R2;r6]"",
    ""atom_specific_smarts"": ""[c;R2;r6]"",
    ""description"": ""Aromatic carbon located at the fusion junction of two rings (member of two rings) as in naphthalene. Nearest neighbors: three aromatic carbons."",
    ""uncertainty"": ""25""
  },
  {
    ""atom_type"": 148,
    ""element"": ""C"",
    ""chemical_environment"": ""Benzylic methyl carbon in toluene"",
    ""functional_group"": ""benzyl (aryl–CH3)"",
    ""hybridization"": ""sp3"",
    ""example_molecule_smiles"": ""Cc1ccccc1"",
    ""group_smarts"": ""[CH3]-[c]"",
    ""atom_specific_smarts"": ""[CH3]-[c]"",
    ""description"": ""Methyl carbon directly bonded to an aromatic ring carbon (toluene-like). Nearest neighbor: aromatic C."",
    ""uncertainty"": ""10""
  },
  {
    ""atom_type"": 149,
    ""element"": ""C"",
    ""chemical_environment"": ""Benzylic methylene carbon in ethylbenzene"",
    ""functional_group"": ""benzyl (aryl–CH2–R)"",
    ""hybridization"": ""sp3"",
    ""example_molecule_smiles"": ""CCc1ccccc1"",
    ""group_smarts"": ""[CH2](-[c])-[#6X4]"",
    ""atom_specific_smarts"": ""[CH2](-[c])-[#6X4]"",
    ""description"": ""Methylene carbon alpha to an aromatic ring and bonded to another sp3 carbon (ethylbenzene-like). Nearest neighbors: aromatic C and sp3 C."",
    ""uncertainty"": ""10""
  },
  {
    ""atom_type"": 150,
    ""element"": ""C"",
    ""chemical_environment"": ""Internal vinylic CH in a conjugated 1,3-diene motif (=CH–CH=)"",
    ""functional_group"": ""conjugated diene (1,3-diene)"",
    ""hybridization"": ""sp2"",
    ""example_molecule_smiles"": ""C=CC=C"",
    ""group_smarts"": ""[#6X3]=[#6X3]-[#6X3]=[#6X3]"",
    ""atom_specific_smarts"": ""[CHX3](=[#6X3])-[#6X3]=[#6X3]"",
    ""description"": ""One of the central vinylic CH carbons in a 1,3-diene (C=C–C=C) where the atom is single-bonded to an sp2 carbon and double-bonded to another sp2 carbon."",
    ""uncertainty"": ""25""
  },
  {
    ""atom_type"": 152,
    ""element"": ""C"",
    ""chemical_environment"": ""Primary alkyl chloride methylene carbon (RCH2Cl)"",
    ""functional_group"": ""alkyl chloride"",
    ""hybridization"": ""sp3"",
    ""example_molecule_smiles"": ""CCCl"",
    ""group_smarts"": ""[CH2]-[Cl]"",
    ""atom_specific_smarts"": ""[CH2]-[Cl]"",
    ""description"": ""Methylene carbon directly bonded to chlorine and to one sp3 carbon (primary chloride). Nearest neighbors: Cl and sp3 C."",
    ""uncertainty"": ""10""
  },
  {
    ""atom_type"": 157,
    ""element"": ""C"",
    ""chemical_environment"": ""Alpha carbon to OH in primary alcohols (CH3 or CH2 attached to –OH)"",
    ""functional_group"": ""primary alcohol"",
    ""hybridization"": ""sp3"",
    ""example_molecule_smiles"": ""CCO"",
    ""group_smarts"": ""[#6X4H3,#6X4H2]-[OX2H]"",
    ""atom_specific_smarts"": ""[CH3,CH2]-[OX2H]"",
    ""description"": ""Carbon directly bonded to a hydroxyl oxygen bearing a hydrogen (primary alcohol). Nearest neighbor: hydroxyl O–H."",
    ""uncertainty"": ""10""
  },
  {
    ""atom_type"": 158,
    ""element"": ""C"",
    ""chemical_environment"": ""Alpha carbon to OH in secondary alcohols (R2CHOH, vinylic center is CH)"",
    ""functional_group"": ""secondary alcohol"",
    ""hybridization"": ""sp3"",
    ""example_molecule_smiles"": ""CC(O)C"",
    ""group_smarts"": ""[CH](-[#6X4])(-[#6X4])-[OX2H]"",
    ""atom_specific_smarts"": ""[CH](-[#6X4])(-[#6X4])-[OX2H]"",
    ""description"": ""Secondary alcohol center carbon (CH) attached to two carbons and a hydroxyl group. Nearest neighbor: hydroxyl O–H."",
    ""uncertainty"": ""10""
  },
  {
    ""atom_type"": 159,
    ""element"": ""C"",
    ""chemical_environment"": ""Alpha carbon to OH in tertiary alcohols (R3COH, quaternary C)"",
    ""functional_group"": ""tertiary alcohol"",
    ""hybridization"": ""sp3"",
    ""example_molecule_smiles"": ""CC(C)(C)O"",
    ""group_smarts"": ""[C](-[#6X4])(-[#6X4])(-[#6X4])-[OX2H]"",
    ""atom_specific_smarts"": ""[C](-[#6X4])(-[#6X4])(-[#6X4])-[OX2H]"",
    ""description"": ""Tertiary alcohol center carbon (no hydrogens) attached to three carbons and a hydroxyl group. Nearest neighbor: hydroxyl O–H."",
    ""uncertainty"": ""10""
  }
]"
137,-0.06,C  - CT   | CH all-atom C: alkanes,12.011,oplsaa.lt,C,6,"Convert the following OPLS-AA atom type rows:

Atom Type Data:
- Atom index: 126
- Force field raw info: C  - C3   | DMSO
- Partial charge: 0.16
- Atomic mass: 12.011
- Element guess: C
- Atomic number: 6
- Source file: oplsaa.lt


Atom Type Data:
- Atom index: 131
- Force field raw info: C  - C~   | C in C=O for UA formamide, DMF.
- Partial charge: 0.5
- Atomic mass: 12.011
- Element guess: C
- Atomic number: 6
- Source file: oplsaa.lt


Atom Type Data:
- Atom index: 132
- Force field raw info: C  - C3   | CH3 in HCON(CH3)2 DMF
- Partial charge: 0.285
- Atomic mass: 12.011
- Element guess: C
- Atomic number: 6
- Source file: oplsaa.lt


Atom Type Data:
- Atom index: 135
- Force field raw info: C  - CT   | CH3 all-atom C: alkanes
- Partial charge: -0.18
- Atomic mass: 12.011
- Element guess: C
- Atomic number: 6
- Source file: oplsaa.lt


Atom Type Data:
- Atom index: 136
- Force field raw info: C  - CT   | CH2 all-atom C: alkanes
- Partial charge: -0.12
- Atomic mass: 12.011
- Element guess: C
- Atomic number: 6
- Source file: oplsaa.lt


Atom Type Data:
- Atom index: 137
- Force field raw info: C  - CT   | CH all-atom C: alkanes
- Partial charge: -0.06
- Atomic mass: 12.011
- Element guess: C
- Atomic number: 6
- Source file: oplsaa.lt


Atom Type Data:
- Atom index: 138
- Force field raw info: C  - CT   | CH4 all-atom C: methane mod 1/2020
- Partial charge: -0.24
- Atomic mass: 12.011
- Element guess: C
- Atomic number: 6
- Source file: oplsaa.lt


Atom Type Data:
- Atom index: 139
- Force field raw info: C  - CT   | C all-atom C: alkanes
- Partial charge: 0.0
- Atomic mass: 12.011
- Element guess: C
- Atomic number: 6
- Source file: oplsaa.lt


Atom Type Data:
- Atom index: 141
- Force field raw info: C  - CM   | alkene C (R2-C=) all atom
- Partial charge: 0.0
- Atomic mass: 12.011
- Element guess: C
- Atomic number: 6
- Source file: oplsaa.lt


Atom Type Data:
- Atom index: 142
- Force field raw info: C  - CM   | alkene C (RH-C=) all atom
- Partial charge: -0.115
- Atomic mass: 12.011
- Element guess: C
- Atomic number: 6
- Source file: oplsaa.lt


Atom Type Data:
- Atom index: 143
- Force field raw info: C  - CM   | alkene C (H2-C=) all atom
- Partial charge: -0.23
- Atomic mass: 12.011
- Element guess: C
- Atomic number: 6
- Source file: oplsaa.lt


Atom Type Data:
- Atom index: 145
- Force field raw info: C  - CA   | Benzene C - 12 site OPLS/2020
- Partial charge: -0.115
- Atomic mass: 12.011
- Element guess: C
- Atomic number: 6
- Source file: oplsaa.lt


Atom Type Data:
- Atom index: 147
- Force field raw info: C  - CB   | Naphthalene fusion C (C9)
- Partial charge: 0.0
- Atomic mass: 12.011
- Element guess: C
- Atomic number: 6
- Source file: oplsaa.lt


Atom Type Data:
- Atom index: 148
- Force field raw info: C  - CT   | all-atom C: CH3, toluene
- Partial charge: -0.065
- Atomic mass: 12.011
- Element guess: C
- Atomic number: 6
- Source file: oplsaa.lt


Atom Type Data:
- Atom index: 149
- Force field raw info: C  - CT   | all-atom C: CH2, ethyl benzene
- Partial charge: -0.005
- Atomic mass: 12.011
- Element guess: C
- Atomic number: 6
- Source file: oplsaa.lt


Atom Type Data:
- Atom index: 150
- Force field raw info: C  - C=   | diene =CH-CH=; see 178 also
- Partial charge: -0.115
- Atomic mass: 12.011
- Element guess: C
- Atomic number: 6
- Source file: oplsaa.lt


Atom Type Data:
- Atom index: 152
- Force field raw info: C  - CT   | RCH2Cl "" ""
- Partial charge: -0.006
- Atomic mass: 12.011
- Element guess: C
- Atomic number: 6
- Source file: oplsaa.lt


Atom Type Data:
- Atom index: 157
- Force field raw info: C  - CT   | all-atom C: CH3 & CH2, prim. alcohols
- Partial charge: 0.145
- Atomic mass: 12.011
- Element guess: C
- Atomic number: 6
- Source file: oplsaa.lt


Atom Type Data:
- Atom index: 158
- Force field raw info: C  - CT   | all-atom C: CH, sec. alcohols
- Partial charge: 0.205
- Atomic mass: 12.011
- Element guess: C
- Atomic number: 6
- Source file: oplsaa.lt


Atom Type Data:
- Atom index: 159
- Force field raw info: C  - CT   | all-atom C: C, tert. alcohols OPLS/2020
- Partial charge: 0.232
- Atomic mass: 12.011
- Element guess: C
- Atomic number: 6
- Source file: oplsaa.lt
","[
  {
    ""atom_type"": 126,
    ""element"": ""C"",
    ""chemical_environment"": ""Methyl carbon alpha to sulfoxide sulfur in DMSO"",
    ""functional_group"": ""sulfoxide (alkyl–S(=O)–alkyl)"",
    ""hybridization"": ""sp3"",
    ""example_molecule_smiles"": ""CS(=O)C"",
    ""group_smarts"": ""[#6X4]-[#16X3](=O)([#6])[#6]"",
    ""atom_specific_smarts"": ""[CH3]-[#16X3](=O)([#6])[#6]"",
    ""description"": ""The CH3 attached directly to a sulfoxide S that bears a single S=O and two C–S single bonds (as in DMSO). Nearest neighbor: sulfoxide S(=O)."",
    ""uncertainty"": ""20""
  },
  {
    ""atom_type"": 131,
    ""element"": ""C"",
    ""chemical_environment"": ""Amide carbonyl carbon in formamide/DMF (formyl amide C=O)"",
    ""functional_group"": ""amide (formamide-type)"",
    ""hybridization"": ""sp2"",
    ""example_molecule_smiles"": ""CN(C)C=O"",
    ""group_smarts"": ""[#6X3](=O)-[#7X3]"",
    ""atom_specific_smarts"": ""[CHX3](=O)-[#7X3]"",
    ""description"": ""The carbonyl carbon of a formyl amide (C(=O)–N) bearing one hydrogen on the carbonyl carbon; as in formamide/DMF. Nearest neighbors: O (double bond) and amide N."",
    ""uncertainty"": ""15""
  },
  {
    ""atom_type"": 132,
    ""element"": ""C"",
    ""chemical_environment"": ""N-methyl carbon in DMF (methyl attached to amide nitrogen)"",
    ""functional_group"": ""tertiary amide (N-alkyl)"",
    ""hybridization"": ""sp3"",
    ""example_molecule_smiles"": ""CN(C)C=O"",
    ""group_smarts"": ""[#6X4]-[#7X3]-[#6X3](=O)[H,#6]"",
    ""atom_specific_smarts"": ""[CH3]-[#7X3]-[#6X3](=O)[H]"",
    ""description"": ""A methyl carbon directly bonded to an amide nitrogen that is attached to a formyl carbonyl (as in DMF). Nearest neighbor: amide N."",
    ""uncertainty"": ""20""
  },
  {
    ""atom_type"": 135,
    ""element"": ""C"",
    ""chemical_environment"": ""Primary alkyl methyl carbon in alkanes"",
    ""functional_group"": ""alkane"",
    ""hybridization"": ""sp3"",
    ""example_molecule_smiles"": ""CCC"",
    ""group_smarts"": ""[CH3]-[#6X4]"",
    ""atom_specific_smarts"": ""[CH3]-[#6X4]"",
    ""description"": ""Terminal methyl carbon attached to another sp3 carbon in a saturated hydrocarbon. Nearest neighbor: sp3 C."",
    ""uncertainty"": ""5""
  },
  {
    ""atom_type"": 136,
    ""element"": ""C"",
    ""chemical_environment"": ""Secondary alkyl methylene carbon in alkanes"",
    ""functional_group"": ""alkane"",
    ""hybridization"": ""sp3"",
    ""example_molecule_smiles"": ""CCC"",
    ""group_smarts"": ""[CH2](-[#6X4])-[#6X4]"",
    ""atom_specific_smarts"": ""[CH2](-[#6X4])-[#6X4]"",
    ""description"": ""Methylene carbon bonded to two sp3 carbons in a saturated hydrocarbon chain. Nearest neighbors: two sp3 C atoms."",
    ""uncertainty"": ""5""
  },
  {
    ""atom_type"": 137,
    ""element"": ""C"",
    ""chemical_environment"": ""Tertiary alkyl methine carbon (CH) in alkanes"",
    ""functional_group"": ""alkane"",
    ""hybridization"": ""sp3"",
    ""example_molecule_smiles"": ""CC(C)CC"",
    ""group_smarts"": ""[CH](-[#6X4])(-[#6X4])-[#6X4]"",
    ""atom_specific_smarts"": ""[CH](-[#6X4])(-[#6X4])-[#6X4]"",
    ""description"": ""Tertiary methine carbon attached to three sp3 carbons and one hydrogen in a saturated hydrocarbon. Nearest neighbors: three sp3 C atoms."",
    ""uncertainty"": ""5""
  },
  {
    ""atom_type"": 138,
    ""element"": ""C"",
    ""chemical_environment"": ""Methane carbon (CH4)"",
    ""functional_group"": ""alkane"",
    ""hybridization"": ""sp3"",
    ""example_molecule_smiles"": ""C"",
    ""group_smarts"": ""[CH4]"",
    ""atom_specific_smarts"": ""[CH4]"",
    ""description"": ""Carbon in methane bearing four hydrogens."",
    ""uncertainty"": ""5""
  },
  {
    ""atom_type"": 139,
    ""element"": ""C"",
    ""chemical_environment"": ""Quaternary alkyl carbon (no hydrogens) in alkanes"",
    ""functional_group"": ""alkane"",
    ""hybridization"": ""sp3"",
    ""example_molecule_smiles"": ""CC(C)(C)C"",
    ""group_smarts"": ""[C](-[#6X4])(-[#6X4])(-[#6X4])-[#6X4]"",
    ""atom_specific_smarts"": ""[C](-[#6X4])(-[#6X4])(-[#6X4])-[#6X4]"",
    ""description"": ""Aliphatic quaternary sp3 carbon bonded to four sp3 carbons (no hydrogens). Nearest neighbors: four sp3 C atoms."",
    ""uncertainty"": ""10""
  },
  {
    ""atom_type"": 141,
    ""element"": ""C"",
    ""chemical_environment"": ""Disubstituted alkene carbon (R2C=)"",
    ""functional_group"": ""alkene"",
    ""hybridization"": ""sp2"",
    ""example_molecule_smiles"": ""C=C(C)C"",
    ""group_smarts"": ""[#6X3H0]([#6])([#6])=[#6X3]"",
    ""atom_specific_smarts"": ""[C;X3;H0]([#6])([#6])=[C;X3]"",
    ""description"": ""Vinylic sp2 carbon in an alkene bearing two carbon substituents (no vinylic hydrogens). Nearest neighbors: two C (single-bond) and one vinylic C (double-bond)."",
    ""uncertainty"": ""10""
  },
  {
    ""atom_type"": 142,
    ""element"": ""C"",
    ""chemical_environment"": ""Monosubstituted alkene carbon (RH–C=), vinylic CH"",
    ""functional_group"": ""alkene"",
    ""hybridization"": ""sp2"",
    ""example_molecule_smiles"": ""C=CC"",
    ""group_smarts"": ""[CHX3]([#6])=[#6X3]"",
    ""atom_specific_smarts"": ""[CHX3]([#6])=[C;X3]"",
    ""description"": ""Vinylic sp2 carbon in an alkene with one hydrogen and one carbon substituent. Nearest neighbors: one H, one C (single-bond), one vinylic C (double-bond)."",
    ""uncertainty"": ""10""
  },
  {
    ""atom_type"": 143,
    ""element"": ""C"",
    ""chemical_environment"": ""Terminal alkene carbon (H2C=), vinylic CH2"",
    ""functional_group"": ""alkene"",
    ""hybridization"": ""sp2"",
    ""example_molecule_smiles"": ""C=C"",
    ""group_smarts"": ""[CH2X3]=[#6X3]"",
    ""atom_specific_smarts"": ""[CH2X3]=[C;X3]"",
    ""description"": ""Vinylic sp2 methylene carbon at the terminal position of an alkene. Nearest neighbors: two H and one vinylic C (double-bond)."",
    ""uncertainty"": ""10""
  },
  {
    ""atom_type"": 145,
    ""element"": ""C"",
    ""chemical_environment"": ""Aromatic carbon in benzene ring"",
    ""functional_group"": ""benzene (aromatic)"",
    ""hybridization"": ""aromatic sp2"",
    ""example_molecule_smiles"": ""c1ccccc1"",
    ""group_smarts"": ""c1ccccc1"",
    ""atom_specific_smarts"": ""[c;r6]"",
    ""description"": ""An sp2 aromatic carbon belonging to a six-membered benzene ring. Nearest neighbors: two aromatic carbons."",
    ""uncertainty"": ""10""
  },
  {
    ""atom_type"": 147,
    ""element"": ""C"",
    ""chemical_environment"": ""Naphthalene ring-junction (fusion) aromatic carbon (C9-type)"",
    ""functional_group"": ""polycyclic aromatic (naphthalene fusion)"",
    ""hybridization"": ""aromatic sp2"",
    ""example_molecule_smiles"": ""c1ccc2ccccc2c1"",
    ""group_smarts"": ""[c;R2;r6]"",
    ""atom_specific_smarts"": ""[c;R2;r6]"",
    ""description"": ""Aromatic carbon located at the fusion junction of two rings (member of two rings) as in naphthalene. Nearest neighbors: three aromatic carbons."",
    ""uncertainty"": ""25""
  },
  {
    ""atom_type"": 148,
    ""element"": ""C"",
    ""chemical_environment"": ""Benzylic methyl carbon in toluene"",
    ""functional_group"": ""benzyl (aryl–CH3)"",
    ""hybridization"": ""sp3"",
    ""example_molecule_smiles"": ""Cc1ccccc1"",
    ""group_smarts"": ""[CH3]-[c]"",
    ""atom_specific_smarts"": ""[CH3]-[c]"",
    ""description"": ""Methyl carbon directly bonded to an aromatic ring carbon (toluene-like). Nearest neighbor: aromatic C."",
    ""uncertainty"": ""10""
  },
  {
    ""atom_type"": 149,
    ""element"": ""C"",
    ""chemical_environment"": ""Benzylic methylene carbon in ethylbenzene"",
    ""functional_group"": ""benzyl (aryl–CH2–R)"",
    ""hybridization"": ""sp3"",
    ""example_molecule_smiles"": ""CCc1ccccc1"",
    ""group_smarts"": ""[CH2](-[c])-[#6X4]"",
    ""atom_specific_smarts"": ""[CH2](-[c])-[#6X4]"",
    ""description"": ""Methylene carbon alpha to an aromatic ring and bonded to another sp3 carbon (ethylbenzene-like). Nearest neighbors: aromatic C and sp3 C."",
    ""uncertainty"": ""10""
  },
  {
    ""atom_type"": 150,
    ""element"": ""C"",
    ""chemical_environment"": ""Internal vinylic CH in a conjugated 1,3-diene motif (=CH–CH=)"",
    ""functional_group"": ""conjugated diene (1,3-diene)"",
    ""hybridization"": ""sp2"",
    ""example_molecule_smiles"": ""C=CC=C"",
    ""group_smarts"": ""[#6X3]=[#6X3]-[#6X3]=[#6X3]"",
    ""atom_specific_smarts"": ""[CHX3](=[#6X3])-[#6X3]=[#6X3]"",
    ""description"": ""One of the central vinylic CH carbons in a 1,3-diene (C=C–C=C) where the atom is single-bonded to an sp2 carbon and double-bonded to another sp2 carbon."",
    ""uncertainty"": ""25""
  },
  {
    ""atom_type"": 152,
    ""element"": ""C"",
    ""chemical_environment"": ""Primary alkyl chloride methylene carbon (RCH2Cl)"",
    ""functional_group"": ""alkyl chloride"",
    ""hybridization"": ""sp3"",
    ""example_molecule_smiles"": ""CCCl"",
    ""group_smarts"": ""[CH2]-[Cl]"",
    ""atom_specific_smarts"": ""[CH2]-[Cl]"",
    ""description"": ""Methylene carbon directly bonded to chlorine and to one sp3 carbon (primary chloride). Nearest neighbors: Cl and sp3 C."",
    ""uncertainty"": ""10""
  },
  {
    ""atom_type"": 157,
    ""element"": ""C"",
    ""chemical_environment"": ""Alpha carbon to OH in primary alcohols (CH3 or CH2 attached to –OH)"",
    ""functional_group"": ""primary alcohol"",
    ""hybridization"": ""sp3"",
    ""example_molecule_smiles"": ""CCO"",
    ""group_smarts"": ""[#6X4H3,#6X4H2]-[OX2H]"",
    ""atom_specific_smarts"": ""[CH3,CH2]-[OX2H]"",
    ""description"": ""Carbon directly bonded to a hydroxyl oxygen bearing a hydrogen (primary alcohol). Nearest neighbor: hydroxyl O–H."",
    ""uncertainty"": ""10""
  },
  {
    ""atom_type"": 158,
    ""element"": ""C"",
    ""chemical_environment"": ""Alpha carbon to OH in secondary alcohols (R2CHOH, vinylic center is CH)"",
    ""functional_group"": ""secondary alcohol"",
    ""hybridization"": ""sp3"",
    ""example_molecule_smiles"": ""CC(O)C"",
    ""group_smarts"": ""[CH](-[#6X4])(-[#6X4])-[OX2H]"",
    ""atom_specific_smarts"": ""[CH](-[#6X4])(-[#6X4])-[OX2H]"",
    ""description"": ""Secondary alcohol center carbon (CH) attached to two carbons and a hydroxyl group. Nearest neighbor: hydroxyl O–H."",
    ""uncertainty"": ""10""
  },
  {
    ""atom_type"": 159,
    ""element"": ""C"",
    ""chemical_environment"": ""Alpha carbon to OH in tertiary alcohols (R3COH, quaternary C)"",
    ""functional_group"": ""tertiary alcohol"",
    ""hybridization"": ""sp3"",
    ""example_molecule_smiles"": ""CC(C)(C)O"",
    ""group_smarts"": ""[C](-[#6X4])(-[#6X4])(-[#6X4])-[OX2H]"",
    ""atom_specific_smarts"": ""[C](-[#6X4])(-[#6X4])(-[#6X4])-[OX2H]"",
    ""description"": ""Tertiary alcohol center carbon (no hydrogens) attached to three carbons and a hydroxyl group. Nearest neighbor: hydroxyl O–H."",
    ""uncertainty"": ""10""
  }
]"
138,-0.24,C  - CT   | CH4 all-atom C: methane mod 1/2020,12.011,oplsaa.lt,C,6,"Convert the following OPLS-AA atom type rows:

Atom Type Data:
- Atom index: 126
- Force field raw info: C  - C3   | DMSO
- Partial charge: 0.16
- Atomic mass: 12.011
- Element guess: C
- Atomic number: 6
- Source file: oplsaa.lt


Atom Type Data:
- Atom index: 131
- Force field raw info: C  - C~   | C in C=O for UA formamide, DMF.
- Partial charge: 0.5
- Atomic mass: 12.011
- Element guess: C
- Atomic number: 6
- Source file: oplsaa.lt


Atom Type Data:
- Atom index: 132
- Force field raw info: C  - C3   | CH3 in HCON(CH3)2 DMF
- Partial charge: 0.285
- Atomic mass: 12.011
- Element guess: C
- Atomic number: 6
- Source file: oplsaa.lt


Atom Type Data:
- Atom index: 135
- Force field raw info: C  - CT   | CH3 all-atom C: alkanes
- Partial charge: -0.18
- Atomic mass: 12.011
- Element guess: C
- Atomic number: 6
- Source file: oplsaa.lt


Atom Type Data:
- Atom index: 136
- Force field raw info: C  - CT   | CH2 all-atom C: alkanes
- Partial charge: -0.12
- Atomic mass: 12.011
- Element guess: C
- Atomic number: 6
- Source file: oplsaa.lt


Atom Type Data:
- Atom index: 137
- Force field raw info: C  - CT   | CH all-atom C: alkanes
- Partial charge: -0.06
- Atomic mass: 12.011
- Element guess: C
- Atomic number: 6
- Source file: oplsaa.lt


Atom Type Data:
- Atom index: 138
- Force field raw info: C  - CT   | CH4 all-atom C: methane mod 1/2020
- Partial charge: -0.24
- Atomic mass: 12.011
- Element guess: C
- Atomic number: 6
- Source file: oplsaa.lt


Atom Type Data:
- Atom index: 139
- Force field raw info: C  - CT   | C all-atom C: alkanes
- Partial charge: 0.0
- Atomic mass: 12.011
- Element guess: C
- Atomic number: 6
- Source file: oplsaa.lt


Atom Type Data:
- Atom index: 141
- Force field raw info: C  - CM   | alkene C (R2-C=) all atom
- Partial charge: 0.0
- Atomic mass: 12.011
- Element guess: C
- Atomic number: 6
- Source file: oplsaa.lt


Atom Type Data:
- Atom index: 142
- Force field raw info: C  - CM   | alkene C (RH-C=) all atom
- Partial charge: -0.115
- Atomic mass: 12.011
- Element guess: C
- Atomic number: 6
- Source file: oplsaa.lt


Atom Type Data:
- Atom index: 143
- Force field raw info: C  - CM   | alkene C (H2-C=) all atom
- Partial charge: -0.23
- Atomic mass: 12.011
- Element guess: C
- Atomic number: 6
- Source file: oplsaa.lt


Atom Type Data:
- Atom index: 145
- Force field raw info: C  - CA   | Benzene C - 12 site OPLS/2020
- Partial charge: -0.115
- Atomic mass: 12.011
- Element guess: C
- Atomic number: 6
- Source file: oplsaa.lt


Atom Type Data:
- Atom index: 147
- Force field raw info: C  - CB   | Naphthalene fusion C (C9)
- Partial charge: 0.0
- Atomic mass: 12.011
- Element guess: C
- Atomic number: 6
- Source file: oplsaa.lt


Atom Type Data:
- Atom index: 148
- Force field raw info: C  - CT   | all-atom C: CH3, toluene
- Partial charge: -0.065
- Atomic mass: 12.011
- Element guess: C
- Atomic number: 6
- Source file: oplsaa.lt


Atom Type Data:
- Atom index: 149
- Force field raw info: C  - CT   | all-atom C: CH2, ethyl benzene
- Partial charge: -0.005
- Atomic mass: 12.011
- Element guess: C
- Atomic number: 6
- Source file: oplsaa.lt


Atom Type Data:
- Atom index: 150
- Force field raw info: C  - C=   | diene =CH-CH=; see 178 also
- Partial charge: -0.115
- Atomic mass: 12.011
- Element guess: C
- Atomic number: 6
- Source file: oplsaa.lt


Atom Type Data:
- Atom index: 152
- Force field raw info: C  - CT   | RCH2Cl "" ""
- Partial charge: -0.006
- Atomic mass: 12.011
- Element guess: C
- Atomic number: 6
- Source file: oplsaa.lt


Atom Type Data:
- Atom index: 157
- Force field raw info: C  - CT   | all-atom C: CH3 & CH2, prim. alcohols
- Partial charge: 0.145
- Atomic mass: 12.011
- Element guess: C
- Atomic number: 6
- Source file: oplsaa.lt


Atom Type Data:
- Atom index: 158
- Force field raw info: C  - CT   | all-atom C: CH, sec. alcohols
- Partial charge: 0.205
- Atomic mass: 12.011
- Element guess: C
- Atomic number: 6
- Source file: oplsaa.lt


Atom Type Data:
- Atom index: 159
- Force field raw info: C  - CT   | all-atom C: C, tert. alcohols OPLS/2020
- Partial charge: 0.232
- Atomic mass: 12.011
- Element guess: C
- Atomic number: 6
- Source file: oplsaa.lt
","[
  {
    ""atom_type"": 126,
    ""element"": ""C"",
    ""chemical_environment"": ""Methyl carbon alpha to sulfoxide sulfur in DMSO"",
    ""functional_group"": ""sulfoxide (alkyl–S(=O)–alkyl)"",
    ""hybridization"": ""sp3"",
    ""example_molecule_smiles"": ""CS(=O)C"",
    ""group_smarts"": ""[#6X4]-[#16X3](=O)([#6])[#6]"",
    ""atom_specific_smarts"": ""[CH3]-[#16X3](=O)([#6])[#6]"",
    ""description"": ""The CH3 attached directly to a sulfoxide S that bears a single S=O and two C–S single bonds (as in DMSO). Nearest neighbor: sulfoxide S(=O)."",
    ""uncertainty"": ""20""
  },
  {
    ""atom_type"": 131,
    ""element"": ""C"",
    ""chemical_environment"": ""Amide carbonyl carbon in formamide/DMF (formyl amide C=O)"",
    ""functional_group"": ""amide (formamide-type)"",
    ""hybridization"": ""sp2"",
    ""example_molecule_smiles"": ""CN(C)C=O"",
    ""group_smarts"": ""[#6X3](=O)-[#7X3]"",
    ""atom_specific_smarts"": ""[CHX3](=O)-[#7X3]"",
    ""description"": ""The carbonyl carbon of a formyl amide (C(=O)–N) bearing one hydrogen on the carbonyl carbon; as in formamide/DMF. Nearest neighbors: O (double bond) and amide N."",
    ""uncertainty"": ""15""
  },
  {
    ""atom_type"": 132,
    ""element"": ""C"",
    ""chemical_environment"": ""N-methyl carbon in DMF (methyl attached to amide nitrogen)"",
    ""functional_group"": ""tertiary amide (N-alkyl)"",
    ""hybridization"": ""sp3"",
    ""example_molecule_smiles"": ""CN(C)C=O"",
    ""group_smarts"": ""[#6X4]-[#7X3]-[#6X3](=O)[H,#6]"",
    ""atom_specific_smarts"": ""[CH3]-[#7X3]-[#6X3](=O)[H]"",
    ""description"": ""A methyl carbon directly bonded to an amide nitrogen that is attached to a formyl carbonyl (as in DMF). Nearest neighbor: amide N."",
    ""uncertainty"": ""20""
  },
  {
    ""atom_type"": 135,
    ""element"": ""C"",
    ""chemical_environment"": ""Primary alkyl methyl carbon in alkanes"",
    ""functional_group"": ""alkane"",
    ""hybridization"": ""sp3"",
    ""example_molecule_smiles"": ""CCC"",
    ""group_smarts"": ""[CH3]-[#6X4]"",
    ""atom_specific_smarts"": ""[CH3]-[#6X4]"",
    ""description"": ""Terminal methyl carbon attached to another sp3 carbon in a saturated hydrocarbon. Nearest neighbor: sp3 C."",
    ""uncertainty"": ""5""
  },
  {
    ""atom_type"": 136,
    ""element"": ""C"",
    ""chemical_environment"": ""Secondary alkyl methylene carbon in alkanes"",
    ""functional_group"": ""alkane"",
    ""hybridization"": ""sp3"",
    ""example_molecule_smiles"": ""CCC"",
    ""group_smarts"": ""[CH2](-[#6X4])-[#6X4]"",
    ""atom_specific_smarts"": ""[CH2](-[#6X4])-[#6X4]"",
    ""description"": ""Methylene carbon bonded to two sp3 carbons in a saturated hydrocarbon chain. Nearest neighbors: two sp3 C atoms."",
    ""uncertainty"": ""5""
  },
  {
    ""atom_type"": 137,
    ""element"": ""C"",
    ""chemical_environment"": ""Tertiary alkyl methine carbon (CH) in alkanes"",
    ""functional_group"": ""alkane"",
    ""hybridization"": ""sp3"",
    ""example_molecule_smiles"": ""CC(C)CC"",
    ""group_smarts"": ""[CH](-[#6X4])(-[#6X4])-[#6X4]"",
    ""atom_specific_smarts"": ""[CH](-[#6X4])(-[#6X4])-[#6X4]"",
    ""description"": ""Tertiary methine carbon attached to three sp3 carbons and one hydrogen in a saturated hydrocarbon. Nearest neighbors: three sp3 C atoms."",
    ""uncertainty"": ""5""
  },
  {
    ""atom_type"": 138,
    ""element"": ""C"",
    ""chemical_environment"": ""Methane carbon (CH4)"",
    ""functional_group"": ""alkane"",
    ""hybridization"": ""sp3"",
    ""example_molecule_smiles"": ""C"",
    ""group_smarts"": ""[CH4]"",
    ""atom_specific_smarts"": ""[CH4]"",
    ""description"": ""Carbon in methane bearing four hydrogens."",
    ""uncertainty"": ""5""
  },
  {
    ""atom_type"": 139,
    ""element"": ""C"",
    ""chemical_environment"": ""Quaternary alkyl carbon (no hydrogens) in alkanes"",
    ""functional_group"": ""alkane"",
    ""hybridization"": ""sp3"",
    ""example_molecule_smiles"": ""CC(C)(C)C"",
    ""group_smarts"": ""[C](-[#6X4])(-[#6X4])(-[#6X4])-[#6X4]"",
    ""atom_specific_smarts"": ""[C](-[#6X4])(-[#6X4])(-[#6X4])-[#6X4]"",
    ""description"": ""Aliphatic quaternary sp3 carbon bonded to four sp3 carbons (no hydrogens). Nearest neighbors: four sp3 C atoms."",
    ""uncertainty"": ""10""
  },
  {
    ""atom_type"": 141,
    ""element"": ""C"",
    ""chemical_environment"": ""Disubstituted alkene carbon (R2C=)"",
    ""functional_group"": ""alkene"",
    ""hybridization"": ""sp2"",
    ""example_molecule_smiles"": ""C=C(C)C"",
    ""group_smarts"": ""[#6X3H0]([#6])([#6])=[#6X3]"",
    ""atom_specific_smarts"": ""[C;X3;H0]([#6])([#6])=[C;X3]"",
    ""description"": ""Vinylic sp2 carbon in an alkene bearing two carbon substituents (no vinylic hydrogens). Nearest neighbors: two C (single-bond) and one vinylic C (double-bond)."",
    ""uncertainty"": ""10""
  },
  {
    ""atom_type"": 142,
    ""element"": ""C"",
    ""chemical_environment"": ""Monosubstituted alkene carbon (RH–C=), vinylic CH"",
    ""functional_group"": ""alkene"",
    ""hybridization"": ""sp2"",
    ""example_molecule_smiles"": ""C=CC"",
    ""group_smarts"": ""[CHX3]([#6])=[#6X3]"",
    ""atom_specific_smarts"": ""[CHX3]([#6])=[C;X3]"",
    ""description"": ""Vinylic sp2 carbon in an alkene with one hydrogen and one carbon substituent. Nearest neighbors: one H, one C (single-bond), one vinylic C (double-bond)."",
    ""uncertainty"": ""10""
  },
  {
    ""atom_type"": 143,
    ""element"": ""C"",
    ""chemical_environment"": ""Terminal alkene carbon (H2C=), vinylic CH2"",
    ""functional_group"": ""alkene"",
    ""hybridization"": ""sp2"",
    ""example_molecule_smiles"": ""C=C"",
    ""group_smarts"": ""[CH2X3]=[#6X3]"",
    ""atom_specific_smarts"": ""[CH2X3]=[C;X3]"",
    ""description"": ""Vinylic sp2 methylene carbon at the terminal position of an alkene. Nearest neighbors: two H and one vinylic C (double-bond)."",
    ""uncertainty"": ""10""
  },
  {
    ""atom_type"": 145,
    ""element"": ""C"",
    ""chemical_environment"": ""Aromatic carbon in benzene ring"",
    ""functional_group"": ""benzene (aromatic)"",
    ""hybridization"": ""aromatic sp2"",
    ""example_molecule_smiles"": ""c1ccccc1"",
    ""group_smarts"": ""c1ccccc1"",
    ""atom_specific_smarts"": ""[c;r6]"",
    ""description"": ""An sp2 aromatic carbon belonging to a six-membered benzene ring. Nearest neighbors: two aromatic carbons."",
    ""uncertainty"": ""10""
  },
  {
    ""atom_type"": 147,
    ""element"": ""C"",
    ""chemical_environment"": ""Naphthalene ring-junction (fusion) aromatic carbon (C9-type)"",
    ""functional_group"": ""polycyclic aromatic (naphthalene fusion)"",
    ""hybridization"": ""aromatic sp2"",
    ""example_molecule_smiles"": ""c1ccc2ccccc2c1"",
    ""group_smarts"": ""[c;R2;r6]"",
    ""atom_specific_smarts"": ""[c;R2;r6]"",
    ""description"": ""Aromatic carbon located at the fusion junction of two rings (member of two rings) as in naphthalene. Nearest neighbors: three aromatic carbons."",
    ""uncertainty"": ""25""
  },
  {
    ""atom_type"": 148,
    ""element"": ""C"",
    ""chemical_environment"": ""Benzylic methyl carbon in toluene"",
    ""functional_group"": ""benzyl (aryl–CH3)"",
    ""hybridization"": ""sp3"",
    ""example_molecule_smiles"": ""Cc1ccccc1"",
    ""group_smarts"": ""[CH3]-[c]"",
    ""atom_specific_smarts"": ""[CH3]-[c]"",
    ""description"": ""Methyl carbon directly bonded to an aromatic ring carbon (toluene-like). Nearest neighbor: aromatic C."",
    ""uncertainty"": ""10""
  },
  {
    ""atom_type"": 149,
    ""element"": ""C"",
    ""chemical_environment"": ""Benzylic methylene carbon in ethylbenzene"",
    ""functional_group"": ""benzyl (aryl–CH2–R)"",
    ""hybridization"": ""sp3"",
    ""example_molecule_smiles"": ""CCc1ccccc1"",
    ""group_smarts"": ""[CH2](-[c])-[#6X4]"",
    ""atom_specific_smarts"": ""[CH2](-[c])-[#6X4]"",
    ""description"": ""Methylene carbon alpha to an aromatic ring and bonded to another sp3 carbon (ethylbenzene-like). Nearest neighbors: aromatic C and sp3 C."",
    ""uncertainty"": ""10""
  },
  {
    ""atom_type"": 150,
    ""element"": ""C"",
    ""chemical_environment"": ""Internal vinylic CH in a conjugated 1,3-diene motif (=CH–CH=)"",
    ""functional_group"": ""conjugated diene (1,3-diene)"",
    ""hybridization"": ""sp2"",
    ""example_molecule_smiles"": ""C=CC=C"",
    ""group_smarts"": ""[#6X3]=[#6X3]-[#6X3]=[#6X3]"",
    ""atom_specific_smarts"": ""[CHX3](=[#6X3])-[#6X3]=[#6X3]"",
    ""description"": ""One of the central vinylic CH carbons in a 1,3-diene (C=C–C=C) where the atom is single-bonded to an sp2 carbon and double-bonded to another sp2 carbon."",
    ""uncertainty"": ""25""
  },
  {
    ""atom_type"": 152,
    ""element"": ""C"",
    ""chemical_environment"": ""Primary alkyl chloride methylene carbon (RCH2Cl)"",
    ""functional_group"": ""alkyl chloride"",
    ""hybridization"": ""sp3"",
    ""example_molecule_smiles"": ""CCCl"",
    ""group_smarts"": ""[CH2]-[Cl]"",
    ""atom_specific_smarts"": ""[CH2]-[Cl]"",
    ""description"": ""Methylene carbon directly bonded to chlorine and to one sp3 carbon (primary chloride). Nearest neighbors: Cl and sp3 C."",
    ""uncertainty"": ""10""
  },
  {
    ""atom_type"": 157,
    ""element"": ""C"",
    ""chemical_environment"": ""Alpha carbon to OH in primary alcohols (CH3 or CH2 attached to –OH)"",
    ""functional_group"": ""primary alcohol"",
    ""hybridization"": ""sp3"",
    ""example_molecule_smiles"": ""CCO"",
    ""group_smarts"": ""[#6X4H3,#6X4H2]-[OX2H]"",
    ""atom_specific_smarts"": ""[CH3,CH2]-[OX2H]"",
    ""description"": ""Carbon directly bonded to a hydroxyl oxygen bearing a hydrogen (primary alcohol). Nearest neighbor: hydroxyl O–H."",
    ""uncertainty"": ""10""
  },
  {
    ""atom_type"": 158,
    ""element"": ""C"",
    ""chemical_environment"": ""Alpha carbon to OH in secondary alcohols (R2CHOH, vinylic center is CH)"",
    ""functional_group"": ""secondary alcohol"",
    ""hybridization"": ""sp3"",
    ""example_molecule_smiles"": ""CC(O)C"",
    ""group_smarts"": ""[CH](-[#6X4])(-[#6X4])-[OX2H]"",
    ""atom_specific_smarts"": ""[CH](-[#6X4])(-[#6X4])-[OX2H]"",
    ""description"": ""Secondary alcohol center carbon (CH) attached to two carbons and a hydroxyl group. Nearest neighbor: hydroxyl O–H."",
    ""uncertainty"": ""10""
  },
  {
    ""atom_type"": 159,
    ""element"": ""C"",
    ""chemical_environment"": ""Alpha carbon to OH in tertiary alcohols (R3COH, quaternary C)"",
    ""functional_group"": ""tertiary alcohol"",
    ""hybridization"": ""sp3"",
    ""example_molecule_smiles"": ""CC(C)(C)O"",
    ""group_smarts"": ""[C](-[#6X4])(-[#6X4])(-[#6X4])-[OX2H]"",
    ""atom_specific_smarts"": ""[C](-[#6X4])(-[#6X4])(-[#6X4])-[OX2H]"",
    ""description"": ""Tertiary alcohol center carbon (no hydrogens) attached to three carbons and a hydroxyl group. Nearest neighbor: hydroxyl O–H."",
    ""uncertainty"": ""10""
  }
]"
139,0.0,C  - CT   | C all-atom C: alkanes,12.011,oplsaa.lt,C,6,"Convert the following OPLS-AA atom type rows:

Atom Type Data:
- Atom index: 126
- Force field raw info: C  - C3   | DMSO
- Partial charge: 0.16
- Atomic mass: 12.011
- Element guess: C
- Atomic number: 6
- Source file: oplsaa.lt


Atom Type Data:
- Atom index: 131
- Force field raw info: C  - C~   | C in C=O for UA formamide, DMF.
- Partial charge: 0.5
- Atomic mass: 12.011
- Element guess: C
- Atomic number: 6
- Source file: oplsaa.lt


Atom Type Data:
- Atom index: 132
- Force field raw info: C  - C3   | CH3 in HCON(CH3)2 DMF
- Partial charge: 0.285
- Atomic mass: 12.011
- Element guess: C
- Atomic number: 6
- Source file: oplsaa.lt


Atom Type Data:
- Atom index: 135
- Force field raw info: C  - CT   | CH3 all-atom C: alkanes
- Partial charge: -0.18
- Atomic mass: 12.011
- Element guess: C
- Atomic number: 6
- Source file: oplsaa.lt


Atom Type Data:
- Atom index: 136
- Force field raw info: C  - CT   | CH2 all-atom C: alkanes
- Partial charge: -0.12
- Atomic mass: 12.011
- Element guess: C
- Atomic number: 6
- Source file: oplsaa.lt


Atom Type Data:
- Atom index: 137
- Force field raw info: C  - CT   | CH all-atom C: alkanes
- Partial charge: -0.06
- Atomic mass: 12.011
- Element guess: C
- Atomic number: 6
- Source file: oplsaa.lt


Atom Type Data:
- Atom index: 138
- Force field raw info: C  - CT   | CH4 all-atom C: methane mod 1/2020
- Partial charge: -0.24
- Atomic mass: 12.011
- Element guess: C
- Atomic number: 6
- Source file: oplsaa.lt


Atom Type Data:
- Atom index: 139
- Force field raw info: C  - CT   | C all-atom C: alkanes
- Partial charge: 0.0
- Atomic mass: 12.011
- Element guess: C
- Atomic number: 6
- Source file: oplsaa.lt


Atom Type Data:
- Atom index: 141
- Force field raw info: C  - CM   | alkene C (R2-C=) all atom
- Partial charge: 0.0
- Atomic mass: 12.011
- Element guess: C
- Atomic number: 6
- Source file: oplsaa.lt


Atom Type Data:
- Atom index: 142
- Force field raw info: C  - CM   | alkene C (RH-C=) all atom
- Partial charge: -0.115
- Atomic mass: 12.011
- Element guess: C
- Atomic number: 6
- Source file: oplsaa.lt


Atom Type Data:
- Atom index: 143
- Force field raw info: C  - CM   | alkene C (H2-C=) all atom
- Partial charge: -0.23
- Atomic mass: 12.011
- Element guess: C
- Atomic number: 6
- Source file: oplsaa.lt


Atom Type Data:
- Atom index: 145
- Force field raw info: C  - CA   | Benzene C - 12 site OPLS/2020
- Partial charge: -0.115
- Atomic mass: 12.011
- Element guess: C
- Atomic number: 6
- Source file: oplsaa.lt


Atom Type Data:
- Atom index: 147
- Force field raw info: C  - CB   | Naphthalene fusion C (C9)
- Partial charge: 0.0
- Atomic mass: 12.011
- Element guess: C
- Atomic number: 6
- Source file: oplsaa.lt


Atom Type Data:
- Atom index: 148
- Force field raw info: C  - CT   | all-atom C: CH3, toluene
- Partial charge: -0.065
- Atomic mass: 12.011
- Element guess: C
- Atomic number: 6
- Source file: oplsaa.lt


Atom Type Data:
- Atom index: 149
- Force field raw info: C  - CT   | all-atom C: CH2, ethyl benzene
- Partial charge: -0.005
- Atomic mass: 12.011
- Element guess: C
- Atomic number: 6
- Source file: oplsaa.lt


Atom Type Data:
- Atom index: 150
- Force field raw info: C  - C=   | diene =CH-CH=; see 178 also
- Partial charge: -0.115
- Atomic mass: 12.011
- Element guess: C
- Atomic number: 6
- Source file: oplsaa.lt


Atom Type Data:
- Atom index: 152
- Force field raw info: C  - CT   | RCH2Cl "" ""
- Partial charge: -0.006
- Atomic mass: 12.011
- Element guess: C
- Atomic number: 6
- Source file: oplsaa.lt


Atom Type Data:
- Atom index: 157
- Force field raw info: C  - CT   | all-atom C: CH3 & CH2, prim. alcohols
- Partial charge: 0.145
- Atomic mass: 12.011
- Element guess: C
- Atomic number: 6
- Source file: oplsaa.lt


Atom Type Data:
- Atom index: 158
- Force field raw info: C  - CT   | all-atom C: CH, sec. alcohols
- Partial charge: 0.205
- Atomic mass: 12.011
- Element guess: C
- Atomic number: 6
- Source file: oplsaa.lt


Atom Type Data:
- Atom index: 159
- Force field raw info: C  - CT   | all-atom C: C, tert. alcohols OPLS/2020
- Partial charge: 0.232
- Atomic mass: 12.011
- Element guess: C
- Atomic number: 6
- Source file: oplsaa.lt
","[
  {
    ""atom_type"": 126,
    ""element"": ""C"",
    ""chemical_environment"": ""Methyl carbon alpha to sulfoxide sulfur in DMSO"",
    ""functional_group"": ""sulfoxide (alkyl–S(=O)–alkyl)"",
    ""hybridization"": ""sp3"",
    ""example_molecule_smiles"": ""CS(=O)C"",
    ""group_smarts"": ""[#6X4]-[#16X3](=O)([#6])[#6]"",
    ""atom_specific_smarts"": ""[CH3]-[#16X3](=O)([#6])[#6]"",
    ""description"": ""The CH3 attached directly to a sulfoxide S that bears a single S=O and two C–S single bonds (as in DMSO). Nearest neighbor: sulfoxide S(=O)."",
    ""uncertainty"": ""20""
  },
  {
    ""atom_type"": 131,
    ""element"": ""C"",
    ""chemical_environment"": ""Amide carbonyl carbon in formamide/DMF (formyl amide C=O)"",
    ""functional_group"": ""amide (formamide-type)"",
    ""hybridization"": ""sp2"",
    ""example_molecule_smiles"": ""CN(C)C=O"",
    ""group_smarts"": ""[#6X3](=O)-[#7X3]"",
    ""atom_specific_smarts"": ""[CHX3](=O)-[#7X3]"",
    ""description"": ""The carbonyl carbon of a formyl amide (C(=O)–N) bearing one hydrogen on the carbonyl carbon; as in formamide/DMF. Nearest neighbors: O (double bond) and amide N."",
    ""uncertainty"": ""15""
  },
  {
    ""atom_type"": 132,
    ""element"": ""C"",
    ""chemical_environment"": ""N-methyl carbon in DMF (methyl attached to amide nitrogen)"",
    ""functional_group"": ""tertiary amide (N-alkyl)"",
    ""hybridization"": ""sp3"",
    ""example_molecule_smiles"": ""CN(C)C=O"",
    ""group_smarts"": ""[#6X4]-[#7X3]-[#6X3](=O)[H,#6]"",
    ""atom_specific_smarts"": ""[CH3]-[#7X3]-[#6X3](=O)[H]"",
    ""description"": ""A methyl carbon directly bonded to an amide nitrogen that is attached to a formyl carbonyl (as in DMF). Nearest neighbor: amide N."",
    ""uncertainty"": ""20""
  },
  {
    ""atom_type"": 135,
    ""element"": ""C"",
    ""chemical_environment"": ""Primary alkyl methyl carbon in alkanes"",
    ""functional_group"": ""alkane"",
    ""hybridization"": ""sp3"",
    ""example_molecule_smiles"": ""CCC"",
    ""group_smarts"": ""[CH3]-[#6X4]"",
    ""atom_specific_smarts"": ""[CH3]-[#6X4]"",
    ""description"": ""Terminal methyl carbon attached to another sp3 carbon in a saturated hydrocarbon. Nearest neighbor: sp3 C."",
    ""uncertainty"": ""5""
  },
  {
    ""atom_type"": 136,
    ""element"": ""C"",
    ""chemical_environment"": ""Secondary alkyl methylene carbon in alkanes"",
    ""functional_group"": ""alkane"",
    ""hybridization"": ""sp3"",
    ""example_molecule_smiles"": ""CCC"",
    ""group_smarts"": ""[CH2](-[#6X4])-[#6X4]"",
    ""atom_specific_smarts"": ""[CH2](-[#6X4])-[#6X4]"",
    ""description"": ""Methylene carbon bonded to two sp3 carbons in a saturated hydrocarbon chain. Nearest neighbors: two sp3 C atoms."",
    ""uncertainty"": ""5""
  },
  {
    ""atom_type"": 137,
    ""element"": ""C"",
    ""chemical_environment"": ""Tertiary alkyl methine carbon (CH) in alkanes"",
    ""functional_group"": ""alkane"",
    ""hybridization"": ""sp3"",
    ""example_molecule_smiles"": ""CC(C)CC"",
    ""group_smarts"": ""[CH](-[#6X4])(-[#6X4])-[#6X4]"",
    ""atom_specific_smarts"": ""[CH](-[#6X4])(-[#6X4])-[#6X4]"",
    ""description"": ""Tertiary methine carbon attached to three sp3 carbons and one hydrogen in a saturated hydrocarbon. Nearest neighbors: three sp3 C atoms."",
    ""uncertainty"": ""5""
  },
  {
    ""atom_type"": 138,
    ""element"": ""C"",
    ""chemical_environment"": ""Methane carbon (CH4)"",
    ""functional_group"": ""alkane"",
    ""hybridization"": ""sp3"",
    ""example_molecule_smiles"": ""C"",
    ""group_smarts"": ""[CH4]"",
    ""atom_specific_smarts"": ""[CH4]"",
    ""description"": ""Carbon in methane bearing four hydrogens."",
    ""uncertainty"": ""5""
  },
  {
    ""atom_type"": 139,
    ""element"": ""C"",
    ""chemical_environment"": ""Quaternary alkyl carbon (no hydrogens) in alkanes"",
    ""functional_group"": ""alkane"",
    ""hybridization"": ""sp3"",
    ""example_molecule_smiles"": ""CC(C)(C)C"",
    ""group_smarts"": ""[C](-[#6X4])(-[#6X4])(-[#6X4])-[#6X4]"",
    ""atom_specific_smarts"": ""[C](-[#6X4])(-[#6X4])(-[#6X4])-[#6X4]"",
    ""description"": ""Aliphatic quaternary sp3 carbon bonded to four sp3 carbons (no hydrogens). Nearest neighbors: four sp3 C atoms."",
    ""uncertainty"": ""10""
  },
  {
    ""atom_type"": 141,
    ""element"": ""C"",
    ""chemical_environment"": ""Disubstituted alkene carbon (R2C=)"",
    ""functional_group"": ""alkene"",
    ""hybridization"": ""sp2"",
    ""example_molecule_smiles"": ""C=C(C)C"",
    ""group_smarts"": ""[#6X3H0]([#6])([#6])=[#6X3]"",
    ""atom_specific_smarts"": ""[C;X3;H0]([#6])([#6])=[C;X3]"",
    ""description"": ""Vinylic sp2 carbon in an alkene bearing two carbon substituents (no vinylic hydrogens). Nearest neighbors: two C (single-bond) and one vinylic C (double-bond)."",
    ""uncertainty"": ""10""
  },
  {
    ""atom_type"": 142,
    ""element"": ""C"",
    ""chemical_environment"": ""Monosubstituted alkene carbon (RH–C=), vinylic CH"",
    ""functional_group"": ""alkene"",
    ""hybridization"": ""sp2"",
    ""example_molecule_smiles"": ""C=CC"",
    ""group_smarts"": ""[CHX3]([#6])=[#6X3]"",
    ""atom_specific_smarts"": ""[CHX3]([#6])=[C;X3]"",
    ""description"": ""Vinylic sp2 carbon in an alkene with one hydrogen and one carbon substituent. Nearest neighbors: one H, one C (single-bond), one vinylic C (double-bond)."",
    ""uncertainty"": ""10""
  },
  {
    ""atom_type"": 143,
    ""element"": ""C"",
    ""chemical_environment"": ""Terminal alkene carbon (H2C=), vinylic CH2"",
    ""functional_group"": ""alkene"",
    ""hybridization"": ""sp2"",
    ""example_molecule_smiles"": ""C=C"",
    ""group_smarts"": ""[CH2X3]=[#6X3]"",
    ""atom_specific_smarts"": ""[CH2X3]=[C;X3]"",
    ""description"": ""Vinylic sp2 methylene carbon at the terminal position of an alkene. Nearest neighbors: two H and one vinylic C (double-bond)."",
    ""uncertainty"": ""10""
  },
  {
    ""atom_type"": 145,
    ""element"": ""C"",
    ""chemical_environment"": ""Aromatic carbon in benzene ring"",
    ""functional_group"": ""benzene (aromatic)"",
    ""hybridization"": ""aromatic sp2"",
    ""example_molecule_smiles"": ""c1ccccc1"",
    ""group_smarts"": ""c1ccccc1"",
    ""atom_specific_smarts"": ""[c;r6]"",
    ""description"": ""An sp2 aromatic carbon belonging to a six-membered benzene ring. Nearest neighbors: two aromatic carbons."",
    ""uncertainty"": ""10""
  },
  {
    ""atom_type"": 147,
    ""element"": ""C"",
    ""chemical_environment"": ""Naphthalene ring-junction (fusion) aromatic carbon (C9-type)"",
    ""functional_group"": ""polycyclic aromatic (naphthalene fusion)"",
    ""hybridization"": ""aromatic sp2"",
    ""example_molecule_smiles"": ""c1ccc2ccccc2c1"",
    ""group_smarts"": ""[c;R2;r6]"",
    ""atom_specific_smarts"": ""[c;R2;r6]"",
    ""description"": ""Aromatic carbon located at the fusion junction of two rings (member of two rings) as in naphthalene. Nearest neighbors: three aromatic carbons."",
    ""uncertainty"": ""25""
  },
  {
    ""atom_type"": 148,
    ""element"": ""C"",
    ""chemical_environment"": ""Benzylic methyl carbon in toluene"",
    ""functional_group"": ""benzyl (aryl–CH3)"",
    ""hybridization"": ""sp3"",
    ""example_molecule_smiles"": ""Cc1ccccc1"",
    ""group_smarts"": ""[CH3]-[c]"",
    ""atom_specific_smarts"": ""[CH3]-[c]"",
    ""description"": ""Methyl carbon directly bonded to an aromatic ring carbon (toluene-like). Nearest neighbor: aromatic C."",
    ""uncertainty"": ""10""
  },
  {
    ""atom_type"": 149,
    ""element"": ""C"",
    ""chemical_environment"": ""Benzylic methylene carbon in ethylbenzene"",
    ""functional_group"": ""benzyl (aryl–CH2–R)"",
    ""hybridization"": ""sp3"",
    ""example_molecule_smiles"": ""CCc1ccccc1"",
    ""group_smarts"": ""[CH2](-[c])-[#6X4]"",
    ""atom_specific_smarts"": ""[CH2](-[c])-[#6X4]"",
    ""description"": ""Methylene carbon alpha to an aromatic ring and bonded to another sp3 carbon (ethylbenzene-like). Nearest neighbors: aromatic C and sp3 C."",
    ""uncertainty"": ""10""
  },
  {
    ""atom_type"": 150,
    ""element"": ""C"",
    ""chemical_environment"": ""Internal vinylic CH in a conjugated 1,3-diene motif (=CH–CH=)"",
    ""functional_group"": ""conjugated diene (1,3-diene)"",
    ""hybridization"": ""sp2"",
    ""example_molecule_smiles"": ""C=CC=C"",
    ""group_smarts"": ""[#6X3]=[#6X3]-[#6X3]=[#6X3]"",
    ""atom_specific_smarts"": ""[CHX3](=[#6X3])-[#6X3]=[#6X3]"",
    ""description"": ""One of the central vinylic CH carbons in a 1,3-diene (C=C–C=C) where the atom is single-bonded to an sp2 carbon and double-bonded to another sp2 carbon."",
    ""uncertainty"": ""25""
  },
  {
    ""atom_type"": 152,
    ""element"": ""C"",
    ""chemical_environment"": ""Primary alkyl chloride methylene carbon (RCH2Cl)"",
    ""functional_group"": ""alkyl chloride"",
    ""hybridization"": ""sp3"",
    ""example_molecule_smiles"": ""CCCl"",
    ""group_smarts"": ""[CH2]-[Cl]"",
    ""atom_specific_smarts"": ""[CH2]-[Cl]"",
    ""description"": ""Methylene carbon directly bonded to chlorine and to one sp3 carbon (primary chloride). Nearest neighbors: Cl and sp3 C."",
    ""uncertainty"": ""10""
  },
  {
    ""atom_type"": 157,
    ""element"": ""C"",
    ""chemical_environment"": ""Alpha carbon to OH in primary alcohols (CH3 or CH2 attached to –OH)"",
    ""functional_group"": ""primary alcohol"",
    ""hybridization"": ""sp3"",
    ""example_molecule_smiles"": ""CCO"",
    ""group_smarts"": ""[#6X4H3,#6X4H2]-[OX2H]"",
    ""atom_specific_smarts"": ""[CH3,CH2]-[OX2H]"",
    ""description"": ""Carbon directly bonded to a hydroxyl oxygen bearing a hydrogen (primary alcohol). Nearest neighbor: hydroxyl O–H."",
    ""uncertainty"": ""10""
  },
  {
    ""atom_type"": 158,
    ""element"": ""C"",
    ""chemical_environment"": ""Alpha carbon to OH in secondary alcohols (R2CHOH, vinylic center is CH)"",
    ""functional_group"": ""secondary alcohol"",
    ""hybridization"": ""sp3"",
    ""example_molecule_smiles"": ""CC(O)C"",
    ""group_smarts"": ""[CH](-[#6X4])(-[#6X4])-[OX2H]"",
    ""atom_specific_smarts"": ""[CH](-[#6X4])(-[#6X4])-[OX2H]"",
    ""description"": ""Secondary alcohol center carbon (CH) attached to two carbons and a hydroxyl group. Nearest neighbor: hydroxyl O–H."",
    ""uncertainty"": ""10""
  },
  {
    ""atom_type"": 159,
    ""element"": ""C"",
    ""chemical_environment"": ""Alpha carbon to OH in tertiary alcohols (R3COH, quaternary C)"",
    ""functional_group"": ""tertiary alcohol"",
    ""hybridization"": ""sp3"",
    ""example_molecule_smiles"": ""CC(C)(C)O"",
    ""group_smarts"": ""[C](-[#6X4])(-[#6X4])(-[#6X4])-[OX2H]"",
    ""atom_specific_smarts"": ""[C](-[#6X4])(-[#6X4])(-[#6X4])-[OX2H]"",
    ""description"": ""Tertiary alcohol center carbon (no hydrogens) attached to three carbons and a hydroxyl group. Nearest neighbor: hydroxyl O–H."",
    ""uncertainty"": ""10""
  }
]"
141,0.0,C  - CM   | alkene C (R2-C=) all atom,12.011,oplsaa.lt,C,6,"Convert the following OPLS-AA atom type rows:

Atom Type Data:
- Atom index: 126
- Force field raw info: C  - C3   | DMSO
- Partial charge: 0.16
- Atomic mass: 12.011
- Element guess: C
- Atomic number: 6
- Source file: oplsaa.lt


Atom Type Data:
- Atom index: 131
- Force field raw info: C  - C~   | C in C=O for UA formamide, DMF.
- Partial charge: 0.5
- Atomic mass: 12.011
- Element guess: C
- Atomic number: 6
- Source file: oplsaa.lt


Atom Type Data:
- Atom index: 132
- Force field raw info: C  - C3   | CH3 in HCON(CH3)2 DMF
- Partial charge: 0.285
- Atomic mass: 12.011
- Element guess: C
- Atomic number: 6
- Source file: oplsaa.lt


Atom Type Data:
- Atom index: 135
- Force field raw info: C  - CT   | CH3 all-atom C: alkanes
- Partial charge: -0.18
- Atomic mass: 12.011
- Element guess: C
- Atomic number: 6
- Source file: oplsaa.lt


Atom Type Data:
- Atom index: 136
- Force field raw info: C  - CT   | CH2 all-atom C: alkanes
- Partial charge: -0.12
- Atomic mass: 12.011
- Element guess: C
- Atomic number: 6
- Source file: oplsaa.lt


Atom Type Data:
- Atom index: 137
- Force field raw info: C  - CT   | CH all-atom C: alkanes
- Partial charge: -0.06
- Atomic mass: 12.011
- Element guess: C
- Atomic number: 6
- Source file: oplsaa.lt


Atom Type Data:
- Atom index: 138
- Force field raw info: C  - CT   | CH4 all-atom C: methane mod 1/2020
- Partial charge: -0.24
- Atomic mass: 12.011
- Element guess: C
- Atomic number: 6
- Source file: oplsaa.lt


Atom Type Data:
- Atom index: 139
- Force field raw info: C  - CT   | C all-atom C: alkanes
- Partial charge: 0.0
- Atomic mass: 12.011
- Element guess: C
- Atomic number: 6
- Source file: oplsaa.lt


Atom Type Data:
- Atom index: 141
- Force field raw info: C  - CM   | alkene C (R2-C=) all atom
- Partial charge: 0.0
- Atomic mass: 12.011
- Element guess: C
- Atomic number: 6
- Source file: oplsaa.lt


Atom Type Data:
- Atom index: 142
- Force field raw info: C  - CM   | alkene C (RH-C=) all atom
- Partial charge: -0.115
- Atomic mass: 12.011
- Element guess: C
- Atomic number: 6
- Source file: oplsaa.lt


Atom Type Data:
- Atom index: 143
- Force field raw info: C  - CM   | alkene C (H2-C=) all atom
- Partial charge: -0.23
- Atomic mass: 12.011
- Element guess: C
- Atomic number: 6
- Source file: oplsaa.lt


Atom Type Data:
- Atom index: 145
- Force field raw info: C  - CA   | Benzene C - 12 site OPLS/2020
- Partial charge: -0.115
- Atomic mass: 12.011
- Element guess: C
- Atomic number: 6
- Source file: oplsaa.lt


Atom Type Data:
- Atom index: 147
- Force field raw info: C  - CB   | Naphthalene fusion C (C9)
- Partial charge: 0.0
- Atomic mass: 12.011
- Element guess: C
- Atomic number: 6
- Source file: oplsaa.lt


Atom Type Data:
- Atom index: 148
- Force field raw info: C  - CT   | all-atom C: CH3, toluene
- Partial charge: -0.065
- Atomic mass: 12.011
- Element guess: C
- Atomic number: 6
- Source file: oplsaa.lt


Atom Type Data:
- Atom index: 149
- Force field raw info: C  - CT   | all-atom C: CH2, ethyl benzene
- Partial charge: -0.005
- Atomic mass: 12.011
- Element guess: C
- Atomic number: 6
- Source file: oplsaa.lt


Atom Type Data:
- Atom index: 150
- Force field raw info: C  - C=   | diene =CH-CH=; see 178 also
- Partial charge: -0.115
- Atomic mass: 12.011
- Element guess: C
- Atomic number: 6
- Source file: oplsaa.lt


Atom Type Data:
- Atom index: 152
- Force field raw info: C  - CT   | RCH2Cl "" ""
- Partial charge: -0.006
- Atomic mass: 12.011
- Element guess: C
- Atomic number: 6
- Source file: oplsaa.lt


Atom Type Data:
- Atom index: 157
- Force field raw info: C  - CT   | all-atom C: CH3 & CH2, prim. alcohols
- Partial charge: 0.145
- Atomic mass: 12.011
- Element guess: C
- Atomic number: 6
- Source file: oplsaa.lt


Atom Type Data:
- Atom index: 158
- Force field raw info: C  - CT   | all-atom C: CH, sec. alcohols
- Partial charge: 0.205
- Atomic mass: 12.011
- Element guess: C
- Atomic number: 6
- Source file: oplsaa.lt


Atom Type Data:
- Atom index: 159
- Force field raw info: C  - CT   | all-atom C: C, tert. alcohols OPLS/2020
- Partial charge: 0.232
- Atomic mass: 12.011
- Element guess: C
- Atomic number: 6
- Source file: oplsaa.lt
","[
  {
    ""atom_type"": 126,
    ""element"": ""C"",
    ""chemical_environment"": ""Methyl carbon alpha to sulfoxide sulfur in DMSO"",
    ""functional_group"": ""sulfoxide (alkyl–S(=O)–alkyl)"",
    ""hybridization"": ""sp3"",
    ""example_molecule_smiles"": ""CS(=O)C"",
    ""group_smarts"": ""[#6X4]-[#16X3](=O)([#6])[#6]"",
    ""atom_specific_smarts"": ""[CH3]-[#16X3](=O)([#6])[#6]"",
    ""description"": ""The CH3 attached directly to a sulfoxide S that bears a single S=O and two C–S single bonds (as in DMSO). Nearest neighbor: sulfoxide S(=O)."",
    ""uncertainty"": ""20""
  },
  {
    ""atom_type"": 131,
    ""element"": ""C"",
    ""chemical_environment"": ""Amide carbonyl carbon in formamide/DMF (formyl amide C=O)"",
    ""functional_group"": ""amide (formamide-type)"",
    ""hybridization"": ""sp2"",
    ""example_molecule_smiles"": ""CN(C)C=O"",
    ""group_smarts"": ""[#6X3](=O)-[#7X3]"",
    ""atom_specific_smarts"": ""[CHX3](=O)-[#7X3]"",
    ""description"": ""The carbonyl carbon of a formyl amide (C(=O)–N) bearing one hydrogen on the carbonyl carbon; as in formamide/DMF. Nearest neighbors: O (double bond) and amide N."",
    ""uncertainty"": ""15""
  },
  {
    ""atom_type"": 132,
    ""element"": ""C"",
    ""chemical_environment"": ""N-methyl carbon in DMF (methyl attached to amide nitrogen)"",
    ""functional_group"": ""tertiary amide (N-alkyl)"",
    ""hybridization"": ""sp3"",
    ""example_molecule_smiles"": ""CN(C)C=O"",
    ""group_smarts"": ""[#6X4]-[#7X3]-[#6X3](=O)[H,#6]"",
    ""atom_specific_smarts"": ""[CH3]-[#7X3]-[#6X3](=O)[H]"",
    ""description"": ""A methyl carbon directly bonded to an amide nitrogen that is attached to a formyl carbonyl (as in DMF). Nearest neighbor: amide N."",
    ""uncertainty"": ""20""
  },
  {
    ""atom_type"": 135,
    ""element"": ""C"",
    ""chemical_environment"": ""Primary alkyl methyl carbon in alkanes"",
    ""functional_group"": ""alkane"",
    ""hybridization"": ""sp3"",
    ""example_molecule_smiles"": ""CCC"",
    ""group_smarts"": ""[CH3]-[#6X4]"",
    ""atom_specific_smarts"": ""[CH3]-[#6X4]"",
    ""description"": ""Terminal methyl carbon attached to another sp3 carbon in a saturated hydrocarbon. Nearest neighbor: sp3 C."",
    ""uncertainty"": ""5""
  },
  {
    ""atom_type"": 136,
    ""element"": ""C"",
    ""chemical_environment"": ""Secondary alkyl methylene carbon in alkanes"",
    ""functional_group"": ""alkane"",
    ""hybridization"": ""sp3"",
    ""example_molecule_smiles"": ""CCC"",
    ""group_smarts"": ""[CH2](-[#6X4])-[#6X4]"",
    ""atom_specific_smarts"": ""[CH2](-[#6X4])-[#6X4]"",
    ""description"": ""Methylene carbon bonded to two sp3 carbons in a saturated hydrocarbon chain. Nearest neighbors: two sp3 C atoms."",
    ""uncertainty"": ""5""
  },
  {
    ""atom_type"": 137,
    ""element"": ""C"",
    ""chemical_environment"": ""Tertiary alkyl methine carbon (CH) in alkanes"",
    ""functional_group"": ""alkane"",
    ""hybridization"": ""sp3"",
    ""example_molecule_smiles"": ""CC(C)CC"",
    ""group_smarts"": ""[CH](-[#6X4])(-[#6X4])-[#6X4]"",
    ""atom_specific_smarts"": ""[CH](-[#6X4])(-[#6X4])-[#6X4]"",
    ""description"": ""Tertiary methine carbon attached to three sp3 carbons and one hydrogen in a saturated hydrocarbon. Nearest neighbors: three sp3 C atoms."",
    ""uncertainty"": ""5""
  },
  {
    ""atom_type"": 138,
    ""element"": ""C"",
    ""chemical_environment"": ""Methane carbon (CH4)"",
    ""functional_group"": ""alkane"",
    ""hybridization"": ""sp3"",
    ""example_molecule_smiles"": ""C"",
    ""group_smarts"": ""[CH4]"",
    ""atom_specific_smarts"": ""[CH4]"",
    ""description"": ""Carbon in methane bearing four hydrogens."",
    ""uncertainty"": ""5""
  },
  {
    ""atom_type"": 139,
    ""element"": ""C"",
    ""chemical_environment"": ""Quaternary alkyl carbon (no hydrogens) in alkanes"",
    ""functional_group"": ""alkane"",
    ""hybridization"": ""sp3"",
    ""example_molecule_smiles"": ""CC(C)(C)C"",
    ""group_smarts"": ""[C](-[#6X4])(-[#6X4])(-[#6X4])-[#6X4]"",
    ""atom_specific_smarts"": ""[C](-[#6X4])(-[#6X4])(-[#6X4])-[#6X4]"",
    ""description"": ""Aliphatic quaternary sp3 carbon bonded to four sp3 carbons (no hydrogens). Nearest neighbors: four sp3 C atoms."",
    ""uncertainty"": ""10""
  },
  {
    ""atom_type"": 141,
    ""element"": ""C"",
    ""chemical_environment"": ""Disubstituted alkene carbon (R2C=)"",
    ""functional_group"": ""alkene"",
    ""hybridization"": ""sp2"",
    ""example_molecule_smiles"": ""C=C(C)C"",
    ""group_smarts"": ""[#6X3H0]([#6])([#6])=[#6X3]"",
    ""atom_specific_smarts"": ""[C;X3;H0]([#6])([#6])=[C;X3]"",
    ""description"": ""Vinylic sp2 carbon in an alkene bearing two carbon substituents (no vinylic hydrogens). Nearest neighbors: two C (single-bond) and one vinylic C (double-bond)."",
    ""uncertainty"": ""10""
  },
  {
    ""atom_type"": 142,
    ""element"": ""C"",
    ""chemical_environment"": ""Monosubstituted alkene carbon (RH–C=), vinylic CH"",
    ""functional_group"": ""alkene"",
    ""hybridization"": ""sp2"",
    ""example_molecule_smiles"": ""C=CC"",
    ""group_smarts"": ""[CHX3]([#6])=[#6X3]"",
    ""atom_specific_smarts"": ""[CHX3]([#6])=[C;X3]"",
    ""description"": ""Vinylic sp2 carbon in an alkene with one hydrogen and one carbon substituent. Nearest neighbors: one H, one C (single-bond), one vinylic C (double-bond)."",
    ""uncertainty"": ""10""
  },
  {
    ""atom_type"": 143,
    ""element"": ""C"",
    ""chemical_environment"": ""Terminal alkene carbon (H2C=), vinylic CH2"",
    ""functional_group"": ""alkene"",
    ""hybridization"": ""sp2"",
    ""example_molecule_smiles"": ""C=C"",
    ""group_smarts"": ""[CH2X3]=[#6X3]"",
    ""atom_specific_smarts"": ""[CH2X3]=[C;X3]"",
    ""description"": ""Vinylic sp2 methylene carbon at the terminal position of an alkene. Nearest neighbors: two H and one vinylic C (double-bond)."",
    ""uncertainty"": ""10""
  },
  {
    ""atom_type"": 145,
    ""element"": ""C"",
    ""chemical_environment"": ""Aromatic carbon in benzene ring"",
    ""functional_group"": ""benzene (aromatic)"",
    ""hybridization"": ""aromatic sp2"",
    ""example_molecule_smiles"": ""c1ccccc1"",
    ""group_smarts"": ""c1ccccc1"",
    ""atom_specific_smarts"": ""[c;r6]"",
    ""description"": ""An sp2 aromatic carbon belonging to a six-membered benzene ring. Nearest neighbors: two aromatic carbons."",
    ""uncertainty"": ""10""
  },
  {
    ""atom_type"": 147,
    ""element"": ""C"",
    ""chemical_environment"": ""Naphthalene ring-junction (fusion) aromatic carbon (C9-type)"",
    ""functional_group"": ""polycyclic aromatic (naphthalene fusion)"",
    ""hybridization"": ""aromatic sp2"",
    ""example_molecule_smiles"": ""c1ccc2ccccc2c1"",
    ""group_smarts"": ""[c;R2;r6]"",
    ""atom_specific_smarts"": ""[c;R2;r6]"",
    ""description"": ""Aromatic carbon located at the fusion junction of two rings (member of two rings) as in naphthalene. Nearest neighbors: three aromatic carbons."",
    ""uncertainty"": ""25""
  },
  {
    ""atom_type"": 148,
    ""element"": ""C"",
    ""chemical_environment"": ""Benzylic methyl carbon in toluene"",
    ""functional_group"": ""benzyl (aryl–CH3)"",
    ""hybridization"": ""sp3"",
    ""example_molecule_smiles"": ""Cc1ccccc1"",
    ""group_smarts"": ""[CH3]-[c]"",
    ""atom_specific_smarts"": ""[CH3]-[c]"",
    ""description"": ""Methyl carbon directly bonded to an aromatic ring carbon (toluene-like). Nearest neighbor: aromatic C."",
    ""uncertainty"": ""10""
  },
  {
    ""atom_type"": 149,
    ""element"": ""C"",
    ""chemical_environment"": ""Benzylic methylene carbon in ethylbenzene"",
    ""functional_group"": ""benzyl (aryl–CH2–R)"",
    ""hybridization"": ""sp3"",
    ""example_molecule_smiles"": ""CCc1ccccc1"",
    ""group_smarts"": ""[CH2](-[c])-[#6X4]"",
    ""atom_specific_smarts"": ""[CH2](-[c])-[#6X4]"",
    ""description"": ""Methylene carbon alpha to an aromatic ring and bonded to another sp3 carbon (ethylbenzene-like). Nearest neighbors: aromatic C and sp3 C."",
    ""uncertainty"": ""10""
  },
  {
    ""atom_type"": 150,
    ""element"": ""C"",
    ""chemical_environment"": ""Internal vinylic CH in a conjugated 1,3-diene motif (=CH–CH=)"",
    ""functional_group"": ""conjugated diene (1,3-diene)"",
    ""hybridization"": ""sp2"",
    ""example_molecule_smiles"": ""C=CC=C"",
    ""group_smarts"": ""[#6X3]=[#6X3]-[#6X3]=[#6X3]"",
    ""atom_specific_smarts"": ""[CHX3](=[#6X3])-[#6X3]=[#6X3]"",
    ""description"": ""One of the central vinylic CH carbons in a 1,3-diene (C=C–C=C) where the atom is single-bonded to an sp2 carbon and double-bonded to another sp2 carbon."",
    ""uncertainty"": ""25""
  },
  {
    ""atom_type"": 152,
    ""element"": ""C"",
    ""chemical_environment"": ""Primary alkyl chloride methylene carbon (RCH2Cl)"",
    ""functional_group"": ""alkyl chloride"",
    ""hybridization"": ""sp3"",
    ""example_molecule_smiles"": ""CCCl"",
    ""group_smarts"": ""[CH2]-[Cl]"",
    ""atom_specific_smarts"": ""[CH2]-[Cl]"",
    ""description"": ""Methylene carbon directly bonded to chlorine and to one sp3 carbon (primary chloride). Nearest neighbors: Cl and sp3 C."",
    ""uncertainty"": ""10""
  },
  {
    ""atom_type"": 157,
    ""element"": ""C"",
    ""chemical_environment"": ""Alpha carbon to OH in primary alcohols (CH3 or CH2 attached to –OH)"",
    ""functional_group"": ""primary alcohol"",
    ""hybridization"": ""sp3"",
    ""example_molecule_smiles"": ""CCO"",
    ""group_smarts"": ""[#6X4H3,#6X4H2]-[OX2H]"",
    ""atom_specific_smarts"": ""[CH3,CH2]-[OX2H]"",
    ""description"": ""Carbon directly bonded to a hydroxyl oxygen bearing a hydrogen (primary alcohol). Nearest neighbor: hydroxyl O–H."",
    ""uncertainty"": ""10""
  },
  {
    ""atom_type"": 158,
    ""element"": ""C"",
    ""chemical_environment"": ""Alpha carbon to OH in secondary alcohols (R2CHOH, vinylic center is CH)"",
    ""functional_group"": ""secondary alcohol"",
    ""hybridization"": ""sp3"",
    ""example_molecule_smiles"": ""CC(O)C"",
    ""group_smarts"": ""[CH](-[#6X4])(-[#6X4])-[OX2H]"",
    ""atom_specific_smarts"": ""[CH](-[#6X4])(-[#6X4])-[OX2H]"",
    ""description"": ""Secondary alcohol center carbon (CH) attached to two carbons and a hydroxyl group. Nearest neighbor: hydroxyl O–H."",
    ""uncertainty"": ""10""
  },
  {
    ""atom_type"": 159,
    ""element"": ""C"",
    ""chemical_environment"": ""Alpha carbon to OH in tertiary alcohols (R3COH, quaternary C)"",
    ""functional_group"": ""tertiary alcohol"",
    ""hybridization"": ""sp3"",
    ""example_molecule_smiles"": ""CC(C)(C)O"",
    ""group_smarts"": ""[C](-[#6X4])(-[#6X4])(-[#6X4])-[OX2H]"",
    ""atom_specific_smarts"": ""[C](-[#6X4])(-[#6X4])(-[#6X4])-[OX2H]"",
    ""description"": ""Tertiary alcohol center carbon (no hydrogens) attached to three carbons and a hydroxyl group. Nearest neighbor: hydroxyl O–H."",
    ""uncertainty"": ""10""
  }
]"
142,-0.115,C  - CM   | alkene C (RH-C=) all atom,12.011,oplsaa.lt,C,6,"Convert the following OPLS-AA atom type rows:

Atom Type Data:
- Atom index: 126
- Force field raw info: C  - C3   | DMSO
- Partial charge: 0.16
- Atomic mass: 12.011
- Element guess: C
- Atomic number: 6
- Source file: oplsaa.lt


Atom Type Data:
- Atom index: 131
- Force field raw info: C  - C~   | C in C=O for UA formamide, DMF.
- Partial charge: 0.5
- Atomic mass: 12.011
- Element guess: C
- Atomic number: 6
- Source file: oplsaa.lt


Atom Type Data:
- Atom index: 132
- Force field raw info: C  - C3   | CH3 in HCON(CH3)2 DMF
- Partial charge: 0.285
- Atomic mass: 12.011
- Element guess: C
- Atomic number: 6
- Source file: oplsaa.lt


Atom Type Data:
- Atom index: 135
- Force field raw info: C  - CT   | CH3 all-atom C: alkanes
- Partial charge: -0.18
- Atomic mass: 12.011
- Element guess: C
- Atomic number: 6
- Source file: oplsaa.lt


Atom Type Data:
- Atom index: 136
- Force field raw info: C  - CT   | CH2 all-atom C: alkanes
- Partial charge: -0.12
- Atomic mass: 12.011
- Element guess: C
- Atomic number: 6
- Source file: oplsaa.lt


Atom Type Data:
- Atom index: 137
- Force field raw info: C  - CT   | CH all-atom C: alkanes
- Partial charge: -0.06
- Atomic mass: 12.011
- Element guess: C
- Atomic number: 6
- Source file: oplsaa.lt


Atom Type Data:
- Atom index: 138
- Force field raw info: C  - CT   | CH4 all-atom C: methane mod 1/2020
- Partial charge: -0.24
- Atomic mass: 12.011
- Element guess: C
- Atomic number: 6
- Source file: oplsaa.lt


Atom Type Data:
- Atom index: 139
- Force field raw info: C  - CT   | C all-atom C: alkanes
- Partial charge: 0.0
- Atomic mass: 12.011
- Element guess: C
- Atomic number: 6
- Source file: oplsaa.lt


Atom Type Data:
- Atom index: 141
- Force field raw info: C  - CM   | alkene C (R2-C=) all atom
- Partial charge: 0.0
- Atomic mass: 12.011
- Element guess: C
- Atomic number: 6
- Source file: oplsaa.lt


Atom Type Data:
- Atom index: 142
- Force field raw info: C  - CM   | alkene C (RH-C=) all atom
- Partial charge: -0.115
- Atomic mass: 12.011
- Element guess: C
- Atomic number: 6
- Source file: oplsaa.lt


Atom Type Data:
- Atom index: 143
- Force field raw info: C  - CM   | alkene C (H2-C=) all atom
- Partial charge: -0.23
- Atomic mass: 12.011
- Element guess: C
- Atomic number: 6
- Source file: oplsaa.lt


Atom Type Data:
- Atom index: 145
- Force field raw info: C  - CA   | Benzene C - 12 site OPLS/2020
- Partial charge: -0.115
- Atomic mass: 12.011
- Element guess: C
- Atomic number: 6
- Source file: oplsaa.lt


Atom Type Data:
- Atom index: 147
- Force field raw info: C  - CB   | Naphthalene fusion C (C9)
- Partial charge: 0.0
- Atomic mass: 12.011
- Element guess: C
- Atomic number: 6
- Source file: oplsaa.lt


Atom Type Data:
- Atom index: 148
- Force field raw info: C  - CT   | all-atom C: CH3, toluene
- Partial charge: -0.065
- Atomic mass: 12.011
- Element guess: C
- Atomic number: 6
- Source file: oplsaa.lt


Atom Type Data:
- Atom index: 149
- Force field raw info: C  - CT   | all-atom C: CH2, ethyl benzene
- Partial charge: -0.005
- Atomic mass: 12.011
- Element guess: C
- Atomic number: 6
- Source file: oplsaa.lt


Atom Type Data:
- Atom index: 150
- Force field raw info: C  - C=   | diene =CH-CH=; see 178 also
- Partial charge: -0.115
- Atomic mass: 12.011
- Element guess: C
- Atomic number: 6
- Source file: oplsaa.lt


Atom Type Data:
- Atom index: 152
- Force field raw info: C  - CT   | RCH2Cl "" ""
- Partial charge: -0.006
- Atomic mass: 12.011
- Element guess: C
- Atomic number: 6
- Source file: oplsaa.lt


Atom Type Data:
- Atom index: 157
- Force field raw info: C  - CT   | all-atom C: CH3 & CH2, prim. alcohols
- Partial charge: 0.145
- Atomic mass: 12.011
- Element guess: C
- Atomic number: 6
- Source file: oplsaa.lt


Atom Type Data:
- Atom index: 158
- Force field raw info: C  - CT   | all-atom C: CH, sec. alcohols
- Partial charge: 0.205
- Atomic mass: 12.011
- Element guess: C
- Atomic number: 6
- Source file: oplsaa.lt


Atom Type Data:
- Atom index: 159
- Force field raw info: C  - CT   | all-atom C: C, tert. alcohols OPLS/2020
- Partial charge: 0.232
- Atomic mass: 12.011
- Element guess: C
- Atomic number: 6
- Source file: oplsaa.lt
","[
  {
    ""atom_type"": 126,
    ""element"": ""C"",
    ""chemical_environment"": ""Methyl carbon alpha to sulfoxide sulfur in DMSO"",
    ""functional_group"": ""sulfoxide (alkyl–S(=O)–alkyl)"",
    ""hybridization"": ""sp3"",
    ""example_molecule_smiles"": ""CS(=O)C"",
    ""group_smarts"": ""[#6X4]-[#16X3](=O)([#6])[#6]"",
    ""atom_specific_smarts"": ""[CH3]-[#16X3](=O)([#6])[#6]"",
    ""description"": ""The CH3 attached directly to a sulfoxide S that bears a single S=O and two C–S single bonds (as in DMSO). Nearest neighbor: sulfoxide S(=O)."",
    ""uncertainty"": ""20""
  },
  {
    ""atom_type"": 131,
    ""element"": ""C"",
    ""chemical_environment"": ""Amide carbonyl carbon in formamide/DMF (formyl amide C=O)"",
    ""functional_group"": ""amide (formamide-type)"",
    ""hybridization"": ""sp2"",
    ""example_molecule_smiles"": ""CN(C)C=O"",
    ""group_smarts"": ""[#6X3](=O)-[#7X3]"",
    ""atom_specific_smarts"": ""[CHX3](=O)-[#7X3]"",
    ""description"": ""The carbonyl carbon of a formyl amide (C(=O)–N) bearing one hydrogen on the carbonyl carbon; as in formamide/DMF. Nearest neighbors: O (double bond) and amide N."",
    ""uncertainty"": ""15""
  },
  {
    ""atom_type"": 132,
    ""element"": ""C"",
    ""chemical_environment"": ""N-methyl carbon in DMF (methyl attached to amide nitrogen)"",
    ""functional_group"": ""tertiary amide (N-alkyl)"",
    ""hybridization"": ""sp3"",
    ""example_molecule_smiles"": ""CN(C)C=O"",
    ""group_smarts"": ""[#6X4]-[#7X3]-[#6X3](=O)[H,#6]"",
    ""atom_specific_smarts"": ""[CH3]-[#7X3]-[#6X3](=O)[H]"",
    ""description"": ""A methyl carbon directly bonded to an amide nitrogen that is attached to a formyl carbonyl (as in DMF). Nearest neighbor: amide N."",
    ""uncertainty"": ""20""
  },
  {
    ""atom_type"": 135,
    ""element"": ""C"",
    ""chemical_environment"": ""Primary alkyl methyl carbon in alkanes"",
    ""functional_group"": ""alkane"",
    ""hybridization"": ""sp3"",
    ""example_molecule_smiles"": ""CCC"",
    ""group_smarts"": ""[CH3]-[#6X4]"",
    ""atom_specific_smarts"": ""[CH3]-[#6X4]"",
    ""description"": ""Terminal methyl carbon attached to another sp3 carbon in a saturated hydrocarbon. Nearest neighbor: sp3 C."",
    ""uncertainty"": ""5""
  },
  {
    ""atom_type"": 136,
    ""element"": ""C"",
    ""chemical_environment"": ""Secondary alkyl methylene carbon in alkanes"",
    ""functional_group"": ""alkane"",
    ""hybridization"": ""sp3"",
    ""example_molecule_smiles"": ""CCC"",
    ""group_smarts"": ""[CH2](-[#6X4])-[#6X4]"",
    ""atom_specific_smarts"": ""[CH2](-[#6X4])-[#6X4]"",
    ""description"": ""Methylene carbon bonded to two sp3 carbons in a saturated hydrocarbon chain. Nearest neighbors: two sp3 C atoms."",
    ""uncertainty"": ""5""
  },
  {
    ""atom_type"": 137,
    ""element"": ""C"",
    ""chemical_environment"": ""Tertiary alkyl methine carbon (CH) in alkanes"",
    ""functional_group"": ""alkane"",
    ""hybridization"": ""sp3"",
    ""example_molecule_smiles"": ""CC(C)CC"",
    ""group_smarts"": ""[CH](-[#6X4])(-[#6X4])-[#6X4]"",
    ""atom_specific_smarts"": ""[CH](-[#6X4])(-[#6X4])-[#6X4]"",
    ""description"": ""Tertiary methine carbon attached to three sp3 carbons and one hydrogen in a saturated hydrocarbon. Nearest neighbors: three sp3 C atoms."",
    ""uncertainty"": ""5""
  },
  {
    ""atom_type"": 138,
    ""element"": ""C"",
    ""chemical_environment"": ""Methane carbon (CH4)"",
    ""functional_group"": ""alkane"",
    ""hybridization"": ""sp3"",
    ""example_molecule_smiles"": ""C"",
    ""group_smarts"": ""[CH4]"",
    ""atom_specific_smarts"": ""[CH4]"",
    ""description"": ""Carbon in methane bearing four hydrogens."",
    ""uncertainty"": ""5""
  },
  {
    ""atom_type"": 139,
    ""element"": ""C"",
    ""chemical_environment"": ""Quaternary alkyl carbon (no hydrogens) in alkanes"",
    ""functional_group"": ""alkane"",
    ""hybridization"": ""sp3"",
    ""example_molecule_smiles"": ""CC(C)(C)C"",
    ""group_smarts"": ""[C](-[#6X4])(-[#6X4])(-[#6X4])-[#6X4]"",
    ""atom_specific_smarts"": ""[C](-[#6X4])(-[#6X4])(-[#6X4])-[#6X4]"",
    ""description"": ""Aliphatic quaternary sp3 carbon bonded to four sp3 carbons (no hydrogens). Nearest neighbors: four sp3 C atoms."",
    ""uncertainty"": ""10""
  },
  {
    ""atom_type"": 141,
    ""element"": ""C"",
    ""chemical_environment"": ""Disubstituted alkene carbon (R2C=)"",
    ""functional_group"": ""alkene"",
    ""hybridization"": ""sp2"",
    ""example_molecule_smiles"": ""C=C(C)C"",
    ""group_smarts"": ""[#6X3H0]([#6])([#6])=[#6X3]"",
    ""atom_specific_smarts"": ""[C;X3;H0]([#6])([#6])=[C;X3]"",
    ""description"": ""Vinylic sp2 carbon in an alkene bearing two carbon substituents (no vinylic hydrogens). Nearest neighbors: two C (single-bond) and one vinylic C (double-bond)."",
    ""uncertainty"": ""10""
  },
  {
    ""atom_type"": 142,
    ""element"": ""C"",
    ""chemical_environment"": ""Monosubstituted alkene carbon (RH–C=), vinylic CH"",
    ""functional_group"": ""alkene"",
    ""hybridization"": ""sp2"",
    ""example_molecule_smiles"": ""C=CC"",
    ""group_smarts"": ""[CHX3]([#6])=[#6X3]"",
    ""atom_specific_smarts"": ""[CHX3]([#6])=[C;X3]"",
    ""description"": ""Vinylic sp2 carbon in an alkene with one hydrogen and one carbon substituent. Nearest neighbors: one H, one C (single-bond), one vinylic C (double-bond)."",
    ""uncertainty"": ""10""
  },
  {
    ""atom_type"": 143,
    ""element"": ""C"",
    ""chemical_environment"": ""Terminal alkene carbon (H2C=), vinylic CH2"",
    ""functional_group"": ""alkene"",
    ""hybridization"": ""sp2"",
    ""example_molecule_smiles"": ""C=C"",
    ""group_smarts"": ""[CH2X3]=[#6X3]"",
    ""atom_specific_smarts"": ""[CH2X3]=[C;X3]"",
    ""description"": ""Vinylic sp2 methylene carbon at the terminal position of an alkene. Nearest neighbors: two H and one vinylic C (double-bond)."",
    ""uncertainty"": ""10""
  },
  {
    ""atom_type"": 145,
    ""element"": ""C"",
    ""chemical_environment"": ""Aromatic carbon in benzene ring"",
    ""functional_group"": ""benzene (aromatic)"",
    ""hybridization"": ""aromatic sp2"",
    ""example_molecule_smiles"": ""c1ccccc1"",
    ""group_smarts"": ""c1ccccc1"",
    ""atom_specific_smarts"": ""[c;r6]"",
    ""description"": ""An sp2 aromatic carbon belonging to a six-membered benzene ring. Nearest neighbors: two aromatic carbons."",
    ""uncertainty"": ""10""
  },
  {
    ""atom_type"": 147,
    ""element"": ""C"",
    ""chemical_environment"": ""Naphthalene ring-junction (fusion) aromatic carbon (C9-type)"",
    ""functional_group"": ""polycyclic aromatic (naphthalene fusion)"",
    ""hybridization"": ""aromatic sp2"",
    ""example_molecule_smiles"": ""c1ccc2ccccc2c1"",
    ""group_smarts"": ""[c;R2;r6]"",
    ""atom_specific_smarts"": ""[c;R2;r6]"",
    ""description"": ""Aromatic carbon located at the fusion junction of two rings (member of two rings) as in naphthalene. Nearest neighbors: three aromatic carbons."",
    ""uncertainty"": ""25""
  },
  {
    ""atom_type"": 148,
    ""element"": ""C"",
    ""chemical_environment"": ""Benzylic methyl carbon in toluene"",
    ""functional_group"": ""benzyl (aryl–CH3)"",
    ""hybridization"": ""sp3"",
    ""example_molecule_smiles"": ""Cc1ccccc1"",
    ""group_smarts"": ""[CH3]-[c]"",
    ""atom_specific_smarts"": ""[CH3]-[c]"",
    ""description"": ""Methyl carbon directly bonded to an aromatic ring carbon (toluene-like). Nearest neighbor: aromatic C."",
    ""uncertainty"": ""10""
  },
  {
    ""atom_type"": 149,
    ""element"": ""C"",
    ""chemical_environment"": ""Benzylic methylene carbon in ethylbenzene"",
    ""functional_group"": ""benzyl (aryl–CH2–R)"",
    ""hybridization"": ""sp3"",
    ""example_molecule_smiles"": ""CCc1ccccc1"",
    ""group_smarts"": ""[CH2](-[c])-[#6X4]"",
    ""atom_specific_smarts"": ""[CH2](-[c])-[#6X4]"",
    ""description"": ""Methylene carbon alpha to an aromatic ring and bonded to another sp3 carbon (ethylbenzene-like). Nearest neighbors: aromatic C and sp3 C."",
    ""uncertainty"": ""10""
  },
  {
    ""atom_type"": 150,
    ""element"": ""C"",
    ""chemical_environment"": ""Internal vinylic CH in a conjugated 1,3-diene motif (=CH–CH=)"",
    ""functional_group"": ""conjugated diene (1,3-diene)"",
    ""hybridization"": ""sp2"",
    ""example_molecule_smiles"": ""C=CC=C"",
    ""group_smarts"": ""[#6X3]=[#6X3]-[#6X3]=[#6X3]"",
    ""atom_specific_smarts"": ""[CHX3](=[#6X3])-[#6X3]=[#6X3]"",
    ""description"": ""One of the central vinylic CH carbons in a 1,3-diene (C=C–C=C) where the atom is single-bonded to an sp2 carbon and double-bonded to another sp2 carbon."",
    ""uncertainty"": ""25""
  },
  {
    ""atom_type"": 152,
    ""element"": ""C"",
    ""chemical_environment"": ""Primary alkyl chloride methylene carbon (RCH2Cl)"",
    ""functional_group"": ""alkyl chloride"",
    ""hybridization"": ""sp3"",
    ""example_molecule_smiles"": ""CCCl"",
    ""group_smarts"": ""[CH2]-[Cl]"",
    ""atom_specific_smarts"": ""[CH2]-[Cl]"",
    ""description"": ""Methylene carbon directly bonded to chlorine and to one sp3 carbon (primary chloride). Nearest neighbors: Cl and sp3 C."",
    ""uncertainty"": ""10""
  },
  {
    ""atom_type"": 157,
    ""element"": ""C"",
    ""chemical_environment"": ""Alpha carbon to OH in primary alcohols (CH3 or CH2 attached to –OH)"",
    ""functional_group"": ""primary alcohol"",
    ""hybridization"": ""sp3"",
    ""example_molecule_smiles"": ""CCO"",
    ""group_smarts"": ""[#6X4H3,#6X4H2]-[OX2H]"",
    ""atom_specific_smarts"": ""[CH3,CH2]-[OX2H]"",
    ""description"": ""Carbon directly bonded to a hydroxyl oxygen bearing a hydrogen (primary alcohol). Nearest neighbor: hydroxyl O–H."",
    ""uncertainty"": ""10""
  },
  {
    ""atom_type"": 158,
    ""element"": ""C"",
    ""chemical_environment"": ""Alpha carbon to OH in secondary alcohols (R2CHOH, vinylic center is CH)"",
    ""functional_group"": ""secondary alcohol"",
    ""hybridization"": ""sp3"",
    ""example_molecule_smiles"": ""CC(O)C"",
    ""group_smarts"": ""[CH](-[#6X4])(-[#6X4])-[OX2H]"",
    ""atom_specific_smarts"": ""[CH](-[#6X4])(-[#6X4])-[OX2H]"",
    ""description"": ""Secondary alcohol center carbon (CH) attached to two carbons and a hydroxyl group. Nearest neighbor: hydroxyl O–H."",
    ""uncertainty"": ""10""
  },
  {
    ""atom_type"": 159,
    ""element"": ""C"",
    ""chemical_environment"": ""Alpha carbon to OH in tertiary alcohols (R3COH, quaternary C)"",
    ""functional_group"": ""tertiary alcohol"",
    ""hybridization"": ""sp3"",
    ""example_molecule_smiles"": ""CC(C)(C)O"",
    ""group_smarts"": ""[C](-[#6X4])(-[#6X4])(-[#6X4])-[OX2H]"",
    ""atom_specific_smarts"": ""[C](-[#6X4])(-[#6X4])(-[#6X4])-[OX2H]"",
    ""description"": ""Tertiary alcohol center carbon (no hydrogens) attached to three carbons and a hydroxyl group. Nearest neighbor: hydroxyl O–H."",
    ""uncertainty"": ""10""
  }
]"
143,-0.23,C  - CM   | alkene C (H2-C=) all atom,12.011,oplsaa.lt,C,6,"Convert the following OPLS-AA atom type rows:

Atom Type Data:
- Atom index: 126
- Force field raw info: C  - C3   | DMSO
- Partial charge: 0.16
- Atomic mass: 12.011
- Element guess: C
- Atomic number: 6
- Source file: oplsaa.lt


Atom Type Data:
- Atom index: 131
- Force field raw info: C  - C~   | C in C=O for UA formamide, DMF.
- Partial charge: 0.5
- Atomic mass: 12.011
- Element guess: C
- Atomic number: 6
- Source file: oplsaa.lt


Atom Type Data:
- Atom index: 132
- Force field raw info: C  - C3   | CH3 in HCON(CH3)2 DMF
- Partial charge: 0.285
- Atomic mass: 12.011
- Element guess: C
- Atomic number: 6
- Source file: oplsaa.lt


Atom Type Data:
- Atom index: 135
- Force field raw info: C  - CT   | CH3 all-atom C: alkanes
- Partial charge: -0.18
- Atomic mass: 12.011
- Element guess: C
- Atomic number: 6
- Source file: oplsaa.lt


Atom Type Data:
- Atom index: 136
- Force field raw info: C  - CT   | CH2 all-atom C: alkanes
- Partial charge: -0.12
- Atomic mass: 12.011
- Element guess: C
- Atomic number: 6
- Source file: oplsaa.lt


Atom Type Data:
- Atom index: 137
- Force field raw info: C  - CT   | CH all-atom C: alkanes
- Partial charge: -0.06
- Atomic mass: 12.011
- Element guess: C
- Atomic number: 6
- Source file: oplsaa.lt


Atom Type Data:
- Atom index: 138
- Force field raw info: C  - CT   | CH4 all-atom C: methane mod 1/2020
- Partial charge: -0.24
- Atomic mass: 12.011
- Element guess: C
- Atomic number: 6
- Source file: oplsaa.lt


Atom Type Data:
- Atom index: 139
- Force field raw info: C  - CT   | C all-atom C: alkanes
- Partial charge: 0.0
- Atomic mass: 12.011
- Element guess: C
- Atomic number: 6
- Source file: oplsaa.lt


Atom Type Data:
- Atom index: 141
- Force field raw info: C  - CM   | alkene C (R2-C=) all atom
- Partial charge: 0.0
- Atomic mass: 12.011
- Element guess: C
- Atomic number: 6
- Source file: oplsaa.lt


Atom Type Data:
- Atom index: 142
- Force field raw info: C  - CM   | alkene C (RH-C=) all atom
- Partial charge: -0.115
- Atomic mass: 12.011
- Element guess: C
- Atomic number: 6
- Source file: oplsaa.lt


Atom Type Data:
- Atom index: 143
- Force field raw info: C  - CM   | alkene C (H2-C=) all atom
- Partial charge: -0.23
- Atomic mass: 12.011
- Element guess: C
- Atomic number: 6
- Source file: oplsaa.lt


Atom Type Data:
- Atom index: 145
- Force field raw info: C  - CA   | Benzene C - 12 site OPLS/2020
- Partial charge: -0.115
- Atomic mass: 12.011
- Element guess: C
- Atomic number: 6
- Source file: oplsaa.lt


Atom Type Data:
- Atom index: 147
- Force field raw info: C  - CB   | Naphthalene fusion C (C9)
- Partial charge: 0.0
- Atomic mass: 12.011
- Element guess: C
- Atomic number: 6
- Source file: oplsaa.lt


Atom Type Data:
- Atom index: 148
- Force field raw info: C  - CT   | all-atom C: CH3, toluene
- Partial charge: -0.065
- Atomic mass: 12.011
- Element guess: C
- Atomic number: 6
- Source file: oplsaa.lt


Atom Type Data:
- Atom index: 149
- Force field raw info: C  - CT   | all-atom C: CH2, ethyl benzene
- Partial charge: -0.005
- Atomic mass: 12.011
- Element guess: C
- Atomic number: 6
- Source file: oplsaa.lt


Atom Type Data:
- Atom index: 150
- Force field raw info: C  - C=   | diene =CH-CH=; see 178 also
- Partial charge: -0.115
- Atomic mass: 12.011
- Element guess: C
- Atomic number: 6
- Source file: oplsaa.lt


Atom Type Data:
- Atom index: 152
- Force field raw info: C  - CT   | RCH2Cl "" ""
- Partial charge: -0.006
- Atomic mass: 12.011
- Element guess: C
- Atomic number: 6
- Source file: oplsaa.lt


Atom Type Data:
- Atom index: 157
- Force field raw info: C  - CT   | all-atom C: CH3 & CH2, prim. alcohols
- Partial charge: 0.145
- Atomic mass: 12.011
- Element guess: C
- Atomic number: 6
- Source file: oplsaa.lt


Atom Type Data:
- Atom index: 158
- Force field raw info: C  - CT   | all-atom C: CH, sec. alcohols
- Partial charge: 0.205
- Atomic mass: 12.011
- Element guess: C
- Atomic number: 6
- Source file: oplsaa.lt


Atom Type Data:
- Atom index: 159
- Force field raw info: C  - CT   | all-atom C: C, tert. alcohols OPLS/2020
- Partial charge: 0.232
- Atomic mass: 12.011
- Element guess: C
- Atomic number: 6
- Source file: oplsaa.lt
","[
  {
    ""atom_type"": 126,
    ""element"": ""C"",
    ""chemical_environment"": ""Methyl carbon alpha to sulfoxide sulfur in DMSO"",
    ""functional_group"": ""sulfoxide (alkyl–S(=O)–alkyl)"",
    ""hybridization"": ""sp3"",
    ""example_molecule_smiles"": ""CS(=O)C"",
    ""group_smarts"": ""[#6X4]-[#16X3](=O)([#6])[#6]"",
    ""atom_specific_smarts"": ""[CH3]-[#16X3](=O)([#6])[#6]"",
    ""description"": ""The CH3 attached directly to a sulfoxide S that bears a single S=O and two C–S single bonds (as in DMSO). Nearest neighbor: sulfoxide S(=O)."",
    ""uncertainty"": ""20""
  },
  {
    ""atom_type"": 131,
    ""element"": ""C"",
    ""chemical_environment"": ""Amide carbonyl carbon in formamide/DMF (formyl amide C=O)"",
    ""functional_group"": ""amide (formamide-type)"",
    ""hybridization"": ""sp2"",
    ""example_molecule_smiles"": ""CN(C)C=O"",
    ""group_smarts"": ""[#6X3](=O)-[#7X3]"",
    ""atom_specific_smarts"": ""[CHX3](=O)-[#7X3]"",
    ""description"": ""The carbonyl carbon of a formyl amide (C(=O)–N) bearing one hydrogen on the carbonyl carbon; as in formamide/DMF. Nearest neighbors: O (double bond) and amide N."",
    ""uncertainty"": ""15""
  },
  {
    ""atom_type"": 132,
    ""element"": ""C"",
    ""chemical_environment"": ""N-methyl carbon in DMF (methyl attached to amide nitrogen)"",
    ""functional_group"": ""tertiary amide (N-alkyl)"",
    ""hybridization"": ""sp3"",
    ""example_molecule_smiles"": ""CN(C)C=O"",
    ""group_smarts"": ""[#6X4]-[#7X3]-[#6X3](=O)[H,#6]"",
    ""atom_specific_smarts"": ""[CH3]-[#7X3]-[#6X3](=O)[H]"",
    ""description"": ""A methyl carbon directly bonded to an amide nitrogen that is attached to a formyl carbonyl (as in DMF). Nearest neighbor: amide N."",
    ""uncertainty"": ""20""
  },
  {
    ""atom_type"": 135,
    ""element"": ""C"",
    ""chemical_environment"": ""Primary alkyl methyl carbon in alkanes"",
    ""functional_group"": ""alkane"",
    ""hybridization"": ""sp3"",
    ""example_molecule_smiles"": ""CCC"",
    ""group_smarts"": ""[CH3]-[#6X4]"",
    ""atom_specific_smarts"": ""[CH3]-[#6X4]"",
    ""description"": ""Terminal methyl carbon attached to another sp3 carbon in a saturated hydrocarbon. Nearest neighbor: sp3 C."",
    ""uncertainty"": ""5""
  },
  {
    ""atom_type"": 136,
    ""element"": ""C"",
    ""chemical_environment"": ""Secondary alkyl methylene carbon in alkanes"",
    ""functional_group"": ""alkane"",
    ""hybridization"": ""sp3"",
    ""example_molecule_smiles"": ""CCC"",
    ""group_smarts"": ""[CH2](-[#6X4])-[#6X4]"",
    ""atom_specific_smarts"": ""[CH2](-[#6X4])-[#6X4]"",
    ""description"": ""Methylene carbon bonded to two sp3 carbons in a saturated hydrocarbon chain. Nearest neighbors: two sp3 C atoms."",
    ""uncertainty"": ""5""
  },
  {
    ""atom_type"": 137,
    ""element"": ""C"",
    ""chemical_environment"": ""Tertiary alkyl methine carbon (CH) in alkanes"",
    ""functional_group"": ""alkane"",
    ""hybridization"": ""sp3"",
    ""example_molecule_smiles"": ""CC(C)CC"",
    ""group_smarts"": ""[CH](-[#6X4])(-[#6X4])-[#6X4]"",
    ""atom_specific_smarts"": ""[CH](-[#6X4])(-[#6X4])-[#6X4]"",
    ""description"": ""Tertiary methine carbon attached to three sp3 carbons and one hydrogen in a saturated hydrocarbon. Nearest neighbors: three sp3 C atoms."",
    ""uncertainty"": ""5""
  },
  {
    ""atom_type"": 138,
    ""element"": ""C"",
    ""chemical_environment"": ""Methane carbon (CH4)"",
    ""functional_group"": ""alkane"",
    ""hybridization"": ""sp3"",
    ""example_molecule_smiles"": ""C"",
    ""group_smarts"": ""[CH4]"",
    ""atom_specific_smarts"": ""[CH4]"",
    ""description"": ""Carbon in methane bearing four hydrogens."",
    ""uncertainty"": ""5""
  },
  {
    ""atom_type"": 139,
    ""element"": ""C"",
    ""chemical_environment"": ""Quaternary alkyl carbon (no hydrogens) in alkanes"",
    ""functional_group"": ""alkane"",
    ""hybridization"": ""sp3"",
    ""example_molecule_smiles"": ""CC(C)(C)C"",
    ""group_smarts"": ""[C](-[#6X4])(-[#6X4])(-[#6X4])-[#6X4]"",
    ""atom_specific_smarts"": ""[C](-[#6X4])(-[#6X4])(-[#6X4])-[#6X4]"",
    ""description"": ""Aliphatic quaternary sp3 carbon bonded to four sp3 carbons (no hydrogens). Nearest neighbors: four sp3 C atoms."",
    ""uncertainty"": ""10""
  },
  {
    ""atom_type"": 141,
    ""element"": ""C"",
    ""chemical_environment"": ""Disubstituted alkene carbon (R2C=)"",
    ""functional_group"": ""alkene"",
    ""hybridization"": ""sp2"",
    ""example_molecule_smiles"": ""C=C(C)C"",
    ""group_smarts"": ""[#6X3H0]([#6])([#6])=[#6X3]"",
    ""atom_specific_smarts"": ""[C;X3;H0]([#6])([#6])=[C;X3]"",
    ""description"": ""Vinylic sp2 carbon in an alkene bearing two carbon substituents (no vinylic hydrogens). Nearest neighbors: two C (single-bond) and one vinylic C (double-bond)."",
    ""uncertainty"": ""10""
  },
  {
    ""atom_type"": 142,
    ""element"": ""C"",
    ""chemical_environment"": ""Monosubstituted alkene carbon (RH–C=), vinylic CH"",
    ""functional_group"": ""alkene"",
    ""hybridization"": ""sp2"",
    ""example_molecule_smiles"": ""C=CC"",
    ""group_smarts"": ""[CHX3]([#6])=[#6X3]"",
    ""atom_specific_smarts"": ""[CHX3]([#6])=[C;X3]"",
    ""description"": ""Vinylic sp2 carbon in an alkene with one hydrogen and one carbon substituent. Nearest neighbors: one H, one C (single-bond), one vinylic C (double-bond)."",
    ""uncertainty"": ""10""
  },
  {
    ""atom_type"": 143,
    ""element"": ""C"",
    ""chemical_environment"": ""Terminal alkene carbon (H2C=), vinylic CH2"",
    ""functional_group"": ""alkene"",
    ""hybridization"": ""sp2"",
    ""example_molecule_smiles"": ""C=C"",
    ""group_smarts"": ""[CH2X3]=[#6X3]"",
    ""atom_specific_smarts"": ""[CH2X3]=[C;X3]"",
    ""description"": ""Vinylic sp2 methylene carbon at the terminal position of an alkene. Nearest neighbors: two H and one vinylic C (double-bond)."",
    ""uncertainty"": ""10""
  },
  {
    ""atom_type"": 145,
    ""element"": ""C"",
    ""chemical_environment"": ""Aromatic carbon in benzene ring"",
    ""functional_group"": ""benzene (aromatic)"",
    ""hybridization"": ""aromatic sp2"",
    ""example_molecule_smiles"": ""c1ccccc1"",
    ""group_smarts"": ""c1ccccc1"",
    ""atom_specific_smarts"": ""[c;r6]"",
    ""description"": ""An sp2 aromatic carbon belonging to a six-membered benzene ring. Nearest neighbors: two aromatic carbons."",
    ""uncertainty"": ""10""
  },
  {
    ""atom_type"": 147,
    ""element"": ""C"",
    ""chemical_environment"": ""Naphthalene ring-junction (fusion) aromatic carbon (C9-type)"",
    ""functional_group"": ""polycyclic aromatic (naphthalene fusion)"",
    ""hybridization"": ""aromatic sp2"",
    ""example_molecule_smiles"": ""c1ccc2ccccc2c1"",
    ""group_smarts"": ""[c;R2;r6]"",
    ""atom_specific_smarts"": ""[c;R2;r6]"",
    ""description"": ""Aromatic carbon located at the fusion junction of two rings (member of two rings) as in naphthalene. Nearest neighbors: three aromatic carbons."",
    ""uncertainty"": ""25""
  },
  {
    ""atom_type"": 148,
    ""element"": ""C"",
    ""chemical_environment"": ""Benzylic methyl carbon in toluene"",
    ""functional_group"": ""benzyl (aryl–CH3)"",
    ""hybridization"": ""sp3"",
    ""example_molecule_smiles"": ""Cc1ccccc1"",
    ""group_smarts"": ""[CH3]-[c]"",
    ""atom_specific_smarts"": ""[CH3]-[c]"",
    ""description"": ""Methyl carbon directly bonded to an aromatic ring carbon (toluene-like). Nearest neighbor: aromatic C."",
    ""uncertainty"": ""10""
  },
  {
    ""atom_type"": 149,
    ""element"": ""C"",
    ""chemical_environment"": ""Benzylic methylene carbon in ethylbenzene"",
    ""functional_group"": ""benzyl (aryl–CH2–R)"",
    ""hybridization"": ""sp3"",
    ""example_molecule_smiles"": ""CCc1ccccc1"",
    ""group_smarts"": ""[CH2](-[c])-[#6X4]"",
    ""atom_specific_smarts"": ""[CH2](-[c])-[#6X4]"",
    ""description"": ""Methylene carbon alpha to an aromatic ring and bonded to another sp3 carbon (ethylbenzene-like). Nearest neighbors: aromatic C and sp3 C."",
    ""uncertainty"": ""10""
  },
  {
    ""atom_type"": 150,
    ""element"": ""C"",
    ""chemical_environment"": ""Internal vinylic CH in a conjugated 1,3-diene motif (=CH–CH=)"",
    ""functional_group"": ""conjugated diene (1,3-diene)"",
    ""hybridization"": ""sp2"",
    ""example_molecule_smiles"": ""C=CC=C"",
    ""group_smarts"": ""[#6X3]=[#6X3]-[#6X3]=[#6X3]"",
    ""atom_specific_smarts"": ""[CHX3](=[#6X3])-[#6X3]=[#6X3]"",
    ""description"": ""One of the central vinylic CH carbons in a 1,3-diene (C=C–C=C) where the atom is single-bonded to an sp2 carbon and double-bonded to another sp2 carbon."",
    ""uncertainty"": ""25""
  },
  {
    ""atom_type"": 152,
    ""element"": ""C"",
    ""chemical_environment"": ""Primary alkyl chloride methylene carbon (RCH2Cl)"",
    ""functional_group"": ""alkyl chloride"",
    ""hybridization"": ""sp3"",
    ""example_molecule_smiles"": ""CCCl"",
    ""group_smarts"": ""[CH2]-[Cl]"",
    ""atom_specific_smarts"": ""[CH2]-[Cl]"",
    ""description"": ""Methylene carbon directly bonded to chlorine and to one sp3 carbon (primary chloride). Nearest neighbors: Cl and sp3 C."",
    ""uncertainty"": ""10""
  },
  {
    ""atom_type"": 157,
    ""element"": ""C"",
    ""chemical_environment"": ""Alpha carbon to OH in primary alcohols (CH3 or CH2 attached to –OH)"",
    ""functional_group"": ""primary alcohol"",
    ""hybridization"": ""sp3"",
    ""example_molecule_smiles"": ""CCO"",
    ""group_smarts"": ""[#6X4H3,#6X4H2]-[OX2H]"",
    ""atom_specific_smarts"": ""[CH3,CH2]-[OX2H]"",
    ""description"": ""Carbon directly bonded to a hydroxyl oxygen bearing a hydrogen (primary alcohol). Nearest neighbor: hydroxyl O–H."",
    ""uncertainty"": ""10""
  },
  {
    ""atom_type"": 158,
    ""element"": ""C"",
    ""chemical_environment"": ""Alpha carbon to OH in secondary alcohols (R2CHOH, vinylic center is CH)"",
    ""functional_group"": ""secondary alcohol"",
    ""hybridization"": ""sp3"",
    ""example_molecule_smiles"": ""CC(O)C"",
    ""group_smarts"": ""[CH](-[#6X4])(-[#6X4])-[OX2H]"",
    ""atom_specific_smarts"": ""[CH](-[#6X4])(-[#6X4])-[OX2H]"",
    ""description"": ""Secondary alcohol center carbon (CH) attached to two carbons and a hydroxyl group. Nearest neighbor: hydroxyl O–H."",
    ""uncertainty"": ""10""
  },
  {
    ""atom_type"": 159,
    ""element"": ""C"",
    ""chemical_environment"": ""Alpha carbon to OH in tertiary alcohols (R3COH, quaternary C)"",
    ""functional_group"": ""tertiary alcohol"",
    ""hybridization"": ""sp3"",
    ""example_molecule_smiles"": ""CC(C)(C)O"",
    ""group_smarts"": ""[C](-[#6X4])(-[#6X4])(-[#6X4])-[OX2H]"",
    ""atom_specific_smarts"": ""[C](-[#6X4])(-[#6X4])(-[#6X4])-[OX2H]"",
    ""description"": ""Tertiary alcohol center carbon (no hydrogens) attached to three carbons and a hydroxyl group. Nearest neighbor: hydroxyl O–H."",
    ""uncertainty"": ""10""
  }
]"
145,-0.115,C  - CA   | Benzene C - 12 site OPLS/2020,12.011,oplsaa.lt,C,6,"Convert the following OPLS-AA atom type rows:

Atom Type Data:
- Atom index: 126
- Force field raw info: C  - C3   | DMSO
- Partial charge: 0.16
- Atomic mass: 12.011
- Element guess: C
- Atomic number: 6
- Source file: oplsaa.lt


Atom Type Data:
- Atom index: 131
- Force field raw info: C  - C~   | C in C=O for UA formamide, DMF.
- Partial charge: 0.5
- Atomic mass: 12.011
- Element guess: C
- Atomic number: 6
- Source file: oplsaa.lt


Atom Type Data:
- Atom index: 132
- Force field raw info: C  - C3   | CH3 in HCON(CH3)2 DMF
- Partial charge: 0.285
- Atomic mass: 12.011
- Element guess: C
- Atomic number: 6
- Source file: oplsaa.lt


Atom Type Data:
- Atom index: 135
- Force field raw info: C  - CT   | CH3 all-atom C: alkanes
- Partial charge: -0.18
- Atomic mass: 12.011
- Element guess: C
- Atomic number: 6
- Source file: oplsaa.lt


Atom Type Data:
- Atom index: 136
- Force field raw info: C  - CT   | CH2 all-atom C: alkanes
- Partial charge: -0.12
- Atomic mass: 12.011
- Element guess: C
- Atomic number: 6
- Source file: oplsaa.lt


Atom Type Data:
- Atom index: 137
- Force field raw info: C  - CT   | CH all-atom C: alkanes
- Partial charge: -0.06
- Atomic mass: 12.011
- Element guess: C
- Atomic number: 6
- Source file: oplsaa.lt


Atom Type Data:
- Atom index: 138
- Force field raw info: C  - CT   | CH4 all-atom C: methane mod 1/2020
- Partial charge: -0.24
- Atomic mass: 12.011
- Element guess: C
- Atomic number: 6
- Source file: oplsaa.lt


Atom Type Data:
- Atom index: 139
- Force field raw info: C  - CT   | C all-atom C: alkanes
- Partial charge: 0.0
- Atomic mass: 12.011
- Element guess: C
- Atomic number: 6
- Source file: oplsaa.lt


Atom Type Data:
- Atom index: 141
- Force field raw info: C  - CM   | alkene C (R2-C=) all atom
- Partial charge: 0.0
- Atomic mass: 12.011
- Element guess: C
- Atomic number: 6
- Source file: oplsaa.lt


Atom Type Data:
- Atom index: 142
- Force field raw info: C  - CM   | alkene C (RH-C=) all atom
- Partial charge: -0.115
- Atomic mass: 12.011
- Element guess: C
- Atomic number: 6
- Source file: oplsaa.lt


Atom Type Data:
- Atom index: 143
- Force field raw info: C  - CM   | alkene C (H2-C=) all atom
- Partial charge: -0.23
- Atomic mass: 12.011
- Element guess: C
- Atomic number: 6
- Source file: oplsaa.lt


Atom Type Data:
- Atom index: 145
- Force field raw info: C  - CA   | Benzene C - 12 site OPLS/2020
- Partial charge: -0.115
- Atomic mass: 12.011
- Element guess: C
- Atomic number: 6
- Source file: oplsaa.lt


Atom Type Data:
- Atom index: 147
- Force field raw info: C  - CB   | Naphthalene fusion C (C9)
- Partial charge: 0.0
- Atomic mass: 12.011
- Element guess: C
- Atomic number: 6
- Source file: oplsaa.lt


Atom Type Data:
- Atom index: 148
- Force field raw info: C  - CT   | all-atom C: CH3, toluene
- Partial charge: -0.065
- Atomic mass: 12.011
- Element guess: C
- Atomic number: 6
- Source file: oplsaa.lt


Atom Type Data:
- Atom index: 149
- Force field raw info: C  - CT   | all-atom C: CH2, ethyl benzene
- Partial charge: -0.005
- Atomic mass: 12.011
- Element guess: C
- Atomic number: 6
- Source file: oplsaa.lt


Atom Type Data:
- Atom index: 150
- Force field raw info: C  - C=   | diene =CH-CH=; see 178 also
- Partial charge: -0.115
- Atomic mass: 12.011
- Element guess: C
- Atomic number: 6
- Source file: oplsaa.lt


Atom Type Data:
- Atom index: 152
- Force field raw info: C  - CT   | RCH2Cl "" ""
- Partial charge: -0.006
- Atomic mass: 12.011
- Element guess: C
- Atomic number: 6
- Source file: oplsaa.lt


Atom Type Data:
- Atom index: 157
- Force field raw info: C  - CT   | all-atom C: CH3 & CH2, prim. alcohols
- Partial charge: 0.145
- Atomic mass: 12.011
- Element guess: C
- Atomic number: 6
- Source file: oplsaa.lt


Atom Type Data:
- Atom index: 158
- Force field raw info: C  - CT   | all-atom C: CH, sec. alcohols
- Partial charge: 0.205
- Atomic mass: 12.011
- Element guess: C
- Atomic number: 6
- Source file: oplsaa.lt


Atom Type Data:
- Atom index: 159
- Force field raw info: C  - CT   | all-atom C: C, tert. alcohols OPLS/2020
- Partial charge: 0.232
- Atomic mass: 12.011
- Element guess: C
- Atomic number: 6
- Source file: oplsaa.lt
","[
  {
    ""atom_type"": 126,
    ""element"": ""C"",
    ""chemical_environment"": ""Methyl carbon alpha to sulfoxide sulfur in DMSO"",
    ""functional_group"": ""sulfoxide (alkyl–S(=O)–alkyl)"",
    ""hybridization"": ""sp3"",
    ""example_molecule_smiles"": ""CS(=O)C"",
    ""group_smarts"": ""[#6X4]-[#16X3](=O)([#6])[#6]"",
    ""atom_specific_smarts"": ""[CH3]-[#16X3](=O)([#6])[#6]"",
    ""description"": ""The CH3 attached directly to a sulfoxide S that bears a single S=O and two C–S single bonds (as in DMSO). Nearest neighbor: sulfoxide S(=O)."",
    ""uncertainty"": ""20""
  },
  {
    ""atom_type"": 131,
    ""element"": ""C"",
    ""chemical_environment"": ""Amide carbonyl carbon in formamide/DMF (formyl amide C=O)"",
    ""functional_group"": ""amide (formamide-type)"",
    ""hybridization"": ""sp2"",
    ""example_molecule_smiles"": ""CN(C)C=O"",
    ""group_smarts"": ""[#6X3](=O)-[#7X3]"",
    ""atom_specific_smarts"": ""[CHX3](=O)-[#7X3]"",
    ""description"": ""The carbonyl carbon of a formyl amide (C(=O)–N) bearing one hydrogen on the carbonyl carbon; as in formamide/DMF. Nearest neighbors: O (double bond) and amide N."",
    ""uncertainty"": ""15""
  },
  {
    ""atom_type"": 132,
    ""element"": ""C"",
    ""chemical_environment"": ""N-methyl carbon in DMF (methyl attached to amide nitrogen)"",
    ""functional_group"": ""tertiary amide (N-alkyl)"",
    ""hybridization"": ""sp3"",
    ""example_molecule_smiles"": ""CN(C)C=O"",
    ""group_smarts"": ""[#6X4]-[#7X3]-[#6X3](=O)[H,#6]"",
    ""atom_specific_smarts"": ""[CH3]-[#7X3]-[#6X3](=O)[H]"",
    ""description"": ""A methyl carbon directly bonded to an amide nitrogen that is attached to a formyl carbonyl (as in DMF). Nearest neighbor: amide N."",
    ""uncertainty"": ""20""
  },
  {
    ""atom_type"": 135,
    ""element"": ""C"",
    ""chemical_environment"": ""Primary alkyl methyl carbon in alkanes"",
    ""functional_group"": ""alkane"",
    ""hybridization"": ""sp3"",
    ""example_molecule_smiles"": ""CCC"",
    ""group_smarts"": ""[CH3]-[#6X4]"",
    ""atom_specific_smarts"": ""[CH3]-[#6X4]"",
    ""description"": ""Terminal methyl carbon attached to another sp3 carbon in a saturated hydrocarbon. Nearest neighbor: sp3 C."",
    ""uncertainty"": ""5""
  },
  {
    ""atom_type"": 136,
    ""element"": ""C"",
    ""chemical_environment"": ""Secondary alkyl methylene carbon in alkanes"",
    ""functional_group"": ""alkane"",
    ""hybridization"": ""sp3"",
    ""example_molecule_smiles"": ""CCC"",
    ""group_smarts"": ""[CH2](-[#6X4])-[#6X4]"",
    ""atom_specific_smarts"": ""[CH2](-[#6X4])-[#6X4]"",
    ""description"": ""Methylene carbon bonded to two sp3 carbons in a saturated hydrocarbon chain. Nearest neighbors: two sp3 C atoms."",
    ""uncertainty"": ""5""
  },
  {
    ""atom_type"": 137,
    ""element"": ""C"",
    ""chemical_environment"": ""Tertiary alkyl methine carbon (CH) in alkanes"",
    ""functional_group"": ""alkane"",
    ""hybridization"": ""sp3"",
    ""example_molecule_smiles"": ""CC(C)CC"",
    ""group_smarts"": ""[CH](-[#6X4])(-[#6X4])-[#6X4]"",
    ""atom_specific_smarts"": ""[CH](-[#6X4])(-[#6X4])-[#6X4]"",
    ""description"": ""Tertiary methine carbon attached to three sp3 carbons and one hydrogen in a saturated hydrocarbon. Nearest neighbors: three sp3 C atoms."",
    ""uncertainty"": ""5""
  },
  {
    ""atom_type"": 138,
    ""element"": ""C"",
    ""chemical_environment"": ""Methane carbon (CH4)"",
    ""functional_group"": ""alkane"",
    ""hybridization"": ""sp3"",
    ""example_molecule_smiles"": ""C"",
    ""group_smarts"": ""[CH4]"",
    ""atom_specific_smarts"": ""[CH4]"",
    ""description"": ""Carbon in methane bearing four hydrogens."",
    ""uncertainty"": ""5""
  },
  {
    ""atom_type"": 139,
    ""element"": ""C"",
    ""chemical_environment"": ""Quaternary alkyl carbon (no hydrogens) in alkanes"",
    ""functional_group"": ""alkane"",
    ""hybridization"": ""sp3"",
    ""example_molecule_smiles"": ""CC(C)(C)C"",
    ""group_smarts"": ""[C](-[#6X4])(-[#6X4])(-[#6X4])-[#6X4]"",
    ""atom_specific_smarts"": ""[C](-[#6X4])(-[#6X4])(-[#6X4])-[#6X4]"",
    ""description"": ""Aliphatic quaternary sp3 carbon bonded to four sp3 carbons (no hydrogens). Nearest neighbors: four sp3 C atoms."",
    ""uncertainty"": ""10""
  },
  {
    ""atom_type"": 141,
    ""element"": ""C"",
    ""chemical_environment"": ""Disubstituted alkene carbon (R2C=)"",
    ""functional_group"": ""alkene"",
    ""hybridization"": ""sp2"",
    ""example_molecule_smiles"": ""C=C(C)C"",
    ""group_smarts"": ""[#6X3H0]([#6])([#6])=[#6X3]"",
    ""atom_specific_smarts"": ""[C;X3;H0]([#6])([#6])=[C;X3]"",
    ""description"": ""Vinylic sp2 carbon in an alkene bearing two carbon substituents (no vinylic hydrogens). Nearest neighbors: two C (single-bond) and one vinylic C (double-bond)."",
    ""uncertainty"": ""10""
  },
  {
    ""atom_type"": 142,
    ""element"": ""C"",
    ""chemical_environment"": ""Monosubstituted alkene carbon (RH–C=), vinylic CH"",
    ""functional_group"": ""alkene"",
    ""hybridization"": ""sp2"",
    ""example_molecule_smiles"": ""C=CC"",
    ""group_smarts"": ""[CHX3]([#6])=[#6X3]"",
    ""atom_specific_smarts"": ""[CHX3]([#6])=[C;X3]"",
    ""description"": ""Vinylic sp2 carbon in an alkene with one hydrogen and one carbon substituent. Nearest neighbors: one H, one C (single-bond), one vinylic C (double-bond)."",
    ""uncertainty"": ""10""
  },
  {
    ""atom_type"": 143,
    ""element"": ""C"",
    ""chemical_environment"": ""Terminal alkene carbon (H2C=), vinylic CH2"",
    ""functional_group"": ""alkene"",
    ""hybridization"": ""sp2"",
    ""example_molecule_smiles"": ""C=C"",
    ""group_smarts"": ""[CH2X3]=[#6X3]"",
    ""atom_specific_smarts"": ""[CH2X3]=[C;X3]"",
    ""description"": ""Vinylic sp2 methylene carbon at the terminal position of an alkene. Nearest neighbors: two H and one vinylic C (double-bond)."",
    ""uncertainty"": ""10""
  },
  {
    ""atom_type"": 145,
    ""element"": ""C"",
    ""chemical_environment"": ""Aromatic carbon in benzene ring"",
    ""functional_group"": ""benzene (aromatic)"",
    ""hybridization"": ""aromatic sp2"",
    ""example_molecule_smiles"": ""c1ccccc1"",
    ""group_smarts"": ""c1ccccc1"",
    ""atom_specific_smarts"": ""[c;r6]"",
    ""description"": ""An sp2 aromatic carbon belonging to a six-membered benzene ring. Nearest neighbors: two aromatic carbons."",
    ""uncertainty"": ""10""
  },
  {
    ""atom_type"": 147,
    ""element"": ""C"",
    ""chemical_environment"": ""Naphthalene ring-junction (fusion) aromatic carbon (C9-type)"",
    ""functional_group"": ""polycyclic aromatic (naphthalene fusion)"",
    ""hybridization"": ""aromatic sp2"",
    ""example_molecule_smiles"": ""c1ccc2ccccc2c1"",
    ""group_smarts"": ""[c;R2;r6]"",
    ""atom_specific_smarts"": ""[c;R2;r6]"",
    ""description"": ""Aromatic carbon located at the fusion junction of two rings (member of two rings) as in naphthalene. Nearest neighbors: three aromatic carbons."",
    ""uncertainty"": ""25""
  },
  {
    ""atom_type"": 148,
    ""element"": ""C"",
    ""chemical_environment"": ""Benzylic methyl carbon in toluene"",
    ""functional_group"": ""benzyl (aryl–CH3)"",
    ""hybridization"": ""sp3"",
    ""example_molecule_smiles"": ""Cc1ccccc1"",
    ""group_smarts"": ""[CH3]-[c]"",
    ""atom_specific_smarts"": ""[CH3]-[c]"",
    ""description"": ""Methyl carbon directly bonded to an aromatic ring carbon (toluene-like). Nearest neighbor: aromatic C."",
    ""uncertainty"": ""10""
  },
  {
    ""atom_type"": 149,
    ""element"": ""C"",
    ""chemical_environment"": ""Benzylic methylene carbon in ethylbenzene"",
    ""functional_group"": ""benzyl (aryl–CH2–R)"",
    ""hybridization"": ""sp3"",
    ""example_molecule_smiles"": ""CCc1ccccc1"",
    ""group_smarts"": ""[CH2](-[c])-[#6X4]"",
    ""atom_specific_smarts"": ""[CH2](-[c])-[#6X4]"",
    ""description"": ""Methylene carbon alpha to an aromatic ring and bonded to another sp3 carbon (ethylbenzene-like). Nearest neighbors: aromatic C and sp3 C."",
    ""uncertainty"": ""10""
  },
  {
    ""atom_type"": 150,
    ""element"": ""C"",
    ""chemical_environment"": ""Internal vinylic CH in a conjugated 1,3-diene motif (=CH–CH=)"",
    ""functional_group"": ""conjugated diene (1,3-diene)"",
    ""hybridization"": ""sp2"",
    ""example_molecule_smiles"": ""C=CC=C"",
    ""group_smarts"": ""[#6X3]=[#6X3]-[#6X3]=[#6X3]"",
    ""atom_specific_smarts"": ""[CHX3](=[#6X3])-[#6X3]=[#6X3]"",
    ""description"": ""One of the central vinylic CH carbons in a 1,3-diene (C=C–C=C) where the atom is single-bonded to an sp2 carbon and double-bonded to another sp2 carbon."",
    ""uncertainty"": ""25""
  },
  {
    ""atom_type"": 152,
    ""element"": ""C"",
    ""chemical_environment"": ""Primary alkyl chloride methylene carbon (RCH2Cl)"",
    ""functional_group"": ""alkyl chloride"",
    ""hybridization"": ""sp3"",
    ""example_molecule_smiles"": ""CCCl"",
    ""group_smarts"": ""[CH2]-[Cl]"",
    ""atom_specific_smarts"": ""[CH2]-[Cl]"",
    ""description"": ""Methylene carbon directly bonded to chlorine and to one sp3 carbon (primary chloride). Nearest neighbors: Cl and sp3 C."",
    ""uncertainty"": ""10""
  },
  {
    ""atom_type"": 157,
    ""element"": ""C"",
    ""chemical_environment"": ""Alpha carbon to OH in primary alcohols (CH3 or CH2 attached to –OH)"",
    ""functional_group"": ""primary alcohol"",
    ""hybridization"": ""sp3"",
    ""example_molecule_smiles"": ""CCO"",
    ""group_smarts"": ""[#6X4H3,#6X4H2]-[OX2H]"",
    ""atom_specific_smarts"": ""[CH3,CH2]-[OX2H]"",
    ""description"": ""Carbon directly bonded to a hydroxyl oxygen bearing a hydrogen (primary alcohol). Nearest neighbor: hydroxyl O–H."",
    ""uncertainty"": ""10""
  },
  {
    ""atom_type"": 158,
    ""element"": ""C"",
    ""chemical_environment"": ""Alpha carbon to OH in secondary alcohols (R2CHOH, vinylic center is CH)"",
    ""functional_group"": ""secondary alcohol"",
    ""hybridization"": ""sp3"",
    ""example_molecule_smiles"": ""CC(O)C"",
    ""group_smarts"": ""[CH](-[#6X4])(-[#6X4])-[OX2H]"",
    ""atom_specific_smarts"": ""[CH](-[#6X4])(-[#6X4])-[OX2H]"",
    ""description"": ""Secondary alcohol center carbon (CH) attached to two carbons and a hydroxyl group. Nearest neighbor: hydroxyl O–H."",
    ""uncertainty"": ""10""
  },
  {
    ""atom_type"": 159,
    ""element"": ""C"",
    ""chemical_environment"": ""Alpha carbon to OH in tertiary alcohols (R3COH, quaternary C)"",
    ""functional_group"": ""tertiary alcohol"",
    ""hybridization"": ""sp3"",
    ""example_molecule_smiles"": ""CC(C)(C)O"",
    ""group_smarts"": ""[C](-[#6X4])(-[#6X4])(-[#6X4])-[OX2H]"",
    ""atom_specific_smarts"": ""[C](-[#6X4])(-[#6X4])(-[#6X4])-[OX2H]"",
    ""description"": ""Tertiary alcohol center carbon (no hydrogens) attached to three carbons and a hydroxyl group. Nearest neighbor: hydroxyl O–H."",
    ""uncertainty"": ""10""
  }
]"
147,0.0,C  - CB   | Naphthalene fusion C (C9),12.011,oplsaa.lt,C,6,"Convert the following OPLS-AA atom type rows:

Atom Type Data:
- Atom index: 126
- Force field raw info: C  - C3   | DMSO
- Partial charge: 0.16
- Atomic mass: 12.011
- Element guess: C
- Atomic number: 6
- Source file: oplsaa.lt


Atom Type Data:
- Atom index: 131
- Force field raw info: C  - C~   | C in C=O for UA formamide, DMF.
- Partial charge: 0.5
- Atomic mass: 12.011
- Element guess: C
- Atomic number: 6
- Source file: oplsaa.lt


Atom Type Data:
- Atom index: 132
- Force field raw info: C  - C3   | CH3 in HCON(CH3)2 DMF
- Partial charge: 0.285
- Atomic mass: 12.011
- Element guess: C
- Atomic number: 6
- Source file: oplsaa.lt


Atom Type Data:
- Atom index: 135
- Force field raw info: C  - CT   | CH3 all-atom C: alkanes
- Partial charge: -0.18
- Atomic mass: 12.011
- Element guess: C
- Atomic number: 6
- Source file: oplsaa.lt


Atom Type Data:
- Atom index: 136
- Force field raw info: C  - CT   | CH2 all-atom C: alkanes
- Partial charge: -0.12
- Atomic mass: 12.011
- Element guess: C
- Atomic number: 6
- Source file: oplsaa.lt


Atom Type Data:
- Atom index: 137
- Force field raw info: C  - CT   | CH all-atom C: alkanes
- Partial charge: -0.06
- Atomic mass: 12.011
- Element guess: C
- Atomic number: 6
- Source file: oplsaa.lt


Atom Type Data:
- Atom index: 138
- Force field raw info: C  - CT   | CH4 all-atom C: methane mod 1/2020
- Partial charge: -0.24
- Atomic mass: 12.011
- Element guess: C
- Atomic number: 6
- Source file: oplsaa.lt


Atom Type Data:
- Atom index: 139
- Force field raw info: C  - CT   | C all-atom C: alkanes
- Partial charge: 0.0
- Atomic mass: 12.011
- Element guess: C
- Atomic number: 6
- Source file: oplsaa.lt


Atom Type Data:
- Atom index: 141
- Force field raw info: C  - CM   | alkene C (R2-C=) all atom
- Partial charge: 0.0
- Atomic mass: 12.011
- Element guess: C
- Atomic number: 6
- Source file: oplsaa.lt


Atom Type Data:
- Atom index: 142
- Force field raw info: C  - CM   | alkene C (RH-C=) all atom
- Partial charge: -0.115
- Atomic mass: 12.011
- Element guess: C
- Atomic number: 6
- Source file: oplsaa.lt


Atom Type Data:
- Atom index: 143
- Force field raw info: C  - CM   | alkene C (H2-C=) all atom
- Partial charge: -0.23
- Atomic mass: 12.011
- Element guess: C
- Atomic number: 6
- Source file: oplsaa.lt


Atom Type Data:
- Atom index: 145
- Force field raw info: C  - CA   | Benzene C - 12 site OPLS/2020
- Partial charge: -0.115
- Atomic mass: 12.011
- Element guess: C
- Atomic number: 6
- Source file: oplsaa.lt


Atom Type Data:
- Atom index: 147
- Force field raw info: C  - CB   | Naphthalene fusion C (C9)
- Partial charge: 0.0
- Atomic mass: 12.011
- Element guess: C
- Atomic number: 6
- Source file: oplsaa.lt


Atom Type Data:
- Atom index: 148
- Force field raw info: C  - CT   | all-atom C: CH3, toluene
- Partial charge: -0.065
- Atomic mass: 12.011
- Element guess: C
- Atomic number: 6
- Source file: oplsaa.lt


Atom Type Data:
- Atom index: 149
- Force field raw info: C  - CT   | all-atom C: CH2, ethyl benzene
- Partial charge: -0.005
- Atomic mass: 12.011
- Element guess: C
- Atomic number: 6
- Source file: oplsaa.lt


Atom Type Data:
- Atom index: 150
- Force field raw info: C  - C=   | diene =CH-CH=; see 178 also
- Partial charge: -0.115
- Atomic mass: 12.011
- Element guess: C
- Atomic number: 6
- Source file: oplsaa.lt


Atom Type Data:
- Atom index: 152
- Force field raw info: C  - CT   | RCH2Cl "" ""
- Partial charge: -0.006
- Atomic mass: 12.011
- Element guess: C
- Atomic number: 6
- Source file: oplsaa.lt


Atom Type Data:
- Atom index: 157
- Force field raw info: C  - CT   | all-atom C: CH3 & CH2, prim. alcohols
- Partial charge: 0.145
- Atomic mass: 12.011
- Element guess: C
- Atomic number: 6
- Source file: oplsaa.lt


Atom Type Data:
- Atom index: 158
- Force field raw info: C  - CT   | all-atom C: CH, sec. alcohols
- Partial charge: 0.205
- Atomic mass: 12.011
- Element guess: C
- Atomic number: 6
- Source file: oplsaa.lt


Atom Type Data:
- Atom index: 159
- Force field raw info: C  - CT   | all-atom C: C, tert. alcohols OPLS/2020
- Partial charge: 0.232
- Atomic mass: 12.011
- Element guess: C
- Atomic number: 6
- Source file: oplsaa.lt
","[
  {
    ""atom_type"": 126,
    ""element"": ""C"",
    ""chemical_environment"": ""Methyl carbon alpha to sulfoxide sulfur in DMSO"",
    ""functional_group"": ""sulfoxide (alkyl–S(=O)–alkyl)"",
    ""hybridization"": ""sp3"",
    ""example_molecule_smiles"": ""CS(=O)C"",
    ""group_smarts"": ""[#6X4]-[#16X3](=O)([#6])[#6]"",
    ""atom_specific_smarts"": ""[CH3]-[#16X3](=O)([#6])[#6]"",
    ""description"": ""The CH3 attached directly to a sulfoxide S that bears a single S=O and two C–S single bonds (as in DMSO). Nearest neighbor: sulfoxide S(=O)."",
    ""uncertainty"": ""20""
  },
  {
    ""atom_type"": 131,
    ""element"": ""C"",
    ""chemical_environment"": ""Amide carbonyl carbon in formamide/DMF (formyl amide C=O)"",
    ""functional_group"": ""amide (formamide-type)"",
    ""hybridization"": ""sp2"",
    ""example_molecule_smiles"": ""CN(C)C=O"",
    ""group_smarts"": ""[#6X3](=O)-[#7X3]"",
    ""atom_specific_smarts"": ""[CHX3](=O)-[#7X3]"",
    ""description"": ""The carbonyl carbon of a formyl amide (C(=O)–N) bearing one hydrogen on the carbonyl carbon; as in formamide/DMF. Nearest neighbors: O (double bond) and amide N."",
    ""uncertainty"": ""15""
  },
  {
    ""atom_type"": 132,
    ""element"": ""C"",
    ""chemical_environment"": ""N-methyl carbon in DMF (methyl attached to amide nitrogen)"",
    ""functional_group"": ""tertiary amide (N-alkyl)"",
    ""hybridization"": ""sp3"",
    ""example_molecule_smiles"": ""CN(C)C=O"",
    ""group_smarts"": ""[#6X4]-[#7X3]-[#6X3](=O)[H,#6]"",
    ""atom_specific_smarts"": ""[CH3]-[#7X3]-[#6X3](=O)[H]"",
    ""description"": ""A methyl carbon directly bonded to an amide nitrogen that is attached to a formyl carbonyl (as in DMF). Nearest neighbor: amide N."",
    ""uncertainty"": ""20""
  },
  {
    ""atom_type"": 135,
    ""element"": ""C"",
    ""chemical_environment"": ""Primary alkyl methyl carbon in alkanes"",
    ""functional_group"": ""alkane"",
    ""hybridization"": ""sp3"",
    ""example_molecule_smiles"": ""CCC"",
    ""group_smarts"": ""[CH3]-[#6X4]"",
    ""atom_specific_smarts"": ""[CH3]-[#6X4]"",
    ""description"": ""Terminal methyl carbon attached to another sp3 carbon in a saturated hydrocarbon. Nearest neighbor: sp3 C."",
    ""uncertainty"": ""5""
  },
  {
    ""atom_type"": 136,
    ""element"": ""C"",
    ""chemical_environment"": ""Secondary alkyl methylene carbon in alkanes"",
    ""functional_group"": ""alkane"",
    ""hybridization"": ""sp3"",
    ""example_molecule_smiles"": ""CCC"",
    ""group_smarts"": ""[CH2](-[#6X4])-[#6X4]"",
    ""atom_specific_smarts"": ""[CH2](-[#6X4])-[#6X4]"",
    ""description"": ""Methylene carbon bonded to two sp3 carbons in a saturated hydrocarbon chain. Nearest neighbors: two sp3 C atoms."",
    ""uncertainty"": ""5""
  },
  {
    ""atom_type"": 137,
    ""element"": ""C"",
    ""chemical_environment"": ""Tertiary alkyl methine carbon (CH) in alkanes"",
    ""functional_group"": ""alkane"",
    ""hybridization"": ""sp3"",
    ""example_molecule_smiles"": ""CC(C)CC"",
    ""group_smarts"": ""[CH](-[#6X4])(-[#6X4])-[#6X4]"",
    ""atom_specific_smarts"": ""[CH](-[#6X4])(-[#6X4])-[#6X4]"",
    ""description"": ""Tertiary methine carbon attached to three sp3 carbons and one hydrogen in a saturated hydrocarbon. Nearest neighbors: three sp3 C atoms."",
    ""uncertainty"": ""5""
  },
  {
    ""atom_type"": 138,
    ""element"": ""C"",
    ""chemical_environment"": ""Methane carbon (CH4)"",
    ""functional_group"": ""alkane"",
    ""hybridization"": ""sp3"",
    ""example_molecule_smiles"": ""C"",
    ""group_smarts"": ""[CH4]"",
    ""atom_specific_smarts"": ""[CH4]"",
    ""description"": ""Carbon in methane bearing four hydrogens."",
    ""uncertainty"": ""5""
  },
  {
    ""atom_type"": 139,
    ""element"": ""C"",
    ""chemical_environment"": ""Quaternary alkyl carbon (no hydrogens) in alkanes"",
    ""functional_group"": ""alkane"",
    ""hybridization"": ""sp3"",
    ""example_molecule_smiles"": ""CC(C)(C)C"",
    ""group_smarts"": ""[C](-[#6X4])(-[#6X4])(-[#6X4])-[#6X4]"",
    ""atom_specific_smarts"": ""[C](-[#6X4])(-[#6X4])(-[#6X4])-[#6X4]"",
    ""description"": ""Aliphatic quaternary sp3 carbon bonded to four sp3 carbons (no hydrogens). Nearest neighbors: four sp3 C atoms."",
    ""uncertainty"": ""10""
  },
  {
    ""atom_type"": 141,
    ""element"": ""C"",
    ""chemical_environment"": ""Disubstituted alkene carbon (R2C=)"",
    ""functional_group"": ""alkene"",
    ""hybridization"": ""sp2"",
    ""example_molecule_smiles"": ""C=C(C)C"",
    ""group_smarts"": ""[#6X3H0]([#6])([#6])=[#6X3]"",
    ""atom_specific_smarts"": ""[C;X3;H0]([#6])([#6])=[C;X3]"",
    ""description"": ""Vinylic sp2 carbon in an alkene bearing two carbon substituents (no vinylic hydrogens). Nearest neighbors: two C (single-bond) and one vinylic C (double-bond)."",
    ""uncertainty"": ""10""
  },
  {
    ""atom_type"": 142,
    ""element"": ""C"",
    ""chemical_environment"": ""Monosubstituted alkene carbon (RH–C=), vinylic CH"",
    ""functional_group"": ""alkene"",
    ""hybridization"": ""sp2"",
    ""example_molecule_smiles"": ""C=CC"",
    ""group_smarts"": ""[CHX3]([#6])=[#6X3]"",
    ""atom_specific_smarts"": ""[CHX3]([#6])=[C;X3]"",
    ""description"": ""Vinylic sp2 carbon in an alkene with one hydrogen and one carbon substituent. Nearest neighbors: one H, one C (single-bond), one vinylic C (double-bond)."",
    ""uncertainty"": ""10""
  },
  {
    ""atom_type"": 143,
    ""element"": ""C"",
    ""chemical_environment"": ""Terminal alkene carbon (H2C=), vinylic CH2"",
    ""functional_group"": ""alkene"",
    ""hybridization"": ""sp2"",
    ""example_molecule_smiles"": ""C=C"",
    ""group_smarts"": ""[CH2X3]=[#6X3]"",
    ""atom_specific_smarts"": ""[CH2X3]=[C;X3]"",
    ""description"": ""Vinylic sp2 methylene carbon at the terminal position of an alkene. Nearest neighbors: two H and one vinylic C (double-bond)."",
    ""uncertainty"": ""10""
  },
  {
    ""atom_type"": 145,
    ""element"": ""C"",
    ""chemical_environment"": ""Aromatic carbon in benzene ring"",
    ""functional_group"": ""benzene (aromatic)"",
    ""hybridization"": ""aromatic sp2"",
    ""example_molecule_smiles"": ""c1ccccc1"",
    ""group_smarts"": ""c1ccccc1"",
    ""atom_specific_smarts"": ""[c;r6]"",
    ""description"": ""An sp2 aromatic carbon belonging to a six-membered benzene ring. Nearest neighbors: two aromatic carbons."",
    ""uncertainty"": ""10""
  },
  {
    ""atom_type"": 147,
    ""element"": ""C"",
    ""chemical_environment"": ""Naphthalene ring-junction (fusion) aromatic carbon (C9-type)"",
    ""functional_group"": ""polycyclic aromatic (naphthalene fusion)"",
    ""hybridization"": ""aromatic sp2"",
    ""example_molecule_smiles"": ""c1ccc2ccccc2c1"",
    ""group_smarts"": ""[c;R2;r6]"",
    ""atom_specific_smarts"": ""[c;R2;r6]"",
    ""description"": ""Aromatic carbon located at the fusion junction of two rings (member of two rings) as in naphthalene. Nearest neighbors: three aromatic carbons."",
    ""uncertainty"": ""25""
  },
  {
    ""atom_type"": 148,
    ""element"": ""C"",
    ""chemical_environment"": ""Benzylic methyl carbon in toluene"",
    ""functional_group"": ""benzyl (aryl–CH3)"",
    ""hybridization"": ""sp3"",
    ""example_molecule_smiles"": ""Cc1ccccc1"",
    ""group_smarts"": ""[CH3]-[c]"",
    ""atom_specific_smarts"": ""[CH3]-[c]"",
    ""description"": ""Methyl carbon directly bonded to an aromatic ring carbon (toluene-like). Nearest neighbor: aromatic C."",
    ""uncertainty"": ""10""
  },
  {
    ""atom_type"": 149,
    ""element"": ""C"",
    ""chemical_environment"": ""Benzylic methylene carbon in ethylbenzene"",
    ""functional_group"": ""benzyl (aryl–CH2–R)"",
    ""hybridization"": ""sp3"",
    ""example_molecule_smiles"": ""CCc1ccccc1"",
    ""group_smarts"": ""[CH2](-[c])-[#6X4]"",
    ""atom_specific_smarts"": ""[CH2](-[c])-[#6X4]"",
    ""description"": ""Methylene carbon alpha to an aromatic ring and bonded to another sp3 carbon (ethylbenzene-like). Nearest neighbors: aromatic C and sp3 C."",
    ""uncertainty"": ""10""
  },
  {
    ""atom_type"": 150,
    ""element"": ""C"",
    ""chemical_environment"": ""Internal vinylic CH in a conjugated 1,3-diene motif (=CH–CH=)"",
    ""functional_group"": ""conjugated diene (1,3-diene)"",
    ""hybridization"": ""sp2"",
    ""example_molecule_smiles"": ""C=CC=C"",
    ""group_smarts"": ""[#6X3]=[#6X3]-[#6X3]=[#6X3]"",
    ""atom_specific_smarts"": ""[CHX3](=[#6X3])-[#6X3]=[#6X3]"",
    ""description"": ""One of the central vinylic CH carbons in a 1,3-diene (C=C–C=C) where the atom is single-bonded to an sp2 carbon and double-bonded to another sp2 carbon."",
    ""uncertainty"": ""25""
  },
  {
    ""atom_type"": 152,
    ""element"": ""C"",
    ""chemical_environment"": ""Primary alkyl chloride methylene carbon (RCH2Cl)"",
    ""functional_group"": ""alkyl chloride"",
    ""hybridization"": ""sp3"",
    ""example_molecule_smiles"": ""CCCl"",
    ""group_smarts"": ""[CH2]-[Cl]"",
    ""atom_specific_smarts"": ""[CH2]-[Cl]"",
    ""description"": ""Methylene carbon directly bonded to chlorine and to one sp3 carbon (primary chloride). Nearest neighbors: Cl and sp3 C."",
    ""uncertainty"": ""10""
  },
  {
    ""atom_type"": 157,
    ""element"": ""C"",
    ""chemical_environment"": ""Alpha carbon to OH in primary alcohols (CH3 or CH2 attached to –OH)"",
    ""functional_group"": ""primary alcohol"",
    ""hybridization"": ""sp3"",
    ""example_molecule_smiles"": ""CCO"",
    ""group_smarts"": ""[#6X4H3,#6X4H2]-[OX2H]"",
    ""atom_specific_smarts"": ""[CH3,CH2]-[OX2H]"",
    ""description"": ""Carbon directly bonded to a hydroxyl oxygen bearing a hydrogen (primary alcohol). Nearest neighbor: hydroxyl O–H."",
    ""uncertainty"": ""10""
  },
  {
    ""atom_type"": 158,
    ""element"": ""C"",
    ""chemical_environment"": ""Alpha carbon to OH in secondary alcohols (R2CHOH, vinylic center is CH)"",
    ""functional_group"": ""secondary alcohol"",
    ""hybridization"": ""sp3"",
    ""example_molecule_smiles"": ""CC(O)C"",
    ""group_smarts"": ""[CH](-[#6X4])(-[#6X4])-[OX2H]"",
    ""atom_specific_smarts"": ""[CH](-[#6X4])(-[#6X4])-[OX2H]"",
    ""description"": ""Secondary alcohol center carbon (CH) attached to two carbons and a hydroxyl group. Nearest neighbor: hydroxyl O–H."",
    ""uncertainty"": ""10""
  },
  {
    ""atom_type"": 159,
    ""element"": ""C"",
    ""chemical_environment"": ""Alpha carbon to OH in tertiary alcohols (R3COH, quaternary C)"",
    ""functional_group"": ""tertiary alcohol"",
    ""hybridization"": ""sp3"",
    ""example_molecule_smiles"": ""CC(C)(C)O"",
    ""group_smarts"": ""[C](-[#6X4])(-[#6X4])(-[#6X4])-[OX2H]"",
    ""atom_specific_smarts"": ""[C](-[#6X4])(-[#6X4])(-[#6X4])-[OX2H]"",
    ""description"": ""Tertiary alcohol center carbon (no hydrogens) attached to three carbons and a hydroxyl group. Nearest neighbor: hydroxyl O–H."",
    ""uncertainty"": ""10""
  }
]"
148,-0.065,"C  - CT   | all-atom C: CH3, toluene",12.011,oplsaa.lt,C,6,"Convert the following OPLS-AA atom type rows:

Atom Type Data:
- Atom index: 126
- Force field raw info: C  - C3   | DMSO
- Partial charge: 0.16
- Atomic mass: 12.011
- Element guess: C
- Atomic number: 6
- Source file: oplsaa.lt


Atom Type Data:
- Atom index: 131
- Force field raw info: C  - C~   | C in C=O for UA formamide, DMF.
- Partial charge: 0.5
- Atomic mass: 12.011
- Element guess: C
- Atomic number: 6
- Source file: oplsaa.lt


Atom Type Data:
- Atom index: 132
- Force field raw info: C  - C3   | CH3 in HCON(CH3)2 DMF
- Partial charge: 0.285
- Atomic mass: 12.011
- Element guess: C
- Atomic number: 6
- Source file: oplsaa.lt


Atom Type Data:
- Atom index: 135
- Force field raw info: C  - CT   | CH3 all-atom C: alkanes
- Partial charge: -0.18
- Atomic mass: 12.011
- Element guess: C
- Atomic number: 6
- Source file: oplsaa.lt


Atom Type Data:
- Atom index: 136
- Force field raw info: C  - CT   | CH2 all-atom C: alkanes
- Partial charge: -0.12
- Atomic mass: 12.011
- Element guess: C
- Atomic number: 6
- Source file: oplsaa.lt


Atom Type Data:
- Atom index: 137
- Force field raw info: C  - CT   | CH all-atom C: alkanes
- Partial charge: -0.06
- Atomic mass: 12.011
- Element guess: C
- Atomic number: 6
- Source file: oplsaa.lt


Atom Type Data:
- Atom index: 138
- Force field raw info: C  - CT   | CH4 all-atom C: methane mod 1/2020
- Partial charge: -0.24
- Atomic mass: 12.011
- Element guess: C
- Atomic number: 6
- Source file: oplsaa.lt


Atom Type Data:
- Atom index: 139
- Force field raw info: C  - CT   | C all-atom C: alkanes
- Partial charge: 0.0
- Atomic mass: 12.011
- Element guess: C
- Atomic number: 6
- Source file: oplsaa.lt


Atom Type Data:
- Atom index: 141
- Force field raw info: C  - CM   | alkene C (R2-C=) all atom
- Partial charge: 0.0
- Atomic mass: 12.011
- Element guess: C
- Atomic number: 6
- Source file: oplsaa.lt


Atom Type Data:
- Atom index: 142
- Force field raw info: C  - CM   | alkene C (RH-C=) all atom
- Partial charge: -0.115
- Atomic mass: 12.011
- Element guess: C
- Atomic number: 6
- Source file: oplsaa.lt


Atom Type Data:
- Atom index: 143
- Force field raw info: C  - CM   | alkene C (H2-C=) all atom
- Partial charge: -0.23
- Atomic mass: 12.011
- Element guess: C
- Atomic number: 6
- Source file: oplsaa.lt


Atom Type Data:
- Atom index: 145
- Force field raw info: C  - CA   | Benzene C - 12 site OPLS/2020
- Partial charge: -0.115
- Atomic mass: 12.011
- Element guess: C
- Atomic number: 6
- Source file: oplsaa.lt


Atom Type Data:
- Atom index: 147
- Force field raw info: C  - CB   | Naphthalene fusion C (C9)
- Partial charge: 0.0
- Atomic mass: 12.011
- Element guess: C
- Atomic number: 6
- Source file: oplsaa.lt


Atom Type Data:
- Atom index: 148
- Force field raw info: C  - CT   | all-atom C: CH3, toluene
- Partial charge: -0.065
- Atomic mass: 12.011
- Element guess: C
- Atomic number: 6
- Source file: oplsaa.lt


Atom Type Data:
- Atom index: 149
- Force field raw info: C  - CT   | all-atom C: CH2, ethyl benzene
- Partial charge: -0.005
- Atomic mass: 12.011
- Element guess: C
- Atomic number: 6
- Source file: oplsaa.lt


Atom Type Data:
- Atom index: 150
- Force field raw info: C  - C=   | diene =CH-CH=; see 178 also
- Partial charge: -0.115
- Atomic mass: 12.011
- Element guess: C
- Atomic number: 6
- Source file: oplsaa.lt


Atom Type Data:
- Atom index: 152
- Force field raw info: C  - CT   | RCH2Cl "" ""
- Partial charge: -0.006
- Atomic mass: 12.011
- Element guess: C
- Atomic number: 6
- Source file: oplsaa.lt


Atom Type Data:
- Atom index: 157
- Force field raw info: C  - CT   | all-atom C: CH3 & CH2, prim. alcohols
- Partial charge: 0.145
- Atomic mass: 12.011
- Element guess: C
- Atomic number: 6
- Source file: oplsaa.lt


Atom Type Data:
- Atom index: 158
- Force field raw info: C  - CT   | all-atom C: CH, sec. alcohols
- Partial charge: 0.205
- Atomic mass: 12.011
- Element guess: C
- Atomic number: 6
- Source file: oplsaa.lt


Atom Type Data:
- Atom index: 159
- Force field raw info: C  - CT   | all-atom C: C, tert. alcohols OPLS/2020
- Partial charge: 0.232
- Atomic mass: 12.011
- Element guess: C
- Atomic number: 6
- Source file: oplsaa.lt
","[
  {
    ""atom_type"": 126,
    ""element"": ""C"",
    ""chemical_environment"": ""Methyl carbon alpha to sulfoxide sulfur in DMSO"",
    ""functional_group"": ""sulfoxide (alkyl–S(=O)–alkyl)"",
    ""hybridization"": ""sp3"",
    ""example_molecule_smiles"": ""CS(=O)C"",
    ""group_smarts"": ""[#6X4]-[#16X3](=O)([#6])[#6]"",
    ""atom_specific_smarts"": ""[CH3]-[#16X3](=O)([#6])[#6]"",
    ""description"": ""The CH3 attached directly to a sulfoxide S that bears a single S=O and two C–S single bonds (as in DMSO). Nearest neighbor: sulfoxide S(=O)."",
    ""uncertainty"": ""20""
  },
  {
    ""atom_type"": 131,
    ""element"": ""C"",
    ""chemical_environment"": ""Amide carbonyl carbon in formamide/DMF (formyl amide C=O)"",
    ""functional_group"": ""amide (formamide-type)"",
    ""hybridization"": ""sp2"",
    ""example_molecule_smiles"": ""CN(C)C=O"",
    ""group_smarts"": ""[#6X3](=O)-[#7X3]"",
    ""atom_specific_smarts"": ""[CHX3](=O)-[#7X3]"",
    ""description"": ""The carbonyl carbon of a formyl amide (C(=O)–N) bearing one hydrogen on the carbonyl carbon; as in formamide/DMF. Nearest neighbors: O (double bond) and amide N."",
    ""uncertainty"": ""15""
  },
  {
    ""atom_type"": 132,
    ""element"": ""C"",
    ""chemical_environment"": ""N-methyl carbon in DMF (methyl attached to amide nitrogen)"",
    ""functional_group"": ""tertiary amide (N-alkyl)"",
    ""hybridization"": ""sp3"",
    ""example_molecule_smiles"": ""CN(C)C=O"",
    ""group_smarts"": ""[#6X4]-[#7X3]-[#6X3](=O)[H,#6]"",
    ""atom_specific_smarts"": ""[CH3]-[#7X3]-[#6X3](=O)[H]"",
    ""description"": ""A methyl carbon directly bonded to an amide nitrogen that is attached to a formyl carbonyl (as in DMF). Nearest neighbor: amide N."",
    ""uncertainty"": ""20""
  },
  {
    ""atom_type"": 135,
    ""element"": ""C"",
    ""chemical_environment"": ""Primary alkyl methyl carbon in alkanes"",
    ""functional_group"": ""alkane"",
    ""hybridization"": ""sp3"",
    ""example_molecule_smiles"": ""CCC"",
    ""group_smarts"": ""[CH3]-[#6X4]"",
    ""atom_specific_smarts"": ""[CH3]-[#6X4]"",
    ""description"": ""Terminal methyl carbon attached to another sp3 carbon in a saturated hydrocarbon. Nearest neighbor: sp3 C."",
    ""uncertainty"": ""5""
  },
  {
    ""atom_type"": 136,
    ""element"": ""C"",
    ""chemical_environment"": ""Secondary alkyl methylene carbon in alkanes"",
    ""functional_group"": ""alkane"",
    ""hybridization"": ""sp3"",
    ""example_molecule_smiles"": ""CCC"",
    ""group_smarts"": ""[CH2](-[#6X4])-[#6X4]"",
    ""atom_specific_smarts"": ""[CH2](-[#6X4])-[#6X4]"",
    ""description"": ""Methylene carbon bonded to two sp3 carbons in a saturated hydrocarbon chain. Nearest neighbors: two sp3 C atoms."",
    ""uncertainty"": ""5""
  },
  {
    ""atom_type"": 137,
    ""element"": ""C"",
    ""chemical_environment"": ""Tertiary alkyl methine carbon (CH) in alkanes"",
    ""functional_group"": ""alkane"",
    ""hybridization"": ""sp3"",
    ""example_molecule_smiles"": ""CC(C)CC"",
    ""group_smarts"": ""[CH](-[#6X4])(-[#6X4])-[#6X4]"",
    ""atom_specific_smarts"": ""[CH](-[#6X4])(-[#6X4])-[#6X4]"",
    ""description"": ""Tertiary methine carbon attached to three sp3 carbons and one hydrogen in a saturated hydrocarbon. Nearest neighbors: three sp3 C atoms."",
    ""uncertainty"": ""5""
  },
  {
    ""atom_type"": 138,
    ""element"": ""C"",
    ""chemical_environment"": ""Methane carbon (CH4)"",
    ""functional_group"": ""alkane"",
    ""hybridization"": ""sp3"",
    ""example_molecule_smiles"": ""C"",
    ""group_smarts"": ""[CH4]"",
    ""atom_specific_smarts"": ""[CH4]"",
    ""description"": ""Carbon in methane bearing four hydrogens."",
    ""uncertainty"": ""5""
  },
  {
    ""atom_type"": 139,
    ""element"": ""C"",
    ""chemical_environment"": ""Quaternary alkyl carbon (no hydrogens) in alkanes"",
    ""functional_group"": ""alkane"",
    ""hybridization"": ""sp3"",
    ""example_molecule_smiles"": ""CC(C)(C)C"",
    ""group_smarts"": ""[C](-[#6X4])(-[#6X4])(-[#6X4])-[#6X4]"",
    ""atom_specific_smarts"": ""[C](-[#6X4])(-[#6X4])(-[#6X4])-[#6X4]"",
    ""description"": ""Aliphatic quaternary sp3 carbon bonded to four sp3 carbons (no hydrogens). Nearest neighbors: four sp3 C atoms."",
    ""uncertainty"": ""10""
  },
  {
    ""atom_type"": 141,
    ""element"": ""C"",
    ""chemical_environment"": ""Disubstituted alkene carbon (R2C=)"",
    ""functional_group"": ""alkene"",
    ""hybridization"": ""sp2"",
    ""example_molecule_smiles"": ""C=C(C)C"",
    ""group_smarts"": ""[#6X3H0]([#6])([#6])=[#6X3]"",
    ""atom_specific_smarts"": ""[C;X3;H0]([#6])([#6])=[C;X3]"",
    ""description"": ""Vinylic sp2 carbon in an alkene bearing two carbon substituents (no vinylic hydrogens). Nearest neighbors: two C (single-bond) and one vinylic C (double-bond)."",
    ""uncertainty"": ""10""
  },
  {
    ""atom_type"": 142,
    ""element"": ""C"",
    ""chemical_environment"": ""Monosubstituted alkene carbon (RH–C=), vinylic CH"",
    ""functional_group"": ""alkene"",
    ""hybridization"": ""sp2"",
    ""example_molecule_smiles"": ""C=CC"",
    ""group_smarts"": ""[CHX3]([#6])=[#6X3]"",
    ""atom_specific_smarts"": ""[CHX3]([#6])=[C;X3]"",
    ""description"": ""Vinylic sp2 carbon in an alkene with one hydrogen and one carbon substituent. Nearest neighbors: one H, one C (single-bond), one vinylic C (double-bond)."",
    ""uncertainty"": ""10""
  },
  {
    ""atom_type"": 143,
    ""element"": ""C"",
    ""chemical_environment"": ""Terminal alkene carbon (H2C=), vinylic CH2"",
    ""functional_group"": ""alkene"",
    ""hybridization"": ""sp2"",
    ""example_molecule_smiles"": ""C=C"",
    ""group_smarts"": ""[CH2X3]=[#6X3]"",
    ""atom_specific_smarts"": ""[CH2X3]=[C;X3]"",
    ""description"": ""Vinylic sp2 methylene carbon at the terminal position of an alkene. Nearest neighbors: two H and one vinylic C (double-bond)."",
    ""uncertainty"": ""10""
  },
  {
    ""atom_type"": 145,
    ""element"": ""C"",
    ""chemical_environment"": ""Aromatic carbon in benzene ring"",
    ""functional_group"": ""benzene (aromatic)"",
    ""hybridization"": ""aromatic sp2"",
    ""example_molecule_smiles"": ""c1ccccc1"",
    ""group_smarts"": ""c1ccccc1"",
    ""atom_specific_smarts"": ""[c;r6]"",
    ""description"": ""An sp2 aromatic carbon belonging to a six-membered benzene ring. Nearest neighbors: two aromatic carbons."",
    ""uncertainty"": ""10""
  },
  {
    ""atom_type"": 147,
    ""element"": ""C"",
    ""chemical_environment"": ""Naphthalene ring-junction (fusion) aromatic carbon (C9-type)"",
    ""functional_group"": ""polycyclic aromatic (naphthalene fusion)"",
    ""hybridization"": ""aromatic sp2"",
    ""example_molecule_smiles"": ""c1ccc2ccccc2c1"",
    ""group_smarts"": ""[c;R2;r6]"",
    ""atom_specific_smarts"": ""[c;R2;r6]"",
    ""description"": ""Aromatic carbon located at the fusion junction of two rings (member of two rings) as in naphthalene. Nearest neighbors: three aromatic carbons."",
    ""uncertainty"": ""25""
  },
  {
    ""atom_type"": 148,
    ""element"": ""C"",
    ""chemical_environment"": ""Benzylic methyl carbon in toluene"",
    ""functional_group"": ""benzyl (aryl–CH3)"",
    ""hybridization"": ""sp3"",
    ""example_molecule_smiles"": ""Cc1ccccc1"",
    ""group_smarts"": ""[CH3]-[c]"",
    ""atom_specific_smarts"": ""[CH3]-[c]"",
    ""description"": ""Methyl carbon directly bonded to an aromatic ring carbon (toluene-like). Nearest neighbor: aromatic C."",
    ""uncertainty"": ""10""
  },
  {
    ""atom_type"": 149,
    ""element"": ""C"",
    ""chemical_environment"": ""Benzylic methylene carbon in ethylbenzene"",
    ""functional_group"": ""benzyl (aryl–CH2–R)"",
    ""hybridization"": ""sp3"",
    ""example_molecule_smiles"": ""CCc1ccccc1"",
    ""group_smarts"": ""[CH2](-[c])-[#6X4]"",
    ""atom_specific_smarts"": ""[CH2](-[c])-[#6X4]"",
    ""description"": ""Methylene carbon alpha to an aromatic ring and bonded to another sp3 carbon (ethylbenzene-like). Nearest neighbors: aromatic C and sp3 C."",
    ""uncertainty"": ""10""
  },
  {
    ""atom_type"": 150,
    ""element"": ""C"",
    ""chemical_environment"": ""Internal vinylic CH in a conjugated 1,3-diene motif (=CH–CH=)"",
    ""functional_group"": ""conjugated diene (1,3-diene)"",
    ""hybridization"": ""sp2"",
    ""example_molecule_smiles"": ""C=CC=C"",
    ""group_smarts"": ""[#6X3]=[#6X3]-[#6X3]=[#6X3]"",
    ""atom_specific_smarts"": ""[CHX3](=[#6X3])-[#6X3]=[#6X3]"",
    ""description"": ""One of the central vinylic CH carbons in a 1,3-diene (C=C–C=C) where the atom is single-bonded to an sp2 carbon and double-bonded to another sp2 carbon."",
    ""uncertainty"": ""25""
  },
  {
    ""atom_type"": 152,
    ""element"": ""C"",
    ""chemical_environment"": ""Primary alkyl chloride methylene carbon (RCH2Cl)"",
    ""functional_group"": ""alkyl chloride"",
    ""hybridization"": ""sp3"",
    ""example_molecule_smiles"": ""CCCl"",
    ""group_smarts"": ""[CH2]-[Cl]"",
    ""atom_specific_smarts"": ""[CH2]-[Cl]"",
    ""description"": ""Methylene carbon directly bonded to chlorine and to one sp3 carbon (primary chloride). Nearest neighbors: Cl and sp3 C."",
    ""uncertainty"": ""10""
  },
  {
    ""atom_type"": 157,
    ""element"": ""C"",
    ""chemical_environment"": ""Alpha carbon to OH in primary alcohols (CH3 or CH2 attached to –OH)"",
    ""functional_group"": ""primary alcohol"",
    ""hybridization"": ""sp3"",
    ""example_molecule_smiles"": ""CCO"",
    ""group_smarts"": ""[#6X4H3,#6X4H2]-[OX2H]"",
    ""atom_specific_smarts"": ""[CH3,CH2]-[OX2H]"",
    ""description"": ""Carbon directly bonded to a hydroxyl oxygen bearing a hydrogen (primary alcohol). Nearest neighbor: hydroxyl O–H."",
    ""uncertainty"": ""10""
  },
  {
    ""atom_type"": 158,
    ""element"": ""C"",
    ""chemical_environment"": ""Alpha carbon to OH in secondary alcohols (R2CHOH, vinylic center is CH)"",
    ""functional_group"": ""secondary alcohol"",
    ""hybridization"": ""sp3"",
    ""example_molecule_smiles"": ""CC(O)C"",
    ""group_smarts"": ""[CH](-[#6X4])(-[#6X4])-[OX2H]"",
    ""atom_specific_smarts"": ""[CH](-[#6X4])(-[#6X4])-[OX2H]"",
    ""description"": ""Secondary alcohol center carbon (CH) attached to two carbons and a hydroxyl group. Nearest neighbor: hydroxyl O–H."",
    ""uncertainty"": ""10""
  },
  {
    ""atom_type"": 159,
    ""element"": ""C"",
    ""chemical_environment"": ""Alpha carbon to OH in tertiary alcohols (R3COH, quaternary C)"",
    ""functional_group"": ""tertiary alcohol"",
    ""hybridization"": ""sp3"",
    ""example_molecule_smiles"": ""CC(C)(C)O"",
    ""group_smarts"": ""[C](-[#6X4])(-[#6X4])(-[#6X4])-[OX2H]"",
    ""atom_specific_smarts"": ""[C](-[#6X4])(-[#6X4])(-[#6X4])-[OX2H]"",
    ""description"": ""Tertiary alcohol center carbon (no hydrogens) attached to three carbons and a hydroxyl group. Nearest neighbor: hydroxyl O–H."",
    ""uncertainty"": ""10""
  }
]"
149,-0.005,"C  - CT   | all-atom C: CH2, ethyl benzene",12.011,oplsaa.lt,C,6,"Convert the following OPLS-AA atom type rows:

Atom Type Data:
- Atom index: 126
- Force field raw info: C  - C3   | DMSO
- Partial charge: 0.16
- Atomic mass: 12.011
- Element guess: C
- Atomic number: 6
- Source file: oplsaa.lt


Atom Type Data:
- Atom index: 131
- Force field raw info: C  - C~   | C in C=O for UA formamide, DMF.
- Partial charge: 0.5
- Atomic mass: 12.011
- Element guess: C
- Atomic number: 6
- Source file: oplsaa.lt


Atom Type Data:
- Atom index: 132
- Force field raw info: C  - C3   | CH3 in HCON(CH3)2 DMF
- Partial charge: 0.285
- Atomic mass: 12.011
- Element guess: C
- Atomic number: 6
- Source file: oplsaa.lt


Atom Type Data:
- Atom index: 135
- Force field raw info: C  - CT   | CH3 all-atom C: alkanes
- Partial charge: -0.18
- Atomic mass: 12.011
- Element guess: C
- Atomic number: 6
- Source file: oplsaa.lt


Atom Type Data:
- Atom index: 136
- Force field raw info: C  - CT   | CH2 all-atom C: alkanes
- Partial charge: -0.12
- Atomic mass: 12.011
- Element guess: C
- Atomic number: 6
- Source file: oplsaa.lt


Atom Type Data:
- Atom index: 137
- Force field raw info: C  - CT   | CH all-atom C: alkanes
- Partial charge: -0.06
- Atomic mass: 12.011
- Element guess: C
- Atomic number: 6
- Source file: oplsaa.lt


Atom Type Data:
- Atom index: 138
- Force field raw info: C  - CT   | CH4 all-atom C: methane mod 1/2020
- Partial charge: -0.24
- Atomic mass: 12.011
- Element guess: C
- Atomic number: 6
- Source file: oplsaa.lt


Atom Type Data:
- Atom index: 139
- Force field raw info: C  - CT   | C all-atom C: alkanes
- Partial charge: 0.0
- Atomic mass: 12.011
- Element guess: C
- Atomic number: 6
- Source file: oplsaa.lt


Atom Type Data:
- Atom index: 141
- Force field raw info: C  - CM   | alkene C (R2-C=) all atom
- Partial charge: 0.0
- Atomic mass: 12.011
- Element guess: C
- Atomic number: 6
- Source file: oplsaa.lt


Atom Type Data:
- Atom index: 142
- Force field raw info: C  - CM   | alkene C (RH-C=) all atom
- Partial charge: -0.115
- Atomic mass: 12.011
- Element guess: C
- Atomic number: 6
- Source file: oplsaa.lt


Atom Type Data:
- Atom index: 143
- Force field raw info: C  - CM   | alkene C (H2-C=) all atom
- Partial charge: -0.23
- Atomic mass: 12.011
- Element guess: C
- Atomic number: 6
- Source file: oplsaa.lt


Atom Type Data:
- Atom index: 145
- Force field raw info: C  - CA   | Benzene C - 12 site OPLS/2020
- Partial charge: -0.115
- Atomic mass: 12.011
- Element guess: C
- Atomic number: 6
- Source file: oplsaa.lt


Atom Type Data:
- Atom index: 147
- Force field raw info: C  - CB   | Naphthalene fusion C (C9)
- Partial charge: 0.0
- Atomic mass: 12.011
- Element guess: C
- Atomic number: 6
- Source file: oplsaa.lt


Atom Type Data:
- Atom index: 148
- Force field raw info: C  - CT   | all-atom C: CH3, toluene
- Partial charge: -0.065
- Atomic mass: 12.011
- Element guess: C
- Atomic number: 6
- Source file: oplsaa.lt


Atom Type Data:
- Atom index: 149
- Force field raw info: C  - CT   | all-atom C: CH2, ethyl benzene
- Partial charge: -0.005
- Atomic mass: 12.011
- Element guess: C
- Atomic number: 6
- Source file: oplsaa.lt


Atom Type Data:
- Atom index: 150
- Force field raw info: C  - C=   | diene =CH-CH=; see 178 also
- Partial charge: -0.115
- Atomic mass: 12.011
- Element guess: C
- Atomic number: 6
- Source file: oplsaa.lt


Atom Type Data:
- Atom index: 152
- Force field raw info: C  - CT   | RCH2Cl "" ""
- Partial charge: -0.006
- Atomic mass: 12.011
- Element guess: C
- Atomic number: 6
- Source file: oplsaa.lt


Atom Type Data:
- Atom index: 157
- Force field raw info: C  - CT   | all-atom C: CH3 & CH2, prim. alcohols
- Partial charge: 0.145
- Atomic mass: 12.011
- Element guess: C
- Atomic number: 6
- Source file: oplsaa.lt


Atom Type Data:
- Atom index: 158
- Force field raw info: C  - CT   | all-atom C: CH, sec. alcohols
- Partial charge: 0.205
- Atomic mass: 12.011
- Element guess: C
- Atomic number: 6
- Source file: oplsaa.lt


Atom Type Data:
- Atom index: 159
- Force field raw info: C  - CT   | all-atom C: C, tert. alcohols OPLS/2020
- Partial charge: 0.232
- Atomic mass: 12.011
- Element guess: C
- Atomic number: 6
- Source file: oplsaa.lt
","[
  {
    ""atom_type"": 126,
    ""element"": ""C"",
    ""chemical_environment"": ""Methyl carbon alpha to sulfoxide sulfur in DMSO"",
    ""functional_group"": ""sulfoxide (alkyl–S(=O)–alkyl)"",
    ""hybridization"": ""sp3"",
    ""example_molecule_smiles"": ""CS(=O)C"",
    ""group_smarts"": ""[#6X4]-[#16X3](=O)([#6])[#6]"",
    ""atom_specific_smarts"": ""[CH3]-[#16X3](=O)([#6])[#6]"",
    ""description"": ""The CH3 attached directly to a sulfoxide S that bears a single S=O and two C–S single bonds (as in DMSO). Nearest neighbor: sulfoxide S(=O)."",
    ""uncertainty"": ""20""
  },
  {
    ""atom_type"": 131,
    ""element"": ""C"",
    ""chemical_environment"": ""Amide carbonyl carbon in formamide/DMF (formyl amide C=O)"",
    ""functional_group"": ""amide (formamide-type)"",
    ""hybridization"": ""sp2"",
    ""example_molecule_smiles"": ""CN(C)C=O"",
    ""group_smarts"": ""[#6X3](=O)-[#7X3]"",
    ""atom_specific_smarts"": ""[CHX3](=O)-[#7X3]"",
    ""description"": ""The carbonyl carbon of a formyl amide (C(=O)–N) bearing one hydrogen on the carbonyl carbon; as in formamide/DMF. Nearest neighbors: O (double bond) and amide N."",
    ""uncertainty"": ""15""
  },
  {
    ""atom_type"": 132,
    ""element"": ""C"",
    ""chemical_environment"": ""N-methyl carbon in DMF (methyl attached to amide nitrogen)"",
    ""functional_group"": ""tertiary amide (N-alkyl)"",
    ""hybridization"": ""sp3"",
    ""example_molecule_smiles"": ""CN(C)C=O"",
    ""group_smarts"": ""[#6X4]-[#7X3]-[#6X3](=O)[H,#6]"",
    ""atom_specific_smarts"": ""[CH3]-[#7X3]-[#6X3](=O)[H]"",
    ""description"": ""A methyl carbon directly bonded to an amide nitrogen that is attached to a formyl carbonyl (as in DMF). Nearest neighbor: amide N."",
    ""uncertainty"": ""20""
  },
  {
    ""atom_type"": 135,
    ""element"": ""C"",
    ""chemical_environment"": ""Primary alkyl methyl carbon in alkanes"",
    ""functional_group"": ""alkane"",
    ""hybridization"": ""sp3"",
    ""example_molecule_smiles"": ""CCC"",
    ""group_smarts"": ""[CH3]-[#6X4]"",
    ""atom_specific_smarts"": ""[CH3]-[#6X4]"",
    ""description"": ""Terminal methyl carbon attached to another sp3 carbon in a saturated hydrocarbon. Nearest neighbor: sp3 C."",
    ""uncertainty"": ""5""
  },
  {
    ""atom_type"": 136,
    ""element"": ""C"",
    ""chemical_environment"": ""Secondary alkyl methylene carbon in alkanes"",
    ""functional_group"": ""alkane"",
    ""hybridization"": ""sp3"",
    ""example_molecule_smiles"": ""CCC"",
    ""group_smarts"": ""[CH2](-[#6X4])-[#6X4]"",
    ""atom_specific_smarts"": ""[CH2](-[#6X4])-[#6X4]"",
    ""description"": ""Methylene carbon bonded to two sp3 carbons in a saturated hydrocarbon chain. Nearest neighbors: two sp3 C atoms."",
    ""uncertainty"": ""5""
  },
  {
    ""atom_type"": 137,
    ""element"": ""C"",
    ""chemical_environment"": ""Tertiary alkyl methine carbon (CH) in alkanes"",
    ""functional_group"": ""alkane"",
    ""hybridization"": ""sp3"",
    ""example_molecule_smiles"": ""CC(C)CC"",
    ""group_smarts"": ""[CH](-[#6X4])(-[#6X4])-[#6X4]"",
    ""atom_specific_smarts"": ""[CH](-[#6X4])(-[#6X4])-[#6X4]"",
    ""description"": ""Tertiary methine carbon attached to three sp3 carbons and one hydrogen in a saturated hydrocarbon. Nearest neighbors: three sp3 C atoms."",
    ""uncertainty"": ""5""
  },
  {
    ""atom_type"": 138,
    ""element"": ""C"",
    ""chemical_environment"": ""Methane carbon (CH4)"",
    ""functional_group"": ""alkane"",
    ""hybridization"": ""sp3"",
    ""example_molecule_smiles"": ""C"",
    ""group_smarts"": ""[CH4]"",
    ""atom_specific_smarts"": ""[CH4]"",
    ""description"": ""Carbon in methane bearing four hydrogens."",
    ""uncertainty"": ""5""
  },
  {
    ""atom_type"": 139,
    ""element"": ""C"",
    ""chemical_environment"": ""Quaternary alkyl carbon (no hydrogens) in alkanes"",
    ""functional_group"": ""alkane"",
    ""hybridization"": ""sp3"",
    ""example_molecule_smiles"": ""CC(C)(C)C"",
    ""group_smarts"": ""[C](-[#6X4])(-[#6X4])(-[#6X4])-[#6X4]"",
    ""atom_specific_smarts"": ""[C](-[#6X4])(-[#6X4])(-[#6X4])-[#6X4]"",
    ""description"": ""Aliphatic quaternary sp3 carbon bonded to four sp3 carbons (no hydrogens). Nearest neighbors: four sp3 C atoms."",
    ""uncertainty"": ""10""
  },
  {
    ""atom_type"": 141,
    ""element"": ""C"",
    ""chemical_environment"": ""Disubstituted alkene carbon (R2C=)"",
    ""functional_group"": ""alkene"",
    ""hybridization"": ""sp2"",
    ""example_molecule_smiles"": ""C=C(C)C"",
    ""group_smarts"": ""[#6X3H0]([#6])([#6])=[#6X3]"",
    ""atom_specific_smarts"": ""[C;X3;H0]([#6])([#6])=[C;X3]"",
    ""description"": ""Vinylic sp2 carbon in an alkene bearing two carbon substituents (no vinylic hydrogens). Nearest neighbors: two C (single-bond) and one vinylic C (double-bond)."",
    ""uncertainty"": ""10""
  },
  {
    ""atom_type"": 142,
    ""element"": ""C"",
    ""chemical_environment"": ""Monosubstituted alkene carbon (RH–C=), vinylic CH"",
    ""functional_group"": ""alkene"",
    ""hybridization"": ""sp2"",
    ""example_molecule_smiles"": ""C=CC"",
    ""group_smarts"": ""[CHX3]([#6])=[#6X3]"",
    ""atom_specific_smarts"": ""[CHX3]([#6])=[C;X3]"",
    ""description"": ""Vinylic sp2 carbon in an alkene with one hydrogen and one carbon substituent. Nearest neighbors: one H, one C (single-bond), one vinylic C (double-bond)."",
    ""uncertainty"": ""10""
  },
  {
    ""atom_type"": 143,
    ""element"": ""C"",
    ""chemical_environment"": ""Terminal alkene carbon (H2C=), vinylic CH2"",
    ""functional_group"": ""alkene"",
    ""hybridization"": ""sp2"",
    ""example_molecule_smiles"": ""C=C"",
    ""group_smarts"": ""[CH2X3]=[#6X3]"",
    ""atom_specific_smarts"": ""[CH2X3]=[C;X3]"",
    ""description"": ""Vinylic sp2 methylene carbon at the terminal position of an alkene. Nearest neighbors: two H and one vinylic C (double-bond)."",
    ""uncertainty"": ""10""
  },
  {
    ""atom_type"": 145,
    ""element"": ""C"",
    ""chemical_environment"": ""Aromatic carbon in benzene ring"",
    ""functional_group"": ""benzene (aromatic)"",
    ""hybridization"": ""aromatic sp2"",
    ""example_molecule_smiles"": ""c1ccccc1"",
    ""group_smarts"": ""c1ccccc1"",
    ""atom_specific_smarts"": ""[c;r6]"",
    ""description"": ""An sp2 aromatic carbon belonging to a six-membered benzene ring. Nearest neighbors: two aromatic carbons."",
    ""uncertainty"": ""10""
  },
  {
    ""atom_type"": 147,
    ""element"": ""C"",
    ""chemical_environment"": ""Naphthalene ring-junction (fusion) aromatic carbon (C9-type)"",
    ""functional_group"": ""polycyclic aromatic (naphthalene fusion)"",
    ""hybridization"": ""aromatic sp2"",
    ""example_molecule_smiles"": ""c1ccc2ccccc2c1"",
    ""group_smarts"": ""[c;R2;r6]"",
    ""atom_specific_smarts"": ""[c;R2;r6]"",
    ""description"": ""Aromatic carbon located at the fusion junction of two rings (member of two rings) as in naphthalene. Nearest neighbors: three aromatic carbons."",
    ""uncertainty"": ""25""
  },
  {
    ""atom_type"": 148,
    ""element"": ""C"",
    ""chemical_environment"": ""Benzylic methyl carbon in toluene"",
    ""functional_group"": ""benzyl (aryl–CH3)"",
    ""hybridization"": ""sp3"",
    ""example_molecule_smiles"": ""Cc1ccccc1"",
    ""group_smarts"": ""[CH3]-[c]"",
    ""atom_specific_smarts"": ""[CH3]-[c]"",
    ""description"": ""Methyl carbon directly bonded to an aromatic ring carbon (toluene-like). Nearest neighbor: aromatic C."",
    ""uncertainty"": ""10""
  },
  {
    ""atom_type"": 149,
    ""element"": ""C"",
    ""chemical_environment"": ""Benzylic methylene carbon in ethylbenzene"",
    ""functional_group"": ""benzyl (aryl–CH2–R)"",
    ""hybridization"": ""sp3"",
    ""example_molecule_smiles"": ""CCc1ccccc1"",
    ""group_smarts"": ""[CH2](-[c])-[#6X4]"",
    ""atom_specific_smarts"": ""[CH2](-[c])-[#6X4]"",
    ""description"": ""Methylene carbon alpha to an aromatic ring and bonded to another sp3 carbon (ethylbenzene-like). Nearest neighbors: aromatic C and sp3 C."",
    ""uncertainty"": ""10""
  },
  {
    ""atom_type"": 150,
    ""element"": ""C"",
    ""chemical_environment"": ""Internal vinylic CH in a conjugated 1,3-diene motif (=CH–CH=)"",
    ""functional_group"": ""conjugated diene (1,3-diene)"",
    ""hybridization"": ""sp2"",
    ""example_molecule_smiles"": ""C=CC=C"",
    ""group_smarts"": ""[#6X3]=[#6X3]-[#6X3]=[#6X3]"",
    ""atom_specific_smarts"": ""[CHX3](=[#6X3])-[#6X3]=[#6X3]"",
    ""description"": ""One of the central vinylic CH carbons in a 1,3-diene (C=C–C=C) where the atom is single-bonded to an sp2 carbon and double-bonded to another sp2 carbon."",
    ""uncertainty"": ""25""
  },
  {
    ""atom_type"": 152,
    ""element"": ""C"",
    ""chemical_environment"": ""Primary alkyl chloride methylene carbon (RCH2Cl)"",
    ""functional_group"": ""alkyl chloride"",
    ""hybridization"": ""sp3"",
    ""example_molecule_smiles"": ""CCCl"",
    ""group_smarts"": ""[CH2]-[Cl]"",
    ""atom_specific_smarts"": ""[CH2]-[Cl]"",
    ""description"": ""Methylene carbon directly bonded to chlorine and to one sp3 carbon (primary chloride). Nearest neighbors: Cl and sp3 C."",
    ""uncertainty"": ""10""
  },
  {
    ""atom_type"": 157,
    ""element"": ""C"",
    ""chemical_environment"": ""Alpha carbon to OH in primary alcohols (CH3 or CH2 attached to –OH)"",
    ""functional_group"": ""primary alcohol"",
    ""hybridization"": ""sp3"",
    ""example_molecule_smiles"": ""CCO"",
    ""group_smarts"": ""[#6X4H3,#6X4H2]-[OX2H]"",
    ""atom_specific_smarts"": ""[CH3,CH2]-[OX2H]"",
    ""description"": ""Carbon directly bonded to a hydroxyl oxygen bearing a hydrogen (primary alcohol). Nearest neighbor: hydroxyl O–H."",
    ""uncertainty"": ""10""
  },
  {
    ""atom_type"": 158,
    ""element"": ""C"",
    ""chemical_environment"": ""Alpha carbon to OH in secondary alcohols (R2CHOH, vinylic center is CH)"",
    ""functional_group"": ""secondary alcohol"",
    ""hybridization"": ""sp3"",
    ""example_molecule_smiles"": ""CC(O)C"",
    ""group_smarts"": ""[CH](-[#6X4])(-[#6X4])-[OX2H]"",
    ""atom_specific_smarts"": ""[CH](-[#6X4])(-[#6X4])-[OX2H]"",
    ""description"": ""Secondary alcohol center carbon (CH) attached to two carbons and a hydroxyl group. Nearest neighbor: hydroxyl O–H."",
    ""uncertainty"": ""10""
  },
  {
    ""atom_type"": 159,
    ""element"": ""C"",
    ""chemical_environment"": ""Alpha carbon to OH in tertiary alcohols (R3COH, quaternary C)"",
    ""functional_group"": ""tertiary alcohol"",
    ""hybridization"": ""sp3"",
    ""example_molecule_smiles"": ""CC(C)(C)O"",
    ""group_smarts"": ""[C](-[#6X4])(-[#6X4])(-[#6X4])-[OX2H]"",
    ""atom_specific_smarts"": ""[C](-[#6X4])(-[#6X4])(-[#6X4])-[OX2H]"",
    ""description"": ""Tertiary alcohol center carbon (no hydrogens) attached to three carbons and a hydroxyl group. Nearest neighbor: hydroxyl O–H."",
    ""uncertainty"": ""10""
  }
]"
150,-0.115,C  - C=   | diene =CH-CH=; see 178 also,12.011,oplsaa.lt,C,6,"Convert the following OPLS-AA atom type rows:

Atom Type Data:
- Atom index: 126
- Force field raw info: C  - C3   | DMSO
- Partial charge: 0.16
- Atomic mass: 12.011
- Element guess: C
- Atomic number: 6
- Source file: oplsaa.lt


Atom Type Data:
- Atom index: 131
- Force field raw info: C  - C~   | C in C=O for UA formamide, DMF.
- Partial charge: 0.5
- Atomic mass: 12.011
- Element guess: C
- Atomic number: 6
- Source file: oplsaa.lt


Atom Type Data:
- Atom index: 132
- Force field raw info: C  - C3   | CH3 in HCON(CH3)2 DMF
- Partial charge: 0.285
- Atomic mass: 12.011
- Element guess: C
- Atomic number: 6
- Source file: oplsaa.lt


Atom Type Data:
- Atom index: 135
- Force field raw info: C  - CT   | CH3 all-atom C: alkanes
- Partial charge: -0.18
- Atomic mass: 12.011
- Element guess: C
- Atomic number: 6
- Source file: oplsaa.lt


Atom Type Data:
- Atom index: 136
- Force field raw info: C  - CT   | CH2 all-atom C: alkanes
- Partial charge: -0.12
- Atomic mass: 12.011
- Element guess: C
- Atomic number: 6
- Source file: oplsaa.lt


Atom Type Data:
- Atom index: 137
- Force field raw info: C  - CT   | CH all-atom C: alkanes
- Partial charge: -0.06
- Atomic mass: 12.011
- Element guess: C
- Atomic number: 6
- Source file: oplsaa.lt


Atom Type Data:
- Atom index: 138
- Force field raw info: C  - CT   | CH4 all-atom C: methane mod 1/2020
- Partial charge: -0.24
- Atomic mass: 12.011
- Element guess: C
- Atomic number: 6
- Source file: oplsaa.lt


Atom Type Data:
- Atom index: 139
- Force field raw info: C  - CT   | C all-atom C: alkanes
- Partial charge: 0.0
- Atomic mass: 12.011
- Element guess: C
- Atomic number: 6
- Source file: oplsaa.lt


Atom Type Data:
- Atom index: 141
- Force field raw info: C  - CM   | alkene C (R2-C=) all atom
- Partial charge: 0.0
- Atomic mass: 12.011
- Element guess: C
- Atomic number: 6
- Source file: oplsaa.lt


Atom Type Data:
- Atom index: 142
- Force field raw info: C  - CM   | alkene C (RH-C=) all atom
- Partial charge: -0.115
- Atomic mass: 12.011
- Element guess: C
- Atomic number: 6
- Source file: oplsaa.lt


Atom Type Data:
- Atom index: 143
- Force field raw info: C  - CM   | alkene C (H2-C=) all atom
- Partial charge: -0.23
- Atomic mass: 12.011
- Element guess: C
- Atomic number: 6
- Source file: oplsaa.lt


Atom Type Data:
- Atom index: 145
- Force field raw info: C  - CA   | Benzene C - 12 site OPLS/2020
- Partial charge: -0.115
- Atomic mass: 12.011
- Element guess: C
- Atomic number: 6
- Source file: oplsaa.lt


Atom Type Data:
- Atom index: 147
- Force field raw info: C  - CB   | Naphthalene fusion C (C9)
- Partial charge: 0.0
- Atomic mass: 12.011
- Element guess: C
- Atomic number: 6
- Source file: oplsaa.lt


Atom Type Data:
- Atom index: 148
- Force field raw info: C  - CT   | all-atom C: CH3, toluene
- Partial charge: -0.065
- Atomic mass: 12.011
- Element guess: C
- Atomic number: 6
- Source file: oplsaa.lt


Atom Type Data:
- Atom index: 149
- Force field raw info: C  - CT   | all-atom C: CH2, ethyl benzene
- Partial charge: -0.005
- Atomic mass: 12.011
- Element guess: C
- Atomic number: 6
- Source file: oplsaa.lt


Atom Type Data:
- Atom index: 150
- Force field raw info: C  - C=   | diene =CH-CH=; see 178 also
- Partial charge: -0.115
- Atomic mass: 12.011
- Element guess: C
- Atomic number: 6
- Source file: oplsaa.lt


Atom Type Data:
- Atom index: 152
- Force field raw info: C  - CT   | RCH2Cl "" ""
- Partial charge: -0.006
- Atomic mass: 12.011
- Element guess: C
- Atomic number: 6
- Source file: oplsaa.lt


Atom Type Data:
- Atom index: 157
- Force field raw info: C  - CT   | all-atom C: CH3 & CH2, prim. alcohols
- Partial charge: 0.145
- Atomic mass: 12.011
- Element guess: C
- Atomic number: 6
- Source file: oplsaa.lt


Atom Type Data:
- Atom index: 158
- Force field raw info: C  - CT   | all-atom C: CH, sec. alcohols
- Partial charge: 0.205
- Atomic mass: 12.011
- Element guess: C
- Atomic number: 6
- Source file: oplsaa.lt


Atom Type Data:
- Atom index: 159
- Force field raw info: C  - CT   | all-atom C: C, tert. alcohols OPLS/2020
- Partial charge: 0.232
- Atomic mass: 12.011
- Element guess: C
- Atomic number: 6
- Source file: oplsaa.lt
","[
  {
    ""atom_type"": 126,
    ""element"": ""C"",
    ""chemical_environment"": ""Methyl carbon alpha to sulfoxide sulfur in DMSO"",
    ""functional_group"": ""sulfoxide (alkyl–S(=O)–alkyl)"",
    ""hybridization"": ""sp3"",
    ""example_molecule_smiles"": ""CS(=O)C"",
    ""group_smarts"": ""[#6X4]-[#16X3](=O)([#6])[#6]"",
    ""atom_specific_smarts"": ""[CH3]-[#16X3](=O)([#6])[#6]"",
    ""description"": ""The CH3 attached directly to a sulfoxide S that bears a single S=O and two C–S single bonds (as in DMSO). Nearest neighbor: sulfoxide S(=O)."",
    ""uncertainty"": ""20""
  },
  {
    ""atom_type"": 131,
    ""element"": ""C"",
    ""chemical_environment"": ""Amide carbonyl carbon in formamide/DMF (formyl amide C=O)"",
    ""functional_group"": ""amide (formamide-type)"",
    ""hybridization"": ""sp2"",
    ""example_molecule_smiles"": ""CN(C)C=O"",
    ""group_smarts"": ""[#6X3](=O)-[#7X3]"",
    ""atom_specific_smarts"": ""[CHX3](=O)-[#7X3]"",
    ""description"": ""The carbonyl carbon of a formyl amide (C(=O)–N) bearing one hydrogen on the carbonyl carbon; as in formamide/DMF. Nearest neighbors: O (double bond) and amide N."",
    ""uncertainty"": ""15""
  },
  {
    ""atom_type"": 132,
    ""element"": ""C"",
    ""chemical_environment"": ""N-methyl carbon in DMF (methyl attached to amide nitrogen)"",
    ""functional_group"": ""tertiary amide (N-alkyl)"",
    ""hybridization"": ""sp3"",
    ""example_molecule_smiles"": ""CN(C)C=O"",
    ""group_smarts"": ""[#6X4]-[#7X3]-[#6X3](=O)[H,#6]"",
    ""atom_specific_smarts"": ""[CH3]-[#7X3]-[#6X3](=O)[H]"",
    ""description"": ""A methyl carbon directly bonded to an amide nitrogen that is attached to a formyl carbonyl (as in DMF). Nearest neighbor: amide N."",
    ""uncertainty"": ""20""
  },
  {
    ""atom_type"": 135,
    ""element"": ""C"",
    ""chemical_environment"": ""Primary alkyl methyl carbon in alkanes"",
    ""functional_group"": ""alkane"",
    ""hybridization"": ""sp3"",
    ""example_molecule_smiles"": ""CCC"",
    ""group_smarts"": ""[CH3]-[#6X4]"",
    ""atom_specific_smarts"": ""[CH3]-[#6X4]"",
    ""description"": ""Terminal methyl carbon attached to another sp3 carbon in a saturated hydrocarbon. Nearest neighbor: sp3 C."",
    ""uncertainty"": ""5""
  },
  {
    ""atom_type"": 136,
    ""element"": ""C"",
    ""chemical_environment"": ""Secondary alkyl methylene carbon in alkanes"",
    ""functional_group"": ""alkane"",
    ""hybridization"": ""sp3"",
    ""example_molecule_smiles"": ""CCC"",
    ""group_smarts"": ""[CH2](-[#6X4])-[#6X4]"",
    ""atom_specific_smarts"": ""[CH2](-[#6X4])-[#6X4]"",
    ""description"": ""Methylene carbon bonded to two sp3 carbons in a saturated hydrocarbon chain. Nearest neighbors: two sp3 C atoms."",
    ""uncertainty"": ""5""
  },
  {
    ""atom_type"": 137,
    ""element"": ""C"",
    ""chemical_environment"": ""Tertiary alkyl methine carbon (CH) in alkanes"",
    ""functional_group"": ""alkane"",
    ""hybridization"": ""sp3"",
    ""example_molecule_smiles"": ""CC(C)CC"",
    ""group_smarts"": ""[CH](-[#6X4])(-[#6X4])-[#6X4]"",
    ""atom_specific_smarts"": ""[CH](-[#6X4])(-[#6X4])-[#6X4]"",
    ""description"": ""Tertiary methine carbon attached to three sp3 carbons and one hydrogen in a saturated hydrocarbon. Nearest neighbors: three sp3 C atoms."",
    ""uncertainty"": ""5""
  },
  {
    ""atom_type"": 138,
    ""element"": ""C"",
    ""chemical_environment"": ""Methane carbon (CH4)"",
    ""functional_group"": ""alkane"",
    ""hybridization"": ""sp3"",
    ""example_molecule_smiles"": ""C"",
    ""group_smarts"": ""[CH4]"",
    ""atom_specific_smarts"": ""[CH4]"",
    ""description"": ""Carbon in methane bearing four hydrogens."",
    ""uncertainty"": ""5""
  },
  {
    ""atom_type"": 139,
    ""element"": ""C"",
    ""chemical_environment"": ""Quaternary alkyl carbon (no hydrogens) in alkanes"",
    ""functional_group"": ""alkane"",
    ""hybridization"": ""sp3"",
    ""example_molecule_smiles"": ""CC(C)(C)C"",
    ""group_smarts"": ""[C](-[#6X4])(-[#6X4])(-[#6X4])-[#6X4]"",
    ""atom_specific_smarts"": ""[C](-[#6X4])(-[#6X4])(-[#6X4])-[#6X4]"",
    ""description"": ""Aliphatic quaternary sp3 carbon bonded to four sp3 carbons (no hydrogens). Nearest neighbors: four sp3 C atoms."",
    ""uncertainty"": ""10""
  },
  {
    ""atom_type"": 141,
    ""element"": ""C"",
    ""chemical_environment"": ""Disubstituted alkene carbon (R2C=)"",
    ""functional_group"": ""alkene"",
    ""hybridization"": ""sp2"",
    ""example_molecule_smiles"": ""C=C(C)C"",
    ""group_smarts"": ""[#6X3H0]([#6])([#6])=[#6X3]"",
    ""atom_specific_smarts"": ""[C;X3;H0]([#6])([#6])=[C;X3]"",
    ""description"": ""Vinylic sp2 carbon in an alkene bearing two carbon substituents (no vinylic hydrogens). Nearest neighbors: two C (single-bond) and one vinylic C (double-bond)."",
    ""uncertainty"": ""10""
  },
  {
    ""atom_type"": 142,
    ""element"": ""C"",
    ""chemical_environment"": ""Monosubstituted alkene carbon (RH–C=), vinylic CH"",
    ""functional_group"": ""alkene"",
    ""hybridization"": ""sp2"",
    ""example_molecule_smiles"": ""C=CC"",
    ""group_smarts"": ""[CHX3]([#6])=[#6X3]"",
    ""atom_specific_smarts"": ""[CHX3]([#6])=[C;X3]"",
    ""description"": ""Vinylic sp2 carbon in an alkene with one hydrogen and one carbon substituent. Nearest neighbors: one H, one C (single-bond), one vinylic C (double-bond)."",
    ""uncertainty"": ""10""
  },
  {
    ""atom_type"": 143,
    ""element"": ""C"",
    ""chemical_environment"": ""Terminal alkene carbon (H2C=), vinylic CH2"",
    ""functional_group"": ""alkene"",
    ""hybridization"": ""sp2"",
    ""example_molecule_smiles"": ""C=C"",
    ""group_smarts"": ""[CH2X3]=[#6X3]"",
    ""atom_specific_smarts"": ""[CH2X3]=[C;X3]"",
    ""description"": ""Vinylic sp2 methylene carbon at the terminal position of an alkene. Nearest neighbors: two H and one vinylic C (double-bond)."",
    ""uncertainty"": ""10""
  },
  {
    ""atom_type"": 145,
    ""element"": ""C"",
    ""chemical_environment"": ""Aromatic carbon in benzene ring"",
    ""functional_group"": ""benzene (aromatic)"",
    ""hybridization"": ""aromatic sp2"",
    ""example_molecule_smiles"": ""c1ccccc1"",
    ""group_smarts"": ""c1ccccc1"",
    ""atom_specific_smarts"": ""[c;r6]"",
    ""description"": ""An sp2 aromatic carbon belonging to a six-membered benzene ring. Nearest neighbors: two aromatic carbons."",
    ""uncertainty"": ""10""
  },
  {
    ""atom_type"": 147,
    ""element"": ""C"",
    ""chemical_environment"": ""Naphthalene ring-junction (fusion) aromatic carbon (C9-type)"",
    ""functional_group"": ""polycyclic aromatic (naphthalene fusion)"",
    ""hybridization"": ""aromatic sp2"",
    ""example_molecule_smiles"": ""c1ccc2ccccc2c1"",
    ""group_smarts"": ""[c;R2;r6]"",
    ""atom_specific_smarts"": ""[c;R2;r6]"",
    ""description"": ""Aromatic carbon located at the fusion junction of two rings (member of two rings) as in naphthalene. Nearest neighbors: three aromatic carbons."",
    ""uncertainty"": ""25""
  },
  {
    ""atom_type"": 148,
    ""element"": ""C"",
    ""chemical_environment"": ""Benzylic methyl carbon in toluene"",
    ""functional_group"": ""benzyl (aryl–CH3)"",
    ""hybridization"": ""sp3"",
    ""example_molecule_smiles"": ""Cc1ccccc1"",
    ""group_smarts"": ""[CH3]-[c]"",
    ""atom_specific_smarts"": ""[CH3]-[c]"",
    ""description"": ""Methyl carbon directly bonded to an aromatic ring carbon (toluene-like). Nearest neighbor: aromatic C."",
    ""uncertainty"": ""10""
  },
  {
    ""atom_type"": 149,
    ""element"": ""C"",
    ""chemical_environment"": ""Benzylic methylene carbon in ethylbenzene"",
    ""functional_group"": ""benzyl (aryl–CH2–R)"",
    ""hybridization"": ""sp3"",
    ""example_molecule_smiles"": ""CCc1ccccc1"",
    ""group_smarts"": ""[CH2](-[c])-[#6X4]"",
    ""atom_specific_smarts"": ""[CH2](-[c])-[#6X4]"",
    ""description"": ""Methylene carbon alpha to an aromatic ring and bonded to another sp3 carbon (ethylbenzene-like). Nearest neighbors: aromatic C and sp3 C."",
    ""uncertainty"": ""10""
  },
  {
    ""atom_type"": 150,
    ""element"": ""C"",
    ""chemical_environment"": ""Internal vinylic CH in a conjugated 1,3-diene motif (=CH–CH=)"",
    ""functional_group"": ""conjugated diene (1,3-diene)"",
    ""hybridization"": ""sp2"",
    ""example_molecule_smiles"": ""C=CC=C"",
    ""group_smarts"": ""[#6X3]=[#6X3]-[#6X3]=[#6X3]"",
    ""atom_specific_smarts"": ""[CHX3](=[#6X3])-[#6X3]=[#6X3]"",
    ""description"": ""One of the central vinylic CH carbons in a 1,3-diene (C=C–C=C) where the atom is single-bonded to an sp2 carbon and double-bonded to another sp2 carbon."",
    ""uncertainty"": ""25""
  },
  {
    ""atom_type"": 152,
    ""element"": ""C"",
    ""chemical_environment"": ""Primary alkyl chloride methylene carbon (RCH2Cl)"",
    ""functional_group"": ""alkyl chloride"",
    ""hybridization"": ""sp3"",
    ""example_molecule_smiles"": ""CCCl"",
    ""group_smarts"": ""[CH2]-[Cl]"",
    ""atom_specific_smarts"": ""[CH2]-[Cl]"",
    ""description"": ""Methylene carbon directly bonded to chlorine and to one sp3 carbon (primary chloride). Nearest neighbors: Cl and sp3 C."",
    ""uncertainty"": ""10""
  },
  {
    ""atom_type"": 157,
    ""element"": ""C"",
    ""chemical_environment"": ""Alpha carbon to OH in primary alcohols (CH3 or CH2 attached to –OH)"",
    ""functional_group"": ""primary alcohol"",
    ""hybridization"": ""sp3"",
    ""example_molecule_smiles"": ""CCO"",
    ""group_smarts"": ""[#6X4H3,#6X4H2]-[OX2H]"",
    ""atom_specific_smarts"": ""[CH3,CH2]-[OX2H]"",
    ""description"": ""Carbon directly bonded to a hydroxyl oxygen bearing a hydrogen (primary alcohol). Nearest neighbor: hydroxyl O–H."",
    ""uncertainty"": ""10""
  },
  {
    ""atom_type"": 158,
    ""element"": ""C"",
    ""chemical_environment"": ""Alpha carbon to OH in secondary alcohols (R2CHOH, vinylic center is CH)"",
    ""functional_group"": ""secondary alcohol"",
    ""hybridization"": ""sp3"",
    ""example_molecule_smiles"": ""CC(O)C"",
    ""group_smarts"": ""[CH](-[#6X4])(-[#6X4])-[OX2H]"",
    ""atom_specific_smarts"": ""[CH](-[#6X4])(-[#6X4])-[OX2H]"",
    ""description"": ""Secondary alcohol center carbon (CH) attached to two carbons and a hydroxyl group. Nearest neighbor: hydroxyl O–H."",
    ""uncertainty"": ""10""
  },
  {
    ""atom_type"": 159,
    ""element"": ""C"",
    ""chemical_environment"": ""Alpha carbon to OH in tertiary alcohols (R3COH, quaternary C)"",
    ""functional_group"": ""tertiary alcohol"",
    ""hybridization"": ""sp3"",
    ""example_molecule_smiles"": ""CC(C)(C)O"",
    ""group_smarts"": ""[C](-[#6X4])(-[#6X4])(-[#6X4])-[OX2H]"",
    ""atom_specific_smarts"": ""[C](-[#6X4])(-[#6X4])(-[#6X4])-[OX2H]"",
    ""description"": ""Tertiary alcohol center carbon (no hydrogens) attached to three carbons and a hydroxyl group. Nearest neighbor: hydroxyl O–H."",
    ""uncertainty"": ""10""
  }
]"
152,-0.006,"C  - CT   | RCH2Cl "" """,12.011,oplsaa.lt,C,6,"Convert the following OPLS-AA atom type rows:

Atom Type Data:
- Atom index: 126
- Force field raw info: C  - C3   | DMSO
- Partial charge: 0.16
- Atomic mass: 12.011
- Element guess: C
- Atomic number: 6
- Source file: oplsaa.lt


Atom Type Data:
- Atom index: 131
- Force field raw info: C  - C~   | C in C=O for UA formamide, DMF.
- Partial charge: 0.5
- Atomic mass: 12.011
- Element guess: C
- Atomic number: 6
- Source file: oplsaa.lt


Atom Type Data:
- Atom index: 132
- Force field raw info: C  - C3   | CH3 in HCON(CH3)2 DMF
- Partial charge: 0.285
- Atomic mass: 12.011
- Element guess: C
- Atomic number: 6
- Source file: oplsaa.lt


Atom Type Data:
- Atom index: 135
- Force field raw info: C  - CT   | CH3 all-atom C: alkanes
- Partial charge: -0.18
- Atomic mass: 12.011
- Element guess: C
- Atomic number: 6
- Source file: oplsaa.lt


Atom Type Data:
- Atom index: 136
- Force field raw info: C  - CT   | CH2 all-atom C: alkanes
- Partial charge: -0.12
- Atomic mass: 12.011
- Element guess: C
- Atomic number: 6
- Source file: oplsaa.lt


Atom Type Data:
- Atom index: 137
- Force field raw info: C  - CT   | CH all-atom C: alkanes
- Partial charge: -0.06
- Atomic mass: 12.011
- Element guess: C
- Atomic number: 6
- Source file: oplsaa.lt


Atom Type Data:
- Atom index: 138
- Force field raw info: C  - CT   | CH4 all-atom C: methane mod 1/2020
- Partial charge: -0.24
- Atomic mass: 12.011
- Element guess: C
- Atomic number: 6
- Source file: oplsaa.lt


Atom Type Data:
- Atom index: 139
- Force field raw info: C  - CT   | C all-atom C: alkanes
- Partial charge: 0.0
- Atomic mass: 12.011
- Element guess: C
- Atomic number: 6
- Source file: oplsaa.lt


Atom Type Data:
- Atom index: 141
- Force field raw info: C  - CM   | alkene C (R2-C=) all atom
- Partial charge: 0.0
- Atomic mass: 12.011
- Element guess: C
- Atomic number: 6
- Source file: oplsaa.lt


Atom Type Data:
- Atom index: 142
- Force field raw info: C  - CM   | alkene C (RH-C=) all atom
- Partial charge: -0.115
- Atomic mass: 12.011
- Element guess: C
- Atomic number: 6
- Source file: oplsaa.lt


Atom Type Data:
- Atom index: 143
- Force field raw info: C  - CM   | alkene C (H2-C=) all atom
- Partial charge: -0.23
- Atomic mass: 12.011
- Element guess: C
- Atomic number: 6
- Source file: oplsaa.lt


Atom Type Data:
- Atom index: 145
- Force field raw info: C  - CA   | Benzene C - 12 site OPLS/2020
- Partial charge: -0.115
- Atomic mass: 12.011
- Element guess: C
- Atomic number: 6
- Source file: oplsaa.lt


Atom Type Data:
- Atom index: 147
- Force field raw info: C  - CB   | Naphthalene fusion C (C9)
- Partial charge: 0.0
- Atomic mass: 12.011
- Element guess: C
- Atomic number: 6
- Source file: oplsaa.lt


Atom Type Data:
- Atom index: 148
- Force field raw info: C  - CT   | all-atom C: CH3, toluene
- Partial charge: -0.065
- Atomic mass: 12.011
- Element guess: C
- Atomic number: 6
- Source file: oplsaa.lt


Atom Type Data:
- Atom index: 149
- Force field raw info: C  - CT   | all-atom C: CH2, ethyl benzene
- Partial charge: -0.005
- Atomic mass: 12.011
- Element guess: C
- Atomic number: 6
- Source file: oplsaa.lt


Atom Type Data:
- Atom index: 150
- Force field raw info: C  - C=   | diene =CH-CH=; see 178 also
- Partial charge: -0.115
- Atomic mass: 12.011
- Element guess: C
- Atomic number: 6
- Source file: oplsaa.lt


Atom Type Data:
- Atom index: 152
- Force field raw info: C  - CT   | RCH2Cl "" ""
- Partial charge: -0.006
- Atomic mass: 12.011
- Element guess: C
- Atomic number: 6
- Source file: oplsaa.lt


Atom Type Data:
- Atom index: 157
- Force field raw info: C  - CT   | all-atom C: CH3 & CH2, prim. alcohols
- Partial charge: 0.145
- Atomic mass: 12.011
- Element guess: C
- Atomic number: 6
- Source file: oplsaa.lt


Atom Type Data:
- Atom index: 158
- Force field raw info: C  - CT   | all-atom C: CH, sec. alcohols
- Partial charge: 0.205
- Atomic mass: 12.011
- Element guess: C
- Atomic number: 6
- Source file: oplsaa.lt


Atom Type Data:
- Atom index: 159
- Force field raw info: C  - CT   | all-atom C: C, tert. alcohols OPLS/2020
- Partial charge: 0.232
- Atomic mass: 12.011
- Element guess: C
- Atomic number: 6
- Source file: oplsaa.lt
","[
  {
    ""atom_type"": 126,
    ""element"": ""C"",
    ""chemical_environment"": ""Methyl carbon alpha to sulfoxide sulfur in DMSO"",
    ""functional_group"": ""sulfoxide (alkyl–S(=O)–alkyl)"",
    ""hybridization"": ""sp3"",
    ""example_molecule_smiles"": ""CS(=O)C"",
    ""group_smarts"": ""[#6X4]-[#16X3](=O)([#6])[#6]"",
    ""atom_specific_smarts"": ""[CH3]-[#16X3](=O)([#6])[#6]"",
    ""description"": ""The CH3 attached directly to a sulfoxide S that bears a single S=O and two C–S single bonds (as in DMSO). Nearest neighbor: sulfoxide S(=O)."",
    ""uncertainty"": ""20""
  },
  {
    ""atom_type"": 131,
    ""element"": ""C"",
    ""chemical_environment"": ""Amide carbonyl carbon in formamide/DMF (formyl amide C=O)"",
    ""functional_group"": ""amide (formamide-type)"",
    ""hybridization"": ""sp2"",
    ""example_molecule_smiles"": ""CN(C)C=O"",
    ""group_smarts"": ""[#6X3](=O)-[#7X3]"",
    ""atom_specific_smarts"": ""[CHX3](=O)-[#7X3]"",
    ""description"": ""The carbonyl carbon of a formyl amide (C(=O)–N) bearing one hydrogen on the carbonyl carbon; as in formamide/DMF. Nearest neighbors: O (double bond) and amide N."",
    ""uncertainty"": ""15""
  },
  {
    ""atom_type"": 132,
    ""element"": ""C"",
    ""chemical_environment"": ""N-methyl carbon in DMF (methyl attached to amide nitrogen)"",
    ""functional_group"": ""tertiary amide (N-alkyl)"",
    ""hybridization"": ""sp3"",
    ""example_molecule_smiles"": ""CN(C)C=O"",
    ""group_smarts"": ""[#6X4]-[#7X3]-[#6X3](=O)[H,#6]"",
    ""atom_specific_smarts"": ""[CH3]-[#7X3]-[#6X3](=O)[H]"",
    ""description"": ""A methyl carbon directly bonded to an amide nitrogen that is attached to a formyl carbonyl (as in DMF). Nearest neighbor: amide N."",
    ""uncertainty"": ""20""
  },
  {
    ""atom_type"": 135,
    ""element"": ""C"",
    ""chemical_environment"": ""Primary alkyl methyl carbon in alkanes"",
    ""functional_group"": ""alkane"",
    ""hybridization"": ""sp3"",
    ""example_molecule_smiles"": ""CCC"",
    ""group_smarts"": ""[CH3]-[#6X4]"",
    ""atom_specific_smarts"": ""[CH3]-[#6X4]"",
    ""description"": ""Terminal methyl carbon attached to another sp3 carbon in a saturated hydrocarbon. Nearest neighbor: sp3 C."",
    ""uncertainty"": ""5""
  },
  {
    ""atom_type"": 136,
    ""element"": ""C"",
    ""chemical_environment"": ""Secondary alkyl methylene carbon in alkanes"",
    ""functional_group"": ""alkane"",
    ""hybridization"": ""sp3"",
    ""example_molecule_smiles"": ""CCC"",
    ""group_smarts"": ""[CH2](-[#6X4])-[#6X4]"",
    ""atom_specific_smarts"": ""[CH2](-[#6X4])-[#6X4]"",
    ""description"": ""Methylene carbon bonded to two sp3 carbons in a saturated hydrocarbon chain. Nearest neighbors: two sp3 C atoms."",
    ""uncertainty"": ""5""
  },
  {
    ""atom_type"": 137,
    ""element"": ""C"",
    ""chemical_environment"": ""Tertiary alkyl methine carbon (CH) in alkanes"",
    ""functional_group"": ""alkane"",
    ""hybridization"": ""sp3"",
    ""example_molecule_smiles"": ""CC(C)CC"",
    ""group_smarts"": ""[CH](-[#6X4])(-[#6X4])-[#6X4]"",
    ""atom_specific_smarts"": ""[CH](-[#6X4])(-[#6X4])-[#6X4]"",
    ""description"": ""Tertiary methine carbon attached to three sp3 carbons and one hydrogen in a saturated hydrocarbon. Nearest neighbors: three sp3 C atoms."",
    ""uncertainty"": ""5""
  },
  {
    ""atom_type"": 138,
    ""element"": ""C"",
    ""chemical_environment"": ""Methane carbon (CH4)"",
    ""functional_group"": ""alkane"",
    ""hybridization"": ""sp3"",
    ""example_molecule_smiles"": ""C"",
    ""group_smarts"": ""[CH4]"",
    ""atom_specific_smarts"": ""[CH4]"",
    ""description"": ""Carbon in methane bearing four hydrogens."",
    ""uncertainty"": ""5""
  },
  {
    ""atom_type"": 139,
    ""element"": ""C"",
    ""chemical_environment"": ""Quaternary alkyl carbon (no hydrogens) in alkanes"",
    ""functional_group"": ""alkane"",
    ""hybridization"": ""sp3"",
    ""example_molecule_smiles"": ""CC(C)(C)C"",
    ""group_smarts"": ""[C](-[#6X4])(-[#6X4])(-[#6X4])-[#6X4]"",
    ""atom_specific_smarts"": ""[C](-[#6X4])(-[#6X4])(-[#6X4])-[#6X4]"",
    ""description"": ""Aliphatic quaternary sp3 carbon bonded to four sp3 carbons (no hydrogens). Nearest neighbors: four sp3 C atoms."",
    ""uncertainty"": ""10""
  },
  {
    ""atom_type"": 141,
    ""element"": ""C"",
    ""chemical_environment"": ""Disubstituted alkene carbon (R2C=)"",
    ""functional_group"": ""alkene"",
    ""hybridization"": ""sp2"",
    ""example_molecule_smiles"": ""C=C(C)C"",
    ""group_smarts"": ""[#6X3H0]([#6])([#6])=[#6X3]"",
    ""atom_specific_smarts"": ""[C;X3;H0]([#6])([#6])=[C;X3]"",
    ""description"": ""Vinylic sp2 carbon in an alkene bearing two carbon substituents (no vinylic hydrogens). Nearest neighbors: two C (single-bond) and one vinylic C (double-bond)."",
    ""uncertainty"": ""10""
  },
  {
    ""atom_type"": 142,
    ""element"": ""C"",
    ""chemical_environment"": ""Monosubstituted alkene carbon (RH–C=), vinylic CH"",
    ""functional_group"": ""alkene"",
    ""hybridization"": ""sp2"",
    ""example_molecule_smiles"": ""C=CC"",
    ""group_smarts"": ""[CHX3]([#6])=[#6X3]"",
    ""atom_specific_smarts"": ""[CHX3]([#6])=[C;X3]"",
    ""description"": ""Vinylic sp2 carbon in an alkene with one hydrogen and one carbon substituent. Nearest neighbors: one H, one C (single-bond), one vinylic C (double-bond)."",
    ""uncertainty"": ""10""
  },
  {
    ""atom_type"": 143,
    ""element"": ""C"",
    ""chemical_environment"": ""Terminal alkene carbon (H2C=), vinylic CH2"",
    ""functional_group"": ""alkene"",
    ""hybridization"": ""sp2"",
    ""example_molecule_smiles"": ""C=C"",
    ""group_smarts"": ""[CH2X3]=[#6X3]"",
    ""atom_specific_smarts"": ""[CH2X3]=[C;X3]"",
    ""description"": ""Vinylic sp2 methylene carbon at the terminal position of an alkene. Nearest neighbors: two H and one vinylic C (double-bond)."",
    ""uncertainty"": ""10""
  },
  {
    ""atom_type"": 145,
    ""element"": ""C"",
    ""chemical_environment"": ""Aromatic carbon in benzene ring"",
    ""functional_group"": ""benzene (aromatic)"",
    ""hybridization"": ""aromatic sp2"",
    ""example_molecule_smiles"": ""c1ccccc1"",
    ""group_smarts"": ""c1ccccc1"",
    ""atom_specific_smarts"": ""[c;r6]"",
    ""description"": ""An sp2 aromatic carbon belonging to a six-membered benzene ring. Nearest neighbors: two aromatic carbons."",
    ""uncertainty"": ""10""
  },
  {
    ""atom_type"": 147,
    ""element"": ""C"",
    ""chemical_environment"": ""Naphthalene ring-junction (fusion) aromatic carbon (C9-type)"",
    ""functional_group"": ""polycyclic aromatic (naphthalene fusion)"",
    ""hybridization"": ""aromatic sp2"",
    ""example_molecule_smiles"": ""c1ccc2ccccc2c1"",
    ""group_smarts"": ""[c;R2;r6]"",
    ""atom_specific_smarts"": ""[c;R2;r6]"",
    ""description"": ""Aromatic carbon located at the fusion junction of two rings (member of two rings) as in naphthalene. Nearest neighbors: three aromatic carbons."",
    ""uncertainty"": ""25""
  },
  {
    ""atom_type"": 148,
    ""element"": ""C"",
    ""chemical_environment"": ""Benzylic methyl carbon in toluene"",
    ""functional_group"": ""benzyl (aryl–CH3)"",
    ""hybridization"": ""sp3"",
    ""example_molecule_smiles"": ""Cc1ccccc1"",
    ""group_smarts"": ""[CH3]-[c]"",
    ""atom_specific_smarts"": ""[CH3]-[c]"",
    ""description"": ""Methyl carbon directly bonded to an aromatic ring carbon (toluene-like). Nearest neighbor: aromatic C."",
    ""uncertainty"": ""10""
  },
  {
    ""atom_type"": 149,
    ""element"": ""C"",
    ""chemical_environment"": ""Benzylic methylene carbon in ethylbenzene"",
    ""functional_group"": ""benzyl (aryl–CH2–R)"",
    ""hybridization"": ""sp3"",
    ""example_molecule_smiles"": ""CCc1ccccc1"",
    ""group_smarts"": ""[CH2](-[c])-[#6X4]"",
    ""atom_specific_smarts"": ""[CH2](-[c])-[#6X4]"",
    ""description"": ""Methylene carbon alpha to an aromatic ring and bonded to another sp3 carbon (ethylbenzene-like). Nearest neighbors: aromatic C and sp3 C."",
    ""uncertainty"": ""10""
  },
  {
    ""atom_type"": 150,
    ""element"": ""C"",
    ""chemical_environment"": ""Internal vinylic CH in a conjugated 1,3-diene motif (=CH–CH=)"",
    ""functional_group"": ""conjugated diene (1,3-diene)"",
    ""hybridization"": ""sp2"",
    ""example_molecule_smiles"": ""C=CC=C"",
    ""group_smarts"": ""[#6X3]=[#6X3]-[#6X3]=[#6X3]"",
    ""atom_specific_smarts"": ""[CHX3](=[#6X3])-[#6X3]=[#6X3]"",
    ""description"": ""One of the central vinylic CH carbons in a 1,3-diene (C=C–C=C) where the atom is single-bonded to an sp2 carbon and double-bonded to another sp2 carbon."",
    ""uncertainty"": ""25""
  },
  {
    ""atom_type"": 152,
    ""element"": ""C"",
    ""chemical_environment"": ""Primary alkyl chloride methylene carbon (RCH2Cl)"",
    ""functional_group"": ""alkyl chloride"",
    ""hybridization"": ""sp3"",
    ""example_molecule_smiles"": ""CCCl"",
    ""group_smarts"": ""[CH2]-[Cl]"",
    ""atom_specific_smarts"": ""[CH2]-[Cl]"",
    ""description"": ""Methylene carbon directly bonded to chlorine and to one sp3 carbon (primary chloride). Nearest neighbors: Cl and sp3 C."",
    ""uncertainty"": ""10""
  },
  {
    ""atom_type"": 157,
    ""element"": ""C"",
    ""chemical_environment"": ""Alpha carbon to OH in primary alcohols (CH3 or CH2 attached to –OH)"",
    ""functional_group"": ""primary alcohol"",
    ""hybridization"": ""sp3"",
    ""example_molecule_smiles"": ""CCO"",
    ""group_smarts"": ""[#6X4H3,#6X4H2]-[OX2H]"",
    ""atom_specific_smarts"": ""[CH3,CH2]-[OX2H]"",
    ""description"": ""Carbon directly bonded to a hydroxyl oxygen bearing a hydrogen (primary alcohol). Nearest neighbor: hydroxyl O–H."",
    ""uncertainty"": ""10""
  },
  {
    ""atom_type"": 158,
    ""element"": ""C"",
    ""chemical_environment"": ""Alpha carbon to OH in secondary alcohols (R2CHOH, vinylic center is CH)"",
    ""functional_group"": ""secondary alcohol"",
    ""hybridization"": ""sp3"",
    ""example_molecule_smiles"": ""CC(O)C"",
    ""group_smarts"": ""[CH](-[#6X4])(-[#6X4])-[OX2H]"",
    ""atom_specific_smarts"": ""[CH](-[#6X4])(-[#6X4])-[OX2H]"",
    ""description"": ""Secondary alcohol center carbon (CH) attached to two carbons and a hydroxyl group. Nearest neighbor: hydroxyl O–H."",
    ""uncertainty"": ""10""
  },
  {
    ""atom_type"": 159,
    ""element"": ""C"",
    ""chemical_environment"": ""Alpha carbon to OH in tertiary alcohols (R3COH, quaternary C)"",
    ""functional_group"": ""tertiary alcohol"",
    ""hybridization"": ""sp3"",
    ""example_molecule_smiles"": ""CC(C)(C)O"",
    ""group_smarts"": ""[C](-[#6X4])(-[#6X4])(-[#6X4])-[OX2H]"",
    ""atom_specific_smarts"": ""[C](-[#6X4])(-[#6X4])(-[#6X4])-[OX2H]"",
    ""description"": ""Tertiary alcohol center carbon (no hydrogens) attached to three carbons and a hydroxyl group. Nearest neighbor: hydroxyl O–H."",
    ""uncertainty"": ""10""
  }
]"
157,0.145,"C  - CT   | all-atom C: CH3 & CH2, prim. alcohols",12.011,oplsaa.lt,C,6,"Convert the following OPLS-AA atom type rows:

Atom Type Data:
- Atom index: 126
- Force field raw info: C  - C3   | DMSO
- Partial charge: 0.16
- Atomic mass: 12.011
- Element guess: C
- Atomic number: 6
- Source file: oplsaa.lt


Atom Type Data:
- Atom index: 131
- Force field raw info: C  - C~   | C in C=O for UA formamide, DMF.
- Partial charge: 0.5
- Atomic mass: 12.011
- Element guess: C
- Atomic number: 6
- Source file: oplsaa.lt


Atom Type Data:
- Atom index: 132
- Force field raw info: C  - C3   | CH3 in HCON(CH3)2 DMF
- Partial charge: 0.285
- Atomic mass: 12.011
- Element guess: C
- Atomic number: 6
- Source file: oplsaa.lt


Atom Type Data:
- Atom index: 135
- Force field raw info: C  - CT   | CH3 all-atom C: alkanes
- Partial charge: -0.18
- Atomic mass: 12.011
- Element guess: C
- Atomic number: 6
- Source file: oplsaa.lt


Atom Type Data:
- Atom index: 136
- Force field raw info: C  - CT   | CH2 all-atom C: alkanes
- Partial charge: -0.12
- Atomic mass: 12.011
- Element guess: C
- Atomic number: 6
- Source file: oplsaa.lt


Atom Type Data:
- Atom index: 137
- Force field raw info: C  - CT   | CH all-atom C: alkanes
- Partial charge: -0.06
- Atomic mass: 12.011
- Element guess: C
- Atomic number: 6
- Source file: oplsaa.lt


Atom Type Data:
- Atom index: 138
- Force field raw info: C  - CT   | CH4 all-atom C: methane mod 1/2020
- Partial charge: -0.24
- Atomic mass: 12.011
- Element guess: C
- Atomic number: 6
- Source file: oplsaa.lt


Atom Type Data:
- Atom index: 139
- Force field raw info: C  - CT   | C all-atom C: alkanes
- Partial charge: 0.0
- Atomic mass: 12.011
- Element guess: C
- Atomic number: 6
- Source file: oplsaa.lt


Atom Type Data:
- Atom index: 141
- Force field raw info: C  - CM   | alkene C (R2-C=) all atom
- Partial charge: 0.0
- Atomic mass: 12.011
- Element guess: C
- Atomic number: 6
- Source file: oplsaa.lt


Atom Type Data:
- Atom index: 142
- Force field raw info: C  - CM   | alkene C (RH-C=) all atom
- Partial charge: -0.115
- Atomic mass: 12.011
- Element guess: C
- Atomic number: 6
- Source file: oplsaa.lt


Atom Type Data:
- Atom index: 143
- Force field raw info: C  - CM   | alkene C (H2-C=) all atom
- Partial charge: -0.23
- Atomic mass: 12.011
- Element guess: C
- Atomic number: 6
- Source file: oplsaa.lt


Atom Type Data:
- Atom index: 145
- Force field raw info: C  - CA   | Benzene C - 12 site OPLS/2020
- Partial charge: -0.115
- Atomic mass: 12.011
- Element guess: C
- Atomic number: 6
- Source file: oplsaa.lt


Atom Type Data:
- Atom index: 147
- Force field raw info: C  - CB   | Naphthalene fusion C (C9)
- Partial charge: 0.0
- Atomic mass: 12.011
- Element guess: C
- Atomic number: 6
- Source file: oplsaa.lt


Atom Type Data:
- Atom index: 148
- Force field raw info: C  - CT   | all-atom C: CH3, toluene
- Partial charge: -0.065
- Atomic mass: 12.011
- Element guess: C
- Atomic number: 6
- Source file: oplsaa.lt


Atom Type Data:
- Atom index: 149
- Force field raw info: C  - CT   | all-atom C: CH2, ethyl benzene
- Partial charge: -0.005
- Atomic mass: 12.011
- Element guess: C
- Atomic number: 6
- Source file: oplsaa.lt


Atom Type Data:
- Atom index: 150
- Force field raw info: C  - C=   | diene =CH-CH=; see 178 also
- Partial charge: -0.115
- Atomic mass: 12.011
- Element guess: C
- Atomic number: 6
- Source file: oplsaa.lt


Atom Type Data:
- Atom index: 152
- Force field raw info: C  - CT   | RCH2Cl "" ""
- Partial charge: -0.006
- Atomic mass: 12.011
- Element guess: C
- Atomic number: 6
- Source file: oplsaa.lt


Atom Type Data:
- Atom index: 157
- Force field raw info: C  - CT   | all-atom C: CH3 & CH2, prim. alcohols
- Partial charge: 0.145
- Atomic mass: 12.011
- Element guess: C
- Atomic number: 6
- Source file: oplsaa.lt


Atom Type Data:
- Atom index: 158
- Force field raw info: C  - CT   | all-atom C: CH, sec. alcohols
- Partial charge: 0.205
- Atomic mass: 12.011
- Element guess: C
- Atomic number: 6
- Source file: oplsaa.lt


Atom Type Data:
- Atom index: 159
- Force field raw info: C  - CT   | all-atom C: C, tert. alcohols OPLS/2020
- Partial charge: 0.232
- Atomic mass: 12.011
- Element guess: C
- Atomic number: 6
- Source file: oplsaa.lt
","[
  {
    ""atom_type"": 126,
    ""element"": ""C"",
    ""chemical_environment"": ""Methyl carbon alpha to sulfoxide sulfur in DMSO"",
    ""functional_group"": ""sulfoxide (alkyl–S(=O)–alkyl)"",
    ""hybridization"": ""sp3"",
    ""example_molecule_smiles"": ""CS(=O)C"",
    ""group_smarts"": ""[#6X4]-[#16X3](=O)([#6])[#6]"",
    ""atom_specific_smarts"": ""[CH3]-[#16X3](=O)([#6])[#6]"",
    ""description"": ""The CH3 attached directly to a sulfoxide S that bears a single S=O and two C–S single bonds (as in DMSO). Nearest neighbor: sulfoxide S(=O)."",
    ""uncertainty"": ""20""
  },
  {
    ""atom_type"": 131,
    ""element"": ""C"",
    ""chemical_environment"": ""Amide carbonyl carbon in formamide/DMF (formyl amide C=O)"",
    ""functional_group"": ""amide (formamide-type)"",
    ""hybridization"": ""sp2"",
    ""example_molecule_smiles"": ""CN(C)C=O"",
    ""group_smarts"": ""[#6X3](=O)-[#7X3]"",
    ""atom_specific_smarts"": ""[CHX3](=O)-[#7X3]"",
    ""description"": ""The carbonyl carbon of a formyl amide (C(=O)–N) bearing one hydrogen on the carbonyl carbon; as in formamide/DMF. Nearest neighbors: O (double bond) and amide N."",
    ""uncertainty"": ""15""
  },
  {
    ""atom_type"": 132,
    ""element"": ""C"",
    ""chemical_environment"": ""N-methyl carbon in DMF (methyl attached to amide nitrogen)"",
    ""functional_group"": ""tertiary amide (N-alkyl)"",
    ""hybridization"": ""sp3"",
    ""example_molecule_smiles"": ""CN(C)C=O"",
    ""group_smarts"": ""[#6X4]-[#7X3]-[#6X3](=O)[H,#6]"",
    ""atom_specific_smarts"": ""[CH3]-[#7X3]-[#6X3](=O)[H]"",
    ""description"": ""A methyl carbon directly bonded to an amide nitrogen that is attached to a formyl carbonyl (as in DMF). Nearest neighbor: amide N."",
    ""uncertainty"": ""20""
  },
  {
    ""atom_type"": 135,
    ""element"": ""C"",
    ""chemical_environment"": ""Primary alkyl methyl carbon in alkanes"",
    ""functional_group"": ""alkane"",
    ""hybridization"": ""sp3"",
    ""example_molecule_smiles"": ""CCC"",
    ""group_smarts"": ""[CH3]-[#6X4]"",
    ""atom_specific_smarts"": ""[CH3]-[#6X4]"",
    ""description"": ""Terminal methyl carbon attached to another sp3 carbon in a saturated hydrocarbon. Nearest neighbor: sp3 C."",
    ""uncertainty"": ""5""
  },
  {
    ""atom_type"": 136,
    ""element"": ""C"",
    ""chemical_environment"": ""Secondary alkyl methylene carbon in alkanes"",
    ""functional_group"": ""alkane"",
    ""hybridization"": ""sp3"",
    ""example_molecule_smiles"": ""CCC"",
    ""group_smarts"": ""[CH2](-[#6X4])-[#6X4]"",
    ""atom_specific_smarts"": ""[CH2](-[#6X4])-[#6X4]"",
    ""description"": ""Methylene carbon bonded to two sp3 carbons in a saturated hydrocarbon chain. Nearest neighbors: two sp3 C atoms."",
    ""uncertainty"": ""5""
  },
  {
    ""atom_type"": 137,
    ""element"": ""C"",
    ""chemical_environment"": ""Tertiary alkyl methine carbon (CH) in alkanes"",
    ""functional_group"": ""alkane"",
    ""hybridization"": ""sp3"",
    ""example_molecule_smiles"": ""CC(C)CC"",
    ""group_smarts"": ""[CH](-[#6X4])(-[#6X4])-[#6X4]"",
    ""atom_specific_smarts"": ""[CH](-[#6X4])(-[#6X4])-[#6X4]"",
    ""description"": ""Tertiary methine carbon attached to three sp3 carbons and one hydrogen in a saturated hydrocarbon. Nearest neighbors: three sp3 C atoms."",
    ""uncertainty"": ""5""
  },
  {
    ""atom_type"": 138,
    ""element"": ""C"",
    ""chemical_environment"": ""Methane carbon (CH4)"",
    ""functional_group"": ""alkane"",
    ""hybridization"": ""sp3"",
    ""example_molecule_smiles"": ""C"",
    ""group_smarts"": ""[CH4]"",
    ""atom_specific_smarts"": ""[CH4]"",
    ""description"": ""Carbon in methane bearing four hydrogens."",
    ""uncertainty"": ""5""
  },
  {
    ""atom_type"": 139,
    ""element"": ""C"",
    ""chemical_environment"": ""Quaternary alkyl carbon (no hydrogens) in alkanes"",
    ""functional_group"": ""alkane"",
    ""hybridization"": ""sp3"",
    ""example_molecule_smiles"": ""CC(C)(C)C"",
    ""group_smarts"": ""[C](-[#6X4])(-[#6X4])(-[#6X4])-[#6X4]"",
    ""atom_specific_smarts"": ""[C](-[#6X4])(-[#6X4])(-[#6X4])-[#6X4]"",
    ""description"": ""Aliphatic quaternary sp3 carbon bonded to four sp3 carbons (no hydrogens). Nearest neighbors: four sp3 C atoms."",
    ""uncertainty"": ""10""
  },
  {
    ""atom_type"": 141,
    ""element"": ""C"",
    ""chemical_environment"": ""Disubstituted alkene carbon (R2C=)"",
    ""functional_group"": ""alkene"",
    ""hybridization"": ""sp2"",
    ""example_molecule_smiles"": ""C=C(C)C"",
    ""group_smarts"": ""[#6X3H0]([#6])([#6])=[#6X3]"",
    ""atom_specific_smarts"": ""[C;X3;H0]([#6])([#6])=[C;X3]"",
    ""description"": ""Vinylic sp2 carbon in an alkene bearing two carbon substituents (no vinylic hydrogens). Nearest neighbors: two C (single-bond) and one vinylic C (double-bond)."",
    ""uncertainty"": ""10""
  },
  {
    ""atom_type"": 142,
    ""element"": ""C"",
    ""chemical_environment"": ""Monosubstituted alkene carbon (RH–C=), vinylic CH"",
    ""functional_group"": ""alkene"",
    ""hybridization"": ""sp2"",
    ""example_molecule_smiles"": ""C=CC"",
    ""group_smarts"": ""[CHX3]([#6])=[#6X3]"",
    ""atom_specific_smarts"": ""[CHX3]([#6])=[C;X3]"",
    ""description"": ""Vinylic sp2 carbon in an alkene with one hydrogen and one carbon substituent. Nearest neighbors: one H, one C (single-bond), one vinylic C (double-bond)."",
    ""uncertainty"": ""10""
  },
  {
    ""atom_type"": 143,
    ""element"": ""C"",
    ""chemical_environment"": ""Terminal alkene carbon (H2C=), vinylic CH2"",
    ""functional_group"": ""alkene"",
    ""hybridization"": ""sp2"",
    ""example_molecule_smiles"": ""C=C"",
    ""group_smarts"": ""[CH2X3]=[#6X3]"",
    ""atom_specific_smarts"": ""[CH2X3]=[C;X3]"",
    ""description"": ""Vinylic sp2 methylene carbon at the terminal position of an alkene. Nearest neighbors: two H and one vinylic C (double-bond)."",
    ""uncertainty"": ""10""
  },
  {
    ""atom_type"": 145,
    ""element"": ""C"",
    ""chemical_environment"": ""Aromatic carbon in benzene ring"",
    ""functional_group"": ""benzene (aromatic)"",
    ""hybridization"": ""aromatic sp2"",
    ""example_molecule_smiles"": ""c1ccccc1"",
    ""group_smarts"": ""c1ccccc1"",
    ""atom_specific_smarts"": ""[c;r6]"",
    ""description"": ""An sp2 aromatic carbon belonging to a six-membered benzene ring. Nearest neighbors: two aromatic carbons."",
    ""uncertainty"": ""10""
  },
  {
    ""atom_type"": 147,
    ""element"": ""C"",
    ""chemical_environment"": ""Naphthalene ring-junction (fusion) aromatic carbon (C9-type)"",
    ""functional_group"": ""polycyclic aromatic (naphthalene fusion)"",
    ""hybridization"": ""aromatic sp2"",
    ""example_molecule_smiles"": ""c1ccc2ccccc2c1"",
    ""group_smarts"": ""[c;R2;r6]"",
    ""atom_specific_smarts"": ""[c;R2;r6]"",
    ""description"": ""Aromatic carbon located at the fusion junction of two rings (member of two rings) as in naphthalene. Nearest neighbors: three aromatic carbons."",
    ""uncertainty"": ""25""
  },
  {
    ""atom_type"": 148,
    ""element"": ""C"",
    ""chemical_environment"": ""Benzylic methyl carbon in toluene"",
    ""functional_group"": ""benzyl (aryl–CH3)"",
    ""hybridization"": ""sp3"",
    ""example_molecule_smiles"": ""Cc1ccccc1"",
    ""group_smarts"": ""[CH3]-[c]"",
    ""atom_specific_smarts"": ""[CH3]-[c]"",
    ""description"": ""Methyl carbon directly bonded to an aromatic ring carbon (toluene-like). Nearest neighbor: aromatic C."",
    ""uncertainty"": ""10""
  },
  {
    ""atom_type"": 149,
    ""element"": ""C"",
    ""chemical_environment"": ""Benzylic methylene carbon in ethylbenzene"",
    ""functional_group"": ""benzyl (aryl–CH2–R)"",
    ""hybridization"": ""sp3"",
    ""example_molecule_smiles"": ""CCc1ccccc1"",
    ""group_smarts"": ""[CH2](-[c])-[#6X4]"",
    ""atom_specific_smarts"": ""[CH2](-[c])-[#6X4]"",
    ""description"": ""Methylene carbon alpha to an aromatic ring and bonded to another sp3 carbon (ethylbenzene-like). Nearest neighbors: aromatic C and sp3 C."",
    ""uncertainty"": ""10""
  },
  {
    ""atom_type"": 150,
    ""element"": ""C"",
    ""chemical_environment"": ""Internal vinylic CH in a conjugated 1,3-diene motif (=CH–CH=)"",
    ""functional_group"": ""conjugated diene (1,3-diene)"",
    ""hybridization"": ""sp2"",
    ""example_molecule_smiles"": ""C=CC=C"",
    ""group_smarts"": ""[#6X3]=[#6X3]-[#6X3]=[#6X3]"",
    ""atom_specific_smarts"": ""[CHX3](=[#6X3])-[#6X3]=[#6X3]"",
    ""description"": ""One of the central vinylic CH carbons in a 1,3-diene (C=C–C=C) where the atom is single-bonded to an sp2 carbon and double-bonded to another sp2 carbon."",
    ""uncertainty"": ""25""
  },
  {
    ""atom_type"": 152,
    ""element"": ""C"",
    ""chemical_environment"": ""Primary alkyl chloride methylene carbon (RCH2Cl)"",
    ""functional_group"": ""alkyl chloride"",
    ""hybridization"": ""sp3"",
    ""example_molecule_smiles"": ""CCCl"",
    ""group_smarts"": ""[CH2]-[Cl]"",
    ""atom_specific_smarts"": ""[CH2]-[Cl]"",
    ""description"": ""Methylene carbon directly bonded to chlorine and to one sp3 carbon (primary chloride). Nearest neighbors: Cl and sp3 C."",
    ""uncertainty"": ""10""
  },
  {
    ""atom_type"": 157,
    ""element"": ""C"",
    ""chemical_environment"": ""Alpha carbon to OH in primary alcohols (CH3 or CH2 attached to –OH)"",
    ""functional_group"": ""primary alcohol"",
    ""hybridization"": ""sp3"",
    ""example_molecule_smiles"": ""CCO"",
    ""group_smarts"": ""[#6X4H3,#6X4H2]-[OX2H]"",
    ""atom_specific_smarts"": ""[CH3,CH2]-[OX2H]"",
    ""description"": ""Carbon directly bonded to a hydroxyl oxygen bearing a hydrogen (primary alcohol). Nearest neighbor: hydroxyl O–H."",
    ""uncertainty"": ""10""
  },
  {
    ""atom_type"": 158,
    ""element"": ""C"",
    ""chemical_environment"": ""Alpha carbon to OH in secondary alcohols (R2CHOH, vinylic center is CH)"",
    ""functional_group"": ""secondary alcohol"",
    ""hybridization"": ""sp3"",
    ""example_molecule_smiles"": ""CC(O)C"",
    ""group_smarts"": ""[CH](-[#6X4])(-[#6X4])-[OX2H]"",
    ""atom_specific_smarts"": ""[CH](-[#6X4])(-[#6X4])-[OX2H]"",
    ""description"": ""Secondary alcohol center carbon (CH) attached to two carbons and a hydroxyl group. Nearest neighbor: hydroxyl O–H."",
    ""uncertainty"": ""10""
  },
  {
    ""atom_type"": 159,
    ""element"": ""C"",
    ""chemical_environment"": ""Alpha carbon to OH in tertiary alcohols (R3COH, quaternary C)"",
    ""functional_group"": ""tertiary alcohol"",
    ""hybridization"": ""sp3"",
    ""example_molecule_smiles"": ""CC(C)(C)O"",
    ""group_smarts"": ""[C](-[#6X4])(-[#6X4])(-[#6X4])-[OX2H]"",
    ""atom_specific_smarts"": ""[C](-[#6X4])(-[#6X4])(-[#6X4])-[OX2H]"",
    ""description"": ""Tertiary alcohol center carbon (no hydrogens) attached to three carbons and a hydroxyl group. Nearest neighbor: hydroxyl O–H."",
    ""uncertainty"": ""10""
  }
]"
158,0.205,"C  - CT   | all-atom C: CH, sec. alcohols",12.011,oplsaa.lt,C,6,"Convert the following OPLS-AA atom type rows:

Atom Type Data:
- Atom index: 126
- Force field raw info: C  - C3   | DMSO
- Partial charge: 0.16
- Atomic mass: 12.011
- Element guess: C
- Atomic number: 6
- Source file: oplsaa.lt


Atom Type Data:
- Atom index: 131
- Force field raw info: C  - C~   | C in C=O for UA formamide, DMF.
- Partial charge: 0.5
- Atomic mass: 12.011
- Element guess: C
- Atomic number: 6
- Source file: oplsaa.lt


Atom Type Data:
- Atom index: 132
- Force field raw info: C  - C3   | CH3 in HCON(CH3)2 DMF
- Partial charge: 0.285
- Atomic mass: 12.011
- Element guess: C
- Atomic number: 6
- Source file: oplsaa.lt


Atom Type Data:
- Atom index: 135
- Force field raw info: C  - CT   | CH3 all-atom C: alkanes
- Partial charge: -0.18
- Atomic mass: 12.011
- Element guess: C
- Atomic number: 6
- Source file: oplsaa.lt


Atom Type Data:
- Atom index: 136
- Force field raw info: C  - CT   | CH2 all-atom C: alkanes
- Partial charge: -0.12
- Atomic mass: 12.011
- Element guess: C
- Atomic number: 6
- Source file: oplsaa.lt


Atom Type Data:
- Atom index: 137
- Force field raw info: C  - CT   | CH all-atom C: alkanes
- Partial charge: -0.06
- Atomic mass: 12.011
- Element guess: C
- Atomic number: 6
- Source file: oplsaa.lt


Atom Type Data:
- Atom index: 138
- Force field raw info: C  - CT   | CH4 all-atom C: methane mod 1/2020
- Partial charge: -0.24
- Atomic mass: 12.011
- Element guess: C
- Atomic number: 6
- Source file: oplsaa.lt


Atom Type Data:
- Atom index: 139
- Force field raw info: C  - CT   | C all-atom C: alkanes
- Partial charge: 0.0
- Atomic mass: 12.011
- Element guess: C
- Atomic number: 6
- Source file: oplsaa.lt


Atom Type Data:
- Atom index: 141
- Force field raw info: C  - CM   | alkene C (R2-C=) all atom
- Partial charge: 0.0
- Atomic mass: 12.011
- Element guess: C
- Atomic number: 6
- Source file: oplsaa.lt


Atom Type Data:
- Atom index: 142
- Force field raw info: C  - CM   | alkene C (RH-C=) all atom
- Partial charge: -0.115
- Atomic mass: 12.011
- Element guess: C
- Atomic number: 6
- Source file: oplsaa.lt


Atom Type Data:
- Atom index: 143
- Force field raw info: C  - CM   | alkene C (H2-C=) all atom
- Partial charge: -0.23
- Atomic mass: 12.011
- Element guess: C
- Atomic number: 6
- Source file: oplsaa.lt


Atom Type Data:
- Atom index: 145
- Force field raw info: C  - CA   | Benzene C - 12 site OPLS/2020
- Partial charge: -0.115
- Atomic mass: 12.011
- Element guess: C
- Atomic number: 6
- Source file: oplsaa.lt


Atom Type Data:
- Atom index: 147
- Force field raw info: C  - CB   | Naphthalene fusion C (C9)
- Partial charge: 0.0
- Atomic mass: 12.011
- Element guess: C
- Atomic number: 6
- Source file: oplsaa.lt


Atom Type Data:
- Atom index: 148
- Force field raw info: C  - CT   | all-atom C: CH3, toluene
- Partial charge: -0.065
- Atomic mass: 12.011
- Element guess: C
- Atomic number: 6
- Source file: oplsaa.lt


Atom Type Data:
- Atom index: 149
- Force field raw info: C  - CT   | all-atom C: CH2, ethyl benzene
- Partial charge: -0.005
- Atomic mass: 12.011
- Element guess: C
- Atomic number: 6
- Source file: oplsaa.lt


Atom Type Data:
- Atom index: 150
- Force field raw info: C  - C=   | diene =CH-CH=; see 178 also
- Partial charge: -0.115
- Atomic mass: 12.011
- Element guess: C
- Atomic number: 6
- Source file: oplsaa.lt


Atom Type Data:
- Atom index: 152
- Force field raw info: C  - CT   | RCH2Cl "" ""
- Partial charge: -0.006
- Atomic mass: 12.011
- Element guess: C
- Atomic number: 6
- Source file: oplsaa.lt


Atom Type Data:
- Atom index: 157
- Force field raw info: C  - CT   | all-atom C: CH3 & CH2, prim. alcohols
- Partial charge: 0.145
- Atomic mass: 12.011
- Element guess: C
- Atomic number: 6
- Source file: oplsaa.lt


Atom Type Data:
- Atom index: 158
- Force field raw info: C  - CT   | all-atom C: CH, sec. alcohols
- Partial charge: 0.205
- Atomic mass: 12.011
- Element guess: C
- Atomic number: 6
- Source file: oplsaa.lt


Atom Type Data:
- Atom index: 159
- Force field raw info: C  - CT   | all-atom C: C, tert. alcohols OPLS/2020
- Partial charge: 0.232
- Atomic mass: 12.011
- Element guess: C
- Atomic number: 6
- Source file: oplsaa.lt
","[
  {
    ""atom_type"": 126,
    ""element"": ""C"",
    ""chemical_environment"": ""Methyl carbon alpha to sulfoxide sulfur in DMSO"",
    ""functional_group"": ""sulfoxide (alkyl–S(=O)–alkyl)"",
    ""hybridization"": ""sp3"",
    ""example_molecule_smiles"": ""CS(=O)C"",
    ""group_smarts"": ""[#6X4]-[#16X3](=O)([#6])[#6]"",
    ""atom_specific_smarts"": ""[CH3]-[#16X3](=O)([#6])[#6]"",
    ""description"": ""The CH3 attached directly to a sulfoxide S that bears a single S=O and two C–S single bonds (as in DMSO). Nearest neighbor: sulfoxide S(=O)."",
    ""uncertainty"": ""20""
  },
  {
    ""atom_type"": 131,
    ""element"": ""C"",
    ""chemical_environment"": ""Amide carbonyl carbon in formamide/DMF (formyl amide C=O)"",
    ""functional_group"": ""amide (formamide-type)"",
    ""hybridization"": ""sp2"",
    ""example_molecule_smiles"": ""CN(C)C=O"",
    ""group_smarts"": ""[#6X3](=O)-[#7X3]"",
    ""atom_specific_smarts"": ""[CHX3](=O)-[#7X3]"",
    ""description"": ""The carbonyl carbon of a formyl amide (C(=O)–N) bearing one hydrogen on the carbonyl carbon; as in formamide/DMF. Nearest neighbors: O (double bond) and amide N."",
    ""uncertainty"": ""15""
  },
  {
    ""atom_type"": 132,
    ""element"": ""C"",
    ""chemical_environment"": ""N-methyl carbon in DMF (methyl attached to amide nitrogen)"",
    ""functional_group"": ""tertiary amide (N-alkyl)"",
    ""hybridization"": ""sp3"",
    ""example_molecule_smiles"": ""CN(C)C=O"",
    ""group_smarts"": ""[#6X4]-[#7X3]-[#6X3](=O)[H,#6]"",
    ""atom_specific_smarts"": ""[CH3]-[#7X3]-[#6X3](=O)[H]"",
    ""description"": ""A methyl carbon directly bonded to an amide nitrogen that is attached to a formyl carbonyl (as in DMF). Nearest neighbor: amide N."",
    ""uncertainty"": ""20""
  },
  {
    ""atom_type"": 135,
    ""element"": ""C"",
    ""chemical_environment"": ""Primary alkyl methyl carbon in alkanes"",
    ""functional_group"": ""alkane"",
    ""hybridization"": ""sp3"",
    ""example_molecule_smiles"": ""CCC"",
    ""group_smarts"": ""[CH3]-[#6X4]"",
    ""atom_specific_smarts"": ""[CH3]-[#6X4]"",
    ""description"": ""Terminal methyl carbon attached to another sp3 carbon in a saturated hydrocarbon. Nearest neighbor: sp3 C."",
    ""uncertainty"": ""5""
  },
  {
    ""atom_type"": 136,
    ""element"": ""C"",
    ""chemical_environment"": ""Secondary alkyl methylene carbon in alkanes"",
    ""functional_group"": ""alkane"",
    ""hybridization"": ""sp3"",
    ""example_molecule_smiles"": ""CCC"",
    ""group_smarts"": ""[CH2](-[#6X4])-[#6X4]"",
    ""atom_specific_smarts"": ""[CH2](-[#6X4])-[#6X4]"",
    ""description"": ""Methylene carbon bonded to two sp3 carbons in a saturated hydrocarbon chain. Nearest neighbors: two sp3 C atoms."",
    ""uncertainty"": ""5""
  },
  {
    ""atom_type"": 137,
    ""element"": ""C"",
    ""chemical_environment"": ""Tertiary alkyl methine carbon (CH) in alkanes"",
    ""functional_group"": ""alkane"",
    ""hybridization"": ""sp3"",
    ""example_molecule_smiles"": ""CC(C)CC"",
    ""group_smarts"": ""[CH](-[#6X4])(-[#6X4])-[#6X4]"",
    ""atom_specific_smarts"": ""[CH](-[#6X4])(-[#6X4])-[#6X4]"",
    ""description"": ""Tertiary methine carbon attached to three sp3 carbons and one hydrogen in a saturated hydrocarbon. Nearest neighbors: three sp3 C atoms."",
    ""uncertainty"": ""5""
  },
  {
    ""atom_type"": 138,
    ""element"": ""C"",
    ""chemical_environment"": ""Methane carbon (CH4)"",
    ""functional_group"": ""alkane"",
    ""hybridization"": ""sp3"",
    ""example_molecule_smiles"": ""C"",
    ""group_smarts"": ""[CH4]"",
    ""atom_specific_smarts"": ""[CH4]"",
    ""description"": ""Carbon in methane bearing four hydrogens."",
    ""uncertainty"": ""5""
  },
  {
    ""atom_type"": 139,
    ""element"": ""C"",
    ""chemical_environment"": ""Quaternary alkyl carbon (no hydrogens) in alkanes"",
    ""functional_group"": ""alkane"",
    ""hybridization"": ""sp3"",
    ""example_molecule_smiles"": ""CC(C)(C)C"",
    ""group_smarts"": ""[C](-[#6X4])(-[#6X4])(-[#6X4])-[#6X4]"",
    ""atom_specific_smarts"": ""[C](-[#6X4])(-[#6X4])(-[#6X4])-[#6X4]"",
    ""description"": ""Aliphatic quaternary sp3 carbon bonded to four sp3 carbons (no hydrogens). Nearest neighbors: four sp3 C atoms."",
    ""uncertainty"": ""10""
  },
  {
    ""atom_type"": 141,
    ""element"": ""C"",
    ""chemical_environment"": ""Disubstituted alkene carbon (R2C=)"",
    ""functional_group"": ""alkene"",
    ""hybridization"": ""sp2"",
    ""example_molecule_smiles"": ""C=C(C)C"",
    ""group_smarts"": ""[#6X3H0]([#6])([#6])=[#6X3]"",
    ""atom_specific_smarts"": ""[C;X3;H0]([#6])([#6])=[C;X3]"",
    ""description"": ""Vinylic sp2 carbon in an alkene bearing two carbon substituents (no vinylic hydrogens). Nearest neighbors: two C (single-bond) and one vinylic C (double-bond)."",
    ""uncertainty"": ""10""
  },
  {
    ""atom_type"": 142,
    ""element"": ""C"",
    ""chemical_environment"": ""Monosubstituted alkene carbon (RH–C=), vinylic CH"",
    ""functional_group"": ""alkene"",
    ""hybridization"": ""sp2"",
    ""example_molecule_smiles"": ""C=CC"",
    ""group_smarts"": ""[CHX3]([#6])=[#6X3]"",
    ""atom_specific_smarts"": ""[CHX3]([#6])=[C;X3]"",
    ""description"": ""Vinylic sp2 carbon in an alkene with one hydrogen and one carbon substituent. Nearest neighbors: one H, one C (single-bond), one vinylic C (double-bond)."",
    ""uncertainty"": ""10""
  },
  {
    ""atom_type"": 143,
    ""element"": ""C"",
    ""chemical_environment"": ""Terminal alkene carbon (H2C=), vinylic CH2"",
    ""functional_group"": ""alkene"",
    ""hybridization"": ""sp2"",
    ""example_molecule_smiles"": ""C=C"",
    ""group_smarts"": ""[CH2X3]=[#6X3]"",
    ""atom_specific_smarts"": ""[CH2X3]=[C;X3]"",
    ""description"": ""Vinylic sp2 methylene carbon at the terminal position of an alkene. Nearest neighbors: two H and one vinylic C (double-bond)."",
    ""uncertainty"": ""10""
  },
  {
    ""atom_type"": 145,
    ""element"": ""C"",
    ""chemical_environment"": ""Aromatic carbon in benzene ring"",
    ""functional_group"": ""benzene (aromatic)"",
    ""hybridization"": ""aromatic sp2"",
    ""example_molecule_smiles"": ""c1ccccc1"",
    ""group_smarts"": ""c1ccccc1"",
    ""atom_specific_smarts"": ""[c;r6]"",
    ""description"": ""An sp2 aromatic carbon belonging to a six-membered benzene ring. Nearest neighbors: two aromatic carbons."",
    ""uncertainty"": ""10""
  },
  {
    ""atom_type"": 147,
    ""element"": ""C"",
    ""chemical_environment"": ""Naphthalene ring-junction (fusion) aromatic carbon (C9-type)"",
    ""functional_group"": ""polycyclic aromatic (naphthalene fusion)"",
    ""hybridization"": ""aromatic sp2"",
    ""example_molecule_smiles"": ""c1ccc2ccccc2c1"",
    ""group_smarts"": ""[c;R2;r6]"",
    ""atom_specific_smarts"": ""[c;R2;r6]"",
    ""description"": ""Aromatic carbon located at the fusion junction of two rings (member of two rings) as in naphthalene. Nearest neighbors: three aromatic carbons."",
    ""uncertainty"": ""25""
  },
  {
    ""atom_type"": 148,
    ""element"": ""C"",
    ""chemical_environment"": ""Benzylic methyl carbon in toluene"",
    ""functional_group"": ""benzyl (aryl–CH3)"",
    ""hybridization"": ""sp3"",
    ""example_molecule_smiles"": ""Cc1ccccc1"",
    ""group_smarts"": ""[CH3]-[c]"",
    ""atom_specific_smarts"": ""[CH3]-[c]"",
    ""description"": ""Methyl carbon directly bonded to an aromatic ring carbon (toluene-like). Nearest neighbor: aromatic C."",
    ""uncertainty"": ""10""
  },
  {
    ""atom_type"": 149,
    ""element"": ""C"",
    ""chemical_environment"": ""Benzylic methylene carbon in ethylbenzene"",
    ""functional_group"": ""benzyl (aryl–CH2–R)"",
    ""hybridization"": ""sp3"",
    ""example_molecule_smiles"": ""CCc1ccccc1"",
    ""group_smarts"": ""[CH2](-[c])-[#6X4]"",
    ""atom_specific_smarts"": ""[CH2](-[c])-[#6X4]"",
    ""description"": ""Methylene carbon alpha to an aromatic ring and bonded to another sp3 carbon (ethylbenzene-like). Nearest neighbors: aromatic C and sp3 C."",
    ""uncertainty"": ""10""
  },
  {
    ""atom_type"": 150,
    ""element"": ""C"",
    ""chemical_environment"": ""Internal vinylic CH in a conjugated 1,3-diene motif (=CH–CH=)"",
    ""functional_group"": ""conjugated diene (1,3-diene)"",
    ""hybridization"": ""sp2"",
    ""example_molecule_smiles"": ""C=CC=C"",
    ""group_smarts"": ""[#6X3]=[#6X3]-[#6X3]=[#6X3]"",
    ""atom_specific_smarts"": ""[CHX3](=[#6X3])-[#6X3]=[#6X3]"",
    ""description"": ""One of the central vinylic CH carbons in a 1,3-diene (C=C–C=C) where the atom is single-bonded to an sp2 carbon and double-bonded to another sp2 carbon."",
    ""uncertainty"": ""25""
  },
  {
    ""atom_type"": 152,
    ""element"": ""C"",
    ""chemical_environment"": ""Primary alkyl chloride methylene carbon (RCH2Cl)"",
    ""functional_group"": ""alkyl chloride"",
    ""hybridization"": ""sp3"",
    ""example_molecule_smiles"": ""CCCl"",
    ""group_smarts"": ""[CH2]-[Cl]"",
    ""atom_specific_smarts"": ""[CH2]-[Cl]"",
    ""description"": ""Methylene carbon directly bonded to chlorine and to one sp3 carbon (primary chloride). Nearest neighbors: Cl and sp3 C."",
    ""uncertainty"": ""10""
  },
  {
    ""atom_type"": 157,
    ""element"": ""C"",
    ""chemical_environment"": ""Alpha carbon to OH in primary alcohols (CH3 or CH2 attached to –OH)"",
    ""functional_group"": ""primary alcohol"",
    ""hybridization"": ""sp3"",
    ""example_molecule_smiles"": ""CCO"",
    ""group_smarts"": ""[#6X4H3,#6X4H2]-[OX2H]"",
    ""atom_specific_smarts"": ""[CH3,CH2]-[OX2H]"",
    ""description"": ""Carbon directly bonded to a hydroxyl oxygen bearing a hydrogen (primary alcohol). Nearest neighbor: hydroxyl O–H."",
    ""uncertainty"": ""10""
  },
  {
    ""atom_type"": 158,
    ""element"": ""C"",
    ""chemical_environment"": ""Alpha carbon to OH in secondary alcohols (R2CHOH, vinylic center is CH)"",
    ""functional_group"": ""secondary alcohol"",
    ""hybridization"": ""sp3"",
    ""example_molecule_smiles"": ""CC(O)C"",
    ""group_smarts"": ""[CH](-[#6X4])(-[#6X4])-[OX2H]"",
    ""atom_specific_smarts"": ""[CH](-[#6X4])(-[#6X4])-[OX2H]"",
    ""description"": ""Secondary alcohol center carbon (CH) attached to two carbons and a hydroxyl group. Nearest neighbor: hydroxyl O–H."",
    ""uncertainty"": ""10""
  },
  {
    ""atom_type"": 159,
    ""element"": ""C"",
    ""chemical_environment"": ""Alpha carbon to OH in tertiary alcohols (R3COH, quaternary C)"",
    ""functional_group"": ""tertiary alcohol"",
    ""hybridization"": ""sp3"",
    ""example_molecule_smiles"": ""CC(C)(C)O"",
    ""group_smarts"": ""[C](-[#6X4])(-[#6X4])(-[#6X4])-[OX2H]"",
    ""atom_specific_smarts"": ""[C](-[#6X4])(-[#6X4])(-[#6X4])-[OX2H]"",
    ""description"": ""Tertiary alcohol center carbon (no hydrogens) attached to three carbons and a hydroxyl group. Nearest neighbor: hydroxyl O–H."",
    ""uncertainty"": ""10""
  }
]"
159,0.232,"C  - CT   | all-atom C: C, tert. alcohols OPLS/2020",12.011,oplsaa.lt,C,6,"Convert the following OPLS-AA atom type rows:

Atom Type Data:
- Atom index: 126
- Force field raw info: C  - C3   | DMSO
- Partial charge: 0.16
- Atomic mass: 12.011
- Element guess: C
- Atomic number: 6
- Source file: oplsaa.lt


Atom Type Data:
- Atom index: 131
- Force field raw info: C  - C~   | C in C=O for UA formamide, DMF.
- Partial charge: 0.5
- Atomic mass: 12.011
- Element guess: C
- Atomic number: 6
- Source file: oplsaa.lt


Atom Type Data:
- Atom index: 132
- Force field raw info: C  - C3   | CH3 in HCON(CH3)2 DMF
- Partial charge: 0.285
- Atomic mass: 12.011
- Element guess: C
- Atomic number: 6
- Source file: oplsaa.lt


Atom Type Data:
- Atom index: 135
- Force field raw info: C  - CT   | CH3 all-atom C: alkanes
- Partial charge: -0.18
- Atomic mass: 12.011
- Element guess: C
- Atomic number: 6
- Source file: oplsaa.lt


Atom Type Data:
- Atom index: 136
- Force field raw info: C  - CT   | CH2 all-atom C: alkanes
- Partial charge: -0.12
- Atomic mass: 12.011
- Element guess: C
- Atomic number: 6
- Source file: oplsaa.lt


Atom Type Data:
- Atom index: 137
- Force field raw info: C  - CT   | CH all-atom C: alkanes
- Partial charge: -0.06
- Atomic mass: 12.011
- Element guess: C
- Atomic number: 6
- Source file: oplsaa.lt


Atom Type Data:
- Atom index: 138
- Force field raw info: C  - CT   | CH4 all-atom C: methane mod 1/2020
- Partial charge: -0.24
- Atomic mass: 12.011
- Element guess: C
- Atomic number: 6
- Source file: oplsaa.lt


Atom Type Data:
- Atom index: 139
- Force field raw info: C  - CT   | C all-atom C: alkanes
- Partial charge: 0.0
- Atomic mass: 12.011
- Element guess: C
- Atomic number: 6
- Source file: oplsaa.lt


Atom Type Data:
- Atom index: 141
- Force field raw info: C  - CM   | alkene C (R2-C=) all atom
- Partial charge: 0.0
- Atomic mass: 12.011
- Element guess: C
- Atomic number: 6
- Source file: oplsaa.lt


Atom Type Data:
- Atom index: 142
- Force field raw info: C  - CM   | alkene C (RH-C=) all atom
- Partial charge: -0.115
- Atomic mass: 12.011
- Element guess: C
- Atomic number: 6
- Source file: oplsaa.lt


Atom Type Data:
- Atom index: 143
- Force field raw info: C  - CM   | alkene C (H2-C=) all atom
- Partial charge: -0.23
- Atomic mass: 12.011
- Element guess: C
- Atomic number: 6
- Source file: oplsaa.lt


Atom Type Data:
- Atom index: 145
- Force field raw info: C  - CA   | Benzene C - 12 site OPLS/2020
- Partial charge: -0.115
- Atomic mass: 12.011
- Element guess: C
- Atomic number: 6
- Source file: oplsaa.lt


Atom Type Data:
- Atom index: 147
- Force field raw info: C  - CB   | Naphthalene fusion C (C9)
- Partial charge: 0.0
- Atomic mass: 12.011
- Element guess: C
- Atomic number: 6
- Source file: oplsaa.lt


Atom Type Data:
- Atom index: 148
- Force field raw info: C  - CT   | all-atom C: CH3, toluene
- Partial charge: -0.065
- Atomic mass: 12.011
- Element guess: C
- Atomic number: 6
- Source file: oplsaa.lt


Atom Type Data:
- Atom index: 149
- Force field raw info: C  - CT   | all-atom C: CH2, ethyl benzene
- Partial charge: -0.005
- Atomic mass: 12.011
- Element guess: C
- Atomic number: 6
- Source file: oplsaa.lt


Atom Type Data:
- Atom index: 150
- Force field raw info: C  - C=   | diene =CH-CH=; see 178 also
- Partial charge: -0.115
- Atomic mass: 12.011
- Element guess: C
- Atomic number: 6
- Source file: oplsaa.lt


Atom Type Data:
- Atom index: 152
- Force field raw info: C  - CT   | RCH2Cl "" ""
- Partial charge: -0.006
- Atomic mass: 12.011
- Element guess: C
- Atomic number: 6
- Source file: oplsaa.lt


Atom Type Data:
- Atom index: 157
- Force field raw info: C  - CT   | all-atom C: CH3 & CH2, prim. alcohols
- Partial charge: 0.145
- Atomic mass: 12.011
- Element guess: C
- Atomic number: 6
- Source file: oplsaa.lt


Atom Type Data:
- Atom index: 158
- Force field raw info: C  - CT   | all-atom C: CH, sec. alcohols
- Partial charge: 0.205
- Atomic mass: 12.011
- Element guess: C
- Atomic number: 6
- Source file: oplsaa.lt


Atom Type Data:
- Atom index: 159
- Force field raw info: C  - CT   | all-atom C: C, tert. alcohols OPLS/2020
- Partial charge: 0.232
- Atomic mass: 12.011
- Element guess: C
- Atomic number: 6
- Source file: oplsaa.lt
","[
  {
    ""atom_type"": 126,
    ""element"": ""C"",
    ""chemical_environment"": ""Methyl carbon alpha to sulfoxide sulfur in DMSO"",
    ""functional_group"": ""sulfoxide (alkyl–S(=O)–alkyl)"",
    ""hybridization"": ""sp3"",
    ""example_molecule_smiles"": ""CS(=O)C"",
    ""group_smarts"": ""[#6X4]-[#16X3](=O)([#6])[#6]"",
    ""atom_specific_smarts"": ""[CH3]-[#16X3](=O)([#6])[#6]"",
    ""description"": ""The CH3 attached directly to a sulfoxide S that bears a single S=O and two C–S single bonds (as in DMSO). Nearest neighbor: sulfoxide S(=O)."",
    ""uncertainty"": ""20""
  },
  {
    ""atom_type"": 131,
    ""element"": ""C"",
    ""chemical_environment"": ""Amide carbonyl carbon in formamide/DMF (formyl amide C=O)"",
    ""functional_group"": ""amide (formamide-type)"",
    ""hybridization"": ""sp2"",
    ""example_molecule_smiles"": ""CN(C)C=O"",
    ""group_smarts"": ""[#6X3](=O)-[#7X3]"",
    ""atom_specific_smarts"": ""[CHX3](=O)-[#7X3]"",
    ""description"": ""The carbonyl carbon of a formyl amide (C(=O)–N) bearing one hydrogen on the carbonyl carbon; as in formamide/DMF. Nearest neighbors: O (double bond) and amide N."",
    ""uncertainty"": ""15""
  },
  {
    ""atom_type"": 132,
    ""element"": ""C"",
    ""chemical_environment"": ""N-methyl carbon in DMF (methyl attached to amide nitrogen)"",
    ""functional_group"": ""tertiary amide (N-alkyl)"",
    ""hybridization"": ""sp3"",
    ""example_molecule_smiles"": ""CN(C)C=O"",
    ""group_smarts"": ""[#6X4]-[#7X3]-[#6X3](=O)[H,#6]"",
    ""atom_specific_smarts"": ""[CH3]-[#7X3]-[#6X3](=O)[H]"",
    ""description"": ""A methyl carbon directly bonded to an amide nitrogen that is attached to a formyl carbonyl (as in DMF). Nearest neighbor: amide N."",
    ""uncertainty"": ""20""
  },
  {
    ""atom_type"": 135,
    ""element"": ""C"",
    ""chemical_environment"": ""Primary alkyl methyl carbon in alkanes"",
    ""functional_group"": ""alkane"",
    ""hybridization"": ""sp3"",
    ""example_molecule_smiles"": ""CCC"",
    ""group_smarts"": ""[CH3]-[#6X4]"",
    ""atom_specific_smarts"": ""[CH3]-[#6X4]"",
    ""description"": ""Terminal methyl carbon attached to another sp3 carbon in a saturated hydrocarbon. Nearest neighbor: sp3 C."",
    ""uncertainty"": ""5""
  },
  {
    ""atom_type"": 136,
    ""element"": ""C"",
    ""chemical_environment"": ""Secondary alkyl methylene carbon in alkanes"",
    ""functional_group"": ""alkane"",
    ""hybridization"": ""sp3"",
    ""example_molecule_smiles"": ""CCC"",
    ""group_smarts"": ""[CH2](-[#6X4])-[#6X4]"",
    ""atom_specific_smarts"": ""[CH2](-[#6X4])-[#6X4]"",
    ""description"": ""Methylene carbon bonded to two sp3 carbons in a saturated hydrocarbon chain. Nearest neighbors: two sp3 C atoms."",
    ""uncertainty"": ""5""
  },
  {
    ""atom_type"": 137,
    ""element"": ""C"",
    ""chemical_environment"": ""Tertiary alkyl methine carbon (CH) in alkanes"",
    ""functional_group"": ""alkane"",
    ""hybridization"": ""sp3"",
    ""example_molecule_smiles"": ""CC(C)CC"",
    ""group_smarts"": ""[CH](-[#6X4])(-[#6X4])-[#6X4]"",
    ""atom_specific_smarts"": ""[CH](-[#6X4])(-[#6X4])-[#6X4]"",
    ""description"": ""Tertiary methine carbon attached to three sp3 carbons and one hydrogen in a saturated hydrocarbon. Nearest neighbors: three sp3 C atoms."",
    ""uncertainty"": ""5""
  },
  {
    ""atom_type"": 138,
    ""element"": ""C"",
    ""chemical_environment"": ""Methane carbon (CH4)"",
    ""functional_group"": ""alkane"",
    ""hybridization"": ""sp3"",
    ""example_molecule_smiles"": ""C"",
    ""group_smarts"": ""[CH4]"",
    ""atom_specific_smarts"": ""[CH4]"",
    ""description"": ""Carbon in methane bearing four hydrogens."",
    ""uncertainty"": ""5""
  },
  {
    ""atom_type"": 139,
    ""element"": ""C"",
    ""chemical_environment"": ""Quaternary alkyl carbon (no hydrogens) in alkanes"",
    ""functional_group"": ""alkane"",
    ""hybridization"": ""sp3"",
    ""example_molecule_smiles"": ""CC(C)(C)C"",
    ""group_smarts"": ""[C](-[#6X4])(-[#6X4])(-[#6X4])-[#6X4]"",
    ""atom_specific_smarts"": ""[C](-[#6X4])(-[#6X4])(-[#6X4])-[#6X4]"",
    ""description"": ""Aliphatic quaternary sp3 carbon bonded to four sp3 carbons (no hydrogens). Nearest neighbors: four sp3 C atoms."",
    ""uncertainty"": ""10""
  },
  {
    ""atom_type"": 141,
    ""element"": ""C"",
    ""chemical_environment"": ""Disubstituted alkene carbon (R2C=)"",
    ""functional_group"": ""alkene"",
    ""hybridization"": ""sp2"",
    ""example_molecule_smiles"": ""C=C(C)C"",
    ""group_smarts"": ""[#6X3H0]([#6])([#6])=[#6X3]"",
    ""atom_specific_smarts"": ""[C;X3;H0]([#6])([#6])=[C;X3]"",
    ""description"": ""Vinylic sp2 carbon in an alkene bearing two carbon substituents (no vinylic hydrogens). Nearest neighbors: two C (single-bond) and one vinylic C (double-bond)."",
    ""uncertainty"": ""10""
  },
  {
    ""atom_type"": 142,
    ""element"": ""C"",
    ""chemical_environment"": ""Monosubstituted alkene carbon (RH–C=), vinylic CH"",
    ""functional_group"": ""alkene"",
    ""hybridization"": ""sp2"",
    ""example_molecule_smiles"": ""C=CC"",
    ""group_smarts"": ""[CHX3]([#6])=[#6X3]"",
    ""atom_specific_smarts"": ""[CHX3]([#6])=[C;X3]"",
    ""description"": ""Vinylic sp2 carbon in an alkene with one hydrogen and one carbon substituent. Nearest neighbors: one H, one C (single-bond), one vinylic C (double-bond)."",
    ""uncertainty"": ""10""
  },
  {
    ""atom_type"": 143,
    ""element"": ""C"",
    ""chemical_environment"": ""Terminal alkene carbon (H2C=), vinylic CH2"",
    ""functional_group"": ""alkene"",
    ""hybridization"": ""sp2"",
    ""example_molecule_smiles"": ""C=C"",
    ""group_smarts"": ""[CH2X3]=[#6X3]"",
    ""atom_specific_smarts"": ""[CH2X3]=[C;X3]"",
    ""description"": ""Vinylic sp2 methylene carbon at the terminal position of an alkene. Nearest neighbors: two H and one vinylic C (double-bond)."",
    ""uncertainty"": ""10""
  },
  {
    ""atom_type"": 145,
    ""element"": ""C"",
    ""chemical_environment"": ""Aromatic carbon in benzene ring"",
    ""functional_group"": ""benzene (aromatic)"",
    ""hybridization"": ""aromatic sp2"",
    ""example_molecule_smiles"": ""c1ccccc1"",
    ""group_smarts"": ""c1ccccc1"",
    ""atom_specific_smarts"": ""[c;r6]"",
    ""description"": ""An sp2 aromatic carbon belonging to a six-membered benzene ring. Nearest neighbors: two aromatic carbons."",
    ""uncertainty"": ""10""
  },
  {
    ""atom_type"": 147,
    ""element"": ""C"",
    ""chemical_environment"": ""Naphthalene ring-junction (fusion) aromatic carbon (C9-type)"",
    ""functional_group"": ""polycyclic aromatic (naphthalene fusion)"",
    ""hybridization"": ""aromatic sp2"",
    ""example_molecule_smiles"": ""c1ccc2ccccc2c1"",
    ""group_smarts"": ""[c;R2;r6]"",
    ""atom_specific_smarts"": ""[c;R2;r6]"",
    ""description"": ""Aromatic carbon located at the fusion junction of two rings (member of two rings) as in naphthalene. Nearest neighbors: three aromatic carbons."",
    ""uncertainty"": ""25""
  },
  {
    ""atom_type"": 148,
    ""element"": ""C"",
    ""chemical_environment"": ""Benzylic methyl carbon in toluene"",
    ""functional_group"": ""benzyl (aryl–CH3)"",
    ""hybridization"": ""sp3"",
    ""example_molecule_smiles"": ""Cc1ccccc1"",
    ""group_smarts"": ""[CH3]-[c]"",
    ""atom_specific_smarts"": ""[CH3]-[c]"",
    ""description"": ""Methyl carbon directly bonded to an aromatic ring carbon (toluene-like). Nearest neighbor: aromatic C."",
    ""uncertainty"": ""10""
  },
  {
    ""atom_type"": 149,
    ""element"": ""C"",
    ""chemical_environment"": ""Benzylic methylene carbon in ethylbenzene"",
    ""functional_group"": ""benzyl (aryl–CH2–R)"",
    ""hybridization"": ""sp3"",
    ""example_molecule_smiles"": ""CCc1ccccc1"",
    ""group_smarts"": ""[CH2](-[c])-[#6X4]"",
    ""atom_specific_smarts"": ""[CH2](-[c])-[#6X4]"",
    ""description"": ""Methylene carbon alpha to an aromatic ring and bonded to another sp3 carbon (ethylbenzene-like). Nearest neighbors: aromatic C and sp3 C."",
    ""uncertainty"": ""10""
  },
  {
    ""atom_type"": 150,
    ""element"": ""C"",
    ""chemical_environment"": ""Internal vinylic CH in a conjugated 1,3-diene motif (=CH–CH=)"",
    ""functional_group"": ""conjugated diene (1,3-diene)"",
    ""hybridization"": ""sp2"",
    ""example_molecule_smiles"": ""C=CC=C"",
    ""group_smarts"": ""[#6X3]=[#6X3]-[#6X3]=[#6X3]"",
    ""atom_specific_smarts"": ""[CHX3](=[#6X3])-[#6X3]=[#6X3]"",
    ""description"": ""One of the central vinylic CH carbons in a 1,3-diene (C=C–C=C) where the atom is single-bonded to an sp2 carbon and double-bonded to another sp2 carbon."",
    ""uncertainty"": ""25""
  },
  {
    ""atom_type"": 152,
    ""element"": ""C"",
    ""chemical_environment"": ""Primary alkyl chloride methylene carbon (RCH2Cl)"",
    ""functional_group"": ""alkyl chloride"",
    ""hybridization"": ""sp3"",
    ""example_molecule_smiles"": ""CCCl"",
    ""group_smarts"": ""[CH2]-[Cl]"",
    ""atom_specific_smarts"": ""[CH2]-[Cl]"",
    ""description"": ""Methylene carbon directly bonded to chlorine and to one sp3 carbon (primary chloride). Nearest neighbors: Cl and sp3 C."",
    ""uncertainty"": ""10""
  },
  {
    ""atom_type"": 157,
    ""element"": ""C"",
    ""chemical_environment"": ""Alpha carbon to OH in primary alcohols (CH3 or CH2 attached to –OH)"",
    ""functional_group"": ""primary alcohol"",
    ""hybridization"": ""sp3"",
    ""example_molecule_smiles"": ""CCO"",
    ""group_smarts"": ""[#6X4H3,#6X4H2]-[OX2H]"",
    ""atom_specific_smarts"": ""[CH3,CH2]-[OX2H]"",
    ""description"": ""Carbon directly bonded to a hydroxyl oxygen bearing a hydrogen (primary alcohol). Nearest neighbor: hydroxyl O–H."",
    ""uncertainty"": ""10""
  },
  {
    ""atom_type"": 158,
    ""element"": ""C"",
    ""chemical_environment"": ""Alpha carbon to OH in secondary alcohols (R2CHOH, vinylic center is CH)"",
    ""functional_group"": ""secondary alcohol"",
    ""hybridization"": ""sp3"",
    ""example_molecule_smiles"": ""CC(O)C"",
    ""group_smarts"": ""[CH](-[#6X4])(-[#6X4])-[OX2H]"",
    ""atom_specific_smarts"": ""[CH](-[#6X4])(-[#6X4])-[OX2H]"",
    ""description"": ""Secondary alcohol center carbon (CH) attached to two carbons and a hydroxyl group. Nearest neighbor: hydroxyl O–H."",
    ""uncertainty"": ""10""
  },
  {
    ""atom_type"": 159,
    ""element"": ""C"",
    ""chemical_environment"": ""Alpha carbon to OH in tertiary alcohols (R3COH, quaternary C)"",
    ""functional_group"": ""tertiary alcohol"",
    ""hybridization"": ""sp3"",
    ""example_molecule_smiles"": ""CC(C)(C)O"",
    ""group_smarts"": ""[C](-[#6X4])(-[#6X4])(-[#6X4])-[OX2H]"",
    ""atom_specific_smarts"": ""[C](-[#6X4])(-[#6X4])(-[#6X4])-[OX2H]"",
    ""description"": ""Tertiary alcohol center carbon (no hydrogens) attached to three carbons and a hydroxyl group. Nearest neighbor: hydroxyl O–H."",
    ""uncertainty"": ""10""
  }
]"
