Atom_Index,Charge,Info,DataMass,Source,ElementGuess,AtomicNumber,prompt,gpt_output
766,0.2,C  - CT   | CT-NO2 2-methyl-2-nitropropane,12.011,oplsaa2024.lt,C,6,"Convert the following OPLS-AA atom type rows:

Atom Type Data:
- Atom index: 766
- Force field raw info: C  - CT   | CT-NO2 2-methyl-2-nitropropane
- Partial charge: 0.2
- Atomic mass: 12.011
- Element guess: C
- Atomic number: 6
- Source file: oplsaa2024.lt


Atom Type Data:
- Atom index: 768
- Force field raw info: C  - CA   | C(NO2) nitrobenzene
- Partial charge: 0.09
- Atomic mass: 12.011
- Element guess: C
- Atomic number: 6
- Source file: oplsaa2024.lt


Atom Type Data:
- Atom index: 769
- Force field raw info: C  - CT   | C of CH2 in PhCH2CN
- Partial charge: 0.035
- Atomic mass: 12.011
- Element guess: C
- Atomic number: 6
- Source file: oplsaa2024.lt


Atom Type Data:
- Atom index: 772
- Force field raw info: C  - C~   | "" C=O Lucienne's
- Partial charge: 0.86
- Atomic mass: 12.011
- Element guess: C
- Atomic number: 6
- Source file: oplsaa2024.lt


Atom Type Data:
- Atom index: 774
- Force field raw info: C  - CT   | "" C in CH2
- Partial charge: 0.21
- Atomic mass: 12.011
- Element guess: C
- Atomic number: 6
- Source file: oplsaa2024.lt


Atom Type Data:
- Atom index: 775
- Force field raw info: C  - CT   | "" C in CH
- Partial charge: 0.16
- Atomic mass: 12.011
- Element guess: C
- Atomic number: 6
- Source file: oplsaa2024.lt


Atom Type Data:
- Atom index: 776
- Force field raw info: C  - CT   | "" C in CH3 see also 789
- Partial charge: -0.1
- Atomic mass: 12.011
- Element guess: C
- Atomic number: 6
- Source file: oplsaa2024.lt


Atom Type Data:
- Atom index: 782
- Force field raw info: C  - CT   | CH3PR3+ 6-31G* CHELPG
- Partial charge: -0.5081
- Atomic mass: 12.011
- Element guess: C
- Atomic number: 6
- Source file: oplsaa2024.lt


Atom Type Data:
- Atom index: 783
- Force field raw info: C  - CT   | RCH2PR3+
- Partial charge: -0.008
- Atomic mass: 12.011
- Element guess: C
- Atomic number: 6
- Source file: oplsaa2024.lt


Atom Type Data:
- Atom index: 789
- Force field raw info: C  - CT   | methoxy C in carbonate
- Partial charge: 0.18
- Atomic mass: 12.011
- Element guess: C
- Atomic number: 6
- Source file: oplsaa2024.lt


Atom Type Data:
- Atom index: 790
- Force field raw info: C  - CA   | C(CF3) trifluoromethylbenzene test
- Partial charge: 0.15
- Atomic mass: 12.011
- Element guess: C
- Atomic number: 6
- Source file: oplsaa2024.lt


Atom Type Data:
- Atom index: 791
- Force field raw info: C  - CF   | CF3 "" test
- Partial charge: 0.45
- Atomic mass: 12.011
- Element guess: C
- Atomic number: 6
- Source file: oplsaa2024.lt


Atom Type Data:
- Atom index: 793
- Force field raw info: C  - CA   | C-ipso phenylguanidinium ion
- Partial charge: 0.38
- Atomic mass: 12.011
- Element guess: C
- Atomic number: 6
- Source file: oplsaa2024.lt


Atom Type Data:
- Atom index: 798
- Force field raw info: C  - CT   | CH4 all-atom C: q = 0
- Partial charge: 0.0
- Atomic mass: 12.011
- Element guess: C
- Atomic number: 6
- Source file: oplsaa2024.lt


Atom Type Data:
- Atom index: 903
- Force field raw info: C  - CT   | CH3(N) primary aliphatic amines, H(C) type 911
- Partial charge: 0.0
- Atomic mass: 12.011
- Element guess: C
- Atomic number: 6
- Source file: oplsaa2024.lt


Atom Type Data:
- Atom index: 904
- Force field raw info: C  - CT   | CH3(N) secondary aliphatic amines, H(C) type 911
- Partial charge: 0.02
- Atomic mass: 12.011
- Element guess: C
- Atomic number: 6
- Source file: oplsaa2024.lt


Atom Type Data:
- Atom index: 905
- Force field raw info: C  - CT   | CH3(N) tertiary aliphatic amines, H(C) type 911
- Partial charge: 0.03
- Atomic mass: 12.011
- Element guess: C
- Atomic number: 6
- Source file: oplsaa2024.lt


Atom Type Data:
- Atom index: 906
- Force field raw info: C  - CT   | CH2(N) primary aliphatic amines, H(C) type 911
- Partial charge: 0.06
- Atomic mass: 12.011
- Element guess: C
- Atomic number: 6
- Source file: oplsaa2024.lt


Atom Type Data:
- Atom index: 907
- Force field raw info: C  - CT   | CH2(N) secondary aliphatic amines, H(C) type 911
- Partial charge: 0.08
- Atomic mass: 12.011
- Element guess: C
- Atomic number: 6
- Source file: oplsaa2024.lt


Atom Type Data:
- Atom index: 908
- Force field raw info: C  - CT   | CH2(N) tertiary aliphatic amines, H(C) type 911
- Partial charge: 0.09
- Atomic mass: 12.011
- Element guess: C
- Atomic number: 6
- Source file: oplsaa2024.lt
","[
  {
    ""atom_type"": 766,
    ""element"": ""C"",
    ""chemical_environment"": ""tertiary aliphatic carbon directly bonded to nitro nitrogen"",
    ""functional_group"": ""nitroalkane (C–N+(=O)O−)"",
    ""hybridization"": ""sp3"",
    ""example_molecule_smiles"": ""CC(C)(C)N(=O)=O"",
    ""group_smarts"": ""[C]-[N+](=O)[O-]"",
    ""atom_specific_smarts"": ""[C;H0](-[#6])(-[#6])(-[#6])-[N+](=O)[O-]"",
    ""description"": ""Quaternary sp3 carbon of tert-alkyl nitro compounds; neighbors: three carbons and a nitro nitrogen [N+](=O)[O-]."",
    ""uncertainty"": ""15""
  },
  {
    ""atom_type"": 768,
    ""element"": ""C"",
    ""chemical_environment"": ""ipso aromatic carbon bonded to nitro group"",
    ""functional_group"": ""aromatic nitro (nitrobenzene-like)"",
    ""hybridization"": ""sp2 (aromatic)"",
    ""example_molecule_smiles"": ""O=[N+]([O-])c1ccccc1"",
    ""group_smarts"": ""[c]-[N+](=O)[O-]"",
    ""atom_specific_smarts"": ""[c]([N+](=O)[O-])"",
    ""description"": ""Aromatic ipso carbon directly attached to a nitro substituent; neighbor nitro nitrogen is cationic [N+](=O)[O-]."",
    ""uncertainty"": ""10""
  },
  {
    ""atom_type"": 769,
    ""element"": ""C"",
    ""chemical_environment"": ""benzylic methylene linking phenyl and nitrile (Ph–CH2–C≡N)"",
    ""functional_group"": ""benzylic alpha to nitrile"",
    ""hybridization"": ""sp3"",
    ""example_molecule_smiles"": ""c1ccccc1CH2C#N"",
    ""group_smarts"": ""[CH2](-c)-C#N"",
    ""atom_specific_smarts"": ""[CH2](-c1ccccc1)-C#N"",
    ""description"": ""Benzylic CH2 attached to an aromatic carbon on one side and to the nitrile carbon (C#N) on the other."",
    ""uncertainty"": ""15""
  },
  {
    ""atom_type"": 772,
    ""element"": ""C"",
    ""chemical_environment"": ""carbonyl carbon (C=O), exact subtype unspecified"",
    ""functional_group"": ""carbonyl (generic C=O)"",
    ""hybridization"": ""sp2"",
    ""example_molecule_smiles"": ""CC(=O)C"",
    ""group_smarts"": ""[C](=O)"",
    ""atom_specific_smarts"": ""[C](=O)"",
    ""description"": ""Trigonal carbonyl carbon; raw note suggests a generic C=O assignment but specific class (aldehyde/ketone/acid/amide) is unclear."",
    ""uncertainty"": ""70""
  },
  {
    ""atom_type"": 774,
    ""element"": ""C"",
    ""chemical_environment"": ""aliphatic methylene carbon in saturated chain"",
    ""functional_group"": ""alkane (CH2)"",
    ""hybridization"": ""sp3"",
    ""example_molecule_smiles"": ""CCC"",
    ""group_smarts"": ""[CH2]"",
    ""atom_specific_smarts"": ""[CH2]"",
    ""description"": ""Generic saturated CH2 carbon (two hydrogens, two single-bonded neighbors)."",
    ""uncertainty"": ""10""
  },
  {
    ""atom_type"": 775,
    ""element"": ""C"",
    ""chemical_environment"": ""aliphatic methine carbon in saturated chain/branch"",
    ""functional_group"": ""alkane (CH)"",
    ""hybridization"": ""sp3"",
    ""example_molecule_smiles"": ""CC(C)C"",
    ""group_smarts"": ""[CH]"",
    ""atom_specific_smarts"": ""[CH]"",
    ""description"": ""Generic saturated CH carbon (one hydrogen, three single-bonded neighbors)."",
    ""uncertainty"": ""10""
  },
  {
    ""atom_type"": 776,
    ""element"": ""C"",
    ""chemical_environment"": ""aliphatic methyl carbon in saturated chain"",
    ""functional_group"": ""alkane (CH3)"",
    ""hybridization"": ""sp3"",
    ""example_molecule_smiles"": ""CC"",
    ""group_smarts"": ""[CH3]"",
    ""atom_specific_smarts"": ""[CH3]"",
    ""description"": ""Generic saturated CH3 carbon (three hydrogens, one single-bonded heavy-atom neighbor)."",
    ""uncertainty"": ""10""
  },
  {
    ""atom_type"": 782,
    ""element"": ""C"",
    ""chemical_environment"": ""methyl carbon alpha to phosphonium center"",
    ""functional_group"": ""phosphonium alpha carbon (CH3–P+R3)"",
    ""hybridization"": ""sp3"",
    ""example_molecule_smiles"": ""C[P+](C)(C)C"",
    ""group_smarts"": ""[CH3]-[P+]"",
    ""atom_specific_smarts"": ""[CH3]-[P+]"",
    ""description"": ""CH3 directly bonded to a tetracoordinate phosphonium [P+]; neighbors include cationic P(+)."",
    ""uncertainty"": ""25""
  },
  {
    ""atom_type"": 783,
    ""element"": ""C"",
    ""chemical_environment"": ""methylene carbon alpha to phosphonium center"",
    ""functional_group"": ""phosphonium alpha carbon (R–CH2–P+R3)"",
    ""hybridization"": ""sp3"",
    ""example_molecule_smiles"": ""C[P+](C)(C)CC"",
    ""group_smarts"": ""[CH2]-[P+]"",
    ""atom_specific_smarts"": ""[CH2]-[P+]"",
    ""description"": ""CH2 directly bonded to a tetracoordinate phosphonium [P+]; typical of alkyl substituents on phosphonium salts."",
    ""uncertainty"": ""25""
  },
  {
    ""atom_type"": 789,
    ""element"": ""C"",
    ""chemical_environment"": ""methoxy methyl carbon bound through O to a carbonate group"",
    ""functional_group"": ""carbonate ester (RO–C(=O)–OR') methoxy"",
    ""hybridization"": ""sp3"",
    ""example_molecule_smiles"": ""COC(=O)OC"",
    ""group_smarts"": ""[CH3]-O-C(=O)-O"",
    ""atom_specific_smarts"": ""[CH3]-O-C(=O)-O"",
    ""description"": ""Methoxy CH3 attached to an oxygen that is linked to a carbonate carbonyl (O–C(=O)–O)."",
    ""uncertainty"": ""15""
  },
  {
    ""atom_type"": 790,
    ""element"": ""C"",
    ""chemical_environment"": ""ipso aromatic carbon bonded to a trifluoromethyl group"",
    ""functional_group"": ""aryl–CF3 (trifluoromethylbenzene)"",
    ""hybridization"": ""sp2 (aromatic)"",
    ""example_molecule_smiles"": ""c1ccc(cc1)C(F)(F)F"",
    ""group_smarts"": ""[c]-[C](F)(F)F"",
    ""atom_specific_smarts"": ""[c]([C](F)(F)F)"",
    ""description"": ""Aromatic ipso carbon bearing a CF3 substituent."",
    ""uncertainty"": ""15""
  },
  {
    ""atom_type"": 791,
    ""element"": ""C"",
    ""chemical_environment"": ""trifluoromethyl carbon (central carbon of CF3 group)"",
    ""functional_group"": ""trifluoromethyl"",
    ""hybridization"": ""sp3"",
    ""example_molecule_smiles"": ""c1ccc(cc1)C(F)(F)F"",
    ""group_smarts"": ""[C](F)(F)F"",
    ""atom_specific_smarts"": ""[C](F)(F)F"",
    ""description"": ""Carbon bearing three fluorine substituents (CF3), fourth substituent can be H or a heavy atom."",
    ""uncertainty"": ""15""
  },
  {
    ""atom_type"": 793,
    ""element"": ""C"",
    ""chemical_environment"": ""ipso aromatic carbon bonded to a guanidinium-bearing nitrogen"",
    ""functional_group"": ""aryl–guanidinium (phenylguanidinium)"",
    ""hybridization"": ""sp2 (aromatic)"",
    ""example_molecule_smiles"": ""c1ccccc1NC(=N)[NH2+]"",
    ""group_smarts"": ""[c]-[N]-C(=N)-[N+]"",
    ""atom_specific_smarts"": ""[c]([N]-C(=N)-[N+])"",
    ""description"": ""Aromatic ipso carbon attached to an anilide-like nitrogen that is part of a protonated guanidinium moiety; positive charge delocalized on guanidinium."",
    ""uncertainty"": ""35""
  },
  {
    ""atom_type"": 798,
    ""element"": ""C"",
    ""chemical_environment"": ""methane carbon"",
    ""functional_group"": ""alkane (CH4)"",
    ""hybridization"": ""sp3"",
    ""example_molecule_smiles"": ""C"",
    ""group_smarts"": ""[CH4]"",
    ""atom_specific_smarts"": ""[CH4]"",
    ""description"": ""Tetrahydrogenated aliphatic carbon (methane)."",
    ""uncertainty"": ""5""
  },
  {
    ""atom_type"": 903,
    ""element"": ""C"",
    ""chemical_environment"": ""methyl carbon directly bonded to a primary amine nitrogen"",
    ""functional_group"": ""alkyl ammonium precursor (R–CH3 attached to RNH2)"",
    ""hybridization"": ""sp3"",
    ""example_molecule_smiles"": ""CN"",
    ""group_smarts"": ""[CH3]-[NH2]"",
    ""atom_specific_smarts"": ""[CH3]-[NH2]"",
    ""description"": ""CH3 bound to neutral primary amine nitrogen (N with two hydrogens)."",
    ""uncertainty"": ""10""
  },
  {
    ""atom_type"": 904,
    ""element"": ""C"",
    ""chemical_environment"": ""methyl carbon directly bonded to a secondary amine nitrogen"",
    ""functional_group"": ""alkyl amine (R–CH3 attached to R2NH)"",
    ""hybridization"": ""sp3"",
    ""example_molecule_smiles"": ""CN(C)C"",
    ""group_smarts"": ""[CH3]-[NH]"",
    ""atom_specific_smarts"": ""[CH3]-[NH]"",
    ""description"": ""CH3 bound to neutral secondary amine nitrogen (N with one hydrogen)."",
    ""uncertainty"": ""10""
  },
  {
    ""atom_type"": 905,
    ""element"": ""C"",
    ""chemical_environment"": ""methyl carbon directly bonded to a tertiary amine nitrogen"",
    ""functional_group"": ""alkyl amine (R–CH3 attached to R3N)"",
    ""hybridization"": ""sp3"",
    ""example_molecule_smiles"": ""CN(C)C"",
    ""group_smarts"": ""[CH3]-[N;H0]"",
    ""atom_specific_smarts"": ""[CH3]-[N;H0]"",
    ""description"": ""CH3 bound to neutral tertiary amine nitrogen (N with no hydrogens)."",
    ""uncertainty"": ""10""
  },
  {
    ""atom_type"": 906,
    ""element"": ""C"",
    ""chemical_environment"": ""methylene carbon directly bonded to a primary amine nitrogen"",
    ""functional_group"": ""alpha to primary amine (R–CH2–NH2)"",
    ""hybridization"": ""sp3"",
    ""example_molecule_smiles"": ""CCN"",
    ""group_smarts"": ""[CH2]-[NH2]"",
    ""atom_specific_smarts"": ""[CH2]-[NH2]"",
    ""description"": ""CH2 carbon alpha to a neutral primary amine nitrogen."",
    ""uncertainty"": ""10""
  },
  {
    ""atom_type"": 907,
    ""element"": ""C"",
    ""chemical_environment"": ""methylene carbon directly bonded to a secondary amine nitrogen"",
    ""functional_group"": ""alpha to secondary amine (R–CH2–NH–R)"",
    ""hybridization"": ""sp3"",
    ""example_molecule_smiles"": ""CCNCC"",
    ""group_smarts"": ""[CH2]-[NH]"",
    ""atom_specific_smarts"": ""[CH2]-[NH]"",
    ""description"": ""CH2 carbon alpha to a neutral secondary amine nitrogen."",
    ""uncertainty"": ""10""
  },
  {
    ""atom_type"": 908,
    ""element"": ""C"",
    ""chemical_environment"": ""methylene carbon directly bonded to a tertiary amine nitrogen"",
    ""functional_group"": ""alpha to tertiary amine (R–CH2–NR2)"",
    ""hybridization"": ""sp3"",
    ""example_molecule_smiles"": ""CCN(CC)CC"",
    ""group_smarts"": ""[CH2]-[N;H0]"",
    ""atom_specific_smarts"": ""[CH2]-[N;H0]"",
    ""description"": ""CH2 carbon alpha to a neutral tertiary amine nitrogen (no N–H)."",
    ""uncertainty"": ""10""
  }
]"
768,0.09,C  - CA   | C(NO2) nitrobenzene,12.011,oplsaa2024.lt,C,6,"Convert the following OPLS-AA atom type rows:

Atom Type Data:
- Atom index: 766
- Force field raw info: C  - CT   | CT-NO2 2-methyl-2-nitropropane
- Partial charge: 0.2
- Atomic mass: 12.011
- Element guess: C
- Atomic number: 6
- Source file: oplsaa2024.lt


Atom Type Data:
- Atom index: 768
- Force field raw info: C  - CA   | C(NO2) nitrobenzene
- Partial charge: 0.09
- Atomic mass: 12.011
- Element guess: C
- Atomic number: 6
- Source file: oplsaa2024.lt


Atom Type Data:
- Atom index: 769
- Force field raw info: C  - CT   | C of CH2 in PhCH2CN
- Partial charge: 0.035
- Atomic mass: 12.011
- Element guess: C
- Atomic number: 6
- Source file: oplsaa2024.lt


Atom Type Data:
- Atom index: 772
- Force field raw info: C  - C~   | "" C=O Lucienne's
- Partial charge: 0.86
- Atomic mass: 12.011
- Element guess: C
- Atomic number: 6
- Source file: oplsaa2024.lt


Atom Type Data:
- Atom index: 774
- Force field raw info: C  - CT   | "" C in CH2
- Partial charge: 0.21
- Atomic mass: 12.011
- Element guess: C
- Atomic number: 6
- Source file: oplsaa2024.lt


Atom Type Data:
- Atom index: 775
- Force field raw info: C  - CT   | "" C in CH
- Partial charge: 0.16
- Atomic mass: 12.011
- Element guess: C
- Atomic number: 6
- Source file: oplsaa2024.lt


Atom Type Data:
- Atom index: 776
- Force field raw info: C  - CT   | "" C in CH3 see also 789
- Partial charge: -0.1
- Atomic mass: 12.011
- Element guess: C
- Atomic number: 6
- Source file: oplsaa2024.lt


Atom Type Data:
- Atom index: 782
- Force field raw info: C  - CT   | CH3PR3+ 6-31G* CHELPG
- Partial charge: -0.5081
- Atomic mass: 12.011
- Element guess: C
- Atomic number: 6
- Source file: oplsaa2024.lt


Atom Type Data:
- Atom index: 783
- Force field raw info: C  - CT   | RCH2PR3+
- Partial charge: -0.008
- Atomic mass: 12.011
- Element guess: C
- Atomic number: 6
- Source file: oplsaa2024.lt


Atom Type Data:
- Atom index: 789
- Force field raw info: C  - CT   | methoxy C in carbonate
- Partial charge: 0.18
- Atomic mass: 12.011
- Element guess: C
- Atomic number: 6
- Source file: oplsaa2024.lt


Atom Type Data:
- Atom index: 790
- Force field raw info: C  - CA   | C(CF3) trifluoromethylbenzene test
- Partial charge: 0.15
- Atomic mass: 12.011
- Element guess: C
- Atomic number: 6
- Source file: oplsaa2024.lt


Atom Type Data:
- Atom index: 791
- Force field raw info: C  - CF   | CF3 "" test
- Partial charge: 0.45
- Atomic mass: 12.011
- Element guess: C
- Atomic number: 6
- Source file: oplsaa2024.lt


Atom Type Data:
- Atom index: 793
- Force field raw info: C  - CA   | C-ipso phenylguanidinium ion
- Partial charge: 0.38
- Atomic mass: 12.011
- Element guess: C
- Atomic number: 6
- Source file: oplsaa2024.lt


Atom Type Data:
- Atom index: 798
- Force field raw info: C  - CT   | CH4 all-atom C: q = 0
- Partial charge: 0.0
- Atomic mass: 12.011
- Element guess: C
- Atomic number: 6
- Source file: oplsaa2024.lt


Atom Type Data:
- Atom index: 903
- Force field raw info: C  - CT   | CH3(N) primary aliphatic amines, H(C) type 911
- Partial charge: 0.0
- Atomic mass: 12.011
- Element guess: C
- Atomic number: 6
- Source file: oplsaa2024.lt


Atom Type Data:
- Atom index: 904
- Force field raw info: C  - CT   | CH3(N) secondary aliphatic amines, H(C) type 911
- Partial charge: 0.02
- Atomic mass: 12.011
- Element guess: C
- Atomic number: 6
- Source file: oplsaa2024.lt


Atom Type Data:
- Atom index: 905
- Force field raw info: C  - CT   | CH3(N) tertiary aliphatic amines, H(C) type 911
- Partial charge: 0.03
- Atomic mass: 12.011
- Element guess: C
- Atomic number: 6
- Source file: oplsaa2024.lt


Atom Type Data:
- Atom index: 906
- Force field raw info: C  - CT   | CH2(N) primary aliphatic amines, H(C) type 911
- Partial charge: 0.06
- Atomic mass: 12.011
- Element guess: C
- Atomic number: 6
- Source file: oplsaa2024.lt


Atom Type Data:
- Atom index: 907
- Force field raw info: C  - CT   | CH2(N) secondary aliphatic amines, H(C) type 911
- Partial charge: 0.08
- Atomic mass: 12.011
- Element guess: C
- Atomic number: 6
- Source file: oplsaa2024.lt


Atom Type Data:
- Atom index: 908
- Force field raw info: C  - CT   | CH2(N) tertiary aliphatic amines, H(C) type 911
- Partial charge: 0.09
- Atomic mass: 12.011
- Element guess: C
- Atomic number: 6
- Source file: oplsaa2024.lt
","[
  {
    ""atom_type"": 766,
    ""element"": ""C"",
    ""chemical_environment"": ""tertiary aliphatic carbon directly bonded to nitro nitrogen"",
    ""functional_group"": ""nitroalkane (C–N+(=O)O−)"",
    ""hybridization"": ""sp3"",
    ""example_molecule_smiles"": ""CC(C)(C)N(=O)=O"",
    ""group_smarts"": ""[C]-[N+](=O)[O-]"",
    ""atom_specific_smarts"": ""[C;H0](-[#6])(-[#6])(-[#6])-[N+](=O)[O-]"",
    ""description"": ""Quaternary sp3 carbon of tert-alkyl nitro compounds; neighbors: three carbons and a nitro nitrogen [N+](=O)[O-]."",
    ""uncertainty"": ""15""
  },
  {
    ""atom_type"": 768,
    ""element"": ""C"",
    ""chemical_environment"": ""ipso aromatic carbon bonded to nitro group"",
    ""functional_group"": ""aromatic nitro (nitrobenzene-like)"",
    ""hybridization"": ""sp2 (aromatic)"",
    ""example_molecule_smiles"": ""O=[N+]([O-])c1ccccc1"",
    ""group_smarts"": ""[c]-[N+](=O)[O-]"",
    ""atom_specific_smarts"": ""[c]([N+](=O)[O-])"",
    ""description"": ""Aromatic ipso carbon directly attached to a nitro substituent; neighbor nitro nitrogen is cationic [N+](=O)[O-]."",
    ""uncertainty"": ""10""
  },
  {
    ""atom_type"": 769,
    ""element"": ""C"",
    ""chemical_environment"": ""benzylic methylene linking phenyl and nitrile (Ph–CH2–C≡N)"",
    ""functional_group"": ""benzylic alpha to nitrile"",
    ""hybridization"": ""sp3"",
    ""example_molecule_smiles"": ""c1ccccc1CH2C#N"",
    ""group_smarts"": ""[CH2](-c)-C#N"",
    ""atom_specific_smarts"": ""[CH2](-c1ccccc1)-C#N"",
    ""description"": ""Benzylic CH2 attached to an aromatic carbon on one side and to the nitrile carbon (C#N) on the other."",
    ""uncertainty"": ""15""
  },
  {
    ""atom_type"": 772,
    ""element"": ""C"",
    ""chemical_environment"": ""carbonyl carbon (C=O), exact subtype unspecified"",
    ""functional_group"": ""carbonyl (generic C=O)"",
    ""hybridization"": ""sp2"",
    ""example_molecule_smiles"": ""CC(=O)C"",
    ""group_smarts"": ""[C](=O)"",
    ""atom_specific_smarts"": ""[C](=O)"",
    ""description"": ""Trigonal carbonyl carbon; raw note suggests a generic C=O assignment but specific class (aldehyde/ketone/acid/amide) is unclear."",
    ""uncertainty"": ""70""
  },
  {
    ""atom_type"": 774,
    ""element"": ""C"",
    ""chemical_environment"": ""aliphatic methylene carbon in saturated chain"",
    ""functional_group"": ""alkane (CH2)"",
    ""hybridization"": ""sp3"",
    ""example_molecule_smiles"": ""CCC"",
    ""group_smarts"": ""[CH2]"",
    ""atom_specific_smarts"": ""[CH2]"",
    ""description"": ""Generic saturated CH2 carbon (two hydrogens, two single-bonded neighbors)."",
    ""uncertainty"": ""10""
  },
  {
    ""atom_type"": 775,
    ""element"": ""C"",
    ""chemical_environment"": ""aliphatic methine carbon in saturated chain/branch"",
    ""functional_group"": ""alkane (CH)"",
    ""hybridization"": ""sp3"",
    ""example_molecule_smiles"": ""CC(C)C"",
    ""group_smarts"": ""[CH]"",
    ""atom_specific_smarts"": ""[CH]"",
    ""description"": ""Generic saturated CH carbon (one hydrogen, three single-bonded neighbors)."",
    ""uncertainty"": ""10""
  },
  {
    ""atom_type"": 776,
    ""element"": ""C"",
    ""chemical_environment"": ""aliphatic methyl carbon in saturated chain"",
    ""functional_group"": ""alkane (CH3)"",
    ""hybridization"": ""sp3"",
    ""example_molecule_smiles"": ""CC"",
    ""group_smarts"": ""[CH3]"",
    ""atom_specific_smarts"": ""[CH3]"",
    ""description"": ""Generic saturated CH3 carbon (three hydrogens, one single-bonded heavy-atom neighbor)."",
    ""uncertainty"": ""10""
  },
  {
    ""atom_type"": 782,
    ""element"": ""C"",
    ""chemical_environment"": ""methyl carbon alpha to phosphonium center"",
    ""functional_group"": ""phosphonium alpha carbon (CH3–P+R3)"",
    ""hybridization"": ""sp3"",
    ""example_molecule_smiles"": ""C[P+](C)(C)C"",
    ""group_smarts"": ""[CH3]-[P+]"",
    ""atom_specific_smarts"": ""[CH3]-[P+]"",
    ""description"": ""CH3 directly bonded to a tetracoordinate phosphonium [P+]; neighbors include cationic P(+)."",
    ""uncertainty"": ""25""
  },
  {
    ""atom_type"": 783,
    ""element"": ""C"",
    ""chemical_environment"": ""methylene carbon alpha to phosphonium center"",
    ""functional_group"": ""phosphonium alpha carbon (R–CH2–P+R3)"",
    ""hybridization"": ""sp3"",
    ""example_molecule_smiles"": ""C[P+](C)(C)CC"",
    ""group_smarts"": ""[CH2]-[P+]"",
    ""atom_specific_smarts"": ""[CH2]-[P+]"",
    ""description"": ""CH2 directly bonded to a tetracoordinate phosphonium [P+]; typical of alkyl substituents on phosphonium salts."",
    ""uncertainty"": ""25""
  },
  {
    ""atom_type"": 789,
    ""element"": ""C"",
    ""chemical_environment"": ""methoxy methyl carbon bound through O to a carbonate group"",
    ""functional_group"": ""carbonate ester (RO–C(=O)–OR') methoxy"",
    ""hybridization"": ""sp3"",
    ""example_molecule_smiles"": ""COC(=O)OC"",
    ""group_smarts"": ""[CH3]-O-C(=O)-O"",
    ""atom_specific_smarts"": ""[CH3]-O-C(=O)-O"",
    ""description"": ""Methoxy CH3 attached to an oxygen that is linked to a carbonate carbonyl (O–C(=O)–O)."",
    ""uncertainty"": ""15""
  },
  {
    ""atom_type"": 790,
    ""element"": ""C"",
    ""chemical_environment"": ""ipso aromatic carbon bonded to a trifluoromethyl group"",
    ""functional_group"": ""aryl–CF3 (trifluoromethylbenzene)"",
    ""hybridization"": ""sp2 (aromatic)"",
    ""example_molecule_smiles"": ""c1ccc(cc1)C(F)(F)F"",
    ""group_smarts"": ""[c]-[C](F)(F)F"",
    ""atom_specific_smarts"": ""[c]([C](F)(F)F)"",
    ""description"": ""Aromatic ipso carbon bearing a CF3 substituent."",
    ""uncertainty"": ""15""
  },
  {
    ""atom_type"": 791,
    ""element"": ""C"",
    ""chemical_environment"": ""trifluoromethyl carbon (central carbon of CF3 group)"",
    ""functional_group"": ""trifluoromethyl"",
    ""hybridization"": ""sp3"",
    ""example_molecule_smiles"": ""c1ccc(cc1)C(F)(F)F"",
    ""group_smarts"": ""[C](F)(F)F"",
    ""atom_specific_smarts"": ""[C](F)(F)F"",
    ""description"": ""Carbon bearing three fluorine substituents (CF3), fourth substituent can be H or a heavy atom."",
    ""uncertainty"": ""15""
  },
  {
    ""atom_type"": 793,
    ""element"": ""C"",
    ""chemical_environment"": ""ipso aromatic carbon bonded to a guanidinium-bearing nitrogen"",
    ""functional_group"": ""aryl–guanidinium (phenylguanidinium)"",
    ""hybridization"": ""sp2 (aromatic)"",
    ""example_molecule_smiles"": ""c1ccccc1NC(=N)[NH2+]"",
    ""group_smarts"": ""[c]-[N]-C(=N)-[N+]"",
    ""atom_specific_smarts"": ""[c]([N]-C(=N)-[N+])"",
    ""description"": ""Aromatic ipso carbon attached to an anilide-like nitrogen that is part of a protonated guanidinium moiety; positive charge delocalized on guanidinium."",
    ""uncertainty"": ""35""
  },
  {
    ""atom_type"": 798,
    ""element"": ""C"",
    ""chemical_environment"": ""methane carbon"",
    ""functional_group"": ""alkane (CH4)"",
    ""hybridization"": ""sp3"",
    ""example_molecule_smiles"": ""C"",
    ""group_smarts"": ""[CH4]"",
    ""atom_specific_smarts"": ""[CH4]"",
    ""description"": ""Tetrahydrogenated aliphatic carbon (methane)."",
    ""uncertainty"": ""5""
  },
  {
    ""atom_type"": 903,
    ""element"": ""C"",
    ""chemical_environment"": ""methyl carbon directly bonded to a primary amine nitrogen"",
    ""functional_group"": ""alkyl ammonium precursor (R–CH3 attached to RNH2)"",
    ""hybridization"": ""sp3"",
    ""example_molecule_smiles"": ""CN"",
    ""group_smarts"": ""[CH3]-[NH2]"",
    ""atom_specific_smarts"": ""[CH3]-[NH2]"",
    ""description"": ""CH3 bound to neutral primary amine nitrogen (N with two hydrogens)."",
    ""uncertainty"": ""10""
  },
  {
    ""atom_type"": 904,
    ""element"": ""C"",
    ""chemical_environment"": ""methyl carbon directly bonded to a secondary amine nitrogen"",
    ""functional_group"": ""alkyl amine (R–CH3 attached to R2NH)"",
    ""hybridization"": ""sp3"",
    ""example_molecule_smiles"": ""CN(C)C"",
    ""group_smarts"": ""[CH3]-[NH]"",
    ""atom_specific_smarts"": ""[CH3]-[NH]"",
    ""description"": ""CH3 bound to neutral secondary amine nitrogen (N with one hydrogen)."",
    ""uncertainty"": ""10""
  },
  {
    ""atom_type"": 905,
    ""element"": ""C"",
    ""chemical_environment"": ""methyl carbon directly bonded to a tertiary amine nitrogen"",
    ""functional_group"": ""alkyl amine (R–CH3 attached to R3N)"",
    ""hybridization"": ""sp3"",
    ""example_molecule_smiles"": ""CN(C)C"",
    ""group_smarts"": ""[CH3]-[N;H0]"",
    ""atom_specific_smarts"": ""[CH3]-[N;H0]"",
    ""description"": ""CH3 bound to neutral tertiary amine nitrogen (N with no hydrogens)."",
    ""uncertainty"": ""10""
  },
  {
    ""atom_type"": 906,
    ""element"": ""C"",
    ""chemical_environment"": ""methylene carbon directly bonded to a primary amine nitrogen"",
    ""functional_group"": ""alpha to primary amine (R–CH2–NH2)"",
    ""hybridization"": ""sp3"",
    ""example_molecule_smiles"": ""CCN"",
    ""group_smarts"": ""[CH2]-[NH2]"",
    ""atom_specific_smarts"": ""[CH2]-[NH2]"",
    ""description"": ""CH2 carbon alpha to a neutral primary amine nitrogen."",
    ""uncertainty"": ""10""
  },
  {
    ""atom_type"": 907,
    ""element"": ""C"",
    ""chemical_environment"": ""methylene carbon directly bonded to a secondary amine nitrogen"",
    ""functional_group"": ""alpha to secondary amine (R–CH2–NH–R)"",
    ""hybridization"": ""sp3"",
    ""example_molecule_smiles"": ""CCNCC"",
    ""group_smarts"": ""[CH2]-[NH]"",
    ""atom_specific_smarts"": ""[CH2]-[NH]"",
    ""description"": ""CH2 carbon alpha to a neutral secondary amine nitrogen."",
    ""uncertainty"": ""10""
  },
  {
    ""atom_type"": 908,
    ""element"": ""C"",
    ""chemical_environment"": ""methylene carbon directly bonded to a tertiary amine nitrogen"",
    ""functional_group"": ""alpha to tertiary amine (R–CH2–NR2)"",
    ""hybridization"": ""sp3"",
    ""example_molecule_smiles"": ""CCN(CC)CC"",
    ""group_smarts"": ""[CH2]-[N;H0]"",
    ""atom_specific_smarts"": ""[CH2]-[N;H0]"",
    ""description"": ""CH2 carbon alpha to a neutral tertiary amine nitrogen (no N–H)."",
    ""uncertainty"": ""10""
  }
]"
769,0.035,C  - CT   | C of CH2 in PhCH2CN,12.011,oplsaa2024.lt,C,6,"Convert the following OPLS-AA atom type rows:

Atom Type Data:
- Atom index: 766
- Force field raw info: C  - CT   | CT-NO2 2-methyl-2-nitropropane
- Partial charge: 0.2
- Atomic mass: 12.011
- Element guess: C
- Atomic number: 6
- Source file: oplsaa2024.lt


Atom Type Data:
- Atom index: 768
- Force field raw info: C  - CA   | C(NO2) nitrobenzene
- Partial charge: 0.09
- Atomic mass: 12.011
- Element guess: C
- Atomic number: 6
- Source file: oplsaa2024.lt


Atom Type Data:
- Atom index: 769
- Force field raw info: C  - CT   | C of CH2 in PhCH2CN
- Partial charge: 0.035
- Atomic mass: 12.011
- Element guess: C
- Atomic number: 6
- Source file: oplsaa2024.lt


Atom Type Data:
- Atom index: 772
- Force field raw info: C  - C~   | "" C=O Lucienne's
- Partial charge: 0.86
- Atomic mass: 12.011
- Element guess: C
- Atomic number: 6
- Source file: oplsaa2024.lt


Atom Type Data:
- Atom index: 774
- Force field raw info: C  - CT   | "" C in CH2
- Partial charge: 0.21
- Atomic mass: 12.011
- Element guess: C
- Atomic number: 6
- Source file: oplsaa2024.lt


Atom Type Data:
- Atom index: 775
- Force field raw info: C  - CT   | "" C in CH
- Partial charge: 0.16
- Atomic mass: 12.011
- Element guess: C
- Atomic number: 6
- Source file: oplsaa2024.lt


Atom Type Data:
- Atom index: 776
- Force field raw info: C  - CT   | "" C in CH3 see also 789
- Partial charge: -0.1
- Atomic mass: 12.011
- Element guess: C
- Atomic number: 6
- Source file: oplsaa2024.lt


Atom Type Data:
- Atom index: 782
- Force field raw info: C  - CT   | CH3PR3+ 6-31G* CHELPG
- Partial charge: -0.5081
- Atomic mass: 12.011
- Element guess: C
- Atomic number: 6
- Source file: oplsaa2024.lt


Atom Type Data:
- Atom index: 783
- Force field raw info: C  - CT   | RCH2PR3+
- Partial charge: -0.008
- Atomic mass: 12.011
- Element guess: C
- Atomic number: 6
- Source file: oplsaa2024.lt


Atom Type Data:
- Atom index: 789
- Force field raw info: C  - CT   | methoxy C in carbonate
- Partial charge: 0.18
- Atomic mass: 12.011
- Element guess: C
- Atomic number: 6
- Source file: oplsaa2024.lt


Atom Type Data:
- Atom index: 790
- Force field raw info: C  - CA   | C(CF3) trifluoromethylbenzene test
- Partial charge: 0.15
- Atomic mass: 12.011
- Element guess: C
- Atomic number: 6
- Source file: oplsaa2024.lt


Atom Type Data:
- Atom index: 791
- Force field raw info: C  - CF   | CF3 "" test
- Partial charge: 0.45
- Atomic mass: 12.011
- Element guess: C
- Atomic number: 6
- Source file: oplsaa2024.lt


Atom Type Data:
- Atom index: 793
- Force field raw info: C  - CA   | C-ipso phenylguanidinium ion
- Partial charge: 0.38
- Atomic mass: 12.011
- Element guess: C
- Atomic number: 6
- Source file: oplsaa2024.lt


Atom Type Data:
- Atom index: 798
- Force field raw info: C  - CT   | CH4 all-atom C: q = 0
- Partial charge: 0.0
- Atomic mass: 12.011
- Element guess: C
- Atomic number: 6
- Source file: oplsaa2024.lt


Atom Type Data:
- Atom index: 903
- Force field raw info: C  - CT   | CH3(N) primary aliphatic amines, H(C) type 911
- Partial charge: 0.0
- Atomic mass: 12.011
- Element guess: C
- Atomic number: 6
- Source file: oplsaa2024.lt


Atom Type Data:
- Atom index: 904
- Force field raw info: C  - CT   | CH3(N) secondary aliphatic amines, H(C) type 911
- Partial charge: 0.02
- Atomic mass: 12.011
- Element guess: C
- Atomic number: 6
- Source file: oplsaa2024.lt


Atom Type Data:
- Atom index: 905
- Force field raw info: C  - CT   | CH3(N) tertiary aliphatic amines, H(C) type 911
- Partial charge: 0.03
- Atomic mass: 12.011
- Element guess: C
- Atomic number: 6
- Source file: oplsaa2024.lt


Atom Type Data:
- Atom index: 906
- Force field raw info: C  - CT   | CH2(N) primary aliphatic amines, H(C) type 911
- Partial charge: 0.06
- Atomic mass: 12.011
- Element guess: C
- Atomic number: 6
- Source file: oplsaa2024.lt


Atom Type Data:
- Atom index: 907
- Force field raw info: C  - CT   | CH2(N) secondary aliphatic amines, H(C) type 911
- Partial charge: 0.08
- Atomic mass: 12.011
- Element guess: C
- Atomic number: 6
- Source file: oplsaa2024.lt


Atom Type Data:
- Atom index: 908
- Force field raw info: C  - CT   | CH2(N) tertiary aliphatic amines, H(C) type 911
- Partial charge: 0.09
- Atomic mass: 12.011
- Element guess: C
- Atomic number: 6
- Source file: oplsaa2024.lt
","[
  {
    ""atom_type"": 766,
    ""element"": ""C"",
    ""chemical_environment"": ""tertiary aliphatic carbon directly bonded to nitro nitrogen"",
    ""functional_group"": ""nitroalkane (C–N+(=O)O−)"",
    ""hybridization"": ""sp3"",
    ""example_molecule_smiles"": ""CC(C)(C)N(=O)=O"",
    ""group_smarts"": ""[C]-[N+](=O)[O-]"",
    ""atom_specific_smarts"": ""[C;H0](-[#6])(-[#6])(-[#6])-[N+](=O)[O-]"",
    ""description"": ""Quaternary sp3 carbon of tert-alkyl nitro compounds; neighbors: three carbons and a nitro nitrogen [N+](=O)[O-]."",
    ""uncertainty"": ""15""
  },
  {
    ""atom_type"": 768,
    ""element"": ""C"",
    ""chemical_environment"": ""ipso aromatic carbon bonded to nitro group"",
    ""functional_group"": ""aromatic nitro (nitrobenzene-like)"",
    ""hybridization"": ""sp2 (aromatic)"",
    ""example_molecule_smiles"": ""O=[N+]([O-])c1ccccc1"",
    ""group_smarts"": ""[c]-[N+](=O)[O-]"",
    ""atom_specific_smarts"": ""[c]([N+](=O)[O-])"",
    ""description"": ""Aromatic ipso carbon directly attached to a nitro substituent; neighbor nitro nitrogen is cationic [N+](=O)[O-]."",
    ""uncertainty"": ""10""
  },
  {
    ""atom_type"": 769,
    ""element"": ""C"",
    ""chemical_environment"": ""benzylic methylene linking phenyl and nitrile (Ph–CH2–C≡N)"",
    ""functional_group"": ""benzylic alpha to nitrile"",
    ""hybridization"": ""sp3"",
    ""example_molecule_smiles"": ""c1ccccc1CH2C#N"",
    ""group_smarts"": ""[CH2](-c)-C#N"",
    ""atom_specific_smarts"": ""[CH2](-c1ccccc1)-C#N"",
    ""description"": ""Benzylic CH2 attached to an aromatic carbon on one side and to the nitrile carbon (C#N) on the other."",
    ""uncertainty"": ""15""
  },
  {
    ""atom_type"": 772,
    ""element"": ""C"",
    ""chemical_environment"": ""carbonyl carbon (C=O), exact subtype unspecified"",
    ""functional_group"": ""carbonyl (generic C=O)"",
    ""hybridization"": ""sp2"",
    ""example_molecule_smiles"": ""CC(=O)C"",
    ""group_smarts"": ""[C](=O)"",
    ""atom_specific_smarts"": ""[C](=O)"",
    ""description"": ""Trigonal carbonyl carbon; raw note suggests a generic C=O assignment but specific class (aldehyde/ketone/acid/amide) is unclear."",
    ""uncertainty"": ""70""
  },
  {
    ""atom_type"": 774,
    ""element"": ""C"",
    ""chemical_environment"": ""aliphatic methylene carbon in saturated chain"",
    ""functional_group"": ""alkane (CH2)"",
    ""hybridization"": ""sp3"",
    ""example_molecule_smiles"": ""CCC"",
    ""group_smarts"": ""[CH2]"",
    ""atom_specific_smarts"": ""[CH2]"",
    ""description"": ""Generic saturated CH2 carbon (two hydrogens, two single-bonded neighbors)."",
    ""uncertainty"": ""10""
  },
  {
    ""atom_type"": 775,
    ""element"": ""C"",
    ""chemical_environment"": ""aliphatic methine carbon in saturated chain/branch"",
    ""functional_group"": ""alkane (CH)"",
    ""hybridization"": ""sp3"",
    ""example_molecule_smiles"": ""CC(C)C"",
    ""group_smarts"": ""[CH]"",
    ""atom_specific_smarts"": ""[CH]"",
    ""description"": ""Generic saturated CH carbon (one hydrogen, three single-bonded neighbors)."",
    ""uncertainty"": ""10""
  },
  {
    ""atom_type"": 776,
    ""element"": ""C"",
    ""chemical_environment"": ""aliphatic methyl carbon in saturated chain"",
    ""functional_group"": ""alkane (CH3)"",
    ""hybridization"": ""sp3"",
    ""example_molecule_smiles"": ""CC"",
    ""group_smarts"": ""[CH3]"",
    ""atom_specific_smarts"": ""[CH3]"",
    ""description"": ""Generic saturated CH3 carbon (three hydrogens, one single-bonded heavy-atom neighbor)."",
    ""uncertainty"": ""10""
  },
  {
    ""atom_type"": 782,
    ""element"": ""C"",
    ""chemical_environment"": ""methyl carbon alpha to phosphonium center"",
    ""functional_group"": ""phosphonium alpha carbon (CH3–P+R3)"",
    ""hybridization"": ""sp3"",
    ""example_molecule_smiles"": ""C[P+](C)(C)C"",
    ""group_smarts"": ""[CH3]-[P+]"",
    ""atom_specific_smarts"": ""[CH3]-[P+]"",
    ""description"": ""CH3 directly bonded to a tetracoordinate phosphonium [P+]; neighbors include cationic P(+)."",
    ""uncertainty"": ""25""
  },
  {
    ""atom_type"": 783,
    ""element"": ""C"",
    ""chemical_environment"": ""methylene carbon alpha to phosphonium center"",
    ""functional_group"": ""phosphonium alpha carbon (R–CH2–P+R3)"",
    ""hybridization"": ""sp3"",
    ""example_molecule_smiles"": ""C[P+](C)(C)CC"",
    ""group_smarts"": ""[CH2]-[P+]"",
    ""atom_specific_smarts"": ""[CH2]-[P+]"",
    ""description"": ""CH2 directly bonded to a tetracoordinate phosphonium [P+]; typical of alkyl substituents on phosphonium salts."",
    ""uncertainty"": ""25""
  },
  {
    ""atom_type"": 789,
    ""element"": ""C"",
    ""chemical_environment"": ""methoxy methyl carbon bound through O to a carbonate group"",
    ""functional_group"": ""carbonate ester (RO–C(=O)–OR') methoxy"",
    ""hybridization"": ""sp3"",
    ""example_molecule_smiles"": ""COC(=O)OC"",
    ""group_smarts"": ""[CH3]-O-C(=O)-O"",
    ""atom_specific_smarts"": ""[CH3]-O-C(=O)-O"",
    ""description"": ""Methoxy CH3 attached to an oxygen that is linked to a carbonate carbonyl (O–C(=O)–O)."",
    ""uncertainty"": ""15""
  },
  {
    ""atom_type"": 790,
    ""element"": ""C"",
    ""chemical_environment"": ""ipso aromatic carbon bonded to a trifluoromethyl group"",
    ""functional_group"": ""aryl–CF3 (trifluoromethylbenzene)"",
    ""hybridization"": ""sp2 (aromatic)"",
    ""example_molecule_smiles"": ""c1ccc(cc1)C(F)(F)F"",
    ""group_smarts"": ""[c]-[C](F)(F)F"",
    ""atom_specific_smarts"": ""[c]([C](F)(F)F)"",
    ""description"": ""Aromatic ipso carbon bearing a CF3 substituent."",
    ""uncertainty"": ""15""
  },
  {
    ""atom_type"": 791,
    ""element"": ""C"",
    ""chemical_environment"": ""trifluoromethyl carbon (central carbon of CF3 group)"",
    ""functional_group"": ""trifluoromethyl"",
    ""hybridization"": ""sp3"",
    ""example_molecule_smiles"": ""c1ccc(cc1)C(F)(F)F"",
    ""group_smarts"": ""[C](F)(F)F"",
    ""atom_specific_smarts"": ""[C](F)(F)F"",
    ""description"": ""Carbon bearing three fluorine substituents (CF3), fourth substituent can be H or a heavy atom."",
    ""uncertainty"": ""15""
  },
  {
    ""atom_type"": 793,
    ""element"": ""C"",
    ""chemical_environment"": ""ipso aromatic carbon bonded to a guanidinium-bearing nitrogen"",
    ""functional_group"": ""aryl–guanidinium (phenylguanidinium)"",
    ""hybridization"": ""sp2 (aromatic)"",
    ""example_molecule_smiles"": ""c1ccccc1NC(=N)[NH2+]"",
    ""group_smarts"": ""[c]-[N]-C(=N)-[N+]"",
    ""atom_specific_smarts"": ""[c]([N]-C(=N)-[N+])"",
    ""description"": ""Aromatic ipso carbon attached to an anilide-like nitrogen that is part of a protonated guanidinium moiety; positive charge delocalized on guanidinium."",
    ""uncertainty"": ""35""
  },
  {
    ""atom_type"": 798,
    ""element"": ""C"",
    ""chemical_environment"": ""methane carbon"",
    ""functional_group"": ""alkane (CH4)"",
    ""hybridization"": ""sp3"",
    ""example_molecule_smiles"": ""C"",
    ""group_smarts"": ""[CH4]"",
    ""atom_specific_smarts"": ""[CH4]"",
    ""description"": ""Tetrahydrogenated aliphatic carbon (methane)."",
    ""uncertainty"": ""5""
  },
  {
    ""atom_type"": 903,
    ""element"": ""C"",
    ""chemical_environment"": ""methyl carbon directly bonded to a primary amine nitrogen"",
    ""functional_group"": ""alkyl ammonium precursor (R–CH3 attached to RNH2)"",
    ""hybridization"": ""sp3"",
    ""example_molecule_smiles"": ""CN"",
    ""group_smarts"": ""[CH3]-[NH2]"",
    ""atom_specific_smarts"": ""[CH3]-[NH2]"",
    ""description"": ""CH3 bound to neutral primary amine nitrogen (N with two hydrogens)."",
    ""uncertainty"": ""10""
  },
  {
    ""atom_type"": 904,
    ""element"": ""C"",
    ""chemical_environment"": ""methyl carbon directly bonded to a secondary amine nitrogen"",
    ""functional_group"": ""alkyl amine (R–CH3 attached to R2NH)"",
    ""hybridization"": ""sp3"",
    ""example_molecule_smiles"": ""CN(C)C"",
    ""group_smarts"": ""[CH3]-[NH]"",
    ""atom_specific_smarts"": ""[CH3]-[NH]"",
    ""description"": ""CH3 bound to neutral secondary amine nitrogen (N with one hydrogen)."",
    ""uncertainty"": ""10""
  },
  {
    ""atom_type"": 905,
    ""element"": ""C"",
    ""chemical_environment"": ""methyl carbon directly bonded to a tertiary amine nitrogen"",
    ""functional_group"": ""alkyl amine (R–CH3 attached to R3N)"",
    ""hybridization"": ""sp3"",
    ""example_molecule_smiles"": ""CN(C)C"",
    ""group_smarts"": ""[CH3]-[N;H0]"",
    ""atom_specific_smarts"": ""[CH3]-[N;H0]"",
    ""description"": ""CH3 bound to neutral tertiary amine nitrogen (N with no hydrogens)."",
    ""uncertainty"": ""10""
  },
  {
    ""atom_type"": 906,
    ""element"": ""C"",
    ""chemical_environment"": ""methylene carbon directly bonded to a primary amine nitrogen"",
    ""functional_group"": ""alpha to primary amine (R–CH2–NH2)"",
    ""hybridization"": ""sp3"",
    ""example_molecule_smiles"": ""CCN"",
    ""group_smarts"": ""[CH2]-[NH2]"",
    ""atom_specific_smarts"": ""[CH2]-[NH2]"",
    ""description"": ""CH2 carbon alpha to a neutral primary amine nitrogen."",
    ""uncertainty"": ""10""
  },
  {
    ""atom_type"": 907,
    ""element"": ""C"",
    ""chemical_environment"": ""methylene carbon directly bonded to a secondary amine nitrogen"",
    ""functional_group"": ""alpha to secondary amine (R–CH2–NH–R)"",
    ""hybridization"": ""sp3"",
    ""example_molecule_smiles"": ""CCNCC"",
    ""group_smarts"": ""[CH2]-[NH]"",
    ""atom_specific_smarts"": ""[CH2]-[NH]"",
    ""description"": ""CH2 carbon alpha to a neutral secondary amine nitrogen."",
    ""uncertainty"": ""10""
  },
  {
    ""atom_type"": 908,
    ""element"": ""C"",
    ""chemical_environment"": ""methylene carbon directly bonded to a tertiary amine nitrogen"",
    ""functional_group"": ""alpha to tertiary amine (R–CH2–NR2)"",
    ""hybridization"": ""sp3"",
    ""example_molecule_smiles"": ""CCN(CC)CC"",
    ""group_smarts"": ""[CH2]-[N;H0]"",
    ""atom_specific_smarts"": ""[CH2]-[N;H0]"",
    ""description"": ""CH2 carbon alpha to a neutral tertiary amine nitrogen (no N–H)."",
    ""uncertainty"": ""10""
  }
]"
772,0.86,"C  - C~   | "" C=O Lucienne's",12.011,oplsaa2024.lt,C,6,"Convert the following OPLS-AA atom type rows:

Atom Type Data:
- Atom index: 766
- Force field raw info: C  - CT   | CT-NO2 2-methyl-2-nitropropane
- Partial charge: 0.2
- Atomic mass: 12.011
- Element guess: C
- Atomic number: 6
- Source file: oplsaa2024.lt


Atom Type Data:
- Atom index: 768
- Force field raw info: C  - CA   | C(NO2) nitrobenzene
- Partial charge: 0.09
- Atomic mass: 12.011
- Element guess: C
- Atomic number: 6
- Source file: oplsaa2024.lt


Atom Type Data:
- Atom index: 769
- Force field raw info: C  - CT   | C of CH2 in PhCH2CN
- Partial charge: 0.035
- Atomic mass: 12.011
- Element guess: C
- Atomic number: 6
- Source file: oplsaa2024.lt


Atom Type Data:
- Atom index: 772
- Force field raw info: C  - C~   | "" C=O Lucienne's
- Partial charge: 0.86
- Atomic mass: 12.011
- Element guess: C
- Atomic number: 6
- Source file: oplsaa2024.lt


Atom Type Data:
- Atom index: 774
- Force field raw info: C  - CT   | "" C in CH2
- Partial charge: 0.21
- Atomic mass: 12.011
- Element guess: C
- Atomic number: 6
- Source file: oplsaa2024.lt


Atom Type Data:
- Atom index: 775
- Force field raw info: C  - CT   | "" C in CH
- Partial charge: 0.16
- Atomic mass: 12.011
- Element guess: C
- Atomic number: 6
- Source file: oplsaa2024.lt


Atom Type Data:
- Atom index: 776
- Force field raw info: C  - CT   | "" C in CH3 see also 789
- Partial charge: -0.1
- Atomic mass: 12.011
- Element guess: C
- Atomic number: 6
- Source file: oplsaa2024.lt


Atom Type Data:
- Atom index: 782
- Force field raw info: C  - CT   | CH3PR3+ 6-31G* CHELPG
- Partial charge: -0.5081
- Atomic mass: 12.011
- Element guess: C
- Atomic number: 6
- Source file: oplsaa2024.lt


Atom Type Data:
- Atom index: 783
- Force field raw info: C  - CT   | RCH2PR3+
- Partial charge: -0.008
- Atomic mass: 12.011
- Element guess: C
- Atomic number: 6
- Source file: oplsaa2024.lt


Atom Type Data:
- Atom index: 789
- Force field raw info: C  - CT   | methoxy C in carbonate
- Partial charge: 0.18
- Atomic mass: 12.011
- Element guess: C
- Atomic number: 6
- Source file: oplsaa2024.lt


Atom Type Data:
- Atom index: 790
- Force field raw info: C  - CA   | C(CF3) trifluoromethylbenzene test
- Partial charge: 0.15
- Atomic mass: 12.011
- Element guess: C
- Atomic number: 6
- Source file: oplsaa2024.lt


Atom Type Data:
- Atom index: 791
- Force field raw info: C  - CF   | CF3 "" test
- Partial charge: 0.45
- Atomic mass: 12.011
- Element guess: C
- Atomic number: 6
- Source file: oplsaa2024.lt


Atom Type Data:
- Atom index: 793
- Force field raw info: C  - CA   | C-ipso phenylguanidinium ion
- Partial charge: 0.38
- Atomic mass: 12.011
- Element guess: C
- Atomic number: 6
- Source file: oplsaa2024.lt


Atom Type Data:
- Atom index: 798
- Force field raw info: C  - CT   | CH4 all-atom C: q = 0
- Partial charge: 0.0
- Atomic mass: 12.011
- Element guess: C
- Atomic number: 6
- Source file: oplsaa2024.lt


Atom Type Data:
- Atom index: 903
- Force field raw info: C  - CT   | CH3(N) primary aliphatic amines, H(C) type 911
- Partial charge: 0.0
- Atomic mass: 12.011
- Element guess: C
- Atomic number: 6
- Source file: oplsaa2024.lt


Atom Type Data:
- Atom index: 904
- Force field raw info: C  - CT   | CH3(N) secondary aliphatic amines, H(C) type 911
- Partial charge: 0.02
- Atomic mass: 12.011
- Element guess: C
- Atomic number: 6
- Source file: oplsaa2024.lt


Atom Type Data:
- Atom index: 905
- Force field raw info: C  - CT   | CH3(N) tertiary aliphatic amines, H(C) type 911
- Partial charge: 0.03
- Atomic mass: 12.011
- Element guess: C
- Atomic number: 6
- Source file: oplsaa2024.lt


Atom Type Data:
- Atom index: 906
- Force field raw info: C  - CT   | CH2(N) primary aliphatic amines, H(C) type 911
- Partial charge: 0.06
- Atomic mass: 12.011
- Element guess: C
- Atomic number: 6
- Source file: oplsaa2024.lt


Atom Type Data:
- Atom index: 907
- Force field raw info: C  - CT   | CH2(N) secondary aliphatic amines, H(C) type 911
- Partial charge: 0.08
- Atomic mass: 12.011
- Element guess: C
- Atomic number: 6
- Source file: oplsaa2024.lt


Atom Type Data:
- Atom index: 908
- Force field raw info: C  - CT   | CH2(N) tertiary aliphatic amines, H(C) type 911
- Partial charge: 0.09
- Atomic mass: 12.011
- Element guess: C
- Atomic number: 6
- Source file: oplsaa2024.lt
","[
  {
    ""atom_type"": 766,
    ""element"": ""C"",
    ""chemical_environment"": ""tertiary aliphatic carbon directly bonded to nitro nitrogen"",
    ""functional_group"": ""nitroalkane (C–N+(=O)O−)"",
    ""hybridization"": ""sp3"",
    ""example_molecule_smiles"": ""CC(C)(C)N(=O)=O"",
    ""group_smarts"": ""[C]-[N+](=O)[O-]"",
    ""atom_specific_smarts"": ""[C;H0](-[#6])(-[#6])(-[#6])-[N+](=O)[O-]"",
    ""description"": ""Quaternary sp3 carbon of tert-alkyl nitro compounds; neighbors: three carbons and a nitro nitrogen [N+](=O)[O-]."",
    ""uncertainty"": ""15""
  },
  {
    ""atom_type"": 768,
    ""element"": ""C"",
    ""chemical_environment"": ""ipso aromatic carbon bonded to nitro group"",
    ""functional_group"": ""aromatic nitro (nitrobenzene-like)"",
    ""hybridization"": ""sp2 (aromatic)"",
    ""example_molecule_smiles"": ""O=[N+]([O-])c1ccccc1"",
    ""group_smarts"": ""[c]-[N+](=O)[O-]"",
    ""atom_specific_smarts"": ""[c]([N+](=O)[O-])"",
    ""description"": ""Aromatic ipso carbon directly attached to a nitro substituent; neighbor nitro nitrogen is cationic [N+](=O)[O-]."",
    ""uncertainty"": ""10""
  },
  {
    ""atom_type"": 769,
    ""element"": ""C"",
    ""chemical_environment"": ""benzylic methylene linking phenyl and nitrile (Ph–CH2–C≡N)"",
    ""functional_group"": ""benzylic alpha to nitrile"",
    ""hybridization"": ""sp3"",
    ""example_molecule_smiles"": ""c1ccccc1CH2C#N"",
    ""group_smarts"": ""[CH2](-c)-C#N"",
    ""atom_specific_smarts"": ""[CH2](-c1ccccc1)-C#N"",
    ""description"": ""Benzylic CH2 attached to an aromatic carbon on one side and to the nitrile carbon (C#N) on the other."",
    ""uncertainty"": ""15""
  },
  {
    ""atom_type"": 772,
    ""element"": ""C"",
    ""chemical_environment"": ""carbonyl carbon (C=O), exact subtype unspecified"",
    ""functional_group"": ""carbonyl (generic C=O)"",
    ""hybridization"": ""sp2"",
    ""example_molecule_smiles"": ""CC(=O)C"",
    ""group_smarts"": ""[C](=O)"",
    ""atom_specific_smarts"": ""[C](=O)"",
    ""description"": ""Trigonal carbonyl carbon; raw note suggests a generic C=O assignment but specific class (aldehyde/ketone/acid/amide) is unclear."",
    ""uncertainty"": ""70""
  },
  {
    ""atom_type"": 774,
    ""element"": ""C"",
    ""chemical_environment"": ""aliphatic methylene carbon in saturated chain"",
    ""functional_group"": ""alkane (CH2)"",
    ""hybridization"": ""sp3"",
    ""example_molecule_smiles"": ""CCC"",
    ""group_smarts"": ""[CH2]"",
    ""atom_specific_smarts"": ""[CH2]"",
    ""description"": ""Generic saturated CH2 carbon (two hydrogens, two single-bonded neighbors)."",
    ""uncertainty"": ""10""
  },
  {
    ""atom_type"": 775,
    ""element"": ""C"",
    ""chemical_environment"": ""aliphatic methine carbon in saturated chain/branch"",
    ""functional_group"": ""alkane (CH)"",
    ""hybridization"": ""sp3"",
    ""example_molecule_smiles"": ""CC(C)C"",
    ""group_smarts"": ""[CH]"",
    ""atom_specific_smarts"": ""[CH]"",
    ""description"": ""Generic saturated CH carbon (one hydrogen, three single-bonded neighbors)."",
    ""uncertainty"": ""10""
  },
  {
    ""atom_type"": 776,
    ""element"": ""C"",
    ""chemical_environment"": ""aliphatic methyl carbon in saturated chain"",
    ""functional_group"": ""alkane (CH3)"",
    ""hybridization"": ""sp3"",
    ""example_molecule_smiles"": ""CC"",
    ""group_smarts"": ""[CH3]"",
    ""atom_specific_smarts"": ""[CH3]"",
    ""description"": ""Generic saturated CH3 carbon (three hydrogens, one single-bonded heavy-atom neighbor)."",
    ""uncertainty"": ""10""
  },
  {
    ""atom_type"": 782,
    ""element"": ""C"",
    ""chemical_environment"": ""methyl carbon alpha to phosphonium center"",
    ""functional_group"": ""phosphonium alpha carbon (CH3–P+R3)"",
    ""hybridization"": ""sp3"",
    ""example_molecule_smiles"": ""C[P+](C)(C)C"",
    ""group_smarts"": ""[CH3]-[P+]"",
    ""atom_specific_smarts"": ""[CH3]-[P+]"",
    ""description"": ""CH3 directly bonded to a tetracoordinate phosphonium [P+]; neighbors include cationic P(+)."",
    ""uncertainty"": ""25""
  },
  {
    ""atom_type"": 783,
    ""element"": ""C"",
    ""chemical_environment"": ""methylene carbon alpha to phosphonium center"",
    ""functional_group"": ""phosphonium alpha carbon (R–CH2–P+R3)"",
    ""hybridization"": ""sp3"",
    ""example_molecule_smiles"": ""C[P+](C)(C)CC"",
    ""group_smarts"": ""[CH2]-[P+]"",
    ""atom_specific_smarts"": ""[CH2]-[P+]"",
    ""description"": ""CH2 directly bonded to a tetracoordinate phosphonium [P+]; typical of alkyl substituents on phosphonium salts."",
    ""uncertainty"": ""25""
  },
  {
    ""atom_type"": 789,
    ""element"": ""C"",
    ""chemical_environment"": ""methoxy methyl carbon bound through O to a carbonate group"",
    ""functional_group"": ""carbonate ester (RO–C(=O)–OR') methoxy"",
    ""hybridization"": ""sp3"",
    ""example_molecule_smiles"": ""COC(=O)OC"",
    ""group_smarts"": ""[CH3]-O-C(=O)-O"",
    ""atom_specific_smarts"": ""[CH3]-O-C(=O)-O"",
    ""description"": ""Methoxy CH3 attached to an oxygen that is linked to a carbonate carbonyl (O–C(=O)–O)."",
    ""uncertainty"": ""15""
  },
  {
    ""atom_type"": 790,
    ""element"": ""C"",
    ""chemical_environment"": ""ipso aromatic carbon bonded to a trifluoromethyl group"",
    ""functional_group"": ""aryl–CF3 (trifluoromethylbenzene)"",
    ""hybridization"": ""sp2 (aromatic)"",
    ""example_molecule_smiles"": ""c1ccc(cc1)C(F)(F)F"",
    ""group_smarts"": ""[c]-[C](F)(F)F"",
    ""atom_specific_smarts"": ""[c]([C](F)(F)F)"",
    ""description"": ""Aromatic ipso carbon bearing a CF3 substituent."",
    ""uncertainty"": ""15""
  },
  {
    ""atom_type"": 791,
    ""element"": ""C"",
    ""chemical_environment"": ""trifluoromethyl carbon (central carbon of CF3 group)"",
    ""functional_group"": ""trifluoromethyl"",
    ""hybridization"": ""sp3"",
    ""example_molecule_smiles"": ""c1ccc(cc1)C(F)(F)F"",
    ""group_smarts"": ""[C](F)(F)F"",
    ""atom_specific_smarts"": ""[C](F)(F)F"",
    ""description"": ""Carbon bearing three fluorine substituents (CF3), fourth substituent can be H or a heavy atom."",
    ""uncertainty"": ""15""
  },
  {
    ""atom_type"": 793,
    ""element"": ""C"",
    ""chemical_environment"": ""ipso aromatic carbon bonded to a guanidinium-bearing nitrogen"",
    ""functional_group"": ""aryl–guanidinium (phenylguanidinium)"",
    ""hybridization"": ""sp2 (aromatic)"",
    ""example_molecule_smiles"": ""c1ccccc1NC(=N)[NH2+]"",
    ""group_smarts"": ""[c]-[N]-C(=N)-[N+]"",
    ""atom_specific_smarts"": ""[c]([N]-C(=N)-[N+])"",
    ""description"": ""Aromatic ipso carbon attached to an anilide-like nitrogen that is part of a protonated guanidinium moiety; positive charge delocalized on guanidinium."",
    ""uncertainty"": ""35""
  },
  {
    ""atom_type"": 798,
    ""element"": ""C"",
    ""chemical_environment"": ""methane carbon"",
    ""functional_group"": ""alkane (CH4)"",
    ""hybridization"": ""sp3"",
    ""example_molecule_smiles"": ""C"",
    ""group_smarts"": ""[CH4]"",
    ""atom_specific_smarts"": ""[CH4]"",
    ""description"": ""Tetrahydrogenated aliphatic carbon (methane)."",
    ""uncertainty"": ""5""
  },
  {
    ""atom_type"": 903,
    ""element"": ""C"",
    ""chemical_environment"": ""methyl carbon directly bonded to a primary amine nitrogen"",
    ""functional_group"": ""alkyl ammonium precursor (R–CH3 attached to RNH2)"",
    ""hybridization"": ""sp3"",
    ""example_molecule_smiles"": ""CN"",
    ""group_smarts"": ""[CH3]-[NH2]"",
    ""atom_specific_smarts"": ""[CH3]-[NH2]"",
    ""description"": ""CH3 bound to neutral primary amine nitrogen (N with two hydrogens)."",
    ""uncertainty"": ""10""
  },
  {
    ""atom_type"": 904,
    ""element"": ""C"",
    ""chemical_environment"": ""methyl carbon directly bonded to a secondary amine nitrogen"",
    ""functional_group"": ""alkyl amine (R–CH3 attached to R2NH)"",
    ""hybridization"": ""sp3"",
    ""example_molecule_smiles"": ""CN(C)C"",
    ""group_smarts"": ""[CH3]-[NH]"",
    ""atom_specific_smarts"": ""[CH3]-[NH]"",
    ""description"": ""CH3 bound to neutral secondary amine nitrogen (N with one hydrogen)."",
    ""uncertainty"": ""10""
  },
  {
    ""atom_type"": 905,
    ""element"": ""C"",
    ""chemical_environment"": ""methyl carbon directly bonded to a tertiary amine nitrogen"",
    ""functional_group"": ""alkyl amine (R–CH3 attached to R3N)"",
    ""hybridization"": ""sp3"",
    ""example_molecule_smiles"": ""CN(C)C"",
    ""group_smarts"": ""[CH3]-[N;H0]"",
    ""atom_specific_smarts"": ""[CH3]-[N;H0]"",
    ""description"": ""CH3 bound to neutral tertiary amine nitrogen (N with no hydrogens)."",
    ""uncertainty"": ""10""
  },
  {
    ""atom_type"": 906,
    ""element"": ""C"",
    ""chemical_environment"": ""methylene carbon directly bonded to a primary amine nitrogen"",
    ""functional_group"": ""alpha to primary amine (R–CH2–NH2)"",
    ""hybridization"": ""sp3"",
    ""example_molecule_smiles"": ""CCN"",
    ""group_smarts"": ""[CH2]-[NH2]"",
    ""atom_specific_smarts"": ""[CH2]-[NH2]"",
    ""description"": ""CH2 carbon alpha to a neutral primary amine nitrogen."",
    ""uncertainty"": ""10""
  },
  {
    ""atom_type"": 907,
    ""element"": ""C"",
    ""chemical_environment"": ""methylene carbon directly bonded to a secondary amine nitrogen"",
    ""functional_group"": ""alpha to secondary amine (R–CH2–NH–R)"",
    ""hybridization"": ""sp3"",
    ""example_molecule_smiles"": ""CCNCC"",
    ""group_smarts"": ""[CH2]-[NH]"",
    ""atom_specific_smarts"": ""[CH2]-[NH]"",
    ""description"": ""CH2 carbon alpha to a neutral secondary amine nitrogen."",
    ""uncertainty"": ""10""
  },
  {
    ""atom_type"": 908,
    ""element"": ""C"",
    ""chemical_environment"": ""methylene carbon directly bonded to a tertiary amine nitrogen"",
    ""functional_group"": ""alpha to tertiary amine (R–CH2–NR2)"",
    ""hybridization"": ""sp3"",
    ""example_molecule_smiles"": ""CCN(CC)CC"",
    ""group_smarts"": ""[CH2]-[N;H0]"",
    ""atom_specific_smarts"": ""[CH2]-[N;H0]"",
    ""description"": ""CH2 carbon alpha to a neutral tertiary amine nitrogen (no N–H)."",
    ""uncertainty"": ""10""
  }
]"
774,0.21,"C  - CT   | "" C in CH2",12.011,oplsaa2024.lt,C,6,"Convert the following OPLS-AA atom type rows:

Atom Type Data:
- Atom index: 766
- Force field raw info: C  - CT   | CT-NO2 2-methyl-2-nitropropane
- Partial charge: 0.2
- Atomic mass: 12.011
- Element guess: C
- Atomic number: 6
- Source file: oplsaa2024.lt


Atom Type Data:
- Atom index: 768
- Force field raw info: C  - CA   | C(NO2) nitrobenzene
- Partial charge: 0.09
- Atomic mass: 12.011
- Element guess: C
- Atomic number: 6
- Source file: oplsaa2024.lt


Atom Type Data:
- Atom index: 769
- Force field raw info: C  - CT   | C of CH2 in PhCH2CN
- Partial charge: 0.035
- Atomic mass: 12.011
- Element guess: C
- Atomic number: 6
- Source file: oplsaa2024.lt


Atom Type Data:
- Atom index: 772
- Force field raw info: C  - C~   | "" C=O Lucienne's
- Partial charge: 0.86
- Atomic mass: 12.011
- Element guess: C
- Atomic number: 6
- Source file: oplsaa2024.lt


Atom Type Data:
- Atom index: 774
- Force field raw info: C  - CT   | "" C in CH2
- Partial charge: 0.21
- Atomic mass: 12.011
- Element guess: C
- Atomic number: 6
- Source file: oplsaa2024.lt


Atom Type Data:
- Atom index: 775
- Force field raw info: C  - CT   | "" C in CH
- Partial charge: 0.16
- Atomic mass: 12.011
- Element guess: C
- Atomic number: 6
- Source file: oplsaa2024.lt


Atom Type Data:
- Atom index: 776
- Force field raw info: C  - CT   | "" C in CH3 see also 789
- Partial charge: -0.1
- Atomic mass: 12.011
- Element guess: C
- Atomic number: 6
- Source file: oplsaa2024.lt


Atom Type Data:
- Atom index: 782
- Force field raw info: C  - CT   | CH3PR3+ 6-31G* CHELPG
- Partial charge: -0.5081
- Atomic mass: 12.011
- Element guess: C
- Atomic number: 6
- Source file: oplsaa2024.lt


Atom Type Data:
- Atom index: 783
- Force field raw info: C  - CT   | RCH2PR3+
- Partial charge: -0.008
- Atomic mass: 12.011
- Element guess: C
- Atomic number: 6
- Source file: oplsaa2024.lt


Atom Type Data:
- Atom index: 789
- Force field raw info: C  - CT   | methoxy C in carbonate
- Partial charge: 0.18
- Atomic mass: 12.011
- Element guess: C
- Atomic number: 6
- Source file: oplsaa2024.lt


Atom Type Data:
- Atom index: 790
- Force field raw info: C  - CA   | C(CF3) trifluoromethylbenzene test
- Partial charge: 0.15
- Atomic mass: 12.011
- Element guess: C
- Atomic number: 6
- Source file: oplsaa2024.lt


Atom Type Data:
- Atom index: 791
- Force field raw info: C  - CF   | CF3 "" test
- Partial charge: 0.45
- Atomic mass: 12.011
- Element guess: C
- Atomic number: 6
- Source file: oplsaa2024.lt


Atom Type Data:
- Atom index: 793
- Force field raw info: C  - CA   | C-ipso phenylguanidinium ion
- Partial charge: 0.38
- Atomic mass: 12.011
- Element guess: C
- Atomic number: 6
- Source file: oplsaa2024.lt


Atom Type Data:
- Atom index: 798
- Force field raw info: C  - CT   | CH4 all-atom C: q = 0
- Partial charge: 0.0
- Atomic mass: 12.011
- Element guess: C
- Atomic number: 6
- Source file: oplsaa2024.lt


Atom Type Data:
- Atom index: 903
- Force field raw info: C  - CT   | CH3(N) primary aliphatic amines, H(C) type 911
- Partial charge: 0.0
- Atomic mass: 12.011
- Element guess: C
- Atomic number: 6
- Source file: oplsaa2024.lt


Atom Type Data:
- Atom index: 904
- Force field raw info: C  - CT   | CH3(N) secondary aliphatic amines, H(C) type 911
- Partial charge: 0.02
- Atomic mass: 12.011
- Element guess: C
- Atomic number: 6
- Source file: oplsaa2024.lt


Atom Type Data:
- Atom index: 905
- Force field raw info: C  - CT   | CH3(N) tertiary aliphatic amines, H(C) type 911
- Partial charge: 0.03
- Atomic mass: 12.011
- Element guess: C
- Atomic number: 6
- Source file: oplsaa2024.lt


Atom Type Data:
- Atom index: 906
- Force field raw info: C  - CT   | CH2(N) primary aliphatic amines, H(C) type 911
- Partial charge: 0.06
- Atomic mass: 12.011
- Element guess: C
- Atomic number: 6
- Source file: oplsaa2024.lt


Atom Type Data:
- Atom index: 907
- Force field raw info: C  - CT   | CH2(N) secondary aliphatic amines, H(C) type 911
- Partial charge: 0.08
- Atomic mass: 12.011
- Element guess: C
- Atomic number: 6
- Source file: oplsaa2024.lt


Atom Type Data:
- Atom index: 908
- Force field raw info: C  - CT   | CH2(N) tertiary aliphatic amines, H(C) type 911
- Partial charge: 0.09
- Atomic mass: 12.011
- Element guess: C
- Atomic number: 6
- Source file: oplsaa2024.lt
","[
  {
    ""atom_type"": 766,
    ""element"": ""C"",
    ""chemical_environment"": ""tertiary aliphatic carbon directly bonded to nitro nitrogen"",
    ""functional_group"": ""nitroalkane (C–N+(=O)O−)"",
    ""hybridization"": ""sp3"",
    ""example_molecule_smiles"": ""CC(C)(C)N(=O)=O"",
    ""group_smarts"": ""[C]-[N+](=O)[O-]"",
    ""atom_specific_smarts"": ""[C;H0](-[#6])(-[#6])(-[#6])-[N+](=O)[O-]"",
    ""description"": ""Quaternary sp3 carbon of tert-alkyl nitro compounds; neighbors: three carbons and a nitro nitrogen [N+](=O)[O-]."",
    ""uncertainty"": ""15""
  },
  {
    ""atom_type"": 768,
    ""element"": ""C"",
    ""chemical_environment"": ""ipso aromatic carbon bonded to nitro group"",
    ""functional_group"": ""aromatic nitro (nitrobenzene-like)"",
    ""hybridization"": ""sp2 (aromatic)"",
    ""example_molecule_smiles"": ""O=[N+]([O-])c1ccccc1"",
    ""group_smarts"": ""[c]-[N+](=O)[O-]"",
    ""atom_specific_smarts"": ""[c]([N+](=O)[O-])"",
    ""description"": ""Aromatic ipso carbon directly attached to a nitro substituent; neighbor nitro nitrogen is cationic [N+](=O)[O-]."",
    ""uncertainty"": ""10""
  },
  {
    ""atom_type"": 769,
    ""element"": ""C"",
    ""chemical_environment"": ""benzylic methylene linking phenyl and nitrile (Ph–CH2–C≡N)"",
    ""functional_group"": ""benzylic alpha to nitrile"",
    ""hybridization"": ""sp3"",
    ""example_molecule_smiles"": ""c1ccccc1CH2C#N"",
    ""group_smarts"": ""[CH2](-c)-C#N"",
    ""atom_specific_smarts"": ""[CH2](-c1ccccc1)-C#N"",
    ""description"": ""Benzylic CH2 attached to an aromatic carbon on one side and to the nitrile carbon (C#N) on the other."",
    ""uncertainty"": ""15""
  },
  {
    ""atom_type"": 772,
    ""element"": ""C"",
    ""chemical_environment"": ""carbonyl carbon (C=O), exact subtype unspecified"",
    ""functional_group"": ""carbonyl (generic C=O)"",
    ""hybridization"": ""sp2"",
    ""example_molecule_smiles"": ""CC(=O)C"",
    ""group_smarts"": ""[C](=O)"",
    ""atom_specific_smarts"": ""[C](=O)"",
    ""description"": ""Trigonal carbonyl carbon; raw note suggests a generic C=O assignment but specific class (aldehyde/ketone/acid/amide) is unclear."",
    ""uncertainty"": ""70""
  },
  {
    ""atom_type"": 774,
    ""element"": ""C"",
    ""chemical_environment"": ""aliphatic methylene carbon in saturated chain"",
    ""functional_group"": ""alkane (CH2)"",
    ""hybridization"": ""sp3"",
    ""example_molecule_smiles"": ""CCC"",
    ""group_smarts"": ""[CH2]"",
    ""atom_specific_smarts"": ""[CH2]"",
    ""description"": ""Generic saturated CH2 carbon (two hydrogens, two single-bonded neighbors)."",
    ""uncertainty"": ""10""
  },
  {
    ""atom_type"": 775,
    ""element"": ""C"",
    ""chemical_environment"": ""aliphatic methine carbon in saturated chain/branch"",
    ""functional_group"": ""alkane (CH)"",
    ""hybridization"": ""sp3"",
    ""example_molecule_smiles"": ""CC(C)C"",
    ""group_smarts"": ""[CH]"",
    ""atom_specific_smarts"": ""[CH]"",
    ""description"": ""Generic saturated CH carbon (one hydrogen, three single-bonded neighbors)."",
    ""uncertainty"": ""10""
  },
  {
    ""atom_type"": 776,
    ""element"": ""C"",
    ""chemical_environment"": ""aliphatic methyl carbon in saturated chain"",
    ""functional_group"": ""alkane (CH3)"",
    ""hybridization"": ""sp3"",
    ""example_molecule_smiles"": ""CC"",
    ""group_smarts"": ""[CH3]"",
    ""atom_specific_smarts"": ""[CH3]"",
    ""description"": ""Generic saturated CH3 carbon (three hydrogens, one single-bonded heavy-atom neighbor)."",
    ""uncertainty"": ""10""
  },
  {
    ""atom_type"": 782,
    ""element"": ""C"",
    ""chemical_environment"": ""methyl carbon alpha to phosphonium center"",
    ""functional_group"": ""phosphonium alpha carbon (CH3–P+R3)"",
    ""hybridization"": ""sp3"",
    ""example_molecule_smiles"": ""C[P+](C)(C)C"",
    ""group_smarts"": ""[CH3]-[P+]"",
    ""atom_specific_smarts"": ""[CH3]-[P+]"",
    ""description"": ""CH3 directly bonded to a tetracoordinate phosphonium [P+]; neighbors include cationic P(+)."",
    ""uncertainty"": ""25""
  },
  {
    ""atom_type"": 783,
    ""element"": ""C"",
    ""chemical_environment"": ""methylene carbon alpha to phosphonium center"",
    ""functional_group"": ""phosphonium alpha carbon (R–CH2–P+R3)"",
    ""hybridization"": ""sp3"",
    ""example_molecule_smiles"": ""C[P+](C)(C)CC"",
    ""group_smarts"": ""[CH2]-[P+]"",
    ""atom_specific_smarts"": ""[CH2]-[P+]"",
    ""description"": ""CH2 directly bonded to a tetracoordinate phosphonium [P+]; typical of alkyl substituents on phosphonium salts."",
    ""uncertainty"": ""25""
  },
  {
    ""atom_type"": 789,
    ""element"": ""C"",
    ""chemical_environment"": ""methoxy methyl carbon bound through O to a carbonate group"",
    ""functional_group"": ""carbonate ester (RO–C(=O)–OR') methoxy"",
    ""hybridization"": ""sp3"",
    ""example_molecule_smiles"": ""COC(=O)OC"",
    ""group_smarts"": ""[CH3]-O-C(=O)-O"",
    ""atom_specific_smarts"": ""[CH3]-O-C(=O)-O"",
    ""description"": ""Methoxy CH3 attached to an oxygen that is linked to a carbonate carbonyl (O–C(=O)–O)."",
    ""uncertainty"": ""15""
  },
  {
    ""atom_type"": 790,
    ""element"": ""C"",
    ""chemical_environment"": ""ipso aromatic carbon bonded to a trifluoromethyl group"",
    ""functional_group"": ""aryl–CF3 (trifluoromethylbenzene)"",
    ""hybridization"": ""sp2 (aromatic)"",
    ""example_molecule_smiles"": ""c1ccc(cc1)C(F)(F)F"",
    ""group_smarts"": ""[c]-[C](F)(F)F"",
    ""atom_specific_smarts"": ""[c]([C](F)(F)F)"",
    ""description"": ""Aromatic ipso carbon bearing a CF3 substituent."",
    ""uncertainty"": ""15""
  },
  {
    ""atom_type"": 791,
    ""element"": ""C"",
    ""chemical_environment"": ""trifluoromethyl carbon (central carbon of CF3 group)"",
    ""functional_group"": ""trifluoromethyl"",
    ""hybridization"": ""sp3"",
    ""example_molecule_smiles"": ""c1ccc(cc1)C(F)(F)F"",
    ""group_smarts"": ""[C](F)(F)F"",
    ""atom_specific_smarts"": ""[C](F)(F)F"",
    ""description"": ""Carbon bearing three fluorine substituents (CF3), fourth substituent can be H or a heavy atom."",
    ""uncertainty"": ""15""
  },
  {
    ""atom_type"": 793,
    ""element"": ""C"",
    ""chemical_environment"": ""ipso aromatic carbon bonded to a guanidinium-bearing nitrogen"",
    ""functional_group"": ""aryl–guanidinium (phenylguanidinium)"",
    ""hybridization"": ""sp2 (aromatic)"",
    ""example_molecule_smiles"": ""c1ccccc1NC(=N)[NH2+]"",
    ""group_smarts"": ""[c]-[N]-C(=N)-[N+]"",
    ""atom_specific_smarts"": ""[c]([N]-C(=N)-[N+])"",
    ""description"": ""Aromatic ipso carbon attached to an anilide-like nitrogen that is part of a protonated guanidinium moiety; positive charge delocalized on guanidinium."",
    ""uncertainty"": ""35""
  },
  {
    ""atom_type"": 798,
    ""element"": ""C"",
    ""chemical_environment"": ""methane carbon"",
    ""functional_group"": ""alkane (CH4)"",
    ""hybridization"": ""sp3"",
    ""example_molecule_smiles"": ""C"",
    ""group_smarts"": ""[CH4]"",
    ""atom_specific_smarts"": ""[CH4]"",
    ""description"": ""Tetrahydrogenated aliphatic carbon (methane)."",
    ""uncertainty"": ""5""
  },
  {
    ""atom_type"": 903,
    ""element"": ""C"",
    ""chemical_environment"": ""methyl carbon directly bonded to a primary amine nitrogen"",
    ""functional_group"": ""alkyl ammonium precursor (R–CH3 attached to RNH2)"",
    ""hybridization"": ""sp3"",
    ""example_molecule_smiles"": ""CN"",
    ""group_smarts"": ""[CH3]-[NH2]"",
    ""atom_specific_smarts"": ""[CH3]-[NH2]"",
    ""description"": ""CH3 bound to neutral primary amine nitrogen (N with two hydrogens)."",
    ""uncertainty"": ""10""
  },
  {
    ""atom_type"": 904,
    ""element"": ""C"",
    ""chemical_environment"": ""methyl carbon directly bonded to a secondary amine nitrogen"",
    ""functional_group"": ""alkyl amine (R–CH3 attached to R2NH)"",
    ""hybridization"": ""sp3"",
    ""example_molecule_smiles"": ""CN(C)C"",
    ""group_smarts"": ""[CH3]-[NH]"",
    ""atom_specific_smarts"": ""[CH3]-[NH]"",
    ""description"": ""CH3 bound to neutral secondary amine nitrogen (N with one hydrogen)."",
    ""uncertainty"": ""10""
  },
  {
    ""atom_type"": 905,
    ""element"": ""C"",
    ""chemical_environment"": ""methyl carbon directly bonded to a tertiary amine nitrogen"",
    ""functional_group"": ""alkyl amine (R–CH3 attached to R3N)"",
    ""hybridization"": ""sp3"",
    ""example_molecule_smiles"": ""CN(C)C"",
    ""group_smarts"": ""[CH3]-[N;H0]"",
    ""atom_specific_smarts"": ""[CH3]-[N;H0]"",
    ""description"": ""CH3 bound to neutral tertiary amine nitrogen (N with no hydrogens)."",
    ""uncertainty"": ""10""
  },
  {
    ""atom_type"": 906,
    ""element"": ""C"",
    ""chemical_environment"": ""methylene carbon directly bonded to a primary amine nitrogen"",
    ""functional_group"": ""alpha to primary amine (R–CH2–NH2)"",
    ""hybridization"": ""sp3"",
    ""example_molecule_smiles"": ""CCN"",
    ""group_smarts"": ""[CH2]-[NH2]"",
    ""atom_specific_smarts"": ""[CH2]-[NH2]"",
    ""description"": ""CH2 carbon alpha to a neutral primary amine nitrogen."",
    ""uncertainty"": ""10""
  },
  {
    ""atom_type"": 907,
    ""element"": ""C"",
    ""chemical_environment"": ""methylene carbon directly bonded to a secondary amine nitrogen"",
    ""functional_group"": ""alpha to secondary amine (R–CH2–NH–R)"",
    ""hybridization"": ""sp3"",
    ""example_molecule_smiles"": ""CCNCC"",
    ""group_smarts"": ""[CH2]-[NH]"",
    ""atom_specific_smarts"": ""[CH2]-[NH]"",
    ""description"": ""CH2 carbon alpha to a neutral secondary amine nitrogen."",
    ""uncertainty"": ""10""
  },
  {
    ""atom_type"": 908,
    ""element"": ""C"",
    ""chemical_environment"": ""methylene carbon directly bonded to a tertiary amine nitrogen"",
    ""functional_group"": ""alpha to tertiary amine (R–CH2–NR2)"",
    ""hybridization"": ""sp3"",
    ""example_molecule_smiles"": ""CCN(CC)CC"",
    ""group_smarts"": ""[CH2]-[N;H0]"",
    ""atom_specific_smarts"": ""[CH2]-[N;H0]"",
    ""description"": ""CH2 carbon alpha to a neutral tertiary amine nitrogen (no N–H)."",
    ""uncertainty"": ""10""
  }
]"
775,0.16,"C  - CT   | "" C in CH",12.011,oplsaa2024.lt,C,6,"Convert the following OPLS-AA atom type rows:

Atom Type Data:
- Atom index: 766
- Force field raw info: C  - CT   | CT-NO2 2-methyl-2-nitropropane
- Partial charge: 0.2
- Atomic mass: 12.011
- Element guess: C
- Atomic number: 6
- Source file: oplsaa2024.lt


Atom Type Data:
- Atom index: 768
- Force field raw info: C  - CA   | C(NO2) nitrobenzene
- Partial charge: 0.09
- Atomic mass: 12.011
- Element guess: C
- Atomic number: 6
- Source file: oplsaa2024.lt


Atom Type Data:
- Atom index: 769
- Force field raw info: C  - CT   | C of CH2 in PhCH2CN
- Partial charge: 0.035
- Atomic mass: 12.011
- Element guess: C
- Atomic number: 6
- Source file: oplsaa2024.lt


Atom Type Data:
- Atom index: 772
- Force field raw info: C  - C~   | "" C=O Lucienne's
- Partial charge: 0.86
- Atomic mass: 12.011
- Element guess: C
- Atomic number: 6
- Source file: oplsaa2024.lt


Atom Type Data:
- Atom index: 774
- Force field raw info: C  - CT   | "" C in CH2
- Partial charge: 0.21
- Atomic mass: 12.011
- Element guess: C
- Atomic number: 6
- Source file: oplsaa2024.lt


Atom Type Data:
- Atom index: 775
- Force field raw info: C  - CT   | "" C in CH
- Partial charge: 0.16
- Atomic mass: 12.011
- Element guess: C
- Atomic number: 6
- Source file: oplsaa2024.lt


Atom Type Data:
- Atom index: 776
- Force field raw info: C  - CT   | "" C in CH3 see also 789
- Partial charge: -0.1
- Atomic mass: 12.011
- Element guess: C
- Atomic number: 6
- Source file: oplsaa2024.lt


Atom Type Data:
- Atom index: 782
- Force field raw info: C  - CT   | CH3PR3+ 6-31G* CHELPG
- Partial charge: -0.5081
- Atomic mass: 12.011
- Element guess: C
- Atomic number: 6
- Source file: oplsaa2024.lt


Atom Type Data:
- Atom index: 783
- Force field raw info: C  - CT   | RCH2PR3+
- Partial charge: -0.008
- Atomic mass: 12.011
- Element guess: C
- Atomic number: 6
- Source file: oplsaa2024.lt


Atom Type Data:
- Atom index: 789
- Force field raw info: C  - CT   | methoxy C in carbonate
- Partial charge: 0.18
- Atomic mass: 12.011
- Element guess: C
- Atomic number: 6
- Source file: oplsaa2024.lt


Atom Type Data:
- Atom index: 790
- Force field raw info: C  - CA   | C(CF3) trifluoromethylbenzene test
- Partial charge: 0.15
- Atomic mass: 12.011
- Element guess: C
- Atomic number: 6
- Source file: oplsaa2024.lt


Atom Type Data:
- Atom index: 791
- Force field raw info: C  - CF   | CF3 "" test
- Partial charge: 0.45
- Atomic mass: 12.011
- Element guess: C
- Atomic number: 6
- Source file: oplsaa2024.lt


Atom Type Data:
- Atom index: 793
- Force field raw info: C  - CA   | C-ipso phenylguanidinium ion
- Partial charge: 0.38
- Atomic mass: 12.011
- Element guess: C
- Atomic number: 6
- Source file: oplsaa2024.lt


Atom Type Data:
- Atom index: 798
- Force field raw info: C  - CT   | CH4 all-atom C: q = 0
- Partial charge: 0.0
- Atomic mass: 12.011
- Element guess: C
- Atomic number: 6
- Source file: oplsaa2024.lt


Atom Type Data:
- Atom index: 903
- Force field raw info: C  - CT   | CH3(N) primary aliphatic amines, H(C) type 911
- Partial charge: 0.0
- Atomic mass: 12.011
- Element guess: C
- Atomic number: 6
- Source file: oplsaa2024.lt


Atom Type Data:
- Atom index: 904
- Force field raw info: C  - CT   | CH3(N) secondary aliphatic amines, H(C) type 911
- Partial charge: 0.02
- Atomic mass: 12.011
- Element guess: C
- Atomic number: 6
- Source file: oplsaa2024.lt


Atom Type Data:
- Atom index: 905
- Force field raw info: C  - CT   | CH3(N) tertiary aliphatic amines, H(C) type 911
- Partial charge: 0.03
- Atomic mass: 12.011
- Element guess: C
- Atomic number: 6
- Source file: oplsaa2024.lt


Atom Type Data:
- Atom index: 906
- Force field raw info: C  - CT   | CH2(N) primary aliphatic amines, H(C) type 911
- Partial charge: 0.06
- Atomic mass: 12.011
- Element guess: C
- Atomic number: 6
- Source file: oplsaa2024.lt


Atom Type Data:
- Atom index: 907
- Force field raw info: C  - CT   | CH2(N) secondary aliphatic amines, H(C) type 911
- Partial charge: 0.08
- Atomic mass: 12.011
- Element guess: C
- Atomic number: 6
- Source file: oplsaa2024.lt


Atom Type Data:
- Atom index: 908
- Force field raw info: C  - CT   | CH2(N) tertiary aliphatic amines, H(C) type 911
- Partial charge: 0.09
- Atomic mass: 12.011
- Element guess: C
- Atomic number: 6
- Source file: oplsaa2024.lt
","[
  {
    ""atom_type"": 766,
    ""element"": ""C"",
    ""chemical_environment"": ""tertiary aliphatic carbon directly bonded to nitro nitrogen"",
    ""functional_group"": ""nitroalkane (C–N+(=O)O−)"",
    ""hybridization"": ""sp3"",
    ""example_molecule_smiles"": ""CC(C)(C)N(=O)=O"",
    ""group_smarts"": ""[C]-[N+](=O)[O-]"",
    ""atom_specific_smarts"": ""[C;H0](-[#6])(-[#6])(-[#6])-[N+](=O)[O-]"",
    ""description"": ""Quaternary sp3 carbon of tert-alkyl nitro compounds; neighbors: three carbons and a nitro nitrogen [N+](=O)[O-]."",
    ""uncertainty"": ""15""
  },
  {
    ""atom_type"": 768,
    ""element"": ""C"",
    ""chemical_environment"": ""ipso aromatic carbon bonded to nitro group"",
    ""functional_group"": ""aromatic nitro (nitrobenzene-like)"",
    ""hybridization"": ""sp2 (aromatic)"",
    ""example_molecule_smiles"": ""O=[N+]([O-])c1ccccc1"",
    ""group_smarts"": ""[c]-[N+](=O)[O-]"",
    ""atom_specific_smarts"": ""[c]([N+](=O)[O-])"",
    ""description"": ""Aromatic ipso carbon directly attached to a nitro substituent; neighbor nitro nitrogen is cationic [N+](=O)[O-]."",
    ""uncertainty"": ""10""
  },
  {
    ""atom_type"": 769,
    ""element"": ""C"",
    ""chemical_environment"": ""benzylic methylene linking phenyl and nitrile (Ph–CH2–C≡N)"",
    ""functional_group"": ""benzylic alpha to nitrile"",
    ""hybridization"": ""sp3"",
    ""example_molecule_smiles"": ""c1ccccc1CH2C#N"",
    ""group_smarts"": ""[CH2](-c)-C#N"",
    ""atom_specific_smarts"": ""[CH2](-c1ccccc1)-C#N"",
    ""description"": ""Benzylic CH2 attached to an aromatic carbon on one side and to the nitrile carbon (C#N) on the other."",
    ""uncertainty"": ""15""
  },
  {
    ""atom_type"": 772,
    ""element"": ""C"",
    ""chemical_environment"": ""carbonyl carbon (C=O), exact subtype unspecified"",
    ""functional_group"": ""carbonyl (generic C=O)"",
    ""hybridization"": ""sp2"",
    ""example_molecule_smiles"": ""CC(=O)C"",
    ""group_smarts"": ""[C](=O)"",
    ""atom_specific_smarts"": ""[C](=O)"",
    ""description"": ""Trigonal carbonyl carbon; raw note suggests a generic C=O assignment but specific class (aldehyde/ketone/acid/amide) is unclear."",
    ""uncertainty"": ""70""
  },
  {
    ""atom_type"": 774,
    ""element"": ""C"",
    ""chemical_environment"": ""aliphatic methylene carbon in saturated chain"",
    ""functional_group"": ""alkane (CH2)"",
    ""hybridization"": ""sp3"",
    ""example_molecule_smiles"": ""CCC"",
    ""group_smarts"": ""[CH2]"",
    ""atom_specific_smarts"": ""[CH2]"",
    ""description"": ""Generic saturated CH2 carbon (two hydrogens, two single-bonded neighbors)."",
    ""uncertainty"": ""10""
  },
  {
    ""atom_type"": 775,
    ""element"": ""C"",
    ""chemical_environment"": ""aliphatic methine carbon in saturated chain/branch"",
    ""functional_group"": ""alkane (CH)"",
    ""hybridization"": ""sp3"",
    ""example_molecule_smiles"": ""CC(C)C"",
    ""group_smarts"": ""[CH]"",
    ""atom_specific_smarts"": ""[CH]"",
    ""description"": ""Generic saturated CH carbon (one hydrogen, three single-bonded neighbors)."",
    ""uncertainty"": ""10""
  },
  {
    ""atom_type"": 776,
    ""element"": ""C"",
    ""chemical_environment"": ""aliphatic methyl carbon in saturated chain"",
    ""functional_group"": ""alkane (CH3)"",
    ""hybridization"": ""sp3"",
    ""example_molecule_smiles"": ""CC"",
    ""group_smarts"": ""[CH3]"",
    ""atom_specific_smarts"": ""[CH3]"",
    ""description"": ""Generic saturated CH3 carbon (three hydrogens, one single-bonded heavy-atom neighbor)."",
    ""uncertainty"": ""10""
  },
  {
    ""atom_type"": 782,
    ""element"": ""C"",
    ""chemical_environment"": ""methyl carbon alpha to phosphonium center"",
    ""functional_group"": ""phosphonium alpha carbon (CH3–P+R3)"",
    ""hybridization"": ""sp3"",
    ""example_molecule_smiles"": ""C[P+](C)(C)C"",
    ""group_smarts"": ""[CH3]-[P+]"",
    ""atom_specific_smarts"": ""[CH3]-[P+]"",
    ""description"": ""CH3 directly bonded to a tetracoordinate phosphonium [P+]; neighbors include cationic P(+)."",
    ""uncertainty"": ""25""
  },
  {
    ""atom_type"": 783,
    ""element"": ""C"",
    ""chemical_environment"": ""methylene carbon alpha to phosphonium center"",
    ""functional_group"": ""phosphonium alpha carbon (R–CH2–P+R3)"",
    ""hybridization"": ""sp3"",
    ""example_molecule_smiles"": ""C[P+](C)(C)CC"",
    ""group_smarts"": ""[CH2]-[P+]"",
    ""atom_specific_smarts"": ""[CH2]-[P+]"",
    ""description"": ""CH2 directly bonded to a tetracoordinate phosphonium [P+]; typical of alkyl substituents on phosphonium salts."",
    ""uncertainty"": ""25""
  },
  {
    ""atom_type"": 789,
    ""element"": ""C"",
    ""chemical_environment"": ""methoxy methyl carbon bound through O to a carbonate group"",
    ""functional_group"": ""carbonate ester (RO–C(=O)–OR') methoxy"",
    ""hybridization"": ""sp3"",
    ""example_molecule_smiles"": ""COC(=O)OC"",
    ""group_smarts"": ""[CH3]-O-C(=O)-O"",
    ""atom_specific_smarts"": ""[CH3]-O-C(=O)-O"",
    ""description"": ""Methoxy CH3 attached to an oxygen that is linked to a carbonate carbonyl (O–C(=O)–O)."",
    ""uncertainty"": ""15""
  },
  {
    ""atom_type"": 790,
    ""element"": ""C"",
    ""chemical_environment"": ""ipso aromatic carbon bonded to a trifluoromethyl group"",
    ""functional_group"": ""aryl–CF3 (trifluoromethylbenzene)"",
    ""hybridization"": ""sp2 (aromatic)"",
    ""example_molecule_smiles"": ""c1ccc(cc1)C(F)(F)F"",
    ""group_smarts"": ""[c]-[C](F)(F)F"",
    ""atom_specific_smarts"": ""[c]([C](F)(F)F)"",
    ""description"": ""Aromatic ipso carbon bearing a CF3 substituent."",
    ""uncertainty"": ""15""
  },
  {
    ""atom_type"": 791,
    ""element"": ""C"",
    ""chemical_environment"": ""trifluoromethyl carbon (central carbon of CF3 group)"",
    ""functional_group"": ""trifluoromethyl"",
    ""hybridization"": ""sp3"",
    ""example_molecule_smiles"": ""c1ccc(cc1)C(F)(F)F"",
    ""group_smarts"": ""[C](F)(F)F"",
    ""atom_specific_smarts"": ""[C](F)(F)F"",
    ""description"": ""Carbon bearing three fluorine substituents (CF3), fourth substituent can be H or a heavy atom."",
    ""uncertainty"": ""15""
  },
  {
    ""atom_type"": 793,
    ""element"": ""C"",
    ""chemical_environment"": ""ipso aromatic carbon bonded to a guanidinium-bearing nitrogen"",
    ""functional_group"": ""aryl–guanidinium (phenylguanidinium)"",
    ""hybridization"": ""sp2 (aromatic)"",
    ""example_molecule_smiles"": ""c1ccccc1NC(=N)[NH2+]"",
    ""group_smarts"": ""[c]-[N]-C(=N)-[N+]"",
    ""atom_specific_smarts"": ""[c]([N]-C(=N)-[N+])"",
    ""description"": ""Aromatic ipso carbon attached to an anilide-like nitrogen that is part of a protonated guanidinium moiety; positive charge delocalized on guanidinium."",
    ""uncertainty"": ""35""
  },
  {
    ""atom_type"": 798,
    ""element"": ""C"",
    ""chemical_environment"": ""methane carbon"",
    ""functional_group"": ""alkane (CH4)"",
    ""hybridization"": ""sp3"",
    ""example_molecule_smiles"": ""C"",
    ""group_smarts"": ""[CH4]"",
    ""atom_specific_smarts"": ""[CH4]"",
    ""description"": ""Tetrahydrogenated aliphatic carbon (methane)."",
    ""uncertainty"": ""5""
  },
  {
    ""atom_type"": 903,
    ""element"": ""C"",
    ""chemical_environment"": ""methyl carbon directly bonded to a primary amine nitrogen"",
    ""functional_group"": ""alkyl ammonium precursor (R–CH3 attached to RNH2)"",
    ""hybridization"": ""sp3"",
    ""example_molecule_smiles"": ""CN"",
    ""group_smarts"": ""[CH3]-[NH2]"",
    ""atom_specific_smarts"": ""[CH3]-[NH2]"",
    ""description"": ""CH3 bound to neutral primary amine nitrogen (N with two hydrogens)."",
    ""uncertainty"": ""10""
  },
  {
    ""atom_type"": 904,
    ""element"": ""C"",
    ""chemical_environment"": ""methyl carbon directly bonded to a secondary amine nitrogen"",
    ""functional_group"": ""alkyl amine (R–CH3 attached to R2NH)"",
    ""hybridization"": ""sp3"",
    ""example_molecule_smiles"": ""CN(C)C"",
    ""group_smarts"": ""[CH3]-[NH]"",
    ""atom_specific_smarts"": ""[CH3]-[NH]"",
    ""description"": ""CH3 bound to neutral secondary amine nitrogen (N with one hydrogen)."",
    ""uncertainty"": ""10""
  },
  {
    ""atom_type"": 905,
    ""element"": ""C"",
    ""chemical_environment"": ""methyl carbon directly bonded to a tertiary amine nitrogen"",
    ""functional_group"": ""alkyl amine (R–CH3 attached to R3N)"",
    ""hybridization"": ""sp3"",
    ""example_molecule_smiles"": ""CN(C)C"",
    ""group_smarts"": ""[CH3]-[N;H0]"",
    ""atom_specific_smarts"": ""[CH3]-[N;H0]"",
    ""description"": ""CH3 bound to neutral tertiary amine nitrogen (N with no hydrogens)."",
    ""uncertainty"": ""10""
  },
  {
    ""atom_type"": 906,
    ""element"": ""C"",
    ""chemical_environment"": ""methylene carbon directly bonded to a primary amine nitrogen"",
    ""functional_group"": ""alpha to primary amine (R–CH2–NH2)"",
    ""hybridization"": ""sp3"",
    ""example_molecule_smiles"": ""CCN"",
    ""group_smarts"": ""[CH2]-[NH2]"",
    ""atom_specific_smarts"": ""[CH2]-[NH2]"",
    ""description"": ""CH2 carbon alpha to a neutral primary amine nitrogen."",
    ""uncertainty"": ""10""
  },
  {
    ""atom_type"": 907,
    ""element"": ""C"",
    ""chemical_environment"": ""methylene carbon directly bonded to a secondary amine nitrogen"",
    ""functional_group"": ""alpha to secondary amine (R–CH2–NH–R)"",
    ""hybridization"": ""sp3"",
    ""example_molecule_smiles"": ""CCNCC"",
    ""group_smarts"": ""[CH2]-[NH]"",
    ""atom_specific_smarts"": ""[CH2]-[NH]"",
    ""description"": ""CH2 carbon alpha to a neutral secondary amine nitrogen."",
    ""uncertainty"": ""10""
  },
  {
    ""atom_type"": 908,
    ""element"": ""C"",
    ""chemical_environment"": ""methylene carbon directly bonded to a tertiary amine nitrogen"",
    ""functional_group"": ""alpha to tertiary amine (R–CH2–NR2)"",
    ""hybridization"": ""sp3"",
    ""example_molecule_smiles"": ""CCN(CC)CC"",
    ""group_smarts"": ""[CH2]-[N;H0]"",
    ""atom_specific_smarts"": ""[CH2]-[N;H0]"",
    ""description"": ""CH2 carbon alpha to a neutral tertiary amine nitrogen (no N–H)."",
    ""uncertainty"": ""10""
  }
]"
776,-0.1,"C  - CT   | "" C in CH3 see also 789",12.011,oplsaa2024.lt,C,6,"Convert the following OPLS-AA atom type rows:

Atom Type Data:
- Atom index: 766
- Force field raw info: C  - CT   | CT-NO2 2-methyl-2-nitropropane
- Partial charge: 0.2
- Atomic mass: 12.011
- Element guess: C
- Atomic number: 6
- Source file: oplsaa2024.lt


Atom Type Data:
- Atom index: 768
- Force field raw info: C  - CA   | C(NO2) nitrobenzene
- Partial charge: 0.09
- Atomic mass: 12.011
- Element guess: C
- Atomic number: 6
- Source file: oplsaa2024.lt


Atom Type Data:
- Atom index: 769
- Force field raw info: C  - CT   | C of CH2 in PhCH2CN
- Partial charge: 0.035
- Atomic mass: 12.011
- Element guess: C
- Atomic number: 6
- Source file: oplsaa2024.lt


Atom Type Data:
- Atom index: 772
- Force field raw info: C  - C~   | "" C=O Lucienne's
- Partial charge: 0.86
- Atomic mass: 12.011
- Element guess: C
- Atomic number: 6
- Source file: oplsaa2024.lt


Atom Type Data:
- Atom index: 774
- Force field raw info: C  - CT   | "" C in CH2
- Partial charge: 0.21
- Atomic mass: 12.011
- Element guess: C
- Atomic number: 6
- Source file: oplsaa2024.lt


Atom Type Data:
- Atom index: 775
- Force field raw info: C  - CT   | "" C in CH
- Partial charge: 0.16
- Atomic mass: 12.011
- Element guess: C
- Atomic number: 6
- Source file: oplsaa2024.lt


Atom Type Data:
- Atom index: 776
- Force field raw info: C  - CT   | "" C in CH3 see also 789
- Partial charge: -0.1
- Atomic mass: 12.011
- Element guess: C
- Atomic number: 6
- Source file: oplsaa2024.lt


Atom Type Data:
- Atom index: 782
- Force field raw info: C  - CT   | CH3PR3+ 6-31G* CHELPG
- Partial charge: -0.5081
- Atomic mass: 12.011
- Element guess: C
- Atomic number: 6
- Source file: oplsaa2024.lt


Atom Type Data:
- Atom index: 783
- Force field raw info: C  - CT   | RCH2PR3+
- Partial charge: -0.008
- Atomic mass: 12.011
- Element guess: C
- Atomic number: 6
- Source file: oplsaa2024.lt


Atom Type Data:
- Atom index: 789
- Force field raw info: C  - CT   | methoxy C in carbonate
- Partial charge: 0.18
- Atomic mass: 12.011
- Element guess: C
- Atomic number: 6
- Source file: oplsaa2024.lt


Atom Type Data:
- Atom index: 790
- Force field raw info: C  - CA   | C(CF3) trifluoromethylbenzene test
- Partial charge: 0.15
- Atomic mass: 12.011
- Element guess: C
- Atomic number: 6
- Source file: oplsaa2024.lt


Atom Type Data:
- Atom index: 791
- Force field raw info: C  - CF   | CF3 "" test
- Partial charge: 0.45
- Atomic mass: 12.011
- Element guess: C
- Atomic number: 6
- Source file: oplsaa2024.lt


Atom Type Data:
- Atom index: 793
- Force field raw info: C  - CA   | C-ipso phenylguanidinium ion
- Partial charge: 0.38
- Atomic mass: 12.011
- Element guess: C
- Atomic number: 6
- Source file: oplsaa2024.lt


Atom Type Data:
- Atom index: 798
- Force field raw info: C  - CT   | CH4 all-atom C: q = 0
- Partial charge: 0.0
- Atomic mass: 12.011
- Element guess: C
- Atomic number: 6
- Source file: oplsaa2024.lt


Atom Type Data:
- Atom index: 903
- Force field raw info: C  - CT   | CH3(N) primary aliphatic amines, H(C) type 911
- Partial charge: 0.0
- Atomic mass: 12.011
- Element guess: C
- Atomic number: 6
- Source file: oplsaa2024.lt


Atom Type Data:
- Atom index: 904
- Force field raw info: C  - CT   | CH3(N) secondary aliphatic amines, H(C) type 911
- Partial charge: 0.02
- Atomic mass: 12.011
- Element guess: C
- Atomic number: 6
- Source file: oplsaa2024.lt


Atom Type Data:
- Atom index: 905
- Force field raw info: C  - CT   | CH3(N) tertiary aliphatic amines, H(C) type 911
- Partial charge: 0.03
- Atomic mass: 12.011
- Element guess: C
- Atomic number: 6
- Source file: oplsaa2024.lt


Atom Type Data:
- Atom index: 906
- Force field raw info: C  - CT   | CH2(N) primary aliphatic amines, H(C) type 911
- Partial charge: 0.06
- Atomic mass: 12.011
- Element guess: C
- Atomic number: 6
- Source file: oplsaa2024.lt


Atom Type Data:
- Atom index: 907
- Force field raw info: C  - CT   | CH2(N) secondary aliphatic amines, H(C) type 911
- Partial charge: 0.08
- Atomic mass: 12.011
- Element guess: C
- Atomic number: 6
- Source file: oplsaa2024.lt


Atom Type Data:
- Atom index: 908
- Force field raw info: C  - CT   | CH2(N) tertiary aliphatic amines, H(C) type 911
- Partial charge: 0.09
- Atomic mass: 12.011
- Element guess: C
- Atomic number: 6
- Source file: oplsaa2024.lt
","[
  {
    ""atom_type"": 766,
    ""element"": ""C"",
    ""chemical_environment"": ""tertiary aliphatic carbon directly bonded to nitro nitrogen"",
    ""functional_group"": ""nitroalkane (C–N+(=O)O−)"",
    ""hybridization"": ""sp3"",
    ""example_molecule_smiles"": ""CC(C)(C)N(=O)=O"",
    ""group_smarts"": ""[C]-[N+](=O)[O-]"",
    ""atom_specific_smarts"": ""[C;H0](-[#6])(-[#6])(-[#6])-[N+](=O)[O-]"",
    ""description"": ""Quaternary sp3 carbon of tert-alkyl nitro compounds; neighbors: three carbons and a nitro nitrogen [N+](=O)[O-]."",
    ""uncertainty"": ""15""
  },
  {
    ""atom_type"": 768,
    ""element"": ""C"",
    ""chemical_environment"": ""ipso aromatic carbon bonded to nitro group"",
    ""functional_group"": ""aromatic nitro (nitrobenzene-like)"",
    ""hybridization"": ""sp2 (aromatic)"",
    ""example_molecule_smiles"": ""O=[N+]([O-])c1ccccc1"",
    ""group_smarts"": ""[c]-[N+](=O)[O-]"",
    ""atom_specific_smarts"": ""[c]([N+](=O)[O-])"",
    ""description"": ""Aromatic ipso carbon directly attached to a nitro substituent; neighbor nitro nitrogen is cationic [N+](=O)[O-]."",
    ""uncertainty"": ""10""
  },
  {
    ""atom_type"": 769,
    ""element"": ""C"",
    ""chemical_environment"": ""benzylic methylene linking phenyl and nitrile (Ph–CH2–C≡N)"",
    ""functional_group"": ""benzylic alpha to nitrile"",
    ""hybridization"": ""sp3"",
    ""example_molecule_smiles"": ""c1ccccc1CH2C#N"",
    ""group_smarts"": ""[CH2](-c)-C#N"",
    ""atom_specific_smarts"": ""[CH2](-c1ccccc1)-C#N"",
    ""description"": ""Benzylic CH2 attached to an aromatic carbon on one side and to the nitrile carbon (C#N) on the other."",
    ""uncertainty"": ""15""
  },
  {
    ""atom_type"": 772,
    ""element"": ""C"",
    ""chemical_environment"": ""carbonyl carbon (C=O), exact subtype unspecified"",
    ""functional_group"": ""carbonyl (generic C=O)"",
    ""hybridization"": ""sp2"",
    ""example_molecule_smiles"": ""CC(=O)C"",
    ""group_smarts"": ""[C](=O)"",
    ""atom_specific_smarts"": ""[C](=O)"",
    ""description"": ""Trigonal carbonyl carbon; raw note suggests a generic C=O assignment but specific class (aldehyde/ketone/acid/amide) is unclear."",
    ""uncertainty"": ""70""
  },
  {
    ""atom_type"": 774,
    ""element"": ""C"",
    ""chemical_environment"": ""aliphatic methylene carbon in saturated chain"",
    ""functional_group"": ""alkane (CH2)"",
    ""hybridization"": ""sp3"",
    ""example_molecule_smiles"": ""CCC"",
    ""group_smarts"": ""[CH2]"",
    ""atom_specific_smarts"": ""[CH2]"",
    ""description"": ""Generic saturated CH2 carbon (two hydrogens, two single-bonded neighbors)."",
    ""uncertainty"": ""10""
  },
  {
    ""atom_type"": 775,
    ""element"": ""C"",
    ""chemical_environment"": ""aliphatic methine carbon in saturated chain/branch"",
    ""functional_group"": ""alkane (CH)"",
    ""hybridization"": ""sp3"",
    ""example_molecule_smiles"": ""CC(C)C"",
    ""group_smarts"": ""[CH]"",
    ""atom_specific_smarts"": ""[CH]"",
    ""description"": ""Generic saturated CH carbon (one hydrogen, three single-bonded neighbors)."",
    ""uncertainty"": ""10""
  },
  {
    ""atom_type"": 776,
    ""element"": ""C"",
    ""chemical_environment"": ""aliphatic methyl carbon in saturated chain"",
    ""functional_group"": ""alkane (CH3)"",
    ""hybridization"": ""sp3"",
    ""example_molecule_smiles"": ""CC"",
    ""group_smarts"": ""[CH3]"",
    ""atom_specific_smarts"": ""[CH3]"",
    ""description"": ""Generic saturated CH3 carbon (three hydrogens, one single-bonded heavy-atom neighbor)."",
    ""uncertainty"": ""10""
  },
  {
    ""atom_type"": 782,
    ""element"": ""C"",
    ""chemical_environment"": ""methyl carbon alpha to phosphonium center"",
    ""functional_group"": ""phosphonium alpha carbon (CH3–P+R3)"",
    ""hybridization"": ""sp3"",
    ""example_molecule_smiles"": ""C[P+](C)(C)C"",
    ""group_smarts"": ""[CH3]-[P+]"",
    ""atom_specific_smarts"": ""[CH3]-[P+]"",
    ""description"": ""CH3 directly bonded to a tetracoordinate phosphonium [P+]; neighbors include cationic P(+)."",
    ""uncertainty"": ""25""
  },
  {
    ""atom_type"": 783,
    ""element"": ""C"",
    ""chemical_environment"": ""methylene carbon alpha to phosphonium center"",
    ""functional_group"": ""phosphonium alpha carbon (R–CH2–P+R3)"",
    ""hybridization"": ""sp3"",
    ""example_molecule_smiles"": ""C[P+](C)(C)CC"",
    ""group_smarts"": ""[CH2]-[P+]"",
    ""atom_specific_smarts"": ""[CH2]-[P+]"",
    ""description"": ""CH2 directly bonded to a tetracoordinate phosphonium [P+]; typical of alkyl substituents on phosphonium salts."",
    ""uncertainty"": ""25""
  },
  {
    ""atom_type"": 789,
    ""element"": ""C"",
    ""chemical_environment"": ""methoxy methyl carbon bound through O to a carbonate group"",
    ""functional_group"": ""carbonate ester (RO–C(=O)–OR') methoxy"",
    ""hybridization"": ""sp3"",
    ""example_molecule_smiles"": ""COC(=O)OC"",
    ""group_smarts"": ""[CH3]-O-C(=O)-O"",
    ""atom_specific_smarts"": ""[CH3]-O-C(=O)-O"",
    ""description"": ""Methoxy CH3 attached to an oxygen that is linked to a carbonate carbonyl (O–C(=O)–O)."",
    ""uncertainty"": ""15""
  },
  {
    ""atom_type"": 790,
    ""element"": ""C"",
    ""chemical_environment"": ""ipso aromatic carbon bonded to a trifluoromethyl group"",
    ""functional_group"": ""aryl–CF3 (trifluoromethylbenzene)"",
    ""hybridization"": ""sp2 (aromatic)"",
    ""example_molecule_smiles"": ""c1ccc(cc1)C(F)(F)F"",
    ""group_smarts"": ""[c]-[C](F)(F)F"",
    ""atom_specific_smarts"": ""[c]([C](F)(F)F)"",
    ""description"": ""Aromatic ipso carbon bearing a CF3 substituent."",
    ""uncertainty"": ""15""
  },
  {
    ""atom_type"": 791,
    ""element"": ""C"",
    ""chemical_environment"": ""trifluoromethyl carbon (central carbon of CF3 group)"",
    ""functional_group"": ""trifluoromethyl"",
    ""hybridization"": ""sp3"",
    ""example_molecule_smiles"": ""c1ccc(cc1)C(F)(F)F"",
    ""group_smarts"": ""[C](F)(F)F"",
    ""atom_specific_smarts"": ""[C](F)(F)F"",
    ""description"": ""Carbon bearing three fluorine substituents (CF3), fourth substituent can be H or a heavy atom."",
    ""uncertainty"": ""15""
  },
  {
    ""atom_type"": 793,
    ""element"": ""C"",
    ""chemical_environment"": ""ipso aromatic carbon bonded to a guanidinium-bearing nitrogen"",
    ""functional_group"": ""aryl–guanidinium (phenylguanidinium)"",
    ""hybridization"": ""sp2 (aromatic)"",
    ""example_molecule_smiles"": ""c1ccccc1NC(=N)[NH2+]"",
    ""group_smarts"": ""[c]-[N]-C(=N)-[N+]"",
    ""atom_specific_smarts"": ""[c]([N]-C(=N)-[N+])"",
    ""description"": ""Aromatic ipso carbon attached to an anilide-like nitrogen that is part of a protonated guanidinium moiety; positive charge delocalized on guanidinium."",
    ""uncertainty"": ""35""
  },
  {
    ""atom_type"": 798,
    ""element"": ""C"",
    ""chemical_environment"": ""methane carbon"",
    ""functional_group"": ""alkane (CH4)"",
    ""hybridization"": ""sp3"",
    ""example_molecule_smiles"": ""C"",
    ""group_smarts"": ""[CH4]"",
    ""atom_specific_smarts"": ""[CH4]"",
    ""description"": ""Tetrahydrogenated aliphatic carbon (methane)."",
    ""uncertainty"": ""5""
  },
  {
    ""atom_type"": 903,
    ""element"": ""C"",
    ""chemical_environment"": ""methyl carbon directly bonded to a primary amine nitrogen"",
    ""functional_group"": ""alkyl ammonium precursor (R–CH3 attached to RNH2)"",
    ""hybridization"": ""sp3"",
    ""example_molecule_smiles"": ""CN"",
    ""group_smarts"": ""[CH3]-[NH2]"",
    ""atom_specific_smarts"": ""[CH3]-[NH2]"",
    ""description"": ""CH3 bound to neutral primary amine nitrogen (N with two hydrogens)."",
    ""uncertainty"": ""10""
  },
  {
    ""atom_type"": 904,
    ""element"": ""C"",
    ""chemical_environment"": ""methyl carbon directly bonded to a secondary amine nitrogen"",
    ""functional_group"": ""alkyl amine (R–CH3 attached to R2NH)"",
    ""hybridization"": ""sp3"",
    ""example_molecule_smiles"": ""CN(C)C"",
    ""group_smarts"": ""[CH3]-[NH]"",
    ""atom_specific_smarts"": ""[CH3]-[NH]"",
    ""description"": ""CH3 bound to neutral secondary amine nitrogen (N with one hydrogen)."",
    ""uncertainty"": ""10""
  },
  {
    ""atom_type"": 905,
    ""element"": ""C"",
    ""chemical_environment"": ""methyl carbon directly bonded to a tertiary amine nitrogen"",
    ""functional_group"": ""alkyl amine (R–CH3 attached to R3N)"",
    ""hybridization"": ""sp3"",
    ""example_molecule_smiles"": ""CN(C)C"",
    ""group_smarts"": ""[CH3]-[N;H0]"",
    ""atom_specific_smarts"": ""[CH3]-[N;H0]"",
    ""description"": ""CH3 bound to neutral tertiary amine nitrogen (N with no hydrogens)."",
    ""uncertainty"": ""10""
  },
  {
    ""atom_type"": 906,
    ""element"": ""C"",
    ""chemical_environment"": ""methylene carbon directly bonded to a primary amine nitrogen"",
    ""functional_group"": ""alpha to primary amine (R–CH2–NH2)"",
    ""hybridization"": ""sp3"",
    ""example_molecule_smiles"": ""CCN"",
    ""group_smarts"": ""[CH2]-[NH2]"",
    ""atom_specific_smarts"": ""[CH2]-[NH2]"",
    ""description"": ""CH2 carbon alpha to a neutral primary amine nitrogen."",
    ""uncertainty"": ""10""
  },
  {
    ""atom_type"": 907,
    ""element"": ""C"",
    ""chemical_environment"": ""methylene carbon directly bonded to a secondary amine nitrogen"",
    ""functional_group"": ""alpha to secondary amine (R–CH2–NH–R)"",
    ""hybridization"": ""sp3"",
    ""example_molecule_smiles"": ""CCNCC"",
    ""group_smarts"": ""[CH2]-[NH]"",
    ""atom_specific_smarts"": ""[CH2]-[NH]"",
    ""description"": ""CH2 carbon alpha to a neutral secondary amine nitrogen."",
    ""uncertainty"": ""10""
  },
  {
    ""atom_type"": 908,
    ""element"": ""C"",
    ""chemical_environment"": ""methylene carbon directly bonded to a tertiary amine nitrogen"",
    ""functional_group"": ""alpha to tertiary amine (R–CH2–NR2)"",
    ""hybridization"": ""sp3"",
    ""example_molecule_smiles"": ""CCN(CC)CC"",
    ""group_smarts"": ""[CH2]-[N;H0]"",
    ""atom_specific_smarts"": ""[CH2]-[N;H0]"",
    ""description"": ""CH2 carbon alpha to a neutral tertiary amine nitrogen (no N–H)."",
    ""uncertainty"": ""10""
  }
]"
782,-0.5081,C  - CT   | CH3PR3+ 6-31G* CHELPG,12.011,oplsaa2024.lt,C,6,"Convert the following OPLS-AA atom type rows:

Atom Type Data:
- Atom index: 766
- Force field raw info: C  - CT   | CT-NO2 2-methyl-2-nitropropane
- Partial charge: 0.2
- Atomic mass: 12.011
- Element guess: C
- Atomic number: 6
- Source file: oplsaa2024.lt


Atom Type Data:
- Atom index: 768
- Force field raw info: C  - CA   | C(NO2) nitrobenzene
- Partial charge: 0.09
- Atomic mass: 12.011
- Element guess: C
- Atomic number: 6
- Source file: oplsaa2024.lt


Atom Type Data:
- Atom index: 769
- Force field raw info: C  - CT   | C of CH2 in PhCH2CN
- Partial charge: 0.035
- Atomic mass: 12.011
- Element guess: C
- Atomic number: 6
- Source file: oplsaa2024.lt


Atom Type Data:
- Atom index: 772
- Force field raw info: C  - C~   | "" C=O Lucienne's
- Partial charge: 0.86
- Atomic mass: 12.011
- Element guess: C
- Atomic number: 6
- Source file: oplsaa2024.lt


Atom Type Data:
- Atom index: 774
- Force field raw info: C  - CT   | "" C in CH2
- Partial charge: 0.21
- Atomic mass: 12.011
- Element guess: C
- Atomic number: 6
- Source file: oplsaa2024.lt


Atom Type Data:
- Atom index: 775
- Force field raw info: C  - CT   | "" C in CH
- Partial charge: 0.16
- Atomic mass: 12.011
- Element guess: C
- Atomic number: 6
- Source file: oplsaa2024.lt


Atom Type Data:
- Atom index: 776
- Force field raw info: C  - CT   | "" C in CH3 see also 789
- Partial charge: -0.1
- Atomic mass: 12.011
- Element guess: C
- Atomic number: 6
- Source file: oplsaa2024.lt


Atom Type Data:
- Atom index: 782
- Force field raw info: C  - CT   | CH3PR3+ 6-31G* CHELPG
- Partial charge: -0.5081
- Atomic mass: 12.011
- Element guess: C
- Atomic number: 6
- Source file: oplsaa2024.lt


Atom Type Data:
- Atom index: 783
- Force field raw info: C  - CT   | RCH2PR3+
- Partial charge: -0.008
- Atomic mass: 12.011
- Element guess: C
- Atomic number: 6
- Source file: oplsaa2024.lt


Atom Type Data:
- Atom index: 789
- Force field raw info: C  - CT   | methoxy C in carbonate
- Partial charge: 0.18
- Atomic mass: 12.011
- Element guess: C
- Atomic number: 6
- Source file: oplsaa2024.lt


Atom Type Data:
- Atom index: 790
- Force field raw info: C  - CA   | C(CF3) trifluoromethylbenzene test
- Partial charge: 0.15
- Atomic mass: 12.011
- Element guess: C
- Atomic number: 6
- Source file: oplsaa2024.lt


Atom Type Data:
- Atom index: 791
- Force field raw info: C  - CF   | CF3 "" test
- Partial charge: 0.45
- Atomic mass: 12.011
- Element guess: C
- Atomic number: 6
- Source file: oplsaa2024.lt


Atom Type Data:
- Atom index: 793
- Force field raw info: C  - CA   | C-ipso phenylguanidinium ion
- Partial charge: 0.38
- Atomic mass: 12.011
- Element guess: C
- Atomic number: 6
- Source file: oplsaa2024.lt


Atom Type Data:
- Atom index: 798
- Force field raw info: C  - CT   | CH4 all-atom C: q = 0
- Partial charge: 0.0
- Atomic mass: 12.011
- Element guess: C
- Atomic number: 6
- Source file: oplsaa2024.lt


Atom Type Data:
- Atom index: 903
- Force field raw info: C  - CT   | CH3(N) primary aliphatic amines, H(C) type 911
- Partial charge: 0.0
- Atomic mass: 12.011
- Element guess: C
- Atomic number: 6
- Source file: oplsaa2024.lt


Atom Type Data:
- Atom index: 904
- Force field raw info: C  - CT   | CH3(N) secondary aliphatic amines, H(C) type 911
- Partial charge: 0.02
- Atomic mass: 12.011
- Element guess: C
- Atomic number: 6
- Source file: oplsaa2024.lt


Atom Type Data:
- Atom index: 905
- Force field raw info: C  - CT   | CH3(N) tertiary aliphatic amines, H(C) type 911
- Partial charge: 0.03
- Atomic mass: 12.011
- Element guess: C
- Atomic number: 6
- Source file: oplsaa2024.lt


Atom Type Data:
- Atom index: 906
- Force field raw info: C  - CT   | CH2(N) primary aliphatic amines, H(C) type 911
- Partial charge: 0.06
- Atomic mass: 12.011
- Element guess: C
- Atomic number: 6
- Source file: oplsaa2024.lt


Atom Type Data:
- Atom index: 907
- Force field raw info: C  - CT   | CH2(N) secondary aliphatic amines, H(C) type 911
- Partial charge: 0.08
- Atomic mass: 12.011
- Element guess: C
- Atomic number: 6
- Source file: oplsaa2024.lt


Atom Type Data:
- Atom index: 908
- Force field raw info: C  - CT   | CH2(N) tertiary aliphatic amines, H(C) type 911
- Partial charge: 0.09
- Atomic mass: 12.011
- Element guess: C
- Atomic number: 6
- Source file: oplsaa2024.lt
","[
  {
    ""atom_type"": 766,
    ""element"": ""C"",
    ""chemical_environment"": ""tertiary aliphatic carbon directly bonded to nitro nitrogen"",
    ""functional_group"": ""nitroalkane (C–N+(=O)O−)"",
    ""hybridization"": ""sp3"",
    ""example_molecule_smiles"": ""CC(C)(C)N(=O)=O"",
    ""group_smarts"": ""[C]-[N+](=O)[O-]"",
    ""atom_specific_smarts"": ""[C;H0](-[#6])(-[#6])(-[#6])-[N+](=O)[O-]"",
    ""description"": ""Quaternary sp3 carbon of tert-alkyl nitro compounds; neighbors: three carbons and a nitro nitrogen [N+](=O)[O-]."",
    ""uncertainty"": ""15""
  },
  {
    ""atom_type"": 768,
    ""element"": ""C"",
    ""chemical_environment"": ""ipso aromatic carbon bonded to nitro group"",
    ""functional_group"": ""aromatic nitro (nitrobenzene-like)"",
    ""hybridization"": ""sp2 (aromatic)"",
    ""example_molecule_smiles"": ""O=[N+]([O-])c1ccccc1"",
    ""group_smarts"": ""[c]-[N+](=O)[O-]"",
    ""atom_specific_smarts"": ""[c]([N+](=O)[O-])"",
    ""description"": ""Aromatic ipso carbon directly attached to a nitro substituent; neighbor nitro nitrogen is cationic [N+](=O)[O-]."",
    ""uncertainty"": ""10""
  },
  {
    ""atom_type"": 769,
    ""element"": ""C"",
    ""chemical_environment"": ""benzylic methylene linking phenyl and nitrile (Ph–CH2–C≡N)"",
    ""functional_group"": ""benzylic alpha to nitrile"",
    ""hybridization"": ""sp3"",
    ""example_molecule_smiles"": ""c1ccccc1CH2C#N"",
    ""group_smarts"": ""[CH2](-c)-C#N"",
    ""atom_specific_smarts"": ""[CH2](-c1ccccc1)-C#N"",
    ""description"": ""Benzylic CH2 attached to an aromatic carbon on one side and to the nitrile carbon (C#N) on the other."",
    ""uncertainty"": ""15""
  },
  {
    ""atom_type"": 772,
    ""element"": ""C"",
    ""chemical_environment"": ""carbonyl carbon (C=O), exact subtype unspecified"",
    ""functional_group"": ""carbonyl (generic C=O)"",
    ""hybridization"": ""sp2"",
    ""example_molecule_smiles"": ""CC(=O)C"",
    ""group_smarts"": ""[C](=O)"",
    ""atom_specific_smarts"": ""[C](=O)"",
    ""description"": ""Trigonal carbonyl carbon; raw note suggests a generic C=O assignment but specific class (aldehyde/ketone/acid/amide) is unclear."",
    ""uncertainty"": ""70""
  },
  {
    ""atom_type"": 774,
    ""element"": ""C"",
    ""chemical_environment"": ""aliphatic methylene carbon in saturated chain"",
    ""functional_group"": ""alkane (CH2)"",
    ""hybridization"": ""sp3"",
    ""example_molecule_smiles"": ""CCC"",
    ""group_smarts"": ""[CH2]"",
    ""atom_specific_smarts"": ""[CH2]"",
    ""description"": ""Generic saturated CH2 carbon (two hydrogens, two single-bonded neighbors)."",
    ""uncertainty"": ""10""
  },
  {
    ""atom_type"": 775,
    ""element"": ""C"",
    ""chemical_environment"": ""aliphatic methine carbon in saturated chain/branch"",
    ""functional_group"": ""alkane (CH)"",
    ""hybridization"": ""sp3"",
    ""example_molecule_smiles"": ""CC(C)C"",
    ""group_smarts"": ""[CH]"",
    ""atom_specific_smarts"": ""[CH]"",
    ""description"": ""Generic saturated CH carbon (one hydrogen, three single-bonded neighbors)."",
    ""uncertainty"": ""10""
  },
  {
    ""atom_type"": 776,
    ""element"": ""C"",
    ""chemical_environment"": ""aliphatic methyl carbon in saturated chain"",
    ""functional_group"": ""alkane (CH3)"",
    ""hybridization"": ""sp3"",
    ""example_molecule_smiles"": ""CC"",
    ""group_smarts"": ""[CH3]"",
    ""atom_specific_smarts"": ""[CH3]"",
    ""description"": ""Generic saturated CH3 carbon (three hydrogens, one single-bonded heavy-atom neighbor)."",
    ""uncertainty"": ""10""
  },
  {
    ""atom_type"": 782,
    ""element"": ""C"",
    ""chemical_environment"": ""methyl carbon alpha to phosphonium center"",
    ""functional_group"": ""phosphonium alpha carbon (CH3–P+R3)"",
    ""hybridization"": ""sp3"",
    ""example_molecule_smiles"": ""C[P+](C)(C)C"",
    ""group_smarts"": ""[CH3]-[P+]"",
    ""atom_specific_smarts"": ""[CH3]-[P+]"",
    ""description"": ""CH3 directly bonded to a tetracoordinate phosphonium [P+]; neighbors include cationic P(+)."",
    ""uncertainty"": ""25""
  },
  {
    ""atom_type"": 783,
    ""element"": ""C"",
    ""chemical_environment"": ""methylene carbon alpha to phosphonium center"",
    ""functional_group"": ""phosphonium alpha carbon (R–CH2–P+R3)"",
    ""hybridization"": ""sp3"",
    ""example_molecule_smiles"": ""C[P+](C)(C)CC"",
    ""group_smarts"": ""[CH2]-[P+]"",
    ""atom_specific_smarts"": ""[CH2]-[P+]"",
    ""description"": ""CH2 directly bonded to a tetracoordinate phosphonium [P+]; typical of alkyl substituents on phosphonium salts."",
    ""uncertainty"": ""25""
  },
  {
    ""atom_type"": 789,
    ""element"": ""C"",
    ""chemical_environment"": ""methoxy methyl carbon bound through O to a carbonate group"",
    ""functional_group"": ""carbonate ester (RO–C(=O)–OR') methoxy"",
    ""hybridization"": ""sp3"",
    ""example_molecule_smiles"": ""COC(=O)OC"",
    ""group_smarts"": ""[CH3]-O-C(=O)-O"",
    ""atom_specific_smarts"": ""[CH3]-O-C(=O)-O"",
    ""description"": ""Methoxy CH3 attached to an oxygen that is linked to a carbonate carbonyl (O–C(=O)–O)."",
    ""uncertainty"": ""15""
  },
  {
    ""atom_type"": 790,
    ""element"": ""C"",
    ""chemical_environment"": ""ipso aromatic carbon bonded to a trifluoromethyl group"",
    ""functional_group"": ""aryl–CF3 (trifluoromethylbenzene)"",
    ""hybridization"": ""sp2 (aromatic)"",
    ""example_molecule_smiles"": ""c1ccc(cc1)C(F)(F)F"",
    ""group_smarts"": ""[c]-[C](F)(F)F"",
    ""atom_specific_smarts"": ""[c]([C](F)(F)F)"",
    ""description"": ""Aromatic ipso carbon bearing a CF3 substituent."",
    ""uncertainty"": ""15""
  },
  {
    ""atom_type"": 791,
    ""element"": ""C"",
    ""chemical_environment"": ""trifluoromethyl carbon (central carbon of CF3 group)"",
    ""functional_group"": ""trifluoromethyl"",
    ""hybridization"": ""sp3"",
    ""example_molecule_smiles"": ""c1ccc(cc1)C(F)(F)F"",
    ""group_smarts"": ""[C](F)(F)F"",
    ""atom_specific_smarts"": ""[C](F)(F)F"",
    ""description"": ""Carbon bearing three fluorine substituents (CF3), fourth substituent can be H or a heavy atom."",
    ""uncertainty"": ""15""
  },
  {
    ""atom_type"": 793,
    ""element"": ""C"",
    ""chemical_environment"": ""ipso aromatic carbon bonded to a guanidinium-bearing nitrogen"",
    ""functional_group"": ""aryl–guanidinium (phenylguanidinium)"",
    ""hybridization"": ""sp2 (aromatic)"",
    ""example_molecule_smiles"": ""c1ccccc1NC(=N)[NH2+]"",
    ""group_smarts"": ""[c]-[N]-C(=N)-[N+]"",
    ""atom_specific_smarts"": ""[c]([N]-C(=N)-[N+])"",
    ""description"": ""Aromatic ipso carbon attached to an anilide-like nitrogen that is part of a protonated guanidinium moiety; positive charge delocalized on guanidinium."",
    ""uncertainty"": ""35""
  },
  {
    ""atom_type"": 798,
    ""element"": ""C"",
    ""chemical_environment"": ""methane carbon"",
    ""functional_group"": ""alkane (CH4)"",
    ""hybridization"": ""sp3"",
    ""example_molecule_smiles"": ""C"",
    ""group_smarts"": ""[CH4]"",
    ""atom_specific_smarts"": ""[CH4]"",
    ""description"": ""Tetrahydrogenated aliphatic carbon (methane)."",
    ""uncertainty"": ""5""
  },
  {
    ""atom_type"": 903,
    ""element"": ""C"",
    ""chemical_environment"": ""methyl carbon directly bonded to a primary amine nitrogen"",
    ""functional_group"": ""alkyl ammonium precursor (R–CH3 attached to RNH2)"",
    ""hybridization"": ""sp3"",
    ""example_molecule_smiles"": ""CN"",
    ""group_smarts"": ""[CH3]-[NH2]"",
    ""atom_specific_smarts"": ""[CH3]-[NH2]"",
    ""description"": ""CH3 bound to neutral primary amine nitrogen (N with two hydrogens)."",
    ""uncertainty"": ""10""
  },
  {
    ""atom_type"": 904,
    ""element"": ""C"",
    ""chemical_environment"": ""methyl carbon directly bonded to a secondary amine nitrogen"",
    ""functional_group"": ""alkyl amine (R–CH3 attached to R2NH)"",
    ""hybridization"": ""sp3"",
    ""example_molecule_smiles"": ""CN(C)C"",
    ""group_smarts"": ""[CH3]-[NH]"",
    ""atom_specific_smarts"": ""[CH3]-[NH]"",
    ""description"": ""CH3 bound to neutral secondary amine nitrogen (N with one hydrogen)."",
    ""uncertainty"": ""10""
  },
  {
    ""atom_type"": 905,
    ""element"": ""C"",
    ""chemical_environment"": ""methyl carbon directly bonded to a tertiary amine nitrogen"",
    ""functional_group"": ""alkyl amine (R–CH3 attached to R3N)"",
    ""hybridization"": ""sp3"",
    ""example_molecule_smiles"": ""CN(C)C"",
    ""group_smarts"": ""[CH3]-[N;H0]"",
    ""atom_specific_smarts"": ""[CH3]-[N;H0]"",
    ""description"": ""CH3 bound to neutral tertiary amine nitrogen (N with no hydrogens)."",
    ""uncertainty"": ""10""
  },
  {
    ""atom_type"": 906,
    ""element"": ""C"",
    ""chemical_environment"": ""methylene carbon directly bonded to a primary amine nitrogen"",
    ""functional_group"": ""alpha to primary amine (R–CH2–NH2)"",
    ""hybridization"": ""sp3"",
    ""example_molecule_smiles"": ""CCN"",
    ""group_smarts"": ""[CH2]-[NH2]"",
    ""atom_specific_smarts"": ""[CH2]-[NH2]"",
    ""description"": ""CH2 carbon alpha to a neutral primary amine nitrogen."",
    ""uncertainty"": ""10""
  },
  {
    ""atom_type"": 907,
    ""element"": ""C"",
    ""chemical_environment"": ""methylene carbon directly bonded to a secondary amine nitrogen"",
    ""functional_group"": ""alpha to secondary amine (R–CH2–NH–R)"",
    ""hybridization"": ""sp3"",
    ""example_molecule_smiles"": ""CCNCC"",
    ""group_smarts"": ""[CH2]-[NH]"",
    ""atom_specific_smarts"": ""[CH2]-[NH]"",
    ""description"": ""CH2 carbon alpha to a neutral secondary amine nitrogen."",
    ""uncertainty"": ""10""
  },
  {
    ""atom_type"": 908,
    ""element"": ""C"",
    ""chemical_environment"": ""methylene carbon directly bonded to a tertiary amine nitrogen"",
    ""functional_group"": ""alpha to tertiary amine (R–CH2–NR2)"",
    ""hybridization"": ""sp3"",
    ""example_molecule_smiles"": ""CCN(CC)CC"",
    ""group_smarts"": ""[CH2]-[N;H0]"",
    ""atom_specific_smarts"": ""[CH2]-[N;H0]"",
    ""description"": ""CH2 carbon alpha to a neutral tertiary amine nitrogen (no N–H)."",
    ""uncertainty"": ""10""
  }
]"
783,-0.008,C  - CT   | RCH2PR3+,12.011,oplsaa2024.lt,C,6,"Convert the following OPLS-AA atom type rows:

Atom Type Data:
- Atom index: 766
- Force field raw info: C  - CT   | CT-NO2 2-methyl-2-nitropropane
- Partial charge: 0.2
- Atomic mass: 12.011
- Element guess: C
- Atomic number: 6
- Source file: oplsaa2024.lt


Atom Type Data:
- Atom index: 768
- Force field raw info: C  - CA   | C(NO2) nitrobenzene
- Partial charge: 0.09
- Atomic mass: 12.011
- Element guess: C
- Atomic number: 6
- Source file: oplsaa2024.lt


Atom Type Data:
- Atom index: 769
- Force field raw info: C  - CT   | C of CH2 in PhCH2CN
- Partial charge: 0.035
- Atomic mass: 12.011
- Element guess: C
- Atomic number: 6
- Source file: oplsaa2024.lt


Atom Type Data:
- Atom index: 772
- Force field raw info: C  - C~   | "" C=O Lucienne's
- Partial charge: 0.86
- Atomic mass: 12.011
- Element guess: C
- Atomic number: 6
- Source file: oplsaa2024.lt


Atom Type Data:
- Atom index: 774
- Force field raw info: C  - CT   | "" C in CH2
- Partial charge: 0.21
- Atomic mass: 12.011
- Element guess: C
- Atomic number: 6
- Source file: oplsaa2024.lt


Atom Type Data:
- Atom index: 775
- Force field raw info: C  - CT   | "" C in CH
- Partial charge: 0.16
- Atomic mass: 12.011
- Element guess: C
- Atomic number: 6
- Source file: oplsaa2024.lt


Atom Type Data:
- Atom index: 776
- Force field raw info: C  - CT   | "" C in CH3 see also 789
- Partial charge: -0.1
- Atomic mass: 12.011
- Element guess: C
- Atomic number: 6
- Source file: oplsaa2024.lt


Atom Type Data:
- Atom index: 782
- Force field raw info: C  - CT   | CH3PR3+ 6-31G* CHELPG
- Partial charge: -0.5081
- Atomic mass: 12.011
- Element guess: C
- Atomic number: 6
- Source file: oplsaa2024.lt


Atom Type Data:
- Atom index: 783
- Force field raw info: C  - CT   | RCH2PR3+
- Partial charge: -0.008
- Atomic mass: 12.011
- Element guess: C
- Atomic number: 6
- Source file: oplsaa2024.lt


Atom Type Data:
- Atom index: 789
- Force field raw info: C  - CT   | methoxy C in carbonate
- Partial charge: 0.18
- Atomic mass: 12.011
- Element guess: C
- Atomic number: 6
- Source file: oplsaa2024.lt


Atom Type Data:
- Atom index: 790
- Force field raw info: C  - CA   | C(CF3) trifluoromethylbenzene test
- Partial charge: 0.15
- Atomic mass: 12.011
- Element guess: C
- Atomic number: 6
- Source file: oplsaa2024.lt


Atom Type Data:
- Atom index: 791
- Force field raw info: C  - CF   | CF3 "" test
- Partial charge: 0.45
- Atomic mass: 12.011
- Element guess: C
- Atomic number: 6
- Source file: oplsaa2024.lt


Atom Type Data:
- Atom index: 793
- Force field raw info: C  - CA   | C-ipso phenylguanidinium ion
- Partial charge: 0.38
- Atomic mass: 12.011
- Element guess: C
- Atomic number: 6
- Source file: oplsaa2024.lt


Atom Type Data:
- Atom index: 798
- Force field raw info: C  - CT   | CH4 all-atom C: q = 0
- Partial charge: 0.0
- Atomic mass: 12.011
- Element guess: C
- Atomic number: 6
- Source file: oplsaa2024.lt


Atom Type Data:
- Atom index: 903
- Force field raw info: C  - CT   | CH3(N) primary aliphatic amines, H(C) type 911
- Partial charge: 0.0
- Atomic mass: 12.011
- Element guess: C
- Atomic number: 6
- Source file: oplsaa2024.lt


Atom Type Data:
- Atom index: 904
- Force field raw info: C  - CT   | CH3(N) secondary aliphatic amines, H(C) type 911
- Partial charge: 0.02
- Atomic mass: 12.011
- Element guess: C
- Atomic number: 6
- Source file: oplsaa2024.lt


Atom Type Data:
- Atom index: 905
- Force field raw info: C  - CT   | CH3(N) tertiary aliphatic amines, H(C) type 911
- Partial charge: 0.03
- Atomic mass: 12.011
- Element guess: C
- Atomic number: 6
- Source file: oplsaa2024.lt


Atom Type Data:
- Atom index: 906
- Force field raw info: C  - CT   | CH2(N) primary aliphatic amines, H(C) type 911
- Partial charge: 0.06
- Atomic mass: 12.011
- Element guess: C
- Atomic number: 6
- Source file: oplsaa2024.lt


Atom Type Data:
- Atom index: 907
- Force field raw info: C  - CT   | CH2(N) secondary aliphatic amines, H(C) type 911
- Partial charge: 0.08
- Atomic mass: 12.011
- Element guess: C
- Atomic number: 6
- Source file: oplsaa2024.lt


Atom Type Data:
- Atom index: 908
- Force field raw info: C  - CT   | CH2(N) tertiary aliphatic amines, H(C) type 911
- Partial charge: 0.09
- Atomic mass: 12.011
- Element guess: C
- Atomic number: 6
- Source file: oplsaa2024.lt
","[
  {
    ""atom_type"": 766,
    ""element"": ""C"",
    ""chemical_environment"": ""tertiary aliphatic carbon directly bonded to nitro nitrogen"",
    ""functional_group"": ""nitroalkane (C–N+(=O)O−)"",
    ""hybridization"": ""sp3"",
    ""example_molecule_smiles"": ""CC(C)(C)N(=O)=O"",
    ""group_smarts"": ""[C]-[N+](=O)[O-]"",
    ""atom_specific_smarts"": ""[C;H0](-[#6])(-[#6])(-[#6])-[N+](=O)[O-]"",
    ""description"": ""Quaternary sp3 carbon of tert-alkyl nitro compounds; neighbors: three carbons and a nitro nitrogen [N+](=O)[O-]."",
    ""uncertainty"": ""15""
  },
  {
    ""atom_type"": 768,
    ""element"": ""C"",
    ""chemical_environment"": ""ipso aromatic carbon bonded to nitro group"",
    ""functional_group"": ""aromatic nitro (nitrobenzene-like)"",
    ""hybridization"": ""sp2 (aromatic)"",
    ""example_molecule_smiles"": ""O=[N+]([O-])c1ccccc1"",
    ""group_smarts"": ""[c]-[N+](=O)[O-]"",
    ""atom_specific_smarts"": ""[c]([N+](=O)[O-])"",
    ""description"": ""Aromatic ipso carbon directly attached to a nitro substituent; neighbor nitro nitrogen is cationic [N+](=O)[O-]."",
    ""uncertainty"": ""10""
  },
  {
    ""atom_type"": 769,
    ""element"": ""C"",
    ""chemical_environment"": ""benzylic methylene linking phenyl and nitrile (Ph–CH2–C≡N)"",
    ""functional_group"": ""benzylic alpha to nitrile"",
    ""hybridization"": ""sp3"",
    ""example_molecule_smiles"": ""c1ccccc1CH2C#N"",
    ""group_smarts"": ""[CH2](-c)-C#N"",
    ""atom_specific_smarts"": ""[CH2](-c1ccccc1)-C#N"",
    ""description"": ""Benzylic CH2 attached to an aromatic carbon on one side and to the nitrile carbon (C#N) on the other."",
    ""uncertainty"": ""15""
  },
  {
    ""atom_type"": 772,
    ""element"": ""C"",
    ""chemical_environment"": ""carbonyl carbon (C=O), exact subtype unspecified"",
    ""functional_group"": ""carbonyl (generic C=O)"",
    ""hybridization"": ""sp2"",
    ""example_molecule_smiles"": ""CC(=O)C"",
    ""group_smarts"": ""[C](=O)"",
    ""atom_specific_smarts"": ""[C](=O)"",
    ""description"": ""Trigonal carbonyl carbon; raw note suggests a generic C=O assignment but specific class (aldehyde/ketone/acid/amide) is unclear."",
    ""uncertainty"": ""70""
  },
  {
    ""atom_type"": 774,
    ""element"": ""C"",
    ""chemical_environment"": ""aliphatic methylene carbon in saturated chain"",
    ""functional_group"": ""alkane (CH2)"",
    ""hybridization"": ""sp3"",
    ""example_molecule_smiles"": ""CCC"",
    ""group_smarts"": ""[CH2]"",
    ""atom_specific_smarts"": ""[CH2]"",
    ""description"": ""Generic saturated CH2 carbon (two hydrogens, two single-bonded neighbors)."",
    ""uncertainty"": ""10""
  },
  {
    ""atom_type"": 775,
    ""element"": ""C"",
    ""chemical_environment"": ""aliphatic methine carbon in saturated chain/branch"",
    ""functional_group"": ""alkane (CH)"",
    ""hybridization"": ""sp3"",
    ""example_molecule_smiles"": ""CC(C)C"",
    ""group_smarts"": ""[CH]"",
    ""atom_specific_smarts"": ""[CH]"",
    ""description"": ""Generic saturated CH carbon (one hydrogen, three single-bonded neighbors)."",
    ""uncertainty"": ""10""
  },
  {
    ""atom_type"": 776,
    ""element"": ""C"",
    ""chemical_environment"": ""aliphatic methyl carbon in saturated chain"",
    ""functional_group"": ""alkane (CH3)"",
    ""hybridization"": ""sp3"",
    ""example_molecule_smiles"": ""CC"",
    ""group_smarts"": ""[CH3]"",
    ""atom_specific_smarts"": ""[CH3]"",
    ""description"": ""Generic saturated CH3 carbon (three hydrogens, one single-bonded heavy-atom neighbor)."",
    ""uncertainty"": ""10""
  },
  {
    ""atom_type"": 782,
    ""element"": ""C"",
    ""chemical_environment"": ""methyl carbon alpha to phosphonium center"",
    ""functional_group"": ""phosphonium alpha carbon (CH3–P+R3)"",
    ""hybridization"": ""sp3"",
    ""example_molecule_smiles"": ""C[P+](C)(C)C"",
    ""group_smarts"": ""[CH3]-[P+]"",
    ""atom_specific_smarts"": ""[CH3]-[P+]"",
    ""description"": ""CH3 directly bonded to a tetracoordinate phosphonium [P+]; neighbors include cationic P(+)."",
    ""uncertainty"": ""25""
  },
  {
    ""atom_type"": 783,
    ""element"": ""C"",
    ""chemical_environment"": ""methylene carbon alpha to phosphonium center"",
    ""functional_group"": ""phosphonium alpha carbon (R–CH2–P+R3)"",
    ""hybridization"": ""sp3"",
    ""example_molecule_smiles"": ""C[P+](C)(C)CC"",
    ""group_smarts"": ""[CH2]-[P+]"",
    ""atom_specific_smarts"": ""[CH2]-[P+]"",
    ""description"": ""CH2 directly bonded to a tetracoordinate phosphonium [P+]; typical of alkyl substituents on phosphonium salts."",
    ""uncertainty"": ""25""
  },
  {
    ""atom_type"": 789,
    ""element"": ""C"",
    ""chemical_environment"": ""methoxy methyl carbon bound through O to a carbonate group"",
    ""functional_group"": ""carbonate ester (RO–C(=O)–OR') methoxy"",
    ""hybridization"": ""sp3"",
    ""example_molecule_smiles"": ""COC(=O)OC"",
    ""group_smarts"": ""[CH3]-O-C(=O)-O"",
    ""atom_specific_smarts"": ""[CH3]-O-C(=O)-O"",
    ""description"": ""Methoxy CH3 attached to an oxygen that is linked to a carbonate carbonyl (O–C(=O)–O)."",
    ""uncertainty"": ""15""
  },
  {
    ""atom_type"": 790,
    ""element"": ""C"",
    ""chemical_environment"": ""ipso aromatic carbon bonded to a trifluoromethyl group"",
    ""functional_group"": ""aryl–CF3 (trifluoromethylbenzene)"",
    ""hybridization"": ""sp2 (aromatic)"",
    ""example_molecule_smiles"": ""c1ccc(cc1)C(F)(F)F"",
    ""group_smarts"": ""[c]-[C](F)(F)F"",
    ""atom_specific_smarts"": ""[c]([C](F)(F)F)"",
    ""description"": ""Aromatic ipso carbon bearing a CF3 substituent."",
    ""uncertainty"": ""15""
  },
  {
    ""atom_type"": 791,
    ""element"": ""C"",
    ""chemical_environment"": ""trifluoromethyl carbon (central carbon of CF3 group)"",
    ""functional_group"": ""trifluoromethyl"",
    ""hybridization"": ""sp3"",
    ""example_molecule_smiles"": ""c1ccc(cc1)C(F)(F)F"",
    ""group_smarts"": ""[C](F)(F)F"",
    ""atom_specific_smarts"": ""[C](F)(F)F"",
    ""description"": ""Carbon bearing three fluorine substituents (CF3), fourth substituent can be H or a heavy atom."",
    ""uncertainty"": ""15""
  },
  {
    ""atom_type"": 793,
    ""element"": ""C"",
    ""chemical_environment"": ""ipso aromatic carbon bonded to a guanidinium-bearing nitrogen"",
    ""functional_group"": ""aryl–guanidinium (phenylguanidinium)"",
    ""hybridization"": ""sp2 (aromatic)"",
    ""example_molecule_smiles"": ""c1ccccc1NC(=N)[NH2+]"",
    ""group_smarts"": ""[c]-[N]-C(=N)-[N+]"",
    ""atom_specific_smarts"": ""[c]([N]-C(=N)-[N+])"",
    ""description"": ""Aromatic ipso carbon attached to an anilide-like nitrogen that is part of a protonated guanidinium moiety; positive charge delocalized on guanidinium."",
    ""uncertainty"": ""35""
  },
  {
    ""atom_type"": 798,
    ""element"": ""C"",
    ""chemical_environment"": ""methane carbon"",
    ""functional_group"": ""alkane (CH4)"",
    ""hybridization"": ""sp3"",
    ""example_molecule_smiles"": ""C"",
    ""group_smarts"": ""[CH4]"",
    ""atom_specific_smarts"": ""[CH4]"",
    ""description"": ""Tetrahydrogenated aliphatic carbon (methane)."",
    ""uncertainty"": ""5""
  },
  {
    ""atom_type"": 903,
    ""element"": ""C"",
    ""chemical_environment"": ""methyl carbon directly bonded to a primary amine nitrogen"",
    ""functional_group"": ""alkyl ammonium precursor (R–CH3 attached to RNH2)"",
    ""hybridization"": ""sp3"",
    ""example_molecule_smiles"": ""CN"",
    ""group_smarts"": ""[CH3]-[NH2]"",
    ""atom_specific_smarts"": ""[CH3]-[NH2]"",
    ""description"": ""CH3 bound to neutral primary amine nitrogen (N with two hydrogens)."",
    ""uncertainty"": ""10""
  },
  {
    ""atom_type"": 904,
    ""element"": ""C"",
    ""chemical_environment"": ""methyl carbon directly bonded to a secondary amine nitrogen"",
    ""functional_group"": ""alkyl amine (R–CH3 attached to R2NH)"",
    ""hybridization"": ""sp3"",
    ""example_molecule_smiles"": ""CN(C)C"",
    ""group_smarts"": ""[CH3]-[NH]"",
    ""atom_specific_smarts"": ""[CH3]-[NH]"",
    ""description"": ""CH3 bound to neutral secondary amine nitrogen (N with one hydrogen)."",
    ""uncertainty"": ""10""
  },
  {
    ""atom_type"": 905,
    ""element"": ""C"",
    ""chemical_environment"": ""methyl carbon directly bonded to a tertiary amine nitrogen"",
    ""functional_group"": ""alkyl amine (R–CH3 attached to R3N)"",
    ""hybridization"": ""sp3"",
    ""example_molecule_smiles"": ""CN(C)C"",
    ""group_smarts"": ""[CH3]-[N;H0]"",
    ""atom_specific_smarts"": ""[CH3]-[N;H0]"",
    ""description"": ""CH3 bound to neutral tertiary amine nitrogen (N with no hydrogens)."",
    ""uncertainty"": ""10""
  },
  {
    ""atom_type"": 906,
    ""element"": ""C"",
    ""chemical_environment"": ""methylene carbon directly bonded to a primary amine nitrogen"",
    ""functional_group"": ""alpha to primary amine (R–CH2–NH2)"",
    ""hybridization"": ""sp3"",
    ""example_molecule_smiles"": ""CCN"",
    ""group_smarts"": ""[CH2]-[NH2]"",
    ""atom_specific_smarts"": ""[CH2]-[NH2]"",
    ""description"": ""CH2 carbon alpha to a neutral primary amine nitrogen."",
    ""uncertainty"": ""10""
  },
  {
    ""atom_type"": 907,
    ""element"": ""C"",
    ""chemical_environment"": ""methylene carbon directly bonded to a secondary amine nitrogen"",
    ""functional_group"": ""alpha to secondary amine (R–CH2–NH–R)"",
    ""hybridization"": ""sp3"",
    ""example_molecule_smiles"": ""CCNCC"",
    ""group_smarts"": ""[CH2]-[NH]"",
    ""atom_specific_smarts"": ""[CH2]-[NH]"",
    ""description"": ""CH2 carbon alpha to a neutral secondary amine nitrogen."",
    ""uncertainty"": ""10""
  },
  {
    ""atom_type"": 908,
    ""element"": ""C"",
    ""chemical_environment"": ""methylene carbon directly bonded to a tertiary amine nitrogen"",
    ""functional_group"": ""alpha to tertiary amine (R–CH2–NR2)"",
    ""hybridization"": ""sp3"",
    ""example_molecule_smiles"": ""CCN(CC)CC"",
    ""group_smarts"": ""[CH2]-[N;H0]"",
    ""atom_specific_smarts"": ""[CH2]-[N;H0]"",
    ""description"": ""CH2 carbon alpha to a neutral tertiary amine nitrogen (no N–H)."",
    ""uncertainty"": ""10""
  }
]"
789,0.18,C  - CT   | methoxy C in carbonate,12.011,oplsaa2024.lt,C,6,"Convert the following OPLS-AA atom type rows:

Atom Type Data:
- Atom index: 766
- Force field raw info: C  - CT   | CT-NO2 2-methyl-2-nitropropane
- Partial charge: 0.2
- Atomic mass: 12.011
- Element guess: C
- Atomic number: 6
- Source file: oplsaa2024.lt


Atom Type Data:
- Atom index: 768
- Force field raw info: C  - CA   | C(NO2) nitrobenzene
- Partial charge: 0.09
- Atomic mass: 12.011
- Element guess: C
- Atomic number: 6
- Source file: oplsaa2024.lt


Atom Type Data:
- Atom index: 769
- Force field raw info: C  - CT   | C of CH2 in PhCH2CN
- Partial charge: 0.035
- Atomic mass: 12.011
- Element guess: C
- Atomic number: 6
- Source file: oplsaa2024.lt


Atom Type Data:
- Atom index: 772
- Force field raw info: C  - C~   | "" C=O Lucienne's
- Partial charge: 0.86
- Atomic mass: 12.011
- Element guess: C
- Atomic number: 6
- Source file: oplsaa2024.lt


Atom Type Data:
- Atom index: 774
- Force field raw info: C  - CT   | "" C in CH2
- Partial charge: 0.21
- Atomic mass: 12.011
- Element guess: C
- Atomic number: 6
- Source file: oplsaa2024.lt


Atom Type Data:
- Atom index: 775
- Force field raw info: C  - CT   | "" C in CH
- Partial charge: 0.16
- Atomic mass: 12.011
- Element guess: C
- Atomic number: 6
- Source file: oplsaa2024.lt


Atom Type Data:
- Atom index: 776
- Force field raw info: C  - CT   | "" C in CH3 see also 789
- Partial charge: -0.1
- Atomic mass: 12.011
- Element guess: C
- Atomic number: 6
- Source file: oplsaa2024.lt


Atom Type Data:
- Atom index: 782
- Force field raw info: C  - CT   | CH3PR3+ 6-31G* CHELPG
- Partial charge: -0.5081
- Atomic mass: 12.011
- Element guess: C
- Atomic number: 6
- Source file: oplsaa2024.lt


Atom Type Data:
- Atom index: 783
- Force field raw info: C  - CT   | RCH2PR3+
- Partial charge: -0.008
- Atomic mass: 12.011
- Element guess: C
- Atomic number: 6
- Source file: oplsaa2024.lt


Atom Type Data:
- Atom index: 789
- Force field raw info: C  - CT   | methoxy C in carbonate
- Partial charge: 0.18
- Atomic mass: 12.011
- Element guess: C
- Atomic number: 6
- Source file: oplsaa2024.lt


Atom Type Data:
- Atom index: 790
- Force field raw info: C  - CA   | C(CF3) trifluoromethylbenzene test
- Partial charge: 0.15
- Atomic mass: 12.011
- Element guess: C
- Atomic number: 6
- Source file: oplsaa2024.lt


Atom Type Data:
- Atom index: 791
- Force field raw info: C  - CF   | CF3 "" test
- Partial charge: 0.45
- Atomic mass: 12.011
- Element guess: C
- Atomic number: 6
- Source file: oplsaa2024.lt


Atom Type Data:
- Atom index: 793
- Force field raw info: C  - CA   | C-ipso phenylguanidinium ion
- Partial charge: 0.38
- Atomic mass: 12.011
- Element guess: C
- Atomic number: 6
- Source file: oplsaa2024.lt


Atom Type Data:
- Atom index: 798
- Force field raw info: C  - CT   | CH4 all-atom C: q = 0
- Partial charge: 0.0
- Atomic mass: 12.011
- Element guess: C
- Atomic number: 6
- Source file: oplsaa2024.lt


Atom Type Data:
- Atom index: 903
- Force field raw info: C  - CT   | CH3(N) primary aliphatic amines, H(C) type 911
- Partial charge: 0.0
- Atomic mass: 12.011
- Element guess: C
- Atomic number: 6
- Source file: oplsaa2024.lt


Atom Type Data:
- Atom index: 904
- Force field raw info: C  - CT   | CH3(N) secondary aliphatic amines, H(C) type 911
- Partial charge: 0.02
- Atomic mass: 12.011
- Element guess: C
- Atomic number: 6
- Source file: oplsaa2024.lt


Atom Type Data:
- Atom index: 905
- Force field raw info: C  - CT   | CH3(N) tertiary aliphatic amines, H(C) type 911
- Partial charge: 0.03
- Atomic mass: 12.011
- Element guess: C
- Atomic number: 6
- Source file: oplsaa2024.lt


Atom Type Data:
- Atom index: 906
- Force field raw info: C  - CT   | CH2(N) primary aliphatic amines, H(C) type 911
- Partial charge: 0.06
- Atomic mass: 12.011
- Element guess: C
- Atomic number: 6
- Source file: oplsaa2024.lt


Atom Type Data:
- Atom index: 907
- Force field raw info: C  - CT   | CH2(N) secondary aliphatic amines, H(C) type 911
- Partial charge: 0.08
- Atomic mass: 12.011
- Element guess: C
- Atomic number: 6
- Source file: oplsaa2024.lt


Atom Type Data:
- Atom index: 908
- Force field raw info: C  - CT   | CH2(N) tertiary aliphatic amines, H(C) type 911
- Partial charge: 0.09
- Atomic mass: 12.011
- Element guess: C
- Atomic number: 6
- Source file: oplsaa2024.lt
","[
  {
    ""atom_type"": 766,
    ""element"": ""C"",
    ""chemical_environment"": ""tertiary aliphatic carbon directly bonded to nitro nitrogen"",
    ""functional_group"": ""nitroalkane (C–N+(=O)O−)"",
    ""hybridization"": ""sp3"",
    ""example_molecule_smiles"": ""CC(C)(C)N(=O)=O"",
    ""group_smarts"": ""[C]-[N+](=O)[O-]"",
    ""atom_specific_smarts"": ""[C;H0](-[#6])(-[#6])(-[#6])-[N+](=O)[O-]"",
    ""description"": ""Quaternary sp3 carbon of tert-alkyl nitro compounds; neighbors: three carbons and a nitro nitrogen [N+](=O)[O-]."",
    ""uncertainty"": ""15""
  },
  {
    ""atom_type"": 768,
    ""element"": ""C"",
    ""chemical_environment"": ""ipso aromatic carbon bonded to nitro group"",
    ""functional_group"": ""aromatic nitro (nitrobenzene-like)"",
    ""hybridization"": ""sp2 (aromatic)"",
    ""example_molecule_smiles"": ""O=[N+]([O-])c1ccccc1"",
    ""group_smarts"": ""[c]-[N+](=O)[O-]"",
    ""atom_specific_smarts"": ""[c]([N+](=O)[O-])"",
    ""description"": ""Aromatic ipso carbon directly attached to a nitro substituent; neighbor nitro nitrogen is cationic [N+](=O)[O-]."",
    ""uncertainty"": ""10""
  },
  {
    ""atom_type"": 769,
    ""element"": ""C"",
    ""chemical_environment"": ""benzylic methylene linking phenyl and nitrile (Ph–CH2–C≡N)"",
    ""functional_group"": ""benzylic alpha to nitrile"",
    ""hybridization"": ""sp3"",
    ""example_molecule_smiles"": ""c1ccccc1CH2C#N"",
    ""group_smarts"": ""[CH2](-c)-C#N"",
    ""atom_specific_smarts"": ""[CH2](-c1ccccc1)-C#N"",
    ""description"": ""Benzylic CH2 attached to an aromatic carbon on one side and to the nitrile carbon (C#N) on the other."",
    ""uncertainty"": ""15""
  },
  {
    ""atom_type"": 772,
    ""element"": ""C"",
    ""chemical_environment"": ""carbonyl carbon (C=O), exact subtype unspecified"",
    ""functional_group"": ""carbonyl (generic C=O)"",
    ""hybridization"": ""sp2"",
    ""example_molecule_smiles"": ""CC(=O)C"",
    ""group_smarts"": ""[C](=O)"",
    ""atom_specific_smarts"": ""[C](=O)"",
    ""description"": ""Trigonal carbonyl carbon; raw note suggests a generic C=O assignment but specific class (aldehyde/ketone/acid/amide) is unclear."",
    ""uncertainty"": ""70""
  },
  {
    ""atom_type"": 774,
    ""element"": ""C"",
    ""chemical_environment"": ""aliphatic methylene carbon in saturated chain"",
    ""functional_group"": ""alkane (CH2)"",
    ""hybridization"": ""sp3"",
    ""example_molecule_smiles"": ""CCC"",
    ""group_smarts"": ""[CH2]"",
    ""atom_specific_smarts"": ""[CH2]"",
    ""description"": ""Generic saturated CH2 carbon (two hydrogens, two single-bonded neighbors)."",
    ""uncertainty"": ""10""
  },
  {
    ""atom_type"": 775,
    ""element"": ""C"",
    ""chemical_environment"": ""aliphatic methine carbon in saturated chain/branch"",
    ""functional_group"": ""alkane (CH)"",
    ""hybridization"": ""sp3"",
    ""example_molecule_smiles"": ""CC(C)C"",
    ""group_smarts"": ""[CH]"",
    ""atom_specific_smarts"": ""[CH]"",
    ""description"": ""Generic saturated CH carbon (one hydrogen, three single-bonded neighbors)."",
    ""uncertainty"": ""10""
  },
  {
    ""atom_type"": 776,
    ""element"": ""C"",
    ""chemical_environment"": ""aliphatic methyl carbon in saturated chain"",
    ""functional_group"": ""alkane (CH3)"",
    ""hybridization"": ""sp3"",
    ""example_molecule_smiles"": ""CC"",
    ""group_smarts"": ""[CH3]"",
    ""atom_specific_smarts"": ""[CH3]"",
    ""description"": ""Generic saturated CH3 carbon (three hydrogens, one single-bonded heavy-atom neighbor)."",
    ""uncertainty"": ""10""
  },
  {
    ""atom_type"": 782,
    ""element"": ""C"",
    ""chemical_environment"": ""methyl carbon alpha to phosphonium center"",
    ""functional_group"": ""phosphonium alpha carbon (CH3–P+R3)"",
    ""hybridization"": ""sp3"",
    ""example_molecule_smiles"": ""C[P+](C)(C)C"",
    ""group_smarts"": ""[CH3]-[P+]"",
    ""atom_specific_smarts"": ""[CH3]-[P+]"",
    ""description"": ""CH3 directly bonded to a tetracoordinate phosphonium [P+]; neighbors include cationic P(+)."",
    ""uncertainty"": ""25""
  },
  {
    ""atom_type"": 783,
    ""element"": ""C"",
    ""chemical_environment"": ""methylene carbon alpha to phosphonium center"",
    ""functional_group"": ""phosphonium alpha carbon (R–CH2–P+R3)"",
    ""hybridization"": ""sp3"",
    ""example_molecule_smiles"": ""C[P+](C)(C)CC"",
    ""group_smarts"": ""[CH2]-[P+]"",
    ""atom_specific_smarts"": ""[CH2]-[P+]"",
    ""description"": ""CH2 directly bonded to a tetracoordinate phosphonium [P+]; typical of alkyl substituents on phosphonium salts."",
    ""uncertainty"": ""25""
  },
  {
    ""atom_type"": 789,
    ""element"": ""C"",
    ""chemical_environment"": ""methoxy methyl carbon bound through O to a carbonate group"",
    ""functional_group"": ""carbonate ester (RO–C(=O)–OR') methoxy"",
    ""hybridization"": ""sp3"",
    ""example_molecule_smiles"": ""COC(=O)OC"",
    ""group_smarts"": ""[CH3]-O-C(=O)-O"",
    ""atom_specific_smarts"": ""[CH3]-O-C(=O)-O"",
    ""description"": ""Methoxy CH3 attached to an oxygen that is linked to a carbonate carbonyl (O–C(=O)–O)."",
    ""uncertainty"": ""15""
  },
  {
    ""atom_type"": 790,
    ""element"": ""C"",
    ""chemical_environment"": ""ipso aromatic carbon bonded to a trifluoromethyl group"",
    ""functional_group"": ""aryl–CF3 (trifluoromethylbenzene)"",
    ""hybridization"": ""sp2 (aromatic)"",
    ""example_molecule_smiles"": ""c1ccc(cc1)C(F)(F)F"",
    ""group_smarts"": ""[c]-[C](F)(F)F"",
    ""atom_specific_smarts"": ""[c]([C](F)(F)F)"",
    ""description"": ""Aromatic ipso carbon bearing a CF3 substituent."",
    ""uncertainty"": ""15""
  },
  {
    ""atom_type"": 791,
    ""element"": ""C"",
    ""chemical_environment"": ""trifluoromethyl carbon (central carbon of CF3 group)"",
    ""functional_group"": ""trifluoromethyl"",
    ""hybridization"": ""sp3"",
    ""example_molecule_smiles"": ""c1ccc(cc1)C(F)(F)F"",
    ""group_smarts"": ""[C](F)(F)F"",
    ""atom_specific_smarts"": ""[C](F)(F)F"",
    ""description"": ""Carbon bearing three fluorine substituents (CF3), fourth substituent can be H or a heavy atom."",
    ""uncertainty"": ""15""
  },
  {
    ""atom_type"": 793,
    ""element"": ""C"",
    ""chemical_environment"": ""ipso aromatic carbon bonded to a guanidinium-bearing nitrogen"",
    ""functional_group"": ""aryl–guanidinium (phenylguanidinium)"",
    ""hybridization"": ""sp2 (aromatic)"",
    ""example_molecule_smiles"": ""c1ccccc1NC(=N)[NH2+]"",
    ""group_smarts"": ""[c]-[N]-C(=N)-[N+]"",
    ""atom_specific_smarts"": ""[c]([N]-C(=N)-[N+])"",
    ""description"": ""Aromatic ipso carbon attached to an anilide-like nitrogen that is part of a protonated guanidinium moiety; positive charge delocalized on guanidinium."",
    ""uncertainty"": ""35""
  },
  {
    ""atom_type"": 798,
    ""element"": ""C"",
    ""chemical_environment"": ""methane carbon"",
    ""functional_group"": ""alkane (CH4)"",
    ""hybridization"": ""sp3"",
    ""example_molecule_smiles"": ""C"",
    ""group_smarts"": ""[CH4]"",
    ""atom_specific_smarts"": ""[CH4]"",
    ""description"": ""Tetrahydrogenated aliphatic carbon (methane)."",
    ""uncertainty"": ""5""
  },
  {
    ""atom_type"": 903,
    ""element"": ""C"",
    ""chemical_environment"": ""methyl carbon directly bonded to a primary amine nitrogen"",
    ""functional_group"": ""alkyl ammonium precursor (R–CH3 attached to RNH2)"",
    ""hybridization"": ""sp3"",
    ""example_molecule_smiles"": ""CN"",
    ""group_smarts"": ""[CH3]-[NH2]"",
    ""atom_specific_smarts"": ""[CH3]-[NH2]"",
    ""description"": ""CH3 bound to neutral primary amine nitrogen (N with two hydrogens)."",
    ""uncertainty"": ""10""
  },
  {
    ""atom_type"": 904,
    ""element"": ""C"",
    ""chemical_environment"": ""methyl carbon directly bonded to a secondary amine nitrogen"",
    ""functional_group"": ""alkyl amine (R–CH3 attached to R2NH)"",
    ""hybridization"": ""sp3"",
    ""example_molecule_smiles"": ""CN(C)C"",
    ""group_smarts"": ""[CH3]-[NH]"",
    ""atom_specific_smarts"": ""[CH3]-[NH]"",
    ""description"": ""CH3 bound to neutral secondary amine nitrogen (N with one hydrogen)."",
    ""uncertainty"": ""10""
  },
  {
    ""atom_type"": 905,
    ""element"": ""C"",
    ""chemical_environment"": ""methyl carbon directly bonded to a tertiary amine nitrogen"",
    ""functional_group"": ""alkyl amine (R–CH3 attached to R3N)"",
    ""hybridization"": ""sp3"",
    ""example_molecule_smiles"": ""CN(C)C"",
    ""group_smarts"": ""[CH3]-[N;H0]"",
    ""atom_specific_smarts"": ""[CH3]-[N;H0]"",
    ""description"": ""CH3 bound to neutral tertiary amine nitrogen (N with no hydrogens)."",
    ""uncertainty"": ""10""
  },
  {
    ""atom_type"": 906,
    ""element"": ""C"",
    ""chemical_environment"": ""methylene carbon directly bonded to a primary amine nitrogen"",
    ""functional_group"": ""alpha to primary amine (R–CH2–NH2)"",
    ""hybridization"": ""sp3"",
    ""example_molecule_smiles"": ""CCN"",
    ""group_smarts"": ""[CH2]-[NH2]"",
    ""atom_specific_smarts"": ""[CH2]-[NH2]"",
    ""description"": ""CH2 carbon alpha to a neutral primary amine nitrogen."",
    ""uncertainty"": ""10""
  },
  {
    ""atom_type"": 907,
    ""element"": ""C"",
    ""chemical_environment"": ""methylene carbon directly bonded to a secondary amine nitrogen"",
    ""functional_group"": ""alpha to secondary amine (R–CH2–NH–R)"",
    ""hybridization"": ""sp3"",
    ""example_molecule_smiles"": ""CCNCC"",
    ""group_smarts"": ""[CH2]-[NH]"",
    ""atom_specific_smarts"": ""[CH2]-[NH]"",
    ""description"": ""CH2 carbon alpha to a neutral secondary amine nitrogen."",
    ""uncertainty"": ""10""
  },
  {
    ""atom_type"": 908,
    ""element"": ""C"",
    ""chemical_environment"": ""methylene carbon directly bonded to a tertiary amine nitrogen"",
    ""functional_group"": ""alpha to tertiary amine (R–CH2–NR2)"",
    ""hybridization"": ""sp3"",
    ""example_molecule_smiles"": ""CCN(CC)CC"",
    ""group_smarts"": ""[CH2]-[N;H0]"",
    ""atom_specific_smarts"": ""[CH2]-[N;H0]"",
    ""description"": ""CH2 carbon alpha to a neutral tertiary amine nitrogen (no N–H)."",
    ""uncertainty"": ""10""
  }
]"
790,0.15,C  - CA   | C(CF3) trifluoromethylbenzene test,12.011,oplsaa2024.lt,C,6,"Convert the following OPLS-AA atom type rows:

Atom Type Data:
- Atom index: 766
- Force field raw info: C  - CT   | CT-NO2 2-methyl-2-nitropropane
- Partial charge: 0.2
- Atomic mass: 12.011
- Element guess: C
- Atomic number: 6
- Source file: oplsaa2024.lt


Atom Type Data:
- Atom index: 768
- Force field raw info: C  - CA   | C(NO2) nitrobenzene
- Partial charge: 0.09
- Atomic mass: 12.011
- Element guess: C
- Atomic number: 6
- Source file: oplsaa2024.lt


Atom Type Data:
- Atom index: 769
- Force field raw info: C  - CT   | C of CH2 in PhCH2CN
- Partial charge: 0.035
- Atomic mass: 12.011
- Element guess: C
- Atomic number: 6
- Source file: oplsaa2024.lt


Atom Type Data:
- Atom index: 772
- Force field raw info: C  - C~   | "" C=O Lucienne's
- Partial charge: 0.86
- Atomic mass: 12.011
- Element guess: C
- Atomic number: 6
- Source file: oplsaa2024.lt


Atom Type Data:
- Atom index: 774
- Force field raw info: C  - CT   | "" C in CH2
- Partial charge: 0.21
- Atomic mass: 12.011
- Element guess: C
- Atomic number: 6
- Source file: oplsaa2024.lt


Atom Type Data:
- Atom index: 775
- Force field raw info: C  - CT   | "" C in CH
- Partial charge: 0.16
- Atomic mass: 12.011
- Element guess: C
- Atomic number: 6
- Source file: oplsaa2024.lt


Atom Type Data:
- Atom index: 776
- Force field raw info: C  - CT   | "" C in CH3 see also 789
- Partial charge: -0.1
- Atomic mass: 12.011
- Element guess: C
- Atomic number: 6
- Source file: oplsaa2024.lt


Atom Type Data:
- Atom index: 782
- Force field raw info: C  - CT   | CH3PR3+ 6-31G* CHELPG
- Partial charge: -0.5081
- Atomic mass: 12.011
- Element guess: C
- Atomic number: 6
- Source file: oplsaa2024.lt


Atom Type Data:
- Atom index: 783
- Force field raw info: C  - CT   | RCH2PR3+
- Partial charge: -0.008
- Atomic mass: 12.011
- Element guess: C
- Atomic number: 6
- Source file: oplsaa2024.lt


Atom Type Data:
- Atom index: 789
- Force field raw info: C  - CT   | methoxy C in carbonate
- Partial charge: 0.18
- Atomic mass: 12.011
- Element guess: C
- Atomic number: 6
- Source file: oplsaa2024.lt


Atom Type Data:
- Atom index: 790
- Force field raw info: C  - CA   | C(CF3) trifluoromethylbenzene test
- Partial charge: 0.15
- Atomic mass: 12.011
- Element guess: C
- Atomic number: 6
- Source file: oplsaa2024.lt


Atom Type Data:
- Atom index: 791
- Force field raw info: C  - CF   | CF3 "" test
- Partial charge: 0.45
- Atomic mass: 12.011
- Element guess: C
- Atomic number: 6
- Source file: oplsaa2024.lt


Atom Type Data:
- Atom index: 793
- Force field raw info: C  - CA   | C-ipso phenylguanidinium ion
- Partial charge: 0.38
- Atomic mass: 12.011
- Element guess: C
- Atomic number: 6
- Source file: oplsaa2024.lt


Atom Type Data:
- Atom index: 798
- Force field raw info: C  - CT   | CH4 all-atom C: q = 0
- Partial charge: 0.0
- Atomic mass: 12.011
- Element guess: C
- Atomic number: 6
- Source file: oplsaa2024.lt


Atom Type Data:
- Atom index: 903
- Force field raw info: C  - CT   | CH3(N) primary aliphatic amines, H(C) type 911
- Partial charge: 0.0
- Atomic mass: 12.011
- Element guess: C
- Atomic number: 6
- Source file: oplsaa2024.lt


Atom Type Data:
- Atom index: 904
- Force field raw info: C  - CT   | CH3(N) secondary aliphatic amines, H(C) type 911
- Partial charge: 0.02
- Atomic mass: 12.011
- Element guess: C
- Atomic number: 6
- Source file: oplsaa2024.lt


Atom Type Data:
- Atom index: 905
- Force field raw info: C  - CT   | CH3(N) tertiary aliphatic amines, H(C) type 911
- Partial charge: 0.03
- Atomic mass: 12.011
- Element guess: C
- Atomic number: 6
- Source file: oplsaa2024.lt


Atom Type Data:
- Atom index: 906
- Force field raw info: C  - CT   | CH2(N) primary aliphatic amines, H(C) type 911
- Partial charge: 0.06
- Atomic mass: 12.011
- Element guess: C
- Atomic number: 6
- Source file: oplsaa2024.lt


Atom Type Data:
- Atom index: 907
- Force field raw info: C  - CT   | CH2(N) secondary aliphatic amines, H(C) type 911
- Partial charge: 0.08
- Atomic mass: 12.011
- Element guess: C
- Atomic number: 6
- Source file: oplsaa2024.lt


Atom Type Data:
- Atom index: 908
- Force field raw info: C  - CT   | CH2(N) tertiary aliphatic amines, H(C) type 911
- Partial charge: 0.09
- Atomic mass: 12.011
- Element guess: C
- Atomic number: 6
- Source file: oplsaa2024.lt
","[
  {
    ""atom_type"": 766,
    ""element"": ""C"",
    ""chemical_environment"": ""tertiary aliphatic carbon directly bonded to nitro nitrogen"",
    ""functional_group"": ""nitroalkane (C–N+(=O)O−)"",
    ""hybridization"": ""sp3"",
    ""example_molecule_smiles"": ""CC(C)(C)N(=O)=O"",
    ""group_smarts"": ""[C]-[N+](=O)[O-]"",
    ""atom_specific_smarts"": ""[C;H0](-[#6])(-[#6])(-[#6])-[N+](=O)[O-]"",
    ""description"": ""Quaternary sp3 carbon of tert-alkyl nitro compounds; neighbors: three carbons and a nitro nitrogen [N+](=O)[O-]."",
    ""uncertainty"": ""15""
  },
  {
    ""atom_type"": 768,
    ""element"": ""C"",
    ""chemical_environment"": ""ipso aromatic carbon bonded to nitro group"",
    ""functional_group"": ""aromatic nitro (nitrobenzene-like)"",
    ""hybridization"": ""sp2 (aromatic)"",
    ""example_molecule_smiles"": ""O=[N+]([O-])c1ccccc1"",
    ""group_smarts"": ""[c]-[N+](=O)[O-]"",
    ""atom_specific_smarts"": ""[c]([N+](=O)[O-])"",
    ""description"": ""Aromatic ipso carbon directly attached to a nitro substituent; neighbor nitro nitrogen is cationic [N+](=O)[O-]."",
    ""uncertainty"": ""10""
  },
  {
    ""atom_type"": 769,
    ""element"": ""C"",
    ""chemical_environment"": ""benzylic methylene linking phenyl and nitrile (Ph–CH2–C≡N)"",
    ""functional_group"": ""benzylic alpha to nitrile"",
    ""hybridization"": ""sp3"",
    ""example_molecule_smiles"": ""c1ccccc1CH2C#N"",
    ""group_smarts"": ""[CH2](-c)-C#N"",
    ""atom_specific_smarts"": ""[CH2](-c1ccccc1)-C#N"",
    ""description"": ""Benzylic CH2 attached to an aromatic carbon on one side and to the nitrile carbon (C#N) on the other."",
    ""uncertainty"": ""15""
  },
  {
    ""atom_type"": 772,
    ""element"": ""C"",
    ""chemical_environment"": ""carbonyl carbon (C=O), exact subtype unspecified"",
    ""functional_group"": ""carbonyl (generic C=O)"",
    ""hybridization"": ""sp2"",
    ""example_molecule_smiles"": ""CC(=O)C"",
    ""group_smarts"": ""[C](=O)"",
    ""atom_specific_smarts"": ""[C](=O)"",
    ""description"": ""Trigonal carbonyl carbon; raw note suggests a generic C=O assignment but specific class (aldehyde/ketone/acid/amide) is unclear."",
    ""uncertainty"": ""70""
  },
  {
    ""atom_type"": 774,
    ""element"": ""C"",
    ""chemical_environment"": ""aliphatic methylene carbon in saturated chain"",
    ""functional_group"": ""alkane (CH2)"",
    ""hybridization"": ""sp3"",
    ""example_molecule_smiles"": ""CCC"",
    ""group_smarts"": ""[CH2]"",
    ""atom_specific_smarts"": ""[CH2]"",
    ""description"": ""Generic saturated CH2 carbon (two hydrogens, two single-bonded neighbors)."",
    ""uncertainty"": ""10""
  },
  {
    ""atom_type"": 775,
    ""element"": ""C"",
    ""chemical_environment"": ""aliphatic methine carbon in saturated chain/branch"",
    ""functional_group"": ""alkane (CH)"",
    ""hybridization"": ""sp3"",
    ""example_molecule_smiles"": ""CC(C)C"",
    ""group_smarts"": ""[CH]"",
    ""atom_specific_smarts"": ""[CH]"",
    ""description"": ""Generic saturated CH carbon (one hydrogen, three single-bonded neighbors)."",
    ""uncertainty"": ""10""
  },
  {
    ""atom_type"": 776,
    ""element"": ""C"",
    ""chemical_environment"": ""aliphatic methyl carbon in saturated chain"",
    ""functional_group"": ""alkane (CH3)"",
    ""hybridization"": ""sp3"",
    ""example_molecule_smiles"": ""CC"",
    ""group_smarts"": ""[CH3]"",
    ""atom_specific_smarts"": ""[CH3]"",
    ""description"": ""Generic saturated CH3 carbon (three hydrogens, one single-bonded heavy-atom neighbor)."",
    ""uncertainty"": ""10""
  },
  {
    ""atom_type"": 782,
    ""element"": ""C"",
    ""chemical_environment"": ""methyl carbon alpha to phosphonium center"",
    ""functional_group"": ""phosphonium alpha carbon (CH3–P+R3)"",
    ""hybridization"": ""sp3"",
    ""example_molecule_smiles"": ""C[P+](C)(C)C"",
    ""group_smarts"": ""[CH3]-[P+]"",
    ""atom_specific_smarts"": ""[CH3]-[P+]"",
    ""description"": ""CH3 directly bonded to a tetracoordinate phosphonium [P+]; neighbors include cationic P(+)."",
    ""uncertainty"": ""25""
  },
  {
    ""atom_type"": 783,
    ""element"": ""C"",
    ""chemical_environment"": ""methylene carbon alpha to phosphonium center"",
    ""functional_group"": ""phosphonium alpha carbon (R–CH2–P+R3)"",
    ""hybridization"": ""sp3"",
    ""example_molecule_smiles"": ""C[P+](C)(C)CC"",
    ""group_smarts"": ""[CH2]-[P+]"",
    ""atom_specific_smarts"": ""[CH2]-[P+]"",
    ""description"": ""CH2 directly bonded to a tetracoordinate phosphonium [P+]; typical of alkyl substituents on phosphonium salts."",
    ""uncertainty"": ""25""
  },
  {
    ""atom_type"": 789,
    ""element"": ""C"",
    ""chemical_environment"": ""methoxy methyl carbon bound through O to a carbonate group"",
    ""functional_group"": ""carbonate ester (RO–C(=O)–OR') methoxy"",
    ""hybridization"": ""sp3"",
    ""example_molecule_smiles"": ""COC(=O)OC"",
    ""group_smarts"": ""[CH3]-O-C(=O)-O"",
    ""atom_specific_smarts"": ""[CH3]-O-C(=O)-O"",
    ""description"": ""Methoxy CH3 attached to an oxygen that is linked to a carbonate carbonyl (O–C(=O)–O)."",
    ""uncertainty"": ""15""
  },
  {
    ""atom_type"": 790,
    ""element"": ""C"",
    ""chemical_environment"": ""ipso aromatic carbon bonded to a trifluoromethyl group"",
    ""functional_group"": ""aryl–CF3 (trifluoromethylbenzene)"",
    ""hybridization"": ""sp2 (aromatic)"",
    ""example_molecule_smiles"": ""c1ccc(cc1)C(F)(F)F"",
    ""group_smarts"": ""[c]-[C](F)(F)F"",
    ""atom_specific_smarts"": ""[c]([C](F)(F)F)"",
    ""description"": ""Aromatic ipso carbon bearing a CF3 substituent."",
    ""uncertainty"": ""15""
  },
  {
    ""atom_type"": 791,
    ""element"": ""C"",
    ""chemical_environment"": ""trifluoromethyl carbon (central carbon of CF3 group)"",
    ""functional_group"": ""trifluoromethyl"",
    ""hybridization"": ""sp3"",
    ""example_molecule_smiles"": ""c1ccc(cc1)C(F)(F)F"",
    ""group_smarts"": ""[C](F)(F)F"",
    ""atom_specific_smarts"": ""[C](F)(F)F"",
    ""description"": ""Carbon bearing three fluorine substituents (CF3), fourth substituent can be H or a heavy atom."",
    ""uncertainty"": ""15""
  },
  {
    ""atom_type"": 793,
    ""element"": ""C"",
    ""chemical_environment"": ""ipso aromatic carbon bonded to a guanidinium-bearing nitrogen"",
    ""functional_group"": ""aryl–guanidinium (phenylguanidinium)"",
    ""hybridization"": ""sp2 (aromatic)"",
    ""example_molecule_smiles"": ""c1ccccc1NC(=N)[NH2+]"",
    ""group_smarts"": ""[c]-[N]-C(=N)-[N+]"",
    ""atom_specific_smarts"": ""[c]([N]-C(=N)-[N+])"",
    ""description"": ""Aromatic ipso carbon attached to an anilide-like nitrogen that is part of a protonated guanidinium moiety; positive charge delocalized on guanidinium."",
    ""uncertainty"": ""35""
  },
  {
    ""atom_type"": 798,
    ""element"": ""C"",
    ""chemical_environment"": ""methane carbon"",
    ""functional_group"": ""alkane (CH4)"",
    ""hybridization"": ""sp3"",
    ""example_molecule_smiles"": ""C"",
    ""group_smarts"": ""[CH4]"",
    ""atom_specific_smarts"": ""[CH4]"",
    ""description"": ""Tetrahydrogenated aliphatic carbon (methane)."",
    ""uncertainty"": ""5""
  },
  {
    ""atom_type"": 903,
    ""element"": ""C"",
    ""chemical_environment"": ""methyl carbon directly bonded to a primary amine nitrogen"",
    ""functional_group"": ""alkyl ammonium precursor (R–CH3 attached to RNH2)"",
    ""hybridization"": ""sp3"",
    ""example_molecule_smiles"": ""CN"",
    ""group_smarts"": ""[CH3]-[NH2]"",
    ""atom_specific_smarts"": ""[CH3]-[NH2]"",
    ""description"": ""CH3 bound to neutral primary amine nitrogen (N with two hydrogens)."",
    ""uncertainty"": ""10""
  },
  {
    ""atom_type"": 904,
    ""element"": ""C"",
    ""chemical_environment"": ""methyl carbon directly bonded to a secondary amine nitrogen"",
    ""functional_group"": ""alkyl amine (R–CH3 attached to R2NH)"",
    ""hybridization"": ""sp3"",
    ""example_molecule_smiles"": ""CN(C)C"",
    ""group_smarts"": ""[CH3]-[NH]"",
    ""atom_specific_smarts"": ""[CH3]-[NH]"",
    ""description"": ""CH3 bound to neutral secondary amine nitrogen (N with one hydrogen)."",
    ""uncertainty"": ""10""
  },
  {
    ""atom_type"": 905,
    ""element"": ""C"",
    ""chemical_environment"": ""methyl carbon directly bonded to a tertiary amine nitrogen"",
    ""functional_group"": ""alkyl amine (R–CH3 attached to R3N)"",
    ""hybridization"": ""sp3"",
    ""example_molecule_smiles"": ""CN(C)C"",
    ""group_smarts"": ""[CH3]-[N;H0]"",
    ""atom_specific_smarts"": ""[CH3]-[N;H0]"",
    ""description"": ""CH3 bound to neutral tertiary amine nitrogen (N with no hydrogens)."",
    ""uncertainty"": ""10""
  },
  {
    ""atom_type"": 906,
    ""element"": ""C"",
    ""chemical_environment"": ""methylene carbon directly bonded to a primary amine nitrogen"",
    ""functional_group"": ""alpha to primary amine (R–CH2–NH2)"",
    ""hybridization"": ""sp3"",
    ""example_molecule_smiles"": ""CCN"",
    ""group_smarts"": ""[CH2]-[NH2]"",
    ""atom_specific_smarts"": ""[CH2]-[NH2]"",
    ""description"": ""CH2 carbon alpha to a neutral primary amine nitrogen."",
    ""uncertainty"": ""10""
  },
  {
    ""atom_type"": 907,
    ""element"": ""C"",
    ""chemical_environment"": ""methylene carbon directly bonded to a secondary amine nitrogen"",
    ""functional_group"": ""alpha to secondary amine (R–CH2–NH–R)"",
    ""hybridization"": ""sp3"",
    ""example_molecule_smiles"": ""CCNCC"",
    ""group_smarts"": ""[CH2]-[NH]"",
    ""atom_specific_smarts"": ""[CH2]-[NH]"",
    ""description"": ""CH2 carbon alpha to a neutral secondary amine nitrogen."",
    ""uncertainty"": ""10""
  },
  {
    ""atom_type"": 908,
    ""element"": ""C"",
    ""chemical_environment"": ""methylene carbon directly bonded to a tertiary amine nitrogen"",
    ""functional_group"": ""alpha to tertiary amine (R–CH2–NR2)"",
    ""hybridization"": ""sp3"",
    ""example_molecule_smiles"": ""CCN(CC)CC"",
    ""group_smarts"": ""[CH2]-[N;H0]"",
    ""atom_specific_smarts"": ""[CH2]-[N;H0]"",
    ""description"": ""CH2 carbon alpha to a neutral tertiary amine nitrogen (no N–H)."",
    ""uncertainty"": ""10""
  }
]"
791,0.45,"C  - CF   | CF3 "" test",12.011,oplsaa2024.lt,C,6,"Convert the following OPLS-AA atom type rows:

Atom Type Data:
- Atom index: 766
- Force field raw info: C  - CT   | CT-NO2 2-methyl-2-nitropropane
- Partial charge: 0.2
- Atomic mass: 12.011
- Element guess: C
- Atomic number: 6
- Source file: oplsaa2024.lt


Atom Type Data:
- Atom index: 768
- Force field raw info: C  - CA   | C(NO2) nitrobenzene
- Partial charge: 0.09
- Atomic mass: 12.011
- Element guess: C
- Atomic number: 6
- Source file: oplsaa2024.lt


Atom Type Data:
- Atom index: 769
- Force field raw info: C  - CT   | C of CH2 in PhCH2CN
- Partial charge: 0.035
- Atomic mass: 12.011
- Element guess: C
- Atomic number: 6
- Source file: oplsaa2024.lt


Atom Type Data:
- Atom index: 772
- Force field raw info: C  - C~   | "" C=O Lucienne's
- Partial charge: 0.86
- Atomic mass: 12.011
- Element guess: C
- Atomic number: 6
- Source file: oplsaa2024.lt


Atom Type Data:
- Atom index: 774
- Force field raw info: C  - CT   | "" C in CH2
- Partial charge: 0.21
- Atomic mass: 12.011
- Element guess: C
- Atomic number: 6
- Source file: oplsaa2024.lt


Atom Type Data:
- Atom index: 775
- Force field raw info: C  - CT   | "" C in CH
- Partial charge: 0.16
- Atomic mass: 12.011
- Element guess: C
- Atomic number: 6
- Source file: oplsaa2024.lt


Atom Type Data:
- Atom index: 776
- Force field raw info: C  - CT   | "" C in CH3 see also 789
- Partial charge: -0.1
- Atomic mass: 12.011
- Element guess: C
- Atomic number: 6
- Source file: oplsaa2024.lt


Atom Type Data:
- Atom index: 782
- Force field raw info: C  - CT   | CH3PR3+ 6-31G* CHELPG
- Partial charge: -0.5081
- Atomic mass: 12.011
- Element guess: C
- Atomic number: 6
- Source file: oplsaa2024.lt


Atom Type Data:
- Atom index: 783
- Force field raw info: C  - CT   | RCH2PR3+
- Partial charge: -0.008
- Atomic mass: 12.011
- Element guess: C
- Atomic number: 6
- Source file: oplsaa2024.lt


Atom Type Data:
- Atom index: 789
- Force field raw info: C  - CT   | methoxy C in carbonate
- Partial charge: 0.18
- Atomic mass: 12.011
- Element guess: C
- Atomic number: 6
- Source file: oplsaa2024.lt


Atom Type Data:
- Atom index: 790
- Force field raw info: C  - CA   | C(CF3) trifluoromethylbenzene test
- Partial charge: 0.15
- Atomic mass: 12.011
- Element guess: C
- Atomic number: 6
- Source file: oplsaa2024.lt


Atom Type Data:
- Atom index: 791
- Force field raw info: C  - CF   | CF3 "" test
- Partial charge: 0.45
- Atomic mass: 12.011
- Element guess: C
- Atomic number: 6
- Source file: oplsaa2024.lt


Atom Type Data:
- Atom index: 793
- Force field raw info: C  - CA   | C-ipso phenylguanidinium ion
- Partial charge: 0.38
- Atomic mass: 12.011
- Element guess: C
- Atomic number: 6
- Source file: oplsaa2024.lt


Atom Type Data:
- Atom index: 798
- Force field raw info: C  - CT   | CH4 all-atom C: q = 0
- Partial charge: 0.0
- Atomic mass: 12.011
- Element guess: C
- Atomic number: 6
- Source file: oplsaa2024.lt


Atom Type Data:
- Atom index: 903
- Force field raw info: C  - CT   | CH3(N) primary aliphatic amines, H(C) type 911
- Partial charge: 0.0
- Atomic mass: 12.011
- Element guess: C
- Atomic number: 6
- Source file: oplsaa2024.lt


Atom Type Data:
- Atom index: 904
- Force field raw info: C  - CT   | CH3(N) secondary aliphatic amines, H(C) type 911
- Partial charge: 0.02
- Atomic mass: 12.011
- Element guess: C
- Atomic number: 6
- Source file: oplsaa2024.lt


Atom Type Data:
- Atom index: 905
- Force field raw info: C  - CT   | CH3(N) tertiary aliphatic amines, H(C) type 911
- Partial charge: 0.03
- Atomic mass: 12.011
- Element guess: C
- Atomic number: 6
- Source file: oplsaa2024.lt


Atom Type Data:
- Atom index: 906
- Force field raw info: C  - CT   | CH2(N) primary aliphatic amines, H(C) type 911
- Partial charge: 0.06
- Atomic mass: 12.011
- Element guess: C
- Atomic number: 6
- Source file: oplsaa2024.lt


Atom Type Data:
- Atom index: 907
- Force field raw info: C  - CT   | CH2(N) secondary aliphatic amines, H(C) type 911
- Partial charge: 0.08
- Atomic mass: 12.011
- Element guess: C
- Atomic number: 6
- Source file: oplsaa2024.lt


Atom Type Data:
- Atom index: 908
- Force field raw info: C  - CT   | CH2(N) tertiary aliphatic amines, H(C) type 911
- Partial charge: 0.09
- Atomic mass: 12.011
- Element guess: C
- Atomic number: 6
- Source file: oplsaa2024.lt
","[
  {
    ""atom_type"": 766,
    ""element"": ""C"",
    ""chemical_environment"": ""tertiary aliphatic carbon directly bonded to nitro nitrogen"",
    ""functional_group"": ""nitroalkane (C–N+(=O)O−)"",
    ""hybridization"": ""sp3"",
    ""example_molecule_smiles"": ""CC(C)(C)N(=O)=O"",
    ""group_smarts"": ""[C]-[N+](=O)[O-]"",
    ""atom_specific_smarts"": ""[C;H0](-[#6])(-[#6])(-[#6])-[N+](=O)[O-]"",
    ""description"": ""Quaternary sp3 carbon of tert-alkyl nitro compounds; neighbors: three carbons and a nitro nitrogen [N+](=O)[O-]."",
    ""uncertainty"": ""15""
  },
  {
    ""atom_type"": 768,
    ""element"": ""C"",
    ""chemical_environment"": ""ipso aromatic carbon bonded to nitro group"",
    ""functional_group"": ""aromatic nitro (nitrobenzene-like)"",
    ""hybridization"": ""sp2 (aromatic)"",
    ""example_molecule_smiles"": ""O=[N+]([O-])c1ccccc1"",
    ""group_smarts"": ""[c]-[N+](=O)[O-]"",
    ""atom_specific_smarts"": ""[c]([N+](=O)[O-])"",
    ""description"": ""Aromatic ipso carbon directly attached to a nitro substituent; neighbor nitro nitrogen is cationic [N+](=O)[O-]."",
    ""uncertainty"": ""10""
  },
  {
    ""atom_type"": 769,
    ""element"": ""C"",
    ""chemical_environment"": ""benzylic methylene linking phenyl and nitrile (Ph–CH2–C≡N)"",
    ""functional_group"": ""benzylic alpha to nitrile"",
    ""hybridization"": ""sp3"",
    ""example_molecule_smiles"": ""c1ccccc1CH2C#N"",
    ""group_smarts"": ""[CH2](-c)-C#N"",
    ""atom_specific_smarts"": ""[CH2](-c1ccccc1)-C#N"",
    ""description"": ""Benzylic CH2 attached to an aromatic carbon on one side and to the nitrile carbon (C#N) on the other."",
    ""uncertainty"": ""15""
  },
  {
    ""atom_type"": 772,
    ""element"": ""C"",
    ""chemical_environment"": ""carbonyl carbon (C=O), exact subtype unspecified"",
    ""functional_group"": ""carbonyl (generic C=O)"",
    ""hybridization"": ""sp2"",
    ""example_molecule_smiles"": ""CC(=O)C"",
    ""group_smarts"": ""[C](=O)"",
    ""atom_specific_smarts"": ""[C](=O)"",
    ""description"": ""Trigonal carbonyl carbon; raw note suggests a generic C=O assignment but specific class (aldehyde/ketone/acid/amide) is unclear."",
    ""uncertainty"": ""70""
  },
  {
    ""atom_type"": 774,
    ""element"": ""C"",
    ""chemical_environment"": ""aliphatic methylene carbon in saturated chain"",
    ""functional_group"": ""alkane (CH2)"",
    ""hybridization"": ""sp3"",
    ""example_molecule_smiles"": ""CCC"",
    ""group_smarts"": ""[CH2]"",
    ""atom_specific_smarts"": ""[CH2]"",
    ""description"": ""Generic saturated CH2 carbon (two hydrogens, two single-bonded neighbors)."",
    ""uncertainty"": ""10""
  },
  {
    ""atom_type"": 775,
    ""element"": ""C"",
    ""chemical_environment"": ""aliphatic methine carbon in saturated chain/branch"",
    ""functional_group"": ""alkane (CH)"",
    ""hybridization"": ""sp3"",
    ""example_molecule_smiles"": ""CC(C)C"",
    ""group_smarts"": ""[CH]"",
    ""atom_specific_smarts"": ""[CH]"",
    ""description"": ""Generic saturated CH carbon (one hydrogen, three single-bonded neighbors)."",
    ""uncertainty"": ""10""
  },
  {
    ""atom_type"": 776,
    ""element"": ""C"",
    ""chemical_environment"": ""aliphatic methyl carbon in saturated chain"",
    ""functional_group"": ""alkane (CH3)"",
    ""hybridization"": ""sp3"",
    ""example_molecule_smiles"": ""CC"",
    ""group_smarts"": ""[CH3]"",
    ""atom_specific_smarts"": ""[CH3]"",
    ""description"": ""Generic saturated CH3 carbon (three hydrogens, one single-bonded heavy-atom neighbor)."",
    ""uncertainty"": ""10""
  },
  {
    ""atom_type"": 782,
    ""element"": ""C"",
    ""chemical_environment"": ""methyl carbon alpha to phosphonium center"",
    ""functional_group"": ""phosphonium alpha carbon (CH3–P+R3)"",
    ""hybridization"": ""sp3"",
    ""example_molecule_smiles"": ""C[P+](C)(C)C"",
    ""group_smarts"": ""[CH3]-[P+]"",
    ""atom_specific_smarts"": ""[CH3]-[P+]"",
    ""description"": ""CH3 directly bonded to a tetracoordinate phosphonium [P+]; neighbors include cationic P(+)."",
    ""uncertainty"": ""25""
  },
  {
    ""atom_type"": 783,
    ""element"": ""C"",
    ""chemical_environment"": ""methylene carbon alpha to phosphonium center"",
    ""functional_group"": ""phosphonium alpha carbon (R–CH2–P+R3)"",
    ""hybridization"": ""sp3"",
    ""example_molecule_smiles"": ""C[P+](C)(C)CC"",
    ""group_smarts"": ""[CH2]-[P+]"",
    ""atom_specific_smarts"": ""[CH2]-[P+]"",
    ""description"": ""CH2 directly bonded to a tetracoordinate phosphonium [P+]; typical of alkyl substituents on phosphonium salts."",
    ""uncertainty"": ""25""
  },
  {
    ""atom_type"": 789,
    ""element"": ""C"",
    ""chemical_environment"": ""methoxy methyl carbon bound through O to a carbonate group"",
    ""functional_group"": ""carbonate ester (RO–C(=O)–OR') methoxy"",
    ""hybridization"": ""sp3"",
    ""example_molecule_smiles"": ""COC(=O)OC"",
    ""group_smarts"": ""[CH3]-O-C(=O)-O"",
    ""atom_specific_smarts"": ""[CH3]-O-C(=O)-O"",
    ""description"": ""Methoxy CH3 attached to an oxygen that is linked to a carbonate carbonyl (O–C(=O)–O)."",
    ""uncertainty"": ""15""
  },
  {
    ""atom_type"": 790,
    ""element"": ""C"",
    ""chemical_environment"": ""ipso aromatic carbon bonded to a trifluoromethyl group"",
    ""functional_group"": ""aryl–CF3 (trifluoromethylbenzene)"",
    ""hybridization"": ""sp2 (aromatic)"",
    ""example_molecule_smiles"": ""c1ccc(cc1)C(F)(F)F"",
    ""group_smarts"": ""[c]-[C](F)(F)F"",
    ""atom_specific_smarts"": ""[c]([C](F)(F)F)"",
    ""description"": ""Aromatic ipso carbon bearing a CF3 substituent."",
    ""uncertainty"": ""15""
  },
  {
    ""atom_type"": 791,
    ""element"": ""C"",
    ""chemical_environment"": ""trifluoromethyl carbon (central carbon of CF3 group)"",
    ""functional_group"": ""trifluoromethyl"",
    ""hybridization"": ""sp3"",
    ""example_molecule_smiles"": ""c1ccc(cc1)C(F)(F)F"",
    ""group_smarts"": ""[C](F)(F)F"",
    ""atom_specific_smarts"": ""[C](F)(F)F"",
    ""description"": ""Carbon bearing three fluorine substituents (CF3), fourth substituent can be H or a heavy atom."",
    ""uncertainty"": ""15""
  },
  {
    ""atom_type"": 793,
    ""element"": ""C"",
    ""chemical_environment"": ""ipso aromatic carbon bonded to a guanidinium-bearing nitrogen"",
    ""functional_group"": ""aryl–guanidinium (phenylguanidinium)"",
    ""hybridization"": ""sp2 (aromatic)"",
    ""example_molecule_smiles"": ""c1ccccc1NC(=N)[NH2+]"",
    ""group_smarts"": ""[c]-[N]-C(=N)-[N+]"",
    ""atom_specific_smarts"": ""[c]([N]-C(=N)-[N+])"",
    ""description"": ""Aromatic ipso carbon attached to an anilide-like nitrogen that is part of a protonated guanidinium moiety; positive charge delocalized on guanidinium."",
    ""uncertainty"": ""35""
  },
  {
    ""atom_type"": 798,
    ""element"": ""C"",
    ""chemical_environment"": ""methane carbon"",
    ""functional_group"": ""alkane (CH4)"",
    ""hybridization"": ""sp3"",
    ""example_molecule_smiles"": ""C"",
    ""group_smarts"": ""[CH4]"",
    ""atom_specific_smarts"": ""[CH4]"",
    ""description"": ""Tetrahydrogenated aliphatic carbon (methane)."",
    ""uncertainty"": ""5""
  },
  {
    ""atom_type"": 903,
    ""element"": ""C"",
    ""chemical_environment"": ""methyl carbon directly bonded to a primary amine nitrogen"",
    ""functional_group"": ""alkyl ammonium precursor (R–CH3 attached to RNH2)"",
    ""hybridization"": ""sp3"",
    ""example_molecule_smiles"": ""CN"",
    ""group_smarts"": ""[CH3]-[NH2]"",
    ""atom_specific_smarts"": ""[CH3]-[NH2]"",
    ""description"": ""CH3 bound to neutral primary amine nitrogen (N with two hydrogens)."",
    ""uncertainty"": ""10""
  },
  {
    ""atom_type"": 904,
    ""element"": ""C"",
    ""chemical_environment"": ""methyl carbon directly bonded to a secondary amine nitrogen"",
    ""functional_group"": ""alkyl amine (R–CH3 attached to R2NH)"",
    ""hybridization"": ""sp3"",
    ""example_molecule_smiles"": ""CN(C)C"",
    ""group_smarts"": ""[CH3]-[NH]"",
    ""atom_specific_smarts"": ""[CH3]-[NH]"",
    ""description"": ""CH3 bound to neutral secondary amine nitrogen (N with one hydrogen)."",
    ""uncertainty"": ""10""
  },
  {
    ""atom_type"": 905,
    ""element"": ""C"",
    ""chemical_environment"": ""methyl carbon directly bonded to a tertiary amine nitrogen"",
    ""functional_group"": ""alkyl amine (R–CH3 attached to R3N)"",
    ""hybridization"": ""sp3"",
    ""example_molecule_smiles"": ""CN(C)C"",
    ""group_smarts"": ""[CH3]-[N;H0]"",
    ""atom_specific_smarts"": ""[CH3]-[N;H0]"",
    ""description"": ""CH3 bound to neutral tertiary amine nitrogen (N with no hydrogens)."",
    ""uncertainty"": ""10""
  },
  {
    ""atom_type"": 906,
    ""element"": ""C"",
    ""chemical_environment"": ""methylene carbon directly bonded to a primary amine nitrogen"",
    ""functional_group"": ""alpha to primary amine (R–CH2–NH2)"",
    ""hybridization"": ""sp3"",
    ""example_molecule_smiles"": ""CCN"",
    ""group_smarts"": ""[CH2]-[NH2]"",
    ""atom_specific_smarts"": ""[CH2]-[NH2]"",
    ""description"": ""CH2 carbon alpha to a neutral primary amine nitrogen."",
    ""uncertainty"": ""10""
  },
  {
    ""atom_type"": 907,
    ""element"": ""C"",
    ""chemical_environment"": ""methylene carbon directly bonded to a secondary amine nitrogen"",
    ""functional_group"": ""alpha to secondary amine (R–CH2–NH–R)"",
    ""hybridization"": ""sp3"",
    ""example_molecule_smiles"": ""CCNCC"",
    ""group_smarts"": ""[CH2]-[NH]"",
    ""atom_specific_smarts"": ""[CH2]-[NH]"",
    ""description"": ""CH2 carbon alpha to a neutral secondary amine nitrogen."",
    ""uncertainty"": ""10""
  },
  {
    ""atom_type"": 908,
    ""element"": ""C"",
    ""chemical_environment"": ""methylene carbon directly bonded to a tertiary amine nitrogen"",
    ""functional_group"": ""alpha to tertiary amine (R–CH2–NR2)"",
    ""hybridization"": ""sp3"",
    ""example_molecule_smiles"": ""CCN(CC)CC"",
    ""group_smarts"": ""[CH2]-[N;H0]"",
    ""atom_specific_smarts"": ""[CH2]-[N;H0]"",
    ""description"": ""CH2 carbon alpha to a neutral tertiary amine nitrogen (no N–H)."",
    ""uncertainty"": ""10""
  }
]"
793,0.38,C  - CA   | C-ipso phenylguanidinium ion,12.011,oplsaa2024.lt,C,6,"Convert the following OPLS-AA atom type rows:

Atom Type Data:
- Atom index: 766
- Force field raw info: C  - CT   | CT-NO2 2-methyl-2-nitropropane
- Partial charge: 0.2
- Atomic mass: 12.011
- Element guess: C
- Atomic number: 6
- Source file: oplsaa2024.lt


Atom Type Data:
- Atom index: 768
- Force field raw info: C  - CA   | C(NO2) nitrobenzene
- Partial charge: 0.09
- Atomic mass: 12.011
- Element guess: C
- Atomic number: 6
- Source file: oplsaa2024.lt


Atom Type Data:
- Atom index: 769
- Force field raw info: C  - CT   | C of CH2 in PhCH2CN
- Partial charge: 0.035
- Atomic mass: 12.011
- Element guess: C
- Atomic number: 6
- Source file: oplsaa2024.lt


Atom Type Data:
- Atom index: 772
- Force field raw info: C  - C~   | "" C=O Lucienne's
- Partial charge: 0.86
- Atomic mass: 12.011
- Element guess: C
- Atomic number: 6
- Source file: oplsaa2024.lt


Atom Type Data:
- Atom index: 774
- Force field raw info: C  - CT   | "" C in CH2
- Partial charge: 0.21
- Atomic mass: 12.011
- Element guess: C
- Atomic number: 6
- Source file: oplsaa2024.lt


Atom Type Data:
- Atom index: 775
- Force field raw info: C  - CT   | "" C in CH
- Partial charge: 0.16
- Atomic mass: 12.011
- Element guess: C
- Atomic number: 6
- Source file: oplsaa2024.lt


Atom Type Data:
- Atom index: 776
- Force field raw info: C  - CT   | "" C in CH3 see also 789
- Partial charge: -0.1
- Atomic mass: 12.011
- Element guess: C
- Atomic number: 6
- Source file: oplsaa2024.lt


Atom Type Data:
- Atom index: 782
- Force field raw info: C  - CT   | CH3PR3+ 6-31G* CHELPG
- Partial charge: -0.5081
- Atomic mass: 12.011
- Element guess: C
- Atomic number: 6
- Source file: oplsaa2024.lt


Atom Type Data:
- Atom index: 783
- Force field raw info: C  - CT   | RCH2PR3+
- Partial charge: -0.008
- Atomic mass: 12.011
- Element guess: C
- Atomic number: 6
- Source file: oplsaa2024.lt


Atom Type Data:
- Atom index: 789
- Force field raw info: C  - CT   | methoxy C in carbonate
- Partial charge: 0.18
- Atomic mass: 12.011
- Element guess: C
- Atomic number: 6
- Source file: oplsaa2024.lt


Atom Type Data:
- Atom index: 790
- Force field raw info: C  - CA   | C(CF3) trifluoromethylbenzene test
- Partial charge: 0.15
- Atomic mass: 12.011
- Element guess: C
- Atomic number: 6
- Source file: oplsaa2024.lt


Atom Type Data:
- Atom index: 791
- Force field raw info: C  - CF   | CF3 "" test
- Partial charge: 0.45
- Atomic mass: 12.011
- Element guess: C
- Atomic number: 6
- Source file: oplsaa2024.lt


Atom Type Data:
- Atom index: 793
- Force field raw info: C  - CA   | C-ipso phenylguanidinium ion
- Partial charge: 0.38
- Atomic mass: 12.011
- Element guess: C
- Atomic number: 6
- Source file: oplsaa2024.lt


Atom Type Data:
- Atom index: 798
- Force field raw info: C  - CT   | CH4 all-atom C: q = 0
- Partial charge: 0.0
- Atomic mass: 12.011
- Element guess: C
- Atomic number: 6
- Source file: oplsaa2024.lt


Atom Type Data:
- Atom index: 903
- Force field raw info: C  - CT   | CH3(N) primary aliphatic amines, H(C) type 911
- Partial charge: 0.0
- Atomic mass: 12.011
- Element guess: C
- Atomic number: 6
- Source file: oplsaa2024.lt


Atom Type Data:
- Atom index: 904
- Force field raw info: C  - CT   | CH3(N) secondary aliphatic amines, H(C) type 911
- Partial charge: 0.02
- Atomic mass: 12.011
- Element guess: C
- Atomic number: 6
- Source file: oplsaa2024.lt


Atom Type Data:
- Atom index: 905
- Force field raw info: C  - CT   | CH3(N) tertiary aliphatic amines, H(C) type 911
- Partial charge: 0.03
- Atomic mass: 12.011
- Element guess: C
- Atomic number: 6
- Source file: oplsaa2024.lt


Atom Type Data:
- Atom index: 906
- Force field raw info: C  - CT   | CH2(N) primary aliphatic amines, H(C) type 911
- Partial charge: 0.06
- Atomic mass: 12.011
- Element guess: C
- Atomic number: 6
- Source file: oplsaa2024.lt


Atom Type Data:
- Atom index: 907
- Force field raw info: C  - CT   | CH2(N) secondary aliphatic amines, H(C) type 911
- Partial charge: 0.08
- Atomic mass: 12.011
- Element guess: C
- Atomic number: 6
- Source file: oplsaa2024.lt


Atom Type Data:
- Atom index: 908
- Force field raw info: C  - CT   | CH2(N) tertiary aliphatic amines, H(C) type 911
- Partial charge: 0.09
- Atomic mass: 12.011
- Element guess: C
- Atomic number: 6
- Source file: oplsaa2024.lt
","[
  {
    ""atom_type"": 766,
    ""element"": ""C"",
    ""chemical_environment"": ""tertiary aliphatic carbon directly bonded to nitro nitrogen"",
    ""functional_group"": ""nitroalkane (C–N+(=O)O−)"",
    ""hybridization"": ""sp3"",
    ""example_molecule_smiles"": ""CC(C)(C)N(=O)=O"",
    ""group_smarts"": ""[C]-[N+](=O)[O-]"",
    ""atom_specific_smarts"": ""[C;H0](-[#6])(-[#6])(-[#6])-[N+](=O)[O-]"",
    ""description"": ""Quaternary sp3 carbon of tert-alkyl nitro compounds; neighbors: three carbons and a nitro nitrogen [N+](=O)[O-]."",
    ""uncertainty"": ""15""
  },
  {
    ""atom_type"": 768,
    ""element"": ""C"",
    ""chemical_environment"": ""ipso aromatic carbon bonded to nitro group"",
    ""functional_group"": ""aromatic nitro (nitrobenzene-like)"",
    ""hybridization"": ""sp2 (aromatic)"",
    ""example_molecule_smiles"": ""O=[N+]([O-])c1ccccc1"",
    ""group_smarts"": ""[c]-[N+](=O)[O-]"",
    ""atom_specific_smarts"": ""[c]([N+](=O)[O-])"",
    ""description"": ""Aromatic ipso carbon directly attached to a nitro substituent; neighbor nitro nitrogen is cationic [N+](=O)[O-]."",
    ""uncertainty"": ""10""
  },
  {
    ""atom_type"": 769,
    ""element"": ""C"",
    ""chemical_environment"": ""benzylic methylene linking phenyl and nitrile (Ph–CH2–C≡N)"",
    ""functional_group"": ""benzylic alpha to nitrile"",
    ""hybridization"": ""sp3"",
    ""example_molecule_smiles"": ""c1ccccc1CH2C#N"",
    ""group_smarts"": ""[CH2](-c)-C#N"",
    ""atom_specific_smarts"": ""[CH2](-c1ccccc1)-C#N"",
    ""description"": ""Benzylic CH2 attached to an aromatic carbon on one side and to the nitrile carbon (C#N) on the other."",
    ""uncertainty"": ""15""
  },
  {
    ""atom_type"": 772,
    ""element"": ""C"",
    ""chemical_environment"": ""carbonyl carbon (C=O), exact subtype unspecified"",
    ""functional_group"": ""carbonyl (generic C=O)"",
    ""hybridization"": ""sp2"",
    ""example_molecule_smiles"": ""CC(=O)C"",
    ""group_smarts"": ""[C](=O)"",
    ""atom_specific_smarts"": ""[C](=O)"",
    ""description"": ""Trigonal carbonyl carbon; raw note suggests a generic C=O assignment but specific class (aldehyde/ketone/acid/amide) is unclear."",
    ""uncertainty"": ""70""
  },
  {
    ""atom_type"": 774,
    ""element"": ""C"",
    ""chemical_environment"": ""aliphatic methylene carbon in saturated chain"",
    ""functional_group"": ""alkane (CH2)"",
    ""hybridization"": ""sp3"",
    ""example_molecule_smiles"": ""CCC"",
    ""group_smarts"": ""[CH2]"",
    ""atom_specific_smarts"": ""[CH2]"",
    ""description"": ""Generic saturated CH2 carbon (two hydrogens, two single-bonded neighbors)."",
    ""uncertainty"": ""10""
  },
  {
    ""atom_type"": 775,
    ""element"": ""C"",
    ""chemical_environment"": ""aliphatic methine carbon in saturated chain/branch"",
    ""functional_group"": ""alkane (CH)"",
    ""hybridization"": ""sp3"",
    ""example_molecule_smiles"": ""CC(C)C"",
    ""group_smarts"": ""[CH]"",
    ""atom_specific_smarts"": ""[CH]"",
    ""description"": ""Generic saturated CH carbon (one hydrogen, three single-bonded neighbors)."",
    ""uncertainty"": ""10""
  },
  {
    ""atom_type"": 776,
    ""element"": ""C"",
    ""chemical_environment"": ""aliphatic methyl carbon in saturated chain"",
    ""functional_group"": ""alkane (CH3)"",
    ""hybridization"": ""sp3"",
    ""example_molecule_smiles"": ""CC"",
    ""group_smarts"": ""[CH3]"",
    ""atom_specific_smarts"": ""[CH3]"",
    ""description"": ""Generic saturated CH3 carbon (three hydrogens, one single-bonded heavy-atom neighbor)."",
    ""uncertainty"": ""10""
  },
  {
    ""atom_type"": 782,
    ""element"": ""C"",
    ""chemical_environment"": ""methyl carbon alpha to phosphonium center"",
    ""functional_group"": ""phosphonium alpha carbon (CH3–P+R3)"",
    ""hybridization"": ""sp3"",
    ""example_molecule_smiles"": ""C[P+](C)(C)C"",
    ""group_smarts"": ""[CH3]-[P+]"",
    ""atom_specific_smarts"": ""[CH3]-[P+]"",
    ""description"": ""CH3 directly bonded to a tetracoordinate phosphonium [P+]; neighbors include cationic P(+)."",
    ""uncertainty"": ""25""
  },
  {
    ""atom_type"": 783,
    ""element"": ""C"",
    ""chemical_environment"": ""methylene carbon alpha to phosphonium center"",
    ""functional_group"": ""phosphonium alpha carbon (R–CH2–P+R3)"",
    ""hybridization"": ""sp3"",
    ""example_molecule_smiles"": ""C[P+](C)(C)CC"",
    ""group_smarts"": ""[CH2]-[P+]"",
    ""atom_specific_smarts"": ""[CH2]-[P+]"",
    ""description"": ""CH2 directly bonded to a tetracoordinate phosphonium [P+]; typical of alkyl substituents on phosphonium salts."",
    ""uncertainty"": ""25""
  },
  {
    ""atom_type"": 789,
    ""element"": ""C"",
    ""chemical_environment"": ""methoxy methyl carbon bound through O to a carbonate group"",
    ""functional_group"": ""carbonate ester (RO–C(=O)–OR') methoxy"",
    ""hybridization"": ""sp3"",
    ""example_molecule_smiles"": ""COC(=O)OC"",
    ""group_smarts"": ""[CH3]-O-C(=O)-O"",
    ""atom_specific_smarts"": ""[CH3]-O-C(=O)-O"",
    ""description"": ""Methoxy CH3 attached to an oxygen that is linked to a carbonate carbonyl (O–C(=O)–O)."",
    ""uncertainty"": ""15""
  },
  {
    ""atom_type"": 790,
    ""element"": ""C"",
    ""chemical_environment"": ""ipso aromatic carbon bonded to a trifluoromethyl group"",
    ""functional_group"": ""aryl–CF3 (trifluoromethylbenzene)"",
    ""hybridization"": ""sp2 (aromatic)"",
    ""example_molecule_smiles"": ""c1ccc(cc1)C(F)(F)F"",
    ""group_smarts"": ""[c]-[C](F)(F)F"",
    ""atom_specific_smarts"": ""[c]([C](F)(F)F)"",
    ""description"": ""Aromatic ipso carbon bearing a CF3 substituent."",
    ""uncertainty"": ""15""
  },
  {
    ""atom_type"": 791,
    ""element"": ""C"",
    ""chemical_environment"": ""trifluoromethyl carbon (central carbon of CF3 group)"",
    ""functional_group"": ""trifluoromethyl"",
    ""hybridization"": ""sp3"",
    ""example_molecule_smiles"": ""c1ccc(cc1)C(F)(F)F"",
    ""group_smarts"": ""[C](F)(F)F"",
    ""atom_specific_smarts"": ""[C](F)(F)F"",
    ""description"": ""Carbon bearing three fluorine substituents (CF3), fourth substituent can be H or a heavy atom."",
    ""uncertainty"": ""15""
  },
  {
    ""atom_type"": 793,
    ""element"": ""C"",
    ""chemical_environment"": ""ipso aromatic carbon bonded to a guanidinium-bearing nitrogen"",
    ""functional_group"": ""aryl–guanidinium (phenylguanidinium)"",
    ""hybridization"": ""sp2 (aromatic)"",
    ""example_molecule_smiles"": ""c1ccccc1NC(=N)[NH2+]"",
    ""group_smarts"": ""[c]-[N]-C(=N)-[N+]"",
    ""atom_specific_smarts"": ""[c]([N]-C(=N)-[N+])"",
    ""description"": ""Aromatic ipso carbon attached to an anilide-like nitrogen that is part of a protonated guanidinium moiety; positive charge delocalized on guanidinium."",
    ""uncertainty"": ""35""
  },
  {
    ""atom_type"": 798,
    ""element"": ""C"",
    ""chemical_environment"": ""methane carbon"",
    ""functional_group"": ""alkane (CH4)"",
    ""hybridization"": ""sp3"",
    ""example_molecule_smiles"": ""C"",
    ""group_smarts"": ""[CH4]"",
    ""atom_specific_smarts"": ""[CH4]"",
    ""description"": ""Tetrahydrogenated aliphatic carbon (methane)."",
    ""uncertainty"": ""5""
  },
  {
    ""atom_type"": 903,
    ""element"": ""C"",
    ""chemical_environment"": ""methyl carbon directly bonded to a primary amine nitrogen"",
    ""functional_group"": ""alkyl ammonium precursor (R–CH3 attached to RNH2)"",
    ""hybridization"": ""sp3"",
    ""example_molecule_smiles"": ""CN"",
    ""group_smarts"": ""[CH3]-[NH2]"",
    ""atom_specific_smarts"": ""[CH3]-[NH2]"",
    ""description"": ""CH3 bound to neutral primary amine nitrogen (N with two hydrogens)."",
    ""uncertainty"": ""10""
  },
  {
    ""atom_type"": 904,
    ""element"": ""C"",
    ""chemical_environment"": ""methyl carbon directly bonded to a secondary amine nitrogen"",
    ""functional_group"": ""alkyl amine (R–CH3 attached to R2NH)"",
    ""hybridization"": ""sp3"",
    ""example_molecule_smiles"": ""CN(C)C"",
    ""group_smarts"": ""[CH3]-[NH]"",
    ""atom_specific_smarts"": ""[CH3]-[NH]"",
    ""description"": ""CH3 bound to neutral secondary amine nitrogen (N with one hydrogen)."",
    ""uncertainty"": ""10""
  },
  {
    ""atom_type"": 905,
    ""element"": ""C"",
    ""chemical_environment"": ""methyl carbon directly bonded to a tertiary amine nitrogen"",
    ""functional_group"": ""alkyl amine (R–CH3 attached to R3N)"",
    ""hybridization"": ""sp3"",
    ""example_molecule_smiles"": ""CN(C)C"",
    ""group_smarts"": ""[CH3]-[N;H0]"",
    ""atom_specific_smarts"": ""[CH3]-[N;H0]"",
    ""description"": ""CH3 bound to neutral tertiary amine nitrogen (N with no hydrogens)."",
    ""uncertainty"": ""10""
  },
  {
    ""atom_type"": 906,
    ""element"": ""C"",
    ""chemical_environment"": ""methylene carbon directly bonded to a primary amine nitrogen"",
    ""functional_group"": ""alpha to primary amine (R–CH2–NH2)"",
    ""hybridization"": ""sp3"",
    ""example_molecule_smiles"": ""CCN"",
    ""group_smarts"": ""[CH2]-[NH2]"",
    ""atom_specific_smarts"": ""[CH2]-[NH2]"",
    ""description"": ""CH2 carbon alpha to a neutral primary amine nitrogen."",
    ""uncertainty"": ""10""
  },
  {
    ""atom_type"": 907,
    ""element"": ""C"",
    ""chemical_environment"": ""methylene carbon directly bonded to a secondary amine nitrogen"",
    ""functional_group"": ""alpha to secondary amine (R–CH2–NH–R)"",
    ""hybridization"": ""sp3"",
    ""example_molecule_smiles"": ""CCNCC"",
    ""group_smarts"": ""[CH2]-[NH]"",
    ""atom_specific_smarts"": ""[CH2]-[NH]"",
    ""description"": ""CH2 carbon alpha to a neutral secondary amine nitrogen."",
    ""uncertainty"": ""10""
  },
  {
    ""atom_type"": 908,
    ""element"": ""C"",
    ""chemical_environment"": ""methylene carbon directly bonded to a tertiary amine nitrogen"",
    ""functional_group"": ""alpha to tertiary amine (R–CH2–NR2)"",
    ""hybridization"": ""sp3"",
    ""example_molecule_smiles"": ""CCN(CC)CC"",
    ""group_smarts"": ""[CH2]-[N;H0]"",
    ""atom_specific_smarts"": ""[CH2]-[N;H0]"",
    ""description"": ""CH2 carbon alpha to a neutral tertiary amine nitrogen (no N–H)."",
    ""uncertainty"": ""10""
  }
]"
798,0.0,C  - CT   | CH4 all-atom C: q = 0,12.011,oplsaa2024.lt,C,6,"Convert the following OPLS-AA atom type rows:

Atom Type Data:
- Atom index: 766
- Force field raw info: C  - CT   | CT-NO2 2-methyl-2-nitropropane
- Partial charge: 0.2
- Atomic mass: 12.011
- Element guess: C
- Atomic number: 6
- Source file: oplsaa2024.lt


Atom Type Data:
- Atom index: 768
- Force field raw info: C  - CA   | C(NO2) nitrobenzene
- Partial charge: 0.09
- Atomic mass: 12.011
- Element guess: C
- Atomic number: 6
- Source file: oplsaa2024.lt


Atom Type Data:
- Atom index: 769
- Force field raw info: C  - CT   | C of CH2 in PhCH2CN
- Partial charge: 0.035
- Atomic mass: 12.011
- Element guess: C
- Atomic number: 6
- Source file: oplsaa2024.lt


Atom Type Data:
- Atom index: 772
- Force field raw info: C  - C~   | "" C=O Lucienne's
- Partial charge: 0.86
- Atomic mass: 12.011
- Element guess: C
- Atomic number: 6
- Source file: oplsaa2024.lt


Atom Type Data:
- Atom index: 774
- Force field raw info: C  - CT   | "" C in CH2
- Partial charge: 0.21
- Atomic mass: 12.011
- Element guess: C
- Atomic number: 6
- Source file: oplsaa2024.lt


Atom Type Data:
- Atom index: 775
- Force field raw info: C  - CT   | "" C in CH
- Partial charge: 0.16
- Atomic mass: 12.011
- Element guess: C
- Atomic number: 6
- Source file: oplsaa2024.lt


Atom Type Data:
- Atom index: 776
- Force field raw info: C  - CT   | "" C in CH3 see also 789
- Partial charge: -0.1
- Atomic mass: 12.011
- Element guess: C
- Atomic number: 6
- Source file: oplsaa2024.lt


Atom Type Data:
- Atom index: 782
- Force field raw info: C  - CT   | CH3PR3+ 6-31G* CHELPG
- Partial charge: -0.5081
- Atomic mass: 12.011
- Element guess: C
- Atomic number: 6
- Source file: oplsaa2024.lt


Atom Type Data:
- Atom index: 783
- Force field raw info: C  - CT   | RCH2PR3+
- Partial charge: -0.008
- Atomic mass: 12.011
- Element guess: C
- Atomic number: 6
- Source file: oplsaa2024.lt


Atom Type Data:
- Atom index: 789
- Force field raw info: C  - CT   | methoxy C in carbonate
- Partial charge: 0.18
- Atomic mass: 12.011
- Element guess: C
- Atomic number: 6
- Source file: oplsaa2024.lt


Atom Type Data:
- Atom index: 790
- Force field raw info: C  - CA   | C(CF3) trifluoromethylbenzene test
- Partial charge: 0.15
- Atomic mass: 12.011
- Element guess: C
- Atomic number: 6
- Source file: oplsaa2024.lt


Atom Type Data:
- Atom index: 791
- Force field raw info: C  - CF   | CF3 "" test
- Partial charge: 0.45
- Atomic mass: 12.011
- Element guess: C
- Atomic number: 6
- Source file: oplsaa2024.lt


Atom Type Data:
- Atom index: 793
- Force field raw info: C  - CA   | C-ipso phenylguanidinium ion
- Partial charge: 0.38
- Atomic mass: 12.011
- Element guess: C
- Atomic number: 6
- Source file: oplsaa2024.lt


Atom Type Data:
- Atom index: 798
- Force field raw info: C  - CT   | CH4 all-atom C: q = 0
- Partial charge: 0.0
- Atomic mass: 12.011
- Element guess: C
- Atomic number: 6
- Source file: oplsaa2024.lt


Atom Type Data:
- Atom index: 903
- Force field raw info: C  - CT   | CH3(N) primary aliphatic amines, H(C) type 911
- Partial charge: 0.0
- Atomic mass: 12.011
- Element guess: C
- Atomic number: 6
- Source file: oplsaa2024.lt


Atom Type Data:
- Atom index: 904
- Force field raw info: C  - CT   | CH3(N) secondary aliphatic amines, H(C) type 911
- Partial charge: 0.02
- Atomic mass: 12.011
- Element guess: C
- Atomic number: 6
- Source file: oplsaa2024.lt


Atom Type Data:
- Atom index: 905
- Force field raw info: C  - CT   | CH3(N) tertiary aliphatic amines, H(C) type 911
- Partial charge: 0.03
- Atomic mass: 12.011
- Element guess: C
- Atomic number: 6
- Source file: oplsaa2024.lt


Atom Type Data:
- Atom index: 906
- Force field raw info: C  - CT   | CH2(N) primary aliphatic amines, H(C) type 911
- Partial charge: 0.06
- Atomic mass: 12.011
- Element guess: C
- Atomic number: 6
- Source file: oplsaa2024.lt


Atom Type Data:
- Atom index: 907
- Force field raw info: C  - CT   | CH2(N) secondary aliphatic amines, H(C) type 911
- Partial charge: 0.08
- Atomic mass: 12.011
- Element guess: C
- Atomic number: 6
- Source file: oplsaa2024.lt


Atom Type Data:
- Atom index: 908
- Force field raw info: C  - CT   | CH2(N) tertiary aliphatic amines, H(C) type 911
- Partial charge: 0.09
- Atomic mass: 12.011
- Element guess: C
- Atomic number: 6
- Source file: oplsaa2024.lt
","[
  {
    ""atom_type"": 766,
    ""element"": ""C"",
    ""chemical_environment"": ""tertiary aliphatic carbon directly bonded to nitro nitrogen"",
    ""functional_group"": ""nitroalkane (C–N+(=O)O−)"",
    ""hybridization"": ""sp3"",
    ""example_molecule_smiles"": ""CC(C)(C)N(=O)=O"",
    ""group_smarts"": ""[C]-[N+](=O)[O-]"",
    ""atom_specific_smarts"": ""[C;H0](-[#6])(-[#6])(-[#6])-[N+](=O)[O-]"",
    ""description"": ""Quaternary sp3 carbon of tert-alkyl nitro compounds; neighbors: three carbons and a nitro nitrogen [N+](=O)[O-]."",
    ""uncertainty"": ""15""
  },
  {
    ""atom_type"": 768,
    ""element"": ""C"",
    ""chemical_environment"": ""ipso aromatic carbon bonded to nitro group"",
    ""functional_group"": ""aromatic nitro (nitrobenzene-like)"",
    ""hybridization"": ""sp2 (aromatic)"",
    ""example_molecule_smiles"": ""O=[N+]([O-])c1ccccc1"",
    ""group_smarts"": ""[c]-[N+](=O)[O-]"",
    ""atom_specific_smarts"": ""[c]([N+](=O)[O-])"",
    ""description"": ""Aromatic ipso carbon directly attached to a nitro substituent; neighbor nitro nitrogen is cationic [N+](=O)[O-]."",
    ""uncertainty"": ""10""
  },
  {
    ""atom_type"": 769,
    ""element"": ""C"",
    ""chemical_environment"": ""benzylic methylene linking phenyl and nitrile (Ph–CH2–C≡N)"",
    ""functional_group"": ""benzylic alpha to nitrile"",
    ""hybridization"": ""sp3"",
    ""example_molecule_smiles"": ""c1ccccc1CH2C#N"",
    ""group_smarts"": ""[CH2](-c)-C#N"",
    ""atom_specific_smarts"": ""[CH2](-c1ccccc1)-C#N"",
    ""description"": ""Benzylic CH2 attached to an aromatic carbon on one side and to the nitrile carbon (C#N) on the other."",
    ""uncertainty"": ""15""
  },
  {
    ""atom_type"": 772,
    ""element"": ""C"",
    ""chemical_environment"": ""carbonyl carbon (C=O), exact subtype unspecified"",
    ""functional_group"": ""carbonyl (generic C=O)"",
    ""hybridization"": ""sp2"",
    ""example_molecule_smiles"": ""CC(=O)C"",
    ""group_smarts"": ""[C](=O)"",
    ""atom_specific_smarts"": ""[C](=O)"",
    ""description"": ""Trigonal carbonyl carbon; raw note suggests a generic C=O assignment but specific class (aldehyde/ketone/acid/amide) is unclear."",
    ""uncertainty"": ""70""
  },
  {
    ""atom_type"": 774,
    ""element"": ""C"",
    ""chemical_environment"": ""aliphatic methylene carbon in saturated chain"",
    ""functional_group"": ""alkane (CH2)"",
    ""hybridization"": ""sp3"",
    ""example_molecule_smiles"": ""CCC"",
    ""group_smarts"": ""[CH2]"",
    ""atom_specific_smarts"": ""[CH2]"",
    ""description"": ""Generic saturated CH2 carbon (two hydrogens, two single-bonded neighbors)."",
    ""uncertainty"": ""10""
  },
  {
    ""atom_type"": 775,
    ""element"": ""C"",
    ""chemical_environment"": ""aliphatic methine carbon in saturated chain/branch"",
    ""functional_group"": ""alkane (CH)"",
    ""hybridization"": ""sp3"",
    ""example_molecule_smiles"": ""CC(C)C"",
    ""group_smarts"": ""[CH]"",
    ""atom_specific_smarts"": ""[CH]"",
    ""description"": ""Generic saturated CH carbon (one hydrogen, three single-bonded neighbors)."",
    ""uncertainty"": ""10""
  },
  {
    ""atom_type"": 776,
    ""element"": ""C"",
    ""chemical_environment"": ""aliphatic methyl carbon in saturated chain"",
    ""functional_group"": ""alkane (CH3)"",
    ""hybridization"": ""sp3"",
    ""example_molecule_smiles"": ""CC"",
    ""group_smarts"": ""[CH3]"",
    ""atom_specific_smarts"": ""[CH3]"",
    ""description"": ""Generic saturated CH3 carbon (three hydrogens, one single-bonded heavy-atom neighbor)."",
    ""uncertainty"": ""10""
  },
  {
    ""atom_type"": 782,
    ""element"": ""C"",
    ""chemical_environment"": ""methyl carbon alpha to phosphonium center"",
    ""functional_group"": ""phosphonium alpha carbon (CH3–P+R3)"",
    ""hybridization"": ""sp3"",
    ""example_molecule_smiles"": ""C[P+](C)(C)C"",
    ""group_smarts"": ""[CH3]-[P+]"",
    ""atom_specific_smarts"": ""[CH3]-[P+]"",
    ""description"": ""CH3 directly bonded to a tetracoordinate phosphonium [P+]; neighbors include cationic P(+)."",
    ""uncertainty"": ""25""
  },
  {
    ""atom_type"": 783,
    ""element"": ""C"",
    ""chemical_environment"": ""methylene carbon alpha to phosphonium center"",
    ""functional_group"": ""phosphonium alpha carbon (R–CH2–P+R3)"",
    ""hybridization"": ""sp3"",
    ""example_molecule_smiles"": ""C[P+](C)(C)CC"",
    ""group_smarts"": ""[CH2]-[P+]"",
    ""atom_specific_smarts"": ""[CH2]-[P+]"",
    ""description"": ""CH2 directly bonded to a tetracoordinate phosphonium [P+]; typical of alkyl substituents on phosphonium salts."",
    ""uncertainty"": ""25""
  },
  {
    ""atom_type"": 789,
    ""element"": ""C"",
    ""chemical_environment"": ""methoxy methyl carbon bound through O to a carbonate group"",
    ""functional_group"": ""carbonate ester (RO–C(=O)–OR') methoxy"",
    ""hybridization"": ""sp3"",
    ""example_molecule_smiles"": ""COC(=O)OC"",
    ""group_smarts"": ""[CH3]-O-C(=O)-O"",
    ""atom_specific_smarts"": ""[CH3]-O-C(=O)-O"",
    ""description"": ""Methoxy CH3 attached to an oxygen that is linked to a carbonate carbonyl (O–C(=O)–O)."",
    ""uncertainty"": ""15""
  },
  {
    ""atom_type"": 790,
    ""element"": ""C"",
    ""chemical_environment"": ""ipso aromatic carbon bonded to a trifluoromethyl group"",
    ""functional_group"": ""aryl–CF3 (trifluoromethylbenzene)"",
    ""hybridization"": ""sp2 (aromatic)"",
    ""example_molecule_smiles"": ""c1ccc(cc1)C(F)(F)F"",
    ""group_smarts"": ""[c]-[C](F)(F)F"",
    ""atom_specific_smarts"": ""[c]([C](F)(F)F)"",
    ""description"": ""Aromatic ipso carbon bearing a CF3 substituent."",
    ""uncertainty"": ""15""
  },
  {
    ""atom_type"": 791,
    ""element"": ""C"",
    ""chemical_environment"": ""trifluoromethyl carbon (central carbon of CF3 group)"",
    ""functional_group"": ""trifluoromethyl"",
    ""hybridization"": ""sp3"",
    ""example_molecule_smiles"": ""c1ccc(cc1)C(F)(F)F"",
    ""group_smarts"": ""[C](F)(F)F"",
    ""atom_specific_smarts"": ""[C](F)(F)F"",
    ""description"": ""Carbon bearing three fluorine substituents (CF3), fourth substituent can be H or a heavy atom."",
    ""uncertainty"": ""15""
  },
  {
    ""atom_type"": 793,
    ""element"": ""C"",
    ""chemical_environment"": ""ipso aromatic carbon bonded to a guanidinium-bearing nitrogen"",
    ""functional_group"": ""aryl–guanidinium (phenylguanidinium)"",
    ""hybridization"": ""sp2 (aromatic)"",
    ""example_molecule_smiles"": ""c1ccccc1NC(=N)[NH2+]"",
    ""group_smarts"": ""[c]-[N]-C(=N)-[N+]"",
    ""atom_specific_smarts"": ""[c]([N]-C(=N)-[N+])"",
    ""description"": ""Aromatic ipso carbon attached to an anilide-like nitrogen that is part of a protonated guanidinium moiety; positive charge delocalized on guanidinium."",
    ""uncertainty"": ""35""
  },
  {
    ""atom_type"": 798,
    ""element"": ""C"",
    ""chemical_environment"": ""methane carbon"",
    ""functional_group"": ""alkane (CH4)"",
    ""hybridization"": ""sp3"",
    ""example_molecule_smiles"": ""C"",
    ""group_smarts"": ""[CH4]"",
    ""atom_specific_smarts"": ""[CH4]"",
    ""description"": ""Tetrahydrogenated aliphatic carbon (methane)."",
    ""uncertainty"": ""5""
  },
  {
    ""atom_type"": 903,
    ""element"": ""C"",
    ""chemical_environment"": ""methyl carbon directly bonded to a primary amine nitrogen"",
    ""functional_group"": ""alkyl ammonium precursor (R–CH3 attached to RNH2)"",
    ""hybridization"": ""sp3"",
    ""example_molecule_smiles"": ""CN"",
    ""group_smarts"": ""[CH3]-[NH2]"",
    ""atom_specific_smarts"": ""[CH3]-[NH2]"",
    ""description"": ""CH3 bound to neutral primary amine nitrogen (N with two hydrogens)."",
    ""uncertainty"": ""10""
  },
  {
    ""atom_type"": 904,
    ""element"": ""C"",
    ""chemical_environment"": ""methyl carbon directly bonded to a secondary amine nitrogen"",
    ""functional_group"": ""alkyl amine (R–CH3 attached to R2NH)"",
    ""hybridization"": ""sp3"",
    ""example_molecule_smiles"": ""CN(C)C"",
    ""group_smarts"": ""[CH3]-[NH]"",
    ""atom_specific_smarts"": ""[CH3]-[NH]"",
    ""description"": ""CH3 bound to neutral secondary amine nitrogen (N with one hydrogen)."",
    ""uncertainty"": ""10""
  },
  {
    ""atom_type"": 905,
    ""element"": ""C"",
    ""chemical_environment"": ""methyl carbon directly bonded to a tertiary amine nitrogen"",
    ""functional_group"": ""alkyl amine (R–CH3 attached to R3N)"",
    ""hybridization"": ""sp3"",
    ""example_molecule_smiles"": ""CN(C)C"",
    ""group_smarts"": ""[CH3]-[N;H0]"",
    ""atom_specific_smarts"": ""[CH3]-[N;H0]"",
    ""description"": ""CH3 bound to neutral tertiary amine nitrogen (N with no hydrogens)."",
    ""uncertainty"": ""10""
  },
  {
    ""atom_type"": 906,
    ""element"": ""C"",
    ""chemical_environment"": ""methylene carbon directly bonded to a primary amine nitrogen"",
    ""functional_group"": ""alpha to primary amine (R–CH2–NH2)"",
    ""hybridization"": ""sp3"",
    ""example_molecule_smiles"": ""CCN"",
    ""group_smarts"": ""[CH2]-[NH2]"",
    ""atom_specific_smarts"": ""[CH2]-[NH2]"",
    ""description"": ""CH2 carbon alpha to a neutral primary amine nitrogen."",
    ""uncertainty"": ""10""
  },
  {
    ""atom_type"": 907,
    ""element"": ""C"",
    ""chemical_environment"": ""methylene carbon directly bonded to a secondary amine nitrogen"",
    ""functional_group"": ""alpha to secondary amine (R–CH2–NH–R)"",
    ""hybridization"": ""sp3"",
    ""example_molecule_smiles"": ""CCNCC"",
    ""group_smarts"": ""[CH2]-[NH]"",
    ""atom_specific_smarts"": ""[CH2]-[NH]"",
    ""description"": ""CH2 carbon alpha to a neutral secondary amine nitrogen."",
    ""uncertainty"": ""10""
  },
  {
    ""atom_type"": 908,
    ""element"": ""C"",
    ""chemical_environment"": ""methylene carbon directly bonded to a tertiary amine nitrogen"",
    ""functional_group"": ""alpha to tertiary amine (R–CH2–NR2)"",
    ""hybridization"": ""sp3"",
    ""example_molecule_smiles"": ""CCN(CC)CC"",
    ""group_smarts"": ""[CH2]-[N;H0]"",
    ""atom_specific_smarts"": ""[CH2]-[N;H0]"",
    ""description"": ""CH2 carbon alpha to a neutral tertiary amine nitrogen (no N–H)."",
    ""uncertainty"": ""10""
  }
]"
903,0.0,"C  - CT   | CH3(N) primary aliphatic amines, H(C) type 911",12.011,oplsaa2024.lt,C,6,"Convert the following OPLS-AA atom type rows:

Atom Type Data:
- Atom index: 766
- Force field raw info: C  - CT   | CT-NO2 2-methyl-2-nitropropane
- Partial charge: 0.2
- Atomic mass: 12.011
- Element guess: C
- Atomic number: 6
- Source file: oplsaa2024.lt


Atom Type Data:
- Atom index: 768
- Force field raw info: C  - CA   | C(NO2) nitrobenzene
- Partial charge: 0.09
- Atomic mass: 12.011
- Element guess: C
- Atomic number: 6
- Source file: oplsaa2024.lt


Atom Type Data:
- Atom index: 769
- Force field raw info: C  - CT   | C of CH2 in PhCH2CN
- Partial charge: 0.035
- Atomic mass: 12.011
- Element guess: C
- Atomic number: 6
- Source file: oplsaa2024.lt


Atom Type Data:
- Atom index: 772
- Force field raw info: C  - C~   | "" C=O Lucienne's
- Partial charge: 0.86
- Atomic mass: 12.011
- Element guess: C
- Atomic number: 6
- Source file: oplsaa2024.lt


Atom Type Data:
- Atom index: 774
- Force field raw info: C  - CT   | "" C in CH2
- Partial charge: 0.21
- Atomic mass: 12.011
- Element guess: C
- Atomic number: 6
- Source file: oplsaa2024.lt


Atom Type Data:
- Atom index: 775
- Force field raw info: C  - CT   | "" C in CH
- Partial charge: 0.16
- Atomic mass: 12.011
- Element guess: C
- Atomic number: 6
- Source file: oplsaa2024.lt


Atom Type Data:
- Atom index: 776
- Force field raw info: C  - CT   | "" C in CH3 see also 789
- Partial charge: -0.1
- Atomic mass: 12.011
- Element guess: C
- Atomic number: 6
- Source file: oplsaa2024.lt


Atom Type Data:
- Atom index: 782
- Force field raw info: C  - CT   | CH3PR3+ 6-31G* CHELPG
- Partial charge: -0.5081
- Atomic mass: 12.011
- Element guess: C
- Atomic number: 6
- Source file: oplsaa2024.lt


Atom Type Data:
- Atom index: 783
- Force field raw info: C  - CT   | RCH2PR3+
- Partial charge: -0.008
- Atomic mass: 12.011
- Element guess: C
- Atomic number: 6
- Source file: oplsaa2024.lt


Atom Type Data:
- Atom index: 789
- Force field raw info: C  - CT   | methoxy C in carbonate
- Partial charge: 0.18
- Atomic mass: 12.011
- Element guess: C
- Atomic number: 6
- Source file: oplsaa2024.lt


Atom Type Data:
- Atom index: 790
- Force field raw info: C  - CA   | C(CF3) trifluoromethylbenzene test
- Partial charge: 0.15
- Atomic mass: 12.011
- Element guess: C
- Atomic number: 6
- Source file: oplsaa2024.lt


Atom Type Data:
- Atom index: 791
- Force field raw info: C  - CF   | CF3 "" test
- Partial charge: 0.45
- Atomic mass: 12.011
- Element guess: C
- Atomic number: 6
- Source file: oplsaa2024.lt


Atom Type Data:
- Atom index: 793
- Force field raw info: C  - CA   | C-ipso phenylguanidinium ion
- Partial charge: 0.38
- Atomic mass: 12.011
- Element guess: C
- Atomic number: 6
- Source file: oplsaa2024.lt


Atom Type Data:
- Atom index: 798
- Force field raw info: C  - CT   | CH4 all-atom C: q = 0
- Partial charge: 0.0
- Atomic mass: 12.011
- Element guess: C
- Atomic number: 6
- Source file: oplsaa2024.lt


Atom Type Data:
- Atom index: 903
- Force field raw info: C  - CT   | CH3(N) primary aliphatic amines, H(C) type 911
- Partial charge: 0.0
- Atomic mass: 12.011
- Element guess: C
- Atomic number: 6
- Source file: oplsaa2024.lt


Atom Type Data:
- Atom index: 904
- Force field raw info: C  - CT   | CH3(N) secondary aliphatic amines, H(C) type 911
- Partial charge: 0.02
- Atomic mass: 12.011
- Element guess: C
- Atomic number: 6
- Source file: oplsaa2024.lt


Atom Type Data:
- Atom index: 905
- Force field raw info: C  - CT   | CH3(N) tertiary aliphatic amines, H(C) type 911
- Partial charge: 0.03
- Atomic mass: 12.011
- Element guess: C
- Atomic number: 6
- Source file: oplsaa2024.lt


Atom Type Data:
- Atom index: 906
- Force field raw info: C  - CT   | CH2(N) primary aliphatic amines, H(C) type 911
- Partial charge: 0.06
- Atomic mass: 12.011
- Element guess: C
- Atomic number: 6
- Source file: oplsaa2024.lt


Atom Type Data:
- Atom index: 907
- Force field raw info: C  - CT   | CH2(N) secondary aliphatic amines, H(C) type 911
- Partial charge: 0.08
- Atomic mass: 12.011
- Element guess: C
- Atomic number: 6
- Source file: oplsaa2024.lt


Atom Type Data:
- Atom index: 908
- Force field raw info: C  - CT   | CH2(N) tertiary aliphatic amines, H(C) type 911
- Partial charge: 0.09
- Atomic mass: 12.011
- Element guess: C
- Atomic number: 6
- Source file: oplsaa2024.lt
","[
  {
    ""atom_type"": 766,
    ""element"": ""C"",
    ""chemical_environment"": ""tertiary aliphatic carbon directly bonded to nitro nitrogen"",
    ""functional_group"": ""nitroalkane (C–N+(=O)O−)"",
    ""hybridization"": ""sp3"",
    ""example_molecule_smiles"": ""CC(C)(C)N(=O)=O"",
    ""group_smarts"": ""[C]-[N+](=O)[O-]"",
    ""atom_specific_smarts"": ""[C;H0](-[#6])(-[#6])(-[#6])-[N+](=O)[O-]"",
    ""description"": ""Quaternary sp3 carbon of tert-alkyl nitro compounds; neighbors: three carbons and a nitro nitrogen [N+](=O)[O-]."",
    ""uncertainty"": ""15""
  },
  {
    ""atom_type"": 768,
    ""element"": ""C"",
    ""chemical_environment"": ""ipso aromatic carbon bonded to nitro group"",
    ""functional_group"": ""aromatic nitro (nitrobenzene-like)"",
    ""hybridization"": ""sp2 (aromatic)"",
    ""example_molecule_smiles"": ""O=[N+]([O-])c1ccccc1"",
    ""group_smarts"": ""[c]-[N+](=O)[O-]"",
    ""atom_specific_smarts"": ""[c]([N+](=O)[O-])"",
    ""description"": ""Aromatic ipso carbon directly attached to a nitro substituent; neighbor nitro nitrogen is cationic [N+](=O)[O-]."",
    ""uncertainty"": ""10""
  },
  {
    ""atom_type"": 769,
    ""element"": ""C"",
    ""chemical_environment"": ""benzylic methylene linking phenyl and nitrile (Ph–CH2–C≡N)"",
    ""functional_group"": ""benzylic alpha to nitrile"",
    ""hybridization"": ""sp3"",
    ""example_molecule_smiles"": ""c1ccccc1CH2C#N"",
    ""group_smarts"": ""[CH2](-c)-C#N"",
    ""atom_specific_smarts"": ""[CH2](-c1ccccc1)-C#N"",
    ""description"": ""Benzylic CH2 attached to an aromatic carbon on one side and to the nitrile carbon (C#N) on the other."",
    ""uncertainty"": ""15""
  },
  {
    ""atom_type"": 772,
    ""element"": ""C"",
    ""chemical_environment"": ""carbonyl carbon (C=O), exact subtype unspecified"",
    ""functional_group"": ""carbonyl (generic C=O)"",
    ""hybridization"": ""sp2"",
    ""example_molecule_smiles"": ""CC(=O)C"",
    ""group_smarts"": ""[C](=O)"",
    ""atom_specific_smarts"": ""[C](=O)"",
    ""description"": ""Trigonal carbonyl carbon; raw note suggests a generic C=O assignment but specific class (aldehyde/ketone/acid/amide) is unclear."",
    ""uncertainty"": ""70""
  },
  {
    ""atom_type"": 774,
    ""element"": ""C"",
    ""chemical_environment"": ""aliphatic methylene carbon in saturated chain"",
    ""functional_group"": ""alkane (CH2)"",
    ""hybridization"": ""sp3"",
    ""example_molecule_smiles"": ""CCC"",
    ""group_smarts"": ""[CH2]"",
    ""atom_specific_smarts"": ""[CH2]"",
    ""description"": ""Generic saturated CH2 carbon (two hydrogens, two single-bonded neighbors)."",
    ""uncertainty"": ""10""
  },
  {
    ""atom_type"": 775,
    ""element"": ""C"",
    ""chemical_environment"": ""aliphatic methine carbon in saturated chain/branch"",
    ""functional_group"": ""alkane (CH)"",
    ""hybridization"": ""sp3"",
    ""example_molecule_smiles"": ""CC(C)C"",
    ""group_smarts"": ""[CH]"",
    ""atom_specific_smarts"": ""[CH]"",
    ""description"": ""Generic saturated CH carbon (one hydrogen, three single-bonded neighbors)."",
    ""uncertainty"": ""10""
  },
  {
    ""atom_type"": 776,
    ""element"": ""C"",
    ""chemical_environment"": ""aliphatic methyl carbon in saturated chain"",
    ""functional_group"": ""alkane (CH3)"",
    ""hybridization"": ""sp3"",
    ""example_molecule_smiles"": ""CC"",
    ""group_smarts"": ""[CH3]"",
    ""atom_specific_smarts"": ""[CH3]"",
    ""description"": ""Generic saturated CH3 carbon (three hydrogens, one single-bonded heavy-atom neighbor)."",
    ""uncertainty"": ""10""
  },
  {
    ""atom_type"": 782,
    ""element"": ""C"",
    ""chemical_environment"": ""methyl carbon alpha to phosphonium center"",
    ""functional_group"": ""phosphonium alpha carbon (CH3–P+R3)"",
    ""hybridization"": ""sp3"",
    ""example_molecule_smiles"": ""C[P+](C)(C)C"",
    ""group_smarts"": ""[CH3]-[P+]"",
    ""atom_specific_smarts"": ""[CH3]-[P+]"",
    ""description"": ""CH3 directly bonded to a tetracoordinate phosphonium [P+]; neighbors include cationic P(+)."",
    ""uncertainty"": ""25""
  },
  {
    ""atom_type"": 783,
    ""element"": ""C"",
    ""chemical_environment"": ""methylene carbon alpha to phosphonium center"",
    ""functional_group"": ""phosphonium alpha carbon (R–CH2–P+R3)"",
    ""hybridization"": ""sp3"",
    ""example_molecule_smiles"": ""C[P+](C)(C)CC"",
    ""group_smarts"": ""[CH2]-[P+]"",
    ""atom_specific_smarts"": ""[CH2]-[P+]"",
    ""description"": ""CH2 directly bonded to a tetracoordinate phosphonium [P+]; typical of alkyl substituents on phosphonium salts."",
    ""uncertainty"": ""25""
  },
  {
    ""atom_type"": 789,
    ""element"": ""C"",
    ""chemical_environment"": ""methoxy methyl carbon bound through O to a carbonate group"",
    ""functional_group"": ""carbonate ester (RO–C(=O)–OR') methoxy"",
    ""hybridization"": ""sp3"",
    ""example_molecule_smiles"": ""COC(=O)OC"",
    ""group_smarts"": ""[CH3]-O-C(=O)-O"",
    ""atom_specific_smarts"": ""[CH3]-O-C(=O)-O"",
    ""description"": ""Methoxy CH3 attached to an oxygen that is linked to a carbonate carbonyl (O–C(=O)–O)."",
    ""uncertainty"": ""15""
  },
  {
    ""atom_type"": 790,
    ""element"": ""C"",
    ""chemical_environment"": ""ipso aromatic carbon bonded to a trifluoromethyl group"",
    ""functional_group"": ""aryl–CF3 (trifluoromethylbenzene)"",
    ""hybridization"": ""sp2 (aromatic)"",
    ""example_molecule_smiles"": ""c1ccc(cc1)C(F)(F)F"",
    ""group_smarts"": ""[c]-[C](F)(F)F"",
    ""atom_specific_smarts"": ""[c]([C](F)(F)F)"",
    ""description"": ""Aromatic ipso carbon bearing a CF3 substituent."",
    ""uncertainty"": ""15""
  },
  {
    ""atom_type"": 791,
    ""element"": ""C"",
    ""chemical_environment"": ""trifluoromethyl carbon (central carbon of CF3 group)"",
    ""functional_group"": ""trifluoromethyl"",
    ""hybridization"": ""sp3"",
    ""example_molecule_smiles"": ""c1ccc(cc1)C(F)(F)F"",
    ""group_smarts"": ""[C](F)(F)F"",
    ""atom_specific_smarts"": ""[C](F)(F)F"",
    ""description"": ""Carbon bearing three fluorine substituents (CF3), fourth substituent can be H or a heavy atom."",
    ""uncertainty"": ""15""
  },
  {
    ""atom_type"": 793,
    ""element"": ""C"",
    ""chemical_environment"": ""ipso aromatic carbon bonded to a guanidinium-bearing nitrogen"",
    ""functional_group"": ""aryl–guanidinium (phenylguanidinium)"",
    ""hybridization"": ""sp2 (aromatic)"",
    ""example_molecule_smiles"": ""c1ccccc1NC(=N)[NH2+]"",
    ""group_smarts"": ""[c]-[N]-C(=N)-[N+]"",
    ""atom_specific_smarts"": ""[c]([N]-C(=N)-[N+])"",
    ""description"": ""Aromatic ipso carbon attached to an anilide-like nitrogen that is part of a protonated guanidinium moiety; positive charge delocalized on guanidinium."",
    ""uncertainty"": ""35""
  },
  {
    ""atom_type"": 798,
    ""element"": ""C"",
    ""chemical_environment"": ""methane carbon"",
    ""functional_group"": ""alkane (CH4)"",
    ""hybridization"": ""sp3"",
    ""example_molecule_smiles"": ""C"",
    ""group_smarts"": ""[CH4]"",
    ""atom_specific_smarts"": ""[CH4]"",
    ""description"": ""Tetrahydrogenated aliphatic carbon (methane)."",
    ""uncertainty"": ""5""
  },
  {
    ""atom_type"": 903,
    ""element"": ""C"",
    ""chemical_environment"": ""methyl carbon directly bonded to a primary amine nitrogen"",
    ""functional_group"": ""alkyl ammonium precursor (R–CH3 attached to RNH2)"",
    ""hybridization"": ""sp3"",
    ""example_molecule_smiles"": ""CN"",
    ""group_smarts"": ""[CH3]-[NH2]"",
    ""atom_specific_smarts"": ""[CH3]-[NH2]"",
    ""description"": ""CH3 bound to neutral primary amine nitrogen (N with two hydrogens)."",
    ""uncertainty"": ""10""
  },
  {
    ""atom_type"": 904,
    ""element"": ""C"",
    ""chemical_environment"": ""methyl carbon directly bonded to a secondary amine nitrogen"",
    ""functional_group"": ""alkyl amine (R–CH3 attached to R2NH)"",
    ""hybridization"": ""sp3"",
    ""example_molecule_smiles"": ""CN(C)C"",
    ""group_smarts"": ""[CH3]-[NH]"",
    ""atom_specific_smarts"": ""[CH3]-[NH]"",
    ""description"": ""CH3 bound to neutral secondary amine nitrogen (N with one hydrogen)."",
    ""uncertainty"": ""10""
  },
  {
    ""atom_type"": 905,
    ""element"": ""C"",
    ""chemical_environment"": ""methyl carbon directly bonded to a tertiary amine nitrogen"",
    ""functional_group"": ""alkyl amine (R–CH3 attached to R3N)"",
    ""hybridization"": ""sp3"",
    ""example_molecule_smiles"": ""CN(C)C"",
    ""group_smarts"": ""[CH3]-[N;H0]"",
    ""atom_specific_smarts"": ""[CH3]-[N;H0]"",
    ""description"": ""CH3 bound to neutral tertiary amine nitrogen (N with no hydrogens)."",
    ""uncertainty"": ""10""
  },
  {
    ""atom_type"": 906,
    ""element"": ""C"",
    ""chemical_environment"": ""methylene carbon directly bonded to a primary amine nitrogen"",
    ""functional_group"": ""alpha to primary amine (R–CH2–NH2)"",
    ""hybridization"": ""sp3"",
    ""example_molecule_smiles"": ""CCN"",
    ""group_smarts"": ""[CH2]-[NH2]"",
    ""atom_specific_smarts"": ""[CH2]-[NH2]"",
    ""description"": ""CH2 carbon alpha to a neutral primary amine nitrogen."",
    ""uncertainty"": ""10""
  },
  {
    ""atom_type"": 907,
    ""element"": ""C"",
    ""chemical_environment"": ""methylene carbon directly bonded to a secondary amine nitrogen"",
    ""functional_group"": ""alpha to secondary amine (R–CH2–NH–R)"",
    ""hybridization"": ""sp3"",
    ""example_molecule_smiles"": ""CCNCC"",
    ""group_smarts"": ""[CH2]-[NH]"",
    ""atom_specific_smarts"": ""[CH2]-[NH]"",
    ""description"": ""CH2 carbon alpha to a neutral secondary amine nitrogen."",
    ""uncertainty"": ""10""
  },
  {
    ""atom_type"": 908,
    ""element"": ""C"",
    ""chemical_environment"": ""methylene carbon directly bonded to a tertiary amine nitrogen"",
    ""functional_group"": ""alpha to tertiary amine (R–CH2–NR2)"",
    ""hybridization"": ""sp3"",
    ""example_molecule_smiles"": ""CCN(CC)CC"",
    ""group_smarts"": ""[CH2]-[N;H0]"",
    ""atom_specific_smarts"": ""[CH2]-[N;H0]"",
    ""description"": ""CH2 carbon alpha to a neutral tertiary amine nitrogen (no N–H)."",
    ""uncertainty"": ""10""
  }
]"
904,0.02,"C  - CT   | CH3(N) secondary aliphatic amines, H(C) type 911",12.011,oplsaa2024.lt,C,6,"Convert the following OPLS-AA atom type rows:

Atom Type Data:
- Atom index: 766
- Force field raw info: C  - CT   | CT-NO2 2-methyl-2-nitropropane
- Partial charge: 0.2
- Atomic mass: 12.011
- Element guess: C
- Atomic number: 6
- Source file: oplsaa2024.lt


Atom Type Data:
- Atom index: 768
- Force field raw info: C  - CA   | C(NO2) nitrobenzene
- Partial charge: 0.09
- Atomic mass: 12.011
- Element guess: C
- Atomic number: 6
- Source file: oplsaa2024.lt


Atom Type Data:
- Atom index: 769
- Force field raw info: C  - CT   | C of CH2 in PhCH2CN
- Partial charge: 0.035
- Atomic mass: 12.011
- Element guess: C
- Atomic number: 6
- Source file: oplsaa2024.lt


Atom Type Data:
- Atom index: 772
- Force field raw info: C  - C~   | "" C=O Lucienne's
- Partial charge: 0.86
- Atomic mass: 12.011
- Element guess: C
- Atomic number: 6
- Source file: oplsaa2024.lt


Atom Type Data:
- Atom index: 774
- Force field raw info: C  - CT   | "" C in CH2
- Partial charge: 0.21
- Atomic mass: 12.011
- Element guess: C
- Atomic number: 6
- Source file: oplsaa2024.lt


Atom Type Data:
- Atom index: 775
- Force field raw info: C  - CT   | "" C in CH
- Partial charge: 0.16
- Atomic mass: 12.011
- Element guess: C
- Atomic number: 6
- Source file: oplsaa2024.lt


Atom Type Data:
- Atom index: 776
- Force field raw info: C  - CT   | "" C in CH3 see also 789
- Partial charge: -0.1
- Atomic mass: 12.011
- Element guess: C
- Atomic number: 6
- Source file: oplsaa2024.lt


Atom Type Data:
- Atom index: 782
- Force field raw info: C  - CT   | CH3PR3+ 6-31G* CHELPG
- Partial charge: -0.5081
- Atomic mass: 12.011
- Element guess: C
- Atomic number: 6
- Source file: oplsaa2024.lt


Atom Type Data:
- Atom index: 783
- Force field raw info: C  - CT   | RCH2PR3+
- Partial charge: -0.008
- Atomic mass: 12.011
- Element guess: C
- Atomic number: 6
- Source file: oplsaa2024.lt


Atom Type Data:
- Atom index: 789
- Force field raw info: C  - CT   | methoxy C in carbonate
- Partial charge: 0.18
- Atomic mass: 12.011
- Element guess: C
- Atomic number: 6
- Source file: oplsaa2024.lt


Atom Type Data:
- Atom index: 790
- Force field raw info: C  - CA   | C(CF3) trifluoromethylbenzene test
- Partial charge: 0.15
- Atomic mass: 12.011
- Element guess: C
- Atomic number: 6
- Source file: oplsaa2024.lt


Atom Type Data:
- Atom index: 791
- Force field raw info: C  - CF   | CF3 "" test
- Partial charge: 0.45
- Atomic mass: 12.011
- Element guess: C
- Atomic number: 6
- Source file: oplsaa2024.lt


Atom Type Data:
- Atom index: 793
- Force field raw info: C  - CA   | C-ipso phenylguanidinium ion
- Partial charge: 0.38
- Atomic mass: 12.011
- Element guess: C
- Atomic number: 6
- Source file: oplsaa2024.lt


Atom Type Data:
- Atom index: 798
- Force field raw info: C  - CT   | CH4 all-atom C: q = 0
- Partial charge: 0.0
- Atomic mass: 12.011
- Element guess: C
- Atomic number: 6
- Source file: oplsaa2024.lt


Atom Type Data:
- Atom index: 903
- Force field raw info: C  - CT   | CH3(N) primary aliphatic amines, H(C) type 911
- Partial charge: 0.0
- Atomic mass: 12.011
- Element guess: C
- Atomic number: 6
- Source file: oplsaa2024.lt


Atom Type Data:
- Atom index: 904
- Force field raw info: C  - CT   | CH3(N) secondary aliphatic amines, H(C) type 911
- Partial charge: 0.02
- Atomic mass: 12.011
- Element guess: C
- Atomic number: 6
- Source file: oplsaa2024.lt


Atom Type Data:
- Atom index: 905
- Force field raw info: C  - CT   | CH3(N) tertiary aliphatic amines, H(C) type 911
- Partial charge: 0.03
- Atomic mass: 12.011
- Element guess: C
- Atomic number: 6
- Source file: oplsaa2024.lt


Atom Type Data:
- Atom index: 906
- Force field raw info: C  - CT   | CH2(N) primary aliphatic amines, H(C) type 911
- Partial charge: 0.06
- Atomic mass: 12.011
- Element guess: C
- Atomic number: 6
- Source file: oplsaa2024.lt


Atom Type Data:
- Atom index: 907
- Force field raw info: C  - CT   | CH2(N) secondary aliphatic amines, H(C) type 911
- Partial charge: 0.08
- Atomic mass: 12.011
- Element guess: C
- Atomic number: 6
- Source file: oplsaa2024.lt


Atom Type Data:
- Atom index: 908
- Force field raw info: C  - CT   | CH2(N) tertiary aliphatic amines, H(C) type 911
- Partial charge: 0.09
- Atomic mass: 12.011
- Element guess: C
- Atomic number: 6
- Source file: oplsaa2024.lt
","[
  {
    ""atom_type"": 766,
    ""element"": ""C"",
    ""chemical_environment"": ""tertiary aliphatic carbon directly bonded to nitro nitrogen"",
    ""functional_group"": ""nitroalkane (C–N+(=O)O−)"",
    ""hybridization"": ""sp3"",
    ""example_molecule_smiles"": ""CC(C)(C)N(=O)=O"",
    ""group_smarts"": ""[C]-[N+](=O)[O-]"",
    ""atom_specific_smarts"": ""[C;H0](-[#6])(-[#6])(-[#6])-[N+](=O)[O-]"",
    ""description"": ""Quaternary sp3 carbon of tert-alkyl nitro compounds; neighbors: three carbons and a nitro nitrogen [N+](=O)[O-]."",
    ""uncertainty"": ""15""
  },
  {
    ""atom_type"": 768,
    ""element"": ""C"",
    ""chemical_environment"": ""ipso aromatic carbon bonded to nitro group"",
    ""functional_group"": ""aromatic nitro (nitrobenzene-like)"",
    ""hybridization"": ""sp2 (aromatic)"",
    ""example_molecule_smiles"": ""O=[N+]([O-])c1ccccc1"",
    ""group_smarts"": ""[c]-[N+](=O)[O-]"",
    ""atom_specific_smarts"": ""[c]([N+](=O)[O-])"",
    ""description"": ""Aromatic ipso carbon directly attached to a nitro substituent; neighbor nitro nitrogen is cationic [N+](=O)[O-]."",
    ""uncertainty"": ""10""
  },
  {
    ""atom_type"": 769,
    ""element"": ""C"",
    ""chemical_environment"": ""benzylic methylene linking phenyl and nitrile (Ph–CH2–C≡N)"",
    ""functional_group"": ""benzylic alpha to nitrile"",
    ""hybridization"": ""sp3"",
    ""example_molecule_smiles"": ""c1ccccc1CH2C#N"",
    ""group_smarts"": ""[CH2](-c)-C#N"",
    ""atom_specific_smarts"": ""[CH2](-c1ccccc1)-C#N"",
    ""description"": ""Benzylic CH2 attached to an aromatic carbon on one side and to the nitrile carbon (C#N) on the other."",
    ""uncertainty"": ""15""
  },
  {
    ""atom_type"": 772,
    ""element"": ""C"",
    ""chemical_environment"": ""carbonyl carbon (C=O), exact subtype unspecified"",
    ""functional_group"": ""carbonyl (generic C=O)"",
    ""hybridization"": ""sp2"",
    ""example_molecule_smiles"": ""CC(=O)C"",
    ""group_smarts"": ""[C](=O)"",
    ""atom_specific_smarts"": ""[C](=O)"",
    ""description"": ""Trigonal carbonyl carbon; raw note suggests a generic C=O assignment but specific class (aldehyde/ketone/acid/amide) is unclear."",
    ""uncertainty"": ""70""
  },
  {
    ""atom_type"": 774,
    ""element"": ""C"",
    ""chemical_environment"": ""aliphatic methylene carbon in saturated chain"",
    ""functional_group"": ""alkane (CH2)"",
    ""hybridization"": ""sp3"",
    ""example_molecule_smiles"": ""CCC"",
    ""group_smarts"": ""[CH2]"",
    ""atom_specific_smarts"": ""[CH2]"",
    ""description"": ""Generic saturated CH2 carbon (two hydrogens, two single-bonded neighbors)."",
    ""uncertainty"": ""10""
  },
  {
    ""atom_type"": 775,
    ""element"": ""C"",
    ""chemical_environment"": ""aliphatic methine carbon in saturated chain/branch"",
    ""functional_group"": ""alkane (CH)"",
    ""hybridization"": ""sp3"",
    ""example_molecule_smiles"": ""CC(C)C"",
    ""group_smarts"": ""[CH]"",
    ""atom_specific_smarts"": ""[CH]"",
    ""description"": ""Generic saturated CH carbon (one hydrogen, three single-bonded neighbors)."",
    ""uncertainty"": ""10""
  },
  {
    ""atom_type"": 776,
    ""element"": ""C"",
    ""chemical_environment"": ""aliphatic methyl carbon in saturated chain"",
    ""functional_group"": ""alkane (CH3)"",
    ""hybridization"": ""sp3"",
    ""example_molecule_smiles"": ""CC"",
    ""group_smarts"": ""[CH3]"",
    ""atom_specific_smarts"": ""[CH3]"",
    ""description"": ""Generic saturated CH3 carbon (three hydrogens, one single-bonded heavy-atom neighbor)."",
    ""uncertainty"": ""10""
  },
  {
    ""atom_type"": 782,
    ""element"": ""C"",
    ""chemical_environment"": ""methyl carbon alpha to phosphonium center"",
    ""functional_group"": ""phosphonium alpha carbon (CH3–P+R3)"",
    ""hybridization"": ""sp3"",
    ""example_molecule_smiles"": ""C[P+](C)(C)C"",
    ""group_smarts"": ""[CH3]-[P+]"",
    ""atom_specific_smarts"": ""[CH3]-[P+]"",
    ""description"": ""CH3 directly bonded to a tetracoordinate phosphonium [P+]; neighbors include cationic P(+)."",
    ""uncertainty"": ""25""
  },
  {
    ""atom_type"": 783,
    ""element"": ""C"",
    ""chemical_environment"": ""methylene carbon alpha to phosphonium center"",
    ""functional_group"": ""phosphonium alpha carbon (R–CH2–P+R3)"",
    ""hybridization"": ""sp3"",
    ""example_molecule_smiles"": ""C[P+](C)(C)CC"",
    ""group_smarts"": ""[CH2]-[P+]"",
    ""atom_specific_smarts"": ""[CH2]-[P+]"",
    ""description"": ""CH2 directly bonded to a tetracoordinate phosphonium [P+]; typical of alkyl substituents on phosphonium salts."",
    ""uncertainty"": ""25""
  },
  {
    ""atom_type"": 789,
    ""element"": ""C"",
    ""chemical_environment"": ""methoxy methyl carbon bound through O to a carbonate group"",
    ""functional_group"": ""carbonate ester (RO–C(=O)–OR') methoxy"",
    ""hybridization"": ""sp3"",
    ""example_molecule_smiles"": ""COC(=O)OC"",
    ""group_smarts"": ""[CH3]-O-C(=O)-O"",
    ""atom_specific_smarts"": ""[CH3]-O-C(=O)-O"",
    ""description"": ""Methoxy CH3 attached to an oxygen that is linked to a carbonate carbonyl (O–C(=O)–O)."",
    ""uncertainty"": ""15""
  },
  {
    ""atom_type"": 790,
    ""element"": ""C"",
    ""chemical_environment"": ""ipso aromatic carbon bonded to a trifluoromethyl group"",
    ""functional_group"": ""aryl–CF3 (trifluoromethylbenzene)"",
    ""hybridization"": ""sp2 (aromatic)"",
    ""example_molecule_smiles"": ""c1ccc(cc1)C(F)(F)F"",
    ""group_smarts"": ""[c]-[C](F)(F)F"",
    ""atom_specific_smarts"": ""[c]([C](F)(F)F)"",
    ""description"": ""Aromatic ipso carbon bearing a CF3 substituent."",
    ""uncertainty"": ""15""
  },
  {
    ""atom_type"": 791,
    ""element"": ""C"",
    ""chemical_environment"": ""trifluoromethyl carbon (central carbon of CF3 group)"",
    ""functional_group"": ""trifluoromethyl"",
    ""hybridization"": ""sp3"",
    ""example_molecule_smiles"": ""c1ccc(cc1)C(F)(F)F"",
    ""group_smarts"": ""[C](F)(F)F"",
    ""atom_specific_smarts"": ""[C](F)(F)F"",
    ""description"": ""Carbon bearing three fluorine substituents (CF3), fourth substituent can be H or a heavy atom."",
    ""uncertainty"": ""15""
  },
  {
    ""atom_type"": 793,
    ""element"": ""C"",
    ""chemical_environment"": ""ipso aromatic carbon bonded to a guanidinium-bearing nitrogen"",
    ""functional_group"": ""aryl–guanidinium (phenylguanidinium)"",
    ""hybridization"": ""sp2 (aromatic)"",
    ""example_molecule_smiles"": ""c1ccccc1NC(=N)[NH2+]"",
    ""group_smarts"": ""[c]-[N]-C(=N)-[N+]"",
    ""atom_specific_smarts"": ""[c]([N]-C(=N)-[N+])"",
    ""description"": ""Aromatic ipso carbon attached to an anilide-like nitrogen that is part of a protonated guanidinium moiety; positive charge delocalized on guanidinium."",
    ""uncertainty"": ""35""
  },
  {
    ""atom_type"": 798,
    ""element"": ""C"",
    ""chemical_environment"": ""methane carbon"",
    ""functional_group"": ""alkane (CH4)"",
    ""hybridization"": ""sp3"",
    ""example_molecule_smiles"": ""C"",
    ""group_smarts"": ""[CH4]"",
    ""atom_specific_smarts"": ""[CH4]"",
    ""description"": ""Tetrahydrogenated aliphatic carbon (methane)."",
    ""uncertainty"": ""5""
  },
  {
    ""atom_type"": 903,
    ""element"": ""C"",
    ""chemical_environment"": ""methyl carbon directly bonded to a primary amine nitrogen"",
    ""functional_group"": ""alkyl ammonium precursor (R–CH3 attached to RNH2)"",
    ""hybridization"": ""sp3"",
    ""example_molecule_smiles"": ""CN"",
    ""group_smarts"": ""[CH3]-[NH2]"",
    ""atom_specific_smarts"": ""[CH3]-[NH2]"",
    ""description"": ""CH3 bound to neutral primary amine nitrogen (N with two hydrogens)."",
    ""uncertainty"": ""10""
  },
  {
    ""atom_type"": 904,
    ""element"": ""C"",
    ""chemical_environment"": ""methyl carbon directly bonded to a secondary amine nitrogen"",
    ""functional_group"": ""alkyl amine (R–CH3 attached to R2NH)"",
    ""hybridization"": ""sp3"",
    ""example_molecule_smiles"": ""CN(C)C"",
    ""group_smarts"": ""[CH3]-[NH]"",
    ""atom_specific_smarts"": ""[CH3]-[NH]"",
    ""description"": ""CH3 bound to neutral secondary amine nitrogen (N with one hydrogen)."",
    ""uncertainty"": ""10""
  },
  {
    ""atom_type"": 905,
    ""element"": ""C"",
    ""chemical_environment"": ""methyl carbon directly bonded to a tertiary amine nitrogen"",
    ""functional_group"": ""alkyl amine (R–CH3 attached to R3N)"",
    ""hybridization"": ""sp3"",
    ""example_molecule_smiles"": ""CN(C)C"",
    ""group_smarts"": ""[CH3]-[N;H0]"",
    ""atom_specific_smarts"": ""[CH3]-[N;H0]"",
    ""description"": ""CH3 bound to neutral tertiary amine nitrogen (N with no hydrogens)."",
    ""uncertainty"": ""10""
  },
  {
    ""atom_type"": 906,
    ""element"": ""C"",
    ""chemical_environment"": ""methylene carbon directly bonded to a primary amine nitrogen"",
    ""functional_group"": ""alpha to primary amine (R–CH2–NH2)"",
    ""hybridization"": ""sp3"",
    ""example_molecule_smiles"": ""CCN"",
    ""group_smarts"": ""[CH2]-[NH2]"",
    ""atom_specific_smarts"": ""[CH2]-[NH2]"",
    ""description"": ""CH2 carbon alpha to a neutral primary amine nitrogen."",
    ""uncertainty"": ""10""
  },
  {
    ""atom_type"": 907,
    ""element"": ""C"",
    ""chemical_environment"": ""methylene carbon directly bonded to a secondary amine nitrogen"",
    ""functional_group"": ""alpha to secondary amine (R–CH2–NH–R)"",
    ""hybridization"": ""sp3"",
    ""example_molecule_smiles"": ""CCNCC"",
    ""group_smarts"": ""[CH2]-[NH]"",
    ""atom_specific_smarts"": ""[CH2]-[NH]"",
    ""description"": ""CH2 carbon alpha to a neutral secondary amine nitrogen."",
    ""uncertainty"": ""10""
  },
  {
    ""atom_type"": 908,
    ""element"": ""C"",
    ""chemical_environment"": ""methylene carbon directly bonded to a tertiary amine nitrogen"",
    ""functional_group"": ""alpha to tertiary amine (R–CH2–NR2)"",
    ""hybridization"": ""sp3"",
    ""example_molecule_smiles"": ""CCN(CC)CC"",
    ""group_smarts"": ""[CH2]-[N;H0]"",
    ""atom_specific_smarts"": ""[CH2]-[N;H0]"",
    ""description"": ""CH2 carbon alpha to a neutral tertiary amine nitrogen (no N–H)."",
    ""uncertainty"": ""10""
  }
]"
905,0.03,"C  - CT   | CH3(N) tertiary aliphatic amines, H(C) type 911",12.011,oplsaa2024.lt,C,6,"Convert the following OPLS-AA atom type rows:

Atom Type Data:
- Atom index: 766
- Force field raw info: C  - CT   | CT-NO2 2-methyl-2-nitropropane
- Partial charge: 0.2
- Atomic mass: 12.011
- Element guess: C
- Atomic number: 6
- Source file: oplsaa2024.lt


Atom Type Data:
- Atom index: 768
- Force field raw info: C  - CA   | C(NO2) nitrobenzene
- Partial charge: 0.09
- Atomic mass: 12.011
- Element guess: C
- Atomic number: 6
- Source file: oplsaa2024.lt


Atom Type Data:
- Atom index: 769
- Force field raw info: C  - CT   | C of CH2 in PhCH2CN
- Partial charge: 0.035
- Atomic mass: 12.011
- Element guess: C
- Atomic number: 6
- Source file: oplsaa2024.lt


Atom Type Data:
- Atom index: 772
- Force field raw info: C  - C~   | "" C=O Lucienne's
- Partial charge: 0.86
- Atomic mass: 12.011
- Element guess: C
- Atomic number: 6
- Source file: oplsaa2024.lt


Atom Type Data:
- Atom index: 774
- Force field raw info: C  - CT   | "" C in CH2
- Partial charge: 0.21
- Atomic mass: 12.011
- Element guess: C
- Atomic number: 6
- Source file: oplsaa2024.lt


Atom Type Data:
- Atom index: 775
- Force field raw info: C  - CT   | "" C in CH
- Partial charge: 0.16
- Atomic mass: 12.011
- Element guess: C
- Atomic number: 6
- Source file: oplsaa2024.lt


Atom Type Data:
- Atom index: 776
- Force field raw info: C  - CT   | "" C in CH3 see also 789
- Partial charge: -0.1
- Atomic mass: 12.011
- Element guess: C
- Atomic number: 6
- Source file: oplsaa2024.lt


Atom Type Data:
- Atom index: 782
- Force field raw info: C  - CT   | CH3PR3+ 6-31G* CHELPG
- Partial charge: -0.5081
- Atomic mass: 12.011
- Element guess: C
- Atomic number: 6
- Source file: oplsaa2024.lt


Atom Type Data:
- Atom index: 783
- Force field raw info: C  - CT   | RCH2PR3+
- Partial charge: -0.008
- Atomic mass: 12.011
- Element guess: C
- Atomic number: 6
- Source file: oplsaa2024.lt


Atom Type Data:
- Atom index: 789
- Force field raw info: C  - CT   | methoxy C in carbonate
- Partial charge: 0.18
- Atomic mass: 12.011
- Element guess: C
- Atomic number: 6
- Source file: oplsaa2024.lt


Atom Type Data:
- Atom index: 790
- Force field raw info: C  - CA   | C(CF3) trifluoromethylbenzene test
- Partial charge: 0.15
- Atomic mass: 12.011
- Element guess: C
- Atomic number: 6
- Source file: oplsaa2024.lt


Atom Type Data:
- Atom index: 791
- Force field raw info: C  - CF   | CF3 "" test
- Partial charge: 0.45
- Atomic mass: 12.011
- Element guess: C
- Atomic number: 6
- Source file: oplsaa2024.lt


Atom Type Data:
- Atom index: 793
- Force field raw info: C  - CA   | C-ipso phenylguanidinium ion
- Partial charge: 0.38
- Atomic mass: 12.011
- Element guess: C
- Atomic number: 6
- Source file: oplsaa2024.lt


Atom Type Data:
- Atom index: 798
- Force field raw info: C  - CT   | CH4 all-atom C: q = 0
- Partial charge: 0.0
- Atomic mass: 12.011
- Element guess: C
- Atomic number: 6
- Source file: oplsaa2024.lt


Atom Type Data:
- Atom index: 903
- Force field raw info: C  - CT   | CH3(N) primary aliphatic amines, H(C) type 911
- Partial charge: 0.0
- Atomic mass: 12.011
- Element guess: C
- Atomic number: 6
- Source file: oplsaa2024.lt


Atom Type Data:
- Atom index: 904
- Force field raw info: C  - CT   | CH3(N) secondary aliphatic amines, H(C) type 911
- Partial charge: 0.02
- Atomic mass: 12.011
- Element guess: C
- Atomic number: 6
- Source file: oplsaa2024.lt


Atom Type Data:
- Atom index: 905
- Force field raw info: C  - CT   | CH3(N) tertiary aliphatic amines, H(C) type 911
- Partial charge: 0.03
- Atomic mass: 12.011
- Element guess: C
- Atomic number: 6
- Source file: oplsaa2024.lt


Atom Type Data:
- Atom index: 906
- Force field raw info: C  - CT   | CH2(N) primary aliphatic amines, H(C) type 911
- Partial charge: 0.06
- Atomic mass: 12.011
- Element guess: C
- Atomic number: 6
- Source file: oplsaa2024.lt


Atom Type Data:
- Atom index: 907
- Force field raw info: C  - CT   | CH2(N) secondary aliphatic amines, H(C) type 911
- Partial charge: 0.08
- Atomic mass: 12.011
- Element guess: C
- Atomic number: 6
- Source file: oplsaa2024.lt


Atom Type Data:
- Atom index: 908
- Force field raw info: C  - CT   | CH2(N) tertiary aliphatic amines, H(C) type 911
- Partial charge: 0.09
- Atomic mass: 12.011
- Element guess: C
- Atomic number: 6
- Source file: oplsaa2024.lt
","[
  {
    ""atom_type"": 766,
    ""element"": ""C"",
    ""chemical_environment"": ""tertiary aliphatic carbon directly bonded to nitro nitrogen"",
    ""functional_group"": ""nitroalkane (C–N+(=O)O−)"",
    ""hybridization"": ""sp3"",
    ""example_molecule_smiles"": ""CC(C)(C)N(=O)=O"",
    ""group_smarts"": ""[C]-[N+](=O)[O-]"",
    ""atom_specific_smarts"": ""[C;H0](-[#6])(-[#6])(-[#6])-[N+](=O)[O-]"",
    ""description"": ""Quaternary sp3 carbon of tert-alkyl nitro compounds; neighbors: three carbons and a nitro nitrogen [N+](=O)[O-]."",
    ""uncertainty"": ""15""
  },
  {
    ""atom_type"": 768,
    ""element"": ""C"",
    ""chemical_environment"": ""ipso aromatic carbon bonded to nitro group"",
    ""functional_group"": ""aromatic nitro (nitrobenzene-like)"",
    ""hybridization"": ""sp2 (aromatic)"",
    ""example_molecule_smiles"": ""O=[N+]([O-])c1ccccc1"",
    ""group_smarts"": ""[c]-[N+](=O)[O-]"",
    ""atom_specific_smarts"": ""[c]([N+](=O)[O-])"",
    ""description"": ""Aromatic ipso carbon directly attached to a nitro substituent; neighbor nitro nitrogen is cationic [N+](=O)[O-]."",
    ""uncertainty"": ""10""
  },
  {
    ""atom_type"": 769,
    ""element"": ""C"",
    ""chemical_environment"": ""benzylic methylene linking phenyl and nitrile (Ph–CH2–C≡N)"",
    ""functional_group"": ""benzylic alpha to nitrile"",
    ""hybridization"": ""sp3"",
    ""example_molecule_smiles"": ""c1ccccc1CH2C#N"",
    ""group_smarts"": ""[CH2](-c)-C#N"",
    ""atom_specific_smarts"": ""[CH2](-c1ccccc1)-C#N"",
    ""description"": ""Benzylic CH2 attached to an aromatic carbon on one side and to the nitrile carbon (C#N) on the other."",
    ""uncertainty"": ""15""
  },
  {
    ""atom_type"": 772,
    ""element"": ""C"",
    ""chemical_environment"": ""carbonyl carbon (C=O), exact subtype unspecified"",
    ""functional_group"": ""carbonyl (generic C=O)"",
    ""hybridization"": ""sp2"",
    ""example_molecule_smiles"": ""CC(=O)C"",
    ""group_smarts"": ""[C](=O)"",
    ""atom_specific_smarts"": ""[C](=O)"",
    ""description"": ""Trigonal carbonyl carbon; raw note suggests a generic C=O assignment but specific class (aldehyde/ketone/acid/amide) is unclear."",
    ""uncertainty"": ""70""
  },
  {
    ""atom_type"": 774,
    ""element"": ""C"",
    ""chemical_environment"": ""aliphatic methylene carbon in saturated chain"",
    ""functional_group"": ""alkane (CH2)"",
    ""hybridization"": ""sp3"",
    ""example_molecule_smiles"": ""CCC"",
    ""group_smarts"": ""[CH2]"",
    ""atom_specific_smarts"": ""[CH2]"",
    ""description"": ""Generic saturated CH2 carbon (two hydrogens, two single-bonded neighbors)."",
    ""uncertainty"": ""10""
  },
  {
    ""atom_type"": 775,
    ""element"": ""C"",
    ""chemical_environment"": ""aliphatic methine carbon in saturated chain/branch"",
    ""functional_group"": ""alkane (CH)"",
    ""hybridization"": ""sp3"",
    ""example_molecule_smiles"": ""CC(C)C"",
    ""group_smarts"": ""[CH]"",
    ""atom_specific_smarts"": ""[CH]"",
    ""description"": ""Generic saturated CH carbon (one hydrogen, three single-bonded neighbors)."",
    ""uncertainty"": ""10""
  },
  {
    ""atom_type"": 776,
    ""element"": ""C"",
    ""chemical_environment"": ""aliphatic methyl carbon in saturated chain"",
    ""functional_group"": ""alkane (CH3)"",
    ""hybridization"": ""sp3"",
    ""example_molecule_smiles"": ""CC"",
    ""group_smarts"": ""[CH3]"",
    ""atom_specific_smarts"": ""[CH3]"",
    ""description"": ""Generic saturated CH3 carbon (three hydrogens, one single-bonded heavy-atom neighbor)."",
    ""uncertainty"": ""10""
  },
  {
    ""atom_type"": 782,
    ""element"": ""C"",
    ""chemical_environment"": ""methyl carbon alpha to phosphonium center"",
    ""functional_group"": ""phosphonium alpha carbon (CH3–P+R3)"",
    ""hybridization"": ""sp3"",
    ""example_molecule_smiles"": ""C[P+](C)(C)C"",
    ""group_smarts"": ""[CH3]-[P+]"",
    ""atom_specific_smarts"": ""[CH3]-[P+]"",
    ""description"": ""CH3 directly bonded to a tetracoordinate phosphonium [P+]; neighbors include cationic P(+)."",
    ""uncertainty"": ""25""
  },
  {
    ""atom_type"": 783,
    ""element"": ""C"",
    ""chemical_environment"": ""methylene carbon alpha to phosphonium center"",
    ""functional_group"": ""phosphonium alpha carbon (R–CH2–P+R3)"",
    ""hybridization"": ""sp3"",
    ""example_molecule_smiles"": ""C[P+](C)(C)CC"",
    ""group_smarts"": ""[CH2]-[P+]"",
    ""atom_specific_smarts"": ""[CH2]-[P+]"",
    ""description"": ""CH2 directly bonded to a tetracoordinate phosphonium [P+]; typical of alkyl substituents on phosphonium salts."",
    ""uncertainty"": ""25""
  },
  {
    ""atom_type"": 789,
    ""element"": ""C"",
    ""chemical_environment"": ""methoxy methyl carbon bound through O to a carbonate group"",
    ""functional_group"": ""carbonate ester (RO–C(=O)–OR') methoxy"",
    ""hybridization"": ""sp3"",
    ""example_molecule_smiles"": ""COC(=O)OC"",
    ""group_smarts"": ""[CH3]-O-C(=O)-O"",
    ""atom_specific_smarts"": ""[CH3]-O-C(=O)-O"",
    ""description"": ""Methoxy CH3 attached to an oxygen that is linked to a carbonate carbonyl (O–C(=O)–O)."",
    ""uncertainty"": ""15""
  },
  {
    ""atom_type"": 790,
    ""element"": ""C"",
    ""chemical_environment"": ""ipso aromatic carbon bonded to a trifluoromethyl group"",
    ""functional_group"": ""aryl–CF3 (trifluoromethylbenzene)"",
    ""hybridization"": ""sp2 (aromatic)"",
    ""example_molecule_smiles"": ""c1ccc(cc1)C(F)(F)F"",
    ""group_smarts"": ""[c]-[C](F)(F)F"",
    ""atom_specific_smarts"": ""[c]([C](F)(F)F)"",
    ""description"": ""Aromatic ipso carbon bearing a CF3 substituent."",
    ""uncertainty"": ""15""
  },
  {
    ""atom_type"": 791,
    ""element"": ""C"",
    ""chemical_environment"": ""trifluoromethyl carbon (central carbon of CF3 group)"",
    ""functional_group"": ""trifluoromethyl"",
    ""hybridization"": ""sp3"",
    ""example_molecule_smiles"": ""c1ccc(cc1)C(F)(F)F"",
    ""group_smarts"": ""[C](F)(F)F"",
    ""atom_specific_smarts"": ""[C](F)(F)F"",
    ""description"": ""Carbon bearing three fluorine substituents (CF3), fourth substituent can be H or a heavy atom."",
    ""uncertainty"": ""15""
  },
  {
    ""atom_type"": 793,
    ""element"": ""C"",
    ""chemical_environment"": ""ipso aromatic carbon bonded to a guanidinium-bearing nitrogen"",
    ""functional_group"": ""aryl–guanidinium (phenylguanidinium)"",
    ""hybridization"": ""sp2 (aromatic)"",
    ""example_molecule_smiles"": ""c1ccccc1NC(=N)[NH2+]"",
    ""group_smarts"": ""[c]-[N]-C(=N)-[N+]"",
    ""atom_specific_smarts"": ""[c]([N]-C(=N)-[N+])"",
    ""description"": ""Aromatic ipso carbon attached to an anilide-like nitrogen that is part of a protonated guanidinium moiety; positive charge delocalized on guanidinium."",
    ""uncertainty"": ""35""
  },
  {
    ""atom_type"": 798,
    ""element"": ""C"",
    ""chemical_environment"": ""methane carbon"",
    ""functional_group"": ""alkane (CH4)"",
    ""hybridization"": ""sp3"",
    ""example_molecule_smiles"": ""C"",
    ""group_smarts"": ""[CH4]"",
    ""atom_specific_smarts"": ""[CH4]"",
    ""description"": ""Tetrahydrogenated aliphatic carbon (methane)."",
    ""uncertainty"": ""5""
  },
  {
    ""atom_type"": 903,
    ""element"": ""C"",
    ""chemical_environment"": ""methyl carbon directly bonded to a primary amine nitrogen"",
    ""functional_group"": ""alkyl ammonium precursor (R–CH3 attached to RNH2)"",
    ""hybridization"": ""sp3"",
    ""example_molecule_smiles"": ""CN"",
    ""group_smarts"": ""[CH3]-[NH2]"",
    ""atom_specific_smarts"": ""[CH3]-[NH2]"",
    ""description"": ""CH3 bound to neutral primary amine nitrogen (N with two hydrogens)."",
    ""uncertainty"": ""10""
  },
  {
    ""atom_type"": 904,
    ""element"": ""C"",
    ""chemical_environment"": ""methyl carbon directly bonded to a secondary amine nitrogen"",
    ""functional_group"": ""alkyl amine (R–CH3 attached to R2NH)"",
    ""hybridization"": ""sp3"",
    ""example_molecule_smiles"": ""CN(C)C"",
    ""group_smarts"": ""[CH3]-[NH]"",
    ""atom_specific_smarts"": ""[CH3]-[NH]"",
    ""description"": ""CH3 bound to neutral secondary amine nitrogen (N with one hydrogen)."",
    ""uncertainty"": ""10""
  },
  {
    ""atom_type"": 905,
    ""element"": ""C"",
    ""chemical_environment"": ""methyl carbon directly bonded to a tertiary amine nitrogen"",
    ""functional_group"": ""alkyl amine (R–CH3 attached to R3N)"",
    ""hybridization"": ""sp3"",
    ""example_molecule_smiles"": ""CN(C)C"",
    ""group_smarts"": ""[CH3]-[N;H0]"",
    ""atom_specific_smarts"": ""[CH3]-[N;H0]"",
    ""description"": ""CH3 bound to neutral tertiary amine nitrogen (N with no hydrogens)."",
    ""uncertainty"": ""10""
  },
  {
    ""atom_type"": 906,
    ""element"": ""C"",
    ""chemical_environment"": ""methylene carbon directly bonded to a primary amine nitrogen"",
    ""functional_group"": ""alpha to primary amine (R–CH2–NH2)"",
    ""hybridization"": ""sp3"",
    ""example_molecule_smiles"": ""CCN"",
    ""group_smarts"": ""[CH2]-[NH2]"",
    ""atom_specific_smarts"": ""[CH2]-[NH2]"",
    ""description"": ""CH2 carbon alpha to a neutral primary amine nitrogen."",
    ""uncertainty"": ""10""
  },
  {
    ""atom_type"": 907,
    ""element"": ""C"",
    ""chemical_environment"": ""methylene carbon directly bonded to a secondary amine nitrogen"",
    ""functional_group"": ""alpha to secondary amine (R–CH2–NH–R)"",
    ""hybridization"": ""sp3"",
    ""example_molecule_smiles"": ""CCNCC"",
    ""group_smarts"": ""[CH2]-[NH]"",
    ""atom_specific_smarts"": ""[CH2]-[NH]"",
    ""description"": ""CH2 carbon alpha to a neutral secondary amine nitrogen."",
    ""uncertainty"": ""10""
  },
  {
    ""atom_type"": 908,
    ""element"": ""C"",
    ""chemical_environment"": ""methylene carbon directly bonded to a tertiary amine nitrogen"",
    ""functional_group"": ""alpha to tertiary amine (R–CH2–NR2)"",
    ""hybridization"": ""sp3"",
    ""example_molecule_smiles"": ""CCN(CC)CC"",
    ""group_smarts"": ""[CH2]-[N;H0]"",
    ""atom_specific_smarts"": ""[CH2]-[N;H0]"",
    ""description"": ""CH2 carbon alpha to a neutral tertiary amine nitrogen (no N–H)."",
    ""uncertainty"": ""10""
  }
]"
906,0.06,"C  - CT   | CH2(N) primary aliphatic amines, H(C) type 911",12.011,oplsaa2024.lt,C,6,"Convert the following OPLS-AA atom type rows:

Atom Type Data:
- Atom index: 766
- Force field raw info: C  - CT   | CT-NO2 2-methyl-2-nitropropane
- Partial charge: 0.2
- Atomic mass: 12.011
- Element guess: C
- Atomic number: 6
- Source file: oplsaa2024.lt


Atom Type Data:
- Atom index: 768
- Force field raw info: C  - CA   | C(NO2) nitrobenzene
- Partial charge: 0.09
- Atomic mass: 12.011
- Element guess: C
- Atomic number: 6
- Source file: oplsaa2024.lt


Atom Type Data:
- Atom index: 769
- Force field raw info: C  - CT   | C of CH2 in PhCH2CN
- Partial charge: 0.035
- Atomic mass: 12.011
- Element guess: C
- Atomic number: 6
- Source file: oplsaa2024.lt


Atom Type Data:
- Atom index: 772
- Force field raw info: C  - C~   | "" C=O Lucienne's
- Partial charge: 0.86
- Atomic mass: 12.011
- Element guess: C
- Atomic number: 6
- Source file: oplsaa2024.lt


Atom Type Data:
- Atom index: 774
- Force field raw info: C  - CT   | "" C in CH2
- Partial charge: 0.21
- Atomic mass: 12.011
- Element guess: C
- Atomic number: 6
- Source file: oplsaa2024.lt


Atom Type Data:
- Atom index: 775
- Force field raw info: C  - CT   | "" C in CH
- Partial charge: 0.16
- Atomic mass: 12.011
- Element guess: C
- Atomic number: 6
- Source file: oplsaa2024.lt


Atom Type Data:
- Atom index: 776
- Force field raw info: C  - CT   | "" C in CH3 see also 789
- Partial charge: -0.1
- Atomic mass: 12.011
- Element guess: C
- Atomic number: 6
- Source file: oplsaa2024.lt


Atom Type Data:
- Atom index: 782
- Force field raw info: C  - CT   | CH3PR3+ 6-31G* CHELPG
- Partial charge: -0.5081
- Atomic mass: 12.011
- Element guess: C
- Atomic number: 6
- Source file: oplsaa2024.lt


Atom Type Data:
- Atom index: 783
- Force field raw info: C  - CT   | RCH2PR3+
- Partial charge: -0.008
- Atomic mass: 12.011
- Element guess: C
- Atomic number: 6
- Source file: oplsaa2024.lt


Atom Type Data:
- Atom index: 789
- Force field raw info: C  - CT   | methoxy C in carbonate
- Partial charge: 0.18
- Atomic mass: 12.011
- Element guess: C
- Atomic number: 6
- Source file: oplsaa2024.lt


Atom Type Data:
- Atom index: 790
- Force field raw info: C  - CA   | C(CF3) trifluoromethylbenzene test
- Partial charge: 0.15
- Atomic mass: 12.011
- Element guess: C
- Atomic number: 6
- Source file: oplsaa2024.lt


Atom Type Data:
- Atom index: 791
- Force field raw info: C  - CF   | CF3 "" test
- Partial charge: 0.45
- Atomic mass: 12.011
- Element guess: C
- Atomic number: 6
- Source file: oplsaa2024.lt


Atom Type Data:
- Atom index: 793
- Force field raw info: C  - CA   | C-ipso phenylguanidinium ion
- Partial charge: 0.38
- Atomic mass: 12.011
- Element guess: C
- Atomic number: 6
- Source file: oplsaa2024.lt


Atom Type Data:
- Atom index: 798
- Force field raw info: C  - CT   | CH4 all-atom C: q = 0
- Partial charge: 0.0
- Atomic mass: 12.011
- Element guess: C
- Atomic number: 6
- Source file: oplsaa2024.lt


Atom Type Data:
- Atom index: 903
- Force field raw info: C  - CT   | CH3(N) primary aliphatic amines, H(C) type 911
- Partial charge: 0.0
- Atomic mass: 12.011
- Element guess: C
- Atomic number: 6
- Source file: oplsaa2024.lt


Atom Type Data:
- Atom index: 904
- Force field raw info: C  - CT   | CH3(N) secondary aliphatic amines, H(C) type 911
- Partial charge: 0.02
- Atomic mass: 12.011
- Element guess: C
- Atomic number: 6
- Source file: oplsaa2024.lt


Atom Type Data:
- Atom index: 905
- Force field raw info: C  - CT   | CH3(N) tertiary aliphatic amines, H(C) type 911
- Partial charge: 0.03
- Atomic mass: 12.011
- Element guess: C
- Atomic number: 6
- Source file: oplsaa2024.lt


Atom Type Data:
- Atom index: 906
- Force field raw info: C  - CT   | CH2(N) primary aliphatic amines, H(C) type 911
- Partial charge: 0.06
- Atomic mass: 12.011
- Element guess: C
- Atomic number: 6
- Source file: oplsaa2024.lt


Atom Type Data:
- Atom index: 907
- Force field raw info: C  - CT   | CH2(N) secondary aliphatic amines, H(C) type 911
- Partial charge: 0.08
- Atomic mass: 12.011
- Element guess: C
- Atomic number: 6
- Source file: oplsaa2024.lt


Atom Type Data:
- Atom index: 908
- Force field raw info: C  - CT   | CH2(N) tertiary aliphatic amines, H(C) type 911
- Partial charge: 0.09
- Atomic mass: 12.011
- Element guess: C
- Atomic number: 6
- Source file: oplsaa2024.lt
","[
  {
    ""atom_type"": 766,
    ""element"": ""C"",
    ""chemical_environment"": ""tertiary aliphatic carbon directly bonded to nitro nitrogen"",
    ""functional_group"": ""nitroalkane (C–N+(=O)O−)"",
    ""hybridization"": ""sp3"",
    ""example_molecule_smiles"": ""CC(C)(C)N(=O)=O"",
    ""group_smarts"": ""[C]-[N+](=O)[O-]"",
    ""atom_specific_smarts"": ""[C;H0](-[#6])(-[#6])(-[#6])-[N+](=O)[O-]"",
    ""description"": ""Quaternary sp3 carbon of tert-alkyl nitro compounds; neighbors: three carbons and a nitro nitrogen [N+](=O)[O-]."",
    ""uncertainty"": ""15""
  },
  {
    ""atom_type"": 768,
    ""element"": ""C"",
    ""chemical_environment"": ""ipso aromatic carbon bonded to nitro group"",
    ""functional_group"": ""aromatic nitro (nitrobenzene-like)"",
    ""hybridization"": ""sp2 (aromatic)"",
    ""example_molecule_smiles"": ""O=[N+]([O-])c1ccccc1"",
    ""group_smarts"": ""[c]-[N+](=O)[O-]"",
    ""atom_specific_smarts"": ""[c]([N+](=O)[O-])"",
    ""description"": ""Aromatic ipso carbon directly attached to a nitro substituent; neighbor nitro nitrogen is cationic [N+](=O)[O-]."",
    ""uncertainty"": ""10""
  },
  {
    ""atom_type"": 769,
    ""element"": ""C"",
    ""chemical_environment"": ""benzylic methylene linking phenyl and nitrile (Ph–CH2–C≡N)"",
    ""functional_group"": ""benzylic alpha to nitrile"",
    ""hybridization"": ""sp3"",
    ""example_molecule_smiles"": ""c1ccccc1CH2C#N"",
    ""group_smarts"": ""[CH2](-c)-C#N"",
    ""atom_specific_smarts"": ""[CH2](-c1ccccc1)-C#N"",
    ""description"": ""Benzylic CH2 attached to an aromatic carbon on one side and to the nitrile carbon (C#N) on the other."",
    ""uncertainty"": ""15""
  },
  {
    ""atom_type"": 772,
    ""element"": ""C"",
    ""chemical_environment"": ""carbonyl carbon (C=O), exact subtype unspecified"",
    ""functional_group"": ""carbonyl (generic C=O)"",
    ""hybridization"": ""sp2"",
    ""example_molecule_smiles"": ""CC(=O)C"",
    ""group_smarts"": ""[C](=O)"",
    ""atom_specific_smarts"": ""[C](=O)"",
    ""description"": ""Trigonal carbonyl carbon; raw note suggests a generic C=O assignment but specific class (aldehyde/ketone/acid/amide) is unclear."",
    ""uncertainty"": ""70""
  },
  {
    ""atom_type"": 774,
    ""element"": ""C"",
    ""chemical_environment"": ""aliphatic methylene carbon in saturated chain"",
    ""functional_group"": ""alkane (CH2)"",
    ""hybridization"": ""sp3"",
    ""example_molecule_smiles"": ""CCC"",
    ""group_smarts"": ""[CH2]"",
    ""atom_specific_smarts"": ""[CH2]"",
    ""description"": ""Generic saturated CH2 carbon (two hydrogens, two single-bonded neighbors)."",
    ""uncertainty"": ""10""
  },
  {
    ""atom_type"": 775,
    ""element"": ""C"",
    ""chemical_environment"": ""aliphatic methine carbon in saturated chain/branch"",
    ""functional_group"": ""alkane (CH)"",
    ""hybridization"": ""sp3"",
    ""example_molecule_smiles"": ""CC(C)C"",
    ""group_smarts"": ""[CH]"",
    ""atom_specific_smarts"": ""[CH]"",
    ""description"": ""Generic saturated CH carbon (one hydrogen, three single-bonded neighbors)."",
    ""uncertainty"": ""10""
  },
  {
    ""atom_type"": 776,
    ""element"": ""C"",
    ""chemical_environment"": ""aliphatic methyl carbon in saturated chain"",
    ""functional_group"": ""alkane (CH3)"",
    ""hybridization"": ""sp3"",
    ""example_molecule_smiles"": ""CC"",
    ""group_smarts"": ""[CH3]"",
    ""atom_specific_smarts"": ""[CH3]"",
    ""description"": ""Generic saturated CH3 carbon (three hydrogens, one single-bonded heavy-atom neighbor)."",
    ""uncertainty"": ""10""
  },
  {
    ""atom_type"": 782,
    ""element"": ""C"",
    ""chemical_environment"": ""methyl carbon alpha to phosphonium center"",
    ""functional_group"": ""phosphonium alpha carbon (CH3–P+R3)"",
    ""hybridization"": ""sp3"",
    ""example_molecule_smiles"": ""C[P+](C)(C)C"",
    ""group_smarts"": ""[CH3]-[P+]"",
    ""atom_specific_smarts"": ""[CH3]-[P+]"",
    ""description"": ""CH3 directly bonded to a tetracoordinate phosphonium [P+]; neighbors include cationic P(+)."",
    ""uncertainty"": ""25""
  },
  {
    ""atom_type"": 783,
    ""element"": ""C"",
    ""chemical_environment"": ""methylene carbon alpha to phosphonium center"",
    ""functional_group"": ""phosphonium alpha carbon (R–CH2–P+R3)"",
    ""hybridization"": ""sp3"",
    ""example_molecule_smiles"": ""C[P+](C)(C)CC"",
    ""group_smarts"": ""[CH2]-[P+]"",
    ""atom_specific_smarts"": ""[CH2]-[P+]"",
    ""description"": ""CH2 directly bonded to a tetracoordinate phosphonium [P+]; typical of alkyl substituents on phosphonium salts."",
    ""uncertainty"": ""25""
  },
  {
    ""atom_type"": 789,
    ""element"": ""C"",
    ""chemical_environment"": ""methoxy methyl carbon bound through O to a carbonate group"",
    ""functional_group"": ""carbonate ester (RO–C(=O)–OR') methoxy"",
    ""hybridization"": ""sp3"",
    ""example_molecule_smiles"": ""COC(=O)OC"",
    ""group_smarts"": ""[CH3]-O-C(=O)-O"",
    ""atom_specific_smarts"": ""[CH3]-O-C(=O)-O"",
    ""description"": ""Methoxy CH3 attached to an oxygen that is linked to a carbonate carbonyl (O–C(=O)–O)."",
    ""uncertainty"": ""15""
  },
  {
    ""atom_type"": 790,
    ""element"": ""C"",
    ""chemical_environment"": ""ipso aromatic carbon bonded to a trifluoromethyl group"",
    ""functional_group"": ""aryl–CF3 (trifluoromethylbenzene)"",
    ""hybridization"": ""sp2 (aromatic)"",
    ""example_molecule_smiles"": ""c1ccc(cc1)C(F)(F)F"",
    ""group_smarts"": ""[c]-[C](F)(F)F"",
    ""atom_specific_smarts"": ""[c]([C](F)(F)F)"",
    ""description"": ""Aromatic ipso carbon bearing a CF3 substituent."",
    ""uncertainty"": ""15""
  },
  {
    ""atom_type"": 791,
    ""element"": ""C"",
    ""chemical_environment"": ""trifluoromethyl carbon (central carbon of CF3 group)"",
    ""functional_group"": ""trifluoromethyl"",
    ""hybridization"": ""sp3"",
    ""example_molecule_smiles"": ""c1ccc(cc1)C(F)(F)F"",
    ""group_smarts"": ""[C](F)(F)F"",
    ""atom_specific_smarts"": ""[C](F)(F)F"",
    ""description"": ""Carbon bearing three fluorine substituents (CF3), fourth substituent can be H or a heavy atom."",
    ""uncertainty"": ""15""
  },
  {
    ""atom_type"": 793,
    ""element"": ""C"",
    ""chemical_environment"": ""ipso aromatic carbon bonded to a guanidinium-bearing nitrogen"",
    ""functional_group"": ""aryl–guanidinium (phenylguanidinium)"",
    ""hybridization"": ""sp2 (aromatic)"",
    ""example_molecule_smiles"": ""c1ccccc1NC(=N)[NH2+]"",
    ""group_smarts"": ""[c]-[N]-C(=N)-[N+]"",
    ""atom_specific_smarts"": ""[c]([N]-C(=N)-[N+])"",
    ""description"": ""Aromatic ipso carbon attached to an anilide-like nitrogen that is part of a protonated guanidinium moiety; positive charge delocalized on guanidinium."",
    ""uncertainty"": ""35""
  },
  {
    ""atom_type"": 798,
    ""element"": ""C"",
    ""chemical_environment"": ""methane carbon"",
    ""functional_group"": ""alkane (CH4)"",
    ""hybridization"": ""sp3"",
    ""example_molecule_smiles"": ""C"",
    ""group_smarts"": ""[CH4]"",
    ""atom_specific_smarts"": ""[CH4]"",
    ""description"": ""Tetrahydrogenated aliphatic carbon (methane)."",
    ""uncertainty"": ""5""
  },
  {
    ""atom_type"": 903,
    ""element"": ""C"",
    ""chemical_environment"": ""methyl carbon directly bonded to a primary amine nitrogen"",
    ""functional_group"": ""alkyl ammonium precursor (R–CH3 attached to RNH2)"",
    ""hybridization"": ""sp3"",
    ""example_molecule_smiles"": ""CN"",
    ""group_smarts"": ""[CH3]-[NH2]"",
    ""atom_specific_smarts"": ""[CH3]-[NH2]"",
    ""description"": ""CH3 bound to neutral primary amine nitrogen (N with two hydrogens)."",
    ""uncertainty"": ""10""
  },
  {
    ""atom_type"": 904,
    ""element"": ""C"",
    ""chemical_environment"": ""methyl carbon directly bonded to a secondary amine nitrogen"",
    ""functional_group"": ""alkyl amine (R–CH3 attached to R2NH)"",
    ""hybridization"": ""sp3"",
    ""example_molecule_smiles"": ""CN(C)C"",
    ""group_smarts"": ""[CH3]-[NH]"",
    ""atom_specific_smarts"": ""[CH3]-[NH]"",
    ""description"": ""CH3 bound to neutral secondary amine nitrogen (N with one hydrogen)."",
    ""uncertainty"": ""10""
  },
  {
    ""atom_type"": 905,
    ""element"": ""C"",
    ""chemical_environment"": ""methyl carbon directly bonded to a tertiary amine nitrogen"",
    ""functional_group"": ""alkyl amine (R–CH3 attached to R3N)"",
    ""hybridization"": ""sp3"",
    ""example_molecule_smiles"": ""CN(C)C"",
    ""group_smarts"": ""[CH3]-[N;H0]"",
    ""atom_specific_smarts"": ""[CH3]-[N;H0]"",
    ""description"": ""CH3 bound to neutral tertiary amine nitrogen (N with no hydrogens)."",
    ""uncertainty"": ""10""
  },
  {
    ""atom_type"": 906,
    ""element"": ""C"",
    ""chemical_environment"": ""methylene carbon directly bonded to a primary amine nitrogen"",
    ""functional_group"": ""alpha to primary amine (R–CH2–NH2)"",
    ""hybridization"": ""sp3"",
    ""example_molecule_smiles"": ""CCN"",
    ""group_smarts"": ""[CH2]-[NH2]"",
    ""atom_specific_smarts"": ""[CH2]-[NH2]"",
    ""description"": ""CH2 carbon alpha to a neutral primary amine nitrogen."",
    ""uncertainty"": ""10""
  },
  {
    ""atom_type"": 907,
    ""element"": ""C"",
    ""chemical_environment"": ""methylene carbon directly bonded to a secondary amine nitrogen"",
    ""functional_group"": ""alpha to secondary amine (R–CH2–NH–R)"",
    ""hybridization"": ""sp3"",
    ""example_molecule_smiles"": ""CCNCC"",
    ""group_smarts"": ""[CH2]-[NH]"",
    ""atom_specific_smarts"": ""[CH2]-[NH]"",
    ""description"": ""CH2 carbon alpha to a neutral secondary amine nitrogen."",
    ""uncertainty"": ""10""
  },
  {
    ""atom_type"": 908,
    ""element"": ""C"",
    ""chemical_environment"": ""methylene carbon directly bonded to a tertiary amine nitrogen"",
    ""functional_group"": ""alpha to tertiary amine (R–CH2–NR2)"",
    ""hybridization"": ""sp3"",
    ""example_molecule_smiles"": ""CCN(CC)CC"",
    ""group_smarts"": ""[CH2]-[N;H0]"",
    ""atom_specific_smarts"": ""[CH2]-[N;H0]"",
    ""description"": ""CH2 carbon alpha to a neutral tertiary amine nitrogen (no N–H)."",
    ""uncertainty"": ""10""
  }
]"
907,0.08,"C  - CT   | CH2(N) secondary aliphatic amines, H(C) type 911",12.011,oplsaa2024.lt,C,6,"Convert the following OPLS-AA atom type rows:

Atom Type Data:
- Atom index: 766
- Force field raw info: C  - CT   | CT-NO2 2-methyl-2-nitropropane
- Partial charge: 0.2
- Atomic mass: 12.011
- Element guess: C
- Atomic number: 6
- Source file: oplsaa2024.lt


Atom Type Data:
- Atom index: 768
- Force field raw info: C  - CA   | C(NO2) nitrobenzene
- Partial charge: 0.09
- Atomic mass: 12.011
- Element guess: C
- Atomic number: 6
- Source file: oplsaa2024.lt


Atom Type Data:
- Atom index: 769
- Force field raw info: C  - CT   | C of CH2 in PhCH2CN
- Partial charge: 0.035
- Atomic mass: 12.011
- Element guess: C
- Atomic number: 6
- Source file: oplsaa2024.lt


Atom Type Data:
- Atom index: 772
- Force field raw info: C  - C~   | "" C=O Lucienne's
- Partial charge: 0.86
- Atomic mass: 12.011
- Element guess: C
- Atomic number: 6
- Source file: oplsaa2024.lt


Atom Type Data:
- Atom index: 774
- Force field raw info: C  - CT   | "" C in CH2
- Partial charge: 0.21
- Atomic mass: 12.011
- Element guess: C
- Atomic number: 6
- Source file: oplsaa2024.lt


Atom Type Data:
- Atom index: 775
- Force field raw info: C  - CT   | "" C in CH
- Partial charge: 0.16
- Atomic mass: 12.011
- Element guess: C
- Atomic number: 6
- Source file: oplsaa2024.lt


Atom Type Data:
- Atom index: 776
- Force field raw info: C  - CT   | "" C in CH3 see also 789
- Partial charge: -0.1
- Atomic mass: 12.011
- Element guess: C
- Atomic number: 6
- Source file: oplsaa2024.lt


Atom Type Data:
- Atom index: 782
- Force field raw info: C  - CT   | CH3PR3+ 6-31G* CHELPG
- Partial charge: -0.5081
- Atomic mass: 12.011
- Element guess: C
- Atomic number: 6
- Source file: oplsaa2024.lt


Atom Type Data:
- Atom index: 783
- Force field raw info: C  - CT   | RCH2PR3+
- Partial charge: -0.008
- Atomic mass: 12.011
- Element guess: C
- Atomic number: 6
- Source file: oplsaa2024.lt


Atom Type Data:
- Atom index: 789
- Force field raw info: C  - CT   | methoxy C in carbonate
- Partial charge: 0.18
- Atomic mass: 12.011
- Element guess: C
- Atomic number: 6
- Source file: oplsaa2024.lt


Atom Type Data:
- Atom index: 790
- Force field raw info: C  - CA   | C(CF3) trifluoromethylbenzene test
- Partial charge: 0.15
- Atomic mass: 12.011
- Element guess: C
- Atomic number: 6
- Source file: oplsaa2024.lt


Atom Type Data:
- Atom index: 791
- Force field raw info: C  - CF   | CF3 "" test
- Partial charge: 0.45
- Atomic mass: 12.011
- Element guess: C
- Atomic number: 6
- Source file: oplsaa2024.lt


Atom Type Data:
- Atom index: 793
- Force field raw info: C  - CA   | C-ipso phenylguanidinium ion
- Partial charge: 0.38
- Atomic mass: 12.011
- Element guess: C
- Atomic number: 6
- Source file: oplsaa2024.lt


Atom Type Data:
- Atom index: 798
- Force field raw info: C  - CT   | CH4 all-atom C: q = 0
- Partial charge: 0.0
- Atomic mass: 12.011
- Element guess: C
- Atomic number: 6
- Source file: oplsaa2024.lt


Atom Type Data:
- Atom index: 903
- Force field raw info: C  - CT   | CH3(N) primary aliphatic amines, H(C) type 911
- Partial charge: 0.0
- Atomic mass: 12.011
- Element guess: C
- Atomic number: 6
- Source file: oplsaa2024.lt


Atom Type Data:
- Atom index: 904
- Force field raw info: C  - CT   | CH3(N) secondary aliphatic amines, H(C) type 911
- Partial charge: 0.02
- Atomic mass: 12.011
- Element guess: C
- Atomic number: 6
- Source file: oplsaa2024.lt


Atom Type Data:
- Atom index: 905
- Force field raw info: C  - CT   | CH3(N) tertiary aliphatic amines, H(C) type 911
- Partial charge: 0.03
- Atomic mass: 12.011
- Element guess: C
- Atomic number: 6
- Source file: oplsaa2024.lt


Atom Type Data:
- Atom index: 906
- Force field raw info: C  - CT   | CH2(N) primary aliphatic amines, H(C) type 911
- Partial charge: 0.06
- Atomic mass: 12.011
- Element guess: C
- Atomic number: 6
- Source file: oplsaa2024.lt


Atom Type Data:
- Atom index: 907
- Force field raw info: C  - CT   | CH2(N) secondary aliphatic amines, H(C) type 911
- Partial charge: 0.08
- Atomic mass: 12.011
- Element guess: C
- Atomic number: 6
- Source file: oplsaa2024.lt


Atom Type Data:
- Atom index: 908
- Force field raw info: C  - CT   | CH2(N) tertiary aliphatic amines, H(C) type 911
- Partial charge: 0.09
- Atomic mass: 12.011
- Element guess: C
- Atomic number: 6
- Source file: oplsaa2024.lt
","[
  {
    ""atom_type"": 766,
    ""element"": ""C"",
    ""chemical_environment"": ""tertiary aliphatic carbon directly bonded to nitro nitrogen"",
    ""functional_group"": ""nitroalkane (C–N+(=O)O−)"",
    ""hybridization"": ""sp3"",
    ""example_molecule_smiles"": ""CC(C)(C)N(=O)=O"",
    ""group_smarts"": ""[C]-[N+](=O)[O-]"",
    ""atom_specific_smarts"": ""[C;H0](-[#6])(-[#6])(-[#6])-[N+](=O)[O-]"",
    ""description"": ""Quaternary sp3 carbon of tert-alkyl nitro compounds; neighbors: three carbons and a nitro nitrogen [N+](=O)[O-]."",
    ""uncertainty"": ""15""
  },
  {
    ""atom_type"": 768,
    ""element"": ""C"",
    ""chemical_environment"": ""ipso aromatic carbon bonded to nitro group"",
    ""functional_group"": ""aromatic nitro (nitrobenzene-like)"",
    ""hybridization"": ""sp2 (aromatic)"",
    ""example_molecule_smiles"": ""O=[N+]([O-])c1ccccc1"",
    ""group_smarts"": ""[c]-[N+](=O)[O-]"",
    ""atom_specific_smarts"": ""[c]([N+](=O)[O-])"",
    ""description"": ""Aromatic ipso carbon directly attached to a nitro substituent; neighbor nitro nitrogen is cationic [N+](=O)[O-]."",
    ""uncertainty"": ""10""
  },
  {
    ""atom_type"": 769,
    ""element"": ""C"",
    ""chemical_environment"": ""benzylic methylene linking phenyl and nitrile (Ph–CH2–C≡N)"",
    ""functional_group"": ""benzylic alpha to nitrile"",
    ""hybridization"": ""sp3"",
    ""example_molecule_smiles"": ""c1ccccc1CH2C#N"",
    ""group_smarts"": ""[CH2](-c)-C#N"",
    ""atom_specific_smarts"": ""[CH2](-c1ccccc1)-C#N"",
    ""description"": ""Benzylic CH2 attached to an aromatic carbon on one side and to the nitrile carbon (C#N) on the other."",
    ""uncertainty"": ""15""
  },
  {
    ""atom_type"": 772,
    ""element"": ""C"",
    ""chemical_environment"": ""carbonyl carbon (C=O), exact subtype unspecified"",
    ""functional_group"": ""carbonyl (generic C=O)"",
    ""hybridization"": ""sp2"",
    ""example_molecule_smiles"": ""CC(=O)C"",
    ""group_smarts"": ""[C](=O)"",
    ""atom_specific_smarts"": ""[C](=O)"",
    ""description"": ""Trigonal carbonyl carbon; raw note suggests a generic C=O assignment but specific class (aldehyde/ketone/acid/amide) is unclear."",
    ""uncertainty"": ""70""
  },
  {
    ""atom_type"": 774,
    ""element"": ""C"",
    ""chemical_environment"": ""aliphatic methylene carbon in saturated chain"",
    ""functional_group"": ""alkane (CH2)"",
    ""hybridization"": ""sp3"",
    ""example_molecule_smiles"": ""CCC"",
    ""group_smarts"": ""[CH2]"",
    ""atom_specific_smarts"": ""[CH2]"",
    ""description"": ""Generic saturated CH2 carbon (two hydrogens, two single-bonded neighbors)."",
    ""uncertainty"": ""10""
  },
  {
    ""atom_type"": 775,
    ""element"": ""C"",
    ""chemical_environment"": ""aliphatic methine carbon in saturated chain/branch"",
    ""functional_group"": ""alkane (CH)"",
    ""hybridization"": ""sp3"",
    ""example_molecule_smiles"": ""CC(C)C"",
    ""group_smarts"": ""[CH]"",
    ""atom_specific_smarts"": ""[CH]"",
    ""description"": ""Generic saturated CH carbon (one hydrogen, three single-bonded neighbors)."",
    ""uncertainty"": ""10""
  },
  {
    ""atom_type"": 776,
    ""element"": ""C"",
    ""chemical_environment"": ""aliphatic methyl carbon in saturated chain"",
    ""functional_group"": ""alkane (CH3)"",
    ""hybridization"": ""sp3"",
    ""example_molecule_smiles"": ""CC"",
    ""group_smarts"": ""[CH3]"",
    ""atom_specific_smarts"": ""[CH3]"",
    ""description"": ""Generic saturated CH3 carbon (three hydrogens, one single-bonded heavy-atom neighbor)."",
    ""uncertainty"": ""10""
  },
  {
    ""atom_type"": 782,
    ""element"": ""C"",
    ""chemical_environment"": ""methyl carbon alpha to phosphonium center"",
    ""functional_group"": ""phosphonium alpha carbon (CH3–P+R3)"",
    ""hybridization"": ""sp3"",
    ""example_molecule_smiles"": ""C[P+](C)(C)C"",
    ""group_smarts"": ""[CH3]-[P+]"",
    ""atom_specific_smarts"": ""[CH3]-[P+]"",
    ""description"": ""CH3 directly bonded to a tetracoordinate phosphonium [P+]; neighbors include cationic P(+)."",
    ""uncertainty"": ""25""
  },
  {
    ""atom_type"": 783,
    ""element"": ""C"",
    ""chemical_environment"": ""methylene carbon alpha to phosphonium center"",
    ""functional_group"": ""phosphonium alpha carbon (R–CH2–P+R3)"",
    ""hybridization"": ""sp3"",
    ""example_molecule_smiles"": ""C[P+](C)(C)CC"",
    ""group_smarts"": ""[CH2]-[P+]"",
    ""atom_specific_smarts"": ""[CH2]-[P+]"",
    ""description"": ""CH2 directly bonded to a tetracoordinate phosphonium [P+]; typical of alkyl substituents on phosphonium salts."",
    ""uncertainty"": ""25""
  },
  {
    ""atom_type"": 789,
    ""element"": ""C"",
    ""chemical_environment"": ""methoxy methyl carbon bound through O to a carbonate group"",
    ""functional_group"": ""carbonate ester (RO–C(=O)–OR') methoxy"",
    ""hybridization"": ""sp3"",
    ""example_molecule_smiles"": ""COC(=O)OC"",
    ""group_smarts"": ""[CH3]-O-C(=O)-O"",
    ""atom_specific_smarts"": ""[CH3]-O-C(=O)-O"",
    ""description"": ""Methoxy CH3 attached to an oxygen that is linked to a carbonate carbonyl (O–C(=O)–O)."",
    ""uncertainty"": ""15""
  },
  {
    ""atom_type"": 790,
    ""element"": ""C"",
    ""chemical_environment"": ""ipso aromatic carbon bonded to a trifluoromethyl group"",
    ""functional_group"": ""aryl–CF3 (trifluoromethylbenzene)"",
    ""hybridization"": ""sp2 (aromatic)"",
    ""example_molecule_smiles"": ""c1ccc(cc1)C(F)(F)F"",
    ""group_smarts"": ""[c]-[C](F)(F)F"",
    ""atom_specific_smarts"": ""[c]([C](F)(F)F)"",
    ""description"": ""Aromatic ipso carbon bearing a CF3 substituent."",
    ""uncertainty"": ""15""
  },
  {
    ""atom_type"": 791,
    ""element"": ""C"",
    ""chemical_environment"": ""trifluoromethyl carbon (central carbon of CF3 group)"",
    ""functional_group"": ""trifluoromethyl"",
    ""hybridization"": ""sp3"",
    ""example_molecule_smiles"": ""c1ccc(cc1)C(F)(F)F"",
    ""group_smarts"": ""[C](F)(F)F"",
    ""atom_specific_smarts"": ""[C](F)(F)F"",
    ""description"": ""Carbon bearing three fluorine substituents (CF3), fourth substituent can be H or a heavy atom."",
    ""uncertainty"": ""15""
  },
  {
    ""atom_type"": 793,
    ""element"": ""C"",
    ""chemical_environment"": ""ipso aromatic carbon bonded to a guanidinium-bearing nitrogen"",
    ""functional_group"": ""aryl–guanidinium (phenylguanidinium)"",
    ""hybridization"": ""sp2 (aromatic)"",
    ""example_molecule_smiles"": ""c1ccccc1NC(=N)[NH2+]"",
    ""group_smarts"": ""[c]-[N]-C(=N)-[N+]"",
    ""atom_specific_smarts"": ""[c]([N]-C(=N)-[N+])"",
    ""description"": ""Aromatic ipso carbon attached to an anilide-like nitrogen that is part of a protonated guanidinium moiety; positive charge delocalized on guanidinium."",
    ""uncertainty"": ""35""
  },
  {
    ""atom_type"": 798,
    ""element"": ""C"",
    ""chemical_environment"": ""methane carbon"",
    ""functional_group"": ""alkane (CH4)"",
    ""hybridization"": ""sp3"",
    ""example_molecule_smiles"": ""C"",
    ""group_smarts"": ""[CH4]"",
    ""atom_specific_smarts"": ""[CH4]"",
    ""description"": ""Tetrahydrogenated aliphatic carbon (methane)."",
    ""uncertainty"": ""5""
  },
  {
    ""atom_type"": 903,
    ""element"": ""C"",
    ""chemical_environment"": ""methyl carbon directly bonded to a primary amine nitrogen"",
    ""functional_group"": ""alkyl ammonium precursor (R–CH3 attached to RNH2)"",
    ""hybridization"": ""sp3"",
    ""example_molecule_smiles"": ""CN"",
    ""group_smarts"": ""[CH3]-[NH2]"",
    ""atom_specific_smarts"": ""[CH3]-[NH2]"",
    ""description"": ""CH3 bound to neutral primary amine nitrogen (N with two hydrogens)."",
    ""uncertainty"": ""10""
  },
  {
    ""atom_type"": 904,
    ""element"": ""C"",
    ""chemical_environment"": ""methyl carbon directly bonded to a secondary amine nitrogen"",
    ""functional_group"": ""alkyl amine (R–CH3 attached to R2NH)"",
    ""hybridization"": ""sp3"",
    ""example_molecule_smiles"": ""CN(C)C"",
    ""group_smarts"": ""[CH3]-[NH]"",
    ""atom_specific_smarts"": ""[CH3]-[NH]"",
    ""description"": ""CH3 bound to neutral secondary amine nitrogen (N with one hydrogen)."",
    ""uncertainty"": ""10""
  },
  {
    ""atom_type"": 905,
    ""element"": ""C"",
    ""chemical_environment"": ""methyl carbon directly bonded to a tertiary amine nitrogen"",
    ""functional_group"": ""alkyl amine (R–CH3 attached to R3N)"",
    ""hybridization"": ""sp3"",
    ""example_molecule_smiles"": ""CN(C)C"",
    ""group_smarts"": ""[CH3]-[N;H0]"",
    ""atom_specific_smarts"": ""[CH3]-[N;H0]"",
    ""description"": ""CH3 bound to neutral tertiary amine nitrogen (N with no hydrogens)."",
    ""uncertainty"": ""10""
  },
  {
    ""atom_type"": 906,
    ""element"": ""C"",
    ""chemical_environment"": ""methylene carbon directly bonded to a primary amine nitrogen"",
    ""functional_group"": ""alpha to primary amine (R–CH2–NH2)"",
    ""hybridization"": ""sp3"",
    ""example_molecule_smiles"": ""CCN"",
    ""group_smarts"": ""[CH2]-[NH2]"",
    ""atom_specific_smarts"": ""[CH2]-[NH2]"",
    ""description"": ""CH2 carbon alpha to a neutral primary amine nitrogen."",
    ""uncertainty"": ""10""
  },
  {
    ""atom_type"": 907,
    ""element"": ""C"",
    ""chemical_environment"": ""methylene carbon directly bonded to a secondary amine nitrogen"",
    ""functional_group"": ""alpha to secondary amine (R–CH2–NH–R)"",
    ""hybridization"": ""sp3"",
    ""example_molecule_smiles"": ""CCNCC"",
    ""group_smarts"": ""[CH2]-[NH]"",
    ""atom_specific_smarts"": ""[CH2]-[NH]"",
    ""description"": ""CH2 carbon alpha to a neutral secondary amine nitrogen."",
    ""uncertainty"": ""10""
  },
  {
    ""atom_type"": 908,
    ""element"": ""C"",
    ""chemical_environment"": ""methylene carbon directly bonded to a tertiary amine nitrogen"",
    ""functional_group"": ""alpha to tertiary amine (R–CH2–NR2)"",
    ""hybridization"": ""sp3"",
    ""example_molecule_smiles"": ""CCN(CC)CC"",
    ""group_smarts"": ""[CH2]-[N;H0]"",
    ""atom_specific_smarts"": ""[CH2]-[N;H0]"",
    ""description"": ""CH2 carbon alpha to a neutral tertiary amine nitrogen (no N–H)."",
    ""uncertainty"": ""10""
  }
]"
908,0.09,"C  - CT   | CH2(N) tertiary aliphatic amines, H(C) type 911",12.011,oplsaa2024.lt,C,6,"Convert the following OPLS-AA atom type rows:

Atom Type Data:
- Atom index: 766
- Force field raw info: C  - CT   | CT-NO2 2-methyl-2-nitropropane
- Partial charge: 0.2
- Atomic mass: 12.011
- Element guess: C
- Atomic number: 6
- Source file: oplsaa2024.lt


Atom Type Data:
- Atom index: 768
- Force field raw info: C  - CA   | C(NO2) nitrobenzene
- Partial charge: 0.09
- Atomic mass: 12.011
- Element guess: C
- Atomic number: 6
- Source file: oplsaa2024.lt


Atom Type Data:
- Atom index: 769
- Force field raw info: C  - CT   | C of CH2 in PhCH2CN
- Partial charge: 0.035
- Atomic mass: 12.011
- Element guess: C
- Atomic number: 6
- Source file: oplsaa2024.lt


Atom Type Data:
- Atom index: 772
- Force field raw info: C  - C~   | "" C=O Lucienne's
- Partial charge: 0.86
- Atomic mass: 12.011
- Element guess: C
- Atomic number: 6
- Source file: oplsaa2024.lt


Atom Type Data:
- Atom index: 774
- Force field raw info: C  - CT   | "" C in CH2
- Partial charge: 0.21
- Atomic mass: 12.011
- Element guess: C
- Atomic number: 6
- Source file: oplsaa2024.lt


Atom Type Data:
- Atom index: 775
- Force field raw info: C  - CT   | "" C in CH
- Partial charge: 0.16
- Atomic mass: 12.011
- Element guess: C
- Atomic number: 6
- Source file: oplsaa2024.lt


Atom Type Data:
- Atom index: 776
- Force field raw info: C  - CT   | "" C in CH3 see also 789
- Partial charge: -0.1
- Atomic mass: 12.011
- Element guess: C
- Atomic number: 6
- Source file: oplsaa2024.lt


Atom Type Data:
- Atom index: 782
- Force field raw info: C  - CT   | CH3PR3+ 6-31G* CHELPG
- Partial charge: -0.5081
- Atomic mass: 12.011
- Element guess: C
- Atomic number: 6
- Source file: oplsaa2024.lt


Atom Type Data:
- Atom index: 783
- Force field raw info: C  - CT   | RCH2PR3+
- Partial charge: -0.008
- Atomic mass: 12.011
- Element guess: C
- Atomic number: 6
- Source file: oplsaa2024.lt


Atom Type Data:
- Atom index: 789
- Force field raw info: C  - CT   | methoxy C in carbonate
- Partial charge: 0.18
- Atomic mass: 12.011
- Element guess: C
- Atomic number: 6
- Source file: oplsaa2024.lt


Atom Type Data:
- Atom index: 790
- Force field raw info: C  - CA   | C(CF3) trifluoromethylbenzene test
- Partial charge: 0.15
- Atomic mass: 12.011
- Element guess: C
- Atomic number: 6
- Source file: oplsaa2024.lt


Atom Type Data:
- Atom index: 791
- Force field raw info: C  - CF   | CF3 "" test
- Partial charge: 0.45
- Atomic mass: 12.011
- Element guess: C
- Atomic number: 6
- Source file: oplsaa2024.lt


Atom Type Data:
- Atom index: 793
- Force field raw info: C  - CA   | C-ipso phenylguanidinium ion
- Partial charge: 0.38
- Atomic mass: 12.011
- Element guess: C
- Atomic number: 6
- Source file: oplsaa2024.lt


Atom Type Data:
- Atom index: 798
- Force field raw info: C  - CT   | CH4 all-atom C: q = 0
- Partial charge: 0.0
- Atomic mass: 12.011
- Element guess: C
- Atomic number: 6
- Source file: oplsaa2024.lt


Atom Type Data:
- Atom index: 903
- Force field raw info: C  - CT   | CH3(N) primary aliphatic amines, H(C) type 911
- Partial charge: 0.0
- Atomic mass: 12.011
- Element guess: C
- Atomic number: 6
- Source file: oplsaa2024.lt


Atom Type Data:
- Atom index: 904
- Force field raw info: C  - CT   | CH3(N) secondary aliphatic amines, H(C) type 911
- Partial charge: 0.02
- Atomic mass: 12.011
- Element guess: C
- Atomic number: 6
- Source file: oplsaa2024.lt


Atom Type Data:
- Atom index: 905
- Force field raw info: C  - CT   | CH3(N) tertiary aliphatic amines, H(C) type 911
- Partial charge: 0.03
- Atomic mass: 12.011
- Element guess: C
- Atomic number: 6
- Source file: oplsaa2024.lt


Atom Type Data:
- Atom index: 906
- Force field raw info: C  - CT   | CH2(N) primary aliphatic amines, H(C) type 911
- Partial charge: 0.06
- Atomic mass: 12.011
- Element guess: C
- Atomic number: 6
- Source file: oplsaa2024.lt


Atom Type Data:
- Atom index: 907
- Force field raw info: C  - CT   | CH2(N) secondary aliphatic amines, H(C) type 911
- Partial charge: 0.08
- Atomic mass: 12.011
- Element guess: C
- Atomic number: 6
- Source file: oplsaa2024.lt


Atom Type Data:
- Atom index: 908
- Force field raw info: C  - CT   | CH2(N) tertiary aliphatic amines, H(C) type 911
- Partial charge: 0.09
- Atomic mass: 12.011
- Element guess: C
- Atomic number: 6
- Source file: oplsaa2024.lt
","[
  {
    ""atom_type"": 766,
    ""element"": ""C"",
    ""chemical_environment"": ""tertiary aliphatic carbon directly bonded to nitro nitrogen"",
    ""functional_group"": ""nitroalkane (C–N+(=O)O−)"",
    ""hybridization"": ""sp3"",
    ""example_molecule_smiles"": ""CC(C)(C)N(=O)=O"",
    ""group_smarts"": ""[C]-[N+](=O)[O-]"",
    ""atom_specific_smarts"": ""[C;H0](-[#6])(-[#6])(-[#6])-[N+](=O)[O-]"",
    ""description"": ""Quaternary sp3 carbon of tert-alkyl nitro compounds; neighbors: three carbons and a nitro nitrogen [N+](=O)[O-]."",
    ""uncertainty"": ""15""
  },
  {
    ""atom_type"": 768,
    ""element"": ""C"",
    ""chemical_environment"": ""ipso aromatic carbon bonded to nitro group"",
    ""functional_group"": ""aromatic nitro (nitrobenzene-like)"",
    ""hybridization"": ""sp2 (aromatic)"",
    ""example_molecule_smiles"": ""O=[N+]([O-])c1ccccc1"",
    ""group_smarts"": ""[c]-[N+](=O)[O-]"",
    ""atom_specific_smarts"": ""[c]([N+](=O)[O-])"",
    ""description"": ""Aromatic ipso carbon directly attached to a nitro substituent; neighbor nitro nitrogen is cationic [N+](=O)[O-]."",
    ""uncertainty"": ""10""
  },
  {
    ""atom_type"": 769,
    ""element"": ""C"",
    ""chemical_environment"": ""benzylic methylene linking phenyl and nitrile (Ph–CH2–C≡N)"",
    ""functional_group"": ""benzylic alpha to nitrile"",
    ""hybridization"": ""sp3"",
    ""example_molecule_smiles"": ""c1ccccc1CH2C#N"",
    ""group_smarts"": ""[CH2](-c)-C#N"",
    ""atom_specific_smarts"": ""[CH2](-c1ccccc1)-C#N"",
    ""description"": ""Benzylic CH2 attached to an aromatic carbon on one side and to the nitrile carbon (C#N) on the other."",
    ""uncertainty"": ""15""
  },
  {
    ""atom_type"": 772,
    ""element"": ""C"",
    ""chemical_environment"": ""carbonyl carbon (C=O), exact subtype unspecified"",
    ""functional_group"": ""carbonyl (generic C=O)"",
    ""hybridization"": ""sp2"",
    ""example_molecule_smiles"": ""CC(=O)C"",
    ""group_smarts"": ""[C](=O)"",
    ""atom_specific_smarts"": ""[C](=O)"",
    ""description"": ""Trigonal carbonyl carbon; raw note suggests a generic C=O assignment but specific class (aldehyde/ketone/acid/amide) is unclear."",
    ""uncertainty"": ""70""
  },
  {
    ""atom_type"": 774,
    ""element"": ""C"",
    ""chemical_environment"": ""aliphatic methylene carbon in saturated chain"",
    ""functional_group"": ""alkane (CH2)"",
    ""hybridization"": ""sp3"",
    ""example_molecule_smiles"": ""CCC"",
    ""group_smarts"": ""[CH2]"",
    ""atom_specific_smarts"": ""[CH2]"",
    ""description"": ""Generic saturated CH2 carbon (two hydrogens, two single-bonded neighbors)."",
    ""uncertainty"": ""10""
  },
  {
    ""atom_type"": 775,
    ""element"": ""C"",
    ""chemical_environment"": ""aliphatic methine carbon in saturated chain/branch"",
    ""functional_group"": ""alkane (CH)"",
    ""hybridization"": ""sp3"",
    ""example_molecule_smiles"": ""CC(C)C"",
    ""group_smarts"": ""[CH]"",
    ""atom_specific_smarts"": ""[CH]"",
    ""description"": ""Generic saturated CH carbon (one hydrogen, three single-bonded neighbors)."",
    ""uncertainty"": ""10""
  },
  {
    ""atom_type"": 776,
    ""element"": ""C"",
    ""chemical_environment"": ""aliphatic methyl carbon in saturated chain"",
    ""functional_group"": ""alkane (CH3)"",
    ""hybridization"": ""sp3"",
    ""example_molecule_smiles"": ""CC"",
    ""group_smarts"": ""[CH3]"",
    ""atom_specific_smarts"": ""[CH3]"",
    ""description"": ""Generic saturated CH3 carbon (three hydrogens, one single-bonded heavy-atom neighbor)."",
    ""uncertainty"": ""10""
  },
  {
    ""atom_type"": 782,
    ""element"": ""C"",
    ""chemical_environment"": ""methyl carbon alpha to phosphonium center"",
    ""functional_group"": ""phosphonium alpha carbon (CH3–P+R3)"",
    ""hybridization"": ""sp3"",
    ""example_molecule_smiles"": ""C[P+](C)(C)C"",
    ""group_smarts"": ""[CH3]-[P+]"",
    ""atom_specific_smarts"": ""[CH3]-[P+]"",
    ""description"": ""CH3 directly bonded to a tetracoordinate phosphonium [P+]; neighbors include cationic P(+)."",
    ""uncertainty"": ""25""
  },
  {
    ""atom_type"": 783,
    ""element"": ""C"",
    ""chemical_environment"": ""methylene carbon alpha to phosphonium center"",
    ""functional_group"": ""phosphonium alpha carbon (R–CH2–P+R3)"",
    ""hybridization"": ""sp3"",
    ""example_molecule_smiles"": ""C[P+](C)(C)CC"",
    ""group_smarts"": ""[CH2]-[P+]"",
    ""atom_specific_smarts"": ""[CH2]-[P+]"",
    ""description"": ""CH2 directly bonded to a tetracoordinate phosphonium [P+]; typical of alkyl substituents on phosphonium salts."",
    ""uncertainty"": ""25""
  },
  {
    ""atom_type"": 789,
    ""element"": ""C"",
    ""chemical_environment"": ""methoxy methyl carbon bound through O to a carbonate group"",
    ""functional_group"": ""carbonate ester (RO–C(=O)–OR') methoxy"",
    ""hybridization"": ""sp3"",
    ""example_molecule_smiles"": ""COC(=O)OC"",
    ""group_smarts"": ""[CH3]-O-C(=O)-O"",
    ""atom_specific_smarts"": ""[CH3]-O-C(=O)-O"",
    ""description"": ""Methoxy CH3 attached to an oxygen that is linked to a carbonate carbonyl (O–C(=O)–O)."",
    ""uncertainty"": ""15""
  },
  {
    ""atom_type"": 790,
    ""element"": ""C"",
    ""chemical_environment"": ""ipso aromatic carbon bonded to a trifluoromethyl group"",
    ""functional_group"": ""aryl–CF3 (trifluoromethylbenzene)"",
    ""hybridization"": ""sp2 (aromatic)"",
    ""example_molecule_smiles"": ""c1ccc(cc1)C(F)(F)F"",
    ""group_smarts"": ""[c]-[C](F)(F)F"",
    ""atom_specific_smarts"": ""[c]([C](F)(F)F)"",
    ""description"": ""Aromatic ipso carbon bearing a CF3 substituent."",
    ""uncertainty"": ""15""
  },
  {
    ""atom_type"": 791,
    ""element"": ""C"",
    ""chemical_environment"": ""trifluoromethyl carbon (central carbon of CF3 group)"",
    ""functional_group"": ""trifluoromethyl"",
    ""hybridization"": ""sp3"",
    ""example_molecule_smiles"": ""c1ccc(cc1)C(F)(F)F"",
    ""group_smarts"": ""[C](F)(F)F"",
    ""atom_specific_smarts"": ""[C](F)(F)F"",
    ""description"": ""Carbon bearing three fluorine substituents (CF3), fourth substituent can be H or a heavy atom."",
    ""uncertainty"": ""15""
  },
  {
    ""atom_type"": 793,
    ""element"": ""C"",
    ""chemical_environment"": ""ipso aromatic carbon bonded to a guanidinium-bearing nitrogen"",
    ""functional_group"": ""aryl–guanidinium (phenylguanidinium)"",
    ""hybridization"": ""sp2 (aromatic)"",
    ""example_molecule_smiles"": ""c1ccccc1NC(=N)[NH2+]"",
    ""group_smarts"": ""[c]-[N]-C(=N)-[N+]"",
    ""atom_specific_smarts"": ""[c]([N]-C(=N)-[N+])"",
    ""description"": ""Aromatic ipso carbon attached to an anilide-like nitrogen that is part of a protonated guanidinium moiety; positive charge delocalized on guanidinium."",
    ""uncertainty"": ""35""
  },
  {
    ""atom_type"": 798,
    ""element"": ""C"",
    ""chemical_environment"": ""methane carbon"",
    ""functional_group"": ""alkane (CH4)"",
    ""hybridization"": ""sp3"",
    ""example_molecule_smiles"": ""C"",
    ""group_smarts"": ""[CH4]"",
    ""atom_specific_smarts"": ""[CH4]"",
    ""description"": ""Tetrahydrogenated aliphatic carbon (methane)."",
    ""uncertainty"": ""5""
  },
  {
    ""atom_type"": 903,
    ""element"": ""C"",
    ""chemical_environment"": ""methyl carbon directly bonded to a primary amine nitrogen"",
    ""functional_group"": ""alkyl ammonium precursor (R–CH3 attached to RNH2)"",
    ""hybridization"": ""sp3"",
    ""example_molecule_smiles"": ""CN"",
    ""group_smarts"": ""[CH3]-[NH2]"",
    ""atom_specific_smarts"": ""[CH3]-[NH2]"",
    ""description"": ""CH3 bound to neutral primary amine nitrogen (N with two hydrogens)."",
    ""uncertainty"": ""10""
  },
  {
    ""atom_type"": 904,
    ""element"": ""C"",
    ""chemical_environment"": ""methyl carbon directly bonded to a secondary amine nitrogen"",
    ""functional_group"": ""alkyl amine (R–CH3 attached to R2NH)"",
    ""hybridization"": ""sp3"",
    ""example_molecule_smiles"": ""CN(C)C"",
    ""group_smarts"": ""[CH3]-[NH]"",
    ""atom_specific_smarts"": ""[CH3]-[NH]"",
    ""description"": ""CH3 bound to neutral secondary amine nitrogen (N with one hydrogen)."",
    ""uncertainty"": ""10""
  },
  {
    ""atom_type"": 905,
    ""element"": ""C"",
    ""chemical_environment"": ""methyl carbon directly bonded to a tertiary amine nitrogen"",
    ""functional_group"": ""alkyl amine (R–CH3 attached to R3N)"",
    ""hybridization"": ""sp3"",
    ""example_molecule_smiles"": ""CN(C)C"",
    ""group_smarts"": ""[CH3]-[N;H0]"",
    ""atom_specific_smarts"": ""[CH3]-[N;H0]"",
    ""description"": ""CH3 bound to neutral tertiary amine nitrogen (N with no hydrogens)."",
    ""uncertainty"": ""10""
  },
  {
    ""atom_type"": 906,
    ""element"": ""C"",
    ""chemical_environment"": ""methylene carbon directly bonded to a primary amine nitrogen"",
    ""functional_group"": ""alpha to primary amine (R–CH2–NH2)"",
    ""hybridization"": ""sp3"",
    ""example_molecule_smiles"": ""CCN"",
    ""group_smarts"": ""[CH2]-[NH2]"",
    ""atom_specific_smarts"": ""[CH2]-[NH2]"",
    ""description"": ""CH2 carbon alpha to a neutral primary amine nitrogen."",
    ""uncertainty"": ""10""
  },
  {
    ""atom_type"": 907,
    ""element"": ""C"",
    ""chemical_environment"": ""methylene carbon directly bonded to a secondary amine nitrogen"",
    ""functional_group"": ""alpha to secondary amine (R–CH2–NH–R)"",
    ""hybridization"": ""sp3"",
    ""example_molecule_smiles"": ""CCNCC"",
    ""group_smarts"": ""[CH2]-[NH]"",
    ""atom_specific_smarts"": ""[CH2]-[NH]"",
    ""description"": ""CH2 carbon alpha to a neutral secondary amine nitrogen."",
    ""uncertainty"": ""10""
  },
  {
    ""atom_type"": 908,
    ""element"": ""C"",
    ""chemical_environment"": ""methylene carbon directly bonded to a tertiary amine nitrogen"",
    ""functional_group"": ""alpha to tertiary amine (R–CH2–NR2)"",
    ""hybridization"": ""sp3"",
    ""example_molecule_smiles"": ""CCN(CC)CC"",
    ""group_smarts"": ""[CH2]-[N;H0]"",
    ""atom_specific_smarts"": ""[CH2]-[N;H0]"",
    ""description"": ""CH2 carbon alpha to a neutral tertiary amine nitrogen (no N–H)."",
    ""uncertainty"": ""10""
  }
]"
