Atom_Index,Charge,Info,DataMass,Source,ElementGuess,AtomicNumber,prompt,gpt_output
988,-0.045,"C  - CA   | ipso C in N-methyl,N-phenylacetamide",12.011,oplsaa.lt,C,6,"Convert the following OPLS-AA atom type rows:

Atom Type Data:
- Atom index: 988
- Force field raw info: C  - CA   | ipso C in N-methyl,N-phenylacetamide
- Partial charge: -0.045
- Atomic mass: 12.011
- Element guess: C
- Atomic number: 6
- Source file: oplsaa.lt


Atom Type Data:
- Atom index: 989
- Force field raw info: C  - CT   | C in CH2NR2 - benzyl amines; C(CH2NH2) is
- Partial charge: 0.145
- Atomic mass: 12.011
- Element guess: C
- Atomic number: 6
- Source file: oplsaa.lt


Atom Type Data:
- Atom index: 990
- Force field raw info: C  - C~   | C in hydroxamic acid jtr 11/98
- Partial charge: 0.888
- Atomic mass: 12.011
- Element guess: C
- Atomic number: 6
- Source file: oplsaa.lt


Atom Type Data:
- Atom index: 991
- Force field raw info: C  - C~   | C in aromatic hydroxamic aciT
- Partial charge: 1.003
- Atomic mass: 12.011
- Element guess: C
- Atomic number: 6
- Source file: oplsaa.lt


Atom Type Data:
- Atom index: 997
- Force field raw info: C  - CT   | C in CHROR - benzyl ethers; C(CHROR) is
- Partial charge: 0.225
- Atomic mass: 12.011
- Element guess: C
- Atomic number: 6
- Source file: oplsaa.lt


Atom Type Data:
- Atom index: 998
- Force field raw info: C  - CT   | C in CRROR - benzyl ethers; C(CRROR) is
- Partial charge: 0.255
- Atomic mass: 12.011
- Element guess: C
- Atomic number: 6
- Source file: oplsaa.lt


Atom Type Data:
- Atom index: 1000
- Force field raw info: C  - C!   | 3-phenyl pyrrole C3
- Partial charge: -0.034
- Atomic mass: 12.011
- Element guess: C
- Atomic number: 6
- Source file: oplsaa.lt


Atom Type Data:
- Atom index: 1001
- Force field raw info: C  - C!   | 3-phenyl pyrrole C3'
- Partial charge: 0.003
- Atomic mass: 12.011
- Element guess: C
- Atomic number: 6
- Source file: oplsaa.lt


Atom Type Data:
- Atom index: 1002
- Force field raw info: C  - C!   | 4-phenyl imidazole C4
- Partial charge: 0.3
- Atomic mass: 12.011
- Element guess: C
- Atomic number: 6
- Source file: oplsaa.lt


Atom Type Data:
- Atom index: 1003
- Force field raw info: C  - C!   | 4-phenyl imidazole C4'
- Partial charge: -0.04
- Atomic mass: 12.011
- Element guess: C
- Atomic number: 6
- Source file: oplsaa.lt


Atom Type Data:
- Atom index: 1004
- Force field raw info: C  - CA   | diphenylmethane Cipso
- Partial charge: -0.0575
- Atomic mass: 12.011
- Element guess: C
- Atomic number: 6
- Source file: oplsaa.lt


Atom Type Data:
- Atom index: 1009
- Force field raw info: C  - CA   | C(Cl) chlorobenzene with X site
- Partial charge: 0.175
- Atomic mass: 12.011
- Element guess: C
- Atomic number: 6
- Source file: oplsaa.lt


Atom Type Data:
- Atom index: 1011
- Force field raw info: C  - CT   | C(I) iodoalkane - tentative - primary
- Partial charge: -0.07
- Atomic mass: 12.011
- Element guess: C
- Atomic number: 6
- Source file: oplsaa.lt


Atom Type Data:
- Atom index: 1012
- Force field raw info: C  - CT   | C(I) iodoalkane - tentative - secondary
- Partial charge: 0.03
- Atomic mass: 12.011
- Element guess: C
- Atomic number: 6
- Source file: oplsaa.lt


Atom Type Data:
- Atom index: 1013
- Force field raw info: C  - CT   | C(I) iodoalkane - tentative - tertiary
- Partial charge: 0.13
- Atomic mass: 12.011
- Element guess: C
- Atomic number: 6
- Source file: oplsaa.lt


Atom Type Data:
- Atom index: 1016
- Force field raw info: C  - CA   | C(Br) bromobenzene with X site
- Partial charge: 0.17
- Atomic mass: 12.011
- Element guess: C
- Atomic number: 6
- Source file: oplsaa.lt


Atom Type Data:
- Atom index: 1018
- Force field raw info: C  - CA   | C(I) iodobenzene with X site
- Partial charge: 0.15
- Atomic mass: 12.011
- Element guess: C
- Atomic number: 6
- Source file: oplsaa.lt


Atom Type Data:
- Atom index: 1022
- Force field raw info: C  - CA   | benzene C on N of N-phenyl sulfonamide
- Partial charge: 0.155
- Atomic mass: 12.011
- Element guess: C
- Atomic number: 6
- Source file: oplsaa.lt


Atom Type Data:
- Atom index: 1026
- Force field raw info: C  - CY   | CH2 epoxide
- Partial charge: 0.14
- Atomic mass: 12.011
- Element guess: C
- Atomic number: 6
- Source file: oplsaa.lt


Atom Type Data:
- Atom index: 1027
- Force field raw info: C  - CY   | CH epoxide
- Partial charge: 0.17
- Atomic mass: 12.011
- Element guess: C
- Atomic number: 6
- Source file: oplsaa.lt
","[
  {
    ""atom_type"": 988,
    ""element"": ""C"",
    ""chemical_environment"": ""Aromatic ipso carbon bonded to an amide nitrogen (N-aryl amide, anilide)."",
    ""functional_group"": ""anilide (N-aryl amide) ipso aryl carbon"",
    ""hybridization"": ""sp2 (aromatic)"",
    ""example_molecule_smiles"": ""CC(=O)N(C)c1ccccc1"",
    ""group_smarts"": ""c-[N;X3;H0;$([N]-[C](=O)-*)]"",
    ""atom_specific_smarts"": ""[c:1]-[N;X3;H0;$([N]-[C](=O)-*)]"",
    ""description"": ""Ipso benzene carbon directly bonded to an amide N that itself is bound to a carbonyl (N-acyl). Nearest neighbors: aromatic C and amide N(sp2)."",
    ""uncertainty"": ""20""
  },
  {
    ""atom_type"": 989,
    ""element"": ""C"",
    ""chemical_environment"": ""Benzylic methylene attached to an amine nitrogen (benzyl amines: Ar-CH2-NR2)."",
    ""functional_group"": ""benzyl amine benzylic carbon"",
    ""hybridization"": ""sp3 (tetrahedral)"",
    ""example_molecule_smiles"": ""c1ccccc1CN(C)C"",
    ""group_smarts"": ""[CH2]-[N;X3]-[!#1]"",
    ""atom_specific_smarts"": ""[CH2:1](-[N;X3])-[c;r6]"",
    ""description"": ""The CH2 between an aromatic ring and an amine N (primary/secondary/tertiary amines). Nearest neighbors: aromatic sp2 C and amine N(sp3)."",
    ""uncertainty"": ""25""
  },
  {
    ""atom_type"": 990,
    ""element"": ""C"",
    ""chemical_environment"": ""Carbonyl carbon of a hydroxamic acid (R-C(=O)-N(-OH)-H/R)."",
    ""functional_group"": ""hydroxamic acid carbonyl"",
    ""hybridization"": ""sp2 (carbonyl)"",
    ""example_molecule_smiles"": ""CC(=O)NO"",
    ""group_smarts"": ""[C](=O)-[N]-O[H]"",
    ""atom_specific_smarts"": ""[C:1](=O)-[N]-O[H]"",
    ""description"": ""Acyl carbon attached to both a carbonyl oxygen and an N bearing a hydroxyl substituent (N–OH). Nearest neighbors: O(sp2) and N(sp2/sp3)."",
    ""uncertainty"": ""15""
  },
  {
    ""atom_type"": 991,
    ""element"": ""C"",
    ""chemical_environment"": ""Carbonyl carbon of an aromatic hydroxamic acid (Ar-C(=O)-N(-OH)-R/H)."",
    ""functional_group"": ""aromatic hydroxamic acid carbonyl"",
    ""hybridization"": ""sp2 (carbonyl)"",
    ""example_molecule_smiles"": ""O=C(NO)c1ccccc1"",
    ""group_smarts"": ""[C](=O)(-[c;r6])-[N]-O[H]"",
    ""atom_specific_smarts"": ""[C:1](=O)(-[c;r6])-[N]-O[H]"",
    ""description"": ""Hydroxamic acid carbonyl with an aryl substituent on the acyl side. Nearest neighbors: aryl sp2 C, O(sp2), and N."",
    ""uncertainty"": ""35""
  },
  {
    ""atom_type"": 997,
    ""element"": ""C"",
    ""chemical_environment"": ""Secondary benzylic carbon bearing an ether substituent (Ar-CH(OR)-R)."",
    ""functional_group"": ""benzyl ether, secondary benzylic center"",
    ""hybridization"": ""sp3 (tetrahedral)"",
    ""example_molecule_smiles"": ""COC(C)c1ccccc1"",
    ""group_smarts"": ""[CH](-[O;X2]-*)-[c;r6]"",
    ""atom_specific_smarts"": ""[CH:1](-[O;X2]-*)-[c;r6]"",
    ""description"": ""Benzylic CH attached to an ether oxygen and an aromatic ring (plus one carbon). Nearest neighbors: O(sp3) and aryl C."",
    ""uncertainty"": ""25""
  },
  {
    ""atom_type"": 998,
    ""element"": ""C"",
    ""chemical_environment"": ""Tertiary benzylic carbon bearing an ether substituent (Ar-C(OR)(R)R)."",
    ""functional_group"": ""benzyl ether, tertiary benzylic center"",
    ""hybridization"": ""sp3 (tetrahedral)"",
    ""example_molecule_smiles"": ""COC(C)(C)c1ccccc1"",
    ""group_smarts"": ""[CX4H0](-[O;X2]-*)(-[c;r6])-[C;X4]"",
    ""atom_specific_smarts"": ""[CX4H0:1](-[O;X2]-*)(-[c;r6])-[C;X4]"",
    ""description"": ""Benzylic quaternary center connected to an ether oxygen, an aryl carbon, and another carbon. Nearest neighbors: O(sp3), aryl C, alkyl C."",
    ""uncertainty"": ""25""
  },
  {
    ""atom_type"": 1000,
    ""element"": ""C"",
    ""chemical_environment"": ""Pyrrole ring carbon at C3 (beta) bonded to a phenyl ring in 3-phenylpyrrole."",
    ""functional_group"": ""biaryl linkage (pyrrole–phenyl) at pyrrole C3"",
    ""hybridization"": ""sp2 (aromatic)"",
    ""example_molecule_smiles"": ""c1c(-c2ccccc2)[nH]cc1"",
    ""group_smarts"": ""[c;r5;$(*~[nH;r5])]-[c;r6]"",
    ""atom_specific_smarts"": ""[c:1;r5;$(*~[nH;r5])]-[c;r6]"",
    ""description"": ""The beta aromatic carbon of a 1H-pyrrole ring that forms the biaryl bond to a benzene carbon. Nearest neighbors: two ring sp2 atoms in pyrrole and one aryl sp2 C."",
    ""uncertainty"": ""70""
  },
  {
    ""atom_type"": 1001,
    ""element"": ""C"",
    ""chemical_environment"": ""Phenyl ipso carbon bonded to the pyrrole ring in 3-phenylpyrrole."",
    ""functional_group"": ""biaryl linkage (phenyl–pyrrole) ipso aryl carbon"",
    ""hybridization"": ""sp2 (aromatic)"",
    ""example_molecule_smiles"": ""c1c(-c2ccccc2)[nH]cc1"",
    ""group_smarts"": ""[c;r6]-[c;r5;$(*~[nH;r5])]"",
    ""atom_specific_smarts"": ""[c:1;r6]-[c;r5;$(*~[nH;r5])]"",
    ""description"": ""The benzene ipso carbon that connects directly to a pyrrole aromatic carbon. Nearest neighbor: an sp2 carbon in a 1H-pyrrole ring."",
    ""uncertainty"": ""70""
  },
  {
    ""atom_type"": 1002,
    ""element"": ""C"",
    ""chemical_environment"": ""Imidazole ring carbon at C4 bonded to a phenyl ring in 4-phenylimidazole."",
    ""functional_group"": ""biaryl linkage (imidazole–phenyl) at imidazole C4"",
    ""hybridization"": ""sp2 (aromatic)"",
    ""example_molecule_smiles"": ""c1ncc([nH]1)c2ccccc2"",
    ""group_smarts"": ""[c;r5;$(*~[n;r5]);$(*~[nH;r5])]-[c;r6]"",
    ""atom_specific_smarts"": ""[c:1;r5;$(*~[n;r5]);$(*~[nH;r5])]-[c;r6]"",
    ""description"": ""An imidazole aromatic carbon that forms the biaryl bond to benzene; the five-member ring contains one [n] and one [nH]. Nearest neighbors: imidazole ring atoms and an aryl sp2 carbon."",
    ""uncertainty"": ""70""
  },
  {
    ""atom_type"": 1003,
    ""element"": ""C"",
    ""chemical_environment"": ""Phenyl ipso carbon bonded to an imidazole ring in 4-phenylimidazole."",
    ""functional_group"": ""biaryl linkage (phenyl–imidazole) ipso aryl carbon"",
    ""hybridization"": ""sp2 (aromatic)"",
    ""example_molecule_smiles"": ""c1ncc([nH]1)c2ccccc2"",
    ""group_smarts"": ""[c;r6]-[c;r5;$(*~[n;r5]);$(*~[nH;r5])]"",
    ""atom_specific_smarts"": ""[c:1;r6]-[c;r5;$(*~[n;r5]);$(*~[nH;r5])]"",
    ""description"": ""Benzene ipso carbon directly connected to an imidazole aromatic carbon. Nearest neighbor: sp2 C in an imidazole ring."",
    ""uncertainty"": ""70""
  },
  {
    ""atom_type"": 1004,
    ""element"": ""C"",
    ""chemical_environment"": ""Aromatic ipso carbon in diphenylmethane (Ph-CH2-Ph)."",
    ""functional_group"": ""diphenylmethane ipso aryl carbon"",
    ""hybridization"": ""sp2 (aromatic)"",
    ""example_molecule_smiles"": ""c1ccccc1CH2c2ccccc2"",
    ""group_smarts"": ""c-[CH2]-[c;r6]"",
    ""atom_specific_smarts"": ""[c:1;r6]-[CH2]-[c;r6]"",
    ""description"": ""Ipso benzene carbon bonded to a benzylic methylene that connects to a second aryl ring. Nearest neighbor: benzylic CH2."",
    ""uncertainty"": ""25""
  },
  {
    ""atom_type"": 1009,
    ""element"": ""C"",
    ""chemical_environment"": ""Aromatic ipso carbon bearing chlorine in chlorobenzene."",
    ""functional_group"": ""aryl chloride ipso carbon"",
    ""hybridization"": ""sp2 (aromatic)"",
    ""example_molecule_smiles"": ""Clc1ccccc1"",
    ""group_smarts"": ""c-Cl"",
    ""atom_specific_smarts"": ""[c:1;r6]-Cl"",
    ""description"": ""Benzene carbon directly bonded to Cl. Nearest neighbors: aromatic carbons and chlorine."",
    ""uncertainty"": ""10""
  },
  {
    ""atom_type"": 1011,
    ""element"": ""C"",
    ""chemical_environment"": ""Primary iodoalkane carbon (including methyl iodide) bonded to iodine."",
    ""functional_group"": ""alkyl iodide (primary) C–I carbon"",
    ""hybridization"": ""sp3 (tetrahedral)"",
    ""example_molecule_smiles"": ""CI"",
    ""group_smarts"": ""[C;X4;H2,H3]-I"",
    ""atom_specific_smarts"": ""[C;X4;H2,H3:1]-I"",
    ""description"": ""sp3 carbon with two or three hydrogens directly bonded to iodine (methyl or primary iodides). Nearest neighbor: I."",
    ""uncertainty"": ""15""
  },
  {
    ""atom_type"": 1012,
    ""element"": ""C"",
    ""chemical_environment"": ""Secondary iodoalkane carbon bonded to iodine."",
    ""functional_group"": ""alkyl iodide (secondary) C–I carbon"",
    ""hybridization"": ""sp3 (tetrahedral)"",
    ""example_molecule_smiles"": ""CC(C)I"",
    ""group_smarts"": ""[CH;X4](-I)(-[C;X4])-[C;X4]"",
    ""atom_specific_smarts"": ""[CH;X4:1](-I)(-[C;X4])-[C;X4]"",
    ""description"": ""sp3 carbon with one hydrogen, attached to two carbons and iodine."",
    ""uncertainty"": ""15""
  },
  {
    ""atom_type"": 1013,
    ""element"": ""C"",
    ""chemical_environment"": ""Tertiary iodoalkane carbon bonded to iodine."",
    ""functional_group"": ""alkyl iodide (tertiary) C–I carbon"",
    ""hybridization"": ""sp3 (tetrahedral)"",
    ""example_molecule_smiles"": ""CC(C)(C)I"",
    ""group_smarts"": ""[CX4H0](-I)(-[C;X4])-[C;X4]"",
    ""atom_specific_smarts"": ""[CX4H0:1](-I)(-[C;X4])-[C;X4]"",
    ""description"": ""sp3 quaternary carbon attached to iodine and two (additional) carbons (total three carbons)."",
    ""uncertainty"": ""15""
  },
  {
    ""atom_type"": 1016,
    ""element"": ""C"",
    ""chemical_environment"": ""Aromatic ipso carbon bearing bromine in bromobenzene."",
    ""functional_group"": ""aryl bromide ipso carbon"",
    ""hybridization"": ""sp2 (aromatic)"",
    ""example_molecule_smiles"": ""Brc1ccccc1"",
    ""group_smarts"": ""c-Br"",
    ""atom_specific_smarts"": ""[c:1;r6]-Br"",
    ""description"": ""Benzene carbon directly bonded to Br. Nearest neighbors: aromatic carbons and bromine."",
    ""uncertainty"": ""10""
  },
  {
    ""atom_type"": 1018,
    ""element"": ""C"",
    ""chemical_environment"": ""Aromatic ipso carbon bearing iodine in iodobenzene."",
    ""functional_group"": ""aryl iodide ipso carbon"",
    ""hybridization"": ""sp2 (aromatic)"",
    ""example_molecule_smiles"": ""Ic1ccccc1"",
    ""group_smarts"": ""c-I"",
    ""atom_specific_smarts"": ""[c:1;r6]-I"",
    ""description"": ""Benzene carbon directly bonded to I. Nearest neighbors: aromatic carbons and iodine."",
    ""uncertainty"": ""10""
  },
  {
    ""atom_type"": 1022,
    ""element"": ""C"",
    ""chemical_environment"": ""Aromatic ipso carbon on the N of an N-phenyl sulfonamide (Ar–N–S(=O)2)."",
    ""functional_group"": ""N-phenyl sulfonamide ipso aryl carbon"",
    ""hybridization"": ""sp2 (aromatic)"",
    ""example_molecule_smiles"": ""O=S(=O)(C)Nc1ccccc1"",
    ""group_smarts"": ""c-[N;X3]-S(=O)(=O)"",
    ""atom_specific_smarts"": ""[c:1;r6]-[N;X3]-S(=O)(=O)"",
    ""description"": ""Ipso benzene carbon bonded to a sulfonamide nitrogen that is attached to a sulfonyl group. Nearest neighbors: aryl C and sulfonamide N."",
    ""uncertainty"": ""25""
  },
  {
    ""atom_type"": 1026,
    ""element"": ""C"",
    ""chemical_environment"": ""Epoxide (oxirane) ring CH2 carbon."",
    ""functional_group"": ""epoxide ring carbon (CH2)"",
    ""hybridization"": ""sp3 (strained tetrahedral)"",
    ""example_molecule_smiles"": ""C1CO1"",
    ""group_smarts"": ""[CH2;R3]-[O;R3]-[C;R3]"",
    ""atom_specific_smarts"": ""[CH2;R3:1]-[O;R3]-[C;R3]"",
    ""description"": ""Three-membered cyclic ether carbon bearing two hydrogens and bonded to ring oxygen. Nearest neighbors: ring O and ring C."",
    ""uncertainty"": ""15""
  },
  {
    ""atom_type"": 1027,
    ""element"": ""C"",
    ""chemical_environment"": ""Epoxide (oxirane) ring CH carbon (monosubstituted)."",
    ""functional_group"": ""epoxide ring carbon (CH)"",
    ""hybridization"": ""sp3 (strained tetrahedral)"",
    ""example_molecule_smiles"": ""CC1CO1"",
    ""group_smarts"": ""[CH;R3]-[O;R3]-[C;R3]"",
    ""atom_specific_smarts"": ""[CH;R3:1]-[O;R3]-[C;R3]"",
    ""description"": ""Three-membered cyclic ether carbon bearing one hydrogen and bonded to ring oxygen. Nearest neighbors: ring O and ring C."",
    ""uncertainty"": ""15""
  }
]"
989,0.145,C  - CT   | C in CH2NR2 - benzyl amines; C(CH2NH2) is,12.011,oplsaa.lt,C,6,"Convert the following OPLS-AA atom type rows:

Atom Type Data:
- Atom index: 988
- Force field raw info: C  - CA   | ipso C in N-methyl,N-phenylacetamide
- Partial charge: -0.045
- Atomic mass: 12.011
- Element guess: C
- Atomic number: 6
- Source file: oplsaa.lt


Atom Type Data:
- Atom index: 989
- Force field raw info: C  - CT   | C in CH2NR2 - benzyl amines; C(CH2NH2) is
- Partial charge: 0.145
- Atomic mass: 12.011
- Element guess: C
- Atomic number: 6
- Source file: oplsaa.lt


Atom Type Data:
- Atom index: 990
- Force field raw info: C  - C~   | C in hydroxamic acid jtr 11/98
- Partial charge: 0.888
- Atomic mass: 12.011
- Element guess: C
- Atomic number: 6
- Source file: oplsaa.lt


Atom Type Data:
- Atom index: 991
- Force field raw info: C  - C~   | C in aromatic hydroxamic aciT
- Partial charge: 1.003
- Atomic mass: 12.011
- Element guess: C
- Atomic number: 6
- Source file: oplsaa.lt


Atom Type Data:
- Atom index: 997
- Force field raw info: C  - CT   | C in CHROR - benzyl ethers; C(CHROR) is
- Partial charge: 0.225
- Atomic mass: 12.011
- Element guess: C
- Atomic number: 6
- Source file: oplsaa.lt


Atom Type Data:
- Atom index: 998
- Force field raw info: C  - CT   | C in CRROR - benzyl ethers; C(CRROR) is
- Partial charge: 0.255
- Atomic mass: 12.011
- Element guess: C
- Atomic number: 6
- Source file: oplsaa.lt


Atom Type Data:
- Atom index: 1000
- Force field raw info: C  - C!   | 3-phenyl pyrrole C3
- Partial charge: -0.034
- Atomic mass: 12.011
- Element guess: C
- Atomic number: 6
- Source file: oplsaa.lt


Atom Type Data:
- Atom index: 1001
- Force field raw info: C  - C!   | 3-phenyl pyrrole C3'
- Partial charge: 0.003
- Atomic mass: 12.011
- Element guess: C
- Atomic number: 6
- Source file: oplsaa.lt


Atom Type Data:
- Atom index: 1002
- Force field raw info: C  - C!   | 4-phenyl imidazole C4
- Partial charge: 0.3
- Atomic mass: 12.011
- Element guess: C
- Atomic number: 6
- Source file: oplsaa.lt


Atom Type Data:
- Atom index: 1003
- Force field raw info: C  - C!   | 4-phenyl imidazole C4'
- Partial charge: -0.04
- Atomic mass: 12.011
- Element guess: C
- Atomic number: 6
- Source file: oplsaa.lt


Atom Type Data:
- Atom index: 1004
- Force field raw info: C  - CA   | diphenylmethane Cipso
- Partial charge: -0.0575
- Atomic mass: 12.011
- Element guess: C
- Atomic number: 6
- Source file: oplsaa.lt


Atom Type Data:
- Atom index: 1009
- Force field raw info: C  - CA   | C(Cl) chlorobenzene with X site
- Partial charge: 0.175
- Atomic mass: 12.011
- Element guess: C
- Atomic number: 6
- Source file: oplsaa.lt


Atom Type Data:
- Atom index: 1011
- Force field raw info: C  - CT   | C(I) iodoalkane - tentative - primary
- Partial charge: -0.07
- Atomic mass: 12.011
- Element guess: C
- Atomic number: 6
- Source file: oplsaa.lt


Atom Type Data:
- Atom index: 1012
- Force field raw info: C  - CT   | C(I) iodoalkane - tentative - secondary
- Partial charge: 0.03
- Atomic mass: 12.011
- Element guess: C
- Atomic number: 6
- Source file: oplsaa.lt


Atom Type Data:
- Atom index: 1013
- Force field raw info: C  - CT   | C(I) iodoalkane - tentative - tertiary
- Partial charge: 0.13
- Atomic mass: 12.011
- Element guess: C
- Atomic number: 6
- Source file: oplsaa.lt


Atom Type Data:
- Atom index: 1016
- Force field raw info: C  - CA   | C(Br) bromobenzene with X site
- Partial charge: 0.17
- Atomic mass: 12.011
- Element guess: C
- Atomic number: 6
- Source file: oplsaa.lt


Atom Type Data:
- Atom index: 1018
- Force field raw info: C  - CA   | C(I) iodobenzene with X site
- Partial charge: 0.15
- Atomic mass: 12.011
- Element guess: C
- Atomic number: 6
- Source file: oplsaa.lt


Atom Type Data:
- Atom index: 1022
- Force field raw info: C  - CA   | benzene C on N of N-phenyl sulfonamide
- Partial charge: 0.155
- Atomic mass: 12.011
- Element guess: C
- Atomic number: 6
- Source file: oplsaa.lt


Atom Type Data:
- Atom index: 1026
- Force field raw info: C  - CY   | CH2 epoxide
- Partial charge: 0.14
- Atomic mass: 12.011
- Element guess: C
- Atomic number: 6
- Source file: oplsaa.lt


Atom Type Data:
- Atom index: 1027
- Force field raw info: C  - CY   | CH epoxide
- Partial charge: 0.17
- Atomic mass: 12.011
- Element guess: C
- Atomic number: 6
- Source file: oplsaa.lt
","[
  {
    ""atom_type"": 988,
    ""element"": ""C"",
    ""chemical_environment"": ""Aromatic ipso carbon bonded to an amide nitrogen (N-aryl amide, anilide)."",
    ""functional_group"": ""anilide (N-aryl amide) ipso aryl carbon"",
    ""hybridization"": ""sp2 (aromatic)"",
    ""example_molecule_smiles"": ""CC(=O)N(C)c1ccccc1"",
    ""group_smarts"": ""c-[N;X3;H0;$([N]-[C](=O)-*)]"",
    ""atom_specific_smarts"": ""[c:1]-[N;X3;H0;$([N]-[C](=O)-*)]"",
    ""description"": ""Ipso benzene carbon directly bonded to an amide N that itself is bound to a carbonyl (N-acyl). Nearest neighbors: aromatic C and amide N(sp2)."",
    ""uncertainty"": ""20""
  },
  {
    ""atom_type"": 989,
    ""element"": ""C"",
    ""chemical_environment"": ""Benzylic methylene attached to an amine nitrogen (benzyl amines: Ar-CH2-NR2)."",
    ""functional_group"": ""benzyl amine benzylic carbon"",
    ""hybridization"": ""sp3 (tetrahedral)"",
    ""example_molecule_smiles"": ""c1ccccc1CN(C)C"",
    ""group_smarts"": ""[CH2]-[N;X3]-[!#1]"",
    ""atom_specific_smarts"": ""[CH2:1](-[N;X3])-[c;r6]"",
    ""description"": ""The CH2 between an aromatic ring and an amine N (primary/secondary/tertiary amines). Nearest neighbors: aromatic sp2 C and amine N(sp3)."",
    ""uncertainty"": ""25""
  },
  {
    ""atom_type"": 990,
    ""element"": ""C"",
    ""chemical_environment"": ""Carbonyl carbon of a hydroxamic acid (R-C(=O)-N(-OH)-H/R)."",
    ""functional_group"": ""hydroxamic acid carbonyl"",
    ""hybridization"": ""sp2 (carbonyl)"",
    ""example_molecule_smiles"": ""CC(=O)NO"",
    ""group_smarts"": ""[C](=O)-[N]-O[H]"",
    ""atom_specific_smarts"": ""[C:1](=O)-[N]-O[H]"",
    ""description"": ""Acyl carbon attached to both a carbonyl oxygen and an N bearing a hydroxyl substituent (N–OH). Nearest neighbors: O(sp2) and N(sp2/sp3)."",
    ""uncertainty"": ""15""
  },
  {
    ""atom_type"": 991,
    ""element"": ""C"",
    ""chemical_environment"": ""Carbonyl carbon of an aromatic hydroxamic acid (Ar-C(=O)-N(-OH)-R/H)."",
    ""functional_group"": ""aromatic hydroxamic acid carbonyl"",
    ""hybridization"": ""sp2 (carbonyl)"",
    ""example_molecule_smiles"": ""O=C(NO)c1ccccc1"",
    ""group_smarts"": ""[C](=O)(-[c;r6])-[N]-O[H]"",
    ""atom_specific_smarts"": ""[C:1](=O)(-[c;r6])-[N]-O[H]"",
    ""description"": ""Hydroxamic acid carbonyl with an aryl substituent on the acyl side. Nearest neighbors: aryl sp2 C, O(sp2), and N."",
    ""uncertainty"": ""35""
  },
  {
    ""atom_type"": 997,
    ""element"": ""C"",
    ""chemical_environment"": ""Secondary benzylic carbon bearing an ether substituent (Ar-CH(OR)-R)."",
    ""functional_group"": ""benzyl ether, secondary benzylic center"",
    ""hybridization"": ""sp3 (tetrahedral)"",
    ""example_molecule_smiles"": ""COC(C)c1ccccc1"",
    ""group_smarts"": ""[CH](-[O;X2]-*)-[c;r6]"",
    ""atom_specific_smarts"": ""[CH:1](-[O;X2]-*)-[c;r6]"",
    ""description"": ""Benzylic CH attached to an ether oxygen and an aromatic ring (plus one carbon). Nearest neighbors: O(sp3) and aryl C."",
    ""uncertainty"": ""25""
  },
  {
    ""atom_type"": 998,
    ""element"": ""C"",
    ""chemical_environment"": ""Tertiary benzylic carbon bearing an ether substituent (Ar-C(OR)(R)R)."",
    ""functional_group"": ""benzyl ether, tertiary benzylic center"",
    ""hybridization"": ""sp3 (tetrahedral)"",
    ""example_molecule_smiles"": ""COC(C)(C)c1ccccc1"",
    ""group_smarts"": ""[CX4H0](-[O;X2]-*)(-[c;r6])-[C;X4]"",
    ""atom_specific_smarts"": ""[CX4H0:1](-[O;X2]-*)(-[c;r6])-[C;X4]"",
    ""description"": ""Benzylic quaternary center connected to an ether oxygen, an aryl carbon, and another carbon. Nearest neighbors: O(sp3), aryl C, alkyl C."",
    ""uncertainty"": ""25""
  },
  {
    ""atom_type"": 1000,
    ""element"": ""C"",
    ""chemical_environment"": ""Pyrrole ring carbon at C3 (beta) bonded to a phenyl ring in 3-phenylpyrrole."",
    ""functional_group"": ""biaryl linkage (pyrrole–phenyl) at pyrrole C3"",
    ""hybridization"": ""sp2 (aromatic)"",
    ""example_molecule_smiles"": ""c1c(-c2ccccc2)[nH]cc1"",
    ""group_smarts"": ""[c;r5;$(*~[nH;r5])]-[c;r6]"",
    ""atom_specific_smarts"": ""[c:1;r5;$(*~[nH;r5])]-[c;r6]"",
    ""description"": ""The beta aromatic carbon of a 1H-pyrrole ring that forms the biaryl bond to a benzene carbon. Nearest neighbors: two ring sp2 atoms in pyrrole and one aryl sp2 C."",
    ""uncertainty"": ""70""
  },
  {
    ""atom_type"": 1001,
    ""element"": ""C"",
    ""chemical_environment"": ""Phenyl ipso carbon bonded to the pyrrole ring in 3-phenylpyrrole."",
    ""functional_group"": ""biaryl linkage (phenyl–pyrrole) ipso aryl carbon"",
    ""hybridization"": ""sp2 (aromatic)"",
    ""example_molecule_smiles"": ""c1c(-c2ccccc2)[nH]cc1"",
    ""group_smarts"": ""[c;r6]-[c;r5;$(*~[nH;r5])]"",
    ""atom_specific_smarts"": ""[c:1;r6]-[c;r5;$(*~[nH;r5])]"",
    ""description"": ""The benzene ipso carbon that connects directly to a pyrrole aromatic carbon. Nearest neighbor: an sp2 carbon in a 1H-pyrrole ring."",
    ""uncertainty"": ""70""
  },
  {
    ""atom_type"": 1002,
    ""element"": ""C"",
    ""chemical_environment"": ""Imidazole ring carbon at C4 bonded to a phenyl ring in 4-phenylimidazole."",
    ""functional_group"": ""biaryl linkage (imidazole–phenyl) at imidazole C4"",
    ""hybridization"": ""sp2 (aromatic)"",
    ""example_molecule_smiles"": ""c1ncc([nH]1)c2ccccc2"",
    ""group_smarts"": ""[c;r5;$(*~[n;r5]);$(*~[nH;r5])]-[c;r6]"",
    ""atom_specific_smarts"": ""[c:1;r5;$(*~[n;r5]);$(*~[nH;r5])]-[c;r6]"",
    ""description"": ""An imidazole aromatic carbon that forms the biaryl bond to benzene; the five-member ring contains one [n] and one [nH]. Nearest neighbors: imidazole ring atoms and an aryl sp2 carbon."",
    ""uncertainty"": ""70""
  },
  {
    ""atom_type"": 1003,
    ""element"": ""C"",
    ""chemical_environment"": ""Phenyl ipso carbon bonded to an imidazole ring in 4-phenylimidazole."",
    ""functional_group"": ""biaryl linkage (phenyl–imidazole) ipso aryl carbon"",
    ""hybridization"": ""sp2 (aromatic)"",
    ""example_molecule_smiles"": ""c1ncc([nH]1)c2ccccc2"",
    ""group_smarts"": ""[c;r6]-[c;r5;$(*~[n;r5]);$(*~[nH;r5])]"",
    ""atom_specific_smarts"": ""[c:1;r6]-[c;r5;$(*~[n;r5]);$(*~[nH;r5])]"",
    ""description"": ""Benzene ipso carbon directly connected to an imidazole aromatic carbon. Nearest neighbor: sp2 C in an imidazole ring."",
    ""uncertainty"": ""70""
  },
  {
    ""atom_type"": 1004,
    ""element"": ""C"",
    ""chemical_environment"": ""Aromatic ipso carbon in diphenylmethane (Ph-CH2-Ph)."",
    ""functional_group"": ""diphenylmethane ipso aryl carbon"",
    ""hybridization"": ""sp2 (aromatic)"",
    ""example_molecule_smiles"": ""c1ccccc1CH2c2ccccc2"",
    ""group_smarts"": ""c-[CH2]-[c;r6]"",
    ""atom_specific_smarts"": ""[c:1;r6]-[CH2]-[c;r6]"",
    ""description"": ""Ipso benzene carbon bonded to a benzylic methylene that connects to a second aryl ring. Nearest neighbor: benzylic CH2."",
    ""uncertainty"": ""25""
  },
  {
    ""atom_type"": 1009,
    ""element"": ""C"",
    ""chemical_environment"": ""Aromatic ipso carbon bearing chlorine in chlorobenzene."",
    ""functional_group"": ""aryl chloride ipso carbon"",
    ""hybridization"": ""sp2 (aromatic)"",
    ""example_molecule_smiles"": ""Clc1ccccc1"",
    ""group_smarts"": ""c-Cl"",
    ""atom_specific_smarts"": ""[c:1;r6]-Cl"",
    ""description"": ""Benzene carbon directly bonded to Cl. Nearest neighbors: aromatic carbons and chlorine."",
    ""uncertainty"": ""10""
  },
  {
    ""atom_type"": 1011,
    ""element"": ""C"",
    ""chemical_environment"": ""Primary iodoalkane carbon (including methyl iodide) bonded to iodine."",
    ""functional_group"": ""alkyl iodide (primary) C–I carbon"",
    ""hybridization"": ""sp3 (tetrahedral)"",
    ""example_molecule_smiles"": ""CI"",
    ""group_smarts"": ""[C;X4;H2,H3]-I"",
    ""atom_specific_smarts"": ""[C;X4;H2,H3:1]-I"",
    ""description"": ""sp3 carbon with two or three hydrogens directly bonded to iodine (methyl or primary iodides). Nearest neighbor: I."",
    ""uncertainty"": ""15""
  },
  {
    ""atom_type"": 1012,
    ""element"": ""C"",
    ""chemical_environment"": ""Secondary iodoalkane carbon bonded to iodine."",
    ""functional_group"": ""alkyl iodide (secondary) C–I carbon"",
    ""hybridization"": ""sp3 (tetrahedral)"",
    ""example_molecule_smiles"": ""CC(C)I"",
    ""group_smarts"": ""[CH;X4](-I)(-[C;X4])-[C;X4]"",
    ""atom_specific_smarts"": ""[CH;X4:1](-I)(-[C;X4])-[C;X4]"",
    ""description"": ""sp3 carbon with one hydrogen, attached to two carbons and iodine."",
    ""uncertainty"": ""15""
  },
  {
    ""atom_type"": 1013,
    ""element"": ""C"",
    ""chemical_environment"": ""Tertiary iodoalkane carbon bonded to iodine."",
    ""functional_group"": ""alkyl iodide (tertiary) C–I carbon"",
    ""hybridization"": ""sp3 (tetrahedral)"",
    ""example_molecule_smiles"": ""CC(C)(C)I"",
    ""group_smarts"": ""[CX4H0](-I)(-[C;X4])-[C;X4]"",
    ""atom_specific_smarts"": ""[CX4H0:1](-I)(-[C;X4])-[C;X4]"",
    ""description"": ""sp3 quaternary carbon attached to iodine and two (additional) carbons (total three carbons)."",
    ""uncertainty"": ""15""
  },
  {
    ""atom_type"": 1016,
    ""element"": ""C"",
    ""chemical_environment"": ""Aromatic ipso carbon bearing bromine in bromobenzene."",
    ""functional_group"": ""aryl bromide ipso carbon"",
    ""hybridization"": ""sp2 (aromatic)"",
    ""example_molecule_smiles"": ""Brc1ccccc1"",
    ""group_smarts"": ""c-Br"",
    ""atom_specific_smarts"": ""[c:1;r6]-Br"",
    ""description"": ""Benzene carbon directly bonded to Br. Nearest neighbors: aromatic carbons and bromine."",
    ""uncertainty"": ""10""
  },
  {
    ""atom_type"": 1018,
    ""element"": ""C"",
    ""chemical_environment"": ""Aromatic ipso carbon bearing iodine in iodobenzene."",
    ""functional_group"": ""aryl iodide ipso carbon"",
    ""hybridization"": ""sp2 (aromatic)"",
    ""example_molecule_smiles"": ""Ic1ccccc1"",
    ""group_smarts"": ""c-I"",
    ""atom_specific_smarts"": ""[c:1;r6]-I"",
    ""description"": ""Benzene carbon directly bonded to I. Nearest neighbors: aromatic carbons and iodine."",
    ""uncertainty"": ""10""
  },
  {
    ""atom_type"": 1022,
    ""element"": ""C"",
    ""chemical_environment"": ""Aromatic ipso carbon on the N of an N-phenyl sulfonamide (Ar–N–S(=O)2)."",
    ""functional_group"": ""N-phenyl sulfonamide ipso aryl carbon"",
    ""hybridization"": ""sp2 (aromatic)"",
    ""example_molecule_smiles"": ""O=S(=O)(C)Nc1ccccc1"",
    ""group_smarts"": ""c-[N;X3]-S(=O)(=O)"",
    ""atom_specific_smarts"": ""[c:1;r6]-[N;X3]-S(=O)(=O)"",
    ""description"": ""Ipso benzene carbon bonded to a sulfonamide nitrogen that is attached to a sulfonyl group. Nearest neighbors: aryl C and sulfonamide N."",
    ""uncertainty"": ""25""
  },
  {
    ""atom_type"": 1026,
    ""element"": ""C"",
    ""chemical_environment"": ""Epoxide (oxirane) ring CH2 carbon."",
    ""functional_group"": ""epoxide ring carbon (CH2)"",
    ""hybridization"": ""sp3 (strained tetrahedral)"",
    ""example_molecule_smiles"": ""C1CO1"",
    ""group_smarts"": ""[CH2;R3]-[O;R3]-[C;R3]"",
    ""atom_specific_smarts"": ""[CH2;R3:1]-[O;R3]-[C;R3]"",
    ""description"": ""Three-membered cyclic ether carbon bearing two hydrogens and bonded to ring oxygen. Nearest neighbors: ring O and ring C."",
    ""uncertainty"": ""15""
  },
  {
    ""atom_type"": 1027,
    ""element"": ""C"",
    ""chemical_environment"": ""Epoxide (oxirane) ring CH carbon (monosubstituted)."",
    ""functional_group"": ""epoxide ring carbon (CH)"",
    ""hybridization"": ""sp3 (strained tetrahedral)"",
    ""example_molecule_smiles"": ""CC1CO1"",
    ""group_smarts"": ""[CH;R3]-[O;R3]-[C;R3]"",
    ""atom_specific_smarts"": ""[CH;R3:1]-[O;R3]-[C;R3]"",
    ""description"": ""Three-membered cyclic ether carbon bearing one hydrogen and bonded to ring oxygen. Nearest neighbors: ring O and ring C."",
    ""uncertainty"": ""15""
  }
]"
990,0.888,C  - C~   | C in hydroxamic acid jtr 11/98,12.011,oplsaa.lt,C,6,"Convert the following OPLS-AA atom type rows:

Atom Type Data:
- Atom index: 988
- Force field raw info: C  - CA   | ipso C in N-methyl,N-phenylacetamide
- Partial charge: -0.045
- Atomic mass: 12.011
- Element guess: C
- Atomic number: 6
- Source file: oplsaa.lt


Atom Type Data:
- Atom index: 989
- Force field raw info: C  - CT   | C in CH2NR2 - benzyl amines; C(CH2NH2) is
- Partial charge: 0.145
- Atomic mass: 12.011
- Element guess: C
- Atomic number: 6
- Source file: oplsaa.lt


Atom Type Data:
- Atom index: 990
- Force field raw info: C  - C~   | C in hydroxamic acid jtr 11/98
- Partial charge: 0.888
- Atomic mass: 12.011
- Element guess: C
- Atomic number: 6
- Source file: oplsaa.lt


Atom Type Data:
- Atom index: 991
- Force field raw info: C  - C~   | C in aromatic hydroxamic aciT
- Partial charge: 1.003
- Atomic mass: 12.011
- Element guess: C
- Atomic number: 6
- Source file: oplsaa.lt


Atom Type Data:
- Atom index: 997
- Force field raw info: C  - CT   | C in CHROR - benzyl ethers; C(CHROR) is
- Partial charge: 0.225
- Atomic mass: 12.011
- Element guess: C
- Atomic number: 6
- Source file: oplsaa.lt


Atom Type Data:
- Atom index: 998
- Force field raw info: C  - CT   | C in CRROR - benzyl ethers; C(CRROR) is
- Partial charge: 0.255
- Atomic mass: 12.011
- Element guess: C
- Atomic number: 6
- Source file: oplsaa.lt


Atom Type Data:
- Atom index: 1000
- Force field raw info: C  - C!   | 3-phenyl pyrrole C3
- Partial charge: -0.034
- Atomic mass: 12.011
- Element guess: C
- Atomic number: 6
- Source file: oplsaa.lt


Atom Type Data:
- Atom index: 1001
- Force field raw info: C  - C!   | 3-phenyl pyrrole C3'
- Partial charge: 0.003
- Atomic mass: 12.011
- Element guess: C
- Atomic number: 6
- Source file: oplsaa.lt


Atom Type Data:
- Atom index: 1002
- Force field raw info: C  - C!   | 4-phenyl imidazole C4
- Partial charge: 0.3
- Atomic mass: 12.011
- Element guess: C
- Atomic number: 6
- Source file: oplsaa.lt


Atom Type Data:
- Atom index: 1003
- Force field raw info: C  - C!   | 4-phenyl imidazole C4'
- Partial charge: -0.04
- Atomic mass: 12.011
- Element guess: C
- Atomic number: 6
- Source file: oplsaa.lt


Atom Type Data:
- Atom index: 1004
- Force field raw info: C  - CA   | diphenylmethane Cipso
- Partial charge: -0.0575
- Atomic mass: 12.011
- Element guess: C
- Atomic number: 6
- Source file: oplsaa.lt


Atom Type Data:
- Atom index: 1009
- Force field raw info: C  - CA   | C(Cl) chlorobenzene with X site
- Partial charge: 0.175
- Atomic mass: 12.011
- Element guess: C
- Atomic number: 6
- Source file: oplsaa.lt


Atom Type Data:
- Atom index: 1011
- Force field raw info: C  - CT   | C(I) iodoalkane - tentative - primary
- Partial charge: -0.07
- Atomic mass: 12.011
- Element guess: C
- Atomic number: 6
- Source file: oplsaa.lt


Atom Type Data:
- Atom index: 1012
- Force field raw info: C  - CT   | C(I) iodoalkane - tentative - secondary
- Partial charge: 0.03
- Atomic mass: 12.011
- Element guess: C
- Atomic number: 6
- Source file: oplsaa.lt


Atom Type Data:
- Atom index: 1013
- Force field raw info: C  - CT   | C(I) iodoalkane - tentative - tertiary
- Partial charge: 0.13
- Atomic mass: 12.011
- Element guess: C
- Atomic number: 6
- Source file: oplsaa.lt


Atom Type Data:
- Atom index: 1016
- Force field raw info: C  - CA   | C(Br) bromobenzene with X site
- Partial charge: 0.17
- Atomic mass: 12.011
- Element guess: C
- Atomic number: 6
- Source file: oplsaa.lt


Atom Type Data:
- Atom index: 1018
- Force field raw info: C  - CA   | C(I) iodobenzene with X site
- Partial charge: 0.15
- Atomic mass: 12.011
- Element guess: C
- Atomic number: 6
- Source file: oplsaa.lt


Atom Type Data:
- Atom index: 1022
- Force field raw info: C  - CA   | benzene C on N of N-phenyl sulfonamide
- Partial charge: 0.155
- Atomic mass: 12.011
- Element guess: C
- Atomic number: 6
- Source file: oplsaa.lt


Atom Type Data:
- Atom index: 1026
- Force field raw info: C  - CY   | CH2 epoxide
- Partial charge: 0.14
- Atomic mass: 12.011
- Element guess: C
- Atomic number: 6
- Source file: oplsaa.lt


Atom Type Data:
- Atom index: 1027
- Force field raw info: C  - CY   | CH epoxide
- Partial charge: 0.17
- Atomic mass: 12.011
- Element guess: C
- Atomic number: 6
- Source file: oplsaa.lt
","[
  {
    ""atom_type"": 988,
    ""element"": ""C"",
    ""chemical_environment"": ""Aromatic ipso carbon bonded to an amide nitrogen (N-aryl amide, anilide)."",
    ""functional_group"": ""anilide (N-aryl amide) ipso aryl carbon"",
    ""hybridization"": ""sp2 (aromatic)"",
    ""example_molecule_smiles"": ""CC(=O)N(C)c1ccccc1"",
    ""group_smarts"": ""c-[N;X3;H0;$([N]-[C](=O)-*)]"",
    ""atom_specific_smarts"": ""[c:1]-[N;X3;H0;$([N]-[C](=O)-*)]"",
    ""description"": ""Ipso benzene carbon directly bonded to an amide N that itself is bound to a carbonyl (N-acyl). Nearest neighbors: aromatic C and amide N(sp2)."",
    ""uncertainty"": ""20""
  },
  {
    ""atom_type"": 989,
    ""element"": ""C"",
    ""chemical_environment"": ""Benzylic methylene attached to an amine nitrogen (benzyl amines: Ar-CH2-NR2)."",
    ""functional_group"": ""benzyl amine benzylic carbon"",
    ""hybridization"": ""sp3 (tetrahedral)"",
    ""example_molecule_smiles"": ""c1ccccc1CN(C)C"",
    ""group_smarts"": ""[CH2]-[N;X3]-[!#1]"",
    ""atom_specific_smarts"": ""[CH2:1](-[N;X3])-[c;r6]"",
    ""description"": ""The CH2 between an aromatic ring and an amine N (primary/secondary/tertiary amines). Nearest neighbors: aromatic sp2 C and amine N(sp3)."",
    ""uncertainty"": ""25""
  },
  {
    ""atom_type"": 990,
    ""element"": ""C"",
    ""chemical_environment"": ""Carbonyl carbon of a hydroxamic acid (R-C(=O)-N(-OH)-H/R)."",
    ""functional_group"": ""hydroxamic acid carbonyl"",
    ""hybridization"": ""sp2 (carbonyl)"",
    ""example_molecule_smiles"": ""CC(=O)NO"",
    ""group_smarts"": ""[C](=O)-[N]-O[H]"",
    ""atom_specific_smarts"": ""[C:1](=O)-[N]-O[H]"",
    ""description"": ""Acyl carbon attached to both a carbonyl oxygen and an N bearing a hydroxyl substituent (N–OH). Nearest neighbors: O(sp2) and N(sp2/sp3)."",
    ""uncertainty"": ""15""
  },
  {
    ""atom_type"": 991,
    ""element"": ""C"",
    ""chemical_environment"": ""Carbonyl carbon of an aromatic hydroxamic acid (Ar-C(=O)-N(-OH)-R/H)."",
    ""functional_group"": ""aromatic hydroxamic acid carbonyl"",
    ""hybridization"": ""sp2 (carbonyl)"",
    ""example_molecule_smiles"": ""O=C(NO)c1ccccc1"",
    ""group_smarts"": ""[C](=O)(-[c;r6])-[N]-O[H]"",
    ""atom_specific_smarts"": ""[C:1](=O)(-[c;r6])-[N]-O[H]"",
    ""description"": ""Hydroxamic acid carbonyl with an aryl substituent on the acyl side. Nearest neighbors: aryl sp2 C, O(sp2), and N."",
    ""uncertainty"": ""35""
  },
  {
    ""atom_type"": 997,
    ""element"": ""C"",
    ""chemical_environment"": ""Secondary benzylic carbon bearing an ether substituent (Ar-CH(OR)-R)."",
    ""functional_group"": ""benzyl ether, secondary benzylic center"",
    ""hybridization"": ""sp3 (tetrahedral)"",
    ""example_molecule_smiles"": ""COC(C)c1ccccc1"",
    ""group_smarts"": ""[CH](-[O;X2]-*)-[c;r6]"",
    ""atom_specific_smarts"": ""[CH:1](-[O;X2]-*)-[c;r6]"",
    ""description"": ""Benzylic CH attached to an ether oxygen and an aromatic ring (plus one carbon). Nearest neighbors: O(sp3) and aryl C."",
    ""uncertainty"": ""25""
  },
  {
    ""atom_type"": 998,
    ""element"": ""C"",
    ""chemical_environment"": ""Tertiary benzylic carbon bearing an ether substituent (Ar-C(OR)(R)R)."",
    ""functional_group"": ""benzyl ether, tertiary benzylic center"",
    ""hybridization"": ""sp3 (tetrahedral)"",
    ""example_molecule_smiles"": ""COC(C)(C)c1ccccc1"",
    ""group_smarts"": ""[CX4H0](-[O;X2]-*)(-[c;r6])-[C;X4]"",
    ""atom_specific_smarts"": ""[CX4H0:1](-[O;X2]-*)(-[c;r6])-[C;X4]"",
    ""description"": ""Benzylic quaternary center connected to an ether oxygen, an aryl carbon, and another carbon. Nearest neighbors: O(sp3), aryl C, alkyl C."",
    ""uncertainty"": ""25""
  },
  {
    ""atom_type"": 1000,
    ""element"": ""C"",
    ""chemical_environment"": ""Pyrrole ring carbon at C3 (beta) bonded to a phenyl ring in 3-phenylpyrrole."",
    ""functional_group"": ""biaryl linkage (pyrrole–phenyl) at pyrrole C3"",
    ""hybridization"": ""sp2 (aromatic)"",
    ""example_molecule_smiles"": ""c1c(-c2ccccc2)[nH]cc1"",
    ""group_smarts"": ""[c;r5;$(*~[nH;r5])]-[c;r6]"",
    ""atom_specific_smarts"": ""[c:1;r5;$(*~[nH;r5])]-[c;r6]"",
    ""description"": ""The beta aromatic carbon of a 1H-pyrrole ring that forms the biaryl bond to a benzene carbon. Nearest neighbors: two ring sp2 atoms in pyrrole and one aryl sp2 C."",
    ""uncertainty"": ""70""
  },
  {
    ""atom_type"": 1001,
    ""element"": ""C"",
    ""chemical_environment"": ""Phenyl ipso carbon bonded to the pyrrole ring in 3-phenylpyrrole."",
    ""functional_group"": ""biaryl linkage (phenyl–pyrrole) ipso aryl carbon"",
    ""hybridization"": ""sp2 (aromatic)"",
    ""example_molecule_smiles"": ""c1c(-c2ccccc2)[nH]cc1"",
    ""group_smarts"": ""[c;r6]-[c;r5;$(*~[nH;r5])]"",
    ""atom_specific_smarts"": ""[c:1;r6]-[c;r5;$(*~[nH;r5])]"",
    ""description"": ""The benzene ipso carbon that connects directly to a pyrrole aromatic carbon. Nearest neighbor: an sp2 carbon in a 1H-pyrrole ring."",
    ""uncertainty"": ""70""
  },
  {
    ""atom_type"": 1002,
    ""element"": ""C"",
    ""chemical_environment"": ""Imidazole ring carbon at C4 bonded to a phenyl ring in 4-phenylimidazole."",
    ""functional_group"": ""biaryl linkage (imidazole–phenyl) at imidazole C4"",
    ""hybridization"": ""sp2 (aromatic)"",
    ""example_molecule_smiles"": ""c1ncc([nH]1)c2ccccc2"",
    ""group_smarts"": ""[c;r5;$(*~[n;r5]);$(*~[nH;r5])]-[c;r6]"",
    ""atom_specific_smarts"": ""[c:1;r5;$(*~[n;r5]);$(*~[nH;r5])]-[c;r6]"",
    ""description"": ""An imidazole aromatic carbon that forms the biaryl bond to benzene; the five-member ring contains one [n] and one [nH]. Nearest neighbors: imidazole ring atoms and an aryl sp2 carbon."",
    ""uncertainty"": ""70""
  },
  {
    ""atom_type"": 1003,
    ""element"": ""C"",
    ""chemical_environment"": ""Phenyl ipso carbon bonded to an imidazole ring in 4-phenylimidazole."",
    ""functional_group"": ""biaryl linkage (phenyl–imidazole) ipso aryl carbon"",
    ""hybridization"": ""sp2 (aromatic)"",
    ""example_molecule_smiles"": ""c1ncc([nH]1)c2ccccc2"",
    ""group_smarts"": ""[c;r6]-[c;r5;$(*~[n;r5]);$(*~[nH;r5])]"",
    ""atom_specific_smarts"": ""[c:1;r6]-[c;r5;$(*~[n;r5]);$(*~[nH;r5])]"",
    ""description"": ""Benzene ipso carbon directly connected to an imidazole aromatic carbon. Nearest neighbor: sp2 C in an imidazole ring."",
    ""uncertainty"": ""70""
  },
  {
    ""atom_type"": 1004,
    ""element"": ""C"",
    ""chemical_environment"": ""Aromatic ipso carbon in diphenylmethane (Ph-CH2-Ph)."",
    ""functional_group"": ""diphenylmethane ipso aryl carbon"",
    ""hybridization"": ""sp2 (aromatic)"",
    ""example_molecule_smiles"": ""c1ccccc1CH2c2ccccc2"",
    ""group_smarts"": ""c-[CH2]-[c;r6]"",
    ""atom_specific_smarts"": ""[c:1;r6]-[CH2]-[c;r6]"",
    ""description"": ""Ipso benzene carbon bonded to a benzylic methylene that connects to a second aryl ring. Nearest neighbor: benzylic CH2."",
    ""uncertainty"": ""25""
  },
  {
    ""atom_type"": 1009,
    ""element"": ""C"",
    ""chemical_environment"": ""Aromatic ipso carbon bearing chlorine in chlorobenzene."",
    ""functional_group"": ""aryl chloride ipso carbon"",
    ""hybridization"": ""sp2 (aromatic)"",
    ""example_molecule_smiles"": ""Clc1ccccc1"",
    ""group_smarts"": ""c-Cl"",
    ""atom_specific_smarts"": ""[c:1;r6]-Cl"",
    ""description"": ""Benzene carbon directly bonded to Cl. Nearest neighbors: aromatic carbons and chlorine."",
    ""uncertainty"": ""10""
  },
  {
    ""atom_type"": 1011,
    ""element"": ""C"",
    ""chemical_environment"": ""Primary iodoalkane carbon (including methyl iodide) bonded to iodine."",
    ""functional_group"": ""alkyl iodide (primary) C–I carbon"",
    ""hybridization"": ""sp3 (tetrahedral)"",
    ""example_molecule_smiles"": ""CI"",
    ""group_smarts"": ""[C;X4;H2,H3]-I"",
    ""atom_specific_smarts"": ""[C;X4;H2,H3:1]-I"",
    ""description"": ""sp3 carbon with two or three hydrogens directly bonded to iodine (methyl or primary iodides). Nearest neighbor: I."",
    ""uncertainty"": ""15""
  },
  {
    ""atom_type"": 1012,
    ""element"": ""C"",
    ""chemical_environment"": ""Secondary iodoalkane carbon bonded to iodine."",
    ""functional_group"": ""alkyl iodide (secondary) C–I carbon"",
    ""hybridization"": ""sp3 (tetrahedral)"",
    ""example_molecule_smiles"": ""CC(C)I"",
    ""group_smarts"": ""[CH;X4](-I)(-[C;X4])-[C;X4]"",
    ""atom_specific_smarts"": ""[CH;X4:1](-I)(-[C;X4])-[C;X4]"",
    ""description"": ""sp3 carbon with one hydrogen, attached to two carbons and iodine."",
    ""uncertainty"": ""15""
  },
  {
    ""atom_type"": 1013,
    ""element"": ""C"",
    ""chemical_environment"": ""Tertiary iodoalkane carbon bonded to iodine."",
    ""functional_group"": ""alkyl iodide (tertiary) C–I carbon"",
    ""hybridization"": ""sp3 (tetrahedral)"",
    ""example_molecule_smiles"": ""CC(C)(C)I"",
    ""group_smarts"": ""[CX4H0](-I)(-[C;X4])-[C;X4]"",
    ""atom_specific_smarts"": ""[CX4H0:1](-I)(-[C;X4])-[C;X4]"",
    ""description"": ""sp3 quaternary carbon attached to iodine and two (additional) carbons (total three carbons)."",
    ""uncertainty"": ""15""
  },
  {
    ""atom_type"": 1016,
    ""element"": ""C"",
    ""chemical_environment"": ""Aromatic ipso carbon bearing bromine in bromobenzene."",
    ""functional_group"": ""aryl bromide ipso carbon"",
    ""hybridization"": ""sp2 (aromatic)"",
    ""example_molecule_smiles"": ""Brc1ccccc1"",
    ""group_smarts"": ""c-Br"",
    ""atom_specific_smarts"": ""[c:1;r6]-Br"",
    ""description"": ""Benzene carbon directly bonded to Br. Nearest neighbors: aromatic carbons and bromine."",
    ""uncertainty"": ""10""
  },
  {
    ""atom_type"": 1018,
    ""element"": ""C"",
    ""chemical_environment"": ""Aromatic ipso carbon bearing iodine in iodobenzene."",
    ""functional_group"": ""aryl iodide ipso carbon"",
    ""hybridization"": ""sp2 (aromatic)"",
    ""example_molecule_smiles"": ""Ic1ccccc1"",
    ""group_smarts"": ""c-I"",
    ""atom_specific_smarts"": ""[c:1;r6]-I"",
    ""description"": ""Benzene carbon directly bonded to I. Nearest neighbors: aromatic carbons and iodine."",
    ""uncertainty"": ""10""
  },
  {
    ""atom_type"": 1022,
    ""element"": ""C"",
    ""chemical_environment"": ""Aromatic ipso carbon on the N of an N-phenyl sulfonamide (Ar–N–S(=O)2)."",
    ""functional_group"": ""N-phenyl sulfonamide ipso aryl carbon"",
    ""hybridization"": ""sp2 (aromatic)"",
    ""example_molecule_smiles"": ""O=S(=O)(C)Nc1ccccc1"",
    ""group_smarts"": ""c-[N;X3]-S(=O)(=O)"",
    ""atom_specific_smarts"": ""[c:1;r6]-[N;X3]-S(=O)(=O)"",
    ""description"": ""Ipso benzene carbon bonded to a sulfonamide nitrogen that is attached to a sulfonyl group. Nearest neighbors: aryl C and sulfonamide N."",
    ""uncertainty"": ""25""
  },
  {
    ""atom_type"": 1026,
    ""element"": ""C"",
    ""chemical_environment"": ""Epoxide (oxirane) ring CH2 carbon."",
    ""functional_group"": ""epoxide ring carbon (CH2)"",
    ""hybridization"": ""sp3 (strained tetrahedral)"",
    ""example_molecule_smiles"": ""C1CO1"",
    ""group_smarts"": ""[CH2;R3]-[O;R3]-[C;R3]"",
    ""atom_specific_smarts"": ""[CH2;R3:1]-[O;R3]-[C;R3]"",
    ""description"": ""Three-membered cyclic ether carbon bearing two hydrogens and bonded to ring oxygen. Nearest neighbors: ring O and ring C."",
    ""uncertainty"": ""15""
  },
  {
    ""atom_type"": 1027,
    ""element"": ""C"",
    ""chemical_environment"": ""Epoxide (oxirane) ring CH carbon (monosubstituted)."",
    ""functional_group"": ""epoxide ring carbon (CH)"",
    ""hybridization"": ""sp3 (strained tetrahedral)"",
    ""example_molecule_smiles"": ""CC1CO1"",
    ""group_smarts"": ""[CH;R3]-[O;R3]-[C;R3]"",
    ""atom_specific_smarts"": ""[CH;R3:1]-[O;R3]-[C;R3]"",
    ""description"": ""Three-membered cyclic ether carbon bearing one hydrogen and bonded to ring oxygen. Nearest neighbors: ring O and ring C."",
    ""uncertainty"": ""15""
  }
]"
991,1.003,C  - C~   | C in aromatic hydroxamic aciT,12.011,oplsaa.lt,C,6,"Convert the following OPLS-AA atom type rows:

Atom Type Data:
- Atom index: 988
- Force field raw info: C  - CA   | ipso C in N-methyl,N-phenylacetamide
- Partial charge: -0.045
- Atomic mass: 12.011
- Element guess: C
- Atomic number: 6
- Source file: oplsaa.lt


Atom Type Data:
- Atom index: 989
- Force field raw info: C  - CT   | C in CH2NR2 - benzyl amines; C(CH2NH2) is
- Partial charge: 0.145
- Atomic mass: 12.011
- Element guess: C
- Atomic number: 6
- Source file: oplsaa.lt


Atom Type Data:
- Atom index: 990
- Force field raw info: C  - C~   | C in hydroxamic acid jtr 11/98
- Partial charge: 0.888
- Atomic mass: 12.011
- Element guess: C
- Atomic number: 6
- Source file: oplsaa.lt


Atom Type Data:
- Atom index: 991
- Force field raw info: C  - C~   | C in aromatic hydroxamic aciT
- Partial charge: 1.003
- Atomic mass: 12.011
- Element guess: C
- Atomic number: 6
- Source file: oplsaa.lt


Atom Type Data:
- Atom index: 997
- Force field raw info: C  - CT   | C in CHROR - benzyl ethers; C(CHROR) is
- Partial charge: 0.225
- Atomic mass: 12.011
- Element guess: C
- Atomic number: 6
- Source file: oplsaa.lt


Atom Type Data:
- Atom index: 998
- Force field raw info: C  - CT   | C in CRROR - benzyl ethers; C(CRROR) is
- Partial charge: 0.255
- Atomic mass: 12.011
- Element guess: C
- Atomic number: 6
- Source file: oplsaa.lt


Atom Type Data:
- Atom index: 1000
- Force field raw info: C  - C!   | 3-phenyl pyrrole C3
- Partial charge: -0.034
- Atomic mass: 12.011
- Element guess: C
- Atomic number: 6
- Source file: oplsaa.lt


Atom Type Data:
- Atom index: 1001
- Force field raw info: C  - C!   | 3-phenyl pyrrole C3'
- Partial charge: 0.003
- Atomic mass: 12.011
- Element guess: C
- Atomic number: 6
- Source file: oplsaa.lt


Atom Type Data:
- Atom index: 1002
- Force field raw info: C  - C!   | 4-phenyl imidazole C4
- Partial charge: 0.3
- Atomic mass: 12.011
- Element guess: C
- Atomic number: 6
- Source file: oplsaa.lt


Atom Type Data:
- Atom index: 1003
- Force field raw info: C  - C!   | 4-phenyl imidazole C4'
- Partial charge: -0.04
- Atomic mass: 12.011
- Element guess: C
- Atomic number: 6
- Source file: oplsaa.lt


Atom Type Data:
- Atom index: 1004
- Force field raw info: C  - CA   | diphenylmethane Cipso
- Partial charge: -0.0575
- Atomic mass: 12.011
- Element guess: C
- Atomic number: 6
- Source file: oplsaa.lt


Atom Type Data:
- Atom index: 1009
- Force field raw info: C  - CA   | C(Cl) chlorobenzene with X site
- Partial charge: 0.175
- Atomic mass: 12.011
- Element guess: C
- Atomic number: 6
- Source file: oplsaa.lt


Atom Type Data:
- Atom index: 1011
- Force field raw info: C  - CT   | C(I) iodoalkane - tentative - primary
- Partial charge: -0.07
- Atomic mass: 12.011
- Element guess: C
- Atomic number: 6
- Source file: oplsaa.lt


Atom Type Data:
- Atom index: 1012
- Force field raw info: C  - CT   | C(I) iodoalkane - tentative - secondary
- Partial charge: 0.03
- Atomic mass: 12.011
- Element guess: C
- Atomic number: 6
- Source file: oplsaa.lt


Atom Type Data:
- Atom index: 1013
- Force field raw info: C  - CT   | C(I) iodoalkane - tentative - tertiary
- Partial charge: 0.13
- Atomic mass: 12.011
- Element guess: C
- Atomic number: 6
- Source file: oplsaa.lt


Atom Type Data:
- Atom index: 1016
- Force field raw info: C  - CA   | C(Br) bromobenzene with X site
- Partial charge: 0.17
- Atomic mass: 12.011
- Element guess: C
- Atomic number: 6
- Source file: oplsaa.lt


Atom Type Data:
- Atom index: 1018
- Force field raw info: C  - CA   | C(I) iodobenzene with X site
- Partial charge: 0.15
- Atomic mass: 12.011
- Element guess: C
- Atomic number: 6
- Source file: oplsaa.lt


Atom Type Data:
- Atom index: 1022
- Force field raw info: C  - CA   | benzene C on N of N-phenyl sulfonamide
- Partial charge: 0.155
- Atomic mass: 12.011
- Element guess: C
- Atomic number: 6
- Source file: oplsaa.lt


Atom Type Data:
- Atom index: 1026
- Force field raw info: C  - CY   | CH2 epoxide
- Partial charge: 0.14
- Atomic mass: 12.011
- Element guess: C
- Atomic number: 6
- Source file: oplsaa.lt


Atom Type Data:
- Atom index: 1027
- Force field raw info: C  - CY   | CH epoxide
- Partial charge: 0.17
- Atomic mass: 12.011
- Element guess: C
- Atomic number: 6
- Source file: oplsaa.lt
","[
  {
    ""atom_type"": 988,
    ""element"": ""C"",
    ""chemical_environment"": ""Aromatic ipso carbon bonded to an amide nitrogen (N-aryl amide, anilide)."",
    ""functional_group"": ""anilide (N-aryl amide) ipso aryl carbon"",
    ""hybridization"": ""sp2 (aromatic)"",
    ""example_molecule_smiles"": ""CC(=O)N(C)c1ccccc1"",
    ""group_smarts"": ""c-[N;X3;H0;$([N]-[C](=O)-*)]"",
    ""atom_specific_smarts"": ""[c:1]-[N;X3;H0;$([N]-[C](=O)-*)]"",
    ""description"": ""Ipso benzene carbon directly bonded to an amide N that itself is bound to a carbonyl (N-acyl). Nearest neighbors: aromatic C and amide N(sp2)."",
    ""uncertainty"": ""20""
  },
  {
    ""atom_type"": 989,
    ""element"": ""C"",
    ""chemical_environment"": ""Benzylic methylene attached to an amine nitrogen (benzyl amines: Ar-CH2-NR2)."",
    ""functional_group"": ""benzyl amine benzylic carbon"",
    ""hybridization"": ""sp3 (tetrahedral)"",
    ""example_molecule_smiles"": ""c1ccccc1CN(C)C"",
    ""group_smarts"": ""[CH2]-[N;X3]-[!#1]"",
    ""atom_specific_smarts"": ""[CH2:1](-[N;X3])-[c;r6]"",
    ""description"": ""The CH2 between an aromatic ring and an amine N (primary/secondary/tertiary amines). Nearest neighbors: aromatic sp2 C and amine N(sp3)."",
    ""uncertainty"": ""25""
  },
  {
    ""atom_type"": 990,
    ""element"": ""C"",
    ""chemical_environment"": ""Carbonyl carbon of a hydroxamic acid (R-C(=O)-N(-OH)-H/R)."",
    ""functional_group"": ""hydroxamic acid carbonyl"",
    ""hybridization"": ""sp2 (carbonyl)"",
    ""example_molecule_smiles"": ""CC(=O)NO"",
    ""group_smarts"": ""[C](=O)-[N]-O[H]"",
    ""atom_specific_smarts"": ""[C:1](=O)-[N]-O[H]"",
    ""description"": ""Acyl carbon attached to both a carbonyl oxygen and an N bearing a hydroxyl substituent (N–OH). Nearest neighbors: O(sp2) and N(sp2/sp3)."",
    ""uncertainty"": ""15""
  },
  {
    ""atom_type"": 991,
    ""element"": ""C"",
    ""chemical_environment"": ""Carbonyl carbon of an aromatic hydroxamic acid (Ar-C(=O)-N(-OH)-R/H)."",
    ""functional_group"": ""aromatic hydroxamic acid carbonyl"",
    ""hybridization"": ""sp2 (carbonyl)"",
    ""example_molecule_smiles"": ""O=C(NO)c1ccccc1"",
    ""group_smarts"": ""[C](=O)(-[c;r6])-[N]-O[H]"",
    ""atom_specific_smarts"": ""[C:1](=O)(-[c;r6])-[N]-O[H]"",
    ""description"": ""Hydroxamic acid carbonyl with an aryl substituent on the acyl side. Nearest neighbors: aryl sp2 C, O(sp2), and N."",
    ""uncertainty"": ""35""
  },
  {
    ""atom_type"": 997,
    ""element"": ""C"",
    ""chemical_environment"": ""Secondary benzylic carbon bearing an ether substituent (Ar-CH(OR)-R)."",
    ""functional_group"": ""benzyl ether, secondary benzylic center"",
    ""hybridization"": ""sp3 (tetrahedral)"",
    ""example_molecule_smiles"": ""COC(C)c1ccccc1"",
    ""group_smarts"": ""[CH](-[O;X2]-*)-[c;r6]"",
    ""atom_specific_smarts"": ""[CH:1](-[O;X2]-*)-[c;r6]"",
    ""description"": ""Benzylic CH attached to an ether oxygen and an aromatic ring (plus one carbon). Nearest neighbors: O(sp3) and aryl C."",
    ""uncertainty"": ""25""
  },
  {
    ""atom_type"": 998,
    ""element"": ""C"",
    ""chemical_environment"": ""Tertiary benzylic carbon bearing an ether substituent (Ar-C(OR)(R)R)."",
    ""functional_group"": ""benzyl ether, tertiary benzylic center"",
    ""hybridization"": ""sp3 (tetrahedral)"",
    ""example_molecule_smiles"": ""COC(C)(C)c1ccccc1"",
    ""group_smarts"": ""[CX4H0](-[O;X2]-*)(-[c;r6])-[C;X4]"",
    ""atom_specific_smarts"": ""[CX4H0:1](-[O;X2]-*)(-[c;r6])-[C;X4]"",
    ""description"": ""Benzylic quaternary center connected to an ether oxygen, an aryl carbon, and another carbon. Nearest neighbors: O(sp3), aryl C, alkyl C."",
    ""uncertainty"": ""25""
  },
  {
    ""atom_type"": 1000,
    ""element"": ""C"",
    ""chemical_environment"": ""Pyrrole ring carbon at C3 (beta) bonded to a phenyl ring in 3-phenylpyrrole."",
    ""functional_group"": ""biaryl linkage (pyrrole–phenyl) at pyrrole C3"",
    ""hybridization"": ""sp2 (aromatic)"",
    ""example_molecule_smiles"": ""c1c(-c2ccccc2)[nH]cc1"",
    ""group_smarts"": ""[c;r5;$(*~[nH;r5])]-[c;r6]"",
    ""atom_specific_smarts"": ""[c:1;r5;$(*~[nH;r5])]-[c;r6]"",
    ""description"": ""The beta aromatic carbon of a 1H-pyrrole ring that forms the biaryl bond to a benzene carbon. Nearest neighbors: two ring sp2 atoms in pyrrole and one aryl sp2 C."",
    ""uncertainty"": ""70""
  },
  {
    ""atom_type"": 1001,
    ""element"": ""C"",
    ""chemical_environment"": ""Phenyl ipso carbon bonded to the pyrrole ring in 3-phenylpyrrole."",
    ""functional_group"": ""biaryl linkage (phenyl–pyrrole) ipso aryl carbon"",
    ""hybridization"": ""sp2 (aromatic)"",
    ""example_molecule_smiles"": ""c1c(-c2ccccc2)[nH]cc1"",
    ""group_smarts"": ""[c;r6]-[c;r5;$(*~[nH;r5])]"",
    ""atom_specific_smarts"": ""[c:1;r6]-[c;r5;$(*~[nH;r5])]"",
    ""description"": ""The benzene ipso carbon that connects directly to a pyrrole aromatic carbon. Nearest neighbor: an sp2 carbon in a 1H-pyrrole ring."",
    ""uncertainty"": ""70""
  },
  {
    ""atom_type"": 1002,
    ""element"": ""C"",
    ""chemical_environment"": ""Imidazole ring carbon at C4 bonded to a phenyl ring in 4-phenylimidazole."",
    ""functional_group"": ""biaryl linkage (imidazole–phenyl) at imidazole C4"",
    ""hybridization"": ""sp2 (aromatic)"",
    ""example_molecule_smiles"": ""c1ncc([nH]1)c2ccccc2"",
    ""group_smarts"": ""[c;r5;$(*~[n;r5]);$(*~[nH;r5])]-[c;r6]"",
    ""atom_specific_smarts"": ""[c:1;r5;$(*~[n;r5]);$(*~[nH;r5])]-[c;r6]"",
    ""description"": ""An imidazole aromatic carbon that forms the biaryl bond to benzene; the five-member ring contains one [n] and one [nH]. Nearest neighbors: imidazole ring atoms and an aryl sp2 carbon."",
    ""uncertainty"": ""70""
  },
  {
    ""atom_type"": 1003,
    ""element"": ""C"",
    ""chemical_environment"": ""Phenyl ipso carbon bonded to an imidazole ring in 4-phenylimidazole."",
    ""functional_group"": ""biaryl linkage (phenyl–imidazole) ipso aryl carbon"",
    ""hybridization"": ""sp2 (aromatic)"",
    ""example_molecule_smiles"": ""c1ncc([nH]1)c2ccccc2"",
    ""group_smarts"": ""[c;r6]-[c;r5;$(*~[n;r5]);$(*~[nH;r5])]"",
    ""atom_specific_smarts"": ""[c:1;r6]-[c;r5;$(*~[n;r5]);$(*~[nH;r5])]"",
    ""description"": ""Benzene ipso carbon directly connected to an imidazole aromatic carbon. Nearest neighbor: sp2 C in an imidazole ring."",
    ""uncertainty"": ""70""
  },
  {
    ""atom_type"": 1004,
    ""element"": ""C"",
    ""chemical_environment"": ""Aromatic ipso carbon in diphenylmethane (Ph-CH2-Ph)."",
    ""functional_group"": ""diphenylmethane ipso aryl carbon"",
    ""hybridization"": ""sp2 (aromatic)"",
    ""example_molecule_smiles"": ""c1ccccc1CH2c2ccccc2"",
    ""group_smarts"": ""c-[CH2]-[c;r6]"",
    ""atom_specific_smarts"": ""[c:1;r6]-[CH2]-[c;r6]"",
    ""description"": ""Ipso benzene carbon bonded to a benzylic methylene that connects to a second aryl ring. Nearest neighbor: benzylic CH2."",
    ""uncertainty"": ""25""
  },
  {
    ""atom_type"": 1009,
    ""element"": ""C"",
    ""chemical_environment"": ""Aromatic ipso carbon bearing chlorine in chlorobenzene."",
    ""functional_group"": ""aryl chloride ipso carbon"",
    ""hybridization"": ""sp2 (aromatic)"",
    ""example_molecule_smiles"": ""Clc1ccccc1"",
    ""group_smarts"": ""c-Cl"",
    ""atom_specific_smarts"": ""[c:1;r6]-Cl"",
    ""description"": ""Benzene carbon directly bonded to Cl. Nearest neighbors: aromatic carbons and chlorine."",
    ""uncertainty"": ""10""
  },
  {
    ""atom_type"": 1011,
    ""element"": ""C"",
    ""chemical_environment"": ""Primary iodoalkane carbon (including methyl iodide) bonded to iodine."",
    ""functional_group"": ""alkyl iodide (primary) C–I carbon"",
    ""hybridization"": ""sp3 (tetrahedral)"",
    ""example_molecule_smiles"": ""CI"",
    ""group_smarts"": ""[C;X4;H2,H3]-I"",
    ""atom_specific_smarts"": ""[C;X4;H2,H3:1]-I"",
    ""description"": ""sp3 carbon with two or three hydrogens directly bonded to iodine (methyl or primary iodides). Nearest neighbor: I."",
    ""uncertainty"": ""15""
  },
  {
    ""atom_type"": 1012,
    ""element"": ""C"",
    ""chemical_environment"": ""Secondary iodoalkane carbon bonded to iodine."",
    ""functional_group"": ""alkyl iodide (secondary) C–I carbon"",
    ""hybridization"": ""sp3 (tetrahedral)"",
    ""example_molecule_smiles"": ""CC(C)I"",
    ""group_smarts"": ""[CH;X4](-I)(-[C;X4])-[C;X4]"",
    ""atom_specific_smarts"": ""[CH;X4:1](-I)(-[C;X4])-[C;X4]"",
    ""description"": ""sp3 carbon with one hydrogen, attached to two carbons and iodine."",
    ""uncertainty"": ""15""
  },
  {
    ""atom_type"": 1013,
    ""element"": ""C"",
    ""chemical_environment"": ""Tertiary iodoalkane carbon bonded to iodine."",
    ""functional_group"": ""alkyl iodide (tertiary) C–I carbon"",
    ""hybridization"": ""sp3 (tetrahedral)"",
    ""example_molecule_smiles"": ""CC(C)(C)I"",
    ""group_smarts"": ""[CX4H0](-I)(-[C;X4])-[C;X4]"",
    ""atom_specific_smarts"": ""[CX4H0:1](-I)(-[C;X4])-[C;X4]"",
    ""description"": ""sp3 quaternary carbon attached to iodine and two (additional) carbons (total three carbons)."",
    ""uncertainty"": ""15""
  },
  {
    ""atom_type"": 1016,
    ""element"": ""C"",
    ""chemical_environment"": ""Aromatic ipso carbon bearing bromine in bromobenzene."",
    ""functional_group"": ""aryl bromide ipso carbon"",
    ""hybridization"": ""sp2 (aromatic)"",
    ""example_molecule_smiles"": ""Brc1ccccc1"",
    ""group_smarts"": ""c-Br"",
    ""atom_specific_smarts"": ""[c:1;r6]-Br"",
    ""description"": ""Benzene carbon directly bonded to Br. Nearest neighbors: aromatic carbons and bromine."",
    ""uncertainty"": ""10""
  },
  {
    ""atom_type"": 1018,
    ""element"": ""C"",
    ""chemical_environment"": ""Aromatic ipso carbon bearing iodine in iodobenzene."",
    ""functional_group"": ""aryl iodide ipso carbon"",
    ""hybridization"": ""sp2 (aromatic)"",
    ""example_molecule_smiles"": ""Ic1ccccc1"",
    ""group_smarts"": ""c-I"",
    ""atom_specific_smarts"": ""[c:1;r6]-I"",
    ""description"": ""Benzene carbon directly bonded to I. Nearest neighbors: aromatic carbons and iodine."",
    ""uncertainty"": ""10""
  },
  {
    ""atom_type"": 1022,
    ""element"": ""C"",
    ""chemical_environment"": ""Aromatic ipso carbon on the N of an N-phenyl sulfonamide (Ar–N–S(=O)2)."",
    ""functional_group"": ""N-phenyl sulfonamide ipso aryl carbon"",
    ""hybridization"": ""sp2 (aromatic)"",
    ""example_molecule_smiles"": ""O=S(=O)(C)Nc1ccccc1"",
    ""group_smarts"": ""c-[N;X3]-S(=O)(=O)"",
    ""atom_specific_smarts"": ""[c:1;r6]-[N;X3]-S(=O)(=O)"",
    ""description"": ""Ipso benzene carbon bonded to a sulfonamide nitrogen that is attached to a sulfonyl group. Nearest neighbors: aryl C and sulfonamide N."",
    ""uncertainty"": ""25""
  },
  {
    ""atom_type"": 1026,
    ""element"": ""C"",
    ""chemical_environment"": ""Epoxide (oxirane) ring CH2 carbon."",
    ""functional_group"": ""epoxide ring carbon (CH2)"",
    ""hybridization"": ""sp3 (strained tetrahedral)"",
    ""example_molecule_smiles"": ""C1CO1"",
    ""group_smarts"": ""[CH2;R3]-[O;R3]-[C;R3]"",
    ""atom_specific_smarts"": ""[CH2;R3:1]-[O;R3]-[C;R3]"",
    ""description"": ""Three-membered cyclic ether carbon bearing two hydrogens and bonded to ring oxygen. Nearest neighbors: ring O and ring C."",
    ""uncertainty"": ""15""
  },
  {
    ""atom_type"": 1027,
    ""element"": ""C"",
    ""chemical_environment"": ""Epoxide (oxirane) ring CH carbon (monosubstituted)."",
    ""functional_group"": ""epoxide ring carbon (CH)"",
    ""hybridization"": ""sp3 (strained tetrahedral)"",
    ""example_molecule_smiles"": ""CC1CO1"",
    ""group_smarts"": ""[CH;R3]-[O;R3]-[C;R3]"",
    ""atom_specific_smarts"": ""[CH;R3:1]-[O;R3]-[C;R3]"",
    ""description"": ""Three-membered cyclic ether carbon bearing one hydrogen and bonded to ring oxygen. Nearest neighbors: ring O and ring C."",
    ""uncertainty"": ""15""
  }
]"
997,0.225,C  - CT   | C in CHROR - benzyl ethers; C(CHROR) is,12.011,oplsaa.lt,C,6,"Convert the following OPLS-AA atom type rows:

Atom Type Data:
- Atom index: 988
- Force field raw info: C  - CA   | ipso C in N-methyl,N-phenylacetamide
- Partial charge: -0.045
- Atomic mass: 12.011
- Element guess: C
- Atomic number: 6
- Source file: oplsaa.lt


Atom Type Data:
- Atom index: 989
- Force field raw info: C  - CT   | C in CH2NR2 - benzyl amines; C(CH2NH2) is
- Partial charge: 0.145
- Atomic mass: 12.011
- Element guess: C
- Atomic number: 6
- Source file: oplsaa.lt


Atom Type Data:
- Atom index: 990
- Force field raw info: C  - C~   | C in hydroxamic acid jtr 11/98
- Partial charge: 0.888
- Atomic mass: 12.011
- Element guess: C
- Atomic number: 6
- Source file: oplsaa.lt


Atom Type Data:
- Atom index: 991
- Force field raw info: C  - C~   | C in aromatic hydroxamic aciT
- Partial charge: 1.003
- Atomic mass: 12.011
- Element guess: C
- Atomic number: 6
- Source file: oplsaa.lt


Atom Type Data:
- Atom index: 997
- Force field raw info: C  - CT   | C in CHROR - benzyl ethers; C(CHROR) is
- Partial charge: 0.225
- Atomic mass: 12.011
- Element guess: C
- Atomic number: 6
- Source file: oplsaa.lt


Atom Type Data:
- Atom index: 998
- Force field raw info: C  - CT   | C in CRROR - benzyl ethers; C(CRROR) is
- Partial charge: 0.255
- Atomic mass: 12.011
- Element guess: C
- Atomic number: 6
- Source file: oplsaa.lt


Atom Type Data:
- Atom index: 1000
- Force field raw info: C  - C!   | 3-phenyl pyrrole C3
- Partial charge: -0.034
- Atomic mass: 12.011
- Element guess: C
- Atomic number: 6
- Source file: oplsaa.lt


Atom Type Data:
- Atom index: 1001
- Force field raw info: C  - C!   | 3-phenyl pyrrole C3'
- Partial charge: 0.003
- Atomic mass: 12.011
- Element guess: C
- Atomic number: 6
- Source file: oplsaa.lt


Atom Type Data:
- Atom index: 1002
- Force field raw info: C  - C!   | 4-phenyl imidazole C4
- Partial charge: 0.3
- Atomic mass: 12.011
- Element guess: C
- Atomic number: 6
- Source file: oplsaa.lt


Atom Type Data:
- Atom index: 1003
- Force field raw info: C  - C!   | 4-phenyl imidazole C4'
- Partial charge: -0.04
- Atomic mass: 12.011
- Element guess: C
- Atomic number: 6
- Source file: oplsaa.lt


Atom Type Data:
- Atom index: 1004
- Force field raw info: C  - CA   | diphenylmethane Cipso
- Partial charge: -0.0575
- Atomic mass: 12.011
- Element guess: C
- Atomic number: 6
- Source file: oplsaa.lt


Atom Type Data:
- Atom index: 1009
- Force field raw info: C  - CA   | C(Cl) chlorobenzene with X site
- Partial charge: 0.175
- Atomic mass: 12.011
- Element guess: C
- Atomic number: 6
- Source file: oplsaa.lt


Atom Type Data:
- Atom index: 1011
- Force field raw info: C  - CT   | C(I) iodoalkane - tentative - primary
- Partial charge: -0.07
- Atomic mass: 12.011
- Element guess: C
- Atomic number: 6
- Source file: oplsaa.lt


Atom Type Data:
- Atom index: 1012
- Force field raw info: C  - CT   | C(I) iodoalkane - tentative - secondary
- Partial charge: 0.03
- Atomic mass: 12.011
- Element guess: C
- Atomic number: 6
- Source file: oplsaa.lt


Atom Type Data:
- Atom index: 1013
- Force field raw info: C  - CT   | C(I) iodoalkane - tentative - tertiary
- Partial charge: 0.13
- Atomic mass: 12.011
- Element guess: C
- Atomic number: 6
- Source file: oplsaa.lt


Atom Type Data:
- Atom index: 1016
- Force field raw info: C  - CA   | C(Br) bromobenzene with X site
- Partial charge: 0.17
- Atomic mass: 12.011
- Element guess: C
- Atomic number: 6
- Source file: oplsaa.lt


Atom Type Data:
- Atom index: 1018
- Force field raw info: C  - CA   | C(I) iodobenzene with X site
- Partial charge: 0.15
- Atomic mass: 12.011
- Element guess: C
- Atomic number: 6
- Source file: oplsaa.lt


Atom Type Data:
- Atom index: 1022
- Force field raw info: C  - CA   | benzene C on N of N-phenyl sulfonamide
- Partial charge: 0.155
- Atomic mass: 12.011
- Element guess: C
- Atomic number: 6
- Source file: oplsaa.lt


Atom Type Data:
- Atom index: 1026
- Force field raw info: C  - CY   | CH2 epoxide
- Partial charge: 0.14
- Atomic mass: 12.011
- Element guess: C
- Atomic number: 6
- Source file: oplsaa.lt


Atom Type Data:
- Atom index: 1027
- Force field raw info: C  - CY   | CH epoxide
- Partial charge: 0.17
- Atomic mass: 12.011
- Element guess: C
- Atomic number: 6
- Source file: oplsaa.lt
","[
  {
    ""atom_type"": 988,
    ""element"": ""C"",
    ""chemical_environment"": ""Aromatic ipso carbon bonded to an amide nitrogen (N-aryl amide, anilide)."",
    ""functional_group"": ""anilide (N-aryl amide) ipso aryl carbon"",
    ""hybridization"": ""sp2 (aromatic)"",
    ""example_molecule_smiles"": ""CC(=O)N(C)c1ccccc1"",
    ""group_smarts"": ""c-[N;X3;H0;$([N]-[C](=O)-*)]"",
    ""atom_specific_smarts"": ""[c:1]-[N;X3;H0;$([N]-[C](=O)-*)]"",
    ""description"": ""Ipso benzene carbon directly bonded to an amide N that itself is bound to a carbonyl (N-acyl). Nearest neighbors: aromatic C and amide N(sp2)."",
    ""uncertainty"": ""20""
  },
  {
    ""atom_type"": 989,
    ""element"": ""C"",
    ""chemical_environment"": ""Benzylic methylene attached to an amine nitrogen (benzyl amines: Ar-CH2-NR2)."",
    ""functional_group"": ""benzyl amine benzylic carbon"",
    ""hybridization"": ""sp3 (tetrahedral)"",
    ""example_molecule_smiles"": ""c1ccccc1CN(C)C"",
    ""group_smarts"": ""[CH2]-[N;X3]-[!#1]"",
    ""atom_specific_smarts"": ""[CH2:1](-[N;X3])-[c;r6]"",
    ""description"": ""The CH2 between an aromatic ring and an amine N (primary/secondary/tertiary amines). Nearest neighbors: aromatic sp2 C and amine N(sp3)."",
    ""uncertainty"": ""25""
  },
  {
    ""atom_type"": 990,
    ""element"": ""C"",
    ""chemical_environment"": ""Carbonyl carbon of a hydroxamic acid (R-C(=O)-N(-OH)-H/R)."",
    ""functional_group"": ""hydroxamic acid carbonyl"",
    ""hybridization"": ""sp2 (carbonyl)"",
    ""example_molecule_smiles"": ""CC(=O)NO"",
    ""group_smarts"": ""[C](=O)-[N]-O[H]"",
    ""atom_specific_smarts"": ""[C:1](=O)-[N]-O[H]"",
    ""description"": ""Acyl carbon attached to both a carbonyl oxygen and an N bearing a hydroxyl substituent (N–OH). Nearest neighbors: O(sp2) and N(sp2/sp3)."",
    ""uncertainty"": ""15""
  },
  {
    ""atom_type"": 991,
    ""element"": ""C"",
    ""chemical_environment"": ""Carbonyl carbon of an aromatic hydroxamic acid (Ar-C(=O)-N(-OH)-R/H)."",
    ""functional_group"": ""aromatic hydroxamic acid carbonyl"",
    ""hybridization"": ""sp2 (carbonyl)"",
    ""example_molecule_smiles"": ""O=C(NO)c1ccccc1"",
    ""group_smarts"": ""[C](=O)(-[c;r6])-[N]-O[H]"",
    ""atom_specific_smarts"": ""[C:1](=O)(-[c;r6])-[N]-O[H]"",
    ""description"": ""Hydroxamic acid carbonyl with an aryl substituent on the acyl side. Nearest neighbors: aryl sp2 C, O(sp2), and N."",
    ""uncertainty"": ""35""
  },
  {
    ""atom_type"": 997,
    ""element"": ""C"",
    ""chemical_environment"": ""Secondary benzylic carbon bearing an ether substituent (Ar-CH(OR)-R)."",
    ""functional_group"": ""benzyl ether, secondary benzylic center"",
    ""hybridization"": ""sp3 (tetrahedral)"",
    ""example_molecule_smiles"": ""COC(C)c1ccccc1"",
    ""group_smarts"": ""[CH](-[O;X2]-*)-[c;r6]"",
    ""atom_specific_smarts"": ""[CH:1](-[O;X2]-*)-[c;r6]"",
    ""description"": ""Benzylic CH attached to an ether oxygen and an aromatic ring (plus one carbon). Nearest neighbors: O(sp3) and aryl C."",
    ""uncertainty"": ""25""
  },
  {
    ""atom_type"": 998,
    ""element"": ""C"",
    ""chemical_environment"": ""Tertiary benzylic carbon bearing an ether substituent (Ar-C(OR)(R)R)."",
    ""functional_group"": ""benzyl ether, tertiary benzylic center"",
    ""hybridization"": ""sp3 (tetrahedral)"",
    ""example_molecule_smiles"": ""COC(C)(C)c1ccccc1"",
    ""group_smarts"": ""[CX4H0](-[O;X2]-*)(-[c;r6])-[C;X4]"",
    ""atom_specific_smarts"": ""[CX4H0:1](-[O;X2]-*)(-[c;r6])-[C;X4]"",
    ""description"": ""Benzylic quaternary center connected to an ether oxygen, an aryl carbon, and another carbon. Nearest neighbors: O(sp3), aryl C, alkyl C."",
    ""uncertainty"": ""25""
  },
  {
    ""atom_type"": 1000,
    ""element"": ""C"",
    ""chemical_environment"": ""Pyrrole ring carbon at C3 (beta) bonded to a phenyl ring in 3-phenylpyrrole."",
    ""functional_group"": ""biaryl linkage (pyrrole–phenyl) at pyrrole C3"",
    ""hybridization"": ""sp2 (aromatic)"",
    ""example_molecule_smiles"": ""c1c(-c2ccccc2)[nH]cc1"",
    ""group_smarts"": ""[c;r5;$(*~[nH;r5])]-[c;r6]"",
    ""atom_specific_smarts"": ""[c:1;r5;$(*~[nH;r5])]-[c;r6]"",
    ""description"": ""The beta aromatic carbon of a 1H-pyrrole ring that forms the biaryl bond to a benzene carbon. Nearest neighbors: two ring sp2 atoms in pyrrole and one aryl sp2 C."",
    ""uncertainty"": ""70""
  },
  {
    ""atom_type"": 1001,
    ""element"": ""C"",
    ""chemical_environment"": ""Phenyl ipso carbon bonded to the pyrrole ring in 3-phenylpyrrole."",
    ""functional_group"": ""biaryl linkage (phenyl–pyrrole) ipso aryl carbon"",
    ""hybridization"": ""sp2 (aromatic)"",
    ""example_molecule_smiles"": ""c1c(-c2ccccc2)[nH]cc1"",
    ""group_smarts"": ""[c;r6]-[c;r5;$(*~[nH;r5])]"",
    ""atom_specific_smarts"": ""[c:1;r6]-[c;r5;$(*~[nH;r5])]"",
    ""description"": ""The benzene ipso carbon that connects directly to a pyrrole aromatic carbon. Nearest neighbor: an sp2 carbon in a 1H-pyrrole ring."",
    ""uncertainty"": ""70""
  },
  {
    ""atom_type"": 1002,
    ""element"": ""C"",
    ""chemical_environment"": ""Imidazole ring carbon at C4 bonded to a phenyl ring in 4-phenylimidazole."",
    ""functional_group"": ""biaryl linkage (imidazole–phenyl) at imidazole C4"",
    ""hybridization"": ""sp2 (aromatic)"",
    ""example_molecule_smiles"": ""c1ncc([nH]1)c2ccccc2"",
    ""group_smarts"": ""[c;r5;$(*~[n;r5]);$(*~[nH;r5])]-[c;r6]"",
    ""atom_specific_smarts"": ""[c:1;r5;$(*~[n;r5]);$(*~[nH;r5])]-[c;r6]"",
    ""description"": ""An imidazole aromatic carbon that forms the biaryl bond to benzene; the five-member ring contains one [n] and one [nH]. Nearest neighbors: imidazole ring atoms and an aryl sp2 carbon."",
    ""uncertainty"": ""70""
  },
  {
    ""atom_type"": 1003,
    ""element"": ""C"",
    ""chemical_environment"": ""Phenyl ipso carbon bonded to an imidazole ring in 4-phenylimidazole."",
    ""functional_group"": ""biaryl linkage (phenyl–imidazole) ipso aryl carbon"",
    ""hybridization"": ""sp2 (aromatic)"",
    ""example_molecule_smiles"": ""c1ncc([nH]1)c2ccccc2"",
    ""group_smarts"": ""[c;r6]-[c;r5;$(*~[n;r5]);$(*~[nH;r5])]"",
    ""atom_specific_smarts"": ""[c:1;r6]-[c;r5;$(*~[n;r5]);$(*~[nH;r5])]"",
    ""description"": ""Benzene ipso carbon directly connected to an imidazole aromatic carbon. Nearest neighbor: sp2 C in an imidazole ring."",
    ""uncertainty"": ""70""
  },
  {
    ""atom_type"": 1004,
    ""element"": ""C"",
    ""chemical_environment"": ""Aromatic ipso carbon in diphenylmethane (Ph-CH2-Ph)."",
    ""functional_group"": ""diphenylmethane ipso aryl carbon"",
    ""hybridization"": ""sp2 (aromatic)"",
    ""example_molecule_smiles"": ""c1ccccc1CH2c2ccccc2"",
    ""group_smarts"": ""c-[CH2]-[c;r6]"",
    ""atom_specific_smarts"": ""[c:1;r6]-[CH2]-[c;r6]"",
    ""description"": ""Ipso benzene carbon bonded to a benzylic methylene that connects to a second aryl ring. Nearest neighbor: benzylic CH2."",
    ""uncertainty"": ""25""
  },
  {
    ""atom_type"": 1009,
    ""element"": ""C"",
    ""chemical_environment"": ""Aromatic ipso carbon bearing chlorine in chlorobenzene."",
    ""functional_group"": ""aryl chloride ipso carbon"",
    ""hybridization"": ""sp2 (aromatic)"",
    ""example_molecule_smiles"": ""Clc1ccccc1"",
    ""group_smarts"": ""c-Cl"",
    ""atom_specific_smarts"": ""[c:1;r6]-Cl"",
    ""description"": ""Benzene carbon directly bonded to Cl. Nearest neighbors: aromatic carbons and chlorine."",
    ""uncertainty"": ""10""
  },
  {
    ""atom_type"": 1011,
    ""element"": ""C"",
    ""chemical_environment"": ""Primary iodoalkane carbon (including methyl iodide) bonded to iodine."",
    ""functional_group"": ""alkyl iodide (primary) C–I carbon"",
    ""hybridization"": ""sp3 (tetrahedral)"",
    ""example_molecule_smiles"": ""CI"",
    ""group_smarts"": ""[C;X4;H2,H3]-I"",
    ""atom_specific_smarts"": ""[C;X4;H2,H3:1]-I"",
    ""description"": ""sp3 carbon with two or three hydrogens directly bonded to iodine (methyl or primary iodides). Nearest neighbor: I."",
    ""uncertainty"": ""15""
  },
  {
    ""atom_type"": 1012,
    ""element"": ""C"",
    ""chemical_environment"": ""Secondary iodoalkane carbon bonded to iodine."",
    ""functional_group"": ""alkyl iodide (secondary) C–I carbon"",
    ""hybridization"": ""sp3 (tetrahedral)"",
    ""example_molecule_smiles"": ""CC(C)I"",
    ""group_smarts"": ""[CH;X4](-I)(-[C;X4])-[C;X4]"",
    ""atom_specific_smarts"": ""[CH;X4:1](-I)(-[C;X4])-[C;X4]"",
    ""description"": ""sp3 carbon with one hydrogen, attached to two carbons and iodine."",
    ""uncertainty"": ""15""
  },
  {
    ""atom_type"": 1013,
    ""element"": ""C"",
    ""chemical_environment"": ""Tertiary iodoalkane carbon bonded to iodine."",
    ""functional_group"": ""alkyl iodide (tertiary) C–I carbon"",
    ""hybridization"": ""sp3 (tetrahedral)"",
    ""example_molecule_smiles"": ""CC(C)(C)I"",
    ""group_smarts"": ""[CX4H0](-I)(-[C;X4])-[C;X4]"",
    ""atom_specific_smarts"": ""[CX4H0:1](-I)(-[C;X4])-[C;X4]"",
    ""description"": ""sp3 quaternary carbon attached to iodine and two (additional) carbons (total three carbons)."",
    ""uncertainty"": ""15""
  },
  {
    ""atom_type"": 1016,
    ""element"": ""C"",
    ""chemical_environment"": ""Aromatic ipso carbon bearing bromine in bromobenzene."",
    ""functional_group"": ""aryl bromide ipso carbon"",
    ""hybridization"": ""sp2 (aromatic)"",
    ""example_molecule_smiles"": ""Brc1ccccc1"",
    ""group_smarts"": ""c-Br"",
    ""atom_specific_smarts"": ""[c:1;r6]-Br"",
    ""description"": ""Benzene carbon directly bonded to Br. Nearest neighbors: aromatic carbons and bromine."",
    ""uncertainty"": ""10""
  },
  {
    ""atom_type"": 1018,
    ""element"": ""C"",
    ""chemical_environment"": ""Aromatic ipso carbon bearing iodine in iodobenzene."",
    ""functional_group"": ""aryl iodide ipso carbon"",
    ""hybridization"": ""sp2 (aromatic)"",
    ""example_molecule_smiles"": ""Ic1ccccc1"",
    ""group_smarts"": ""c-I"",
    ""atom_specific_smarts"": ""[c:1;r6]-I"",
    ""description"": ""Benzene carbon directly bonded to I. Nearest neighbors: aromatic carbons and iodine."",
    ""uncertainty"": ""10""
  },
  {
    ""atom_type"": 1022,
    ""element"": ""C"",
    ""chemical_environment"": ""Aromatic ipso carbon on the N of an N-phenyl sulfonamide (Ar–N–S(=O)2)."",
    ""functional_group"": ""N-phenyl sulfonamide ipso aryl carbon"",
    ""hybridization"": ""sp2 (aromatic)"",
    ""example_molecule_smiles"": ""O=S(=O)(C)Nc1ccccc1"",
    ""group_smarts"": ""c-[N;X3]-S(=O)(=O)"",
    ""atom_specific_smarts"": ""[c:1;r6]-[N;X3]-S(=O)(=O)"",
    ""description"": ""Ipso benzene carbon bonded to a sulfonamide nitrogen that is attached to a sulfonyl group. Nearest neighbors: aryl C and sulfonamide N."",
    ""uncertainty"": ""25""
  },
  {
    ""atom_type"": 1026,
    ""element"": ""C"",
    ""chemical_environment"": ""Epoxide (oxirane) ring CH2 carbon."",
    ""functional_group"": ""epoxide ring carbon (CH2)"",
    ""hybridization"": ""sp3 (strained tetrahedral)"",
    ""example_molecule_smiles"": ""C1CO1"",
    ""group_smarts"": ""[CH2;R3]-[O;R3]-[C;R3]"",
    ""atom_specific_smarts"": ""[CH2;R3:1]-[O;R3]-[C;R3]"",
    ""description"": ""Three-membered cyclic ether carbon bearing two hydrogens and bonded to ring oxygen. Nearest neighbors: ring O and ring C."",
    ""uncertainty"": ""15""
  },
  {
    ""atom_type"": 1027,
    ""element"": ""C"",
    ""chemical_environment"": ""Epoxide (oxirane) ring CH carbon (monosubstituted)."",
    ""functional_group"": ""epoxide ring carbon (CH)"",
    ""hybridization"": ""sp3 (strained tetrahedral)"",
    ""example_molecule_smiles"": ""CC1CO1"",
    ""group_smarts"": ""[CH;R3]-[O;R3]-[C;R3]"",
    ""atom_specific_smarts"": ""[CH;R3:1]-[O;R3]-[C;R3]"",
    ""description"": ""Three-membered cyclic ether carbon bearing one hydrogen and bonded to ring oxygen. Nearest neighbors: ring O and ring C."",
    ""uncertainty"": ""15""
  }
]"
998,0.255,C  - CT   | C in CRROR - benzyl ethers; C(CRROR) is,12.011,oplsaa.lt,C,6,"Convert the following OPLS-AA atom type rows:

Atom Type Data:
- Atom index: 988
- Force field raw info: C  - CA   | ipso C in N-methyl,N-phenylacetamide
- Partial charge: -0.045
- Atomic mass: 12.011
- Element guess: C
- Atomic number: 6
- Source file: oplsaa.lt


Atom Type Data:
- Atom index: 989
- Force field raw info: C  - CT   | C in CH2NR2 - benzyl amines; C(CH2NH2) is
- Partial charge: 0.145
- Atomic mass: 12.011
- Element guess: C
- Atomic number: 6
- Source file: oplsaa.lt


Atom Type Data:
- Atom index: 990
- Force field raw info: C  - C~   | C in hydroxamic acid jtr 11/98
- Partial charge: 0.888
- Atomic mass: 12.011
- Element guess: C
- Atomic number: 6
- Source file: oplsaa.lt


Atom Type Data:
- Atom index: 991
- Force field raw info: C  - C~   | C in aromatic hydroxamic aciT
- Partial charge: 1.003
- Atomic mass: 12.011
- Element guess: C
- Atomic number: 6
- Source file: oplsaa.lt


Atom Type Data:
- Atom index: 997
- Force field raw info: C  - CT   | C in CHROR - benzyl ethers; C(CHROR) is
- Partial charge: 0.225
- Atomic mass: 12.011
- Element guess: C
- Atomic number: 6
- Source file: oplsaa.lt


Atom Type Data:
- Atom index: 998
- Force field raw info: C  - CT   | C in CRROR - benzyl ethers; C(CRROR) is
- Partial charge: 0.255
- Atomic mass: 12.011
- Element guess: C
- Atomic number: 6
- Source file: oplsaa.lt


Atom Type Data:
- Atom index: 1000
- Force field raw info: C  - C!   | 3-phenyl pyrrole C3
- Partial charge: -0.034
- Atomic mass: 12.011
- Element guess: C
- Atomic number: 6
- Source file: oplsaa.lt


Atom Type Data:
- Atom index: 1001
- Force field raw info: C  - C!   | 3-phenyl pyrrole C3'
- Partial charge: 0.003
- Atomic mass: 12.011
- Element guess: C
- Atomic number: 6
- Source file: oplsaa.lt


Atom Type Data:
- Atom index: 1002
- Force field raw info: C  - C!   | 4-phenyl imidazole C4
- Partial charge: 0.3
- Atomic mass: 12.011
- Element guess: C
- Atomic number: 6
- Source file: oplsaa.lt


Atom Type Data:
- Atom index: 1003
- Force field raw info: C  - C!   | 4-phenyl imidazole C4'
- Partial charge: -0.04
- Atomic mass: 12.011
- Element guess: C
- Atomic number: 6
- Source file: oplsaa.lt


Atom Type Data:
- Atom index: 1004
- Force field raw info: C  - CA   | diphenylmethane Cipso
- Partial charge: -0.0575
- Atomic mass: 12.011
- Element guess: C
- Atomic number: 6
- Source file: oplsaa.lt


Atom Type Data:
- Atom index: 1009
- Force field raw info: C  - CA   | C(Cl) chlorobenzene with X site
- Partial charge: 0.175
- Atomic mass: 12.011
- Element guess: C
- Atomic number: 6
- Source file: oplsaa.lt


Atom Type Data:
- Atom index: 1011
- Force field raw info: C  - CT   | C(I) iodoalkane - tentative - primary
- Partial charge: -0.07
- Atomic mass: 12.011
- Element guess: C
- Atomic number: 6
- Source file: oplsaa.lt


Atom Type Data:
- Atom index: 1012
- Force field raw info: C  - CT   | C(I) iodoalkane - tentative - secondary
- Partial charge: 0.03
- Atomic mass: 12.011
- Element guess: C
- Atomic number: 6
- Source file: oplsaa.lt


Atom Type Data:
- Atom index: 1013
- Force field raw info: C  - CT   | C(I) iodoalkane - tentative - tertiary
- Partial charge: 0.13
- Atomic mass: 12.011
- Element guess: C
- Atomic number: 6
- Source file: oplsaa.lt


Atom Type Data:
- Atom index: 1016
- Force field raw info: C  - CA   | C(Br) bromobenzene with X site
- Partial charge: 0.17
- Atomic mass: 12.011
- Element guess: C
- Atomic number: 6
- Source file: oplsaa.lt


Atom Type Data:
- Atom index: 1018
- Force field raw info: C  - CA   | C(I) iodobenzene with X site
- Partial charge: 0.15
- Atomic mass: 12.011
- Element guess: C
- Atomic number: 6
- Source file: oplsaa.lt


Atom Type Data:
- Atom index: 1022
- Force field raw info: C  - CA   | benzene C on N of N-phenyl sulfonamide
- Partial charge: 0.155
- Atomic mass: 12.011
- Element guess: C
- Atomic number: 6
- Source file: oplsaa.lt


Atom Type Data:
- Atom index: 1026
- Force field raw info: C  - CY   | CH2 epoxide
- Partial charge: 0.14
- Atomic mass: 12.011
- Element guess: C
- Atomic number: 6
- Source file: oplsaa.lt


Atom Type Data:
- Atom index: 1027
- Force field raw info: C  - CY   | CH epoxide
- Partial charge: 0.17
- Atomic mass: 12.011
- Element guess: C
- Atomic number: 6
- Source file: oplsaa.lt
","[
  {
    ""atom_type"": 988,
    ""element"": ""C"",
    ""chemical_environment"": ""Aromatic ipso carbon bonded to an amide nitrogen (N-aryl amide, anilide)."",
    ""functional_group"": ""anilide (N-aryl amide) ipso aryl carbon"",
    ""hybridization"": ""sp2 (aromatic)"",
    ""example_molecule_smiles"": ""CC(=O)N(C)c1ccccc1"",
    ""group_smarts"": ""c-[N;X3;H0;$([N]-[C](=O)-*)]"",
    ""atom_specific_smarts"": ""[c:1]-[N;X3;H0;$([N]-[C](=O)-*)]"",
    ""description"": ""Ipso benzene carbon directly bonded to an amide N that itself is bound to a carbonyl (N-acyl). Nearest neighbors: aromatic C and amide N(sp2)."",
    ""uncertainty"": ""20""
  },
  {
    ""atom_type"": 989,
    ""element"": ""C"",
    ""chemical_environment"": ""Benzylic methylene attached to an amine nitrogen (benzyl amines: Ar-CH2-NR2)."",
    ""functional_group"": ""benzyl amine benzylic carbon"",
    ""hybridization"": ""sp3 (tetrahedral)"",
    ""example_molecule_smiles"": ""c1ccccc1CN(C)C"",
    ""group_smarts"": ""[CH2]-[N;X3]-[!#1]"",
    ""atom_specific_smarts"": ""[CH2:1](-[N;X3])-[c;r6]"",
    ""description"": ""The CH2 between an aromatic ring and an amine N (primary/secondary/tertiary amines). Nearest neighbors: aromatic sp2 C and amine N(sp3)."",
    ""uncertainty"": ""25""
  },
  {
    ""atom_type"": 990,
    ""element"": ""C"",
    ""chemical_environment"": ""Carbonyl carbon of a hydroxamic acid (R-C(=O)-N(-OH)-H/R)."",
    ""functional_group"": ""hydroxamic acid carbonyl"",
    ""hybridization"": ""sp2 (carbonyl)"",
    ""example_molecule_smiles"": ""CC(=O)NO"",
    ""group_smarts"": ""[C](=O)-[N]-O[H]"",
    ""atom_specific_smarts"": ""[C:1](=O)-[N]-O[H]"",
    ""description"": ""Acyl carbon attached to both a carbonyl oxygen and an N bearing a hydroxyl substituent (N–OH). Nearest neighbors: O(sp2) and N(sp2/sp3)."",
    ""uncertainty"": ""15""
  },
  {
    ""atom_type"": 991,
    ""element"": ""C"",
    ""chemical_environment"": ""Carbonyl carbon of an aromatic hydroxamic acid (Ar-C(=O)-N(-OH)-R/H)."",
    ""functional_group"": ""aromatic hydroxamic acid carbonyl"",
    ""hybridization"": ""sp2 (carbonyl)"",
    ""example_molecule_smiles"": ""O=C(NO)c1ccccc1"",
    ""group_smarts"": ""[C](=O)(-[c;r6])-[N]-O[H]"",
    ""atom_specific_smarts"": ""[C:1](=O)(-[c;r6])-[N]-O[H]"",
    ""description"": ""Hydroxamic acid carbonyl with an aryl substituent on the acyl side. Nearest neighbors: aryl sp2 C, O(sp2), and N."",
    ""uncertainty"": ""35""
  },
  {
    ""atom_type"": 997,
    ""element"": ""C"",
    ""chemical_environment"": ""Secondary benzylic carbon bearing an ether substituent (Ar-CH(OR)-R)."",
    ""functional_group"": ""benzyl ether, secondary benzylic center"",
    ""hybridization"": ""sp3 (tetrahedral)"",
    ""example_molecule_smiles"": ""COC(C)c1ccccc1"",
    ""group_smarts"": ""[CH](-[O;X2]-*)-[c;r6]"",
    ""atom_specific_smarts"": ""[CH:1](-[O;X2]-*)-[c;r6]"",
    ""description"": ""Benzylic CH attached to an ether oxygen and an aromatic ring (plus one carbon). Nearest neighbors: O(sp3) and aryl C."",
    ""uncertainty"": ""25""
  },
  {
    ""atom_type"": 998,
    ""element"": ""C"",
    ""chemical_environment"": ""Tertiary benzylic carbon bearing an ether substituent (Ar-C(OR)(R)R)."",
    ""functional_group"": ""benzyl ether, tertiary benzylic center"",
    ""hybridization"": ""sp3 (tetrahedral)"",
    ""example_molecule_smiles"": ""COC(C)(C)c1ccccc1"",
    ""group_smarts"": ""[CX4H0](-[O;X2]-*)(-[c;r6])-[C;X4]"",
    ""atom_specific_smarts"": ""[CX4H0:1](-[O;X2]-*)(-[c;r6])-[C;X4]"",
    ""description"": ""Benzylic quaternary center connected to an ether oxygen, an aryl carbon, and another carbon. Nearest neighbors: O(sp3), aryl C, alkyl C."",
    ""uncertainty"": ""25""
  },
  {
    ""atom_type"": 1000,
    ""element"": ""C"",
    ""chemical_environment"": ""Pyrrole ring carbon at C3 (beta) bonded to a phenyl ring in 3-phenylpyrrole."",
    ""functional_group"": ""biaryl linkage (pyrrole–phenyl) at pyrrole C3"",
    ""hybridization"": ""sp2 (aromatic)"",
    ""example_molecule_smiles"": ""c1c(-c2ccccc2)[nH]cc1"",
    ""group_smarts"": ""[c;r5;$(*~[nH;r5])]-[c;r6]"",
    ""atom_specific_smarts"": ""[c:1;r5;$(*~[nH;r5])]-[c;r6]"",
    ""description"": ""The beta aromatic carbon of a 1H-pyrrole ring that forms the biaryl bond to a benzene carbon. Nearest neighbors: two ring sp2 atoms in pyrrole and one aryl sp2 C."",
    ""uncertainty"": ""70""
  },
  {
    ""atom_type"": 1001,
    ""element"": ""C"",
    ""chemical_environment"": ""Phenyl ipso carbon bonded to the pyrrole ring in 3-phenylpyrrole."",
    ""functional_group"": ""biaryl linkage (phenyl–pyrrole) ipso aryl carbon"",
    ""hybridization"": ""sp2 (aromatic)"",
    ""example_molecule_smiles"": ""c1c(-c2ccccc2)[nH]cc1"",
    ""group_smarts"": ""[c;r6]-[c;r5;$(*~[nH;r5])]"",
    ""atom_specific_smarts"": ""[c:1;r6]-[c;r5;$(*~[nH;r5])]"",
    ""description"": ""The benzene ipso carbon that connects directly to a pyrrole aromatic carbon. Nearest neighbor: an sp2 carbon in a 1H-pyrrole ring."",
    ""uncertainty"": ""70""
  },
  {
    ""atom_type"": 1002,
    ""element"": ""C"",
    ""chemical_environment"": ""Imidazole ring carbon at C4 bonded to a phenyl ring in 4-phenylimidazole."",
    ""functional_group"": ""biaryl linkage (imidazole–phenyl) at imidazole C4"",
    ""hybridization"": ""sp2 (aromatic)"",
    ""example_molecule_smiles"": ""c1ncc([nH]1)c2ccccc2"",
    ""group_smarts"": ""[c;r5;$(*~[n;r5]);$(*~[nH;r5])]-[c;r6]"",
    ""atom_specific_smarts"": ""[c:1;r5;$(*~[n;r5]);$(*~[nH;r5])]-[c;r6]"",
    ""description"": ""An imidazole aromatic carbon that forms the biaryl bond to benzene; the five-member ring contains one [n] and one [nH]. Nearest neighbors: imidazole ring atoms and an aryl sp2 carbon."",
    ""uncertainty"": ""70""
  },
  {
    ""atom_type"": 1003,
    ""element"": ""C"",
    ""chemical_environment"": ""Phenyl ipso carbon bonded to an imidazole ring in 4-phenylimidazole."",
    ""functional_group"": ""biaryl linkage (phenyl–imidazole) ipso aryl carbon"",
    ""hybridization"": ""sp2 (aromatic)"",
    ""example_molecule_smiles"": ""c1ncc([nH]1)c2ccccc2"",
    ""group_smarts"": ""[c;r6]-[c;r5;$(*~[n;r5]);$(*~[nH;r5])]"",
    ""atom_specific_smarts"": ""[c:1;r6]-[c;r5;$(*~[n;r5]);$(*~[nH;r5])]"",
    ""description"": ""Benzene ipso carbon directly connected to an imidazole aromatic carbon. Nearest neighbor: sp2 C in an imidazole ring."",
    ""uncertainty"": ""70""
  },
  {
    ""atom_type"": 1004,
    ""element"": ""C"",
    ""chemical_environment"": ""Aromatic ipso carbon in diphenylmethane (Ph-CH2-Ph)."",
    ""functional_group"": ""diphenylmethane ipso aryl carbon"",
    ""hybridization"": ""sp2 (aromatic)"",
    ""example_molecule_smiles"": ""c1ccccc1CH2c2ccccc2"",
    ""group_smarts"": ""c-[CH2]-[c;r6]"",
    ""atom_specific_smarts"": ""[c:1;r6]-[CH2]-[c;r6]"",
    ""description"": ""Ipso benzene carbon bonded to a benzylic methylene that connects to a second aryl ring. Nearest neighbor: benzylic CH2."",
    ""uncertainty"": ""25""
  },
  {
    ""atom_type"": 1009,
    ""element"": ""C"",
    ""chemical_environment"": ""Aromatic ipso carbon bearing chlorine in chlorobenzene."",
    ""functional_group"": ""aryl chloride ipso carbon"",
    ""hybridization"": ""sp2 (aromatic)"",
    ""example_molecule_smiles"": ""Clc1ccccc1"",
    ""group_smarts"": ""c-Cl"",
    ""atom_specific_smarts"": ""[c:1;r6]-Cl"",
    ""description"": ""Benzene carbon directly bonded to Cl. Nearest neighbors: aromatic carbons and chlorine."",
    ""uncertainty"": ""10""
  },
  {
    ""atom_type"": 1011,
    ""element"": ""C"",
    ""chemical_environment"": ""Primary iodoalkane carbon (including methyl iodide) bonded to iodine."",
    ""functional_group"": ""alkyl iodide (primary) C–I carbon"",
    ""hybridization"": ""sp3 (tetrahedral)"",
    ""example_molecule_smiles"": ""CI"",
    ""group_smarts"": ""[C;X4;H2,H3]-I"",
    ""atom_specific_smarts"": ""[C;X4;H2,H3:1]-I"",
    ""description"": ""sp3 carbon with two or three hydrogens directly bonded to iodine (methyl or primary iodides). Nearest neighbor: I."",
    ""uncertainty"": ""15""
  },
  {
    ""atom_type"": 1012,
    ""element"": ""C"",
    ""chemical_environment"": ""Secondary iodoalkane carbon bonded to iodine."",
    ""functional_group"": ""alkyl iodide (secondary) C–I carbon"",
    ""hybridization"": ""sp3 (tetrahedral)"",
    ""example_molecule_smiles"": ""CC(C)I"",
    ""group_smarts"": ""[CH;X4](-I)(-[C;X4])-[C;X4]"",
    ""atom_specific_smarts"": ""[CH;X4:1](-I)(-[C;X4])-[C;X4]"",
    ""description"": ""sp3 carbon with one hydrogen, attached to two carbons and iodine."",
    ""uncertainty"": ""15""
  },
  {
    ""atom_type"": 1013,
    ""element"": ""C"",
    ""chemical_environment"": ""Tertiary iodoalkane carbon bonded to iodine."",
    ""functional_group"": ""alkyl iodide (tertiary) C–I carbon"",
    ""hybridization"": ""sp3 (tetrahedral)"",
    ""example_molecule_smiles"": ""CC(C)(C)I"",
    ""group_smarts"": ""[CX4H0](-I)(-[C;X4])-[C;X4]"",
    ""atom_specific_smarts"": ""[CX4H0:1](-I)(-[C;X4])-[C;X4]"",
    ""description"": ""sp3 quaternary carbon attached to iodine and two (additional) carbons (total three carbons)."",
    ""uncertainty"": ""15""
  },
  {
    ""atom_type"": 1016,
    ""element"": ""C"",
    ""chemical_environment"": ""Aromatic ipso carbon bearing bromine in bromobenzene."",
    ""functional_group"": ""aryl bromide ipso carbon"",
    ""hybridization"": ""sp2 (aromatic)"",
    ""example_molecule_smiles"": ""Brc1ccccc1"",
    ""group_smarts"": ""c-Br"",
    ""atom_specific_smarts"": ""[c:1;r6]-Br"",
    ""description"": ""Benzene carbon directly bonded to Br. Nearest neighbors: aromatic carbons and bromine."",
    ""uncertainty"": ""10""
  },
  {
    ""atom_type"": 1018,
    ""element"": ""C"",
    ""chemical_environment"": ""Aromatic ipso carbon bearing iodine in iodobenzene."",
    ""functional_group"": ""aryl iodide ipso carbon"",
    ""hybridization"": ""sp2 (aromatic)"",
    ""example_molecule_smiles"": ""Ic1ccccc1"",
    ""group_smarts"": ""c-I"",
    ""atom_specific_smarts"": ""[c:1;r6]-I"",
    ""description"": ""Benzene carbon directly bonded to I. Nearest neighbors: aromatic carbons and iodine."",
    ""uncertainty"": ""10""
  },
  {
    ""atom_type"": 1022,
    ""element"": ""C"",
    ""chemical_environment"": ""Aromatic ipso carbon on the N of an N-phenyl sulfonamide (Ar–N–S(=O)2)."",
    ""functional_group"": ""N-phenyl sulfonamide ipso aryl carbon"",
    ""hybridization"": ""sp2 (aromatic)"",
    ""example_molecule_smiles"": ""O=S(=O)(C)Nc1ccccc1"",
    ""group_smarts"": ""c-[N;X3]-S(=O)(=O)"",
    ""atom_specific_smarts"": ""[c:1;r6]-[N;X3]-S(=O)(=O)"",
    ""description"": ""Ipso benzene carbon bonded to a sulfonamide nitrogen that is attached to a sulfonyl group. Nearest neighbors: aryl C and sulfonamide N."",
    ""uncertainty"": ""25""
  },
  {
    ""atom_type"": 1026,
    ""element"": ""C"",
    ""chemical_environment"": ""Epoxide (oxirane) ring CH2 carbon."",
    ""functional_group"": ""epoxide ring carbon (CH2)"",
    ""hybridization"": ""sp3 (strained tetrahedral)"",
    ""example_molecule_smiles"": ""C1CO1"",
    ""group_smarts"": ""[CH2;R3]-[O;R3]-[C;R3]"",
    ""atom_specific_smarts"": ""[CH2;R3:1]-[O;R3]-[C;R3]"",
    ""description"": ""Three-membered cyclic ether carbon bearing two hydrogens and bonded to ring oxygen. Nearest neighbors: ring O and ring C."",
    ""uncertainty"": ""15""
  },
  {
    ""atom_type"": 1027,
    ""element"": ""C"",
    ""chemical_environment"": ""Epoxide (oxirane) ring CH carbon (monosubstituted)."",
    ""functional_group"": ""epoxide ring carbon (CH)"",
    ""hybridization"": ""sp3 (strained tetrahedral)"",
    ""example_molecule_smiles"": ""CC1CO1"",
    ""group_smarts"": ""[CH;R3]-[O;R3]-[C;R3]"",
    ""atom_specific_smarts"": ""[CH;R3:1]-[O;R3]-[C;R3]"",
    ""description"": ""Three-membered cyclic ether carbon bearing one hydrogen and bonded to ring oxygen. Nearest neighbors: ring O and ring C."",
    ""uncertainty"": ""15""
  }
]"
1000,-0.034,C  - C!   | 3-phenyl pyrrole C3,12.011,oplsaa.lt,C,6,"Convert the following OPLS-AA atom type rows:

Atom Type Data:
- Atom index: 988
- Force field raw info: C  - CA   | ipso C in N-methyl,N-phenylacetamide
- Partial charge: -0.045
- Atomic mass: 12.011
- Element guess: C
- Atomic number: 6
- Source file: oplsaa.lt


Atom Type Data:
- Atom index: 989
- Force field raw info: C  - CT   | C in CH2NR2 - benzyl amines; C(CH2NH2) is
- Partial charge: 0.145
- Atomic mass: 12.011
- Element guess: C
- Atomic number: 6
- Source file: oplsaa.lt


Atom Type Data:
- Atom index: 990
- Force field raw info: C  - C~   | C in hydroxamic acid jtr 11/98
- Partial charge: 0.888
- Atomic mass: 12.011
- Element guess: C
- Atomic number: 6
- Source file: oplsaa.lt


Atom Type Data:
- Atom index: 991
- Force field raw info: C  - C~   | C in aromatic hydroxamic aciT
- Partial charge: 1.003
- Atomic mass: 12.011
- Element guess: C
- Atomic number: 6
- Source file: oplsaa.lt


Atom Type Data:
- Atom index: 997
- Force field raw info: C  - CT   | C in CHROR - benzyl ethers; C(CHROR) is
- Partial charge: 0.225
- Atomic mass: 12.011
- Element guess: C
- Atomic number: 6
- Source file: oplsaa.lt


Atom Type Data:
- Atom index: 998
- Force field raw info: C  - CT   | C in CRROR - benzyl ethers; C(CRROR) is
- Partial charge: 0.255
- Atomic mass: 12.011
- Element guess: C
- Atomic number: 6
- Source file: oplsaa.lt


Atom Type Data:
- Atom index: 1000
- Force field raw info: C  - C!   | 3-phenyl pyrrole C3
- Partial charge: -0.034
- Atomic mass: 12.011
- Element guess: C
- Atomic number: 6
- Source file: oplsaa.lt


Atom Type Data:
- Atom index: 1001
- Force field raw info: C  - C!   | 3-phenyl pyrrole C3'
- Partial charge: 0.003
- Atomic mass: 12.011
- Element guess: C
- Atomic number: 6
- Source file: oplsaa.lt


Atom Type Data:
- Atom index: 1002
- Force field raw info: C  - C!   | 4-phenyl imidazole C4
- Partial charge: 0.3
- Atomic mass: 12.011
- Element guess: C
- Atomic number: 6
- Source file: oplsaa.lt


Atom Type Data:
- Atom index: 1003
- Force field raw info: C  - C!   | 4-phenyl imidazole C4'
- Partial charge: -0.04
- Atomic mass: 12.011
- Element guess: C
- Atomic number: 6
- Source file: oplsaa.lt


Atom Type Data:
- Atom index: 1004
- Force field raw info: C  - CA   | diphenylmethane Cipso
- Partial charge: -0.0575
- Atomic mass: 12.011
- Element guess: C
- Atomic number: 6
- Source file: oplsaa.lt


Atom Type Data:
- Atom index: 1009
- Force field raw info: C  - CA   | C(Cl) chlorobenzene with X site
- Partial charge: 0.175
- Atomic mass: 12.011
- Element guess: C
- Atomic number: 6
- Source file: oplsaa.lt


Atom Type Data:
- Atom index: 1011
- Force field raw info: C  - CT   | C(I) iodoalkane - tentative - primary
- Partial charge: -0.07
- Atomic mass: 12.011
- Element guess: C
- Atomic number: 6
- Source file: oplsaa.lt


Atom Type Data:
- Atom index: 1012
- Force field raw info: C  - CT   | C(I) iodoalkane - tentative - secondary
- Partial charge: 0.03
- Atomic mass: 12.011
- Element guess: C
- Atomic number: 6
- Source file: oplsaa.lt


Atom Type Data:
- Atom index: 1013
- Force field raw info: C  - CT   | C(I) iodoalkane - tentative - tertiary
- Partial charge: 0.13
- Atomic mass: 12.011
- Element guess: C
- Atomic number: 6
- Source file: oplsaa.lt


Atom Type Data:
- Atom index: 1016
- Force field raw info: C  - CA   | C(Br) bromobenzene with X site
- Partial charge: 0.17
- Atomic mass: 12.011
- Element guess: C
- Atomic number: 6
- Source file: oplsaa.lt


Atom Type Data:
- Atom index: 1018
- Force field raw info: C  - CA   | C(I) iodobenzene with X site
- Partial charge: 0.15
- Atomic mass: 12.011
- Element guess: C
- Atomic number: 6
- Source file: oplsaa.lt


Atom Type Data:
- Atom index: 1022
- Force field raw info: C  - CA   | benzene C on N of N-phenyl sulfonamide
- Partial charge: 0.155
- Atomic mass: 12.011
- Element guess: C
- Atomic number: 6
- Source file: oplsaa.lt


Atom Type Data:
- Atom index: 1026
- Force field raw info: C  - CY   | CH2 epoxide
- Partial charge: 0.14
- Atomic mass: 12.011
- Element guess: C
- Atomic number: 6
- Source file: oplsaa.lt


Atom Type Data:
- Atom index: 1027
- Force field raw info: C  - CY   | CH epoxide
- Partial charge: 0.17
- Atomic mass: 12.011
- Element guess: C
- Atomic number: 6
- Source file: oplsaa.lt
","[
  {
    ""atom_type"": 988,
    ""element"": ""C"",
    ""chemical_environment"": ""Aromatic ipso carbon bonded to an amide nitrogen (N-aryl amide, anilide)."",
    ""functional_group"": ""anilide (N-aryl amide) ipso aryl carbon"",
    ""hybridization"": ""sp2 (aromatic)"",
    ""example_molecule_smiles"": ""CC(=O)N(C)c1ccccc1"",
    ""group_smarts"": ""c-[N;X3;H0;$([N]-[C](=O)-*)]"",
    ""atom_specific_smarts"": ""[c:1]-[N;X3;H0;$([N]-[C](=O)-*)]"",
    ""description"": ""Ipso benzene carbon directly bonded to an amide N that itself is bound to a carbonyl (N-acyl). Nearest neighbors: aromatic C and amide N(sp2)."",
    ""uncertainty"": ""20""
  },
  {
    ""atom_type"": 989,
    ""element"": ""C"",
    ""chemical_environment"": ""Benzylic methylene attached to an amine nitrogen (benzyl amines: Ar-CH2-NR2)."",
    ""functional_group"": ""benzyl amine benzylic carbon"",
    ""hybridization"": ""sp3 (tetrahedral)"",
    ""example_molecule_smiles"": ""c1ccccc1CN(C)C"",
    ""group_smarts"": ""[CH2]-[N;X3]-[!#1]"",
    ""atom_specific_smarts"": ""[CH2:1](-[N;X3])-[c;r6]"",
    ""description"": ""The CH2 between an aromatic ring and an amine N (primary/secondary/tertiary amines). Nearest neighbors: aromatic sp2 C and amine N(sp3)."",
    ""uncertainty"": ""25""
  },
  {
    ""atom_type"": 990,
    ""element"": ""C"",
    ""chemical_environment"": ""Carbonyl carbon of a hydroxamic acid (R-C(=O)-N(-OH)-H/R)."",
    ""functional_group"": ""hydroxamic acid carbonyl"",
    ""hybridization"": ""sp2 (carbonyl)"",
    ""example_molecule_smiles"": ""CC(=O)NO"",
    ""group_smarts"": ""[C](=O)-[N]-O[H]"",
    ""atom_specific_smarts"": ""[C:1](=O)-[N]-O[H]"",
    ""description"": ""Acyl carbon attached to both a carbonyl oxygen and an N bearing a hydroxyl substituent (N–OH). Nearest neighbors: O(sp2) and N(sp2/sp3)."",
    ""uncertainty"": ""15""
  },
  {
    ""atom_type"": 991,
    ""element"": ""C"",
    ""chemical_environment"": ""Carbonyl carbon of an aromatic hydroxamic acid (Ar-C(=O)-N(-OH)-R/H)."",
    ""functional_group"": ""aromatic hydroxamic acid carbonyl"",
    ""hybridization"": ""sp2 (carbonyl)"",
    ""example_molecule_smiles"": ""O=C(NO)c1ccccc1"",
    ""group_smarts"": ""[C](=O)(-[c;r6])-[N]-O[H]"",
    ""atom_specific_smarts"": ""[C:1](=O)(-[c;r6])-[N]-O[H]"",
    ""description"": ""Hydroxamic acid carbonyl with an aryl substituent on the acyl side. Nearest neighbors: aryl sp2 C, O(sp2), and N."",
    ""uncertainty"": ""35""
  },
  {
    ""atom_type"": 997,
    ""element"": ""C"",
    ""chemical_environment"": ""Secondary benzylic carbon bearing an ether substituent (Ar-CH(OR)-R)."",
    ""functional_group"": ""benzyl ether, secondary benzylic center"",
    ""hybridization"": ""sp3 (tetrahedral)"",
    ""example_molecule_smiles"": ""COC(C)c1ccccc1"",
    ""group_smarts"": ""[CH](-[O;X2]-*)-[c;r6]"",
    ""atom_specific_smarts"": ""[CH:1](-[O;X2]-*)-[c;r6]"",
    ""description"": ""Benzylic CH attached to an ether oxygen and an aromatic ring (plus one carbon). Nearest neighbors: O(sp3) and aryl C."",
    ""uncertainty"": ""25""
  },
  {
    ""atom_type"": 998,
    ""element"": ""C"",
    ""chemical_environment"": ""Tertiary benzylic carbon bearing an ether substituent (Ar-C(OR)(R)R)."",
    ""functional_group"": ""benzyl ether, tertiary benzylic center"",
    ""hybridization"": ""sp3 (tetrahedral)"",
    ""example_molecule_smiles"": ""COC(C)(C)c1ccccc1"",
    ""group_smarts"": ""[CX4H0](-[O;X2]-*)(-[c;r6])-[C;X4]"",
    ""atom_specific_smarts"": ""[CX4H0:1](-[O;X2]-*)(-[c;r6])-[C;X4]"",
    ""description"": ""Benzylic quaternary center connected to an ether oxygen, an aryl carbon, and another carbon. Nearest neighbors: O(sp3), aryl C, alkyl C."",
    ""uncertainty"": ""25""
  },
  {
    ""atom_type"": 1000,
    ""element"": ""C"",
    ""chemical_environment"": ""Pyrrole ring carbon at C3 (beta) bonded to a phenyl ring in 3-phenylpyrrole."",
    ""functional_group"": ""biaryl linkage (pyrrole–phenyl) at pyrrole C3"",
    ""hybridization"": ""sp2 (aromatic)"",
    ""example_molecule_smiles"": ""c1c(-c2ccccc2)[nH]cc1"",
    ""group_smarts"": ""[c;r5;$(*~[nH;r5])]-[c;r6]"",
    ""atom_specific_smarts"": ""[c:1;r5;$(*~[nH;r5])]-[c;r6]"",
    ""description"": ""The beta aromatic carbon of a 1H-pyrrole ring that forms the biaryl bond to a benzene carbon. Nearest neighbors: two ring sp2 atoms in pyrrole and one aryl sp2 C."",
    ""uncertainty"": ""70""
  },
  {
    ""atom_type"": 1001,
    ""element"": ""C"",
    ""chemical_environment"": ""Phenyl ipso carbon bonded to the pyrrole ring in 3-phenylpyrrole."",
    ""functional_group"": ""biaryl linkage (phenyl–pyrrole) ipso aryl carbon"",
    ""hybridization"": ""sp2 (aromatic)"",
    ""example_molecule_smiles"": ""c1c(-c2ccccc2)[nH]cc1"",
    ""group_smarts"": ""[c;r6]-[c;r5;$(*~[nH;r5])]"",
    ""atom_specific_smarts"": ""[c:1;r6]-[c;r5;$(*~[nH;r5])]"",
    ""description"": ""The benzene ipso carbon that connects directly to a pyrrole aromatic carbon. Nearest neighbor: an sp2 carbon in a 1H-pyrrole ring."",
    ""uncertainty"": ""70""
  },
  {
    ""atom_type"": 1002,
    ""element"": ""C"",
    ""chemical_environment"": ""Imidazole ring carbon at C4 bonded to a phenyl ring in 4-phenylimidazole."",
    ""functional_group"": ""biaryl linkage (imidazole–phenyl) at imidazole C4"",
    ""hybridization"": ""sp2 (aromatic)"",
    ""example_molecule_smiles"": ""c1ncc([nH]1)c2ccccc2"",
    ""group_smarts"": ""[c;r5;$(*~[n;r5]);$(*~[nH;r5])]-[c;r6]"",
    ""atom_specific_smarts"": ""[c:1;r5;$(*~[n;r5]);$(*~[nH;r5])]-[c;r6]"",
    ""description"": ""An imidazole aromatic carbon that forms the biaryl bond to benzene; the five-member ring contains one [n] and one [nH]. Nearest neighbors: imidazole ring atoms and an aryl sp2 carbon."",
    ""uncertainty"": ""70""
  },
  {
    ""atom_type"": 1003,
    ""element"": ""C"",
    ""chemical_environment"": ""Phenyl ipso carbon bonded to an imidazole ring in 4-phenylimidazole."",
    ""functional_group"": ""biaryl linkage (phenyl–imidazole) ipso aryl carbon"",
    ""hybridization"": ""sp2 (aromatic)"",
    ""example_molecule_smiles"": ""c1ncc([nH]1)c2ccccc2"",
    ""group_smarts"": ""[c;r6]-[c;r5;$(*~[n;r5]);$(*~[nH;r5])]"",
    ""atom_specific_smarts"": ""[c:1;r6]-[c;r5;$(*~[n;r5]);$(*~[nH;r5])]"",
    ""description"": ""Benzene ipso carbon directly connected to an imidazole aromatic carbon. Nearest neighbor: sp2 C in an imidazole ring."",
    ""uncertainty"": ""70""
  },
  {
    ""atom_type"": 1004,
    ""element"": ""C"",
    ""chemical_environment"": ""Aromatic ipso carbon in diphenylmethane (Ph-CH2-Ph)."",
    ""functional_group"": ""diphenylmethane ipso aryl carbon"",
    ""hybridization"": ""sp2 (aromatic)"",
    ""example_molecule_smiles"": ""c1ccccc1CH2c2ccccc2"",
    ""group_smarts"": ""c-[CH2]-[c;r6]"",
    ""atom_specific_smarts"": ""[c:1;r6]-[CH2]-[c;r6]"",
    ""description"": ""Ipso benzene carbon bonded to a benzylic methylene that connects to a second aryl ring. Nearest neighbor: benzylic CH2."",
    ""uncertainty"": ""25""
  },
  {
    ""atom_type"": 1009,
    ""element"": ""C"",
    ""chemical_environment"": ""Aromatic ipso carbon bearing chlorine in chlorobenzene."",
    ""functional_group"": ""aryl chloride ipso carbon"",
    ""hybridization"": ""sp2 (aromatic)"",
    ""example_molecule_smiles"": ""Clc1ccccc1"",
    ""group_smarts"": ""c-Cl"",
    ""atom_specific_smarts"": ""[c:1;r6]-Cl"",
    ""description"": ""Benzene carbon directly bonded to Cl. Nearest neighbors: aromatic carbons and chlorine."",
    ""uncertainty"": ""10""
  },
  {
    ""atom_type"": 1011,
    ""element"": ""C"",
    ""chemical_environment"": ""Primary iodoalkane carbon (including methyl iodide) bonded to iodine."",
    ""functional_group"": ""alkyl iodide (primary) C–I carbon"",
    ""hybridization"": ""sp3 (tetrahedral)"",
    ""example_molecule_smiles"": ""CI"",
    ""group_smarts"": ""[C;X4;H2,H3]-I"",
    ""atom_specific_smarts"": ""[C;X4;H2,H3:1]-I"",
    ""description"": ""sp3 carbon with two or three hydrogens directly bonded to iodine (methyl or primary iodides). Nearest neighbor: I."",
    ""uncertainty"": ""15""
  },
  {
    ""atom_type"": 1012,
    ""element"": ""C"",
    ""chemical_environment"": ""Secondary iodoalkane carbon bonded to iodine."",
    ""functional_group"": ""alkyl iodide (secondary) C–I carbon"",
    ""hybridization"": ""sp3 (tetrahedral)"",
    ""example_molecule_smiles"": ""CC(C)I"",
    ""group_smarts"": ""[CH;X4](-I)(-[C;X4])-[C;X4]"",
    ""atom_specific_smarts"": ""[CH;X4:1](-I)(-[C;X4])-[C;X4]"",
    ""description"": ""sp3 carbon with one hydrogen, attached to two carbons and iodine."",
    ""uncertainty"": ""15""
  },
  {
    ""atom_type"": 1013,
    ""element"": ""C"",
    ""chemical_environment"": ""Tertiary iodoalkane carbon bonded to iodine."",
    ""functional_group"": ""alkyl iodide (tertiary) C–I carbon"",
    ""hybridization"": ""sp3 (tetrahedral)"",
    ""example_molecule_smiles"": ""CC(C)(C)I"",
    ""group_smarts"": ""[CX4H0](-I)(-[C;X4])-[C;X4]"",
    ""atom_specific_smarts"": ""[CX4H0:1](-I)(-[C;X4])-[C;X4]"",
    ""description"": ""sp3 quaternary carbon attached to iodine and two (additional) carbons (total three carbons)."",
    ""uncertainty"": ""15""
  },
  {
    ""atom_type"": 1016,
    ""element"": ""C"",
    ""chemical_environment"": ""Aromatic ipso carbon bearing bromine in bromobenzene."",
    ""functional_group"": ""aryl bromide ipso carbon"",
    ""hybridization"": ""sp2 (aromatic)"",
    ""example_molecule_smiles"": ""Brc1ccccc1"",
    ""group_smarts"": ""c-Br"",
    ""atom_specific_smarts"": ""[c:1;r6]-Br"",
    ""description"": ""Benzene carbon directly bonded to Br. Nearest neighbors: aromatic carbons and bromine."",
    ""uncertainty"": ""10""
  },
  {
    ""atom_type"": 1018,
    ""element"": ""C"",
    ""chemical_environment"": ""Aromatic ipso carbon bearing iodine in iodobenzene."",
    ""functional_group"": ""aryl iodide ipso carbon"",
    ""hybridization"": ""sp2 (aromatic)"",
    ""example_molecule_smiles"": ""Ic1ccccc1"",
    ""group_smarts"": ""c-I"",
    ""atom_specific_smarts"": ""[c:1;r6]-I"",
    ""description"": ""Benzene carbon directly bonded to I. Nearest neighbors: aromatic carbons and iodine."",
    ""uncertainty"": ""10""
  },
  {
    ""atom_type"": 1022,
    ""element"": ""C"",
    ""chemical_environment"": ""Aromatic ipso carbon on the N of an N-phenyl sulfonamide (Ar–N–S(=O)2)."",
    ""functional_group"": ""N-phenyl sulfonamide ipso aryl carbon"",
    ""hybridization"": ""sp2 (aromatic)"",
    ""example_molecule_smiles"": ""O=S(=O)(C)Nc1ccccc1"",
    ""group_smarts"": ""c-[N;X3]-S(=O)(=O)"",
    ""atom_specific_smarts"": ""[c:1;r6]-[N;X3]-S(=O)(=O)"",
    ""description"": ""Ipso benzene carbon bonded to a sulfonamide nitrogen that is attached to a sulfonyl group. Nearest neighbors: aryl C and sulfonamide N."",
    ""uncertainty"": ""25""
  },
  {
    ""atom_type"": 1026,
    ""element"": ""C"",
    ""chemical_environment"": ""Epoxide (oxirane) ring CH2 carbon."",
    ""functional_group"": ""epoxide ring carbon (CH2)"",
    ""hybridization"": ""sp3 (strained tetrahedral)"",
    ""example_molecule_smiles"": ""C1CO1"",
    ""group_smarts"": ""[CH2;R3]-[O;R3]-[C;R3]"",
    ""atom_specific_smarts"": ""[CH2;R3:1]-[O;R3]-[C;R3]"",
    ""description"": ""Three-membered cyclic ether carbon bearing two hydrogens and bonded to ring oxygen. Nearest neighbors: ring O and ring C."",
    ""uncertainty"": ""15""
  },
  {
    ""atom_type"": 1027,
    ""element"": ""C"",
    ""chemical_environment"": ""Epoxide (oxirane) ring CH carbon (monosubstituted)."",
    ""functional_group"": ""epoxide ring carbon (CH)"",
    ""hybridization"": ""sp3 (strained tetrahedral)"",
    ""example_molecule_smiles"": ""CC1CO1"",
    ""group_smarts"": ""[CH;R3]-[O;R3]-[C;R3]"",
    ""atom_specific_smarts"": ""[CH;R3:1]-[O;R3]-[C;R3]"",
    ""description"": ""Three-membered cyclic ether carbon bearing one hydrogen and bonded to ring oxygen. Nearest neighbors: ring O and ring C."",
    ""uncertainty"": ""15""
  }
]"
1001,0.003,C  - C!   | 3-phenyl pyrrole C3',12.011,oplsaa.lt,C,6,"Convert the following OPLS-AA atom type rows:

Atom Type Data:
- Atom index: 988
- Force field raw info: C  - CA   | ipso C in N-methyl,N-phenylacetamide
- Partial charge: -0.045
- Atomic mass: 12.011
- Element guess: C
- Atomic number: 6
- Source file: oplsaa.lt


Atom Type Data:
- Atom index: 989
- Force field raw info: C  - CT   | C in CH2NR2 - benzyl amines; C(CH2NH2) is
- Partial charge: 0.145
- Atomic mass: 12.011
- Element guess: C
- Atomic number: 6
- Source file: oplsaa.lt


Atom Type Data:
- Atom index: 990
- Force field raw info: C  - C~   | C in hydroxamic acid jtr 11/98
- Partial charge: 0.888
- Atomic mass: 12.011
- Element guess: C
- Atomic number: 6
- Source file: oplsaa.lt


Atom Type Data:
- Atom index: 991
- Force field raw info: C  - C~   | C in aromatic hydroxamic aciT
- Partial charge: 1.003
- Atomic mass: 12.011
- Element guess: C
- Atomic number: 6
- Source file: oplsaa.lt


Atom Type Data:
- Atom index: 997
- Force field raw info: C  - CT   | C in CHROR - benzyl ethers; C(CHROR) is
- Partial charge: 0.225
- Atomic mass: 12.011
- Element guess: C
- Atomic number: 6
- Source file: oplsaa.lt


Atom Type Data:
- Atom index: 998
- Force field raw info: C  - CT   | C in CRROR - benzyl ethers; C(CRROR) is
- Partial charge: 0.255
- Atomic mass: 12.011
- Element guess: C
- Atomic number: 6
- Source file: oplsaa.lt


Atom Type Data:
- Atom index: 1000
- Force field raw info: C  - C!   | 3-phenyl pyrrole C3
- Partial charge: -0.034
- Atomic mass: 12.011
- Element guess: C
- Atomic number: 6
- Source file: oplsaa.lt


Atom Type Data:
- Atom index: 1001
- Force field raw info: C  - C!   | 3-phenyl pyrrole C3'
- Partial charge: 0.003
- Atomic mass: 12.011
- Element guess: C
- Atomic number: 6
- Source file: oplsaa.lt


Atom Type Data:
- Atom index: 1002
- Force field raw info: C  - C!   | 4-phenyl imidazole C4
- Partial charge: 0.3
- Atomic mass: 12.011
- Element guess: C
- Atomic number: 6
- Source file: oplsaa.lt


Atom Type Data:
- Atom index: 1003
- Force field raw info: C  - C!   | 4-phenyl imidazole C4'
- Partial charge: -0.04
- Atomic mass: 12.011
- Element guess: C
- Atomic number: 6
- Source file: oplsaa.lt


Atom Type Data:
- Atom index: 1004
- Force field raw info: C  - CA   | diphenylmethane Cipso
- Partial charge: -0.0575
- Atomic mass: 12.011
- Element guess: C
- Atomic number: 6
- Source file: oplsaa.lt


Atom Type Data:
- Atom index: 1009
- Force field raw info: C  - CA   | C(Cl) chlorobenzene with X site
- Partial charge: 0.175
- Atomic mass: 12.011
- Element guess: C
- Atomic number: 6
- Source file: oplsaa.lt


Atom Type Data:
- Atom index: 1011
- Force field raw info: C  - CT   | C(I) iodoalkane - tentative - primary
- Partial charge: -0.07
- Atomic mass: 12.011
- Element guess: C
- Atomic number: 6
- Source file: oplsaa.lt


Atom Type Data:
- Atom index: 1012
- Force field raw info: C  - CT   | C(I) iodoalkane - tentative - secondary
- Partial charge: 0.03
- Atomic mass: 12.011
- Element guess: C
- Atomic number: 6
- Source file: oplsaa.lt


Atom Type Data:
- Atom index: 1013
- Force field raw info: C  - CT   | C(I) iodoalkane - tentative - tertiary
- Partial charge: 0.13
- Atomic mass: 12.011
- Element guess: C
- Atomic number: 6
- Source file: oplsaa.lt


Atom Type Data:
- Atom index: 1016
- Force field raw info: C  - CA   | C(Br) bromobenzene with X site
- Partial charge: 0.17
- Atomic mass: 12.011
- Element guess: C
- Atomic number: 6
- Source file: oplsaa.lt


Atom Type Data:
- Atom index: 1018
- Force field raw info: C  - CA   | C(I) iodobenzene with X site
- Partial charge: 0.15
- Atomic mass: 12.011
- Element guess: C
- Atomic number: 6
- Source file: oplsaa.lt


Atom Type Data:
- Atom index: 1022
- Force field raw info: C  - CA   | benzene C on N of N-phenyl sulfonamide
- Partial charge: 0.155
- Atomic mass: 12.011
- Element guess: C
- Atomic number: 6
- Source file: oplsaa.lt


Atom Type Data:
- Atom index: 1026
- Force field raw info: C  - CY   | CH2 epoxide
- Partial charge: 0.14
- Atomic mass: 12.011
- Element guess: C
- Atomic number: 6
- Source file: oplsaa.lt


Atom Type Data:
- Atom index: 1027
- Force field raw info: C  - CY   | CH epoxide
- Partial charge: 0.17
- Atomic mass: 12.011
- Element guess: C
- Atomic number: 6
- Source file: oplsaa.lt
","[
  {
    ""atom_type"": 988,
    ""element"": ""C"",
    ""chemical_environment"": ""Aromatic ipso carbon bonded to an amide nitrogen (N-aryl amide, anilide)."",
    ""functional_group"": ""anilide (N-aryl amide) ipso aryl carbon"",
    ""hybridization"": ""sp2 (aromatic)"",
    ""example_molecule_smiles"": ""CC(=O)N(C)c1ccccc1"",
    ""group_smarts"": ""c-[N;X3;H0;$([N]-[C](=O)-*)]"",
    ""atom_specific_smarts"": ""[c:1]-[N;X3;H0;$([N]-[C](=O)-*)]"",
    ""description"": ""Ipso benzene carbon directly bonded to an amide N that itself is bound to a carbonyl (N-acyl). Nearest neighbors: aromatic C and amide N(sp2)."",
    ""uncertainty"": ""20""
  },
  {
    ""atom_type"": 989,
    ""element"": ""C"",
    ""chemical_environment"": ""Benzylic methylene attached to an amine nitrogen (benzyl amines: Ar-CH2-NR2)."",
    ""functional_group"": ""benzyl amine benzylic carbon"",
    ""hybridization"": ""sp3 (tetrahedral)"",
    ""example_molecule_smiles"": ""c1ccccc1CN(C)C"",
    ""group_smarts"": ""[CH2]-[N;X3]-[!#1]"",
    ""atom_specific_smarts"": ""[CH2:1](-[N;X3])-[c;r6]"",
    ""description"": ""The CH2 between an aromatic ring and an amine N (primary/secondary/tertiary amines). Nearest neighbors: aromatic sp2 C and amine N(sp3)."",
    ""uncertainty"": ""25""
  },
  {
    ""atom_type"": 990,
    ""element"": ""C"",
    ""chemical_environment"": ""Carbonyl carbon of a hydroxamic acid (R-C(=O)-N(-OH)-H/R)."",
    ""functional_group"": ""hydroxamic acid carbonyl"",
    ""hybridization"": ""sp2 (carbonyl)"",
    ""example_molecule_smiles"": ""CC(=O)NO"",
    ""group_smarts"": ""[C](=O)-[N]-O[H]"",
    ""atom_specific_smarts"": ""[C:1](=O)-[N]-O[H]"",
    ""description"": ""Acyl carbon attached to both a carbonyl oxygen and an N bearing a hydroxyl substituent (N–OH). Nearest neighbors: O(sp2) and N(sp2/sp3)."",
    ""uncertainty"": ""15""
  },
  {
    ""atom_type"": 991,
    ""element"": ""C"",
    ""chemical_environment"": ""Carbonyl carbon of an aromatic hydroxamic acid (Ar-C(=O)-N(-OH)-R/H)."",
    ""functional_group"": ""aromatic hydroxamic acid carbonyl"",
    ""hybridization"": ""sp2 (carbonyl)"",
    ""example_molecule_smiles"": ""O=C(NO)c1ccccc1"",
    ""group_smarts"": ""[C](=O)(-[c;r6])-[N]-O[H]"",
    ""atom_specific_smarts"": ""[C:1](=O)(-[c;r6])-[N]-O[H]"",
    ""description"": ""Hydroxamic acid carbonyl with an aryl substituent on the acyl side. Nearest neighbors: aryl sp2 C, O(sp2), and N."",
    ""uncertainty"": ""35""
  },
  {
    ""atom_type"": 997,
    ""element"": ""C"",
    ""chemical_environment"": ""Secondary benzylic carbon bearing an ether substituent (Ar-CH(OR)-R)."",
    ""functional_group"": ""benzyl ether, secondary benzylic center"",
    ""hybridization"": ""sp3 (tetrahedral)"",
    ""example_molecule_smiles"": ""COC(C)c1ccccc1"",
    ""group_smarts"": ""[CH](-[O;X2]-*)-[c;r6]"",
    ""atom_specific_smarts"": ""[CH:1](-[O;X2]-*)-[c;r6]"",
    ""description"": ""Benzylic CH attached to an ether oxygen and an aromatic ring (plus one carbon). Nearest neighbors: O(sp3) and aryl C."",
    ""uncertainty"": ""25""
  },
  {
    ""atom_type"": 998,
    ""element"": ""C"",
    ""chemical_environment"": ""Tertiary benzylic carbon bearing an ether substituent (Ar-C(OR)(R)R)."",
    ""functional_group"": ""benzyl ether, tertiary benzylic center"",
    ""hybridization"": ""sp3 (tetrahedral)"",
    ""example_molecule_smiles"": ""COC(C)(C)c1ccccc1"",
    ""group_smarts"": ""[CX4H0](-[O;X2]-*)(-[c;r6])-[C;X4]"",
    ""atom_specific_smarts"": ""[CX4H0:1](-[O;X2]-*)(-[c;r6])-[C;X4]"",
    ""description"": ""Benzylic quaternary center connected to an ether oxygen, an aryl carbon, and another carbon. Nearest neighbors: O(sp3), aryl C, alkyl C."",
    ""uncertainty"": ""25""
  },
  {
    ""atom_type"": 1000,
    ""element"": ""C"",
    ""chemical_environment"": ""Pyrrole ring carbon at C3 (beta) bonded to a phenyl ring in 3-phenylpyrrole."",
    ""functional_group"": ""biaryl linkage (pyrrole–phenyl) at pyrrole C3"",
    ""hybridization"": ""sp2 (aromatic)"",
    ""example_molecule_smiles"": ""c1c(-c2ccccc2)[nH]cc1"",
    ""group_smarts"": ""[c;r5;$(*~[nH;r5])]-[c;r6]"",
    ""atom_specific_smarts"": ""[c:1;r5;$(*~[nH;r5])]-[c;r6]"",
    ""description"": ""The beta aromatic carbon of a 1H-pyrrole ring that forms the biaryl bond to a benzene carbon. Nearest neighbors: two ring sp2 atoms in pyrrole and one aryl sp2 C."",
    ""uncertainty"": ""70""
  },
  {
    ""atom_type"": 1001,
    ""element"": ""C"",
    ""chemical_environment"": ""Phenyl ipso carbon bonded to the pyrrole ring in 3-phenylpyrrole."",
    ""functional_group"": ""biaryl linkage (phenyl–pyrrole) ipso aryl carbon"",
    ""hybridization"": ""sp2 (aromatic)"",
    ""example_molecule_smiles"": ""c1c(-c2ccccc2)[nH]cc1"",
    ""group_smarts"": ""[c;r6]-[c;r5;$(*~[nH;r5])]"",
    ""atom_specific_smarts"": ""[c:1;r6]-[c;r5;$(*~[nH;r5])]"",
    ""description"": ""The benzene ipso carbon that connects directly to a pyrrole aromatic carbon. Nearest neighbor: an sp2 carbon in a 1H-pyrrole ring."",
    ""uncertainty"": ""70""
  },
  {
    ""atom_type"": 1002,
    ""element"": ""C"",
    ""chemical_environment"": ""Imidazole ring carbon at C4 bonded to a phenyl ring in 4-phenylimidazole."",
    ""functional_group"": ""biaryl linkage (imidazole–phenyl) at imidazole C4"",
    ""hybridization"": ""sp2 (aromatic)"",
    ""example_molecule_smiles"": ""c1ncc([nH]1)c2ccccc2"",
    ""group_smarts"": ""[c;r5;$(*~[n;r5]);$(*~[nH;r5])]-[c;r6]"",
    ""atom_specific_smarts"": ""[c:1;r5;$(*~[n;r5]);$(*~[nH;r5])]-[c;r6]"",
    ""description"": ""An imidazole aromatic carbon that forms the biaryl bond to benzene; the five-member ring contains one [n] and one [nH]. Nearest neighbors: imidazole ring atoms and an aryl sp2 carbon."",
    ""uncertainty"": ""70""
  },
  {
    ""atom_type"": 1003,
    ""element"": ""C"",
    ""chemical_environment"": ""Phenyl ipso carbon bonded to an imidazole ring in 4-phenylimidazole."",
    ""functional_group"": ""biaryl linkage (phenyl–imidazole) ipso aryl carbon"",
    ""hybridization"": ""sp2 (aromatic)"",
    ""example_molecule_smiles"": ""c1ncc([nH]1)c2ccccc2"",
    ""group_smarts"": ""[c;r6]-[c;r5;$(*~[n;r5]);$(*~[nH;r5])]"",
    ""atom_specific_smarts"": ""[c:1;r6]-[c;r5;$(*~[n;r5]);$(*~[nH;r5])]"",
    ""description"": ""Benzene ipso carbon directly connected to an imidazole aromatic carbon. Nearest neighbor: sp2 C in an imidazole ring."",
    ""uncertainty"": ""70""
  },
  {
    ""atom_type"": 1004,
    ""element"": ""C"",
    ""chemical_environment"": ""Aromatic ipso carbon in diphenylmethane (Ph-CH2-Ph)."",
    ""functional_group"": ""diphenylmethane ipso aryl carbon"",
    ""hybridization"": ""sp2 (aromatic)"",
    ""example_molecule_smiles"": ""c1ccccc1CH2c2ccccc2"",
    ""group_smarts"": ""c-[CH2]-[c;r6]"",
    ""atom_specific_smarts"": ""[c:1;r6]-[CH2]-[c;r6]"",
    ""description"": ""Ipso benzene carbon bonded to a benzylic methylene that connects to a second aryl ring. Nearest neighbor: benzylic CH2."",
    ""uncertainty"": ""25""
  },
  {
    ""atom_type"": 1009,
    ""element"": ""C"",
    ""chemical_environment"": ""Aromatic ipso carbon bearing chlorine in chlorobenzene."",
    ""functional_group"": ""aryl chloride ipso carbon"",
    ""hybridization"": ""sp2 (aromatic)"",
    ""example_molecule_smiles"": ""Clc1ccccc1"",
    ""group_smarts"": ""c-Cl"",
    ""atom_specific_smarts"": ""[c:1;r6]-Cl"",
    ""description"": ""Benzene carbon directly bonded to Cl. Nearest neighbors: aromatic carbons and chlorine."",
    ""uncertainty"": ""10""
  },
  {
    ""atom_type"": 1011,
    ""element"": ""C"",
    ""chemical_environment"": ""Primary iodoalkane carbon (including methyl iodide) bonded to iodine."",
    ""functional_group"": ""alkyl iodide (primary) C–I carbon"",
    ""hybridization"": ""sp3 (tetrahedral)"",
    ""example_molecule_smiles"": ""CI"",
    ""group_smarts"": ""[C;X4;H2,H3]-I"",
    ""atom_specific_smarts"": ""[C;X4;H2,H3:1]-I"",
    ""description"": ""sp3 carbon with two or three hydrogens directly bonded to iodine (methyl or primary iodides). Nearest neighbor: I."",
    ""uncertainty"": ""15""
  },
  {
    ""atom_type"": 1012,
    ""element"": ""C"",
    ""chemical_environment"": ""Secondary iodoalkane carbon bonded to iodine."",
    ""functional_group"": ""alkyl iodide (secondary) C–I carbon"",
    ""hybridization"": ""sp3 (tetrahedral)"",
    ""example_molecule_smiles"": ""CC(C)I"",
    ""group_smarts"": ""[CH;X4](-I)(-[C;X4])-[C;X4]"",
    ""atom_specific_smarts"": ""[CH;X4:1](-I)(-[C;X4])-[C;X4]"",
    ""description"": ""sp3 carbon with one hydrogen, attached to two carbons and iodine."",
    ""uncertainty"": ""15""
  },
  {
    ""atom_type"": 1013,
    ""element"": ""C"",
    ""chemical_environment"": ""Tertiary iodoalkane carbon bonded to iodine."",
    ""functional_group"": ""alkyl iodide (tertiary) C–I carbon"",
    ""hybridization"": ""sp3 (tetrahedral)"",
    ""example_molecule_smiles"": ""CC(C)(C)I"",
    ""group_smarts"": ""[CX4H0](-I)(-[C;X4])-[C;X4]"",
    ""atom_specific_smarts"": ""[CX4H0:1](-I)(-[C;X4])-[C;X4]"",
    ""description"": ""sp3 quaternary carbon attached to iodine and two (additional) carbons (total three carbons)."",
    ""uncertainty"": ""15""
  },
  {
    ""atom_type"": 1016,
    ""element"": ""C"",
    ""chemical_environment"": ""Aromatic ipso carbon bearing bromine in bromobenzene."",
    ""functional_group"": ""aryl bromide ipso carbon"",
    ""hybridization"": ""sp2 (aromatic)"",
    ""example_molecule_smiles"": ""Brc1ccccc1"",
    ""group_smarts"": ""c-Br"",
    ""atom_specific_smarts"": ""[c:1;r6]-Br"",
    ""description"": ""Benzene carbon directly bonded to Br. Nearest neighbors: aromatic carbons and bromine."",
    ""uncertainty"": ""10""
  },
  {
    ""atom_type"": 1018,
    ""element"": ""C"",
    ""chemical_environment"": ""Aromatic ipso carbon bearing iodine in iodobenzene."",
    ""functional_group"": ""aryl iodide ipso carbon"",
    ""hybridization"": ""sp2 (aromatic)"",
    ""example_molecule_smiles"": ""Ic1ccccc1"",
    ""group_smarts"": ""c-I"",
    ""atom_specific_smarts"": ""[c:1;r6]-I"",
    ""description"": ""Benzene carbon directly bonded to I. Nearest neighbors: aromatic carbons and iodine."",
    ""uncertainty"": ""10""
  },
  {
    ""atom_type"": 1022,
    ""element"": ""C"",
    ""chemical_environment"": ""Aromatic ipso carbon on the N of an N-phenyl sulfonamide (Ar–N–S(=O)2)."",
    ""functional_group"": ""N-phenyl sulfonamide ipso aryl carbon"",
    ""hybridization"": ""sp2 (aromatic)"",
    ""example_molecule_smiles"": ""O=S(=O)(C)Nc1ccccc1"",
    ""group_smarts"": ""c-[N;X3]-S(=O)(=O)"",
    ""atom_specific_smarts"": ""[c:1;r6]-[N;X3]-S(=O)(=O)"",
    ""description"": ""Ipso benzene carbon bonded to a sulfonamide nitrogen that is attached to a sulfonyl group. Nearest neighbors: aryl C and sulfonamide N."",
    ""uncertainty"": ""25""
  },
  {
    ""atom_type"": 1026,
    ""element"": ""C"",
    ""chemical_environment"": ""Epoxide (oxirane) ring CH2 carbon."",
    ""functional_group"": ""epoxide ring carbon (CH2)"",
    ""hybridization"": ""sp3 (strained tetrahedral)"",
    ""example_molecule_smiles"": ""C1CO1"",
    ""group_smarts"": ""[CH2;R3]-[O;R3]-[C;R3]"",
    ""atom_specific_smarts"": ""[CH2;R3:1]-[O;R3]-[C;R3]"",
    ""description"": ""Three-membered cyclic ether carbon bearing two hydrogens and bonded to ring oxygen. Nearest neighbors: ring O and ring C."",
    ""uncertainty"": ""15""
  },
  {
    ""atom_type"": 1027,
    ""element"": ""C"",
    ""chemical_environment"": ""Epoxide (oxirane) ring CH carbon (monosubstituted)."",
    ""functional_group"": ""epoxide ring carbon (CH)"",
    ""hybridization"": ""sp3 (strained tetrahedral)"",
    ""example_molecule_smiles"": ""CC1CO1"",
    ""group_smarts"": ""[CH;R3]-[O;R3]-[C;R3]"",
    ""atom_specific_smarts"": ""[CH;R3:1]-[O;R3]-[C;R3]"",
    ""description"": ""Three-membered cyclic ether carbon bearing one hydrogen and bonded to ring oxygen. Nearest neighbors: ring O and ring C."",
    ""uncertainty"": ""15""
  }
]"
1002,0.3,C  - C!   | 4-phenyl imidazole C4,12.011,oplsaa.lt,C,6,"Convert the following OPLS-AA atom type rows:

Atom Type Data:
- Atom index: 988
- Force field raw info: C  - CA   | ipso C in N-methyl,N-phenylacetamide
- Partial charge: -0.045
- Atomic mass: 12.011
- Element guess: C
- Atomic number: 6
- Source file: oplsaa.lt


Atom Type Data:
- Atom index: 989
- Force field raw info: C  - CT   | C in CH2NR2 - benzyl amines; C(CH2NH2) is
- Partial charge: 0.145
- Atomic mass: 12.011
- Element guess: C
- Atomic number: 6
- Source file: oplsaa.lt


Atom Type Data:
- Atom index: 990
- Force field raw info: C  - C~   | C in hydroxamic acid jtr 11/98
- Partial charge: 0.888
- Atomic mass: 12.011
- Element guess: C
- Atomic number: 6
- Source file: oplsaa.lt


Atom Type Data:
- Atom index: 991
- Force field raw info: C  - C~   | C in aromatic hydroxamic aciT
- Partial charge: 1.003
- Atomic mass: 12.011
- Element guess: C
- Atomic number: 6
- Source file: oplsaa.lt


Atom Type Data:
- Atom index: 997
- Force field raw info: C  - CT   | C in CHROR - benzyl ethers; C(CHROR) is
- Partial charge: 0.225
- Atomic mass: 12.011
- Element guess: C
- Atomic number: 6
- Source file: oplsaa.lt


Atom Type Data:
- Atom index: 998
- Force field raw info: C  - CT   | C in CRROR - benzyl ethers; C(CRROR) is
- Partial charge: 0.255
- Atomic mass: 12.011
- Element guess: C
- Atomic number: 6
- Source file: oplsaa.lt


Atom Type Data:
- Atom index: 1000
- Force field raw info: C  - C!   | 3-phenyl pyrrole C3
- Partial charge: -0.034
- Atomic mass: 12.011
- Element guess: C
- Atomic number: 6
- Source file: oplsaa.lt


Atom Type Data:
- Atom index: 1001
- Force field raw info: C  - C!   | 3-phenyl pyrrole C3'
- Partial charge: 0.003
- Atomic mass: 12.011
- Element guess: C
- Atomic number: 6
- Source file: oplsaa.lt


Atom Type Data:
- Atom index: 1002
- Force field raw info: C  - C!   | 4-phenyl imidazole C4
- Partial charge: 0.3
- Atomic mass: 12.011
- Element guess: C
- Atomic number: 6
- Source file: oplsaa.lt


Atom Type Data:
- Atom index: 1003
- Force field raw info: C  - C!   | 4-phenyl imidazole C4'
- Partial charge: -0.04
- Atomic mass: 12.011
- Element guess: C
- Atomic number: 6
- Source file: oplsaa.lt


Atom Type Data:
- Atom index: 1004
- Force field raw info: C  - CA   | diphenylmethane Cipso
- Partial charge: -0.0575
- Atomic mass: 12.011
- Element guess: C
- Atomic number: 6
- Source file: oplsaa.lt


Atom Type Data:
- Atom index: 1009
- Force field raw info: C  - CA   | C(Cl) chlorobenzene with X site
- Partial charge: 0.175
- Atomic mass: 12.011
- Element guess: C
- Atomic number: 6
- Source file: oplsaa.lt


Atom Type Data:
- Atom index: 1011
- Force field raw info: C  - CT   | C(I) iodoalkane - tentative - primary
- Partial charge: -0.07
- Atomic mass: 12.011
- Element guess: C
- Atomic number: 6
- Source file: oplsaa.lt


Atom Type Data:
- Atom index: 1012
- Force field raw info: C  - CT   | C(I) iodoalkane - tentative - secondary
- Partial charge: 0.03
- Atomic mass: 12.011
- Element guess: C
- Atomic number: 6
- Source file: oplsaa.lt


Atom Type Data:
- Atom index: 1013
- Force field raw info: C  - CT   | C(I) iodoalkane - tentative - tertiary
- Partial charge: 0.13
- Atomic mass: 12.011
- Element guess: C
- Atomic number: 6
- Source file: oplsaa.lt


Atom Type Data:
- Atom index: 1016
- Force field raw info: C  - CA   | C(Br) bromobenzene with X site
- Partial charge: 0.17
- Atomic mass: 12.011
- Element guess: C
- Atomic number: 6
- Source file: oplsaa.lt


Atom Type Data:
- Atom index: 1018
- Force field raw info: C  - CA   | C(I) iodobenzene with X site
- Partial charge: 0.15
- Atomic mass: 12.011
- Element guess: C
- Atomic number: 6
- Source file: oplsaa.lt


Atom Type Data:
- Atom index: 1022
- Force field raw info: C  - CA   | benzene C on N of N-phenyl sulfonamide
- Partial charge: 0.155
- Atomic mass: 12.011
- Element guess: C
- Atomic number: 6
- Source file: oplsaa.lt


Atom Type Data:
- Atom index: 1026
- Force field raw info: C  - CY   | CH2 epoxide
- Partial charge: 0.14
- Atomic mass: 12.011
- Element guess: C
- Atomic number: 6
- Source file: oplsaa.lt


Atom Type Data:
- Atom index: 1027
- Force field raw info: C  - CY   | CH epoxide
- Partial charge: 0.17
- Atomic mass: 12.011
- Element guess: C
- Atomic number: 6
- Source file: oplsaa.lt
","[
  {
    ""atom_type"": 988,
    ""element"": ""C"",
    ""chemical_environment"": ""Aromatic ipso carbon bonded to an amide nitrogen (N-aryl amide, anilide)."",
    ""functional_group"": ""anilide (N-aryl amide) ipso aryl carbon"",
    ""hybridization"": ""sp2 (aromatic)"",
    ""example_molecule_smiles"": ""CC(=O)N(C)c1ccccc1"",
    ""group_smarts"": ""c-[N;X3;H0;$([N]-[C](=O)-*)]"",
    ""atom_specific_smarts"": ""[c:1]-[N;X3;H0;$([N]-[C](=O)-*)]"",
    ""description"": ""Ipso benzene carbon directly bonded to an amide N that itself is bound to a carbonyl (N-acyl). Nearest neighbors: aromatic C and amide N(sp2)."",
    ""uncertainty"": ""20""
  },
  {
    ""atom_type"": 989,
    ""element"": ""C"",
    ""chemical_environment"": ""Benzylic methylene attached to an amine nitrogen (benzyl amines: Ar-CH2-NR2)."",
    ""functional_group"": ""benzyl amine benzylic carbon"",
    ""hybridization"": ""sp3 (tetrahedral)"",
    ""example_molecule_smiles"": ""c1ccccc1CN(C)C"",
    ""group_smarts"": ""[CH2]-[N;X3]-[!#1]"",
    ""atom_specific_smarts"": ""[CH2:1](-[N;X3])-[c;r6]"",
    ""description"": ""The CH2 between an aromatic ring and an amine N (primary/secondary/tertiary amines). Nearest neighbors: aromatic sp2 C and amine N(sp3)."",
    ""uncertainty"": ""25""
  },
  {
    ""atom_type"": 990,
    ""element"": ""C"",
    ""chemical_environment"": ""Carbonyl carbon of a hydroxamic acid (R-C(=O)-N(-OH)-H/R)."",
    ""functional_group"": ""hydroxamic acid carbonyl"",
    ""hybridization"": ""sp2 (carbonyl)"",
    ""example_molecule_smiles"": ""CC(=O)NO"",
    ""group_smarts"": ""[C](=O)-[N]-O[H]"",
    ""atom_specific_smarts"": ""[C:1](=O)-[N]-O[H]"",
    ""description"": ""Acyl carbon attached to both a carbonyl oxygen and an N bearing a hydroxyl substituent (N–OH). Nearest neighbors: O(sp2) and N(sp2/sp3)."",
    ""uncertainty"": ""15""
  },
  {
    ""atom_type"": 991,
    ""element"": ""C"",
    ""chemical_environment"": ""Carbonyl carbon of an aromatic hydroxamic acid (Ar-C(=O)-N(-OH)-R/H)."",
    ""functional_group"": ""aromatic hydroxamic acid carbonyl"",
    ""hybridization"": ""sp2 (carbonyl)"",
    ""example_molecule_smiles"": ""O=C(NO)c1ccccc1"",
    ""group_smarts"": ""[C](=O)(-[c;r6])-[N]-O[H]"",
    ""atom_specific_smarts"": ""[C:1](=O)(-[c;r6])-[N]-O[H]"",
    ""description"": ""Hydroxamic acid carbonyl with an aryl substituent on the acyl side. Nearest neighbors: aryl sp2 C, O(sp2), and N."",
    ""uncertainty"": ""35""
  },
  {
    ""atom_type"": 997,
    ""element"": ""C"",
    ""chemical_environment"": ""Secondary benzylic carbon bearing an ether substituent (Ar-CH(OR)-R)."",
    ""functional_group"": ""benzyl ether, secondary benzylic center"",
    ""hybridization"": ""sp3 (tetrahedral)"",
    ""example_molecule_smiles"": ""COC(C)c1ccccc1"",
    ""group_smarts"": ""[CH](-[O;X2]-*)-[c;r6]"",
    ""atom_specific_smarts"": ""[CH:1](-[O;X2]-*)-[c;r6]"",
    ""description"": ""Benzylic CH attached to an ether oxygen and an aromatic ring (plus one carbon). Nearest neighbors: O(sp3) and aryl C."",
    ""uncertainty"": ""25""
  },
  {
    ""atom_type"": 998,
    ""element"": ""C"",
    ""chemical_environment"": ""Tertiary benzylic carbon bearing an ether substituent (Ar-C(OR)(R)R)."",
    ""functional_group"": ""benzyl ether, tertiary benzylic center"",
    ""hybridization"": ""sp3 (tetrahedral)"",
    ""example_molecule_smiles"": ""COC(C)(C)c1ccccc1"",
    ""group_smarts"": ""[CX4H0](-[O;X2]-*)(-[c;r6])-[C;X4]"",
    ""atom_specific_smarts"": ""[CX4H0:1](-[O;X2]-*)(-[c;r6])-[C;X4]"",
    ""description"": ""Benzylic quaternary center connected to an ether oxygen, an aryl carbon, and another carbon. Nearest neighbors: O(sp3), aryl C, alkyl C."",
    ""uncertainty"": ""25""
  },
  {
    ""atom_type"": 1000,
    ""element"": ""C"",
    ""chemical_environment"": ""Pyrrole ring carbon at C3 (beta) bonded to a phenyl ring in 3-phenylpyrrole."",
    ""functional_group"": ""biaryl linkage (pyrrole–phenyl) at pyrrole C3"",
    ""hybridization"": ""sp2 (aromatic)"",
    ""example_molecule_smiles"": ""c1c(-c2ccccc2)[nH]cc1"",
    ""group_smarts"": ""[c;r5;$(*~[nH;r5])]-[c;r6]"",
    ""atom_specific_smarts"": ""[c:1;r5;$(*~[nH;r5])]-[c;r6]"",
    ""description"": ""The beta aromatic carbon of a 1H-pyrrole ring that forms the biaryl bond to a benzene carbon. Nearest neighbors: two ring sp2 atoms in pyrrole and one aryl sp2 C."",
    ""uncertainty"": ""70""
  },
  {
    ""atom_type"": 1001,
    ""element"": ""C"",
    ""chemical_environment"": ""Phenyl ipso carbon bonded to the pyrrole ring in 3-phenylpyrrole."",
    ""functional_group"": ""biaryl linkage (phenyl–pyrrole) ipso aryl carbon"",
    ""hybridization"": ""sp2 (aromatic)"",
    ""example_molecule_smiles"": ""c1c(-c2ccccc2)[nH]cc1"",
    ""group_smarts"": ""[c;r6]-[c;r5;$(*~[nH;r5])]"",
    ""atom_specific_smarts"": ""[c:1;r6]-[c;r5;$(*~[nH;r5])]"",
    ""description"": ""The benzene ipso carbon that connects directly to a pyrrole aromatic carbon. Nearest neighbor: an sp2 carbon in a 1H-pyrrole ring."",
    ""uncertainty"": ""70""
  },
  {
    ""atom_type"": 1002,
    ""element"": ""C"",
    ""chemical_environment"": ""Imidazole ring carbon at C4 bonded to a phenyl ring in 4-phenylimidazole."",
    ""functional_group"": ""biaryl linkage (imidazole–phenyl) at imidazole C4"",
    ""hybridization"": ""sp2 (aromatic)"",
    ""example_molecule_smiles"": ""c1ncc([nH]1)c2ccccc2"",
    ""group_smarts"": ""[c;r5;$(*~[n;r5]);$(*~[nH;r5])]-[c;r6]"",
    ""atom_specific_smarts"": ""[c:1;r5;$(*~[n;r5]);$(*~[nH;r5])]-[c;r6]"",
    ""description"": ""An imidazole aromatic carbon that forms the biaryl bond to benzene; the five-member ring contains one [n] and one [nH]. Nearest neighbors: imidazole ring atoms and an aryl sp2 carbon."",
    ""uncertainty"": ""70""
  },
  {
    ""atom_type"": 1003,
    ""element"": ""C"",
    ""chemical_environment"": ""Phenyl ipso carbon bonded to an imidazole ring in 4-phenylimidazole."",
    ""functional_group"": ""biaryl linkage (phenyl–imidazole) ipso aryl carbon"",
    ""hybridization"": ""sp2 (aromatic)"",
    ""example_molecule_smiles"": ""c1ncc([nH]1)c2ccccc2"",
    ""group_smarts"": ""[c;r6]-[c;r5;$(*~[n;r5]);$(*~[nH;r5])]"",
    ""atom_specific_smarts"": ""[c:1;r6]-[c;r5;$(*~[n;r5]);$(*~[nH;r5])]"",
    ""description"": ""Benzene ipso carbon directly connected to an imidazole aromatic carbon. Nearest neighbor: sp2 C in an imidazole ring."",
    ""uncertainty"": ""70""
  },
  {
    ""atom_type"": 1004,
    ""element"": ""C"",
    ""chemical_environment"": ""Aromatic ipso carbon in diphenylmethane (Ph-CH2-Ph)."",
    ""functional_group"": ""diphenylmethane ipso aryl carbon"",
    ""hybridization"": ""sp2 (aromatic)"",
    ""example_molecule_smiles"": ""c1ccccc1CH2c2ccccc2"",
    ""group_smarts"": ""c-[CH2]-[c;r6]"",
    ""atom_specific_smarts"": ""[c:1;r6]-[CH2]-[c;r6]"",
    ""description"": ""Ipso benzene carbon bonded to a benzylic methylene that connects to a second aryl ring. Nearest neighbor: benzylic CH2."",
    ""uncertainty"": ""25""
  },
  {
    ""atom_type"": 1009,
    ""element"": ""C"",
    ""chemical_environment"": ""Aromatic ipso carbon bearing chlorine in chlorobenzene."",
    ""functional_group"": ""aryl chloride ipso carbon"",
    ""hybridization"": ""sp2 (aromatic)"",
    ""example_molecule_smiles"": ""Clc1ccccc1"",
    ""group_smarts"": ""c-Cl"",
    ""atom_specific_smarts"": ""[c:1;r6]-Cl"",
    ""description"": ""Benzene carbon directly bonded to Cl. Nearest neighbors: aromatic carbons and chlorine."",
    ""uncertainty"": ""10""
  },
  {
    ""atom_type"": 1011,
    ""element"": ""C"",
    ""chemical_environment"": ""Primary iodoalkane carbon (including methyl iodide) bonded to iodine."",
    ""functional_group"": ""alkyl iodide (primary) C–I carbon"",
    ""hybridization"": ""sp3 (tetrahedral)"",
    ""example_molecule_smiles"": ""CI"",
    ""group_smarts"": ""[C;X4;H2,H3]-I"",
    ""atom_specific_smarts"": ""[C;X4;H2,H3:1]-I"",
    ""description"": ""sp3 carbon with two or three hydrogens directly bonded to iodine (methyl or primary iodides). Nearest neighbor: I."",
    ""uncertainty"": ""15""
  },
  {
    ""atom_type"": 1012,
    ""element"": ""C"",
    ""chemical_environment"": ""Secondary iodoalkane carbon bonded to iodine."",
    ""functional_group"": ""alkyl iodide (secondary) C–I carbon"",
    ""hybridization"": ""sp3 (tetrahedral)"",
    ""example_molecule_smiles"": ""CC(C)I"",
    ""group_smarts"": ""[CH;X4](-I)(-[C;X4])-[C;X4]"",
    ""atom_specific_smarts"": ""[CH;X4:1](-I)(-[C;X4])-[C;X4]"",
    ""description"": ""sp3 carbon with one hydrogen, attached to two carbons and iodine."",
    ""uncertainty"": ""15""
  },
  {
    ""atom_type"": 1013,
    ""element"": ""C"",
    ""chemical_environment"": ""Tertiary iodoalkane carbon bonded to iodine."",
    ""functional_group"": ""alkyl iodide (tertiary) C–I carbon"",
    ""hybridization"": ""sp3 (tetrahedral)"",
    ""example_molecule_smiles"": ""CC(C)(C)I"",
    ""group_smarts"": ""[CX4H0](-I)(-[C;X4])-[C;X4]"",
    ""atom_specific_smarts"": ""[CX4H0:1](-I)(-[C;X4])-[C;X4]"",
    ""description"": ""sp3 quaternary carbon attached to iodine and two (additional) carbons (total three carbons)."",
    ""uncertainty"": ""15""
  },
  {
    ""atom_type"": 1016,
    ""element"": ""C"",
    ""chemical_environment"": ""Aromatic ipso carbon bearing bromine in bromobenzene."",
    ""functional_group"": ""aryl bromide ipso carbon"",
    ""hybridization"": ""sp2 (aromatic)"",
    ""example_molecule_smiles"": ""Brc1ccccc1"",
    ""group_smarts"": ""c-Br"",
    ""atom_specific_smarts"": ""[c:1;r6]-Br"",
    ""description"": ""Benzene carbon directly bonded to Br. Nearest neighbors: aromatic carbons and bromine."",
    ""uncertainty"": ""10""
  },
  {
    ""atom_type"": 1018,
    ""element"": ""C"",
    ""chemical_environment"": ""Aromatic ipso carbon bearing iodine in iodobenzene."",
    ""functional_group"": ""aryl iodide ipso carbon"",
    ""hybridization"": ""sp2 (aromatic)"",
    ""example_molecule_smiles"": ""Ic1ccccc1"",
    ""group_smarts"": ""c-I"",
    ""atom_specific_smarts"": ""[c:1;r6]-I"",
    ""description"": ""Benzene carbon directly bonded to I. Nearest neighbors: aromatic carbons and iodine."",
    ""uncertainty"": ""10""
  },
  {
    ""atom_type"": 1022,
    ""element"": ""C"",
    ""chemical_environment"": ""Aromatic ipso carbon on the N of an N-phenyl sulfonamide (Ar–N–S(=O)2)."",
    ""functional_group"": ""N-phenyl sulfonamide ipso aryl carbon"",
    ""hybridization"": ""sp2 (aromatic)"",
    ""example_molecule_smiles"": ""O=S(=O)(C)Nc1ccccc1"",
    ""group_smarts"": ""c-[N;X3]-S(=O)(=O)"",
    ""atom_specific_smarts"": ""[c:1;r6]-[N;X3]-S(=O)(=O)"",
    ""description"": ""Ipso benzene carbon bonded to a sulfonamide nitrogen that is attached to a sulfonyl group. Nearest neighbors: aryl C and sulfonamide N."",
    ""uncertainty"": ""25""
  },
  {
    ""atom_type"": 1026,
    ""element"": ""C"",
    ""chemical_environment"": ""Epoxide (oxirane) ring CH2 carbon."",
    ""functional_group"": ""epoxide ring carbon (CH2)"",
    ""hybridization"": ""sp3 (strained tetrahedral)"",
    ""example_molecule_smiles"": ""C1CO1"",
    ""group_smarts"": ""[CH2;R3]-[O;R3]-[C;R3]"",
    ""atom_specific_smarts"": ""[CH2;R3:1]-[O;R3]-[C;R3]"",
    ""description"": ""Three-membered cyclic ether carbon bearing two hydrogens and bonded to ring oxygen. Nearest neighbors: ring O and ring C."",
    ""uncertainty"": ""15""
  },
  {
    ""atom_type"": 1027,
    ""element"": ""C"",
    ""chemical_environment"": ""Epoxide (oxirane) ring CH carbon (monosubstituted)."",
    ""functional_group"": ""epoxide ring carbon (CH)"",
    ""hybridization"": ""sp3 (strained tetrahedral)"",
    ""example_molecule_smiles"": ""CC1CO1"",
    ""group_smarts"": ""[CH;R3]-[O;R3]-[C;R3]"",
    ""atom_specific_smarts"": ""[CH;R3:1]-[O;R3]-[C;R3]"",
    ""description"": ""Three-membered cyclic ether carbon bearing one hydrogen and bonded to ring oxygen. Nearest neighbors: ring O and ring C."",
    ""uncertainty"": ""15""
  }
]"
1003,-0.04,C  - C!   | 4-phenyl imidazole C4',12.011,oplsaa.lt,C,6,"Convert the following OPLS-AA atom type rows:

Atom Type Data:
- Atom index: 988
- Force field raw info: C  - CA   | ipso C in N-methyl,N-phenylacetamide
- Partial charge: -0.045
- Atomic mass: 12.011
- Element guess: C
- Atomic number: 6
- Source file: oplsaa.lt


Atom Type Data:
- Atom index: 989
- Force field raw info: C  - CT   | C in CH2NR2 - benzyl amines; C(CH2NH2) is
- Partial charge: 0.145
- Atomic mass: 12.011
- Element guess: C
- Atomic number: 6
- Source file: oplsaa.lt


Atom Type Data:
- Atom index: 990
- Force field raw info: C  - C~   | C in hydroxamic acid jtr 11/98
- Partial charge: 0.888
- Atomic mass: 12.011
- Element guess: C
- Atomic number: 6
- Source file: oplsaa.lt


Atom Type Data:
- Atom index: 991
- Force field raw info: C  - C~   | C in aromatic hydroxamic aciT
- Partial charge: 1.003
- Atomic mass: 12.011
- Element guess: C
- Atomic number: 6
- Source file: oplsaa.lt


Atom Type Data:
- Atom index: 997
- Force field raw info: C  - CT   | C in CHROR - benzyl ethers; C(CHROR) is
- Partial charge: 0.225
- Atomic mass: 12.011
- Element guess: C
- Atomic number: 6
- Source file: oplsaa.lt


Atom Type Data:
- Atom index: 998
- Force field raw info: C  - CT   | C in CRROR - benzyl ethers; C(CRROR) is
- Partial charge: 0.255
- Atomic mass: 12.011
- Element guess: C
- Atomic number: 6
- Source file: oplsaa.lt


Atom Type Data:
- Atom index: 1000
- Force field raw info: C  - C!   | 3-phenyl pyrrole C3
- Partial charge: -0.034
- Atomic mass: 12.011
- Element guess: C
- Atomic number: 6
- Source file: oplsaa.lt


Atom Type Data:
- Atom index: 1001
- Force field raw info: C  - C!   | 3-phenyl pyrrole C3'
- Partial charge: 0.003
- Atomic mass: 12.011
- Element guess: C
- Atomic number: 6
- Source file: oplsaa.lt


Atom Type Data:
- Atom index: 1002
- Force field raw info: C  - C!   | 4-phenyl imidazole C4
- Partial charge: 0.3
- Atomic mass: 12.011
- Element guess: C
- Atomic number: 6
- Source file: oplsaa.lt


Atom Type Data:
- Atom index: 1003
- Force field raw info: C  - C!   | 4-phenyl imidazole C4'
- Partial charge: -0.04
- Atomic mass: 12.011
- Element guess: C
- Atomic number: 6
- Source file: oplsaa.lt


Atom Type Data:
- Atom index: 1004
- Force field raw info: C  - CA   | diphenylmethane Cipso
- Partial charge: -0.0575
- Atomic mass: 12.011
- Element guess: C
- Atomic number: 6
- Source file: oplsaa.lt


Atom Type Data:
- Atom index: 1009
- Force field raw info: C  - CA   | C(Cl) chlorobenzene with X site
- Partial charge: 0.175
- Atomic mass: 12.011
- Element guess: C
- Atomic number: 6
- Source file: oplsaa.lt


Atom Type Data:
- Atom index: 1011
- Force field raw info: C  - CT   | C(I) iodoalkane - tentative - primary
- Partial charge: -0.07
- Atomic mass: 12.011
- Element guess: C
- Atomic number: 6
- Source file: oplsaa.lt


Atom Type Data:
- Atom index: 1012
- Force field raw info: C  - CT   | C(I) iodoalkane - tentative - secondary
- Partial charge: 0.03
- Atomic mass: 12.011
- Element guess: C
- Atomic number: 6
- Source file: oplsaa.lt


Atom Type Data:
- Atom index: 1013
- Force field raw info: C  - CT   | C(I) iodoalkane - tentative - tertiary
- Partial charge: 0.13
- Atomic mass: 12.011
- Element guess: C
- Atomic number: 6
- Source file: oplsaa.lt


Atom Type Data:
- Atom index: 1016
- Force field raw info: C  - CA   | C(Br) bromobenzene with X site
- Partial charge: 0.17
- Atomic mass: 12.011
- Element guess: C
- Atomic number: 6
- Source file: oplsaa.lt


Atom Type Data:
- Atom index: 1018
- Force field raw info: C  - CA   | C(I) iodobenzene with X site
- Partial charge: 0.15
- Atomic mass: 12.011
- Element guess: C
- Atomic number: 6
- Source file: oplsaa.lt


Atom Type Data:
- Atom index: 1022
- Force field raw info: C  - CA   | benzene C on N of N-phenyl sulfonamide
- Partial charge: 0.155
- Atomic mass: 12.011
- Element guess: C
- Atomic number: 6
- Source file: oplsaa.lt


Atom Type Data:
- Atom index: 1026
- Force field raw info: C  - CY   | CH2 epoxide
- Partial charge: 0.14
- Atomic mass: 12.011
- Element guess: C
- Atomic number: 6
- Source file: oplsaa.lt


Atom Type Data:
- Atom index: 1027
- Force field raw info: C  - CY   | CH epoxide
- Partial charge: 0.17
- Atomic mass: 12.011
- Element guess: C
- Atomic number: 6
- Source file: oplsaa.lt
","[
  {
    ""atom_type"": 988,
    ""element"": ""C"",
    ""chemical_environment"": ""Aromatic ipso carbon bonded to an amide nitrogen (N-aryl amide, anilide)."",
    ""functional_group"": ""anilide (N-aryl amide) ipso aryl carbon"",
    ""hybridization"": ""sp2 (aromatic)"",
    ""example_molecule_smiles"": ""CC(=O)N(C)c1ccccc1"",
    ""group_smarts"": ""c-[N;X3;H0;$([N]-[C](=O)-*)]"",
    ""atom_specific_smarts"": ""[c:1]-[N;X3;H0;$([N]-[C](=O)-*)]"",
    ""description"": ""Ipso benzene carbon directly bonded to an amide N that itself is bound to a carbonyl (N-acyl). Nearest neighbors: aromatic C and amide N(sp2)."",
    ""uncertainty"": ""20""
  },
  {
    ""atom_type"": 989,
    ""element"": ""C"",
    ""chemical_environment"": ""Benzylic methylene attached to an amine nitrogen (benzyl amines: Ar-CH2-NR2)."",
    ""functional_group"": ""benzyl amine benzylic carbon"",
    ""hybridization"": ""sp3 (tetrahedral)"",
    ""example_molecule_smiles"": ""c1ccccc1CN(C)C"",
    ""group_smarts"": ""[CH2]-[N;X3]-[!#1]"",
    ""atom_specific_smarts"": ""[CH2:1](-[N;X3])-[c;r6]"",
    ""description"": ""The CH2 between an aromatic ring and an amine N (primary/secondary/tertiary amines). Nearest neighbors: aromatic sp2 C and amine N(sp3)."",
    ""uncertainty"": ""25""
  },
  {
    ""atom_type"": 990,
    ""element"": ""C"",
    ""chemical_environment"": ""Carbonyl carbon of a hydroxamic acid (R-C(=O)-N(-OH)-H/R)."",
    ""functional_group"": ""hydroxamic acid carbonyl"",
    ""hybridization"": ""sp2 (carbonyl)"",
    ""example_molecule_smiles"": ""CC(=O)NO"",
    ""group_smarts"": ""[C](=O)-[N]-O[H]"",
    ""atom_specific_smarts"": ""[C:1](=O)-[N]-O[H]"",
    ""description"": ""Acyl carbon attached to both a carbonyl oxygen and an N bearing a hydroxyl substituent (N–OH). Nearest neighbors: O(sp2) and N(sp2/sp3)."",
    ""uncertainty"": ""15""
  },
  {
    ""atom_type"": 991,
    ""element"": ""C"",
    ""chemical_environment"": ""Carbonyl carbon of an aromatic hydroxamic acid (Ar-C(=O)-N(-OH)-R/H)."",
    ""functional_group"": ""aromatic hydroxamic acid carbonyl"",
    ""hybridization"": ""sp2 (carbonyl)"",
    ""example_molecule_smiles"": ""O=C(NO)c1ccccc1"",
    ""group_smarts"": ""[C](=O)(-[c;r6])-[N]-O[H]"",
    ""atom_specific_smarts"": ""[C:1](=O)(-[c;r6])-[N]-O[H]"",
    ""description"": ""Hydroxamic acid carbonyl with an aryl substituent on the acyl side. Nearest neighbors: aryl sp2 C, O(sp2), and N."",
    ""uncertainty"": ""35""
  },
  {
    ""atom_type"": 997,
    ""element"": ""C"",
    ""chemical_environment"": ""Secondary benzylic carbon bearing an ether substituent (Ar-CH(OR)-R)."",
    ""functional_group"": ""benzyl ether, secondary benzylic center"",
    ""hybridization"": ""sp3 (tetrahedral)"",
    ""example_molecule_smiles"": ""COC(C)c1ccccc1"",
    ""group_smarts"": ""[CH](-[O;X2]-*)-[c;r6]"",
    ""atom_specific_smarts"": ""[CH:1](-[O;X2]-*)-[c;r6]"",
    ""description"": ""Benzylic CH attached to an ether oxygen and an aromatic ring (plus one carbon). Nearest neighbors: O(sp3) and aryl C."",
    ""uncertainty"": ""25""
  },
  {
    ""atom_type"": 998,
    ""element"": ""C"",
    ""chemical_environment"": ""Tertiary benzylic carbon bearing an ether substituent (Ar-C(OR)(R)R)."",
    ""functional_group"": ""benzyl ether, tertiary benzylic center"",
    ""hybridization"": ""sp3 (tetrahedral)"",
    ""example_molecule_smiles"": ""COC(C)(C)c1ccccc1"",
    ""group_smarts"": ""[CX4H0](-[O;X2]-*)(-[c;r6])-[C;X4]"",
    ""atom_specific_smarts"": ""[CX4H0:1](-[O;X2]-*)(-[c;r6])-[C;X4]"",
    ""description"": ""Benzylic quaternary center connected to an ether oxygen, an aryl carbon, and another carbon. Nearest neighbors: O(sp3), aryl C, alkyl C."",
    ""uncertainty"": ""25""
  },
  {
    ""atom_type"": 1000,
    ""element"": ""C"",
    ""chemical_environment"": ""Pyrrole ring carbon at C3 (beta) bonded to a phenyl ring in 3-phenylpyrrole."",
    ""functional_group"": ""biaryl linkage (pyrrole–phenyl) at pyrrole C3"",
    ""hybridization"": ""sp2 (aromatic)"",
    ""example_molecule_smiles"": ""c1c(-c2ccccc2)[nH]cc1"",
    ""group_smarts"": ""[c;r5;$(*~[nH;r5])]-[c;r6]"",
    ""atom_specific_smarts"": ""[c:1;r5;$(*~[nH;r5])]-[c;r6]"",
    ""description"": ""The beta aromatic carbon of a 1H-pyrrole ring that forms the biaryl bond to a benzene carbon. Nearest neighbors: two ring sp2 atoms in pyrrole and one aryl sp2 C."",
    ""uncertainty"": ""70""
  },
  {
    ""atom_type"": 1001,
    ""element"": ""C"",
    ""chemical_environment"": ""Phenyl ipso carbon bonded to the pyrrole ring in 3-phenylpyrrole."",
    ""functional_group"": ""biaryl linkage (phenyl–pyrrole) ipso aryl carbon"",
    ""hybridization"": ""sp2 (aromatic)"",
    ""example_molecule_smiles"": ""c1c(-c2ccccc2)[nH]cc1"",
    ""group_smarts"": ""[c;r6]-[c;r5;$(*~[nH;r5])]"",
    ""atom_specific_smarts"": ""[c:1;r6]-[c;r5;$(*~[nH;r5])]"",
    ""description"": ""The benzene ipso carbon that connects directly to a pyrrole aromatic carbon. Nearest neighbor: an sp2 carbon in a 1H-pyrrole ring."",
    ""uncertainty"": ""70""
  },
  {
    ""atom_type"": 1002,
    ""element"": ""C"",
    ""chemical_environment"": ""Imidazole ring carbon at C4 bonded to a phenyl ring in 4-phenylimidazole."",
    ""functional_group"": ""biaryl linkage (imidazole–phenyl) at imidazole C4"",
    ""hybridization"": ""sp2 (aromatic)"",
    ""example_molecule_smiles"": ""c1ncc([nH]1)c2ccccc2"",
    ""group_smarts"": ""[c;r5;$(*~[n;r5]);$(*~[nH;r5])]-[c;r6]"",
    ""atom_specific_smarts"": ""[c:1;r5;$(*~[n;r5]);$(*~[nH;r5])]-[c;r6]"",
    ""description"": ""An imidazole aromatic carbon that forms the biaryl bond to benzene; the five-member ring contains one [n] and one [nH]. Nearest neighbors: imidazole ring atoms and an aryl sp2 carbon."",
    ""uncertainty"": ""70""
  },
  {
    ""atom_type"": 1003,
    ""element"": ""C"",
    ""chemical_environment"": ""Phenyl ipso carbon bonded to an imidazole ring in 4-phenylimidazole."",
    ""functional_group"": ""biaryl linkage (phenyl–imidazole) ipso aryl carbon"",
    ""hybridization"": ""sp2 (aromatic)"",
    ""example_molecule_smiles"": ""c1ncc([nH]1)c2ccccc2"",
    ""group_smarts"": ""[c;r6]-[c;r5;$(*~[n;r5]);$(*~[nH;r5])]"",
    ""atom_specific_smarts"": ""[c:1;r6]-[c;r5;$(*~[n;r5]);$(*~[nH;r5])]"",
    ""description"": ""Benzene ipso carbon directly connected to an imidazole aromatic carbon. Nearest neighbor: sp2 C in an imidazole ring."",
    ""uncertainty"": ""70""
  },
  {
    ""atom_type"": 1004,
    ""element"": ""C"",
    ""chemical_environment"": ""Aromatic ipso carbon in diphenylmethane (Ph-CH2-Ph)."",
    ""functional_group"": ""diphenylmethane ipso aryl carbon"",
    ""hybridization"": ""sp2 (aromatic)"",
    ""example_molecule_smiles"": ""c1ccccc1CH2c2ccccc2"",
    ""group_smarts"": ""c-[CH2]-[c;r6]"",
    ""atom_specific_smarts"": ""[c:1;r6]-[CH2]-[c;r6]"",
    ""description"": ""Ipso benzene carbon bonded to a benzylic methylene that connects to a second aryl ring. Nearest neighbor: benzylic CH2."",
    ""uncertainty"": ""25""
  },
  {
    ""atom_type"": 1009,
    ""element"": ""C"",
    ""chemical_environment"": ""Aromatic ipso carbon bearing chlorine in chlorobenzene."",
    ""functional_group"": ""aryl chloride ipso carbon"",
    ""hybridization"": ""sp2 (aromatic)"",
    ""example_molecule_smiles"": ""Clc1ccccc1"",
    ""group_smarts"": ""c-Cl"",
    ""atom_specific_smarts"": ""[c:1;r6]-Cl"",
    ""description"": ""Benzene carbon directly bonded to Cl. Nearest neighbors: aromatic carbons and chlorine."",
    ""uncertainty"": ""10""
  },
  {
    ""atom_type"": 1011,
    ""element"": ""C"",
    ""chemical_environment"": ""Primary iodoalkane carbon (including methyl iodide) bonded to iodine."",
    ""functional_group"": ""alkyl iodide (primary) C–I carbon"",
    ""hybridization"": ""sp3 (tetrahedral)"",
    ""example_molecule_smiles"": ""CI"",
    ""group_smarts"": ""[C;X4;H2,H3]-I"",
    ""atom_specific_smarts"": ""[C;X4;H2,H3:1]-I"",
    ""description"": ""sp3 carbon with two or three hydrogens directly bonded to iodine (methyl or primary iodides). Nearest neighbor: I."",
    ""uncertainty"": ""15""
  },
  {
    ""atom_type"": 1012,
    ""element"": ""C"",
    ""chemical_environment"": ""Secondary iodoalkane carbon bonded to iodine."",
    ""functional_group"": ""alkyl iodide (secondary) C–I carbon"",
    ""hybridization"": ""sp3 (tetrahedral)"",
    ""example_molecule_smiles"": ""CC(C)I"",
    ""group_smarts"": ""[CH;X4](-I)(-[C;X4])-[C;X4]"",
    ""atom_specific_smarts"": ""[CH;X4:1](-I)(-[C;X4])-[C;X4]"",
    ""description"": ""sp3 carbon with one hydrogen, attached to two carbons and iodine."",
    ""uncertainty"": ""15""
  },
  {
    ""atom_type"": 1013,
    ""element"": ""C"",
    ""chemical_environment"": ""Tertiary iodoalkane carbon bonded to iodine."",
    ""functional_group"": ""alkyl iodide (tertiary) C–I carbon"",
    ""hybridization"": ""sp3 (tetrahedral)"",
    ""example_molecule_smiles"": ""CC(C)(C)I"",
    ""group_smarts"": ""[CX4H0](-I)(-[C;X4])-[C;X4]"",
    ""atom_specific_smarts"": ""[CX4H0:1](-I)(-[C;X4])-[C;X4]"",
    ""description"": ""sp3 quaternary carbon attached to iodine and two (additional) carbons (total three carbons)."",
    ""uncertainty"": ""15""
  },
  {
    ""atom_type"": 1016,
    ""element"": ""C"",
    ""chemical_environment"": ""Aromatic ipso carbon bearing bromine in bromobenzene."",
    ""functional_group"": ""aryl bromide ipso carbon"",
    ""hybridization"": ""sp2 (aromatic)"",
    ""example_molecule_smiles"": ""Brc1ccccc1"",
    ""group_smarts"": ""c-Br"",
    ""atom_specific_smarts"": ""[c:1;r6]-Br"",
    ""description"": ""Benzene carbon directly bonded to Br. Nearest neighbors: aromatic carbons and bromine."",
    ""uncertainty"": ""10""
  },
  {
    ""atom_type"": 1018,
    ""element"": ""C"",
    ""chemical_environment"": ""Aromatic ipso carbon bearing iodine in iodobenzene."",
    ""functional_group"": ""aryl iodide ipso carbon"",
    ""hybridization"": ""sp2 (aromatic)"",
    ""example_molecule_smiles"": ""Ic1ccccc1"",
    ""group_smarts"": ""c-I"",
    ""atom_specific_smarts"": ""[c:1;r6]-I"",
    ""description"": ""Benzene carbon directly bonded to I. Nearest neighbors: aromatic carbons and iodine."",
    ""uncertainty"": ""10""
  },
  {
    ""atom_type"": 1022,
    ""element"": ""C"",
    ""chemical_environment"": ""Aromatic ipso carbon on the N of an N-phenyl sulfonamide (Ar–N–S(=O)2)."",
    ""functional_group"": ""N-phenyl sulfonamide ipso aryl carbon"",
    ""hybridization"": ""sp2 (aromatic)"",
    ""example_molecule_smiles"": ""O=S(=O)(C)Nc1ccccc1"",
    ""group_smarts"": ""c-[N;X3]-S(=O)(=O)"",
    ""atom_specific_smarts"": ""[c:1;r6]-[N;X3]-S(=O)(=O)"",
    ""description"": ""Ipso benzene carbon bonded to a sulfonamide nitrogen that is attached to a sulfonyl group. Nearest neighbors: aryl C and sulfonamide N."",
    ""uncertainty"": ""25""
  },
  {
    ""atom_type"": 1026,
    ""element"": ""C"",
    ""chemical_environment"": ""Epoxide (oxirane) ring CH2 carbon."",
    ""functional_group"": ""epoxide ring carbon (CH2)"",
    ""hybridization"": ""sp3 (strained tetrahedral)"",
    ""example_molecule_smiles"": ""C1CO1"",
    ""group_smarts"": ""[CH2;R3]-[O;R3]-[C;R3]"",
    ""atom_specific_smarts"": ""[CH2;R3:1]-[O;R3]-[C;R3]"",
    ""description"": ""Three-membered cyclic ether carbon bearing two hydrogens and bonded to ring oxygen. Nearest neighbors: ring O and ring C."",
    ""uncertainty"": ""15""
  },
  {
    ""atom_type"": 1027,
    ""element"": ""C"",
    ""chemical_environment"": ""Epoxide (oxirane) ring CH carbon (monosubstituted)."",
    ""functional_group"": ""epoxide ring carbon (CH)"",
    ""hybridization"": ""sp3 (strained tetrahedral)"",
    ""example_molecule_smiles"": ""CC1CO1"",
    ""group_smarts"": ""[CH;R3]-[O;R3]-[C;R3]"",
    ""atom_specific_smarts"": ""[CH;R3:1]-[O;R3]-[C;R3]"",
    ""description"": ""Three-membered cyclic ether carbon bearing one hydrogen and bonded to ring oxygen. Nearest neighbors: ring O and ring C."",
    ""uncertainty"": ""15""
  }
]"
1004,-0.0575,C  - CA   | diphenylmethane Cipso,12.011,oplsaa.lt,C,6,"Convert the following OPLS-AA atom type rows:

Atom Type Data:
- Atom index: 988
- Force field raw info: C  - CA   | ipso C in N-methyl,N-phenylacetamide
- Partial charge: -0.045
- Atomic mass: 12.011
- Element guess: C
- Atomic number: 6
- Source file: oplsaa.lt


Atom Type Data:
- Atom index: 989
- Force field raw info: C  - CT   | C in CH2NR2 - benzyl amines; C(CH2NH2) is
- Partial charge: 0.145
- Atomic mass: 12.011
- Element guess: C
- Atomic number: 6
- Source file: oplsaa.lt


Atom Type Data:
- Atom index: 990
- Force field raw info: C  - C~   | C in hydroxamic acid jtr 11/98
- Partial charge: 0.888
- Atomic mass: 12.011
- Element guess: C
- Atomic number: 6
- Source file: oplsaa.lt


Atom Type Data:
- Atom index: 991
- Force field raw info: C  - C~   | C in aromatic hydroxamic aciT
- Partial charge: 1.003
- Atomic mass: 12.011
- Element guess: C
- Atomic number: 6
- Source file: oplsaa.lt


Atom Type Data:
- Atom index: 997
- Force field raw info: C  - CT   | C in CHROR - benzyl ethers; C(CHROR) is
- Partial charge: 0.225
- Atomic mass: 12.011
- Element guess: C
- Atomic number: 6
- Source file: oplsaa.lt


Atom Type Data:
- Atom index: 998
- Force field raw info: C  - CT   | C in CRROR - benzyl ethers; C(CRROR) is
- Partial charge: 0.255
- Atomic mass: 12.011
- Element guess: C
- Atomic number: 6
- Source file: oplsaa.lt


Atom Type Data:
- Atom index: 1000
- Force field raw info: C  - C!   | 3-phenyl pyrrole C3
- Partial charge: -0.034
- Atomic mass: 12.011
- Element guess: C
- Atomic number: 6
- Source file: oplsaa.lt


Atom Type Data:
- Atom index: 1001
- Force field raw info: C  - C!   | 3-phenyl pyrrole C3'
- Partial charge: 0.003
- Atomic mass: 12.011
- Element guess: C
- Atomic number: 6
- Source file: oplsaa.lt


Atom Type Data:
- Atom index: 1002
- Force field raw info: C  - C!   | 4-phenyl imidazole C4
- Partial charge: 0.3
- Atomic mass: 12.011
- Element guess: C
- Atomic number: 6
- Source file: oplsaa.lt


Atom Type Data:
- Atom index: 1003
- Force field raw info: C  - C!   | 4-phenyl imidazole C4'
- Partial charge: -0.04
- Atomic mass: 12.011
- Element guess: C
- Atomic number: 6
- Source file: oplsaa.lt


Atom Type Data:
- Atom index: 1004
- Force field raw info: C  - CA   | diphenylmethane Cipso
- Partial charge: -0.0575
- Atomic mass: 12.011
- Element guess: C
- Atomic number: 6
- Source file: oplsaa.lt


Atom Type Data:
- Atom index: 1009
- Force field raw info: C  - CA   | C(Cl) chlorobenzene with X site
- Partial charge: 0.175
- Atomic mass: 12.011
- Element guess: C
- Atomic number: 6
- Source file: oplsaa.lt


Atom Type Data:
- Atom index: 1011
- Force field raw info: C  - CT   | C(I) iodoalkane - tentative - primary
- Partial charge: -0.07
- Atomic mass: 12.011
- Element guess: C
- Atomic number: 6
- Source file: oplsaa.lt


Atom Type Data:
- Atom index: 1012
- Force field raw info: C  - CT   | C(I) iodoalkane - tentative - secondary
- Partial charge: 0.03
- Atomic mass: 12.011
- Element guess: C
- Atomic number: 6
- Source file: oplsaa.lt


Atom Type Data:
- Atom index: 1013
- Force field raw info: C  - CT   | C(I) iodoalkane - tentative - tertiary
- Partial charge: 0.13
- Atomic mass: 12.011
- Element guess: C
- Atomic number: 6
- Source file: oplsaa.lt


Atom Type Data:
- Atom index: 1016
- Force field raw info: C  - CA   | C(Br) bromobenzene with X site
- Partial charge: 0.17
- Atomic mass: 12.011
- Element guess: C
- Atomic number: 6
- Source file: oplsaa.lt


Atom Type Data:
- Atom index: 1018
- Force field raw info: C  - CA   | C(I) iodobenzene with X site
- Partial charge: 0.15
- Atomic mass: 12.011
- Element guess: C
- Atomic number: 6
- Source file: oplsaa.lt


Atom Type Data:
- Atom index: 1022
- Force field raw info: C  - CA   | benzene C on N of N-phenyl sulfonamide
- Partial charge: 0.155
- Atomic mass: 12.011
- Element guess: C
- Atomic number: 6
- Source file: oplsaa.lt


Atom Type Data:
- Atom index: 1026
- Force field raw info: C  - CY   | CH2 epoxide
- Partial charge: 0.14
- Atomic mass: 12.011
- Element guess: C
- Atomic number: 6
- Source file: oplsaa.lt


Atom Type Data:
- Atom index: 1027
- Force field raw info: C  - CY   | CH epoxide
- Partial charge: 0.17
- Atomic mass: 12.011
- Element guess: C
- Atomic number: 6
- Source file: oplsaa.lt
","[
  {
    ""atom_type"": 988,
    ""element"": ""C"",
    ""chemical_environment"": ""Aromatic ipso carbon bonded to an amide nitrogen (N-aryl amide, anilide)."",
    ""functional_group"": ""anilide (N-aryl amide) ipso aryl carbon"",
    ""hybridization"": ""sp2 (aromatic)"",
    ""example_molecule_smiles"": ""CC(=O)N(C)c1ccccc1"",
    ""group_smarts"": ""c-[N;X3;H0;$([N]-[C](=O)-*)]"",
    ""atom_specific_smarts"": ""[c:1]-[N;X3;H0;$([N]-[C](=O)-*)]"",
    ""description"": ""Ipso benzene carbon directly bonded to an amide N that itself is bound to a carbonyl (N-acyl). Nearest neighbors: aromatic C and amide N(sp2)."",
    ""uncertainty"": ""20""
  },
  {
    ""atom_type"": 989,
    ""element"": ""C"",
    ""chemical_environment"": ""Benzylic methylene attached to an amine nitrogen (benzyl amines: Ar-CH2-NR2)."",
    ""functional_group"": ""benzyl amine benzylic carbon"",
    ""hybridization"": ""sp3 (tetrahedral)"",
    ""example_molecule_smiles"": ""c1ccccc1CN(C)C"",
    ""group_smarts"": ""[CH2]-[N;X3]-[!#1]"",
    ""atom_specific_smarts"": ""[CH2:1](-[N;X3])-[c;r6]"",
    ""description"": ""The CH2 between an aromatic ring and an amine N (primary/secondary/tertiary amines). Nearest neighbors: aromatic sp2 C and amine N(sp3)."",
    ""uncertainty"": ""25""
  },
  {
    ""atom_type"": 990,
    ""element"": ""C"",
    ""chemical_environment"": ""Carbonyl carbon of a hydroxamic acid (R-C(=O)-N(-OH)-H/R)."",
    ""functional_group"": ""hydroxamic acid carbonyl"",
    ""hybridization"": ""sp2 (carbonyl)"",
    ""example_molecule_smiles"": ""CC(=O)NO"",
    ""group_smarts"": ""[C](=O)-[N]-O[H]"",
    ""atom_specific_smarts"": ""[C:1](=O)-[N]-O[H]"",
    ""description"": ""Acyl carbon attached to both a carbonyl oxygen and an N bearing a hydroxyl substituent (N–OH). Nearest neighbors: O(sp2) and N(sp2/sp3)."",
    ""uncertainty"": ""15""
  },
  {
    ""atom_type"": 991,
    ""element"": ""C"",
    ""chemical_environment"": ""Carbonyl carbon of an aromatic hydroxamic acid (Ar-C(=O)-N(-OH)-R/H)."",
    ""functional_group"": ""aromatic hydroxamic acid carbonyl"",
    ""hybridization"": ""sp2 (carbonyl)"",
    ""example_molecule_smiles"": ""O=C(NO)c1ccccc1"",
    ""group_smarts"": ""[C](=O)(-[c;r6])-[N]-O[H]"",
    ""atom_specific_smarts"": ""[C:1](=O)(-[c;r6])-[N]-O[H]"",
    ""description"": ""Hydroxamic acid carbonyl with an aryl substituent on the acyl side. Nearest neighbors: aryl sp2 C, O(sp2), and N."",
    ""uncertainty"": ""35""
  },
  {
    ""atom_type"": 997,
    ""element"": ""C"",
    ""chemical_environment"": ""Secondary benzylic carbon bearing an ether substituent (Ar-CH(OR)-R)."",
    ""functional_group"": ""benzyl ether, secondary benzylic center"",
    ""hybridization"": ""sp3 (tetrahedral)"",
    ""example_molecule_smiles"": ""COC(C)c1ccccc1"",
    ""group_smarts"": ""[CH](-[O;X2]-*)-[c;r6]"",
    ""atom_specific_smarts"": ""[CH:1](-[O;X2]-*)-[c;r6]"",
    ""description"": ""Benzylic CH attached to an ether oxygen and an aromatic ring (plus one carbon). Nearest neighbors: O(sp3) and aryl C."",
    ""uncertainty"": ""25""
  },
  {
    ""atom_type"": 998,
    ""element"": ""C"",
    ""chemical_environment"": ""Tertiary benzylic carbon bearing an ether substituent (Ar-C(OR)(R)R)."",
    ""functional_group"": ""benzyl ether, tertiary benzylic center"",
    ""hybridization"": ""sp3 (tetrahedral)"",
    ""example_molecule_smiles"": ""COC(C)(C)c1ccccc1"",
    ""group_smarts"": ""[CX4H0](-[O;X2]-*)(-[c;r6])-[C;X4]"",
    ""atom_specific_smarts"": ""[CX4H0:1](-[O;X2]-*)(-[c;r6])-[C;X4]"",
    ""description"": ""Benzylic quaternary center connected to an ether oxygen, an aryl carbon, and another carbon. Nearest neighbors: O(sp3), aryl C, alkyl C."",
    ""uncertainty"": ""25""
  },
  {
    ""atom_type"": 1000,
    ""element"": ""C"",
    ""chemical_environment"": ""Pyrrole ring carbon at C3 (beta) bonded to a phenyl ring in 3-phenylpyrrole."",
    ""functional_group"": ""biaryl linkage (pyrrole–phenyl) at pyrrole C3"",
    ""hybridization"": ""sp2 (aromatic)"",
    ""example_molecule_smiles"": ""c1c(-c2ccccc2)[nH]cc1"",
    ""group_smarts"": ""[c;r5;$(*~[nH;r5])]-[c;r6]"",
    ""atom_specific_smarts"": ""[c:1;r5;$(*~[nH;r5])]-[c;r6]"",
    ""description"": ""The beta aromatic carbon of a 1H-pyrrole ring that forms the biaryl bond to a benzene carbon. Nearest neighbors: two ring sp2 atoms in pyrrole and one aryl sp2 C."",
    ""uncertainty"": ""70""
  },
  {
    ""atom_type"": 1001,
    ""element"": ""C"",
    ""chemical_environment"": ""Phenyl ipso carbon bonded to the pyrrole ring in 3-phenylpyrrole."",
    ""functional_group"": ""biaryl linkage (phenyl–pyrrole) ipso aryl carbon"",
    ""hybridization"": ""sp2 (aromatic)"",
    ""example_molecule_smiles"": ""c1c(-c2ccccc2)[nH]cc1"",
    ""group_smarts"": ""[c;r6]-[c;r5;$(*~[nH;r5])]"",
    ""atom_specific_smarts"": ""[c:1;r6]-[c;r5;$(*~[nH;r5])]"",
    ""description"": ""The benzene ipso carbon that connects directly to a pyrrole aromatic carbon. Nearest neighbor: an sp2 carbon in a 1H-pyrrole ring."",
    ""uncertainty"": ""70""
  },
  {
    ""atom_type"": 1002,
    ""element"": ""C"",
    ""chemical_environment"": ""Imidazole ring carbon at C4 bonded to a phenyl ring in 4-phenylimidazole."",
    ""functional_group"": ""biaryl linkage (imidazole–phenyl) at imidazole C4"",
    ""hybridization"": ""sp2 (aromatic)"",
    ""example_molecule_smiles"": ""c1ncc([nH]1)c2ccccc2"",
    ""group_smarts"": ""[c;r5;$(*~[n;r5]);$(*~[nH;r5])]-[c;r6]"",
    ""atom_specific_smarts"": ""[c:1;r5;$(*~[n;r5]);$(*~[nH;r5])]-[c;r6]"",
    ""description"": ""An imidazole aromatic carbon that forms the biaryl bond to benzene; the five-member ring contains one [n] and one [nH]. Nearest neighbors: imidazole ring atoms and an aryl sp2 carbon."",
    ""uncertainty"": ""70""
  },
  {
    ""atom_type"": 1003,
    ""element"": ""C"",
    ""chemical_environment"": ""Phenyl ipso carbon bonded to an imidazole ring in 4-phenylimidazole."",
    ""functional_group"": ""biaryl linkage (phenyl–imidazole) ipso aryl carbon"",
    ""hybridization"": ""sp2 (aromatic)"",
    ""example_molecule_smiles"": ""c1ncc([nH]1)c2ccccc2"",
    ""group_smarts"": ""[c;r6]-[c;r5;$(*~[n;r5]);$(*~[nH;r5])]"",
    ""atom_specific_smarts"": ""[c:1;r6]-[c;r5;$(*~[n;r5]);$(*~[nH;r5])]"",
    ""description"": ""Benzene ipso carbon directly connected to an imidazole aromatic carbon. Nearest neighbor: sp2 C in an imidazole ring."",
    ""uncertainty"": ""70""
  },
  {
    ""atom_type"": 1004,
    ""element"": ""C"",
    ""chemical_environment"": ""Aromatic ipso carbon in diphenylmethane (Ph-CH2-Ph)."",
    ""functional_group"": ""diphenylmethane ipso aryl carbon"",
    ""hybridization"": ""sp2 (aromatic)"",
    ""example_molecule_smiles"": ""c1ccccc1CH2c2ccccc2"",
    ""group_smarts"": ""c-[CH2]-[c;r6]"",
    ""atom_specific_smarts"": ""[c:1;r6]-[CH2]-[c;r6]"",
    ""description"": ""Ipso benzene carbon bonded to a benzylic methylene that connects to a second aryl ring. Nearest neighbor: benzylic CH2."",
    ""uncertainty"": ""25""
  },
  {
    ""atom_type"": 1009,
    ""element"": ""C"",
    ""chemical_environment"": ""Aromatic ipso carbon bearing chlorine in chlorobenzene."",
    ""functional_group"": ""aryl chloride ipso carbon"",
    ""hybridization"": ""sp2 (aromatic)"",
    ""example_molecule_smiles"": ""Clc1ccccc1"",
    ""group_smarts"": ""c-Cl"",
    ""atom_specific_smarts"": ""[c:1;r6]-Cl"",
    ""description"": ""Benzene carbon directly bonded to Cl. Nearest neighbors: aromatic carbons and chlorine."",
    ""uncertainty"": ""10""
  },
  {
    ""atom_type"": 1011,
    ""element"": ""C"",
    ""chemical_environment"": ""Primary iodoalkane carbon (including methyl iodide) bonded to iodine."",
    ""functional_group"": ""alkyl iodide (primary) C–I carbon"",
    ""hybridization"": ""sp3 (tetrahedral)"",
    ""example_molecule_smiles"": ""CI"",
    ""group_smarts"": ""[C;X4;H2,H3]-I"",
    ""atom_specific_smarts"": ""[C;X4;H2,H3:1]-I"",
    ""description"": ""sp3 carbon with two or three hydrogens directly bonded to iodine (methyl or primary iodides). Nearest neighbor: I."",
    ""uncertainty"": ""15""
  },
  {
    ""atom_type"": 1012,
    ""element"": ""C"",
    ""chemical_environment"": ""Secondary iodoalkane carbon bonded to iodine."",
    ""functional_group"": ""alkyl iodide (secondary) C–I carbon"",
    ""hybridization"": ""sp3 (tetrahedral)"",
    ""example_molecule_smiles"": ""CC(C)I"",
    ""group_smarts"": ""[CH;X4](-I)(-[C;X4])-[C;X4]"",
    ""atom_specific_smarts"": ""[CH;X4:1](-I)(-[C;X4])-[C;X4]"",
    ""description"": ""sp3 carbon with one hydrogen, attached to two carbons and iodine."",
    ""uncertainty"": ""15""
  },
  {
    ""atom_type"": 1013,
    ""element"": ""C"",
    ""chemical_environment"": ""Tertiary iodoalkane carbon bonded to iodine."",
    ""functional_group"": ""alkyl iodide (tertiary) C–I carbon"",
    ""hybridization"": ""sp3 (tetrahedral)"",
    ""example_molecule_smiles"": ""CC(C)(C)I"",
    ""group_smarts"": ""[CX4H0](-I)(-[C;X4])-[C;X4]"",
    ""atom_specific_smarts"": ""[CX4H0:1](-I)(-[C;X4])-[C;X4]"",
    ""description"": ""sp3 quaternary carbon attached to iodine and two (additional) carbons (total three carbons)."",
    ""uncertainty"": ""15""
  },
  {
    ""atom_type"": 1016,
    ""element"": ""C"",
    ""chemical_environment"": ""Aromatic ipso carbon bearing bromine in bromobenzene."",
    ""functional_group"": ""aryl bromide ipso carbon"",
    ""hybridization"": ""sp2 (aromatic)"",
    ""example_molecule_smiles"": ""Brc1ccccc1"",
    ""group_smarts"": ""c-Br"",
    ""atom_specific_smarts"": ""[c:1;r6]-Br"",
    ""description"": ""Benzene carbon directly bonded to Br. Nearest neighbors: aromatic carbons and bromine."",
    ""uncertainty"": ""10""
  },
  {
    ""atom_type"": 1018,
    ""element"": ""C"",
    ""chemical_environment"": ""Aromatic ipso carbon bearing iodine in iodobenzene."",
    ""functional_group"": ""aryl iodide ipso carbon"",
    ""hybridization"": ""sp2 (aromatic)"",
    ""example_molecule_smiles"": ""Ic1ccccc1"",
    ""group_smarts"": ""c-I"",
    ""atom_specific_smarts"": ""[c:1;r6]-I"",
    ""description"": ""Benzene carbon directly bonded to I. Nearest neighbors: aromatic carbons and iodine."",
    ""uncertainty"": ""10""
  },
  {
    ""atom_type"": 1022,
    ""element"": ""C"",
    ""chemical_environment"": ""Aromatic ipso carbon on the N of an N-phenyl sulfonamide (Ar–N–S(=O)2)."",
    ""functional_group"": ""N-phenyl sulfonamide ipso aryl carbon"",
    ""hybridization"": ""sp2 (aromatic)"",
    ""example_molecule_smiles"": ""O=S(=O)(C)Nc1ccccc1"",
    ""group_smarts"": ""c-[N;X3]-S(=O)(=O)"",
    ""atom_specific_smarts"": ""[c:1;r6]-[N;X3]-S(=O)(=O)"",
    ""description"": ""Ipso benzene carbon bonded to a sulfonamide nitrogen that is attached to a sulfonyl group. Nearest neighbors: aryl C and sulfonamide N."",
    ""uncertainty"": ""25""
  },
  {
    ""atom_type"": 1026,
    ""element"": ""C"",
    ""chemical_environment"": ""Epoxide (oxirane) ring CH2 carbon."",
    ""functional_group"": ""epoxide ring carbon (CH2)"",
    ""hybridization"": ""sp3 (strained tetrahedral)"",
    ""example_molecule_smiles"": ""C1CO1"",
    ""group_smarts"": ""[CH2;R3]-[O;R3]-[C;R3]"",
    ""atom_specific_smarts"": ""[CH2;R3:1]-[O;R3]-[C;R3]"",
    ""description"": ""Three-membered cyclic ether carbon bearing two hydrogens and bonded to ring oxygen. Nearest neighbors: ring O and ring C."",
    ""uncertainty"": ""15""
  },
  {
    ""atom_type"": 1027,
    ""element"": ""C"",
    ""chemical_environment"": ""Epoxide (oxirane) ring CH carbon (monosubstituted)."",
    ""functional_group"": ""epoxide ring carbon (CH)"",
    ""hybridization"": ""sp3 (strained tetrahedral)"",
    ""example_molecule_smiles"": ""CC1CO1"",
    ""group_smarts"": ""[CH;R3]-[O;R3]-[C;R3]"",
    ""atom_specific_smarts"": ""[CH;R3:1]-[O;R3]-[C;R3]"",
    ""description"": ""Three-membered cyclic ether carbon bearing one hydrogen and bonded to ring oxygen. Nearest neighbors: ring O and ring C."",
    ""uncertainty"": ""15""
  }
]"
1009,0.175,C  - CA   | C(Cl) chlorobenzene with X site,12.011,oplsaa.lt,C,6,"Convert the following OPLS-AA atom type rows:

Atom Type Data:
- Atom index: 988
- Force field raw info: C  - CA   | ipso C in N-methyl,N-phenylacetamide
- Partial charge: -0.045
- Atomic mass: 12.011
- Element guess: C
- Atomic number: 6
- Source file: oplsaa.lt


Atom Type Data:
- Atom index: 989
- Force field raw info: C  - CT   | C in CH2NR2 - benzyl amines; C(CH2NH2) is
- Partial charge: 0.145
- Atomic mass: 12.011
- Element guess: C
- Atomic number: 6
- Source file: oplsaa.lt


Atom Type Data:
- Atom index: 990
- Force field raw info: C  - C~   | C in hydroxamic acid jtr 11/98
- Partial charge: 0.888
- Atomic mass: 12.011
- Element guess: C
- Atomic number: 6
- Source file: oplsaa.lt


Atom Type Data:
- Atom index: 991
- Force field raw info: C  - C~   | C in aromatic hydroxamic aciT
- Partial charge: 1.003
- Atomic mass: 12.011
- Element guess: C
- Atomic number: 6
- Source file: oplsaa.lt


Atom Type Data:
- Atom index: 997
- Force field raw info: C  - CT   | C in CHROR - benzyl ethers; C(CHROR) is
- Partial charge: 0.225
- Atomic mass: 12.011
- Element guess: C
- Atomic number: 6
- Source file: oplsaa.lt


Atom Type Data:
- Atom index: 998
- Force field raw info: C  - CT   | C in CRROR - benzyl ethers; C(CRROR) is
- Partial charge: 0.255
- Atomic mass: 12.011
- Element guess: C
- Atomic number: 6
- Source file: oplsaa.lt


Atom Type Data:
- Atom index: 1000
- Force field raw info: C  - C!   | 3-phenyl pyrrole C3
- Partial charge: -0.034
- Atomic mass: 12.011
- Element guess: C
- Atomic number: 6
- Source file: oplsaa.lt


Atom Type Data:
- Atom index: 1001
- Force field raw info: C  - C!   | 3-phenyl pyrrole C3'
- Partial charge: 0.003
- Atomic mass: 12.011
- Element guess: C
- Atomic number: 6
- Source file: oplsaa.lt


Atom Type Data:
- Atom index: 1002
- Force field raw info: C  - C!   | 4-phenyl imidazole C4
- Partial charge: 0.3
- Atomic mass: 12.011
- Element guess: C
- Atomic number: 6
- Source file: oplsaa.lt


Atom Type Data:
- Atom index: 1003
- Force field raw info: C  - C!   | 4-phenyl imidazole C4'
- Partial charge: -0.04
- Atomic mass: 12.011
- Element guess: C
- Atomic number: 6
- Source file: oplsaa.lt


Atom Type Data:
- Atom index: 1004
- Force field raw info: C  - CA   | diphenylmethane Cipso
- Partial charge: -0.0575
- Atomic mass: 12.011
- Element guess: C
- Atomic number: 6
- Source file: oplsaa.lt


Atom Type Data:
- Atom index: 1009
- Force field raw info: C  - CA   | C(Cl) chlorobenzene with X site
- Partial charge: 0.175
- Atomic mass: 12.011
- Element guess: C
- Atomic number: 6
- Source file: oplsaa.lt


Atom Type Data:
- Atom index: 1011
- Force field raw info: C  - CT   | C(I) iodoalkane - tentative - primary
- Partial charge: -0.07
- Atomic mass: 12.011
- Element guess: C
- Atomic number: 6
- Source file: oplsaa.lt


Atom Type Data:
- Atom index: 1012
- Force field raw info: C  - CT   | C(I) iodoalkane - tentative - secondary
- Partial charge: 0.03
- Atomic mass: 12.011
- Element guess: C
- Atomic number: 6
- Source file: oplsaa.lt


Atom Type Data:
- Atom index: 1013
- Force field raw info: C  - CT   | C(I) iodoalkane - tentative - tertiary
- Partial charge: 0.13
- Atomic mass: 12.011
- Element guess: C
- Atomic number: 6
- Source file: oplsaa.lt


Atom Type Data:
- Atom index: 1016
- Force field raw info: C  - CA   | C(Br) bromobenzene with X site
- Partial charge: 0.17
- Atomic mass: 12.011
- Element guess: C
- Atomic number: 6
- Source file: oplsaa.lt


Atom Type Data:
- Atom index: 1018
- Force field raw info: C  - CA   | C(I) iodobenzene with X site
- Partial charge: 0.15
- Atomic mass: 12.011
- Element guess: C
- Atomic number: 6
- Source file: oplsaa.lt


Atom Type Data:
- Atom index: 1022
- Force field raw info: C  - CA   | benzene C on N of N-phenyl sulfonamide
- Partial charge: 0.155
- Atomic mass: 12.011
- Element guess: C
- Atomic number: 6
- Source file: oplsaa.lt


Atom Type Data:
- Atom index: 1026
- Force field raw info: C  - CY   | CH2 epoxide
- Partial charge: 0.14
- Atomic mass: 12.011
- Element guess: C
- Atomic number: 6
- Source file: oplsaa.lt


Atom Type Data:
- Atom index: 1027
- Force field raw info: C  - CY   | CH epoxide
- Partial charge: 0.17
- Atomic mass: 12.011
- Element guess: C
- Atomic number: 6
- Source file: oplsaa.lt
","[
  {
    ""atom_type"": 988,
    ""element"": ""C"",
    ""chemical_environment"": ""Aromatic ipso carbon bonded to an amide nitrogen (N-aryl amide, anilide)."",
    ""functional_group"": ""anilide (N-aryl amide) ipso aryl carbon"",
    ""hybridization"": ""sp2 (aromatic)"",
    ""example_molecule_smiles"": ""CC(=O)N(C)c1ccccc1"",
    ""group_smarts"": ""c-[N;X3;H0;$([N]-[C](=O)-*)]"",
    ""atom_specific_smarts"": ""[c:1]-[N;X3;H0;$([N]-[C](=O)-*)]"",
    ""description"": ""Ipso benzene carbon directly bonded to an amide N that itself is bound to a carbonyl (N-acyl). Nearest neighbors: aromatic C and amide N(sp2)."",
    ""uncertainty"": ""20""
  },
  {
    ""atom_type"": 989,
    ""element"": ""C"",
    ""chemical_environment"": ""Benzylic methylene attached to an amine nitrogen (benzyl amines: Ar-CH2-NR2)."",
    ""functional_group"": ""benzyl amine benzylic carbon"",
    ""hybridization"": ""sp3 (tetrahedral)"",
    ""example_molecule_smiles"": ""c1ccccc1CN(C)C"",
    ""group_smarts"": ""[CH2]-[N;X3]-[!#1]"",
    ""atom_specific_smarts"": ""[CH2:1](-[N;X3])-[c;r6]"",
    ""description"": ""The CH2 between an aromatic ring and an amine N (primary/secondary/tertiary amines). Nearest neighbors: aromatic sp2 C and amine N(sp3)."",
    ""uncertainty"": ""25""
  },
  {
    ""atom_type"": 990,
    ""element"": ""C"",
    ""chemical_environment"": ""Carbonyl carbon of a hydroxamic acid (R-C(=O)-N(-OH)-H/R)."",
    ""functional_group"": ""hydroxamic acid carbonyl"",
    ""hybridization"": ""sp2 (carbonyl)"",
    ""example_molecule_smiles"": ""CC(=O)NO"",
    ""group_smarts"": ""[C](=O)-[N]-O[H]"",
    ""atom_specific_smarts"": ""[C:1](=O)-[N]-O[H]"",
    ""description"": ""Acyl carbon attached to both a carbonyl oxygen and an N bearing a hydroxyl substituent (N–OH). Nearest neighbors: O(sp2) and N(sp2/sp3)."",
    ""uncertainty"": ""15""
  },
  {
    ""atom_type"": 991,
    ""element"": ""C"",
    ""chemical_environment"": ""Carbonyl carbon of an aromatic hydroxamic acid (Ar-C(=O)-N(-OH)-R/H)."",
    ""functional_group"": ""aromatic hydroxamic acid carbonyl"",
    ""hybridization"": ""sp2 (carbonyl)"",
    ""example_molecule_smiles"": ""O=C(NO)c1ccccc1"",
    ""group_smarts"": ""[C](=O)(-[c;r6])-[N]-O[H]"",
    ""atom_specific_smarts"": ""[C:1](=O)(-[c;r6])-[N]-O[H]"",
    ""description"": ""Hydroxamic acid carbonyl with an aryl substituent on the acyl side. Nearest neighbors: aryl sp2 C, O(sp2), and N."",
    ""uncertainty"": ""35""
  },
  {
    ""atom_type"": 997,
    ""element"": ""C"",
    ""chemical_environment"": ""Secondary benzylic carbon bearing an ether substituent (Ar-CH(OR)-R)."",
    ""functional_group"": ""benzyl ether, secondary benzylic center"",
    ""hybridization"": ""sp3 (tetrahedral)"",
    ""example_molecule_smiles"": ""COC(C)c1ccccc1"",
    ""group_smarts"": ""[CH](-[O;X2]-*)-[c;r6]"",
    ""atom_specific_smarts"": ""[CH:1](-[O;X2]-*)-[c;r6]"",
    ""description"": ""Benzylic CH attached to an ether oxygen and an aromatic ring (plus one carbon). Nearest neighbors: O(sp3) and aryl C."",
    ""uncertainty"": ""25""
  },
  {
    ""atom_type"": 998,
    ""element"": ""C"",
    ""chemical_environment"": ""Tertiary benzylic carbon bearing an ether substituent (Ar-C(OR)(R)R)."",
    ""functional_group"": ""benzyl ether, tertiary benzylic center"",
    ""hybridization"": ""sp3 (tetrahedral)"",
    ""example_molecule_smiles"": ""COC(C)(C)c1ccccc1"",
    ""group_smarts"": ""[CX4H0](-[O;X2]-*)(-[c;r6])-[C;X4]"",
    ""atom_specific_smarts"": ""[CX4H0:1](-[O;X2]-*)(-[c;r6])-[C;X4]"",
    ""description"": ""Benzylic quaternary center connected to an ether oxygen, an aryl carbon, and another carbon. Nearest neighbors: O(sp3), aryl C, alkyl C."",
    ""uncertainty"": ""25""
  },
  {
    ""atom_type"": 1000,
    ""element"": ""C"",
    ""chemical_environment"": ""Pyrrole ring carbon at C3 (beta) bonded to a phenyl ring in 3-phenylpyrrole."",
    ""functional_group"": ""biaryl linkage (pyrrole–phenyl) at pyrrole C3"",
    ""hybridization"": ""sp2 (aromatic)"",
    ""example_molecule_smiles"": ""c1c(-c2ccccc2)[nH]cc1"",
    ""group_smarts"": ""[c;r5;$(*~[nH;r5])]-[c;r6]"",
    ""atom_specific_smarts"": ""[c:1;r5;$(*~[nH;r5])]-[c;r6]"",
    ""description"": ""The beta aromatic carbon of a 1H-pyrrole ring that forms the biaryl bond to a benzene carbon. Nearest neighbors: two ring sp2 atoms in pyrrole and one aryl sp2 C."",
    ""uncertainty"": ""70""
  },
  {
    ""atom_type"": 1001,
    ""element"": ""C"",
    ""chemical_environment"": ""Phenyl ipso carbon bonded to the pyrrole ring in 3-phenylpyrrole."",
    ""functional_group"": ""biaryl linkage (phenyl–pyrrole) ipso aryl carbon"",
    ""hybridization"": ""sp2 (aromatic)"",
    ""example_molecule_smiles"": ""c1c(-c2ccccc2)[nH]cc1"",
    ""group_smarts"": ""[c;r6]-[c;r5;$(*~[nH;r5])]"",
    ""atom_specific_smarts"": ""[c:1;r6]-[c;r5;$(*~[nH;r5])]"",
    ""description"": ""The benzene ipso carbon that connects directly to a pyrrole aromatic carbon. Nearest neighbor: an sp2 carbon in a 1H-pyrrole ring."",
    ""uncertainty"": ""70""
  },
  {
    ""atom_type"": 1002,
    ""element"": ""C"",
    ""chemical_environment"": ""Imidazole ring carbon at C4 bonded to a phenyl ring in 4-phenylimidazole."",
    ""functional_group"": ""biaryl linkage (imidazole–phenyl) at imidazole C4"",
    ""hybridization"": ""sp2 (aromatic)"",
    ""example_molecule_smiles"": ""c1ncc([nH]1)c2ccccc2"",
    ""group_smarts"": ""[c;r5;$(*~[n;r5]);$(*~[nH;r5])]-[c;r6]"",
    ""atom_specific_smarts"": ""[c:1;r5;$(*~[n;r5]);$(*~[nH;r5])]-[c;r6]"",
    ""description"": ""An imidazole aromatic carbon that forms the biaryl bond to benzene; the five-member ring contains one [n] and one [nH]. Nearest neighbors: imidazole ring atoms and an aryl sp2 carbon."",
    ""uncertainty"": ""70""
  },
  {
    ""atom_type"": 1003,
    ""element"": ""C"",
    ""chemical_environment"": ""Phenyl ipso carbon bonded to an imidazole ring in 4-phenylimidazole."",
    ""functional_group"": ""biaryl linkage (phenyl–imidazole) ipso aryl carbon"",
    ""hybridization"": ""sp2 (aromatic)"",
    ""example_molecule_smiles"": ""c1ncc([nH]1)c2ccccc2"",
    ""group_smarts"": ""[c;r6]-[c;r5;$(*~[n;r5]);$(*~[nH;r5])]"",
    ""atom_specific_smarts"": ""[c:1;r6]-[c;r5;$(*~[n;r5]);$(*~[nH;r5])]"",
    ""description"": ""Benzene ipso carbon directly connected to an imidazole aromatic carbon. Nearest neighbor: sp2 C in an imidazole ring."",
    ""uncertainty"": ""70""
  },
  {
    ""atom_type"": 1004,
    ""element"": ""C"",
    ""chemical_environment"": ""Aromatic ipso carbon in diphenylmethane (Ph-CH2-Ph)."",
    ""functional_group"": ""diphenylmethane ipso aryl carbon"",
    ""hybridization"": ""sp2 (aromatic)"",
    ""example_molecule_smiles"": ""c1ccccc1CH2c2ccccc2"",
    ""group_smarts"": ""c-[CH2]-[c;r6]"",
    ""atom_specific_smarts"": ""[c:1;r6]-[CH2]-[c;r6]"",
    ""description"": ""Ipso benzene carbon bonded to a benzylic methylene that connects to a second aryl ring. Nearest neighbor: benzylic CH2."",
    ""uncertainty"": ""25""
  },
  {
    ""atom_type"": 1009,
    ""element"": ""C"",
    ""chemical_environment"": ""Aromatic ipso carbon bearing chlorine in chlorobenzene."",
    ""functional_group"": ""aryl chloride ipso carbon"",
    ""hybridization"": ""sp2 (aromatic)"",
    ""example_molecule_smiles"": ""Clc1ccccc1"",
    ""group_smarts"": ""c-Cl"",
    ""atom_specific_smarts"": ""[c:1;r6]-Cl"",
    ""description"": ""Benzene carbon directly bonded to Cl. Nearest neighbors: aromatic carbons and chlorine."",
    ""uncertainty"": ""10""
  },
  {
    ""atom_type"": 1011,
    ""element"": ""C"",
    ""chemical_environment"": ""Primary iodoalkane carbon (including methyl iodide) bonded to iodine."",
    ""functional_group"": ""alkyl iodide (primary) C–I carbon"",
    ""hybridization"": ""sp3 (tetrahedral)"",
    ""example_molecule_smiles"": ""CI"",
    ""group_smarts"": ""[C;X4;H2,H3]-I"",
    ""atom_specific_smarts"": ""[C;X4;H2,H3:1]-I"",
    ""description"": ""sp3 carbon with two or three hydrogens directly bonded to iodine (methyl or primary iodides). Nearest neighbor: I."",
    ""uncertainty"": ""15""
  },
  {
    ""atom_type"": 1012,
    ""element"": ""C"",
    ""chemical_environment"": ""Secondary iodoalkane carbon bonded to iodine."",
    ""functional_group"": ""alkyl iodide (secondary) C–I carbon"",
    ""hybridization"": ""sp3 (tetrahedral)"",
    ""example_molecule_smiles"": ""CC(C)I"",
    ""group_smarts"": ""[CH;X4](-I)(-[C;X4])-[C;X4]"",
    ""atom_specific_smarts"": ""[CH;X4:1](-I)(-[C;X4])-[C;X4]"",
    ""description"": ""sp3 carbon with one hydrogen, attached to two carbons and iodine."",
    ""uncertainty"": ""15""
  },
  {
    ""atom_type"": 1013,
    ""element"": ""C"",
    ""chemical_environment"": ""Tertiary iodoalkane carbon bonded to iodine."",
    ""functional_group"": ""alkyl iodide (tertiary) C–I carbon"",
    ""hybridization"": ""sp3 (tetrahedral)"",
    ""example_molecule_smiles"": ""CC(C)(C)I"",
    ""group_smarts"": ""[CX4H0](-I)(-[C;X4])-[C;X4]"",
    ""atom_specific_smarts"": ""[CX4H0:1](-I)(-[C;X4])-[C;X4]"",
    ""description"": ""sp3 quaternary carbon attached to iodine and two (additional) carbons (total three carbons)."",
    ""uncertainty"": ""15""
  },
  {
    ""atom_type"": 1016,
    ""element"": ""C"",
    ""chemical_environment"": ""Aromatic ipso carbon bearing bromine in bromobenzene."",
    ""functional_group"": ""aryl bromide ipso carbon"",
    ""hybridization"": ""sp2 (aromatic)"",
    ""example_molecule_smiles"": ""Brc1ccccc1"",
    ""group_smarts"": ""c-Br"",
    ""atom_specific_smarts"": ""[c:1;r6]-Br"",
    ""description"": ""Benzene carbon directly bonded to Br. Nearest neighbors: aromatic carbons and bromine."",
    ""uncertainty"": ""10""
  },
  {
    ""atom_type"": 1018,
    ""element"": ""C"",
    ""chemical_environment"": ""Aromatic ipso carbon bearing iodine in iodobenzene."",
    ""functional_group"": ""aryl iodide ipso carbon"",
    ""hybridization"": ""sp2 (aromatic)"",
    ""example_molecule_smiles"": ""Ic1ccccc1"",
    ""group_smarts"": ""c-I"",
    ""atom_specific_smarts"": ""[c:1;r6]-I"",
    ""description"": ""Benzene carbon directly bonded to I. Nearest neighbors: aromatic carbons and iodine."",
    ""uncertainty"": ""10""
  },
  {
    ""atom_type"": 1022,
    ""element"": ""C"",
    ""chemical_environment"": ""Aromatic ipso carbon on the N of an N-phenyl sulfonamide (Ar–N–S(=O)2)."",
    ""functional_group"": ""N-phenyl sulfonamide ipso aryl carbon"",
    ""hybridization"": ""sp2 (aromatic)"",
    ""example_molecule_smiles"": ""O=S(=O)(C)Nc1ccccc1"",
    ""group_smarts"": ""c-[N;X3]-S(=O)(=O)"",
    ""atom_specific_smarts"": ""[c:1;r6]-[N;X3]-S(=O)(=O)"",
    ""description"": ""Ipso benzene carbon bonded to a sulfonamide nitrogen that is attached to a sulfonyl group. Nearest neighbors: aryl C and sulfonamide N."",
    ""uncertainty"": ""25""
  },
  {
    ""atom_type"": 1026,
    ""element"": ""C"",
    ""chemical_environment"": ""Epoxide (oxirane) ring CH2 carbon."",
    ""functional_group"": ""epoxide ring carbon (CH2)"",
    ""hybridization"": ""sp3 (strained tetrahedral)"",
    ""example_molecule_smiles"": ""C1CO1"",
    ""group_smarts"": ""[CH2;R3]-[O;R3]-[C;R3]"",
    ""atom_specific_smarts"": ""[CH2;R3:1]-[O;R3]-[C;R3]"",
    ""description"": ""Three-membered cyclic ether carbon bearing two hydrogens and bonded to ring oxygen. Nearest neighbors: ring O and ring C."",
    ""uncertainty"": ""15""
  },
  {
    ""atom_type"": 1027,
    ""element"": ""C"",
    ""chemical_environment"": ""Epoxide (oxirane) ring CH carbon (monosubstituted)."",
    ""functional_group"": ""epoxide ring carbon (CH)"",
    ""hybridization"": ""sp3 (strained tetrahedral)"",
    ""example_molecule_smiles"": ""CC1CO1"",
    ""group_smarts"": ""[CH;R3]-[O;R3]-[C;R3]"",
    ""atom_specific_smarts"": ""[CH;R3:1]-[O;R3]-[C;R3]"",
    ""description"": ""Three-membered cyclic ether carbon bearing one hydrogen and bonded to ring oxygen. Nearest neighbors: ring O and ring C."",
    ""uncertainty"": ""15""
  }
]"
1011,-0.07,C  - CT   | C(I) iodoalkane - tentative - primary,12.011,oplsaa.lt,C,6,"Convert the following OPLS-AA atom type rows:

Atom Type Data:
- Atom index: 988
- Force field raw info: C  - CA   | ipso C in N-methyl,N-phenylacetamide
- Partial charge: -0.045
- Atomic mass: 12.011
- Element guess: C
- Atomic number: 6
- Source file: oplsaa.lt


Atom Type Data:
- Atom index: 989
- Force field raw info: C  - CT   | C in CH2NR2 - benzyl amines; C(CH2NH2) is
- Partial charge: 0.145
- Atomic mass: 12.011
- Element guess: C
- Atomic number: 6
- Source file: oplsaa.lt


Atom Type Data:
- Atom index: 990
- Force field raw info: C  - C~   | C in hydroxamic acid jtr 11/98
- Partial charge: 0.888
- Atomic mass: 12.011
- Element guess: C
- Atomic number: 6
- Source file: oplsaa.lt


Atom Type Data:
- Atom index: 991
- Force field raw info: C  - C~   | C in aromatic hydroxamic aciT
- Partial charge: 1.003
- Atomic mass: 12.011
- Element guess: C
- Atomic number: 6
- Source file: oplsaa.lt


Atom Type Data:
- Atom index: 997
- Force field raw info: C  - CT   | C in CHROR - benzyl ethers; C(CHROR) is
- Partial charge: 0.225
- Atomic mass: 12.011
- Element guess: C
- Atomic number: 6
- Source file: oplsaa.lt


Atom Type Data:
- Atom index: 998
- Force field raw info: C  - CT   | C in CRROR - benzyl ethers; C(CRROR) is
- Partial charge: 0.255
- Atomic mass: 12.011
- Element guess: C
- Atomic number: 6
- Source file: oplsaa.lt


Atom Type Data:
- Atom index: 1000
- Force field raw info: C  - C!   | 3-phenyl pyrrole C3
- Partial charge: -0.034
- Atomic mass: 12.011
- Element guess: C
- Atomic number: 6
- Source file: oplsaa.lt


Atom Type Data:
- Atom index: 1001
- Force field raw info: C  - C!   | 3-phenyl pyrrole C3'
- Partial charge: 0.003
- Atomic mass: 12.011
- Element guess: C
- Atomic number: 6
- Source file: oplsaa.lt


Atom Type Data:
- Atom index: 1002
- Force field raw info: C  - C!   | 4-phenyl imidazole C4
- Partial charge: 0.3
- Atomic mass: 12.011
- Element guess: C
- Atomic number: 6
- Source file: oplsaa.lt


Atom Type Data:
- Atom index: 1003
- Force field raw info: C  - C!   | 4-phenyl imidazole C4'
- Partial charge: -0.04
- Atomic mass: 12.011
- Element guess: C
- Atomic number: 6
- Source file: oplsaa.lt


Atom Type Data:
- Atom index: 1004
- Force field raw info: C  - CA   | diphenylmethane Cipso
- Partial charge: -0.0575
- Atomic mass: 12.011
- Element guess: C
- Atomic number: 6
- Source file: oplsaa.lt


Atom Type Data:
- Atom index: 1009
- Force field raw info: C  - CA   | C(Cl) chlorobenzene with X site
- Partial charge: 0.175
- Atomic mass: 12.011
- Element guess: C
- Atomic number: 6
- Source file: oplsaa.lt


Atom Type Data:
- Atom index: 1011
- Force field raw info: C  - CT   | C(I) iodoalkane - tentative - primary
- Partial charge: -0.07
- Atomic mass: 12.011
- Element guess: C
- Atomic number: 6
- Source file: oplsaa.lt


Atom Type Data:
- Atom index: 1012
- Force field raw info: C  - CT   | C(I) iodoalkane - tentative - secondary
- Partial charge: 0.03
- Atomic mass: 12.011
- Element guess: C
- Atomic number: 6
- Source file: oplsaa.lt


Atom Type Data:
- Atom index: 1013
- Force field raw info: C  - CT   | C(I) iodoalkane - tentative - tertiary
- Partial charge: 0.13
- Atomic mass: 12.011
- Element guess: C
- Atomic number: 6
- Source file: oplsaa.lt


Atom Type Data:
- Atom index: 1016
- Force field raw info: C  - CA   | C(Br) bromobenzene with X site
- Partial charge: 0.17
- Atomic mass: 12.011
- Element guess: C
- Atomic number: 6
- Source file: oplsaa.lt


Atom Type Data:
- Atom index: 1018
- Force field raw info: C  - CA   | C(I) iodobenzene with X site
- Partial charge: 0.15
- Atomic mass: 12.011
- Element guess: C
- Atomic number: 6
- Source file: oplsaa.lt


Atom Type Data:
- Atom index: 1022
- Force field raw info: C  - CA   | benzene C on N of N-phenyl sulfonamide
- Partial charge: 0.155
- Atomic mass: 12.011
- Element guess: C
- Atomic number: 6
- Source file: oplsaa.lt


Atom Type Data:
- Atom index: 1026
- Force field raw info: C  - CY   | CH2 epoxide
- Partial charge: 0.14
- Atomic mass: 12.011
- Element guess: C
- Atomic number: 6
- Source file: oplsaa.lt


Atom Type Data:
- Atom index: 1027
- Force field raw info: C  - CY   | CH epoxide
- Partial charge: 0.17
- Atomic mass: 12.011
- Element guess: C
- Atomic number: 6
- Source file: oplsaa.lt
","[
  {
    ""atom_type"": 988,
    ""element"": ""C"",
    ""chemical_environment"": ""Aromatic ipso carbon bonded to an amide nitrogen (N-aryl amide, anilide)."",
    ""functional_group"": ""anilide (N-aryl amide) ipso aryl carbon"",
    ""hybridization"": ""sp2 (aromatic)"",
    ""example_molecule_smiles"": ""CC(=O)N(C)c1ccccc1"",
    ""group_smarts"": ""c-[N;X3;H0;$([N]-[C](=O)-*)]"",
    ""atom_specific_smarts"": ""[c:1]-[N;X3;H0;$([N]-[C](=O)-*)]"",
    ""description"": ""Ipso benzene carbon directly bonded to an amide N that itself is bound to a carbonyl (N-acyl). Nearest neighbors: aromatic C and amide N(sp2)."",
    ""uncertainty"": ""20""
  },
  {
    ""atom_type"": 989,
    ""element"": ""C"",
    ""chemical_environment"": ""Benzylic methylene attached to an amine nitrogen (benzyl amines: Ar-CH2-NR2)."",
    ""functional_group"": ""benzyl amine benzylic carbon"",
    ""hybridization"": ""sp3 (tetrahedral)"",
    ""example_molecule_smiles"": ""c1ccccc1CN(C)C"",
    ""group_smarts"": ""[CH2]-[N;X3]-[!#1]"",
    ""atom_specific_smarts"": ""[CH2:1](-[N;X3])-[c;r6]"",
    ""description"": ""The CH2 between an aromatic ring and an amine N (primary/secondary/tertiary amines). Nearest neighbors: aromatic sp2 C and amine N(sp3)."",
    ""uncertainty"": ""25""
  },
  {
    ""atom_type"": 990,
    ""element"": ""C"",
    ""chemical_environment"": ""Carbonyl carbon of a hydroxamic acid (R-C(=O)-N(-OH)-H/R)."",
    ""functional_group"": ""hydroxamic acid carbonyl"",
    ""hybridization"": ""sp2 (carbonyl)"",
    ""example_molecule_smiles"": ""CC(=O)NO"",
    ""group_smarts"": ""[C](=O)-[N]-O[H]"",
    ""atom_specific_smarts"": ""[C:1](=O)-[N]-O[H]"",
    ""description"": ""Acyl carbon attached to both a carbonyl oxygen and an N bearing a hydroxyl substituent (N–OH). Nearest neighbors: O(sp2) and N(sp2/sp3)."",
    ""uncertainty"": ""15""
  },
  {
    ""atom_type"": 991,
    ""element"": ""C"",
    ""chemical_environment"": ""Carbonyl carbon of an aromatic hydroxamic acid (Ar-C(=O)-N(-OH)-R/H)."",
    ""functional_group"": ""aromatic hydroxamic acid carbonyl"",
    ""hybridization"": ""sp2 (carbonyl)"",
    ""example_molecule_smiles"": ""O=C(NO)c1ccccc1"",
    ""group_smarts"": ""[C](=O)(-[c;r6])-[N]-O[H]"",
    ""atom_specific_smarts"": ""[C:1](=O)(-[c;r6])-[N]-O[H]"",
    ""description"": ""Hydroxamic acid carbonyl with an aryl substituent on the acyl side. Nearest neighbors: aryl sp2 C, O(sp2), and N."",
    ""uncertainty"": ""35""
  },
  {
    ""atom_type"": 997,
    ""element"": ""C"",
    ""chemical_environment"": ""Secondary benzylic carbon bearing an ether substituent (Ar-CH(OR)-R)."",
    ""functional_group"": ""benzyl ether, secondary benzylic center"",
    ""hybridization"": ""sp3 (tetrahedral)"",
    ""example_molecule_smiles"": ""COC(C)c1ccccc1"",
    ""group_smarts"": ""[CH](-[O;X2]-*)-[c;r6]"",
    ""atom_specific_smarts"": ""[CH:1](-[O;X2]-*)-[c;r6]"",
    ""description"": ""Benzylic CH attached to an ether oxygen and an aromatic ring (plus one carbon). Nearest neighbors: O(sp3) and aryl C."",
    ""uncertainty"": ""25""
  },
  {
    ""atom_type"": 998,
    ""element"": ""C"",
    ""chemical_environment"": ""Tertiary benzylic carbon bearing an ether substituent (Ar-C(OR)(R)R)."",
    ""functional_group"": ""benzyl ether, tertiary benzylic center"",
    ""hybridization"": ""sp3 (tetrahedral)"",
    ""example_molecule_smiles"": ""COC(C)(C)c1ccccc1"",
    ""group_smarts"": ""[CX4H0](-[O;X2]-*)(-[c;r6])-[C;X4]"",
    ""atom_specific_smarts"": ""[CX4H0:1](-[O;X2]-*)(-[c;r6])-[C;X4]"",
    ""description"": ""Benzylic quaternary center connected to an ether oxygen, an aryl carbon, and another carbon. Nearest neighbors: O(sp3), aryl C, alkyl C."",
    ""uncertainty"": ""25""
  },
  {
    ""atom_type"": 1000,
    ""element"": ""C"",
    ""chemical_environment"": ""Pyrrole ring carbon at C3 (beta) bonded to a phenyl ring in 3-phenylpyrrole."",
    ""functional_group"": ""biaryl linkage (pyrrole–phenyl) at pyrrole C3"",
    ""hybridization"": ""sp2 (aromatic)"",
    ""example_molecule_smiles"": ""c1c(-c2ccccc2)[nH]cc1"",
    ""group_smarts"": ""[c;r5;$(*~[nH;r5])]-[c;r6]"",
    ""atom_specific_smarts"": ""[c:1;r5;$(*~[nH;r5])]-[c;r6]"",
    ""description"": ""The beta aromatic carbon of a 1H-pyrrole ring that forms the biaryl bond to a benzene carbon. Nearest neighbors: two ring sp2 atoms in pyrrole and one aryl sp2 C."",
    ""uncertainty"": ""70""
  },
  {
    ""atom_type"": 1001,
    ""element"": ""C"",
    ""chemical_environment"": ""Phenyl ipso carbon bonded to the pyrrole ring in 3-phenylpyrrole."",
    ""functional_group"": ""biaryl linkage (phenyl–pyrrole) ipso aryl carbon"",
    ""hybridization"": ""sp2 (aromatic)"",
    ""example_molecule_smiles"": ""c1c(-c2ccccc2)[nH]cc1"",
    ""group_smarts"": ""[c;r6]-[c;r5;$(*~[nH;r5])]"",
    ""atom_specific_smarts"": ""[c:1;r6]-[c;r5;$(*~[nH;r5])]"",
    ""description"": ""The benzene ipso carbon that connects directly to a pyrrole aromatic carbon. Nearest neighbor: an sp2 carbon in a 1H-pyrrole ring."",
    ""uncertainty"": ""70""
  },
  {
    ""atom_type"": 1002,
    ""element"": ""C"",
    ""chemical_environment"": ""Imidazole ring carbon at C4 bonded to a phenyl ring in 4-phenylimidazole."",
    ""functional_group"": ""biaryl linkage (imidazole–phenyl) at imidazole C4"",
    ""hybridization"": ""sp2 (aromatic)"",
    ""example_molecule_smiles"": ""c1ncc([nH]1)c2ccccc2"",
    ""group_smarts"": ""[c;r5;$(*~[n;r5]);$(*~[nH;r5])]-[c;r6]"",
    ""atom_specific_smarts"": ""[c:1;r5;$(*~[n;r5]);$(*~[nH;r5])]-[c;r6]"",
    ""description"": ""An imidazole aromatic carbon that forms the biaryl bond to benzene; the five-member ring contains one [n] and one [nH]. Nearest neighbors: imidazole ring atoms and an aryl sp2 carbon."",
    ""uncertainty"": ""70""
  },
  {
    ""atom_type"": 1003,
    ""element"": ""C"",
    ""chemical_environment"": ""Phenyl ipso carbon bonded to an imidazole ring in 4-phenylimidazole."",
    ""functional_group"": ""biaryl linkage (phenyl–imidazole) ipso aryl carbon"",
    ""hybridization"": ""sp2 (aromatic)"",
    ""example_molecule_smiles"": ""c1ncc([nH]1)c2ccccc2"",
    ""group_smarts"": ""[c;r6]-[c;r5;$(*~[n;r5]);$(*~[nH;r5])]"",
    ""atom_specific_smarts"": ""[c:1;r6]-[c;r5;$(*~[n;r5]);$(*~[nH;r5])]"",
    ""description"": ""Benzene ipso carbon directly connected to an imidazole aromatic carbon. Nearest neighbor: sp2 C in an imidazole ring."",
    ""uncertainty"": ""70""
  },
  {
    ""atom_type"": 1004,
    ""element"": ""C"",
    ""chemical_environment"": ""Aromatic ipso carbon in diphenylmethane (Ph-CH2-Ph)."",
    ""functional_group"": ""diphenylmethane ipso aryl carbon"",
    ""hybridization"": ""sp2 (aromatic)"",
    ""example_molecule_smiles"": ""c1ccccc1CH2c2ccccc2"",
    ""group_smarts"": ""c-[CH2]-[c;r6]"",
    ""atom_specific_smarts"": ""[c:1;r6]-[CH2]-[c;r6]"",
    ""description"": ""Ipso benzene carbon bonded to a benzylic methylene that connects to a second aryl ring. Nearest neighbor: benzylic CH2."",
    ""uncertainty"": ""25""
  },
  {
    ""atom_type"": 1009,
    ""element"": ""C"",
    ""chemical_environment"": ""Aromatic ipso carbon bearing chlorine in chlorobenzene."",
    ""functional_group"": ""aryl chloride ipso carbon"",
    ""hybridization"": ""sp2 (aromatic)"",
    ""example_molecule_smiles"": ""Clc1ccccc1"",
    ""group_smarts"": ""c-Cl"",
    ""atom_specific_smarts"": ""[c:1;r6]-Cl"",
    ""description"": ""Benzene carbon directly bonded to Cl. Nearest neighbors: aromatic carbons and chlorine."",
    ""uncertainty"": ""10""
  },
  {
    ""atom_type"": 1011,
    ""element"": ""C"",
    ""chemical_environment"": ""Primary iodoalkane carbon (including methyl iodide) bonded to iodine."",
    ""functional_group"": ""alkyl iodide (primary) C–I carbon"",
    ""hybridization"": ""sp3 (tetrahedral)"",
    ""example_molecule_smiles"": ""CI"",
    ""group_smarts"": ""[C;X4;H2,H3]-I"",
    ""atom_specific_smarts"": ""[C;X4;H2,H3:1]-I"",
    ""description"": ""sp3 carbon with two or three hydrogens directly bonded to iodine (methyl or primary iodides). Nearest neighbor: I."",
    ""uncertainty"": ""15""
  },
  {
    ""atom_type"": 1012,
    ""element"": ""C"",
    ""chemical_environment"": ""Secondary iodoalkane carbon bonded to iodine."",
    ""functional_group"": ""alkyl iodide (secondary) C–I carbon"",
    ""hybridization"": ""sp3 (tetrahedral)"",
    ""example_molecule_smiles"": ""CC(C)I"",
    ""group_smarts"": ""[CH;X4](-I)(-[C;X4])-[C;X4]"",
    ""atom_specific_smarts"": ""[CH;X4:1](-I)(-[C;X4])-[C;X4]"",
    ""description"": ""sp3 carbon with one hydrogen, attached to two carbons and iodine."",
    ""uncertainty"": ""15""
  },
  {
    ""atom_type"": 1013,
    ""element"": ""C"",
    ""chemical_environment"": ""Tertiary iodoalkane carbon bonded to iodine."",
    ""functional_group"": ""alkyl iodide (tertiary) C–I carbon"",
    ""hybridization"": ""sp3 (tetrahedral)"",
    ""example_molecule_smiles"": ""CC(C)(C)I"",
    ""group_smarts"": ""[CX4H0](-I)(-[C;X4])-[C;X4]"",
    ""atom_specific_smarts"": ""[CX4H0:1](-I)(-[C;X4])-[C;X4]"",
    ""description"": ""sp3 quaternary carbon attached to iodine and two (additional) carbons (total three carbons)."",
    ""uncertainty"": ""15""
  },
  {
    ""atom_type"": 1016,
    ""element"": ""C"",
    ""chemical_environment"": ""Aromatic ipso carbon bearing bromine in bromobenzene."",
    ""functional_group"": ""aryl bromide ipso carbon"",
    ""hybridization"": ""sp2 (aromatic)"",
    ""example_molecule_smiles"": ""Brc1ccccc1"",
    ""group_smarts"": ""c-Br"",
    ""atom_specific_smarts"": ""[c:1;r6]-Br"",
    ""description"": ""Benzene carbon directly bonded to Br. Nearest neighbors: aromatic carbons and bromine."",
    ""uncertainty"": ""10""
  },
  {
    ""atom_type"": 1018,
    ""element"": ""C"",
    ""chemical_environment"": ""Aromatic ipso carbon bearing iodine in iodobenzene."",
    ""functional_group"": ""aryl iodide ipso carbon"",
    ""hybridization"": ""sp2 (aromatic)"",
    ""example_molecule_smiles"": ""Ic1ccccc1"",
    ""group_smarts"": ""c-I"",
    ""atom_specific_smarts"": ""[c:1;r6]-I"",
    ""description"": ""Benzene carbon directly bonded to I. Nearest neighbors: aromatic carbons and iodine."",
    ""uncertainty"": ""10""
  },
  {
    ""atom_type"": 1022,
    ""element"": ""C"",
    ""chemical_environment"": ""Aromatic ipso carbon on the N of an N-phenyl sulfonamide (Ar–N–S(=O)2)."",
    ""functional_group"": ""N-phenyl sulfonamide ipso aryl carbon"",
    ""hybridization"": ""sp2 (aromatic)"",
    ""example_molecule_smiles"": ""O=S(=O)(C)Nc1ccccc1"",
    ""group_smarts"": ""c-[N;X3]-S(=O)(=O)"",
    ""atom_specific_smarts"": ""[c:1;r6]-[N;X3]-S(=O)(=O)"",
    ""description"": ""Ipso benzene carbon bonded to a sulfonamide nitrogen that is attached to a sulfonyl group. Nearest neighbors: aryl C and sulfonamide N."",
    ""uncertainty"": ""25""
  },
  {
    ""atom_type"": 1026,
    ""element"": ""C"",
    ""chemical_environment"": ""Epoxide (oxirane) ring CH2 carbon."",
    ""functional_group"": ""epoxide ring carbon (CH2)"",
    ""hybridization"": ""sp3 (strained tetrahedral)"",
    ""example_molecule_smiles"": ""C1CO1"",
    ""group_smarts"": ""[CH2;R3]-[O;R3]-[C;R3]"",
    ""atom_specific_smarts"": ""[CH2;R3:1]-[O;R3]-[C;R3]"",
    ""description"": ""Three-membered cyclic ether carbon bearing two hydrogens and bonded to ring oxygen. Nearest neighbors: ring O and ring C."",
    ""uncertainty"": ""15""
  },
  {
    ""atom_type"": 1027,
    ""element"": ""C"",
    ""chemical_environment"": ""Epoxide (oxirane) ring CH carbon (monosubstituted)."",
    ""functional_group"": ""epoxide ring carbon (CH)"",
    ""hybridization"": ""sp3 (strained tetrahedral)"",
    ""example_molecule_smiles"": ""CC1CO1"",
    ""group_smarts"": ""[CH;R3]-[O;R3]-[C;R3]"",
    ""atom_specific_smarts"": ""[CH;R3:1]-[O;R3]-[C;R3]"",
    ""description"": ""Three-membered cyclic ether carbon bearing one hydrogen and bonded to ring oxygen. Nearest neighbors: ring O and ring C."",
    ""uncertainty"": ""15""
  }
]"
1012,0.03,C  - CT   | C(I) iodoalkane - tentative - secondary,12.011,oplsaa.lt,C,6,"Convert the following OPLS-AA atom type rows:

Atom Type Data:
- Atom index: 988
- Force field raw info: C  - CA   | ipso C in N-methyl,N-phenylacetamide
- Partial charge: -0.045
- Atomic mass: 12.011
- Element guess: C
- Atomic number: 6
- Source file: oplsaa.lt


Atom Type Data:
- Atom index: 989
- Force field raw info: C  - CT   | C in CH2NR2 - benzyl amines; C(CH2NH2) is
- Partial charge: 0.145
- Atomic mass: 12.011
- Element guess: C
- Atomic number: 6
- Source file: oplsaa.lt


Atom Type Data:
- Atom index: 990
- Force field raw info: C  - C~   | C in hydroxamic acid jtr 11/98
- Partial charge: 0.888
- Atomic mass: 12.011
- Element guess: C
- Atomic number: 6
- Source file: oplsaa.lt


Atom Type Data:
- Atom index: 991
- Force field raw info: C  - C~   | C in aromatic hydroxamic aciT
- Partial charge: 1.003
- Atomic mass: 12.011
- Element guess: C
- Atomic number: 6
- Source file: oplsaa.lt


Atom Type Data:
- Atom index: 997
- Force field raw info: C  - CT   | C in CHROR - benzyl ethers; C(CHROR) is
- Partial charge: 0.225
- Atomic mass: 12.011
- Element guess: C
- Atomic number: 6
- Source file: oplsaa.lt


Atom Type Data:
- Atom index: 998
- Force field raw info: C  - CT   | C in CRROR - benzyl ethers; C(CRROR) is
- Partial charge: 0.255
- Atomic mass: 12.011
- Element guess: C
- Atomic number: 6
- Source file: oplsaa.lt


Atom Type Data:
- Atom index: 1000
- Force field raw info: C  - C!   | 3-phenyl pyrrole C3
- Partial charge: -0.034
- Atomic mass: 12.011
- Element guess: C
- Atomic number: 6
- Source file: oplsaa.lt


Atom Type Data:
- Atom index: 1001
- Force field raw info: C  - C!   | 3-phenyl pyrrole C3'
- Partial charge: 0.003
- Atomic mass: 12.011
- Element guess: C
- Atomic number: 6
- Source file: oplsaa.lt


Atom Type Data:
- Atom index: 1002
- Force field raw info: C  - C!   | 4-phenyl imidazole C4
- Partial charge: 0.3
- Atomic mass: 12.011
- Element guess: C
- Atomic number: 6
- Source file: oplsaa.lt


Atom Type Data:
- Atom index: 1003
- Force field raw info: C  - C!   | 4-phenyl imidazole C4'
- Partial charge: -0.04
- Atomic mass: 12.011
- Element guess: C
- Atomic number: 6
- Source file: oplsaa.lt


Atom Type Data:
- Atom index: 1004
- Force field raw info: C  - CA   | diphenylmethane Cipso
- Partial charge: -0.0575
- Atomic mass: 12.011
- Element guess: C
- Atomic number: 6
- Source file: oplsaa.lt


Atom Type Data:
- Atom index: 1009
- Force field raw info: C  - CA   | C(Cl) chlorobenzene with X site
- Partial charge: 0.175
- Atomic mass: 12.011
- Element guess: C
- Atomic number: 6
- Source file: oplsaa.lt


Atom Type Data:
- Atom index: 1011
- Force field raw info: C  - CT   | C(I) iodoalkane - tentative - primary
- Partial charge: -0.07
- Atomic mass: 12.011
- Element guess: C
- Atomic number: 6
- Source file: oplsaa.lt


Atom Type Data:
- Atom index: 1012
- Force field raw info: C  - CT   | C(I) iodoalkane - tentative - secondary
- Partial charge: 0.03
- Atomic mass: 12.011
- Element guess: C
- Atomic number: 6
- Source file: oplsaa.lt


Atom Type Data:
- Atom index: 1013
- Force field raw info: C  - CT   | C(I) iodoalkane - tentative - tertiary
- Partial charge: 0.13
- Atomic mass: 12.011
- Element guess: C
- Atomic number: 6
- Source file: oplsaa.lt


Atom Type Data:
- Atom index: 1016
- Force field raw info: C  - CA   | C(Br) bromobenzene with X site
- Partial charge: 0.17
- Atomic mass: 12.011
- Element guess: C
- Atomic number: 6
- Source file: oplsaa.lt


Atom Type Data:
- Atom index: 1018
- Force field raw info: C  - CA   | C(I) iodobenzene with X site
- Partial charge: 0.15
- Atomic mass: 12.011
- Element guess: C
- Atomic number: 6
- Source file: oplsaa.lt


Atom Type Data:
- Atom index: 1022
- Force field raw info: C  - CA   | benzene C on N of N-phenyl sulfonamide
- Partial charge: 0.155
- Atomic mass: 12.011
- Element guess: C
- Atomic number: 6
- Source file: oplsaa.lt


Atom Type Data:
- Atom index: 1026
- Force field raw info: C  - CY   | CH2 epoxide
- Partial charge: 0.14
- Atomic mass: 12.011
- Element guess: C
- Atomic number: 6
- Source file: oplsaa.lt


Atom Type Data:
- Atom index: 1027
- Force field raw info: C  - CY   | CH epoxide
- Partial charge: 0.17
- Atomic mass: 12.011
- Element guess: C
- Atomic number: 6
- Source file: oplsaa.lt
","[
  {
    ""atom_type"": 988,
    ""element"": ""C"",
    ""chemical_environment"": ""Aromatic ipso carbon bonded to an amide nitrogen (N-aryl amide, anilide)."",
    ""functional_group"": ""anilide (N-aryl amide) ipso aryl carbon"",
    ""hybridization"": ""sp2 (aromatic)"",
    ""example_molecule_smiles"": ""CC(=O)N(C)c1ccccc1"",
    ""group_smarts"": ""c-[N;X3;H0;$([N]-[C](=O)-*)]"",
    ""atom_specific_smarts"": ""[c:1]-[N;X3;H0;$([N]-[C](=O)-*)]"",
    ""description"": ""Ipso benzene carbon directly bonded to an amide N that itself is bound to a carbonyl (N-acyl). Nearest neighbors: aromatic C and amide N(sp2)."",
    ""uncertainty"": ""20""
  },
  {
    ""atom_type"": 989,
    ""element"": ""C"",
    ""chemical_environment"": ""Benzylic methylene attached to an amine nitrogen (benzyl amines: Ar-CH2-NR2)."",
    ""functional_group"": ""benzyl amine benzylic carbon"",
    ""hybridization"": ""sp3 (tetrahedral)"",
    ""example_molecule_smiles"": ""c1ccccc1CN(C)C"",
    ""group_smarts"": ""[CH2]-[N;X3]-[!#1]"",
    ""atom_specific_smarts"": ""[CH2:1](-[N;X3])-[c;r6]"",
    ""description"": ""The CH2 between an aromatic ring and an amine N (primary/secondary/tertiary amines). Nearest neighbors: aromatic sp2 C and amine N(sp3)."",
    ""uncertainty"": ""25""
  },
  {
    ""atom_type"": 990,
    ""element"": ""C"",
    ""chemical_environment"": ""Carbonyl carbon of a hydroxamic acid (R-C(=O)-N(-OH)-H/R)."",
    ""functional_group"": ""hydroxamic acid carbonyl"",
    ""hybridization"": ""sp2 (carbonyl)"",
    ""example_molecule_smiles"": ""CC(=O)NO"",
    ""group_smarts"": ""[C](=O)-[N]-O[H]"",
    ""atom_specific_smarts"": ""[C:1](=O)-[N]-O[H]"",
    ""description"": ""Acyl carbon attached to both a carbonyl oxygen and an N bearing a hydroxyl substituent (N–OH). Nearest neighbors: O(sp2) and N(sp2/sp3)."",
    ""uncertainty"": ""15""
  },
  {
    ""atom_type"": 991,
    ""element"": ""C"",
    ""chemical_environment"": ""Carbonyl carbon of an aromatic hydroxamic acid (Ar-C(=O)-N(-OH)-R/H)."",
    ""functional_group"": ""aromatic hydroxamic acid carbonyl"",
    ""hybridization"": ""sp2 (carbonyl)"",
    ""example_molecule_smiles"": ""O=C(NO)c1ccccc1"",
    ""group_smarts"": ""[C](=O)(-[c;r6])-[N]-O[H]"",
    ""atom_specific_smarts"": ""[C:1](=O)(-[c;r6])-[N]-O[H]"",
    ""description"": ""Hydroxamic acid carbonyl with an aryl substituent on the acyl side. Nearest neighbors: aryl sp2 C, O(sp2), and N."",
    ""uncertainty"": ""35""
  },
  {
    ""atom_type"": 997,
    ""element"": ""C"",
    ""chemical_environment"": ""Secondary benzylic carbon bearing an ether substituent (Ar-CH(OR)-R)."",
    ""functional_group"": ""benzyl ether, secondary benzylic center"",
    ""hybridization"": ""sp3 (tetrahedral)"",
    ""example_molecule_smiles"": ""COC(C)c1ccccc1"",
    ""group_smarts"": ""[CH](-[O;X2]-*)-[c;r6]"",
    ""atom_specific_smarts"": ""[CH:1](-[O;X2]-*)-[c;r6]"",
    ""description"": ""Benzylic CH attached to an ether oxygen and an aromatic ring (plus one carbon). Nearest neighbors: O(sp3) and aryl C."",
    ""uncertainty"": ""25""
  },
  {
    ""atom_type"": 998,
    ""element"": ""C"",
    ""chemical_environment"": ""Tertiary benzylic carbon bearing an ether substituent (Ar-C(OR)(R)R)."",
    ""functional_group"": ""benzyl ether, tertiary benzylic center"",
    ""hybridization"": ""sp3 (tetrahedral)"",
    ""example_molecule_smiles"": ""COC(C)(C)c1ccccc1"",
    ""group_smarts"": ""[CX4H0](-[O;X2]-*)(-[c;r6])-[C;X4]"",
    ""atom_specific_smarts"": ""[CX4H0:1](-[O;X2]-*)(-[c;r6])-[C;X4]"",
    ""description"": ""Benzylic quaternary center connected to an ether oxygen, an aryl carbon, and another carbon. Nearest neighbors: O(sp3), aryl C, alkyl C."",
    ""uncertainty"": ""25""
  },
  {
    ""atom_type"": 1000,
    ""element"": ""C"",
    ""chemical_environment"": ""Pyrrole ring carbon at C3 (beta) bonded to a phenyl ring in 3-phenylpyrrole."",
    ""functional_group"": ""biaryl linkage (pyrrole–phenyl) at pyrrole C3"",
    ""hybridization"": ""sp2 (aromatic)"",
    ""example_molecule_smiles"": ""c1c(-c2ccccc2)[nH]cc1"",
    ""group_smarts"": ""[c;r5;$(*~[nH;r5])]-[c;r6]"",
    ""atom_specific_smarts"": ""[c:1;r5;$(*~[nH;r5])]-[c;r6]"",
    ""description"": ""The beta aromatic carbon of a 1H-pyrrole ring that forms the biaryl bond to a benzene carbon. Nearest neighbors: two ring sp2 atoms in pyrrole and one aryl sp2 C."",
    ""uncertainty"": ""70""
  },
  {
    ""atom_type"": 1001,
    ""element"": ""C"",
    ""chemical_environment"": ""Phenyl ipso carbon bonded to the pyrrole ring in 3-phenylpyrrole."",
    ""functional_group"": ""biaryl linkage (phenyl–pyrrole) ipso aryl carbon"",
    ""hybridization"": ""sp2 (aromatic)"",
    ""example_molecule_smiles"": ""c1c(-c2ccccc2)[nH]cc1"",
    ""group_smarts"": ""[c;r6]-[c;r5;$(*~[nH;r5])]"",
    ""atom_specific_smarts"": ""[c:1;r6]-[c;r5;$(*~[nH;r5])]"",
    ""description"": ""The benzene ipso carbon that connects directly to a pyrrole aromatic carbon. Nearest neighbor: an sp2 carbon in a 1H-pyrrole ring."",
    ""uncertainty"": ""70""
  },
  {
    ""atom_type"": 1002,
    ""element"": ""C"",
    ""chemical_environment"": ""Imidazole ring carbon at C4 bonded to a phenyl ring in 4-phenylimidazole."",
    ""functional_group"": ""biaryl linkage (imidazole–phenyl) at imidazole C4"",
    ""hybridization"": ""sp2 (aromatic)"",
    ""example_molecule_smiles"": ""c1ncc([nH]1)c2ccccc2"",
    ""group_smarts"": ""[c;r5;$(*~[n;r5]);$(*~[nH;r5])]-[c;r6]"",
    ""atom_specific_smarts"": ""[c:1;r5;$(*~[n;r5]);$(*~[nH;r5])]-[c;r6]"",
    ""description"": ""An imidazole aromatic carbon that forms the biaryl bond to benzene; the five-member ring contains one [n] and one [nH]. Nearest neighbors: imidazole ring atoms and an aryl sp2 carbon."",
    ""uncertainty"": ""70""
  },
  {
    ""atom_type"": 1003,
    ""element"": ""C"",
    ""chemical_environment"": ""Phenyl ipso carbon bonded to an imidazole ring in 4-phenylimidazole."",
    ""functional_group"": ""biaryl linkage (phenyl–imidazole) ipso aryl carbon"",
    ""hybridization"": ""sp2 (aromatic)"",
    ""example_molecule_smiles"": ""c1ncc([nH]1)c2ccccc2"",
    ""group_smarts"": ""[c;r6]-[c;r5;$(*~[n;r5]);$(*~[nH;r5])]"",
    ""atom_specific_smarts"": ""[c:1;r6]-[c;r5;$(*~[n;r5]);$(*~[nH;r5])]"",
    ""description"": ""Benzene ipso carbon directly connected to an imidazole aromatic carbon. Nearest neighbor: sp2 C in an imidazole ring."",
    ""uncertainty"": ""70""
  },
  {
    ""atom_type"": 1004,
    ""element"": ""C"",
    ""chemical_environment"": ""Aromatic ipso carbon in diphenylmethane (Ph-CH2-Ph)."",
    ""functional_group"": ""diphenylmethane ipso aryl carbon"",
    ""hybridization"": ""sp2 (aromatic)"",
    ""example_molecule_smiles"": ""c1ccccc1CH2c2ccccc2"",
    ""group_smarts"": ""c-[CH2]-[c;r6]"",
    ""atom_specific_smarts"": ""[c:1;r6]-[CH2]-[c;r6]"",
    ""description"": ""Ipso benzene carbon bonded to a benzylic methylene that connects to a second aryl ring. Nearest neighbor: benzylic CH2."",
    ""uncertainty"": ""25""
  },
  {
    ""atom_type"": 1009,
    ""element"": ""C"",
    ""chemical_environment"": ""Aromatic ipso carbon bearing chlorine in chlorobenzene."",
    ""functional_group"": ""aryl chloride ipso carbon"",
    ""hybridization"": ""sp2 (aromatic)"",
    ""example_molecule_smiles"": ""Clc1ccccc1"",
    ""group_smarts"": ""c-Cl"",
    ""atom_specific_smarts"": ""[c:1;r6]-Cl"",
    ""description"": ""Benzene carbon directly bonded to Cl. Nearest neighbors: aromatic carbons and chlorine."",
    ""uncertainty"": ""10""
  },
  {
    ""atom_type"": 1011,
    ""element"": ""C"",
    ""chemical_environment"": ""Primary iodoalkane carbon (including methyl iodide) bonded to iodine."",
    ""functional_group"": ""alkyl iodide (primary) C–I carbon"",
    ""hybridization"": ""sp3 (tetrahedral)"",
    ""example_molecule_smiles"": ""CI"",
    ""group_smarts"": ""[C;X4;H2,H3]-I"",
    ""atom_specific_smarts"": ""[C;X4;H2,H3:1]-I"",
    ""description"": ""sp3 carbon with two or three hydrogens directly bonded to iodine (methyl or primary iodides). Nearest neighbor: I."",
    ""uncertainty"": ""15""
  },
  {
    ""atom_type"": 1012,
    ""element"": ""C"",
    ""chemical_environment"": ""Secondary iodoalkane carbon bonded to iodine."",
    ""functional_group"": ""alkyl iodide (secondary) C–I carbon"",
    ""hybridization"": ""sp3 (tetrahedral)"",
    ""example_molecule_smiles"": ""CC(C)I"",
    ""group_smarts"": ""[CH;X4](-I)(-[C;X4])-[C;X4]"",
    ""atom_specific_smarts"": ""[CH;X4:1](-I)(-[C;X4])-[C;X4]"",
    ""description"": ""sp3 carbon with one hydrogen, attached to two carbons and iodine."",
    ""uncertainty"": ""15""
  },
  {
    ""atom_type"": 1013,
    ""element"": ""C"",
    ""chemical_environment"": ""Tertiary iodoalkane carbon bonded to iodine."",
    ""functional_group"": ""alkyl iodide (tertiary) C–I carbon"",
    ""hybridization"": ""sp3 (tetrahedral)"",
    ""example_molecule_smiles"": ""CC(C)(C)I"",
    ""group_smarts"": ""[CX4H0](-I)(-[C;X4])-[C;X4]"",
    ""atom_specific_smarts"": ""[CX4H0:1](-I)(-[C;X4])-[C;X4]"",
    ""description"": ""sp3 quaternary carbon attached to iodine and two (additional) carbons (total three carbons)."",
    ""uncertainty"": ""15""
  },
  {
    ""atom_type"": 1016,
    ""element"": ""C"",
    ""chemical_environment"": ""Aromatic ipso carbon bearing bromine in bromobenzene."",
    ""functional_group"": ""aryl bromide ipso carbon"",
    ""hybridization"": ""sp2 (aromatic)"",
    ""example_molecule_smiles"": ""Brc1ccccc1"",
    ""group_smarts"": ""c-Br"",
    ""atom_specific_smarts"": ""[c:1;r6]-Br"",
    ""description"": ""Benzene carbon directly bonded to Br. Nearest neighbors: aromatic carbons and bromine."",
    ""uncertainty"": ""10""
  },
  {
    ""atom_type"": 1018,
    ""element"": ""C"",
    ""chemical_environment"": ""Aromatic ipso carbon bearing iodine in iodobenzene."",
    ""functional_group"": ""aryl iodide ipso carbon"",
    ""hybridization"": ""sp2 (aromatic)"",
    ""example_molecule_smiles"": ""Ic1ccccc1"",
    ""group_smarts"": ""c-I"",
    ""atom_specific_smarts"": ""[c:1;r6]-I"",
    ""description"": ""Benzene carbon directly bonded to I. Nearest neighbors: aromatic carbons and iodine."",
    ""uncertainty"": ""10""
  },
  {
    ""atom_type"": 1022,
    ""element"": ""C"",
    ""chemical_environment"": ""Aromatic ipso carbon on the N of an N-phenyl sulfonamide (Ar–N–S(=O)2)."",
    ""functional_group"": ""N-phenyl sulfonamide ipso aryl carbon"",
    ""hybridization"": ""sp2 (aromatic)"",
    ""example_molecule_smiles"": ""O=S(=O)(C)Nc1ccccc1"",
    ""group_smarts"": ""c-[N;X3]-S(=O)(=O)"",
    ""atom_specific_smarts"": ""[c:1;r6]-[N;X3]-S(=O)(=O)"",
    ""description"": ""Ipso benzene carbon bonded to a sulfonamide nitrogen that is attached to a sulfonyl group. Nearest neighbors: aryl C and sulfonamide N."",
    ""uncertainty"": ""25""
  },
  {
    ""atom_type"": 1026,
    ""element"": ""C"",
    ""chemical_environment"": ""Epoxide (oxirane) ring CH2 carbon."",
    ""functional_group"": ""epoxide ring carbon (CH2)"",
    ""hybridization"": ""sp3 (strained tetrahedral)"",
    ""example_molecule_smiles"": ""C1CO1"",
    ""group_smarts"": ""[CH2;R3]-[O;R3]-[C;R3]"",
    ""atom_specific_smarts"": ""[CH2;R3:1]-[O;R3]-[C;R3]"",
    ""description"": ""Three-membered cyclic ether carbon bearing two hydrogens and bonded to ring oxygen. Nearest neighbors: ring O and ring C."",
    ""uncertainty"": ""15""
  },
  {
    ""atom_type"": 1027,
    ""element"": ""C"",
    ""chemical_environment"": ""Epoxide (oxirane) ring CH carbon (monosubstituted)."",
    ""functional_group"": ""epoxide ring carbon (CH)"",
    ""hybridization"": ""sp3 (strained tetrahedral)"",
    ""example_molecule_smiles"": ""CC1CO1"",
    ""group_smarts"": ""[CH;R3]-[O;R3]-[C;R3]"",
    ""atom_specific_smarts"": ""[CH;R3:1]-[O;R3]-[C;R3]"",
    ""description"": ""Three-membered cyclic ether carbon bearing one hydrogen and bonded to ring oxygen. Nearest neighbors: ring O and ring C."",
    ""uncertainty"": ""15""
  }
]"
1013,0.13,C  - CT   | C(I) iodoalkane - tentative - tertiary,12.011,oplsaa.lt,C,6,"Convert the following OPLS-AA atom type rows:

Atom Type Data:
- Atom index: 988
- Force field raw info: C  - CA   | ipso C in N-methyl,N-phenylacetamide
- Partial charge: -0.045
- Atomic mass: 12.011
- Element guess: C
- Atomic number: 6
- Source file: oplsaa.lt


Atom Type Data:
- Atom index: 989
- Force field raw info: C  - CT   | C in CH2NR2 - benzyl amines; C(CH2NH2) is
- Partial charge: 0.145
- Atomic mass: 12.011
- Element guess: C
- Atomic number: 6
- Source file: oplsaa.lt


Atom Type Data:
- Atom index: 990
- Force field raw info: C  - C~   | C in hydroxamic acid jtr 11/98
- Partial charge: 0.888
- Atomic mass: 12.011
- Element guess: C
- Atomic number: 6
- Source file: oplsaa.lt


Atom Type Data:
- Atom index: 991
- Force field raw info: C  - C~   | C in aromatic hydroxamic aciT
- Partial charge: 1.003
- Atomic mass: 12.011
- Element guess: C
- Atomic number: 6
- Source file: oplsaa.lt


Atom Type Data:
- Atom index: 997
- Force field raw info: C  - CT   | C in CHROR - benzyl ethers; C(CHROR) is
- Partial charge: 0.225
- Atomic mass: 12.011
- Element guess: C
- Atomic number: 6
- Source file: oplsaa.lt


Atom Type Data:
- Atom index: 998
- Force field raw info: C  - CT   | C in CRROR - benzyl ethers; C(CRROR) is
- Partial charge: 0.255
- Atomic mass: 12.011
- Element guess: C
- Atomic number: 6
- Source file: oplsaa.lt


Atom Type Data:
- Atom index: 1000
- Force field raw info: C  - C!   | 3-phenyl pyrrole C3
- Partial charge: -0.034
- Atomic mass: 12.011
- Element guess: C
- Atomic number: 6
- Source file: oplsaa.lt


Atom Type Data:
- Atom index: 1001
- Force field raw info: C  - C!   | 3-phenyl pyrrole C3'
- Partial charge: 0.003
- Atomic mass: 12.011
- Element guess: C
- Atomic number: 6
- Source file: oplsaa.lt


Atom Type Data:
- Atom index: 1002
- Force field raw info: C  - C!   | 4-phenyl imidazole C4
- Partial charge: 0.3
- Atomic mass: 12.011
- Element guess: C
- Atomic number: 6
- Source file: oplsaa.lt


Atom Type Data:
- Atom index: 1003
- Force field raw info: C  - C!   | 4-phenyl imidazole C4'
- Partial charge: -0.04
- Atomic mass: 12.011
- Element guess: C
- Atomic number: 6
- Source file: oplsaa.lt


Atom Type Data:
- Atom index: 1004
- Force field raw info: C  - CA   | diphenylmethane Cipso
- Partial charge: -0.0575
- Atomic mass: 12.011
- Element guess: C
- Atomic number: 6
- Source file: oplsaa.lt


Atom Type Data:
- Atom index: 1009
- Force field raw info: C  - CA   | C(Cl) chlorobenzene with X site
- Partial charge: 0.175
- Atomic mass: 12.011
- Element guess: C
- Atomic number: 6
- Source file: oplsaa.lt


Atom Type Data:
- Atom index: 1011
- Force field raw info: C  - CT   | C(I) iodoalkane - tentative - primary
- Partial charge: -0.07
- Atomic mass: 12.011
- Element guess: C
- Atomic number: 6
- Source file: oplsaa.lt


Atom Type Data:
- Atom index: 1012
- Force field raw info: C  - CT   | C(I) iodoalkane - tentative - secondary
- Partial charge: 0.03
- Atomic mass: 12.011
- Element guess: C
- Atomic number: 6
- Source file: oplsaa.lt


Atom Type Data:
- Atom index: 1013
- Force field raw info: C  - CT   | C(I) iodoalkane - tentative - tertiary
- Partial charge: 0.13
- Atomic mass: 12.011
- Element guess: C
- Atomic number: 6
- Source file: oplsaa.lt


Atom Type Data:
- Atom index: 1016
- Force field raw info: C  - CA   | C(Br) bromobenzene with X site
- Partial charge: 0.17
- Atomic mass: 12.011
- Element guess: C
- Atomic number: 6
- Source file: oplsaa.lt


Atom Type Data:
- Atom index: 1018
- Force field raw info: C  - CA   | C(I) iodobenzene with X site
- Partial charge: 0.15
- Atomic mass: 12.011
- Element guess: C
- Atomic number: 6
- Source file: oplsaa.lt


Atom Type Data:
- Atom index: 1022
- Force field raw info: C  - CA   | benzene C on N of N-phenyl sulfonamide
- Partial charge: 0.155
- Atomic mass: 12.011
- Element guess: C
- Atomic number: 6
- Source file: oplsaa.lt


Atom Type Data:
- Atom index: 1026
- Force field raw info: C  - CY   | CH2 epoxide
- Partial charge: 0.14
- Atomic mass: 12.011
- Element guess: C
- Atomic number: 6
- Source file: oplsaa.lt


Atom Type Data:
- Atom index: 1027
- Force field raw info: C  - CY   | CH epoxide
- Partial charge: 0.17
- Atomic mass: 12.011
- Element guess: C
- Atomic number: 6
- Source file: oplsaa.lt
","[
  {
    ""atom_type"": 988,
    ""element"": ""C"",
    ""chemical_environment"": ""Aromatic ipso carbon bonded to an amide nitrogen (N-aryl amide, anilide)."",
    ""functional_group"": ""anilide (N-aryl amide) ipso aryl carbon"",
    ""hybridization"": ""sp2 (aromatic)"",
    ""example_molecule_smiles"": ""CC(=O)N(C)c1ccccc1"",
    ""group_smarts"": ""c-[N;X3;H0;$([N]-[C](=O)-*)]"",
    ""atom_specific_smarts"": ""[c:1]-[N;X3;H0;$([N]-[C](=O)-*)]"",
    ""description"": ""Ipso benzene carbon directly bonded to an amide N that itself is bound to a carbonyl (N-acyl). Nearest neighbors: aromatic C and amide N(sp2)."",
    ""uncertainty"": ""20""
  },
  {
    ""atom_type"": 989,
    ""element"": ""C"",
    ""chemical_environment"": ""Benzylic methylene attached to an amine nitrogen (benzyl amines: Ar-CH2-NR2)."",
    ""functional_group"": ""benzyl amine benzylic carbon"",
    ""hybridization"": ""sp3 (tetrahedral)"",
    ""example_molecule_smiles"": ""c1ccccc1CN(C)C"",
    ""group_smarts"": ""[CH2]-[N;X3]-[!#1]"",
    ""atom_specific_smarts"": ""[CH2:1](-[N;X3])-[c;r6]"",
    ""description"": ""The CH2 between an aromatic ring and an amine N (primary/secondary/tertiary amines). Nearest neighbors: aromatic sp2 C and amine N(sp3)."",
    ""uncertainty"": ""25""
  },
  {
    ""atom_type"": 990,
    ""element"": ""C"",
    ""chemical_environment"": ""Carbonyl carbon of a hydroxamic acid (R-C(=O)-N(-OH)-H/R)."",
    ""functional_group"": ""hydroxamic acid carbonyl"",
    ""hybridization"": ""sp2 (carbonyl)"",
    ""example_molecule_smiles"": ""CC(=O)NO"",
    ""group_smarts"": ""[C](=O)-[N]-O[H]"",
    ""atom_specific_smarts"": ""[C:1](=O)-[N]-O[H]"",
    ""description"": ""Acyl carbon attached to both a carbonyl oxygen and an N bearing a hydroxyl substituent (N–OH). Nearest neighbors: O(sp2) and N(sp2/sp3)."",
    ""uncertainty"": ""15""
  },
  {
    ""atom_type"": 991,
    ""element"": ""C"",
    ""chemical_environment"": ""Carbonyl carbon of an aromatic hydroxamic acid (Ar-C(=O)-N(-OH)-R/H)."",
    ""functional_group"": ""aromatic hydroxamic acid carbonyl"",
    ""hybridization"": ""sp2 (carbonyl)"",
    ""example_molecule_smiles"": ""O=C(NO)c1ccccc1"",
    ""group_smarts"": ""[C](=O)(-[c;r6])-[N]-O[H]"",
    ""atom_specific_smarts"": ""[C:1](=O)(-[c;r6])-[N]-O[H]"",
    ""description"": ""Hydroxamic acid carbonyl with an aryl substituent on the acyl side. Nearest neighbors: aryl sp2 C, O(sp2), and N."",
    ""uncertainty"": ""35""
  },
  {
    ""atom_type"": 997,
    ""element"": ""C"",
    ""chemical_environment"": ""Secondary benzylic carbon bearing an ether substituent (Ar-CH(OR)-R)."",
    ""functional_group"": ""benzyl ether, secondary benzylic center"",
    ""hybridization"": ""sp3 (tetrahedral)"",
    ""example_molecule_smiles"": ""COC(C)c1ccccc1"",
    ""group_smarts"": ""[CH](-[O;X2]-*)-[c;r6]"",
    ""atom_specific_smarts"": ""[CH:1](-[O;X2]-*)-[c;r6]"",
    ""description"": ""Benzylic CH attached to an ether oxygen and an aromatic ring (plus one carbon). Nearest neighbors: O(sp3) and aryl C."",
    ""uncertainty"": ""25""
  },
  {
    ""atom_type"": 998,
    ""element"": ""C"",
    ""chemical_environment"": ""Tertiary benzylic carbon bearing an ether substituent (Ar-C(OR)(R)R)."",
    ""functional_group"": ""benzyl ether, tertiary benzylic center"",
    ""hybridization"": ""sp3 (tetrahedral)"",
    ""example_molecule_smiles"": ""COC(C)(C)c1ccccc1"",
    ""group_smarts"": ""[CX4H0](-[O;X2]-*)(-[c;r6])-[C;X4]"",
    ""atom_specific_smarts"": ""[CX4H0:1](-[O;X2]-*)(-[c;r6])-[C;X4]"",
    ""description"": ""Benzylic quaternary center connected to an ether oxygen, an aryl carbon, and another carbon. Nearest neighbors: O(sp3), aryl C, alkyl C."",
    ""uncertainty"": ""25""
  },
  {
    ""atom_type"": 1000,
    ""element"": ""C"",
    ""chemical_environment"": ""Pyrrole ring carbon at C3 (beta) bonded to a phenyl ring in 3-phenylpyrrole."",
    ""functional_group"": ""biaryl linkage (pyrrole–phenyl) at pyrrole C3"",
    ""hybridization"": ""sp2 (aromatic)"",
    ""example_molecule_smiles"": ""c1c(-c2ccccc2)[nH]cc1"",
    ""group_smarts"": ""[c;r5;$(*~[nH;r5])]-[c;r6]"",
    ""atom_specific_smarts"": ""[c:1;r5;$(*~[nH;r5])]-[c;r6]"",
    ""description"": ""The beta aromatic carbon of a 1H-pyrrole ring that forms the biaryl bond to a benzene carbon. Nearest neighbors: two ring sp2 atoms in pyrrole and one aryl sp2 C."",
    ""uncertainty"": ""70""
  },
  {
    ""atom_type"": 1001,
    ""element"": ""C"",
    ""chemical_environment"": ""Phenyl ipso carbon bonded to the pyrrole ring in 3-phenylpyrrole."",
    ""functional_group"": ""biaryl linkage (phenyl–pyrrole) ipso aryl carbon"",
    ""hybridization"": ""sp2 (aromatic)"",
    ""example_molecule_smiles"": ""c1c(-c2ccccc2)[nH]cc1"",
    ""group_smarts"": ""[c;r6]-[c;r5;$(*~[nH;r5])]"",
    ""atom_specific_smarts"": ""[c:1;r6]-[c;r5;$(*~[nH;r5])]"",
    ""description"": ""The benzene ipso carbon that connects directly to a pyrrole aromatic carbon. Nearest neighbor: an sp2 carbon in a 1H-pyrrole ring."",
    ""uncertainty"": ""70""
  },
  {
    ""atom_type"": 1002,
    ""element"": ""C"",
    ""chemical_environment"": ""Imidazole ring carbon at C4 bonded to a phenyl ring in 4-phenylimidazole."",
    ""functional_group"": ""biaryl linkage (imidazole–phenyl) at imidazole C4"",
    ""hybridization"": ""sp2 (aromatic)"",
    ""example_molecule_smiles"": ""c1ncc([nH]1)c2ccccc2"",
    ""group_smarts"": ""[c;r5;$(*~[n;r5]);$(*~[nH;r5])]-[c;r6]"",
    ""atom_specific_smarts"": ""[c:1;r5;$(*~[n;r5]);$(*~[nH;r5])]-[c;r6]"",
    ""description"": ""An imidazole aromatic carbon that forms the biaryl bond to benzene; the five-member ring contains one [n] and one [nH]. Nearest neighbors: imidazole ring atoms and an aryl sp2 carbon."",
    ""uncertainty"": ""70""
  },
  {
    ""atom_type"": 1003,
    ""element"": ""C"",
    ""chemical_environment"": ""Phenyl ipso carbon bonded to an imidazole ring in 4-phenylimidazole."",
    ""functional_group"": ""biaryl linkage (phenyl–imidazole) ipso aryl carbon"",
    ""hybridization"": ""sp2 (aromatic)"",
    ""example_molecule_smiles"": ""c1ncc([nH]1)c2ccccc2"",
    ""group_smarts"": ""[c;r6]-[c;r5;$(*~[n;r5]);$(*~[nH;r5])]"",
    ""atom_specific_smarts"": ""[c:1;r6]-[c;r5;$(*~[n;r5]);$(*~[nH;r5])]"",
    ""description"": ""Benzene ipso carbon directly connected to an imidazole aromatic carbon. Nearest neighbor: sp2 C in an imidazole ring."",
    ""uncertainty"": ""70""
  },
  {
    ""atom_type"": 1004,
    ""element"": ""C"",
    ""chemical_environment"": ""Aromatic ipso carbon in diphenylmethane (Ph-CH2-Ph)."",
    ""functional_group"": ""diphenylmethane ipso aryl carbon"",
    ""hybridization"": ""sp2 (aromatic)"",
    ""example_molecule_smiles"": ""c1ccccc1CH2c2ccccc2"",
    ""group_smarts"": ""c-[CH2]-[c;r6]"",
    ""atom_specific_smarts"": ""[c:1;r6]-[CH2]-[c;r6]"",
    ""description"": ""Ipso benzene carbon bonded to a benzylic methylene that connects to a second aryl ring. Nearest neighbor: benzylic CH2."",
    ""uncertainty"": ""25""
  },
  {
    ""atom_type"": 1009,
    ""element"": ""C"",
    ""chemical_environment"": ""Aromatic ipso carbon bearing chlorine in chlorobenzene."",
    ""functional_group"": ""aryl chloride ipso carbon"",
    ""hybridization"": ""sp2 (aromatic)"",
    ""example_molecule_smiles"": ""Clc1ccccc1"",
    ""group_smarts"": ""c-Cl"",
    ""atom_specific_smarts"": ""[c:1;r6]-Cl"",
    ""description"": ""Benzene carbon directly bonded to Cl. Nearest neighbors: aromatic carbons and chlorine."",
    ""uncertainty"": ""10""
  },
  {
    ""atom_type"": 1011,
    ""element"": ""C"",
    ""chemical_environment"": ""Primary iodoalkane carbon (including methyl iodide) bonded to iodine."",
    ""functional_group"": ""alkyl iodide (primary) C–I carbon"",
    ""hybridization"": ""sp3 (tetrahedral)"",
    ""example_molecule_smiles"": ""CI"",
    ""group_smarts"": ""[C;X4;H2,H3]-I"",
    ""atom_specific_smarts"": ""[C;X4;H2,H3:1]-I"",
    ""description"": ""sp3 carbon with two or three hydrogens directly bonded to iodine (methyl or primary iodides). Nearest neighbor: I."",
    ""uncertainty"": ""15""
  },
  {
    ""atom_type"": 1012,
    ""element"": ""C"",
    ""chemical_environment"": ""Secondary iodoalkane carbon bonded to iodine."",
    ""functional_group"": ""alkyl iodide (secondary) C–I carbon"",
    ""hybridization"": ""sp3 (tetrahedral)"",
    ""example_molecule_smiles"": ""CC(C)I"",
    ""group_smarts"": ""[CH;X4](-I)(-[C;X4])-[C;X4]"",
    ""atom_specific_smarts"": ""[CH;X4:1](-I)(-[C;X4])-[C;X4]"",
    ""description"": ""sp3 carbon with one hydrogen, attached to two carbons and iodine."",
    ""uncertainty"": ""15""
  },
  {
    ""atom_type"": 1013,
    ""element"": ""C"",
    ""chemical_environment"": ""Tertiary iodoalkane carbon bonded to iodine."",
    ""functional_group"": ""alkyl iodide (tertiary) C–I carbon"",
    ""hybridization"": ""sp3 (tetrahedral)"",
    ""example_molecule_smiles"": ""CC(C)(C)I"",
    ""group_smarts"": ""[CX4H0](-I)(-[C;X4])-[C;X4]"",
    ""atom_specific_smarts"": ""[CX4H0:1](-I)(-[C;X4])-[C;X4]"",
    ""description"": ""sp3 quaternary carbon attached to iodine and two (additional) carbons (total three carbons)."",
    ""uncertainty"": ""15""
  },
  {
    ""atom_type"": 1016,
    ""element"": ""C"",
    ""chemical_environment"": ""Aromatic ipso carbon bearing bromine in bromobenzene."",
    ""functional_group"": ""aryl bromide ipso carbon"",
    ""hybridization"": ""sp2 (aromatic)"",
    ""example_molecule_smiles"": ""Brc1ccccc1"",
    ""group_smarts"": ""c-Br"",
    ""atom_specific_smarts"": ""[c:1;r6]-Br"",
    ""description"": ""Benzene carbon directly bonded to Br. Nearest neighbors: aromatic carbons and bromine."",
    ""uncertainty"": ""10""
  },
  {
    ""atom_type"": 1018,
    ""element"": ""C"",
    ""chemical_environment"": ""Aromatic ipso carbon bearing iodine in iodobenzene."",
    ""functional_group"": ""aryl iodide ipso carbon"",
    ""hybridization"": ""sp2 (aromatic)"",
    ""example_molecule_smiles"": ""Ic1ccccc1"",
    ""group_smarts"": ""c-I"",
    ""atom_specific_smarts"": ""[c:1;r6]-I"",
    ""description"": ""Benzene carbon directly bonded to I. Nearest neighbors: aromatic carbons and iodine."",
    ""uncertainty"": ""10""
  },
  {
    ""atom_type"": 1022,
    ""element"": ""C"",
    ""chemical_environment"": ""Aromatic ipso carbon on the N of an N-phenyl sulfonamide (Ar–N–S(=O)2)."",
    ""functional_group"": ""N-phenyl sulfonamide ipso aryl carbon"",
    ""hybridization"": ""sp2 (aromatic)"",
    ""example_molecule_smiles"": ""O=S(=O)(C)Nc1ccccc1"",
    ""group_smarts"": ""c-[N;X3]-S(=O)(=O)"",
    ""atom_specific_smarts"": ""[c:1;r6]-[N;X3]-S(=O)(=O)"",
    ""description"": ""Ipso benzene carbon bonded to a sulfonamide nitrogen that is attached to a sulfonyl group. Nearest neighbors: aryl C and sulfonamide N."",
    ""uncertainty"": ""25""
  },
  {
    ""atom_type"": 1026,
    ""element"": ""C"",
    ""chemical_environment"": ""Epoxide (oxirane) ring CH2 carbon."",
    ""functional_group"": ""epoxide ring carbon (CH2)"",
    ""hybridization"": ""sp3 (strained tetrahedral)"",
    ""example_molecule_smiles"": ""C1CO1"",
    ""group_smarts"": ""[CH2;R3]-[O;R3]-[C;R3]"",
    ""atom_specific_smarts"": ""[CH2;R3:1]-[O;R3]-[C;R3]"",
    ""description"": ""Three-membered cyclic ether carbon bearing two hydrogens and bonded to ring oxygen. Nearest neighbors: ring O and ring C."",
    ""uncertainty"": ""15""
  },
  {
    ""atom_type"": 1027,
    ""element"": ""C"",
    ""chemical_environment"": ""Epoxide (oxirane) ring CH carbon (monosubstituted)."",
    ""functional_group"": ""epoxide ring carbon (CH)"",
    ""hybridization"": ""sp3 (strained tetrahedral)"",
    ""example_molecule_smiles"": ""CC1CO1"",
    ""group_smarts"": ""[CH;R3]-[O;R3]-[C;R3]"",
    ""atom_specific_smarts"": ""[CH;R3:1]-[O;R3]-[C;R3]"",
    ""description"": ""Three-membered cyclic ether carbon bearing one hydrogen and bonded to ring oxygen. Nearest neighbors: ring O and ring C."",
    ""uncertainty"": ""15""
  }
]"
1016,0.17,C  - CA   | C(Br) bromobenzene with X site,12.011,oplsaa.lt,C,6,"Convert the following OPLS-AA atom type rows:

Atom Type Data:
- Atom index: 988
- Force field raw info: C  - CA   | ipso C in N-methyl,N-phenylacetamide
- Partial charge: -0.045
- Atomic mass: 12.011
- Element guess: C
- Atomic number: 6
- Source file: oplsaa.lt


Atom Type Data:
- Atom index: 989
- Force field raw info: C  - CT   | C in CH2NR2 - benzyl amines; C(CH2NH2) is
- Partial charge: 0.145
- Atomic mass: 12.011
- Element guess: C
- Atomic number: 6
- Source file: oplsaa.lt


Atom Type Data:
- Atom index: 990
- Force field raw info: C  - C~   | C in hydroxamic acid jtr 11/98
- Partial charge: 0.888
- Atomic mass: 12.011
- Element guess: C
- Atomic number: 6
- Source file: oplsaa.lt


Atom Type Data:
- Atom index: 991
- Force field raw info: C  - C~   | C in aromatic hydroxamic aciT
- Partial charge: 1.003
- Atomic mass: 12.011
- Element guess: C
- Atomic number: 6
- Source file: oplsaa.lt


Atom Type Data:
- Atom index: 997
- Force field raw info: C  - CT   | C in CHROR - benzyl ethers; C(CHROR) is
- Partial charge: 0.225
- Atomic mass: 12.011
- Element guess: C
- Atomic number: 6
- Source file: oplsaa.lt


Atom Type Data:
- Atom index: 998
- Force field raw info: C  - CT   | C in CRROR - benzyl ethers; C(CRROR) is
- Partial charge: 0.255
- Atomic mass: 12.011
- Element guess: C
- Atomic number: 6
- Source file: oplsaa.lt


Atom Type Data:
- Atom index: 1000
- Force field raw info: C  - C!   | 3-phenyl pyrrole C3
- Partial charge: -0.034
- Atomic mass: 12.011
- Element guess: C
- Atomic number: 6
- Source file: oplsaa.lt


Atom Type Data:
- Atom index: 1001
- Force field raw info: C  - C!   | 3-phenyl pyrrole C3'
- Partial charge: 0.003
- Atomic mass: 12.011
- Element guess: C
- Atomic number: 6
- Source file: oplsaa.lt


Atom Type Data:
- Atom index: 1002
- Force field raw info: C  - C!   | 4-phenyl imidazole C4
- Partial charge: 0.3
- Atomic mass: 12.011
- Element guess: C
- Atomic number: 6
- Source file: oplsaa.lt


Atom Type Data:
- Atom index: 1003
- Force field raw info: C  - C!   | 4-phenyl imidazole C4'
- Partial charge: -0.04
- Atomic mass: 12.011
- Element guess: C
- Atomic number: 6
- Source file: oplsaa.lt


Atom Type Data:
- Atom index: 1004
- Force field raw info: C  - CA   | diphenylmethane Cipso
- Partial charge: -0.0575
- Atomic mass: 12.011
- Element guess: C
- Atomic number: 6
- Source file: oplsaa.lt


Atom Type Data:
- Atom index: 1009
- Force field raw info: C  - CA   | C(Cl) chlorobenzene with X site
- Partial charge: 0.175
- Atomic mass: 12.011
- Element guess: C
- Atomic number: 6
- Source file: oplsaa.lt


Atom Type Data:
- Atom index: 1011
- Force field raw info: C  - CT   | C(I) iodoalkane - tentative - primary
- Partial charge: -0.07
- Atomic mass: 12.011
- Element guess: C
- Atomic number: 6
- Source file: oplsaa.lt


Atom Type Data:
- Atom index: 1012
- Force field raw info: C  - CT   | C(I) iodoalkane - tentative - secondary
- Partial charge: 0.03
- Atomic mass: 12.011
- Element guess: C
- Atomic number: 6
- Source file: oplsaa.lt


Atom Type Data:
- Atom index: 1013
- Force field raw info: C  - CT   | C(I) iodoalkane - tentative - tertiary
- Partial charge: 0.13
- Atomic mass: 12.011
- Element guess: C
- Atomic number: 6
- Source file: oplsaa.lt


Atom Type Data:
- Atom index: 1016
- Force field raw info: C  - CA   | C(Br) bromobenzene with X site
- Partial charge: 0.17
- Atomic mass: 12.011
- Element guess: C
- Atomic number: 6
- Source file: oplsaa.lt


Atom Type Data:
- Atom index: 1018
- Force field raw info: C  - CA   | C(I) iodobenzene with X site
- Partial charge: 0.15
- Atomic mass: 12.011
- Element guess: C
- Atomic number: 6
- Source file: oplsaa.lt


Atom Type Data:
- Atom index: 1022
- Force field raw info: C  - CA   | benzene C on N of N-phenyl sulfonamide
- Partial charge: 0.155
- Atomic mass: 12.011
- Element guess: C
- Atomic number: 6
- Source file: oplsaa.lt


Atom Type Data:
- Atom index: 1026
- Force field raw info: C  - CY   | CH2 epoxide
- Partial charge: 0.14
- Atomic mass: 12.011
- Element guess: C
- Atomic number: 6
- Source file: oplsaa.lt


Atom Type Data:
- Atom index: 1027
- Force field raw info: C  - CY   | CH epoxide
- Partial charge: 0.17
- Atomic mass: 12.011
- Element guess: C
- Atomic number: 6
- Source file: oplsaa.lt
","[
  {
    ""atom_type"": 988,
    ""element"": ""C"",
    ""chemical_environment"": ""Aromatic ipso carbon bonded to an amide nitrogen (N-aryl amide, anilide)."",
    ""functional_group"": ""anilide (N-aryl amide) ipso aryl carbon"",
    ""hybridization"": ""sp2 (aromatic)"",
    ""example_molecule_smiles"": ""CC(=O)N(C)c1ccccc1"",
    ""group_smarts"": ""c-[N;X3;H0;$([N]-[C](=O)-*)]"",
    ""atom_specific_smarts"": ""[c:1]-[N;X3;H0;$([N]-[C](=O)-*)]"",
    ""description"": ""Ipso benzene carbon directly bonded to an amide N that itself is bound to a carbonyl (N-acyl). Nearest neighbors: aromatic C and amide N(sp2)."",
    ""uncertainty"": ""20""
  },
  {
    ""atom_type"": 989,
    ""element"": ""C"",
    ""chemical_environment"": ""Benzylic methylene attached to an amine nitrogen (benzyl amines: Ar-CH2-NR2)."",
    ""functional_group"": ""benzyl amine benzylic carbon"",
    ""hybridization"": ""sp3 (tetrahedral)"",
    ""example_molecule_smiles"": ""c1ccccc1CN(C)C"",
    ""group_smarts"": ""[CH2]-[N;X3]-[!#1]"",
    ""atom_specific_smarts"": ""[CH2:1](-[N;X3])-[c;r6]"",
    ""description"": ""The CH2 between an aromatic ring and an amine N (primary/secondary/tertiary amines). Nearest neighbors: aromatic sp2 C and amine N(sp3)."",
    ""uncertainty"": ""25""
  },
  {
    ""atom_type"": 990,
    ""element"": ""C"",
    ""chemical_environment"": ""Carbonyl carbon of a hydroxamic acid (R-C(=O)-N(-OH)-H/R)."",
    ""functional_group"": ""hydroxamic acid carbonyl"",
    ""hybridization"": ""sp2 (carbonyl)"",
    ""example_molecule_smiles"": ""CC(=O)NO"",
    ""group_smarts"": ""[C](=O)-[N]-O[H]"",
    ""atom_specific_smarts"": ""[C:1](=O)-[N]-O[H]"",
    ""description"": ""Acyl carbon attached to both a carbonyl oxygen and an N bearing a hydroxyl substituent (N–OH). Nearest neighbors: O(sp2) and N(sp2/sp3)."",
    ""uncertainty"": ""15""
  },
  {
    ""atom_type"": 991,
    ""element"": ""C"",
    ""chemical_environment"": ""Carbonyl carbon of an aromatic hydroxamic acid (Ar-C(=O)-N(-OH)-R/H)."",
    ""functional_group"": ""aromatic hydroxamic acid carbonyl"",
    ""hybridization"": ""sp2 (carbonyl)"",
    ""example_molecule_smiles"": ""O=C(NO)c1ccccc1"",
    ""group_smarts"": ""[C](=O)(-[c;r6])-[N]-O[H]"",
    ""atom_specific_smarts"": ""[C:1](=O)(-[c;r6])-[N]-O[H]"",
    ""description"": ""Hydroxamic acid carbonyl with an aryl substituent on the acyl side. Nearest neighbors: aryl sp2 C, O(sp2), and N."",
    ""uncertainty"": ""35""
  },
  {
    ""atom_type"": 997,
    ""element"": ""C"",
    ""chemical_environment"": ""Secondary benzylic carbon bearing an ether substituent (Ar-CH(OR)-R)."",
    ""functional_group"": ""benzyl ether, secondary benzylic center"",
    ""hybridization"": ""sp3 (tetrahedral)"",
    ""example_molecule_smiles"": ""COC(C)c1ccccc1"",
    ""group_smarts"": ""[CH](-[O;X2]-*)-[c;r6]"",
    ""atom_specific_smarts"": ""[CH:1](-[O;X2]-*)-[c;r6]"",
    ""description"": ""Benzylic CH attached to an ether oxygen and an aromatic ring (plus one carbon). Nearest neighbors: O(sp3) and aryl C."",
    ""uncertainty"": ""25""
  },
  {
    ""atom_type"": 998,
    ""element"": ""C"",
    ""chemical_environment"": ""Tertiary benzylic carbon bearing an ether substituent (Ar-C(OR)(R)R)."",
    ""functional_group"": ""benzyl ether, tertiary benzylic center"",
    ""hybridization"": ""sp3 (tetrahedral)"",
    ""example_molecule_smiles"": ""COC(C)(C)c1ccccc1"",
    ""group_smarts"": ""[CX4H0](-[O;X2]-*)(-[c;r6])-[C;X4]"",
    ""atom_specific_smarts"": ""[CX4H0:1](-[O;X2]-*)(-[c;r6])-[C;X4]"",
    ""description"": ""Benzylic quaternary center connected to an ether oxygen, an aryl carbon, and another carbon. Nearest neighbors: O(sp3), aryl C, alkyl C."",
    ""uncertainty"": ""25""
  },
  {
    ""atom_type"": 1000,
    ""element"": ""C"",
    ""chemical_environment"": ""Pyrrole ring carbon at C3 (beta) bonded to a phenyl ring in 3-phenylpyrrole."",
    ""functional_group"": ""biaryl linkage (pyrrole–phenyl) at pyrrole C3"",
    ""hybridization"": ""sp2 (aromatic)"",
    ""example_molecule_smiles"": ""c1c(-c2ccccc2)[nH]cc1"",
    ""group_smarts"": ""[c;r5;$(*~[nH;r5])]-[c;r6]"",
    ""atom_specific_smarts"": ""[c:1;r5;$(*~[nH;r5])]-[c;r6]"",
    ""description"": ""The beta aromatic carbon of a 1H-pyrrole ring that forms the biaryl bond to a benzene carbon. Nearest neighbors: two ring sp2 atoms in pyrrole and one aryl sp2 C."",
    ""uncertainty"": ""70""
  },
  {
    ""atom_type"": 1001,
    ""element"": ""C"",
    ""chemical_environment"": ""Phenyl ipso carbon bonded to the pyrrole ring in 3-phenylpyrrole."",
    ""functional_group"": ""biaryl linkage (phenyl–pyrrole) ipso aryl carbon"",
    ""hybridization"": ""sp2 (aromatic)"",
    ""example_molecule_smiles"": ""c1c(-c2ccccc2)[nH]cc1"",
    ""group_smarts"": ""[c;r6]-[c;r5;$(*~[nH;r5])]"",
    ""atom_specific_smarts"": ""[c:1;r6]-[c;r5;$(*~[nH;r5])]"",
    ""description"": ""The benzene ipso carbon that connects directly to a pyrrole aromatic carbon. Nearest neighbor: an sp2 carbon in a 1H-pyrrole ring."",
    ""uncertainty"": ""70""
  },
  {
    ""atom_type"": 1002,
    ""element"": ""C"",
    ""chemical_environment"": ""Imidazole ring carbon at C4 bonded to a phenyl ring in 4-phenylimidazole."",
    ""functional_group"": ""biaryl linkage (imidazole–phenyl) at imidazole C4"",
    ""hybridization"": ""sp2 (aromatic)"",
    ""example_molecule_smiles"": ""c1ncc([nH]1)c2ccccc2"",
    ""group_smarts"": ""[c;r5;$(*~[n;r5]);$(*~[nH;r5])]-[c;r6]"",
    ""atom_specific_smarts"": ""[c:1;r5;$(*~[n;r5]);$(*~[nH;r5])]-[c;r6]"",
    ""description"": ""An imidazole aromatic carbon that forms the biaryl bond to benzene; the five-member ring contains one [n] and one [nH]. Nearest neighbors: imidazole ring atoms and an aryl sp2 carbon."",
    ""uncertainty"": ""70""
  },
  {
    ""atom_type"": 1003,
    ""element"": ""C"",
    ""chemical_environment"": ""Phenyl ipso carbon bonded to an imidazole ring in 4-phenylimidazole."",
    ""functional_group"": ""biaryl linkage (phenyl–imidazole) ipso aryl carbon"",
    ""hybridization"": ""sp2 (aromatic)"",
    ""example_molecule_smiles"": ""c1ncc([nH]1)c2ccccc2"",
    ""group_smarts"": ""[c;r6]-[c;r5;$(*~[n;r5]);$(*~[nH;r5])]"",
    ""atom_specific_smarts"": ""[c:1;r6]-[c;r5;$(*~[n;r5]);$(*~[nH;r5])]"",
    ""description"": ""Benzene ipso carbon directly connected to an imidazole aromatic carbon. Nearest neighbor: sp2 C in an imidazole ring."",
    ""uncertainty"": ""70""
  },
  {
    ""atom_type"": 1004,
    ""element"": ""C"",
    ""chemical_environment"": ""Aromatic ipso carbon in diphenylmethane (Ph-CH2-Ph)."",
    ""functional_group"": ""diphenylmethane ipso aryl carbon"",
    ""hybridization"": ""sp2 (aromatic)"",
    ""example_molecule_smiles"": ""c1ccccc1CH2c2ccccc2"",
    ""group_smarts"": ""c-[CH2]-[c;r6]"",
    ""atom_specific_smarts"": ""[c:1;r6]-[CH2]-[c;r6]"",
    ""description"": ""Ipso benzene carbon bonded to a benzylic methylene that connects to a second aryl ring. Nearest neighbor: benzylic CH2."",
    ""uncertainty"": ""25""
  },
  {
    ""atom_type"": 1009,
    ""element"": ""C"",
    ""chemical_environment"": ""Aromatic ipso carbon bearing chlorine in chlorobenzene."",
    ""functional_group"": ""aryl chloride ipso carbon"",
    ""hybridization"": ""sp2 (aromatic)"",
    ""example_molecule_smiles"": ""Clc1ccccc1"",
    ""group_smarts"": ""c-Cl"",
    ""atom_specific_smarts"": ""[c:1;r6]-Cl"",
    ""description"": ""Benzene carbon directly bonded to Cl. Nearest neighbors: aromatic carbons and chlorine."",
    ""uncertainty"": ""10""
  },
  {
    ""atom_type"": 1011,
    ""element"": ""C"",
    ""chemical_environment"": ""Primary iodoalkane carbon (including methyl iodide) bonded to iodine."",
    ""functional_group"": ""alkyl iodide (primary) C–I carbon"",
    ""hybridization"": ""sp3 (tetrahedral)"",
    ""example_molecule_smiles"": ""CI"",
    ""group_smarts"": ""[C;X4;H2,H3]-I"",
    ""atom_specific_smarts"": ""[C;X4;H2,H3:1]-I"",
    ""description"": ""sp3 carbon with two or three hydrogens directly bonded to iodine (methyl or primary iodides). Nearest neighbor: I."",
    ""uncertainty"": ""15""
  },
  {
    ""atom_type"": 1012,
    ""element"": ""C"",
    ""chemical_environment"": ""Secondary iodoalkane carbon bonded to iodine."",
    ""functional_group"": ""alkyl iodide (secondary) C–I carbon"",
    ""hybridization"": ""sp3 (tetrahedral)"",
    ""example_molecule_smiles"": ""CC(C)I"",
    ""group_smarts"": ""[CH;X4](-I)(-[C;X4])-[C;X4]"",
    ""atom_specific_smarts"": ""[CH;X4:1](-I)(-[C;X4])-[C;X4]"",
    ""description"": ""sp3 carbon with one hydrogen, attached to two carbons and iodine."",
    ""uncertainty"": ""15""
  },
  {
    ""atom_type"": 1013,
    ""element"": ""C"",
    ""chemical_environment"": ""Tertiary iodoalkane carbon bonded to iodine."",
    ""functional_group"": ""alkyl iodide (tertiary) C–I carbon"",
    ""hybridization"": ""sp3 (tetrahedral)"",
    ""example_molecule_smiles"": ""CC(C)(C)I"",
    ""group_smarts"": ""[CX4H0](-I)(-[C;X4])-[C;X4]"",
    ""atom_specific_smarts"": ""[CX4H0:1](-I)(-[C;X4])-[C;X4]"",
    ""description"": ""sp3 quaternary carbon attached to iodine and two (additional) carbons (total three carbons)."",
    ""uncertainty"": ""15""
  },
  {
    ""atom_type"": 1016,
    ""element"": ""C"",
    ""chemical_environment"": ""Aromatic ipso carbon bearing bromine in bromobenzene."",
    ""functional_group"": ""aryl bromide ipso carbon"",
    ""hybridization"": ""sp2 (aromatic)"",
    ""example_molecule_smiles"": ""Brc1ccccc1"",
    ""group_smarts"": ""c-Br"",
    ""atom_specific_smarts"": ""[c:1;r6]-Br"",
    ""description"": ""Benzene carbon directly bonded to Br. Nearest neighbors: aromatic carbons and bromine."",
    ""uncertainty"": ""10""
  },
  {
    ""atom_type"": 1018,
    ""element"": ""C"",
    ""chemical_environment"": ""Aromatic ipso carbon bearing iodine in iodobenzene."",
    ""functional_group"": ""aryl iodide ipso carbon"",
    ""hybridization"": ""sp2 (aromatic)"",
    ""example_molecule_smiles"": ""Ic1ccccc1"",
    ""group_smarts"": ""c-I"",
    ""atom_specific_smarts"": ""[c:1;r6]-I"",
    ""description"": ""Benzene carbon directly bonded to I. Nearest neighbors: aromatic carbons and iodine."",
    ""uncertainty"": ""10""
  },
  {
    ""atom_type"": 1022,
    ""element"": ""C"",
    ""chemical_environment"": ""Aromatic ipso carbon on the N of an N-phenyl sulfonamide (Ar–N–S(=O)2)."",
    ""functional_group"": ""N-phenyl sulfonamide ipso aryl carbon"",
    ""hybridization"": ""sp2 (aromatic)"",
    ""example_molecule_smiles"": ""O=S(=O)(C)Nc1ccccc1"",
    ""group_smarts"": ""c-[N;X3]-S(=O)(=O)"",
    ""atom_specific_smarts"": ""[c:1;r6]-[N;X3]-S(=O)(=O)"",
    ""description"": ""Ipso benzene carbon bonded to a sulfonamide nitrogen that is attached to a sulfonyl group. Nearest neighbors: aryl C and sulfonamide N."",
    ""uncertainty"": ""25""
  },
  {
    ""atom_type"": 1026,
    ""element"": ""C"",
    ""chemical_environment"": ""Epoxide (oxirane) ring CH2 carbon."",
    ""functional_group"": ""epoxide ring carbon (CH2)"",
    ""hybridization"": ""sp3 (strained tetrahedral)"",
    ""example_molecule_smiles"": ""C1CO1"",
    ""group_smarts"": ""[CH2;R3]-[O;R3]-[C;R3]"",
    ""atom_specific_smarts"": ""[CH2;R3:1]-[O;R3]-[C;R3]"",
    ""description"": ""Three-membered cyclic ether carbon bearing two hydrogens and bonded to ring oxygen. Nearest neighbors: ring O and ring C."",
    ""uncertainty"": ""15""
  },
  {
    ""atom_type"": 1027,
    ""element"": ""C"",
    ""chemical_environment"": ""Epoxide (oxirane) ring CH carbon (monosubstituted)."",
    ""functional_group"": ""epoxide ring carbon (CH)"",
    ""hybridization"": ""sp3 (strained tetrahedral)"",
    ""example_molecule_smiles"": ""CC1CO1"",
    ""group_smarts"": ""[CH;R3]-[O;R3]-[C;R3]"",
    ""atom_specific_smarts"": ""[CH;R3:1]-[O;R3]-[C;R3]"",
    ""description"": ""Three-membered cyclic ether carbon bearing one hydrogen and bonded to ring oxygen. Nearest neighbors: ring O and ring C."",
    ""uncertainty"": ""15""
  }
]"
1018,0.15,C  - CA   | C(I) iodobenzene with X site,12.011,oplsaa.lt,C,6,"Convert the following OPLS-AA atom type rows:

Atom Type Data:
- Atom index: 988
- Force field raw info: C  - CA   | ipso C in N-methyl,N-phenylacetamide
- Partial charge: -0.045
- Atomic mass: 12.011
- Element guess: C
- Atomic number: 6
- Source file: oplsaa.lt


Atom Type Data:
- Atom index: 989
- Force field raw info: C  - CT   | C in CH2NR2 - benzyl amines; C(CH2NH2) is
- Partial charge: 0.145
- Atomic mass: 12.011
- Element guess: C
- Atomic number: 6
- Source file: oplsaa.lt


Atom Type Data:
- Atom index: 990
- Force field raw info: C  - C~   | C in hydroxamic acid jtr 11/98
- Partial charge: 0.888
- Atomic mass: 12.011
- Element guess: C
- Atomic number: 6
- Source file: oplsaa.lt


Atom Type Data:
- Atom index: 991
- Force field raw info: C  - C~   | C in aromatic hydroxamic aciT
- Partial charge: 1.003
- Atomic mass: 12.011
- Element guess: C
- Atomic number: 6
- Source file: oplsaa.lt


Atom Type Data:
- Atom index: 997
- Force field raw info: C  - CT   | C in CHROR - benzyl ethers; C(CHROR) is
- Partial charge: 0.225
- Atomic mass: 12.011
- Element guess: C
- Atomic number: 6
- Source file: oplsaa.lt


Atom Type Data:
- Atom index: 998
- Force field raw info: C  - CT   | C in CRROR - benzyl ethers; C(CRROR) is
- Partial charge: 0.255
- Atomic mass: 12.011
- Element guess: C
- Atomic number: 6
- Source file: oplsaa.lt


Atom Type Data:
- Atom index: 1000
- Force field raw info: C  - C!   | 3-phenyl pyrrole C3
- Partial charge: -0.034
- Atomic mass: 12.011
- Element guess: C
- Atomic number: 6
- Source file: oplsaa.lt


Atom Type Data:
- Atom index: 1001
- Force field raw info: C  - C!   | 3-phenyl pyrrole C3'
- Partial charge: 0.003
- Atomic mass: 12.011
- Element guess: C
- Atomic number: 6
- Source file: oplsaa.lt


Atom Type Data:
- Atom index: 1002
- Force field raw info: C  - C!   | 4-phenyl imidazole C4
- Partial charge: 0.3
- Atomic mass: 12.011
- Element guess: C
- Atomic number: 6
- Source file: oplsaa.lt


Atom Type Data:
- Atom index: 1003
- Force field raw info: C  - C!   | 4-phenyl imidazole C4'
- Partial charge: -0.04
- Atomic mass: 12.011
- Element guess: C
- Atomic number: 6
- Source file: oplsaa.lt


Atom Type Data:
- Atom index: 1004
- Force field raw info: C  - CA   | diphenylmethane Cipso
- Partial charge: -0.0575
- Atomic mass: 12.011
- Element guess: C
- Atomic number: 6
- Source file: oplsaa.lt


Atom Type Data:
- Atom index: 1009
- Force field raw info: C  - CA   | C(Cl) chlorobenzene with X site
- Partial charge: 0.175
- Atomic mass: 12.011
- Element guess: C
- Atomic number: 6
- Source file: oplsaa.lt


Atom Type Data:
- Atom index: 1011
- Force field raw info: C  - CT   | C(I) iodoalkane - tentative - primary
- Partial charge: -0.07
- Atomic mass: 12.011
- Element guess: C
- Atomic number: 6
- Source file: oplsaa.lt


Atom Type Data:
- Atom index: 1012
- Force field raw info: C  - CT   | C(I) iodoalkane - tentative - secondary
- Partial charge: 0.03
- Atomic mass: 12.011
- Element guess: C
- Atomic number: 6
- Source file: oplsaa.lt


Atom Type Data:
- Atom index: 1013
- Force field raw info: C  - CT   | C(I) iodoalkane - tentative - tertiary
- Partial charge: 0.13
- Atomic mass: 12.011
- Element guess: C
- Atomic number: 6
- Source file: oplsaa.lt


Atom Type Data:
- Atom index: 1016
- Force field raw info: C  - CA   | C(Br) bromobenzene with X site
- Partial charge: 0.17
- Atomic mass: 12.011
- Element guess: C
- Atomic number: 6
- Source file: oplsaa.lt


Atom Type Data:
- Atom index: 1018
- Force field raw info: C  - CA   | C(I) iodobenzene with X site
- Partial charge: 0.15
- Atomic mass: 12.011
- Element guess: C
- Atomic number: 6
- Source file: oplsaa.lt


Atom Type Data:
- Atom index: 1022
- Force field raw info: C  - CA   | benzene C on N of N-phenyl sulfonamide
- Partial charge: 0.155
- Atomic mass: 12.011
- Element guess: C
- Atomic number: 6
- Source file: oplsaa.lt


Atom Type Data:
- Atom index: 1026
- Force field raw info: C  - CY   | CH2 epoxide
- Partial charge: 0.14
- Atomic mass: 12.011
- Element guess: C
- Atomic number: 6
- Source file: oplsaa.lt


Atom Type Data:
- Atom index: 1027
- Force field raw info: C  - CY   | CH epoxide
- Partial charge: 0.17
- Atomic mass: 12.011
- Element guess: C
- Atomic number: 6
- Source file: oplsaa.lt
","[
  {
    ""atom_type"": 988,
    ""element"": ""C"",
    ""chemical_environment"": ""Aromatic ipso carbon bonded to an amide nitrogen (N-aryl amide, anilide)."",
    ""functional_group"": ""anilide (N-aryl amide) ipso aryl carbon"",
    ""hybridization"": ""sp2 (aromatic)"",
    ""example_molecule_smiles"": ""CC(=O)N(C)c1ccccc1"",
    ""group_smarts"": ""c-[N;X3;H0;$([N]-[C](=O)-*)]"",
    ""atom_specific_smarts"": ""[c:1]-[N;X3;H0;$([N]-[C](=O)-*)]"",
    ""description"": ""Ipso benzene carbon directly bonded to an amide N that itself is bound to a carbonyl (N-acyl). Nearest neighbors: aromatic C and amide N(sp2)."",
    ""uncertainty"": ""20""
  },
  {
    ""atom_type"": 989,
    ""element"": ""C"",
    ""chemical_environment"": ""Benzylic methylene attached to an amine nitrogen (benzyl amines: Ar-CH2-NR2)."",
    ""functional_group"": ""benzyl amine benzylic carbon"",
    ""hybridization"": ""sp3 (tetrahedral)"",
    ""example_molecule_smiles"": ""c1ccccc1CN(C)C"",
    ""group_smarts"": ""[CH2]-[N;X3]-[!#1]"",
    ""atom_specific_smarts"": ""[CH2:1](-[N;X3])-[c;r6]"",
    ""description"": ""The CH2 between an aromatic ring and an amine N (primary/secondary/tertiary amines). Nearest neighbors: aromatic sp2 C and amine N(sp3)."",
    ""uncertainty"": ""25""
  },
  {
    ""atom_type"": 990,
    ""element"": ""C"",
    ""chemical_environment"": ""Carbonyl carbon of a hydroxamic acid (R-C(=O)-N(-OH)-H/R)."",
    ""functional_group"": ""hydroxamic acid carbonyl"",
    ""hybridization"": ""sp2 (carbonyl)"",
    ""example_molecule_smiles"": ""CC(=O)NO"",
    ""group_smarts"": ""[C](=O)-[N]-O[H]"",
    ""atom_specific_smarts"": ""[C:1](=O)-[N]-O[H]"",
    ""description"": ""Acyl carbon attached to both a carbonyl oxygen and an N bearing a hydroxyl substituent (N–OH). Nearest neighbors: O(sp2) and N(sp2/sp3)."",
    ""uncertainty"": ""15""
  },
  {
    ""atom_type"": 991,
    ""element"": ""C"",
    ""chemical_environment"": ""Carbonyl carbon of an aromatic hydroxamic acid (Ar-C(=O)-N(-OH)-R/H)."",
    ""functional_group"": ""aromatic hydroxamic acid carbonyl"",
    ""hybridization"": ""sp2 (carbonyl)"",
    ""example_molecule_smiles"": ""O=C(NO)c1ccccc1"",
    ""group_smarts"": ""[C](=O)(-[c;r6])-[N]-O[H]"",
    ""atom_specific_smarts"": ""[C:1](=O)(-[c;r6])-[N]-O[H]"",
    ""description"": ""Hydroxamic acid carbonyl with an aryl substituent on the acyl side. Nearest neighbors: aryl sp2 C, O(sp2), and N."",
    ""uncertainty"": ""35""
  },
  {
    ""atom_type"": 997,
    ""element"": ""C"",
    ""chemical_environment"": ""Secondary benzylic carbon bearing an ether substituent (Ar-CH(OR)-R)."",
    ""functional_group"": ""benzyl ether, secondary benzylic center"",
    ""hybridization"": ""sp3 (tetrahedral)"",
    ""example_molecule_smiles"": ""COC(C)c1ccccc1"",
    ""group_smarts"": ""[CH](-[O;X2]-*)-[c;r6]"",
    ""atom_specific_smarts"": ""[CH:1](-[O;X2]-*)-[c;r6]"",
    ""description"": ""Benzylic CH attached to an ether oxygen and an aromatic ring (plus one carbon). Nearest neighbors: O(sp3) and aryl C."",
    ""uncertainty"": ""25""
  },
  {
    ""atom_type"": 998,
    ""element"": ""C"",
    ""chemical_environment"": ""Tertiary benzylic carbon bearing an ether substituent (Ar-C(OR)(R)R)."",
    ""functional_group"": ""benzyl ether, tertiary benzylic center"",
    ""hybridization"": ""sp3 (tetrahedral)"",
    ""example_molecule_smiles"": ""COC(C)(C)c1ccccc1"",
    ""group_smarts"": ""[CX4H0](-[O;X2]-*)(-[c;r6])-[C;X4]"",
    ""atom_specific_smarts"": ""[CX4H0:1](-[O;X2]-*)(-[c;r6])-[C;X4]"",
    ""description"": ""Benzylic quaternary center connected to an ether oxygen, an aryl carbon, and another carbon. Nearest neighbors: O(sp3), aryl C, alkyl C."",
    ""uncertainty"": ""25""
  },
  {
    ""atom_type"": 1000,
    ""element"": ""C"",
    ""chemical_environment"": ""Pyrrole ring carbon at C3 (beta) bonded to a phenyl ring in 3-phenylpyrrole."",
    ""functional_group"": ""biaryl linkage (pyrrole–phenyl) at pyrrole C3"",
    ""hybridization"": ""sp2 (aromatic)"",
    ""example_molecule_smiles"": ""c1c(-c2ccccc2)[nH]cc1"",
    ""group_smarts"": ""[c;r5;$(*~[nH;r5])]-[c;r6]"",
    ""atom_specific_smarts"": ""[c:1;r5;$(*~[nH;r5])]-[c;r6]"",
    ""description"": ""The beta aromatic carbon of a 1H-pyrrole ring that forms the biaryl bond to a benzene carbon. Nearest neighbors: two ring sp2 atoms in pyrrole and one aryl sp2 C."",
    ""uncertainty"": ""70""
  },
  {
    ""atom_type"": 1001,
    ""element"": ""C"",
    ""chemical_environment"": ""Phenyl ipso carbon bonded to the pyrrole ring in 3-phenylpyrrole."",
    ""functional_group"": ""biaryl linkage (phenyl–pyrrole) ipso aryl carbon"",
    ""hybridization"": ""sp2 (aromatic)"",
    ""example_molecule_smiles"": ""c1c(-c2ccccc2)[nH]cc1"",
    ""group_smarts"": ""[c;r6]-[c;r5;$(*~[nH;r5])]"",
    ""atom_specific_smarts"": ""[c:1;r6]-[c;r5;$(*~[nH;r5])]"",
    ""description"": ""The benzene ipso carbon that connects directly to a pyrrole aromatic carbon. Nearest neighbor: an sp2 carbon in a 1H-pyrrole ring."",
    ""uncertainty"": ""70""
  },
  {
    ""atom_type"": 1002,
    ""element"": ""C"",
    ""chemical_environment"": ""Imidazole ring carbon at C4 bonded to a phenyl ring in 4-phenylimidazole."",
    ""functional_group"": ""biaryl linkage (imidazole–phenyl) at imidazole C4"",
    ""hybridization"": ""sp2 (aromatic)"",
    ""example_molecule_smiles"": ""c1ncc([nH]1)c2ccccc2"",
    ""group_smarts"": ""[c;r5;$(*~[n;r5]);$(*~[nH;r5])]-[c;r6]"",
    ""atom_specific_smarts"": ""[c:1;r5;$(*~[n;r5]);$(*~[nH;r5])]-[c;r6]"",
    ""description"": ""An imidazole aromatic carbon that forms the biaryl bond to benzene; the five-member ring contains one [n] and one [nH]. Nearest neighbors: imidazole ring atoms and an aryl sp2 carbon."",
    ""uncertainty"": ""70""
  },
  {
    ""atom_type"": 1003,
    ""element"": ""C"",
    ""chemical_environment"": ""Phenyl ipso carbon bonded to an imidazole ring in 4-phenylimidazole."",
    ""functional_group"": ""biaryl linkage (phenyl–imidazole) ipso aryl carbon"",
    ""hybridization"": ""sp2 (aromatic)"",
    ""example_molecule_smiles"": ""c1ncc([nH]1)c2ccccc2"",
    ""group_smarts"": ""[c;r6]-[c;r5;$(*~[n;r5]);$(*~[nH;r5])]"",
    ""atom_specific_smarts"": ""[c:1;r6]-[c;r5;$(*~[n;r5]);$(*~[nH;r5])]"",
    ""description"": ""Benzene ipso carbon directly connected to an imidazole aromatic carbon. Nearest neighbor: sp2 C in an imidazole ring."",
    ""uncertainty"": ""70""
  },
  {
    ""atom_type"": 1004,
    ""element"": ""C"",
    ""chemical_environment"": ""Aromatic ipso carbon in diphenylmethane (Ph-CH2-Ph)."",
    ""functional_group"": ""diphenylmethane ipso aryl carbon"",
    ""hybridization"": ""sp2 (aromatic)"",
    ""example_molecule_smiles"": ""c1ccccc1CH2c2ccccc2"",
    ""group_smarts"": ""c-[CH2]-[c;r6]"",
    ""atom_specific_smarts"": ""[c:1;r6]-[CH2]-[c;r6]"",
    ""description"": ""Ipso benzene carbon bonded to a benzylic methylene that connects to a second aryl ring. Nearest neighbor: benzylic CH2."",
    ""uncertainty"": ""25""
  },
  {
    ""atom_type"": 1009,
    ""element"": ""C"",
    ""chemical_environment"": ""Aromatic ipso carbon bearing chlorine in chlorobenzene."",
    ""functional_group"": ""aryl chloride ipso carbon"",
    ""hybridization"": ""sp2 (aromatic)"",
    ""example_molecule_smiles"": ""Clc1ccccc1"",
    ""group_smarts"": ""c-Cl"",
    ""atom_specific_smarts"": ""[c:1;r6]-Cl"",
    ""description"": ""Benzene carbon directly bonded to Cl. Nearest neighbors: aromatic carbons and chlorine."",
    ""uncertainty"": ""10""
  },
  {
    ""atom_type"": 1011,
    ""element"": ""C"",
    ""chemical_environment"": ""Primary iodoalkane carbon (including methyl iodide) bonded to iodine."",
    ""functional_group"": ""alkyl iodide (primary) C–I carbon"",
    ""hybridization"": ""sp3 (tetrahedral)"",
    ""example_molecule_smiles"": ""CI"",
    ""group_smarts"": ""[C;X4;H2,H3]-I"",
    ""atom_specific_smarts"": ""[C;X4;H2,H3:1]-I"",
    ""description"": ""sp3 carbon with two or three hydrogens directly bonded to iodine (methyl or primary iodides). Nearest neighbor: I."",
    ""uncertainty"": ""15""
  },
  {
    ""atom_type"": 1012,
    ""element"": ""C"",
    ""chemical_environment"": ""Secondary iodoalkane carbon bonded to iodine."",
    ""functional_group"": ""alkyl iodide (secondary) C–I carbon"",
    ""hybridization"": ""sp3 (tetrahedral)"",
    ""example_molecule_smiles"": ""CC(C)I"",
    ""group_smarts"": ""[CH;X4](-I)(-[C;X4])-[C;X4]"",
    ""atom_specific_smarts"": ""[CH;X4:1](-I)(-[C;X4])-[C;X4]"",
    ""description"": ""sp3 carbon with one hydrogen, attached to two carbons and iodine."",
    ""uncertainty"": ""15""
  },
  {
    ""atom_type"": 1013,
    ""element"": ""C"",
    ""chemical_environment"": ""Tertiary iodoalkane carbon bonded to iodine."",
    ""functional_group"": ""alkyl iodide (tertiary) C–I carbon"",
    ""hybridization"": ""sp3 (tetrahedral)"",
    ""example_molecule_smiles"": ""CC(C)(C)I"",
    ""group_smarts"": ""[CX4H0](-I)(-[C;X4])-[C;X4]"",
    ""atom_specific_smarts"": ""[CX4H0:1](-I)(-[C;X4])-[C;X4]"",
    ""description"": ""sp3 quaternary carbon attached to iodine and two (additional) carbons (total three carbons)."",
    ""uncertainty"": ""15""
  },
  {
    ""atom_type"": 1016,
    ""element"": ""C"",
    ""chemical_environment"": ""Aromatic ipso carbon bearing bromine in bromobenzene."",
    ""functional_group"": ""aryl bromide ipso carbon"",
    ""hybridization"": ""sp2 (aromatic)"",
    ""example_molecule_smiles"": ""Brc1ccccc1"",
    ""group_smarts"": ""c-Br"",
    ""atom_specific_smarts"": ""[c:1;r6]-Br"",
    ""description"": ""Benzene carbon directly bonded to Br. Nearest neighbors: aromatic carbons and bromine."",
    ""uncertainty"": ""10""
  },
  {
    ""atom_type"": 1018,
    ""element"": ""C"",
    ""chemical_environment"": ""Aromatic ipso carbon bearing iodine in iodobenzene."",
    ""functional_group"": ""aryl iodide ipso carbon"",
    ""hybridization"": ""sp2 (aromatic)"",
    ""example_molecule_smiles"": ""Ic1ccccc1"",
    ""group_smarts"": ""c-I"",
    ""atom_specific_smarts"": ""[c:1;r6]-I"",
    ""description"": ""Benzene carbon directly bonded to I. Nearest neighbors: aromatic carbons and iodine."",
    ""uncertainty"": ""10""
  },
  {
    ""atom_type"": 1022,
    ""element"": ""C"",
    ""chemical_environment"": ""Aromatic ipso carbon on the N of an N-phenyl sulfonamide (Ar–N–S(=O)2)."",
    ""functional_group"": ""N-phenyl sulfonamide ipso aryl carbon"",
    ""hybridization"": ""sp2 (aromatic)"",
    ""example_molecule_smiles"": ""O=S(=O)(C)Nc1ccccc1"",
    ""group_smarts"": ""c-[N;X3]-S(=O)(=O)"",
    ""atom_specific_smarts"": ""[c:1;r6]-[N;X3]-S(=O)(=O)"",
    ""description"": ""Ipso benzene carbon bonded to a sulfonamide nitrogen that is attached to a sulfonyl group. Nearest neighbors: aryl C and sulfonamide N."",
    ""uncertainty"": ""25""
  },
  {
    ""atom_type"": 1026,
    ""element"": ""C"",
    ""chemical_environment"": ""Epoxide (oxirane) ring CH2 carbon."",
    ""functional_group"": ""epoxide ring carbon (CH2)"",
    ""hybridization"": ""sp3 (strained tetrahedral)"",
    ""example_molecule_smiles"": ""C1CO1"",
    ""group_smarts"": ""[CH2;R3]-[O;R3]-[C;R3]"",
    ""atom_specific_smarts"": ""[CH2;R3:1]-[O;R3]-[C;R3]"",
    ""description"": ""Three-membered cyclic ether carbon bearing two hydrogens and bonded to ring oxygen. Nearest neighbors: ring O and ring C."",
    ""uncertainty"": ""15""
  },
  {
    ""atom_type"": 1027,
    ""element"": ""C"",
    ""chemical_environment"": ""Epoxide (oxirane) ring CH carbon (monosubstituted)."",
    ""functional_group"": ""epoxide ring carbon (CH)"",
    ""hybridization"": ""sp3 (strained tetrahedral)"",
    ""example_molecule_smiles"": ""CC1CO1"",
    ""group_smarts"": ""[CH;R3]-[O;R3]-[C;R3]"",
    ""atom_specific_smarts"": ""[CH;R3:1]-[O;R3]-[C;R3]"",
    ""description"": ""Three-membered cyclic ether carbon bearing one hydrogen and bonded to ring oxygen. Nearest neighbors: ring O and ring C."",
    ""uncertainty"": ""15""
  }
]"
1022,0.155,C  - CA   | benzene C on N of N-phenyl sulfonamide,12.011,oplsaa.lt,C,6,"Convert the following OPLS-AA atom type rows:

Atom Type Data:
- Atom index: 988
- Force field raw info: C  - CA   | ipso C in N-methyl,N-phenylacetamide
- Partial charge: -0.045
- Atomic mass: 12.011
- Element guess: C
- Atomic number: 6
- Source file: oplsaa.lt


Atom Type Data:
- Atom index: 989
- Force field raw info: C  - CT   | C in CH2NR2 - benzyl amines; C(CH2NH2) is
- Partial charge: 0.145
- Atomic mass: 12.011
- Element guess: C
- Atomic number: 6
- Source file: oplsaa.lt


Atom Type Data:
- Atom index: 990
- Force field raw info: C  - C~   | C in hydroxamic acid jtr 11/98
- Partial charge: 0.888
- Atomic mass: 12.011
- Element guess: C
- Atomic number: 6
- Source file: oplsaa.lt


Atom Type Data:
- Atom index: 991
- Force field raw info: C  - C~   | C in aromatic hydroxamic aciT
- Partial charge: 1.003
- Atomic mass: 12.011
- Element guess: C
- Atomic number: 6
- Source file: oplsaa.lt


Atom Type Data:
- Atom index: 997
- Force field raw info: C  - CT   | C in CHROR - benzyl ethers; C(CHROR) is
- Partial charge: 0.225
- Atomic mass: 12.011
- Element guess: C
- Atomic number: 6
- Source file: oplsaa.lt


Atom Type Data:
- Atom index: 998
- Force field raw info: C  - CT   | C in CRROR - benzyl ethers; C(CRROR) is
- Partial charge: 0.255
- Atomic mass: 12.011
- Element guess: C
- Atomic number: 6
- Source file: oplsaa.lt


Atom Type Data:
- Atom index: 1000
- Force field raw info: C  - C!   | 3-phenyl pyrrole C3
- Partial charge: -0.034
- Atomic mass: 12.011
- Element guess: C
- Atomic number: 6
- Source file: oplsaa.lt


Atom Type Data:
- Atom index: 1001
- Force field raw info: C  - C!   | 3-phenyl pyrrole C3'
- Partial charge: 0.003
- Atomic mass: 12.011
- Element guess: C
- Atomic number: 6
- Source file: oplsaa.lt


Atom Type Data:
- Atom index: 1002
- Force field raw info: C  - C!   | 4-phenyl imidazole C4
- Partial charge: 0.3
- Atomic mass: 12.011
- Element guess: C
- Atomic number: 6
- Source file: oplsaa.lt


Atom Type Data:
- Atom index: 1003
- Force field raw info: C  - C!   | 4-phenyl imidazole C4'
- Partial charge: -0.04
- Atomic mass: 12.011
- Element guess: C
- Atomic number: 6
- Source file: oplsaa.lt


Atom Type Data:
- Atom index: 1004
- Force field raw info: C  - CA   | diphenylmethane Cipso
- Partial charge: -0.0575
- Atomic mass: 12.011
- Element guess: C
- Atomic number: 6
- Source file: oplsaa.lt


Atom Type Data:
- Atom index: 1009
- Force field raw info: C  - CA   | C(Cl) chlorobenzene with X site
- Partial charge: 0.175
- Atomic mass: 12.011
- Element guess: C
- Atomic number: 6
- Source file: oplsaa.lt


Atom Type Data:
- Atom index: 1011
- Force field raw info: C  - CT   | C(I) iodoalkane - tentative - primary
- Partial charge: -0.07
- Atomic mass: 12.011
- Element guess: C
- Atomic number: 6
- Source file: oplsaa.lt


Atom Type Data:
- Atom index: 1012
- Force field raw info: C  - CT   | C(I) iodoalkane - tentative - secondary
- Partial charge: 0.03
- Atomic mass: 12.011
- Element guess: C
- Atomic number: 6
- Source file: oplsaa.lt


Atom Type Data:
- Atom index: 1013
- Force field raw info: C  - CT   | C(I) iodoalkane - tentative - tertiary
- Partial charge: 0.13
- Atomic mass: 12.011
- Element guess: C
- Atomic number: 6
- Source file: oplsaa.lt


Atom Type Data:
- Atom index: 1016
- Force field raw info: C  - CA   | C(Br) bromobenzene with X site
- Partial charge: 0.17
- Atomic mass: 12.011
- Element guess: C
- Atomic number: 6
- Source file: oplsaa.lt


Atom Type Data:
- Atom index: 1018
- Force field raw info: C  - CA   | C(I) iodobenzene with X site
- Partial charge: 0.15
- Atomic mass: 12.011
- Element guess: C
- Atomic number: 6
- Source file: oplsaa.lt


Atom Type Data:
- Atom index: 1022
- Force field raw info: C  - CA   | benzene C on N of N-phenyl sulfonamide
- Partial charge: 0.155
- Atomic mass: 12.011
- Element guess: C
- Atomic number: 6
- Source file: oplsaa.lt


Atom Type Data:
- Atom index: 1026
- Force field raw info: C  - CY   | CH2 epoxide
- Partial charge: 0.14
- Atomic mass: 12.011
- Element guess: C
- Atomic number: 6
- Source file: oplsaa.lt


Atom Type Data:
- Atom index: 1027
- Force field raw info: C  - CY   | CH epoxide
- Partial charge: 0.17
- Atomic mass: 12.011
- Element guess: C
- Atomic number: 6
- Source file: oplsaa.lt
","[
  {
    ""atom_type"": 988,
    ""element"": ""C"",
    ""chemical_environment"": ""Aromatic ipso carbon bonded to an amide nitrogen (N-aryl amide, anilide)."",
    ""functional_group"": ""anilide (N-aryl amide) ipso aryl carbon"",
    ""hybridization"": ""sp2 (aromatic)"",
    ""example_molecule_smiles"": ""CC(=O)N(C)c1ccccc1"",
    ""group_smarts"": ""c-[N;X3;H0;$([N]-[C](=O)-*)]"",
    ""atom_specific_smarts"": ""[c:1]-[N;X3;H0;$([N]-[C](=O)-*)]"",
    ""description"": ""Ipso benzene carbon directly bonded to an amide N that itself is bound to a carbonyl (N-acyl). Nearest neighbors: aromatic C and amide N(sp2)."",
    ""uncertainty"": ""20""
  },
  {
    ""atom_type"": 989,
    ""element"": ""C"",
    ""chemical_environment"": ""Benzylic methylene attached to an amine nitrogen (benzyl amines: Ar-CH2-NR2)."",
    ""functional_group"": ""benzyl amine benzylic carbon"",
    ""hybridization"": ""sp3 (tetrahedral)"",
    ""example_molecule_smiles"": ""c1ccccc1CN(C)C"",
    ""group_smarts"": ""[CH2]-[N;X3]-[!#1]"",
    ""atom_specific_smarts"": ""[CH2:1](-[N;X3])-[c;r6]"",
    ""description"": ""The CH2 between an aromatic ring and an amine N (primary/secondary/tertiary amines). Nearest neighbors: aromatic sp2 C and amine N(sp3)."",
    ""uncertainty"": ""25""
  },
  {
    ""atom_type"": 990,
    ""element"": ""C"",
    ""chemical_environment"": ""Carbonyl carbon of a hydroxamic acid (R-C(=O)-N(-OH)-H/R)."",
    ""functional_group"": ""hydroxamic acid carbonyl"",
    ""hybridization"": ""sp2 (carbonyl)"",
    ""example_molecule_smiles"": ""CC(=O)NO"",
    ""group_smarts"": ""[C](=O)-[N]-O[H]"",
    ""atom_specific_smarts"": ""[C:1](=O)-[N]-O[H]"",
    ""description"": ""Acyl carbon attached to both a carbonyl oxygen and an N bearing a hydroxyl substituent (N–OH). Nearest neighbors: O(sp2) and N(sp2/sp3)."",
    ""uncertainty"": ""15""
  },
  {
    ""atom_type"": 991,
    ""element"": ""C"",
    ""chemical_environment"": ""Carbonyl carbon of an aromatic hydroxamic acid (Ar-C(=O)-N(-OH)-R/H)."",
    ""functional_group"": ""aromatic hydroxamic acid carbonyl"",
    ""hybridization"": ""sp2 (carbonyl)"",
    ""example_molecule_smiles"": ""O=C(NO)c1ccccc1"",
    ""group_smarts"": ""[C](=O)(-[c;r6])-[N]-O[H]"",
    ""atom_specific_smarts"": ""[C:1](=O)(-[c;r6])-[N]-O[H]"",
    ""description"": ""Hydroxamic acid carbonyl with an aryl substituent on the acyl side. Nearest neighbors: aryl sp2 C, O(sp2), and N."",
    ""uncertainty"": ""35""
  },
  {
    ""atom_type"": 997,
    ""element"": ""C"",
    ""chemical_environment"": ""Secondary benzylic carbon bearing an ether substituent (Ar-CH(OR)-R)."",
    ""functional_group"": ""benzyl ether, secondary benzylic center"",
    ""hybridization"": ""sp3 (tetrahedral)"",
    ""example_molecule_smiles"": ""COC(C)c1ccccc1"",
    ""group_smarts"": ""[CH](-[O;X2]-*)-[c;r6]"",
    ""atom_specific_smarts"": ""[CH:1](-[O;X2]-*)-[c;r6]"",
    ""description"": ""Benzylic CH attached to an ether oxygen and an aromatic ring (plus one carbon). Nearest neighbors: O(sp3) and aryl C."",
    ""uncertainty"": ""25""
  },
  {
    ""atom_type"": 998,
    ""element"": ""C"",
    ""chemical_environment"": ""Tertiary benzylic carbon bearing an ether substituent (Ar-C(OR)(R)R)."",
    ""functional_group"": ""benzyl ether, tertiary benzylic center"",
    ""hybridization"": ""sp3 (tetrahedral)"",
    ""example_molecule_smiles"": ""COC(C)(C)c1ccccc1"",
    ""group_smarts"": ""[CX4H0](-[O;X2]-*)(-[c;r6])-[C;X4]"",
    ""atom_specific_smarts"": ""[CX4H0:1](-[O;X2]-*)(-[c;r6])-[C;X4]"",
    ""description"": ""Benzylic quaternary center connected to an ether oxygen, an aryl carbon, and another carbon. Nearest neighbors: O(sp3), aryl C, alkyl C."",
    ""uncertainty"": ""25""
  },
  {
    ""atom_type"": 1000,
    ""element"": ""C"",
    ""chemical_environment"": ""Pyrrole ring carbon at C3 (beta) bonded to a phenyl ring in 3-phenylpyrrole."",
    ""functional_group"": ""biaryl linkage (pyrrole–phenyl) at pyrrole C3"",
    ""hybridization"": ""sp2 (aromatic)"",
    ""example_molecule_smiles"": ""c1c(-c2ccccc2)[nH]cc1"",
    ""group_smarts"": ""[c;r5;$(*~[nH;r5])]-[c;r6]"",
    ""atom_specific_smarts"": ""[c:1;r5;$(*~[nH;r5])]-[c;r6]"",
    ""description"": ""The beta aromatic carbon of a 1H-pyrrole ring that forms the biaryl bond to a benzene carbon. Nearest neighbors: two ring sp2 atoms in pyrrole and one aryl sp2 C."",
    ""uncertainty"": ""70""
  },
  {
    ""atom_type"": 1001,
    ""element"": ""C"",
    ""chemical_environment"": ""Phenyl ipso carbon bonded to the pyrrole ring in 3-phenylpyrrole."",
    ""functional_group"": ""biaryl linkage (phenyl–pyrrole) ipso aryl carbon"",
    ""hybridization"": ""sp2 (aromatic)"",
    ""example_molecule_smiles"": ""c1c(-c2ccccc2)[nH]cc1"",
    ""group_smarts"": ""[c;r6]-[c;r5;$(*~[nH;r5])]"",
    ""atom_specific_smarts"": ""[c:1;r6]-[c;r5;$(*~[nH;r5])]"",
    ""description"": ""The benzene ipso carbon that connects directly to a pyrrole aromatic carbon. Nearest neighbor: an sp2 carbon in a 1H-pyrrole ring."",
    ""uncertainty"": ""70""
  },
  {
    ""atom_type"": 1002,
    ""element"": ""C"",
    ""chemical_environment"": ""Imidazole ring carbon at C4 bonded to a phenyl ring in 4-phenylimidazole."",
    ""functional_group"": ""biaryl linkage (imidazole–phenyl) at imidazole C4"",
    ""hybridization"": ""sp2 (aromatic)"",
    ""example_molecule_smiles"": ""c1ncc([nH]1)c2ccccc2"",
    ""group_smarts"": ""[c;r5;$(*~[n;r5]);$(*~[nH;r5])]-[c;r6]"",
    ""atom_specific_smarts"": ""[c:1;r5;$(*~[n;r5]);$(*~[nH;r5])]-[c;r6]"",
    ""description"": ""An imidazole aromatic carbon that forms the biaryl bond to benzene; the five-member ring contains one [n] and one [nH]. Nearest neighbors: imidazole ring atoms and an aryl sp2 carbon."",
    ""uncertainty"": ""70""
  },
  {
    ""atom_type"": 1003,
    ""element"": ""C"",
    ""chemical_environment"": ""Phenyl ipso carbon bonded to an imidazole ring in 4-phenylimidazole."",
    ""functional_group"": ""biaryl linkage (phenyl–imidazole) ipso aryl carbon"",
    ""hybridization"": ""sp2 (aromatic)"",
    ""example_molecule_smiles"": ""c1ncc([nH]1)c2ccccc2"",
    ""group_smarts"": ""[c;r6]-[c;r5;$(*~[n;r5]);$(*~[nH;r5])]"",
    ""atom_specific_smarts"": ""[c:1;r6]-[c;r5;$(*~[n;r5]);$(*~[nH;r5])]"",
    ""description"": ""Benzene ipso carbon directly connected to an imidazole aromatic carbon. Nearest neighbor: sp2 C in an imidazole ring."",
    ""uncertainty"": ""70""
  },
  {
    ""atom_type"": 1004,
    ""element"": ""C"",
    ""chemical_environment"": ""Aromatic ipso carbon in diphenylmethane (Ph-CH2-Ph)."",
    ""functional_group"": ""diphenylmethane ipso aryl carbon"",
    ""hybridization"": ""sp2 (aromatic)"",
    ""example_molecule_smiles"": ""c1ccccc1CH2c2ccccc2"",
    ""group_smarts"": ""c-[CH2]-[c;r6]"",
    ""atom_specific_smarts"": ""[c:1;r6]-[CH2]-[c;r6]"",
    ""description"": ""Ipso benzene carbon bonded to a benzylic methylene that connects to a second aryl ring. Nearest neighbor: benzylic CH2."",
    ""uncertainty"": ""25""
  },
  {
    ""atom_type"": 1009,
    ""element"": ""C"",
    ""chemical_environment"": ""Aromatic ipso carbon bearing chlorine in chlorobenzene."",
    ""functional_group"": ""aryl chloride ipso carbon"",
    ""hybridization"": ""sp2 (aromatic)"",
    ""example_molecule_smiles"": ""Clc1ccccc1"",
    ""group_smarts"": ""c-Cl"",
    ""atom_specific_smarts"": ""[c:1;r6]-Cl"",
    ""description"": ""Benzene carbon directly bonded to Cl. Nearest neighbors: aromatic carbons and chlorine."",
    ""uncertainty"": ""10""
  },
  {
    ""atom_type"": 1011,
    ""element"": ""C"",
    ""chemical_environment"": ""Primary iodoalkane carbon (including methyl iodide) bonded to iodine."",
    ""functional_group"": ""alkyl iodide (primary) C–I carbon"",
    ""hybridization"": ""sp3 (tetrahedral)"",
    ""example_molecule_smiles"": ""CI"",
    ""group_smarts"": ""[C;X4;H2,H3]-I"",
    ""atom_specific_smarts"": ""[C;X4;H2,H3:1]-I"",
    ""description"": ""sp3 carbon with two or three hydrogens directly bonded to iodine (methyl or primary iodides). Nearest neighbor: I."",
    ""uncertainty"": ""15""
  },
  {
    ""atom_type"": 1012,
    ""element"": ""C"",
    ""chemical_environment"": ""Secondary iodoalkane carbon bonded to iodine."",
    ""functional_group"": ""alkyl iodide (secondary) C–I carbon"",
    ""hybridization"": ""sp3 (tetrahedral)"",
    ""example_molecule_smiles"": ""CC(C)I"",
    ""group_smarts"": ""[CH;X4](-I)(-[C;X4])-[C;X4]"",
    ""atom_specific_smarts"": ""[CH;X4:1](-I)(-[C;X4])-[C;X4]"",
    ""description"": ""sp3 carbon with one hydrogen, attached to two carbons and iodine."",
    ""uncertainty"": ""15""
  },
  {
    ""atom_type"": 1013,
    ""element"": ""C"",
    ""chemical_environment"": ""Tertiary iodoalkane carbon bonded to iodine."",
    ""functional_group"": ""alkyl iodide (tertiary) C–I carbon"",
    ""hybridization"": ""sp3 (tetrahedral)"",
    ""example_molecule_smiles"": ""CC(C)(C)I"",
    ""group_smarts"": ""[CX4H0](-I)(-[C;X4])-[C;X4]"",
    ""atom_specific_smarts"": ""[CX4H0:1](-I)(-[C;X4])-[C;X4]"",
    ""description"": ""sp3 quaternary carbon attached to iodine and two (additional) carbons (total three carbons)."",
    ""uncertainty"": ""15""
  },
  {
    ""atom_type"": 1016,
    ""element"": ""C"",
    ""chemical_environment"": ""Aromatic ipso carbon bearing bromine in bromobenzene."",
    ""functional_group"": ""aryl bromide ipso carbon"",
    ""hybridization"": ""sp2 (aromatic)"",
    ""example_molecule_smiles"": ""Brc1ccccc1"",
    ""group_smarts"": ""c-Br"",
    ""atom_specific_smarts"": ""[c:1;r6]-Br"",
    ""description"": ""Benzene carbon directly bonded to Br. Nearest neighbors: aromatic carbons and bromine."",
    ""uncertainty"": ""10""
  },
  {
    ""atom_type"": 1018,
    ""element"": ""C"",
    ""chemical_environment"": ""Aromatic ipso carbon bearing iodine in iodobenzene."",
    ""functional_group"": ""aryl iodide ipso carbon"",
    ""hybridization"": ""sp2 (aromatic)"",
    ""example_molecule_smiles"": ""Ic1ccccc1"",
    ""group_smarts"": ""c-I"",
    ""atom_specific_smarts"": ""[c:1;r6]-I"",
    ""description"": ""Benzene carbon directly bonded to I. Nearest neighbors: aromatic carbons and iodine."",
    ""uncertainty"": ""10""
  },
  {
    ""atom_type"": 1022,
    ""element"": ""C"",
    ""chemical_environment"": ""Aromatic ipso carbon on the N of an N-phenyl sulfonamide (Ar–N–S(=O)2)."",
    ""functional_group"": ""N-phenyl sulfonamide ipso aryl carbon"",
    ""hybridization"": ""sp2 (aromatic)"",
    ""example_molecule_smiles"": ""O=S(=O)(C)Nc1ccccc1"",
    ""group_smarts"": ""c-[N;X3]-S(=O)(=O)"",
    ""atom_specific_smarts"": ""[c:1;r6]-[N;X3]-S(=O)(=O)"",
    ""description"": ""Ipso benzene carbon bonded to a sulfonamide nitrogen that is attached to a sulfonyl group. Nearest neighbors: aryl C and sulfonamide N."",
    ""uncertainty"": ""25""
  },
  {
    ""atom_type"": 1026,
    ""element"": ""C"",
    ""chemical_environment"": ""Epoxide (oxirane) ring CH2 carbon."",
    ""functional_group"": ""epoxide ring carbon (CH2)"",
    ""hybridization"": ""sp3 (strained tetrahedral)"",
    ""example_molecule_smiles"": ""C1CO1"",
    ""group_smarts"": ""[CH2;R3]-[O;R3]-[C;R3]"",
    ""atom_specific_smarts"": ""[CH2;R3:1]-[O;R3]-[C;R3]"",
    ""description"": ""Three-membered cyclic ether carbon bearing two hydrogens and bonded to ring oxygen. Nearest neighbors: ring O and ring C."",
    ""uncertainty"": ""15""
  },
  {
    ""atom_type"": 1027,
    ""element"": ""C"",
    ""chemical_environment"": ""Epoxide (oxirane) ring CH carbon (monosubstituted)."",
    ""functional_group"": ""epoxide ring carbon (CH)"",
    ""hybridization"": ""sp3 (strained tetrahedral)"",
    ""example_molecule_smiles"": ""CC1CO1"",
    ""group_smarts"": ""[CH;R3]-[O;R3]-[C;R3]"",
    ""atom_specific_smarts"": ""[CH;R3:1]-[O;R3]-[C;R3]"",
    ""description"": ""Three-membered cyclic ether carbon bearing one hydrogen and bonded to ring oxygen. Nearest neighbors: ring O and ring C."",
    ""uncertainty"": ""15""
  }
]"
1026,0.14,C  - CY   | CH2 epoxide,12.011,oplsaa.lt,C,6,"Convert the following OPLS-AA atom type rows:

Atom Type Data:
- Atom index: 988
- Force field raw info: C  - CA   | ipso C in N-methyl,N-phenylacetamide
- Partial charge: -0.045
- Atomic mass: 12.011
- Element guess: C
- Atomic number: 6
- Source file: oplsaa.lt


Atom Type Data:
- Atom index: 989
- Force field raw info: C  - CT   | C in CH2NR2 - benzyl amines; C(CH2NH2) is
- Partial charge: 0.145
- Atomic mass: 12.011
- Element guess: C
- Atomic number: 6
- Source file: oplsaa.lt


Atom Type Data:
- Atom index: 990
- Force field raw info: C  - C~   | C in hydroxamic acid jtr 11/98
- Partial charge: 0.888
- Atomic mass: 12.011
- Element guess: C
- Atomic number: 6
- Source file: oplsaa.lt


Atom Type Data:
- Atom index: 991
- Force field raw info: C  - C~   | C in aromatic hydroxamic aciT
- Partial charge: 1.003
- Atomic mass: 12.011
- Element guess: C
- Atomic number: 6
- Source file: oplsaa.lt


Atom Type Data:
- Atom index: 997
- Force field raw info: C  - CT   | C in CHROR - benzyl ethers; C(CHROR) is
- Partial charge: 0.225
- Atomic mass: 12.011
- Element guess: C
- Atomic number: 6
- Source file: oplsaa.lt


Atom Type Data:
- Atom index: 998
- Force field raw info: C  - CT   | C in CRROR - benzyl ethers; C(CRROR) is
- Partial charge: 0.255
- Atomic mass: 12.011
- Element guess: C
- Atomic number: 6
- Source file: oplsaa.lt


Atom Type Data:
- Atom index: 1000
- Force field raw info: C  - C!   | 3-phenyl pyrrole C3
- Partial charge: -0.034
- Atomic mass: 12.011
- Element guess: C
- Atomic number: 6
- Source file: oplsaa.lt


Atom Type Data:
- Atom index: 1001
- Force field raw info: C  - C!   | 3-phenyl pyrrole C3'
- Partial charge: 0.003
- Atomic mass: 12.011
- Element guess: C
- Atomic number: 6
- Source file: oplsaa.lt


Atom Type Data:
- Atom index: 1002
- Force field raw info: C  - C!   | 4-phenyl imidazole C4
- Partial charge: 0.3
- Atomic mass: 12.011
- Element guess: C
- Atomic number: 6
- Source file: oplsaa.lt


Atom Type Data:
- Atom index: 1003
- Force field raw info: C  - C!   | 4-phenyl imidazole C4'
- Partial charge: -0.04
- Atomic mass: 12.011
- Element guess: C
- Atomic number: 6
- Source file: oplsaa.lt


Atom Type Data:
- Atom index: 1004
- Force field raw info: C  - CA   | diphenylmethane Cipso
- Partial charge: -0.0575
- Atomic mass: 12.011
- Element guess: C
- Atomic number: 6
- Source file: oplsaa.lt


Atom Type Data:
- Atom index: 1009
- Force field raw info: C  - CA   | C(Cl) chlorobenzene with X site
- Partial charge: 0.175
- Atomic mass: 12.011
- Element guess: C
- Atomic number: 6
- Source file: oplsaa.lt


Atom Type Data:
- Atom index: 1011
- Force field raw info: C  - CT   | C(I) iodoalkane - tentative - primary
- Partial charge: -0.07
- Atomic mass: 12.011
- Element guess: C
- Atomic number: 6
- Source file: oplsaa.lt


Atom Type Data:
- Atom index: 1012
- Force field raw info: C  - CT   | C(I) iodoalkane - tentative - secondary
- Partial charge: 0.03
- Atomic mass: 12.011
- Element guess: C
- Atomic number: 6
- Source file: oplsaa.lt


Atom Type Data:
- Atom index: 1013
- Force field raw info: C  - CT   | C(I) iodoalkane - tentative - tertiary
- Partial charge: 0.13
- Atomic mass: 12.011
- Element guess: C
- Atomic number: 6
- Source file: oplsaa.lt


Atom Type Data:
- Atom index: 1016
- Force field raw info: C  - CA   | C(Br) bromobenzene with X site
- Partial charge: 0.17
- Atomic mass: 12.011
- Element guess: C
- Atomic number: 6
- Source file: oplsaa.lt


Atom Type Data:
- Atom index: 1018
- Force field raw info: C  - CA   | C(I) iodobenzene with X site
- Partial charge: 0.15
- Atomic mass: 12.011
- Element guess: C
- Atomic number: 6
- Source file: oplsaa.lt


Atom Type Data:
- Atom index: 1022
- Force field raw info: C  - CA   | benzene C on N of N-phenyl sulfonamide
- Partial charge: 0.155
- Atomic mass: 12.011
- Element guess: C
- Atomic number: 6
- Source file: oplsaa.lt


Atom Type Data:
- Atom index: 1026
- Force field raw info: C  - CY   | CH2 epoxide
- Partial charge: 0.14
- Atomic mass: 12.011
- Element guess: C
- Atomic number: 6
- Source file: oplsaa.lt


Atom Type Data:
- Atom index: 1027
- Force field raw info: C  - CY   | CH epoxide
- Partial charge: 0.17
- Atomic mass: 12.011
- Element guess: C
- Atomic number: 6
- Source file: oplsaa.lt
","[
  {
    ""atom_type"": 988,
    ""element"": ""C"",
    ""chemical_environment"": ""Aromatic ipso carbon bonded to an amide nitrogen (N-aryl amide, anilide)."",
    ""functional_group"": ""anilide (N-aryl amide) ipso aryl carbon"",
    ""hybridization"": ""sp2 (aromatic)"",
    ""example_molecule_smiles"": ""CC(=O)N(C)c1ccccc1"",
    ""group_smarts"": ""c-[N;X3;H0;$([N]-[C](=O)-*)]"",
    ""atom_specific_smarts"": ""[c:1]-[N;X3;H0;$([N]-[C](=O)-*)]"",
    ""description"": ""Ipso benzene carbon directly bonded to an amide N that itself is bound to a carbonyl (N-acyl). Nearest neighbors: aromatic C and amide N(sp2)."",
    ""uncertainty"": ""20""
  },
  {
    ""atom_type"": 989,
    ""element"": ""C"",
    ""chemical_environment"": ""Benzylic methylene attached to an amine nitrogen (benzyl amines: Ar-CH2-NR2)."",
    ""functional_group"": ""benzyl amine benzylic carbon"",
    ""hybridization"": ""sp3 (tetrahedral)"",
    ""example_molecule_smiles"": ""c1ccccc1CN(C)C"",
    ""group_smarts"": ""[CH2]-[N;X3]-[!#1]"",
    ""atom_specific_smarts"": ""[CH2:1](-[N;X3])-[c;r6]"",
    ""description"": ""The CH2 between an aromatic ring and an amine N (primary/secondary/tertiary amines). Nearest neighbors: aromatic sp2 C and amine N(sp3)."",
    ""uncertainty"": ""25""
  },
  {
    ""atom_type"": 990,
    ""element"": ""C"",
    ""chemical_environment"": ""Carbonyl carbon of a hydroxamic acid (R-C(=O)-N(-OH)-H/R)."",
    ""functional_group"": ""hydroxamic acid carbonyl"",
    ""hybridization"": ""sp2 (carbonyl)"",
    ""example_molecule_smiles"": ""CC(=O)NO"",
    ""group_smarts"": ""[C](=O)-[N]-O[H]"",
    ""atom_specific_smarts"": ""[C:1](=O)-[N]-O[H]"",
    ""description"": ""Acyl carbon attached to both a carbonyl oxygen and an N bearing a hydroxyl substituent (N–OH). Nearest neighbors: O(sp2) and N(sp2/sp3)."",
    ""uncertainty"": ""15""
  },
  {
    ""atom_type"": 991,
    ""element"": ""C"",
    ""chemical_environment"": ""Carbonyl carbon of an aromatic hydroxamic acid (Ar-C(=O)-N(-OH)-R/H)."",
    ""functional_group"": ""aromatic hydroxamic acid carbonyl"",
    ""hybridization"": ""sp2 (carbonyl)"",
    ""example_molecule_smiles"": ""O=C(NO)c1ccccc1"",
    ""group_smarts"": ""[C](=O)(-[c;r6])-[N]-O[H]"",
    ""atom_specific_smarts"": ""[C:1](=O)(-[c;r6])-[N]-O[H]"",
    ""description"": ""Hydroxamic acid carbonyl with an aryl substituent on the acyl side. Nearest neighbors: aryl sp2 C, O(sp2), and N."",
    ""uncertainty"": ""35""
  },
  {
    ""atom_type"": 997,
    ""element"": ""C"",
    ""chemical_environment"": ""Secondary benzylic carbon bearing an ether substituent (Ar-CH(OR)-R)."",
    ""functional_group"": ""benzyl ether, secondary benzylic center"",
    ""hybridization"": ""sp3 (tetrahedral)"",
    ""example_molecule_smiles"": ""COC(C)c1ccccc1"",
    ""group_smarts"": ""[CH](-[O;X2]-*)-[c;r6]"",
    ""atom_specific_smarts"": ""[CH:1](-[O;X2]-*)-[c;r6]"",
    ""description"": ""Benzylic CH attached to an ether oxygen and an aromatic ring (plus one carbon). Nearest neighbors: O(sp3) and aryl C."",
    ""uncertainty"": ""25""
  },
  {
    ""atom_type"": 998,
    ""element"": ""C"",
    ""chemical_environment"": ""Tertiary benzylic carbon bearing an ether substituent (Ar-C(OR)(R)R)."",
    ""functional_group"": ""benzyl ether, tertiary benzylic center"",
    ""hybridization"": ""sp3 (tetrahedral)"",
    ""example_molecule_smiles"": ""COC(C)(C)c1ccccc1"",
    ""group_smarts"": ""[CX4H0](-[O;X2]-*)(-[c;r6])-[C;X4]"",
    ""atom_specific_smarts"": ""[CX4H0:1](-[O;X2]-*)(-[c;r6])-[C;X4]"",
    ""description"": ""Benzylic quaternary center connected to an ether oxygen, an aryl carbon, and another carbon. Nearest neighbors: O(sp3), aryl C, alkyl C."",
    ""uncertainty"": ""25""
  },
  {
    ""atom_type"": 1000,
    ""element"": ""C"",
    ""chemical_environment"": ""Pyrrole ring carbon at C3 (beta) bonded to a phenyl ring in 3-phenylpyrrole."",
    ""functional_group"": ""biaryl linkage (pyrrole–phenyl) at pyrrole C3"",
    ""hybridization"": ""sp2 (aromatic)"",
    ""example_molecule_smiles"": ""c1c(-c2ccccc2)[nH]cc1"",
    ""group_smarts"": ""[c;r5;$(*~[nH;r5])]-[c;r6]"",
    ""atom_specific_smarts"": ""[c:1;r5;$(*~[nH;r5])]-[c;r6]"",
    ""description"": ""The beta aromatic carbon of a 1H-pyrrole ring that forms the biaryl bond to a benzene carbon. Nearest neighbors: two ring sp2 atoms in pyrrole and one aryl sp2 C."",
    ""uncertainty"": ""70""
  },
  {
    ""atom_type"": 1001,
    ""element"": ""C"",
    ""chemical_environment"": ""Phenyl ipso carbon bonded to the pyrrole ring in 3-phenylpyrrole."",
    ""functional_group"": ""biaryl linkage (phenyl–pyrrole) ipso aryl carbon"",
    ""hybridization"": ""sp2 (aromatic)"",
    ""example_molecule_smiles"": ""c1c(-c2ccccc2)[nH]cc1"",
    ""group_smarts"": ""[c;r6]-[c;r5;$(*~[nH;r5])]"",
    ""atom_specific_smarts"": ""[c:1;r6]-[c;r5;$(*~[nH;r5])]"",
    ""description"": ""The benzene ipso carbon that connects directly to a pyrrole aromatic carbon. Nearest neighbor: an sp2 carbon in a 1H-pyrrole ring."",
    ""uncertainty"": ""70""
  },
  {
    ""atom_type"": 1002,
    ""element"": ""C"",
    ""chemical_environment"": ""Imidazole ring carbon at C4 bonded to a phenyl ring in 4-phenylimidazole."",
    ""functional_group"": ""biaryl linkage (imidazole–phenyl) at imidazole C4"",
    ""hybridization"": ""sp2 (aromatic)"",
    ""example_molecule_smiles"": ""c1ncc([nH]1)c2ccccc2"",
    ""group_smarts"": ""[c;r5;$(*~[n;r5]);$(*~[nH;r5])]-[c;r6]"",
    ""atom_specific_smarts"": ""[c:1;r5;$(*~[n;r5]);$(*~[nH;r5])]-[c;r6]"",
    ""description"": ""An imidazole aromatic carbon that forms the biaryl bond to benzene; the five-member ring contains one [n] and one [nH]. Nearest neighbors: imidazole ring atoms and an aryl sp2 carbon."",
    ""uncertainty"": ""70""
  },
  {
    ""atom_type"": 1003,
    ""element"": ""C"",
    ""chemical_environment"": ""Phenyl ipso carbon bonded to an imidazole ring in 4-phenylimidazole."",
    ""functional_group"": ""biaryl linkage (phenyl–imidazole) ipso aryl carbon"",
    ""hybridization"": ""sp2 (aromatic)"",
    ""example_molecule_smiles"": ""c1ncc([nH]1)c2ccccc2"",
    ""group_smarts"": ""[c;r6]-[c;r5;$(*~[n;r5]);$(*~[nH;r5])]"",
    ""atom_specific_smarts"": ""[c:1;r6]-[c;r5;$(*~[n;r5]);$(*~[nH;r5])]"",
    ""description"": ""Benzene ipso carbon directly connected to an imidazole aromatic carbon. Nearest neighbor: sp2 C in an imidazole ring."",
    ""uncertainty"": ""70""
  },
  {
    ""atom_type"": 1004,
    ""element"": ""C"",
    ""chemical_environment"": ""Aromatic ipso carbon in diphenylmethane (Ph-CH2-Ph)."",
    ""functional_group"": ""diphenylmethane ipso aryl carbon"",
    ""hybridization"": ""sp2 (aromatic)"",
    ""example_molecule_smiles"": ""c1ccccc1CH2c2ccccc2"",
    ""group_smarts"": ""c-[CH2]-[c;r6]"",
    ""atom_specific_smarts"": ""[c:1;r6]-[CH2]-[c;r6]"",
    ""description"": ""Ipso benzene carbon bonded to a benzylic methylene that connects to a second aryl ring. Nearest neighbor: benzylic CH2."",
    ""uncertainty"": ""25""
  },
  {
    ""atom_type"": 1009,
    ""element"": ""C"",
    ""chemical_environment"": ""Aromatic ipso carbon bearing chlorine in chlorobenzene."",
    ""functional_group"": ""aryl chloride ipso carbon"",
    ""hybridization"": ""sp2 (aromatic)"",
    ""example_molecule_smiles"": ""Clc1ccccc1"",
    ""group_smarts"": ""c-Cl"",
    ""atom_specific_smarts"": ""[c:1;r6]-Cl"",
    ""description"": ""Benzene carbon directly bonded to Cl. Nearest neighbors: aromatic carbons and chlorine."",
    ""uncertainty"": ""10""
  },
  {
    ""atom_type"": 1011,
    ""element"": ""C"",
    ""chemical_environment"": ""Primary iodoalkane carbon (including methyl iodide) bonded to iodine."",
    ""functional_group"": ""alkyl iodide (primary) C–I carbon"",
    ""hybridization"": ""sp3 (tetrahedral)"",
    ""example_molecule_smiles"": ""CI"",
    ""group_smarts"": ""[C;X4;H2,H3]-I"",
    ""atom_specific_smarts"": ""[C;X4;H2,H3:1]-I"",
    ""description"": ""sp3 carbon with two or three hydrogens directly bonded to iodine (methyl or primary iodides). Nearest neighbor: I."",
    ""uncertainty"": ""15""
  },
  {
    ""atom_type"": 1012,
    ""element"": ""C"",
    ""chemical_environment"": ""Secondary iodoalkane carbon bonded to iodine."",
    ""functional_group"": ""alkyl iodide (secondary) C–I carbon"",
    ""hybridization"": ""sp3 (tetrahedral)"",
    ""example_molecule_smiles"": ""CC(C)I"",
    ""group_smarts"": ""[CH;X4](-I)(-[C;X4])-[C;X4]"",
    ""atom_specific_smarts"": ""[CH;X4:1](-I)(-[C;X4])-[C;X4]"",
    ""description"": ""sp3 carbon with one hydrogen, attached to two carbons and iodine."",
    ""uncertainty"": ""15""
  },
  {
    ""atom_type"": 1013,
    ""element"": ""C"",
    ""chemical_environment"": ""Tertiary iodoalkane carbon bonded to iodine."",
    ""functional_group"": ""alkyl iodide (tertiary) C–I carbon"",
    ""hybridization"": ""sp3 (tetrahedral)"",
    ""example_molecule_smiles"": ""CC(C)(C)I"",
    ""group_smarts"": ""[CX4H0](-I)(-[C;X4])-[C;X4]"",
    ""atom_specific_smarts"": ""[CX4H0:1](-I)(-[C;X4])-[C;X4]"",
    ""description"": ""sp3 quaternary carbon attached to iodine and two (additional) carbons (total three carbons)."",
    ""uncertainty"": ""15""
  },
  {
    ""atom_type"": 1016,
    ""element"": ""C"",
    ""chemical_environment"": ""Aromatic ipso carbon bearing bromine in bromobenzene."",
    ""functional_group"": ""aryl bromide ipso carbon"",
    ""hybridization"": ""sp2 (aromatic)"",
    ""example_molecule_smiles"": ""Brc1ccccc1"",
    ""group_smarts"": ""c-Br"",
    ""atom_specific_smarts"": ""[c:1;r6]-Br"",
    ""description"": ""Benzene carbon directly bonded to Br. Nearest neighbors: aromatic carbons and bromine."",
    ""uncertainty"": ""10""
  },
  {
    ""atom_type"": 1018,
    ""element"": ""C"",
    ""chemical_environment"": ""Aromatic ipso carbon bearing iodine in iodobenzene."",
    ""functional_group"": ""aryl iodide ipso carbon"",
    ""hybridization"": ""sp2 (aromatic)"",
    ""example_molecule_smiles"": ""Ic1ccccc1"",
    ""group_smarts"": ""c-I"",
    ""atom_specific_smarts"": ""[c:1;r6]-I"",
    ""description"": ""Benzene carbon directly bonded to I. Nearest neighbors: aromatic carbons and iodine."",
    ""uncertainty"": ""10""
  },
  {
    ""atom_type"": 1022,
    ""element"": ""C"",
    ""chemical_environment"": ""Aromatic ipso carbon on the N of an N-phenyl sulfonamide (Ar–N–S(=O)2)."",
    ""functional_group"": ""N-phenyl sulfonamide ipso aryl carbon"",
    ""hybridization"": ""sp2 (aromatic)"",
    ""example_molecule_smiles"": ""O=S(=O)(C)Nc1ccccc1"",
    ""group_smarts"": ""c-[N;X3]-S(=O)(=O)"",
    ""atom_specific_smarts"": ""[c:1;r6]-[N;X3]-S(=O)(=O)"",
    ""description"": ""Ipso benzene carbon bonded to a sulfonamide nitrogen that is attached to a sulfonyl group. Nearest neighbors: aryl C and sulfonamide N."",
    ""uncertainty"": ""25""
  },
  {
    ""atom_type"": 1026,
    ""element"": ""C"",
    ""chemical_environment"": ""Epoxide (oxirane) ring CH2 carbon."",
    ""functional_group"": ""epoxide ring carbon (CH2)"",
    ""hybridization"": ""sp3 (strained tetrahedral)"",
    ""example_molecule_smiles"": ""C1CO1"",
    ""group_smarts"": ""[CH2;R3]-[O;R3]-[C;R3]"",
    ""atom_specific_smarts"": ""[CH2;R3:1]-[O;R3]-[C;R3]"",
    ""description"": ""Three-membered cyclic ether carbon bearing two hydrogens and bonded to ring oxygen. Nearest neighbors: ring O and ring C."",
    ""uncertainty"": ""15""
  },
  {
    ""atom_type"": 1027,
    ""element"": ""C"",
    ""chemical_environment"": ""Epoxide (oxirane) ring CH carbon (monosubstituted)."",
    ""functional_group"": ""epoxide ring carbon (CH)"",
    ""hybridization"": ""sp3 (strained tetrahedral)"",
    ""example_molecule_smiles"": ""CC1CO1"",
    ""group_smarts"": ""[CH;R3]-[O;R3]-[C;R3]"",
    ""atom_specific_smarts"": ""[CH;R3:1]-[O;R3]-[C;R3]"",
    ""description"": ""Three-membered cyclic ether carbon bearing one hydrogen and bonded to ring oxygen. Nearest neighbors: ring O and ring C."",
    ""uncertainty"": ""15""
  }
]"
1027,0.17,C  - CY   | CH epoxide,12.011,oplsaa.lt,C,6,"Convert the following OPLS-AA atom type rows:

Atom Type Data:
- Atom index: 988
- Force field raw info: C  - CA   | ipso C in N-methyl,N-phenylacetamide
- Partial charge: -0.045
- Atomic mass: 12.011
- Element guess: C
- Atomic number: 6
- Source file: oplsaa.lt


Atom Type Data:
- Atom index: 989
- Force field raw info: C  - CT   | C in CH2NR2 - benzyl amines; C(CH2NH2) is
- Partial charge: 0.145
- Atomic mass: 12.011
- Element guess: C
- Atomic number: 6
- Source file: oplsaa.lt


Atom Type Data:
- Atom index: 990
- Force field raw info: C  - C~   | C in hydroxamic acid jtr 11/98
- Partial charge: 0.888
- Atomic mass: 12.011
- Element guess: C
- Atomic number: 6
- Source file: oplsaa.lt


Atom Type Data:
- Atom index: 991
- Force field raw info: C  - C~   | C in aromatic hydroxamic aciT
- Partial charge: 1.003
- Atomic mass: 12.011
- Element guess: C
- Atomic number: 6
- Source file: oplsaa.lt


Atom Type Data:
- Atom index: 997
- Force field raw info: C  - CT   | C in CHROR - benzyl ethers; C(CHROR) is
- Partial charge: 0.225
- Atomic mass: 12.011
- Element guess: C
- Atomic number: 6
- Source file: oplsaa.lt


Atom Type Data:
- Atom index: 998
- Force field raw info: C  - CT   | C in CRROR - benzyl ethers; C(CRROR) is
- Partial charge: 0.255
- Atomic mass: 12.011
- Element guess: C
- Atomic number: 6
- Source file: oplsaa.lt


Atom Type Data:
- Atom index: 1000
- Force field raw info: C  - C!   | 3-phenyl pyrrole C3
- Partial charge: -0.034
- Atomic mass: 12.011
- Element guess: C
- Atomic number: 6
- Source file: oplsaa.lt


Atom Type Data:
- Atom index: 1001
- Force field raw info: C  - C!   | 3-phenyl pyrrole C3'
- Partial charge: 0.003
- Atomic mass: 12.011
- Element guess: C
- Atomic number: 6
- Source file: oplsaa.lt


Atom Type Data:
- Atom index: 1002
- Force field raw info: C  - C!   | 4-phenyl imidazole C4
- Partial charge: 0.3
- Atomic mass: 12.011
- Element guess: C
- Atomic number: 6
- Source file: oplsaa.lt


Atom Type Data:
- Atom index: 1003
- Force field raw info: C  - C!   | 4-phenyl imidazole C4'
- Partial charge: -0.04
- Atomic mass: 12.011
- Element guess: C
- Atomic number: 6
- Source file: oplsaa.lt


Atom Type Data:
- Atom index: 1004
- Force field raw info: C  - CA   | diphenylmethane Cipso
- Partial charge: -0.0575
- Atomic mass: 12.011
- Element guess: C
- Atomic number: 6
- Source file: oplsaa.lt


Atom Type Data:
- Atom index: 1009
- Force field raw info: C  - CA   | C(Cl) chlorobenzene with X site
- Partial charge: 0.175
- Atomic mass: 12.011
- Element guess: C
- Atomic number: 6
- Source file: oplsaa.lt


Atom Type Data:
- Atom index: 1011
- Force field raw info: C  - CT   | C(I) iodoalkane - tentative - primary
- Partial charge: -0.07
- Atomic mass: 12.011
- Element guess: C
- Atomic number: 6
- Source file: oplsaa.lt


Atom Type Data:
- Atom index: 1012
- Force field raw info: C  - CT   | C(I) iodoalkane - tentative - secondary
- Partial charge: 0.03
- Atomic mass: 12.011
- Element guess: C
- Atomic number: 6
- Source file: oplsaa.lt


Atom Type Data:
- Atom index: 1013
- Force field raw info: C  - CT   | C(I) iodoalkane - tentative - tertiary
- Partial charge: 0.13
- Atomic mass: 12.011
- Element guess: C
- Atomic number: 6
- Source file: oplsaa.lt


Atom Type Data:
- Atom index: 1016
- Force field raw info: C  - CA   | C(Br) bromobenzene with X site
- Partial charge: 0.17
- Atomic mass: 12.011
- Element guess: C
- Atomic number: 6
- Source file: oplsaa.lt


Atom Type Data:
- Atom index: 1018
- Force field raw info: C  - CA   | C(I) iodobenzene with X site
- Partial charge: 0.15
- Atomic mass: 12.011
- Element guess: C
- Atomic number: 6
- Source file: oplsaa.lt


Atom Type Data:
- Atom index: 1022
- Force field raw info: C  - CA   | benzene C on N of N-phenyl sulfonamide
- Partial charge: 0.155
- Atomic mass: 12.011
- Element guess: C
- Atomic number: 6
- Source file: oplsaa.lt


Atom Type Data:
- Atom index: 1026
- Force field raw info: C  - CY   | CH2 epoxide
- Partial charge: 0.14
- Atomic mass: 12.011
- Element guess: C
- Atomic number: 6
- Source file: oplsaa.lt


Atom Type Data:
- Atom index: 1027
- Force field raw info: C  - CY   | CH epoxide
- Partial charge: 0.17
- Atomic mass: 12.011
- Element guess: C
- Atomic number: 6
- Source file: oplsaa.lt
","[
  {
    ""atom_type"": 988,
    ""element"": ""C"",
    ""chemical_environment"": ""Aromatic ipso carbon bonded to an amide nitrogen (N-aryl amide, anilide)."",
    ""functional_group"": ""anilide (N-aryl amide) ipso aryl carbon"",
    ""hybridization"": ""sp2 (aromatic)"",
    ""example_molecule_smiles"": ""CC(=O)N(C)c1ccccc1"",
    ""group_smarts"": ""c-[N;X3;H0;$([N]-[C](=O)-*)]"",
    ""atom_specific_smarts"": ""[c:1]-[N;X3;H0;$([N]-[C](=O)-*)]"",
    ""description"": ""Ipso benzene carbon directly bonded to an amide N that itself is bound to a carbonyl (N-acyl). Nearest neighbors: aromatic C and amide N(sp2)."",
    ""uncertainty"": ""20""
  },
  {
    ""atom_type"": 989,
    ""element"": ""C"",
    ""chemical_environment"": ""Benzylic methylene attached to an amine nitrogen (benzyl amines: Ar-CH2-NR2)."",
    ""functional_group"": ""benzyl amine benzylic carbon"",
    ""hybridization"": ""sp3 (tetrahedral)"",
    ""example_molecule_smiles"": ""c1ccccc1CN(C)C"",
    ""group_smarts"": ""[CH2]-[N;X3]-[!#1]"",
    ""atom_specific_smarts"": ""[CH2:1](-[N;X3])-[c;r6]"",
    ""description"": ""The CH2 between an aromatic ring and an amine N (primary/secondary/tertiary amines). Nearest neighbors: aromatic sp2 C and amine N(sp3)."",
    ""uncertainty"": ""25""
  },
  {
    ""atom_type"": 990,
    ""element"": ""C"",
    ""chemical_environment"": ""Carbonyl carbon of a hydroxamic acid (R-C(=O)-N(-OH)-H/R)."",
    ""functional_group"": ""hydroxamic acid carbonyl"",
    ""hybridization"": ""sp2 (carbonyl)"",
    ""example_molecule_smiles"": ""CC(=O)NO"",
    ""group_smarts"": ""[C](=O)-[N]-O[H]"",
    ""atom_specific_smarts"": ""[C:1](=O)-[N]-O[H]"",
    ""description"": ""Acyl carbon attached to both a carbonyl oxygen and an N bearing a hydroxyl substituent (N–OH). Nearest neighbors: O(sp2) and N(sp2/sp3)."",
    ""uncertainty"": ""15""
  },
  {
    ""atom_type"": 991,
    ""element"": ""C"",
    ""chemical_environment"": ""Carbonyl carbon of an aromatic hydroxamic acid (Ar-C(=O)-N(-OH)-R/H)."",
    ""functional_group"": ""aromatic hydroxamic acid carbonyl"",
    ""hybridization"": ""sp2 (carbonyl)"",
    ""example_molecule_smiles"": ""O=C(NO)c1ccccc1"",
    ""group_smarts"": ""[C](=O)(-[c;r6])-[N]-O[H]"",
    ""atom_specific_smarts"": ""[C:1](=O)(-[c;r6])-[N]-O[H]"",
    ""description"": ""Hydroxamic acid carbonyl with an aryl substituent on the acyl side. Nearest neighbors: aryl sp2 C, O(sp2), and N."",
    ""uncertainty"": ""35""
  },
  {
    ""atom_type"": 997,
    ""element"": ""C"",
    ""chemical_environment"": ""Secondary benzylic carbon bearing an ether substituent (Ar-CH(OR)-R)."",
    ""functional_group"": ""benzyl ether, secondary benzylic center"",
    ""hybridization"": ""sp3 (tetrahedral)"",
    ""example_molecule_smiles"": ""COC(C)c1ccccc1"",
    ""group_smarts"": ""[CH](-[O;X2]-*)-[c;r6]"",
    ""atom_specific_smarts"": ""[CH:1](-[O;X2]-*)-[c;r6]"",
    ""description"": ""Benzylic CH attached to an ether oxygen and an aromatic ring (plus one carbon). Nearest neighbors: O(sp3) and aryl C."",
    ""uncertainty"": ""25""
  },
  {
    ""atom_type"": 998,
    ""element"": ""C"",
    ""chemical_environment"": ""Tertiary benzylic carbon bearing an ether substituent (Ar-C(OR)(R)R)."",
    ""functional_group"": ""benzyl ether, tertiary benzylic center"",
    ""hybridization"": ""sp3 (tetrahedral)"",
    ""example_molecule_smiles"": ""COC(C)(C)c1ccccc1"",
    ""group_smarts"": ""[CX4H0](-[O;X2]-*)(-[c;r6])-[C;X4]"",
    ""atom_specific_smarts"": ""[CX4H0:1](-[O;X2]-*)(-[c;r6])-[C;X4]"",
    ""description"": ""Benzylic quaternary center connected to an ether oxygen, an aryl carbon, and another carbon. Nearest neighbors: O(sp3), aryl C, alkyl C."",
    ""uncertainty"": ""25""
  },
  {
    ""atom_type"": 1000,
    ""element"": ""C"",
    ""chemical_environment"": ""Pyrrole ring carbon at C3 (beta) bonded to a phenyl ring in 3-phenylpyrrole."",
    ""functional_group"": ""biaryl linkage (pyrrole–phenyl) at pyrrole C3"",
    ""hybridization"": ""sp2 (aromatic)"",
    ""example_molecule_smiles"": ""c1c(-c2ccccc2)[nH]cc1"",
    ""group_smarts"": ""[c;r5;$(*~[nH;r5])]-[c;r6]"",
    ""atom_specific_smarts"": ""[c:1;r5;$(*~[nH;r5])]-[c;r6]"",
    ""description"": ""The beta aromatic carbon of a 1H-pyrrole ring that forms the biaryl bond to a benzene carbon. Nearest neighbors: two ring sp2 atoms in pyrrole and one aryl sp2 C."",
    ""uncertainty"": ""70""
  },
  {
    ""atom_type"": 1001,
    ""element"": ""C"",
    ""chemical_environment"": ""Phenyl ipso carbon bonded to the pyrrole ring in 3-phenylpyrrole."",
    ""functional_group"": ""biaryl linkage (phenyl–pyrrole) ipso aryl carbon"",
    ""hybridization"": ""sp2 (aromatic)"",
    ""example_molecule_smiles"": ""c1c(-c2ccccc2)[nH]cc1"",
    ""group_smarts"": ""[c;r6]-[c;r5;$(*~[nH;r5])]"",
    ""atom_specific_smarts"": ""[c:1;r6]-[c;r5;$(*~[nH;r5])]"",
    ""description"": ""The benzene ipso carbon that connects directly to a pyrrole aromatic carbon. Nearest neighbor: an sp2 carbon in a 1H-pyrrole ring."",
    ""uncertainty"": ""70""
  },
  {
    ""atom_type"": 1002,
    ""element"": ""C"",
    ""chemical_environment"": ""Imidazole ring carbon at C4 bonded to a phenyl ring in 4-phenylimidazole."",
    ""functional_group"": ""biaryl linkage (imidazole–phenyl) at imidazole C4"",
    ""hybridization"": ""sp2 (aromatic)"",
    ""example_molecule_smiles"": ""c1ncc([nH]1)c2ccccc2"",
    ""group_smarts"": ""[c;r5;$(*~[n;r5]);$(*~[nH;r5])]-[c;r6]"",
    ""atom_specific_smarts"": ""[c:1;r5;$(*~[n;r5]);$(*~[nH;r5])]-[c;r6]"",
    ""description"": ""An imidazole aromatic carbon that forms the biaryl bond to benzene; the five-member ring contains one [n] and one [nH]. Nearest neighbors: imidazole ring atoms and an aryl sp2 carbon."",
    ""uncertainty"": ""70""
  },
  {
    ""atom_type"": 1003,
    ""element"": ""C"",
    ""chemical_environment"": ""Phenyl ipso carbon bonded to an imidazole ring in 4-phenylimidazole."",
    ""functional_group"": ""biaryl linkage (phenyl–imidazole) ipso aryl carbon"",
    ""hybridization"": ""sp2 (aromatic)"",
    ""example_molecule_smiles"": ""c1ncc([nH]1)c2ccccc2"",
    ""group_smarts"": ""[c;r6]-[c;r5;$(*~[n;r5]);$(*~[nH;r5])]"",
    ""atom_specific_smarts"": ""[c:1;r6]-[c;r5;$(*~[n;r5]);$(*~[nH;r5])]"",
    ""description"": ""Benzene ipso carbon directly connected to an imidazole aromatic carbon. Nearest neighbor: sp2 C in an imidazole ring."",
    ""uncertainty"": ""70""
  },
  {
    ""atom_type"": 1004,
    ""element"": ""C"",
    ""chemical_environment"": ""Aromatic ipso carbon in diphenylmethane (Ph-CH2-Ph)."",
    ""functional_group"": ""diphenylmethane ipso aryl carbon"",
    ""hybridization"": ""sp2 (aromatic)"",
    ""example_molecule_smiles"": ""c1ccccc1CH2c2ccccc2"",
    ""group_smarts"": ""c-[CH2]-[c;r6]"",
    ""atom_specific_smarts"": ""[c:1;r6]-[CH2]-[c;r6]"",
    ""description"": ""Ipso benzene carbon bonded to a benzylic methylene that connects to a second aryl ring. Nearest neighbor: benzylic CH2."",
    ""uncertainty"": ""25""
  },
  {
    ""atom_type"": 1009,
    ""element"": ""C"",
    ""chemical_environment"": ""Aromatic ipso carbon bearing chlorine in chlorobenzene."",
    ""functional_group"": ""aryl chloride ipso carbon"",
    ""hybridization"": ""sp2 (aromatic)"",
    ""example_molecule_smiles"": ""Clc1ccccc1"",
    ""group_smarts"": ""c-Cl"",
    ""atom_specific_smarts"": ""[c:1;r6]-Cl"",
    ""description"": ""Benzene carbon directly bonded to Cl. Nearest neighbors: aromatic carbons and chlorine."",
    ""uncertainty"": ""10""
  },
  {
    ""atom_type"": 1011,
    ""element"": ""C"",
    ""chemical_environment"": ""Primary iodoalkane carbon (including methyl iodide) bonded to iodine."",
    ""functional_group"": ""alkyl iodide (primary) C–I carbon"",
    ""hybridization"": ""sp3 (tetrahedral)"",
    ""example_molecule_smiles"": ""CI"",
    ""group_smarts"": ""[C;X4;H2,H3]-I"",
    ""atom_specific_smarts"": ""[C;X4;H2,H3:1]-I"",
    ""description"": ""sp3 carbon with two or three hydrogens directly bonded to iodine (methyl or primary iodides). Nearest neighbor: I."",
    ""uncertainty"": ""15""
  },
  {
    ""atom_type"": 1012,
    ""element"": ""C"",
    ""chemical_environment"": ""Secondary iodoalkane carbon bonded to iodine."",
    ""functional_group"": ""alkyl iodide (secondary) C–I carbon"",
    ""hybridization"": ""sp3 (tetrahedral)"",
    ""example_molecule_smiles"": ""CC(C)I"",
    ""group_smarts"": ""[CH;X4](-I)(-[C;X4])-[C;X4]"",
    ""atom_specific_smarts"": ""[CH;X4:1](-I)(-[C;X4])-[C;X4]"",
    ""description"": ""sp3 carbon with one hydrogen, attached to two carbons and iodine."",
    ""uncertainty"": ""15""
  },
  {
    ""atom_type"": 1013,
    ""element"": ""C"",
    ""chemical_environment"": ""Tertiary iodoalkane carbon bonded to iodine."",
    ""functional_group"": ""alkyl iodide (tertiary) C–I carbon"",
    ""hybridization"": ""sp3 (tetrahedral)"",
    ""example_molecule_smiles"": ""CC(C)(C)I"",
    ""group_smarts"": ""[CX4H0](-I)(-[C;X4])-[C;X4]"",
    ""atom_specific_smarts"": ""[CX4H0:1](-I)(-[C;X4])-[C;X4]"",
    ""description"": ""sp3 quaternary carbon attached to iodine and two (additional) carbons (total three carbons)."",
    ""uncertainty"": ""15""
  },
  {
    ""atom_type"": 1016,
    ""element"": ""C"",
    ""chemical_environment"": ""Aromatic ipso carbon bearing bromine in bromobenzene."",
    ""functional_group"": ""aryl bromide ipso carbon"",
    ""hybridization"": ""sp2 (aromatic)"",
    ""example_molecule_smiles"": ""Brc1ccccc1"",
    ""group_smarts"": ""c-Br"",
    ""atom_specific_smarts"": ""[c:1;r6]-Br"",
    ""description"": ""Benzene carbon directly bonded to Br. Nearest neighbors: aromatic carbons and bromine."",
    ""uncertainty"": ""10""
  },
  {
    ""atom_type"": 1018,
    ""element"": ""C"",
    ""chemical_environment"": ""Aromatic ipso carbon bearing iodine in iodobenzene."",
    ""functional_group"": ""aryl iodide ipso carbon"",
    ""hybridization"": ""sp2 (aromatic)"",
    ""example_molecule_smiles"": ""Ic1ccccc1"",
    ""group_smarts"": ""c-I"",
    ""atom_specific_smarts"": ""[c:1;r6]-I"",
    ""description"": ""Benzene carbon directly bonded to I. Nearest neighbors: aromatic carbons and iodine."",
    ""uncertainty"": ""10""
  },
  {
    ""atom_type"": 1022,
    ""element"": ""C"",
    ""chemical_environment"": ""Aromatic ipso carbon on the N of an N-phenyl sulfonamide (Ar–N–S(=O)2)."",
    ""functional_group"": ""N-phenyl sulfonamide ipso aryl carbon"",
    ""hybridization"": ""sp2 (aromatic)"",
    ""example_molecule_smiles"": ""O=S(=O)(C)Nc1ccccc1"",
    ""group_smarts"": ""c-[N;X3]-S(=O)(=O)"",
    ""atom_specific_smarts"": ""[c:1;r6]-[N;X3]-S(=O)(=O)"",
    ""description"": ""Ipso benzene carbon bonded to a sulfonamide nitrogen that is attached to a sulfonyl group. Nearest neighbors: aryl C and sulfonamide N."",
    ""uncertainty"": ""25""
  },
  {
    ""atom_type"": 1026,
    ""element"": ""C"",
    ""chemical_environment"": ""Epoxide (oxirane) ring CH2 carbon."",
    ""functional_group"": ""epoxide ring carbon (CH2)"",
    ""hybridization"": ""sp3 (strained tetrahedral)"",
    ""example_molecule_smiles"": ""C1CO1"",
    ""group_smarts"": ""[CH2;R3]-[O;R3]-[C;R3]"",
    ""atom_specific_smarts"": ""[CH2;R3:1]-[O;R3]-[C;R3]"",
    ""description"": ""Three-membered cyclic ether carbon bearing two hydrogens and bonded to ring oxygen. Nearest neighbors: ring O and ring C."",
    ""uncertainty"": ""15""
  },
  {
    ""atom_type"": 1027,
    ""element"": ""C"",
    ""chemical_environment"": ""Epoxide (oxirane) ring CH carbon (monosubstituted)."",
    ""functional_group"": ""epoxide ring carbon (CH)"",
    ""hybridization"": ""sp3 (strained tetrahedral)"",
    ""example_molecule_smiles"": ""CC1CO1"",
    ""group_smarts"": ""[CH;R3]-[O;R3]-[C;R3]"",
    ""atom_specific_smarts"": ""[CH;R3:1]-[O;R3]-[C;R3]"",
    ""description"": ""Three-membered cyclic ether carbon bearing one hydrogen and bonded to ring oxygen. Nearest neighbors: ring O and ring C."",
    ""uncertainty"": ""15""
  }
]"
