Atom_Index,Charge,Info,DataMass,Source,ElementGuess,AtomicNumber,prompt,gpt_output
514,-0.115,C  - CW   | CD1 in TRP,12.011,oplsaa.lt,C,6,"Convert the following OPLS-AA atom type rows:

Atom Type Data:
- Atom index: 514
- Force field raw info: C  - CW   | CD1 in TRP
- Partial charge: -0.115
- Atomic mass: 12.011
- Element guess: C
- Atomic number: 6
- Source file: oplsaa.lt


Atom Type Data:
- Atom index: 515
- Force field raw info: C  - CT   | all-atom C: CH, isopropyl benzene
- Partial charge: 0.055
- Atomic mass: 12.011
- Element guess: C
- Atomic number: 6
- Source file: oplsaa.lt


Atom Type Data:
- Atom index: 516
- Force field raw info: C  - CT   | all-atom C: C, t-butyl benzene
- Partial charge: 0.115
- Atomic mass: 12.011
- Element guess: C
- Atomic number: 6
- Source file: oplsaa.lt


Atom Type Data:
- Atom index: 517
- Force field raw info: C  - CM   | vinyl ether HCOR
- Partial charge: -0.03
- Atomic mass: 12.011
- Element guess: C
- Atomic number: 6
- Source file: oplsaa.lt


Atom Type Data:
- Atom index: 518
- Force field raw info: C  - CM   | vinyl ether RCOR
- Partial charge: 0.085
- Atomic mass: 12.011
- Element guess: C
- Atomic number: 6
- Source file: oplsaa.lt


Atom Type Data:
- Atom index: 519
- Force field raw info: C  - C!   | biphenyl C1
- Partial charge: 0.0
- Atomic mass: 12.011
- Element guess: C
- Atomic number: 6
- Source file: oplsaa.lt


Atom Type Data:
- Atom index: 521
- Force field raw info: C  - CA   | C1 in pyridine CHELPG
- Partial charge: 0.473
- Atomic mass: 12.011
- Element guess: C
- Atomic number: 6
- Source file: oplsaa.lt


Atom Type Data:
- Atom index: 522
- Force field raw info: C  - CA   | C2 in pyridine charges
- Partial charge: -0.447
- Atomic mass: 12.011
- Element guess: C
- Atomic number: 6
- Source file: oplsaa.lt


Atom Type Data:
- Atom index: 523
- Force field raw info: C  - CA   | C3 in pyridine for
- Partial charge: 0.227
- Atomic mass: 12.011
- Element guess: C
- Atomic number: 6
- Source file: oplsaa.lt


Atom Type Data:
- Atom index: 528
- Force field raw info: C  - CA   | C in pyrazine
- Partial charge: 0.192
- Atomic mass: 12.011
- Element guess: C
- Atomic number: 6
- Source file: oplsaa.lt


Atom Type Data:
- Atom index: 531
- Force field raw info: C  - CQ   | C2 in pyrimidine
- Partial charge: 0.874
- Atomic mass: 12.011
- Element guess: C
- Atomic number: 6
- Source file: oplsaa.lt


Atom Type Data:
- Atom index: 532
- Force field raw info: C  - CA   | C4 in pyrimidine
- Partial charge: 0.653
- Atomic mass: 12.011
- Element guess: C
- Atomic number: 6
- Source file: oplsaa.lt


Atom Type Data:
- Atom index: 533
- Force field raw info: C  - CA   | C5 in pyrimidine
- Partial charge: -0.689
- Atomic mass: 12.011
- Element guess: C
- Atomic number: 6
- Source file: oplsaa.lt


Atom Type Data:
- Atom index: 538
- Force field raw info: C  - CA   | C3 in pyridazine
- Partial charge: 0.378
- Atomic mass: 12.011
- Element guess: C
- Atomic number: 6
- Source file: oplsaa.lt


Atom Type Data:
- Atom index: 539
- Force field raw info: C  - CA   | C4 in pyridazine
- Partial charge: -0.16
- Atomic mass: 12.011
- Element guess: C
- Atomic number: 6
- Source file: oplsaa.lt


Atom Type Data:
- Atom index: 543
- Force field raw info: C  - CW   | C2 in pyrrole
- Partial charge: -0.163
- Atomic mass: 12.011
- Element guess: C
- Atomic number: 6
- Source file: oplsaa.lt


Atom Type Data:
- Atom index: 544
- Force field raw info: C  - CS   | C3 in pyrrole
- Partial charge: -0.149
- Atomic mass: 12.011
- Element guess: C
- Atomic number: 6
- Source file: oplsaa.lt


Atom Type Data:
- Atom index: 550
- Force field raw info: C  - CU   | C3 in pyrazole
- Partial charge: 0.246
- Atomic mass: 12.011
- Element guess: C
- Atomic number: 6
- Source file: oplsaa.lt


Atom Type Data:
- Atom index: 551
- Force field raw info: C  - CS   | C4 in pyrazole
- Partial charge: -0.32
- Atomic mass: 12.011
- Element guess: C
- Atomic number: 6
- Source file: oplsaa.lt


Atom Type Data:
- Atom index: 552
- Force field raw info: C  - CW   | C5 in pyrazole
- Partial charge: -0.034
- Atomic mass: 12.011
- Element guess: C
- Atomic number: 6
- Source file: oplsaa.lt
","[
  {
    ""atom_type"": 514,
    ""element"": ""C"",
    ""chemical_environment"": ""aromatic carbon in indole fused system directly bonded to pyrrolic [nH] (CD1 in tryptophan)"",
    ""functional_group"": ""indole (tryptophan side chain)"",
    ""hybridization"": ""sp2"",
    ""example_molecule_smiles"": ""c1ccc2[nH]ccc2c1"",
    ""group_smarts"": ""[c;r6][nH;r5]"",
    ""atom_specific_smarts"": ""[cH;r6][nH;r5]"",
    ""description"": ""CD1 carbon of tryptophan: the benzene-ring carbon of indole that is directly bonded to the pyrrolic [nH]."",
    ""uncertainty"": ""low""
  },
  {
    ""atom_type"": 515,
    ""element"": ""C"",
    ""chemical_environment"": ""tertiary sp3 methine attached to two methyl groups and an aromatic ring (isopropyl benzene junction carbon)"",
    ""functional_group"": ""cumene (isopropyl benzene) side chain"",
    ""hybridization"": ""sp3"",
    ""example_molecule_smiles"": ""CC(C)c1ccccc1"",
    ""group_smarts"": ""[CH](C)(C)a"",
    ""atom_specific_smarts"": ""[CH](C)(C)c1ccccc1"",
    ""description"": ""Methine carbon of an isopropyl group directly bonded to an aromatic carbon and two alkyl carbons."",
    ""uncertainty"": ""low""
  },
  {
    ""atom_type"": 516,
    ""element"": ""C"",
    ""chemical_environment"": ""quaternary sp3 carbon attached to three methyl groups and an aromatic ring (t-butyl benzene junction carbon)"",
    ""functional_group"": ""tert-butyl benzene side chain"",
    ""hybridization"": ""sp3"",
    ""example_molecule_smiles"": ""CC(C)(C)c1ccccc1"",
    ""group_smarts"": ""[C;H0](C)(C)(C)a"",
    ""atom_specific_smarts"": ""[C;H0](C)(C)(C)c1ccccc1"",
    ""description"": ""Central tert-butyl carbon directly bonded to an aromatic carbon and three methyl carbons."",
    ""uncertainty"": ""low""
  },
  {
    ""atom_type"": 517,
    ""element"": ""C"",
    ""chemical_environment"": ""vinylic carbon of enol ether directly bonded to O–R and bearing one hydrogen (HCOR)"",
    ""functional_group"": ""vinyl ether (enol ether, RO–C(H)=C–)"",
    ""hybridization"": ""sp2"",
    ""example_molecule_smiles"": ""C=COC"",
    ""group_smarts"": ""[C;sp2X3]([O;X2]-[*])=[C;sp2]"",
    ""atom_specific_smarts"": ""[CH;sp2X3]([O;X2]-[*])=[C;sp2]"",
    ""description"": ""The enol-ether carbon single-bonded to an ether oxygen (–O–) and double-bonded to another carbon; this specific type carries one hydrogen."",
    ""uncertainty"": ""low""
  },
  {
    ""atom_type"": 518,
    ""element"": ""C"",
    ""chemical_environment"": ""vinylic carbon of enol ether directly bonded to O–R and fully substituted by carbon (no hydrogens) (RCOR)"",
    ""functional_group"": ""vinyl ether (enol ether, RO–C(=C–)R)"",
    ""hybridization"": ""sp2"",
    ""example_molecule_smiles"": ""COC(=C)C"",
    ""group_smarts"": ""[C;sp2X3]([O;X2]-[*])=[C;sp2]"",
    ""atom_specific_smarts"": ""[C;H0;sp2X3]([O;X2]-[*])=[C;sp2]"",
    ""description"": ""The enol-ether carbon single-bonded to an ether oxygen (–O–) and double-bonded to another carbon; this specific type has no hydrogens (substituted by carbon)."",
    ""uncertainty"": ""low""
  },
  {
    ""atom_type"": 519,
    ""element"": ""C"",
    ""chemical_environment"": ""aromatic carbon at the biaryl junction (ipso carbon of one ring bonded via a single bond to an aromatic carbon of another ring)"",
    ""functional_group"": ""biphenyl (biaryl)"",
    ""hybridization"": ""sp2"",
    ""example_molecule_smiles"": ""c1ccccc1-c2ccccc2"",
    ""group_smarts"": ""[cH;r;D3](-a):a"",
    ""atom_specific_smarts"": ""[cH;r6;D3](-c1ccccc1):c"",
    ""description"": ""Biphenyl ipso carbon: a benzene-ring carbon with two aromatic ring neighbors and one exocyclic single bond to an aromatic carbon of a second ring."",
    ""uncertainty"": ""low""
  },
  {
    ""atom_type"": 521,
    ""element"": ""C"",
    ""chemical_environment"": ""pyridine ring carbon ortho (alpha) to ring nitrogen (directly bonded to [n])"",
    ""functional_group"": ""pyridine"",
    ""hybridization"": ""sp2"",
    ""example_molecule_smiles"": ""n1ccccc1"",
    ""group_smarts"": ""[nH0;r6][c;r6]"",
    ""atom_specific_smarts"": ""[nH0]1[cH]cccc1"",
    ""description"": ""Alpha carbon(s) to the pyridine nitrogen: the aromatic carbons directly bonded to the ring [n]."",
    ""uncertainty"": ""medium""
  },
  {
    ""atom_type"": 522,
    ""element"": ""C"",
    ""chemical_environment"": ""pyridine ring carbon meta (beta) to ring nitrogen (one bond removed from the alpha carbon)"",
    ""functional_group"": ""pyridine"",
    ""hybridization"": ""sp2"",
    ""example_molecule_smiles"": ""n1ccccc1"",
    ""group_smarts"": ""[nH0]1c[c;r6]ccc1"",
    ""atom_specific_smarts"": ""[nH0]1c[cH]ccc1"",
    ""description"": ""Beta (meta) carbon(s) in pyridine: aromatic carbons not directly bonded to [n], adjacent to an alpha carbon that is bonded to [n]."",
    ""uncertainty"": ""medium""
  },
  {
    ""atom_type"": 523,
    ""element"": ""C"",
    ""chemical_environment"": ""pyridine ring carbon para (gamma) to ring nitrogen (opposite the [n])"",
    ""functional_group"": ""pyridine"",
    ""hybridization"": ""sp2"",
    ""example_molecule_smiles"": ""n1ccccc1"",
    ""group_smarts"": ""[nH0]1cc[c;r6]cc1"",
    ""atom_specific_smarts"": ""[nH0]1cc[cH]cc1"",
    ""description"": ""Gamma (para) carbon in pyridine: the aromatic carbon opposite the ring nitrogen."",
    ""uncertainty"": ""medium""
  },
  {
    ""atom_type"": 528,
    ""element"": ""C"",
    ""chemical_environment"": ""aromatic carbon within a pyrazine ring (1,4-diazine)"",
    ""functional_group"": ""pyrazine"",
    ""hybridization"": ""sp2"",
    ""example_molecule_smiles"": ""n1ccncc1"",
    ""group_smarts"": ""n1ccncc1"",
    ""atom_specific_smarts"": ""n1[cH]cncc1"",
    ""description"": ""Any ring carbon of pyrazine (1,4-diazine)."",
    ""uncertainty"": ""low""
  },
  {
    ""atom_type"": 531,
    ""element"": ""C"",
    ""chemical_environment"": ""pyrimidine C2: aromatic carbon between two ring nitrogens (alpha to both Ns)"",
    ""functional_group"": ""pyrimidine (1,3-diazine)"",
    ""hybridization"": ""sp2"",
    ""example_molecule_smiles"": ""n1cnccc1"",
    ""group_smarts"": ""n1cnccc1"",
    ""atom_specific_smarts"": ""[nH0]1[cH]nccc1"",
    ""description"": ""Position 2 carbon of pyrimidine, bonded to both ring nitrogens."",
    ""uncertainty"": ""low""
  },
  {
    ""atom_type"": 532,
    ""element"": ""C"",
    ""chemical_environment"": ""pyrimidine C4: aromatic carbon adjacent to the pyridine-like N at position 3 and not adjacent to the N at position 1"",
    ""functional_group"": ""pyrimidine (1,3-diazine)"",
    ""hybridization"": ""sp2"",
    ""example_molecule_smiles"": ""n1cnccc1"",
    ""group_smarts"": ""n1c[nH0]ccc1"",
    ""atom_specific_smarts"": ""n1c[nH0][cH]cc1"",
    ""description"": ""Position 4 carbon of pyrimidine, next to the N at position 3."",
    ""uncertainty"": ""low""
  },
  {
    ""atom_type"": 533,
    ""element"": ""C"",
    ""chemical_environment"": ""pyrimidine C5: aromatic carbon meta to both nitrogens (between C4 and C6)"",
    ""functional_group"": ""pyrimidine (1,3-diazine)"",
    ""hybridization"": ""sp2"",
    ""example_molecule_smiles"": ""n1cnccc1"",
    ""group_smarts"": ""n1cnccc1"",
    ""atom_specific_smarts"": ""n1cn[cH]cc1"",
    ""description"": ""Position 5 carbon of pyrimidine, not directly bonded to either ring nitrogen."",
    ""uncertainty"": ""low""
  },
  {
    ""atom_type"": 538,
    ""element"": ""C"",
    ""chemical_environment"": ""pyridazine C3: aromatic carbon alpha to the N at position 2 (adjacent to one N) in 1,2-diazine"",
    ""functional_group"": ""pyridazine (1,2-diazine)"",
    ""hybridization"": ""sp2"",
    ""example_molecule_smiles"": ""n1ncccc1"",
    ""group_smarts"": ""n1ncccc1"",
    ""atom_specific_smarts"": ""[nH0]1[nH0][cH]ccc1"",
    ""description"": ""Position 3 carbon of pyridazine, adjacent to the N at position 2."",
    ""uncertainty"": ""low""
  },
  {
    ""atom_type"": 539,
    ""element"": ""C"",
    ""chemical_environment"": ""pyridazine C4: aromatic carbon beta to both nitrogens (not directly bonded to either N) in 1,2-diazine"",
    ""functional_group"": ""pyridazine (1,2-diazine)"",
    ""hybridization"": ""sp2"",
    ""example_molecule_smiles"": ""n1ncccc1"",
    ""group_smarts"": ""n1ncccc1"",
    ""atom_specific_smarts"": ""n1n[cH]cc c1"",
    ""description"": ""Position 4 carbon of pyridazine, not directly attached to an N."",
    ""uncertainty"": ""low""
  },
  {
    ""atom_type"": 543,
    ""element"": ""C"",
    ""chemical_environment"": ""pyrrole C2: aromatic carbon alpha to pyrrolic [nH] (directly bonded to [nH])"",
    ""functional_group"": ""pyrrole"",
    ""hybridization"": ""sp2"",
    ""example_molecule_smiles"": ""[nH]1cccc1"",
    ""group_smarts"": ""[nH;r5][c;r5]"",
    ""atom_specific_smarts"": ""[nH]1[cH]ccc1"",
    ""description"": ""Position 2 carbon of pyrrole, directly bonded to the ring [nH]."",
    ""uncertainty"": ""low""
  },
  {
    ""atom_type"": 544,
    ""element"": ""C"",
    ""chemical_environment"": ""pyrrole C3: aromatic carbon beta to pyrrolic [nH] (not directly bonded to [nH])"",
    ""functional_group"": ""pyrrole"",
    ""hybridization"": ""sp2"",
    ""example_molecule_smiles"": ""[nH]1cccc1"",
    ""group_smarts"": ""[nH]1c[c;r5]cc1"",
    ""atom_specific_smarts"": ""[nH]1c[cH]cc1"",
    ""description"": ""Position 3 carbon of pyrrole, one bond removed from the [nH]."",
    ""uncertainty"": ""low""
  },
  {
    ""atom_type"": 550,
    ""element"": ""C"",
    ""chemical_environment"": ""pyrazole C3: aromatic carbon between [nH] (pyrrolic) and [n] (pyridine-like), i.e., adjacent to both nitrogens"",
    ""functional_group"": ""pyrazole"",
    ""hybridization"": ""sp2"",
    ""example_molecule_smiles"": ""[nH]1nccc1"",
    ""group_smarts"": ""[nH]1[n][c;r5]cc1"",
    ""atom_specific_smarts"": ""[nH]1[n][cH]cc1"",
    ""description"": ""Position 3 carbon of pyrazole, bonded to both ring nitrogens (one [nH], one [n])."",
    ""uncertainty"": ""low""
  },
  {
    ""atom_type"": 551,
    ""element"": ""C"",
    ""chemical_environment"": ""pyrazole C4: aromatic carbon adjacent to the pyridine-like [n] (position 2) and not to [nH]"",
    ""functional_group"": ""pyrazole"",
    ""hybridization"": ""sp2"",
    ""example_molecule_smiles"": ""[nH]1nccc1"",
    ""group_smarts"": ""[nH]1n[c][c;r5]c1"",
    ""atom_specific_smarts"": ""[nH]1n[c][cH]c1"",
    ""description"": ""Position 4 carbon of pyrazole, adjacent to the ring [n] and not directly bonded to [nH]."",
    ""uncertainty"": ""low""
  },
  {
    ""atom_type"": 552,
    ""element"": ""C"",
    ""chemical_environment"": ""pyrazole C5: aromatic carbon adjacent to the pyrrolic [nH] and not to the pyridine-like [n]"",
    ""functional_group"": ""pyrazole"",
    ""hybridization"": ""sp2"",
    ""example_molecule_smiles"": ""[nH]1nccc1"",
    ""group_smarts"": ""[nH]1nc[c;r5]c1"",
    ""atom_specific_smarts"": ""[nH]1ncc[cH]1"",
    ""description"": ""Position 5 carbon of pyrazole, adjacent to the [nH] and not directly bonded to the pyridine-like [n]."",
    ""uncertainty"": ""low""
  }
]"
515,0.055,"C  - CT   | all-atom C: CH, isopropyl benzene",12.011,oplsaa.lt,C,6,"Convert the following OPLS-AA atom type rows:

Atom Type Data:
- Atom index: 514
- Force field raw info: C  - CW   | CD1 in TRP
- Partial charge: -0.115
- Atomic mass: 12.011
- Element guess: C
- Atomic number: 6
- Source file: oplsaa.lt


Atom Type Data:
- Atom index: 515
- Force field raw info: C  - CT   | all-atom C: CH, isopropyl benzene
- Partial charge: 0.055
- Atomic mass: 12.011
- Element guess: C
- Atomic number: 6
- Source file: oplsaa.lt


Atom Type Data:
- Atom index: 516
- Force field raw info: C  - CT   | all-atom C: C, t-butyl benzene
- Partial charge: 0.115
- Atomic mass: 12.011
- Element guess: C
- Atomic number: 6
- Source file: oplsaa.lt


Atom Type Data:
- Atom index: 517
- Force field raw info: C  - CM   | vinyl ether HCOR
- Partial charge: -0.03
- Atomic mass: 12.011
- Element guess: C
- Atomic number: 6
- Source file: oplsaa.lt


Atom Type Data:
- Atom index: 518
- Force field raw info: C  - CM   | vinyl ether RCOR
- Partial charge: 0.085
- Atomic mass: 12.011
- Element guess: C
- Atomic number: 6
- Source file: oplsaa.lt


Atom Type Data:
- Atom index: 519
- Force field raw info: C  - C!   | biphenyl C1
- Partial charge: 0.0
- Atomic mass: 12.011
- Element guess: C
- Atomic number: 6
- Source file: oplsaa.lt


Atom Type Data:
- Atom index: 521
- Force field raw info: C  - CA   | C1 in pyridine CHELPG
- Partial charge: 0.473
- Atomic mass: 12.011
- Element guess: C
- Atomic number: 6
- Source file: oplsaa.lt


Atom Type Data:
- Atom index: 522
- Force field raw info: C  - CA   | C2 in pyridine charges
- Partial charge: -0.447
- Atomic mass: 12.011
- Element guess: C
- Atomic number: 6
- Source file: oplsaa.lt


Atom Type Data:
- Atom index: 523
- Force field raw info: C  - CA   | C3 in pyridine for
- Partial charge: 0.227
- Atomic mass: 12.011
- Element guess: C
- Atomic number: 6
- Source file: oplsaa.lt


Atom Type Data:
- Atom index: 528
- Force field raw info: C  - CA   | C in pyrazine
- Partial charge: 0.192
- Atomic mass: 12.011
- Element guess: C
- Atomic number: 6
- Source file: oplsaa.lt


Atom Type Data:
- Atom index: 531
- Force field raw info: C  - CQ   | C2 in pyrimidine
- Partial charge: 0.874
- Atomic mass: 12.011
- Element guess: C
- Atomic number: 6
- Source file: oplsaa.lt


Atom Type Data:
- Atom index: 532
- Force field raw info: C  - CA   | C4 in pyrimidine
- Partial charge: 0.653
- Atomic mass: 12.011
- Element guess: C
- Atomic number: 6
- Source file: oplsaa.lt


Atom Type Data:
- Atom index: 533
- Force field raw info: C  - CA   | C5 in pyrimidine
- Partial charge: -0.689
- Atomic mass: 12.011
- Element guess: C
- Atomic number: 6
- Source file: oplsaa.lt


Atom Type Data:
- Atom index: 538
- Force field raw info: C  - CA   | C3 in pyridazine
- Partial charge: 0.378
- Atomic mass: 12.011
- Element guess: C
- Atomic number: 6
- Source file: oplsaa.lt


Atom Type Data:
- Atom index: 539
- Force field raw info: C  - CA   | C4 in pyridazine
- Partial charge: -0.16
- Atomic mass: 12.011
- Element guess: C
- Atomic number: 6
- Source file: oplsaa.lt


Atom Type Data:
- Atom index: 543
- Force field raw info: C  - CW   | C2 in pyrrole
- Partial charge: -0.163
- Atomic mass: 12.011
- Element guess: C
- Atomic number: 6
- Source file: oplsaa.lt


Atom Type Data:
- Atom index: 544
- Force field raw info: C  - CS   | C3 in pyrrole
- Partial charge: -0.149
- Atomic mass: 12.011
- Element guess: C
- Atomic number: 6
- Source file: oplsaa.lt


Atom Type Data:
- Atom index: 550
- Force field raw info: C  - CU   | C3 in pyrazole
- Partial charge: 0.246
- Atomic mass: 12.011
- Element guess: C
- Atomic number: 6
- Source file: oplsaa.lt


Atom Type Data:
- Atom index: 551
- Force field raw info: C  - CS   | C4 in pyrazole
- Partial charge: -0.32
- Atomic mass: 12.011
- Element guess: C
- Atomic number: 6
- Source file: oplsaa.lt


Atom Type Data:
- Atom index: 552
- Force field raw info: C  - CW   | C5 in pyrazole
- Partial charge: -0.034
- Atomic mass: 12.011
- Element guess: C
- Atomic number: 6
- Source file: oplsaa.lt
","[
  {
    ""atom_type"": 514,
    ""element"": ""C"",
    ""chemical_environment"": ""aromatic carbon in indole fused system directly bonded to pyrrolic [nH] (CD1 in tryptophan)"",
    ""functional_group"": ""indole (tryptophan side chain)"",
    ""hybridization"": ""sp2"",
    ""example_molecule_smiles"": ""c1ccc2[nH]ccc2c1"",
    ""group_smarts"": ""[c;r6][nH;r5]"",
    ""atom_specific_smarts"": ""[cH;r6][nH;r5]"",
    ""description"": ""CD1 carbon of tryptophan: the benzene-ring carbon of indole that is directly bonded to the pyrrolic [nH]."",
    ""uncertainty"": ""low""
  },
  {
    ""atom_type"": 515,
    ""element"": ""C"",
    ""chemical_environment"": ""tertiary sp3 methine attached to two methyl groups and an aromatic ring (isopropyl benzene junction carbon)"",
    ""functional_group"": ""cumene (isopropyl benzene) side chain"",
    ""hybridization"": ""sp3"",
    ""example_molecule_smiles"": ""CC(C)c1ccccc1"",
    ""group_smarts"": ""[CH](C)(C)a"",
    ""atom_specific_smarts"": ""[CH](C)(C)c1ccccc1"",
    ""description"": ""Methine carbon of an isopropyl group directly bonded to an aromatic carbon and two alkyl carbons."",
    ""uncertainty"": ""low""
  },
  {
    ""atom_type"": 516,
    ""element"": ""C"",
    ""chemical_environment"": ""quaternary sp3 carbon attached to three methyl groups and an aromatic ring (t-butyl benzene junction carbon)"",
    ""functional_group"": ""tert-butyl benzene side chain"",
    ""hybridization"": ""sp3"",
    ""example_molecule_smiles"": ""CC(C)(C)c1ccccc1"",
    ""group_smarts"": ""[C;H0](C)(C)(C)a"",
    ""atom_specific_smarts"": ""[C;H0](C)(C)(C)c1ccccc1"",
    ""description"": ""Central tert-butyl carbon directly bonded to an aromatic carbon and three methyl carbons."",
    ""uncertainty"": ""low""
  },
  {
    ""atom_type"": 517,
    ""element"": ""C"",
    ""chemical_environment"": ""vinylic carbon of enol ether directly bonded to O–R and bearing one hydrogen (HCOR)"",
    ""functional_group"": ""vinyl ether (enol ether, RO–C(H)=C–)"",
    ""hybridization"": ""sp2"",
    ""example_molecule_smiles"": ""C=COC"",
    ""group_smarts"": ""[C;sp2X3]([O;X2]-[*])=[C;sp2]"",
    ""atom_specific_smarts"": ""[CH;sp2X3]([O;X2]-[*])=[C;sp2]"",
    ""description"": ""The enol-ether carbon single-bonded to an ether oxygen (–O–) and double-bonded to another carbon; this specific type carries one hydrogen."",
    ""uncertainty"": ""low""
  },
  {
    ""atom_type"": 518,
    ""element"": ""C"",
    ""chemical_environment"": ""vinylic carbon of enol ether directly bonded to O–R and fully substituted by carbon (no hydrogens) (RCOR)"",
    ""functional_group"": ""vinyl ether (enol ether, RO–C(=C–)R)"",
    ""hybridization"": ""sp2"",
    ""example_molecule_smiles"": ""COC(=C)C"",
    ""group_smarts"": ""[C;sp2X3]([O;X2]-[*])=[C;sp2]"",
    ""atom_specific_smarts"": ""[C;H0;sp2X3]([O;X2]-[*])=[C;sp2]"",
    ""description"": ""The enol-ether carbon single-bonded to an ether oxygen (–O–) and double-bonded to another carbon; this specific type has no hydrogens (substituted by carbon)."",
    ""uncertainty"": ""low""
  },
  {
    ""atom_type"": 519,
    ""element"": ""C"",
    ""chemical_environment"": ""aromatic carbon at the biaryl junction (ipso carbon of one ring bonded via a single bond to an aromatic carbon of another ring)"",
    ""functional_group"": ""biphenyl (biaryl)"",
    ""hybridization"": ""sp2"",
    ""example_molecule_smiles"": ""c1ccccc1-c2ccccc2"",
    ""group_smarts"": ""[cH;r;D3](-a):a"",
    ""atom_specific_smarts"": ""[cH;r6;D3](-c1ccccc1):c"",
    ""description"": ""Biphenyl ipso carbon: a benzene-ring carbon with two aromatic ring neighbors and one exocyclic single bond to an aromatic carbon of a second ring."",
    ""uncertainty"": ""low""
  },
  {
    ""atom_type"": 521,
    ""element"": ""C"",
    ""chemical_environment"": ""pyridine ring carbon ortho (alpha) to ring nitrogen (directly bonded to [n])"",
    ""functional_group"": ""pyridine"",
    ""hybridization"": ""sp2"",
    ""example_molecule_smiles"": ""n1ccccc1"",
    ""group_smarts"": ""[nH0;r6][c;r6]"",
    ""atom_specific_smarts"": ""[nH0]1[cH]cccc1"",
    ""description"": ""Alpha carbon(s) to the pyridine nitrogen: the aromatic carbons directly bonded to the ring [n]."",
    ""uncertainty"": ""medium""
  },
  {
    ""atom_type"": 522,
    ""element"": ""C"",
    ""chemical_environment"": ""pyridine ring carbon meta (beta) to ring nitrogen (one bond removed from the alpha carbon)"",
    ""functional_group"": ""pyridine"",
    ""hybridization"": ""sp2"",
    ""example_molecule_smiles"": ""n1ccccc1"",
    ""group_smarts"": ""[nH0]1c[c;r6]ccc1"",
    ""atom_specific_smarts"": ""[nH0]1c[cH]ccc1"",
    ""description"": ""Beta (meta) carbon(s) in pyridine: aromatic carbons not directly bonded to [n], adjacent to an alpha carbon that is bonded to [n]."",
    ""uncertainty"": ""medium""
  },
  {
    ""atom_type"": 523,
    ""element"": ""C"",
    ""chemical_environment"": ""pyridine ring carbon para (gamma) to ring nitrogen (opposite the [n])"",
    ""functional_group"": ""pyridine"",
    ""hybridization"": ""sp2"",
    ""example_molecule_smiles"": ""n1ccccc1"",
    ""group_smarts"": ""[nH0]1cc[c;r6]cc1"",
    ""atom_specific_smarts"": ""[nH0]1cc[cH]cc1"",
    ""description"": ""Gamma (para) carbon in pyridine: the aromatic carbon opposite the ring nitrogen."",
    ""uncertainty"": ""medium""
  },
  {
    ""atom_type"": 528,
    ""element"": ""C"",
    ""chemical_environment"": ""aromatic carbon within a pyrazine ring (1,4-diazine)"",
    ""functional_group"": ""pyrazine"",
    ""hybridization"": ""sp2"",
    ""example_molecule_smiles"": ""n1ccncc1"",
    ""group_smarts"": ""n1ccncc1"",
    ""atom_specific_smarts"": ""n1[cH]cncc1"",
    ""description"": ""Any ring carbon of pyrazine (1,4-diazine)."",
    ""uncertainty"": ""low""
  },
  {
    ""atom_type"": 531,
    ""element"": ""C"",
    ""chemical_environment"": ""pyrimidine C2: aromatic carbon between two ring nitrogens (alpha to both Ns)"",
    ""functional_group"": ""pyrimidine (1,3-diazine)"",
    ""hybridization"": ""sp2"",
    ""example_molecule_smiles"": ""n1cnccc1"",
    ""group_smarts"": ""n1cnccc1"",
    ""atom_specific_smarts"": ""[nH0]1[cH]nccc1"",
    ""description"": ""Position 2 carbon of pyrimidine, bonded to both ring nitrogens."",
    ""uncertainty"": ""low""
  },
  {
    ""atom_type"": 532,
    ""element"": ""C"",
    ""chemical_environment"": ""pyrimidine C4: aromatic carbon adjacent to the pyridine-like N at position 3 and not adjacent to the N at position 1"",
    ""functional_group"": ""pyrimidine (1,3-diazine)"",
    ""hybridization"": ""sp2"",
    ""example_molecule_smiles"": ""n1cnccc1"",
    ""group_smarts"": ""n1c[nH0]ccc1"",
    ""atom_specific_smarts"": ""n1c[nH0][cH]cc1"",
    ""description"": ""Position 4 carbon of pyrimidine, next to the N at position 3."",
    ""uncertainty"": ""low""
  },
  {
    ""atom_type"": 533,
    ""element"": ""C"",
    ""chemical_environment"": ""pyrimidine C5: aromatic carbon meta to both nitrogens (between C4 and C6)"",
    ""functional_group"": ""pyrimidine (1,3-diazine)"",
    ""hybridization"": ""sp2"",
    ""example_molecule_smiles"": ""n1cnccc1"",
    ""group_smarts"": ""n1cnccc1"",
    ""atom_specific_smarts"": ""n1cn[cH]cc1"",
    ""description"": ""Position 5 carbon of pyrimidine, not directly bonded to either ring nitrogen."",
    ""uncertainty"": ""low""
  },
  {
    ""atom_type"": 538,
    ""element"": ""C"",
    ""chemical_environment"": ""pyridazine C3: aromatic carbon alpha to the N at position 2 (adjacent to one N) in 1,2-diazine"",
    ""functional_group"": ""pyridazine (1,2-diazine)"",
    ""hybridization"": ""sp2"",
    ""example_molecule_smiles"": ""n1ncccc1"",
    ""group_smarts"": ""n1ncccc1"",
    ""atom_specific_smarts"": ""[nH0]1[nH0][cH]ccc1"",
    ""description"": ""Position 3 carbon of pyridazine, adjacent to the N at position 2."",
    ""uncertainty"": ""low""
  },
  {
    ""atom_type"": 539,
    ""element"": ""C"",
    ""chemical_environment"": ""pyridazine C4: aromatic carbon beta to both nitrogens (not directly bonded to either N) in 1,2-diazine"",
    ""functional_group"": ""pyridazine (1,2-diazine)"",
    ""hybridization"": ""sp2"",
    ""example_molecule_smiles"": ""n1ncccc1"",
    ""group_smarts"": ""n1ncccc1"",
    ""atom_specific_smarts"": ""n1n[cH]cc c1"",
    ""description"": ""Position 4 carbon of pyridazine, not directly attached to an N."",
    ""uncertainty"": ""low""
  },
  {
    ""atom_type"": 543,
    ""element"": ""C"",
    ""chemical_environment"": ""pyrrole C2: aromatic carbon alpha to pyrrolic [nH] (directly bonded to [nH])"",
    ""functional_group"": ""pyrrole"",
    ""hybridization"": ""sp2"",
    ""example_molecule_smiles"": ""[nH]1cccc1"",
    ""group_smarts"": ""[nH;r5][c;r5]"",
    ""atom_specific_smarts"": ""[nH]1[cH]ccc1"",
    ""description"": ""Position 2 carbon of pyrrole, directly bonded to the ring [nH]."",
    ""uncertainty"": ""low""
  },
  {
    ""atom_type"": 544,
    ""element"": ""C"",
    ""chemical_environment"": ""pyrrole C3: aromatic carbon beta to pyrrolic [nH] (not directly bonded to [nH])"",
    ""functional_group"": ""pyrrole"",
    ""hybridization"": ""sp2"",
    ""example_molecule_smiles"": ""[nH]1cccc1"",
    ""group_smarts"": ""[nH]1c[c;r5]cc1"",
    ""atom_specific_smarts"": ""[nH]1c[cH]cc1"",
    ""description"": ""Position 3 carbon of pyrrole, one bond removed from the [nH]."",
    ""uncertainty"": ""low""
  },
  {
    ""atom_type"": 550,
    ""element"": ""C"",
    ""chemical_environment"": ""pyrazole C3: aromatic carbon between [nH] (pyrrolic) and [n] (pyridine-like), i.e., adjacent to both nitrogens"",
    ""functional_group"": ""pyrazole"",
    ""hybridization"": ""sp2"",
    ""example_molecule_smiles"": ""[nH]1nccc1"",
    ""group_smarts"": ""[nH]1[n][c;r5]cc1"",
    ""atom_specific_smarts"": ""[nH]1[n][cH]cc1"",
    ""description"": ""Position 3 carbon of pyrazole, bonded to both ring nitrogens (one [nH], one [n])."",
    ""uncertainty"": ""low""
  },
  {
    ""atom_type"": 551,
    ""element"": ""C"",
    ""chemical_environment"": ""pyrazole C4: aromatic carbon adjacent to the pyridine-like [n] (position 2) and not to [nH]"",
    ""functional_group"": ""pyrazole"",
    ""hybridization"": ""sp2"",
    ""example_molecule_smiles"": ""[nH]1nccc1"",
    ""group_smarts"": ""[nH]1n[c][c;r5]c1"",
    ""atom_specific_smarts"": ""[nH]1n[c][cH]c1"",
    ""description"": ""Position 4 carbon of pyrazole, adjacent to the ring [n] and not directly bonded to [nH]."",
    ""uncertainty"": ""low""
  },
  {
    ""atom_type"": 552,
    ""element"": ""C"",
    ""chemical_environment"": ""pyrazole C5: aromatic carbon adjacent to the pyrrolic [nH] and not to the pyridine-like [n]"",
    ""functional_group"": ""pyrazole"",
    ""hybridization"": ""sp2"",
    ""example_molecule_smiles"": ""[nH]1nccc1"",
    ""group_smarts"": ""[nH]1nc[c;r5]c1"",
    ""atom_specific_smarts"": ""[nH]1ncc[cH]1"",
    ""description"": ""Position 5 carbon of pyrazole, adjacent to the [nH] and not directly bonded to the pyridine-like [n]."",
    ""uncertainty"": ""low""
  }
]"
516,0.115,"C  - CT   | all-atom C: C, t-butyl benzene",12.011,oplsaa.lt,C,6,"Convert the following OPLS-AA atom type rows:

Atom Type Data:
- Atom index: 514
- Force field raw info: C  - CW   | CD1 in TRP
- Partial charge: -0.115
- Atomic mass: 12.011
- Element guess: C
- Atomic number: 6
- Source file: oplsaa.lt


Atom Type Data:
- Atom index: 515
- Force field raw info: C  - CT   | all-atom C: CH, isopropyl benzene
- Partial charge: 0.055
- Atomic mass: 12.011
- Element guess: C
- Atomic number: 6
- Source file: oplsaa.lt


Atom Type Data:
- Atom index: 516
- Force field raw info: C  - CT   | all-atom C: C, t-butyl benzene
- Partial charge: 0.115
- Atomic mass: 12.011
- Element guess: C
- Atomic number: 6
- Source file: oplsaa.lt


Atom Type Data:
- Atom index: 517
- Force field raw info: C  - CM   | vinyl ether HCOR
- Partial charge: -0.03
- Atomic mass: 12.011
- Element guess: C
- Atomic number: 6
- Source file: oplsaa.lt


Atom Type Data:
- Atom index: 518
- Force field raw info: C  - CM   | vinyl ether RCOR
- Partial charge: 0.085
- Atomic mass: 12.011
- Element guess: C
- Atomic number: 6
- Source file: oplsaa.lt


Atom Type Data:
- Atom index: 519
- Force field raw info: C  - C!   | biphenyl C1
- Partial charge: 0.0
- Atomic mass: 12.011
- Element guess: C
- Atomic number: 6
- Source file: oplsaa.lt


Atom Type Data:
- Atom index: 521
- Force field raw info: C  - CA   | C1 in pyridine CHELPG
- Partial charge: 0.473
- Atomic mass: 12.011
- Element guess: C
- Atomic number: 6
- Source file: oplsaa.lt


Atom Type Data:
- Atom index: 522
- Force field raw info: C  - CA   | C2 in pyridine charges
- Partial charge: -0.447
- Atomic mass: 12.011
- Element guess: C
- Atomic number: 6
- Source file: oplsaa.lt


Atom Type Data:
- Atom index: 523
- Force field raw info: C  - CA   | C3 in pyridine for
- Partial charge: 0.227
- Atomic mass: 12.011
- Element guess: C
- Atomic number: 6
- Source file: oplsaa.lt


Atom Type Data:
- Atom index: 528
- Force field raw info: C  - CA   | C in pyrazine
- Partial charge: 0.192
- Atomic mass: 12.011
- Element guess: C
- Atomic number: 6
- Source file: oplsaa.lt


Atom Type Data:
- Atom index: 531
- Force field raw info: C  - CQ   | C2 in pyrimidine
- Partial charge: 0.874
- Atomic mass: 12.011
- Element guess: C
- Atomic number: 6
- Source file: oplsaa.lt


Atom Type Data:
- Atom index: 532
- Force field raw info: C  - CA   | C4 in pyrimidine
- Partial charge: 0.653
- Atomic mass: 12.011
- Element guess: C
- Atomic number: 6
- Source file: oplsaa.lt


Atom Type Data:
- Atom index: 533
- Force field raw info: C  - CA   | C5 in pyrimidine
- Partial charge: -0.689
- Atomic mass: 12.011
- Element guess: C
- Atomic number: 6
- Source file: oplsaa.lt


Atom Type Data:
- Atom index: 538
- Force field raw info: C  - CA   | C3 in pyridazine
- Partial charge: 0.378
- Atomic mass: 12.011
- Element guess: C
- Atomic number: 6
- Source file: oplsaa.lt


Atom Type Data:
- Atom index: 539
- Force field raw info: C  - CA   | C4 in pyridazine
- Partial charge: -0.16
- Atomic mass: 12.011
- Element guess: C
- Atomic number: 6
- Source file: oplsaa.lt


Atom Type Data:
- Atom index: 543
- Force field raw info: C  - CW   | C2 in pyrrole
- Partial charge: -0.163
- Atomic mass: 12.011
- Element guess: C
- Atomic number: 6
- Source file: oplsaa.lt


Atom Type Data:
- Atom index: 544
- Force field raw info: C  - CS   | C3 in pyrrole
- Partial charge: -0.149
- Atomic mass: 12.011
- Element guess: C
- Atomic number: 6
- Source file: oplsaa.lt


Atom Type Data:
- Atom index: 550
- Force field raw info: C  - CU   | C3 in pyrazole
- Partial charge: 0.246
- Atomic mass: 12.011
- Element guess: C
- Atomic number: 6
- Source file: oplsaa.lt


Atom Type Data:
- Atom index: 551
- Force field raw info: C  - CS   | C4 in pyrazole
- Partial charge: -0.32
- Atomic mass: 12.011
- Element guess: C
- Atomic number: 6
- Source file: oplsaa.lt


Atom Type Data:
- Atom index: 552
- Force field raw info: C  - CW   | C5 in pyrazole
- Partial charge: -0.034
- Atomic mass: 12.011
- Element guess: C
- Atomic number: 6
- Source file: oplsaa.lt
","[
  {
    ""atom_type"": 514,
    ""element"": ""C"",
    ""chemical_environment"": ""aromatic carbon in indole fused system directly bonded to pyrrolic [nH] (CD1 in tryptophan)"",
    ""functional_group"": ""indole (tryptophan side chain)"",
    ""hybridization"": ""sp2"",
    ""example_molecule_smiles"": ""c1ccc2[nH]ccc2c1"",
    ""group_smarts"": ""[c;r6][nH;r5]"",
    ""atom_specific_smarts"": ""[cH;r6][nH;r5]"",
    ""description"": ""CD1 carbon of tryptophan: the benzene-ring carbon of indole that is directly bonded to the pyrrolic [nH]."",
    ""uncertainty"": ""low""
  },
  {
    ""atom_type"": 515,
    ""element"": ""C"",
    ""chemical_environment"": ""tertiary sp3 methine attached to two methyl groups and an aromatic ring (isopropyl benzene junction carbon)"",
    ""functional_group"": ""cumene (isopropyl benzene) side chain"",
    ""hybridization"": ""sp3"",
    ""example_molecule_smiles"": ""CC(C)c1ccccc1"",
    ""group_smarts"": ""[CH](C)(C)a"",
    ""atom_specific_smarts"": ""[CH](C)(C)c1ccccc1"",
    ""description"": ""Methine carbon of an isopropyl group directly bonded to an aromatic carbon and two alkyl carbons."",
    ""uncertainty"": ""low""
  },
  {
    ""atom_type"": 516,
    ""element"": ""C"",
    ""chemical_environment"": ""quaternary sp3 carbon attached to three methyl groups and an aromatic ring (t-butyl benzene junction carbon)"",
    ""functional_group"": ""tert-butyl benzene side chain"",
    ""hybridization"": ""sp3"",
    ""example_molecule_smiles"": ""CC(C)(C)c1ccccc1"",
    ""group_smarts"": ""[C;H0](C)(C)(C)a"",
    ""atom_specific_smarts"": ""[C;H0](C)(C)(C)c1ccccc1"",
    ""description"": ""Central tert-butyl carbon directly bonded to an aromatic carbon and three methyl carbons."",
    ""uncertainty"": ""low""
  },
  {
    ""atom_type"": 517,
    ""element"": ""C"",
    ""chemical_environment"": ""vinylic carbon of enol ether directly bonded to O–R and bearing one hydrogen (HCOR)"",
    ""functional_group"": ""vinyl ether (enol ether, RO–C(H)=C–)"",
    ""hybridization"": ""sp2"",
    ""example_molecule_smiles"": ""C=COC"",
    ""group_smarts"": ""[C;sp2X3]([O;X2]-[*])=[C;sp2]"",
    ""atom_specific_smarts"": ""[CH;sp2X3]([O;X2]-[*])=[C;sp2]"",
    ""description"": ""The enol-ether carbon single-bonded to an ether oxygen (–O–) and double-bonded to another carbon; this specific type carries one hydrogen."",
    ""uncertainty"": ""low""
  },
  {
    ""atom_type"": 518,
    ""element"": ""C"",
    ""chemical_environment"": ""vinylic carbon of enol ether directly bonded to O–R and fully substituted by carbon (no hydrogens) (RCOR)"",
    ""functional_group"": ""vinyl ether (enol ether, RO–C(=C–)R)"",
    ""hybridization"": ""sp2"",
    ""example_molecule_smiles"": ""COC(=C)C"",
    ""group_smarts"": ""[C;sp2X3]([O;X2]-[*])=[C;sp2]"",
    ""atom_specific_smarts"": ""[C;H0;sp2X3]([O;X2]-[*])=[C;sp2]"",
    ""description"": ""The enol-ether carbon single-bonded to an ether oxygen (–O–) and double-bonded to another carbon; this specific type has no hydrogens (substituted by carbon)."",
    ""uncertainty"": ""low""
  },
  {
    ""atom_type"": 519,
    ""element"": ""C"",
    ""chemical_environment"": ""aromatic carbon at the biaryl junction (ipso carbon of one ring bonded via a single bond to an aromatic carbon of another ring)"",
    ""functional_group"": ""biphenyl (biaryl)"",
    ""hybridization"": ""sp2"",
    ""example_molecule_smiles"": ""c1ccccc1-c2ccccc2"",
    ""group_smarts"": ""[cH;r;D3](-a):a"",
    ""atom_specific_smarts"": ""[cH;r6;D3](-c1ccccc1):c"",
    ""description"": ""Biphenyl ipso carbon: a benzene-ring carbon with two aromatic ring neighbors and one exocyclic single bond to an aromatic carbon of a second ring."",
    ""uncertainty"": ""low""
  },
  {
    ""atom_type"": 521,
    ""element"": ""C"",
    ""chemical_environment"": ""pyridine ring carbon ortho (alpha) to ring nitrogen (directly bonded to [n])"",
    ""functional_group"": ""pyridine"",
    ""hybridization"": ""sp2"",
    ""example_molecule_smiles"": ""n1ccccc1"",
    ""group_smarts"": ""[nH0;r6][c;r6]"",
    ""atom_specific_smarts"": ""[nH0]1[cH]cccc1"",
    ""description"": ""Alpha carbon(s) to the pyridine nitrogen: the aromatic carbons directly bonded to the ring [n]."",
    ""uncertainty"": ""medium""
  },
  {
    ""atom_type"": 522,
    ""element"": ""C"",
    ""chemical_environment"": ""pyridine ring carbon meta (beta) to ring nitrogen (one bond removed from the alpha carbon)"",
    ""functional_group"": ""pyridine"",
    ""hybridization"": ""sp2"",
    ""example_molecule_smiles"": ""n1ccccc1"",
    ""group_smarts"": ""[nH0]1c[c;r6]ccc1"",
    ""atom_specific_smarts"": ""[nH0]1c[cH]ccc1"",
    ""description"": ""Beta (meta) carbon(s) in pyridine: aromatic carbons not directly bonded to [n], adjacent to an alpha carbon that is bonded to [n]."",
    ""uncertainty"": ""medium""
  },
  {
    ""atom_type"": 523,
    ""element"": ""C"",
    ""chemical_environment"": ""pyridine ring carbon para (gamma) to ring nitrogen (opposite the [n])"",
    ""functional_group"": ""pyridine"",
    ""hybridization"": ""sp2"",
    ""example_molecule_smiles"": ""n1ccccc1"",
    ""group_smarts"": ""[nH0]1cc[c;r6]cc1"",
    ""atom_specific_smarts"": ""[nH0]1cc[cH]cc1"",
    ""description"": ""Gamma (para) carbon in pyridine: the aromatic carbon opposite the ring nitrogen."",
    ""uncertainty"": ""medium""
  },
  {
    ""atom_type"": 528,
    ""element"": ""C"",
    ""chemical_environment"": ""aromatic carbon within a pyrazine ring (1,4-diazine)"",
    ""functional_group"": ""pyrazine"",
    ""hybridization"": ""sp2"",
    ""example_molecule_smiles"": ""n1ccncc1"",
    ""group_smarts"": ""n1ccncc1"",
    ""atom_specific_smarts"": ""n1[cH]cncc1"",
    ""description"": ""Any ring carbon of pyrazine (1,4-diazine)."",
    ""uncertainty"": ""low""
  },
  {
    ""atom_type"": 531,
    ""element"": ""C"",
    ""chemical_environment"": ""pyrimidine C2: aromatic carbon between two ring nitrogens (alpha to both Ns)"",
    ""functional_group"": ""pyrimidine (1,3-diazine)"",
    ""hybridization"": ""sp2"",
    ""example_molecule_smiles"": ""n1cnccc1"",
    ""group_smarts"": ""n1cnccc1"",
    ""atom_specific_smarts"": ""[nH0]1[cH]nccc1"",
    ""description"": ""Position 2 carbon of pyrimidine, bonded to both ring nitrogens."",
    ""uncertainty"": ""low""
  },
  {
    ""atom_type"": 532,
    ""element"": ""C"",
    ""chemical_environment"": ""pyrimidine C4: aromatic carbon adjacent to the pyridine-like N at position 3 and not adjacent to the N at position 1"",
    ""functional_group"": ""pyrimidine (1,3-diazine)"",
    ""hybridization"": ""sp2"",
    ""example_molecule_smiles"": ""n1cnccc1"",
    ""group_smarts"": ""n1c[nH0]ccc1"",
    ""atom_specific_smarts"": ""n1c[nH0][cH]cc1"",
    ""description"": ""Position 4 carbon of pyrimidine, next to the N at position 3."",
    ""uncertainty"": ""low""
  },
  {
    ""atom_type"": 533,
    ""element"": ""C"",
    ""chemical_environment"": ""pyrimidine C5: aromatic carbon meta to both nitrogens (between C4 and C6)"",
    ""functional_group"": ""pyrimidine (1,3-diazine)"",
    ""hybridization"": ""sp2"",
    ""example_molecule_smiles"": ""n1cnccc1"",
    ""group_smarts"": ""n1cnccc1"",
    ""atom_specific_smarts"": ""n1cn[cH]cc1"",
    ""description"": ""Position 5 carbon of pyrimidine, not directly bonded to either ring nitrogen."",
    ""uncertainty"": ""low""
  },
  {
    ""atom_type"": 538,
    ""element"": ""C"",
    ""chemical_environment"": ""pyridazine C3: aromatic carbon alpha to the N at position 2 (adjacent to one N) in 1,2-diazine"",
    ""functional_group"": ""pyridazine (1,2-diazine)"",
    ""hybridization"": ""sp2"",
    ""example_molecule_smiles"": ""n1ncccc1"",
    ""group_smarts"": ""n1ncccc1"",
    ""atom_specific_smarts"": ""[nH0]1[nH0][cH]ccc1"",
    ""description"": ""Position 3 carbon of pyridazine, adjacent to the N at position 2."",
    ""uncertainty"": ""low""
  },
  {
    ""atom_type"": 539,
    ""element"": ""C"",
    ""chemical_environment"": ""pyridazine C4: aromatic carbon beta to both nitrogens (not directly bonded to either N) in 1,2-diazine"",
    ""functional_group"": ""pyridazine (1,2-diazine)"",
    ""hybridization"": ""sp2"",
    ""example_molecule_smiles"": ""n1ncccc1"",
    ""group_smarts"": ""n1ncccc1"",
    ""atom_specific_smarts"": ""n1n[cH]cc c1"",
    ""description"": ""Position 4 carbon of pyridazine, not directly attached to an N."",
    ""uncertainty"": ""low""
  },
  {
    ""atom_type"": 543,
    ""element"": ""C"",
    ""chemical_environment"": ""pyrrole C2: aromatic carbon alpha to pyrrolic [nH] (directly bonded to [nH])"",
    ""functional_group"": ""pyrrole"",
    ""hybridization"": ""sp2"",
    ""example_molecule_smiles"": ""[nH]1cccc1"",
    ""group_smarts"": ""[nH;r5][c;r5]"",
    ""atom_specific_smarts"": ""[nH]1[cH]ccc1"",
    ""description"": ""Position 2 carbon of pyrrole, directly bonded to the ring [nH]."",
    ""uncertainty"": ""low""
  },
  {
    ""atom_type"": 544,
    ""element"": ""C"",
    ""chemical_environment"": ""pyrrole C3: aromatic carbon beta to pyrrolic [nH] (not directly bonded to [nH])"",
    ""functional_group"": ""pyrrole"",
    ""hybridization"": ""sp2"",
    ""example_molecule_smiles"": ""[nH]1cccc1"",
    ""group_smarts"": ""[nH]1c[c;r5]cc1"",
    ""atom_specific_smarts"": ""[nH]1c[cH]cc1"",
    ""description"": ""Position 3 carbon of pyrrole, one bond removed from the [nH]."",
    ""uncertainty"": ""low""
  },
  {
    ""atom_type"": 550,
    ""element"": ""C"",
    ""chemical_environment"": ""pyrazole C3: aromatic carbon between [nH] (pyrrolic) and [n] (pyridine-like), i.e., adjacent to both nitrogens"",
    ""functional_group"": ""pyrazole"",
    ""hybridization"": ""sp2"",
    ""example_molecule_smiles"": ""[nH]1nccc1"",
    ""group_smarts"": ""[nH]1[n][c;r5]cc1"",
    ""atom_specific_smarts"": ""[nH]1[n][cH]cc1"",
    ""description"": ""Position 3 carbon of pyrazole, bonded to both ring nitrogens (one [nH], one [n])."",
    ""uncertainty"": ""low""
  },
  {
    ""atom_type"": 551,
    ""element"": ""C"",
    ""chemical_environment"": ""pyrazole C4: aromatic carbon adjacent to the pyridine-like [n] (position 2) and not to [nH]"",
    ""functional_group"": ""pyrazole"",
    ""hybridization"": ""sp2"",
    ""example_molecule_smiles"": ""[nH]1nccc1"",
    ""group_smarts"": ""[nH]1n[c][c;r5]c1"",
    ""atom_specific_smarts"": ""[nH]1n[c][cH]c1"",
    ""description"": ""Position 4 carbon of pyrazole, adjacent to the ring [n] and not directly bonded to [nH]."",
    ""uncertainty"": ""low""
  },
  {
    ""atom_type"": 552,
    ""element"": ""C"",
    ""chemical_environment"": ""pyrazole C5: aromatic carbon adjacent to the pyrrolic [nH] and not to the pyridine-like [n]"",
    ""functional_group"": ""pyrazole"",
    ""hybridization"": ""sp2"",
    ""example_molecule_smiles"": ""[nH]1nccc1"",
    ""group_smarts"": ""[nH]1nc[c;r5]c1"",
    ""atom_specific_smarts"": ""[nH]1ncc[cH]1"",
    ""description"": ""Position 5 carbon of pyrazole, adjacent to the [nH] and not directly bonded to the pyridine-like [n]."",
    ""uncertainty"": ""low""
  }
]"
517,-0.03,C  - CM   | vinyl ether HCOR,12.011,oplsaa.lt,C,6,"Convert the following OPLS-AA atom type rows:

Atom Type Data:
- Atom index: 514
- Force field raw info: C  - CW   | CD1 in TRP
- Partial charge: -0.115
- Atomic mass: 12.011
- Element guess: C
- Atomic number: 6
- Source file: oplsaa.lt


Atom Type Data:
- Atom index: 515
- Force field raw info: C  - CT   | all-atom C: CH, isopropyl benzene
- Partial charge: 0.055
- Atomic mass: 12.011
- Element guess: C
- Atomic number: 6
- Source file: oplsaa.lt


Atom Type Data:
- Atom index: 516
- Force field raw info: C  - CT   | all-atom C: C, t-butyl benzene
- Partial charge: 0.115
- Atomic mass: 12.011
- Element guess: C
- Atomic number: 6
- Source file: oplsaa.lt


Atom Type Data:
- Atom index: 517
- Force field raw info: C  - CM   | vinyl ether HCOR
- Partial charge: -0.03
- Atomic mass: 12.011
- Element guess: C
- Atomic number: 6
- Source file: oplsaa.lt


Atom Type Data:
- Atom index: 518
- Force field raw info: C  - CM   | vinyl ether RCOR
- Partial charge: 0.085
- Atomic mass: 12.011
- Element guess: C
- Atomic number: 6
- Source file: oplsaa.lt


Atom Type Data:
- Atom index: 519
- Force field raw info: C  - C!   | biphenyl C1
- Partial charge: 0.0
- Atomic mass: 12.011
- Element guess: C
- Atomic number: 6
- Source file: oplsaa.lt


Atom Type Data:
- Atom index: 521
- Force field raw info: C  - CA   | C1 in pyridine CHELPG
- Partial charge: 0.473
- Atomic mass: 12.011
- Element guess: C
- Atomic number: 6
- Source file: oplsaa.lt


Atom Type Data:
- Atom index: 522
- Force field raw info: C  - CA   | C2 in pyridine charges
- Partial charge: -0.447
- Atomic mass: 12.011
- Element guess: C
- Atomic number: 6
- Source file: oplsaa.lt


Atom Type Data:
- Atom index: 523
- Force field raw info: C  - CA   | C3 in pyridine for
- Partial charge: 0.227
- Atomic mass: 12.011
- Element guess: C
- Atomic number: 6
- Source file: oplsaa.lt


Atom Type Data:
- Atom index: 528
- Force field raw info: C  - CA   | C in pyrazine
- Partial charge: 0.192
- Atomic mass: 12.011
- Element guess: C
- Atomic number: 6
- Source file: oplsaa.lt


Atom Type Data:
- Atom index: 531
- Force field raw info: C  - CQ   | C2 in pyrimidine
- Partial charge: 0.874
- Atomic mass: 12.011
- Element guess: C
- Atomic number: 6
- Source file: oplsaa.lt


Atom Type Data:
- Atom index: 532
- Force field raw info: C  - CA   | C4 in pyrimidine
- Partial charge: 0.653
- Atomic mass: 12.011
- Element guess: C
- Atomic number: 6
- Source file: oplsaa.lt


Atom Type Data:
- Atom index: 533
- Force field raw info: C  - CA   | C5 in pyrimidine
- Partial charge: -0.689
- Atomic mass: 12.011
- Element guess: C
- Atomic number: 6
- Source file: oplsaa.lt


Atom Type Data:
- Atom index: 538
- Force field raw info: C  - CA   | C3 in pyridazine
- Partial charge: 0.378
- Atomic mass: 12.011
- Element guess: C
- Atomic number: 6
- Source file: oplsaa.lt


Atom Type Data:
- Atom index: 539
- Force field raw info: C  - CA   | C4 in pyridazine
- Partial charge: -0.16
- Atomic mass: 12.011
- Element guess: C
- Atomic number: 6
- Source file: oplsaa.lt


Atom Type Data:
- Atom index: 543
- Force field raw info: C  - CW   | C2 in pyrrole
- Partial charge: -0.163
- Atomic mass: 12.011
- Element guess: C
- Atomic number: 6
- Source file: oplsaa.lt


Atom Type Data:
- Atom index: 544
- Force field raw info: C  - CS   | C3 in pyrrole
- Partial charge: -0.149
- Atomic mass: 12.011
- Element guess: C
- Atomic number: 6
- Source file: oplsaa.lt


Atom Type Data:
- Atom index: 550
- Force field raw info: C  - CU   | C3 in pyrazole
- Partial charge: 0.246
- Atomic mass: 12.011
- Element guess: C
- Atomic number: 6
- Source file: oplsaa.lt


Atom Type Data:
- Atom index: 551
- Force field raw info: C  - CS   | C4 in pyrazole
- Partial charge: -0.32
- Atomic mass: 12.011
- Element guess: C
- Atomic number: 6
- Source file: oplsaa.lt


Atom Type Data:
- Atom index: 552
- Force field raw info: C  - CW   | C5 in pyrazole
- Partial charge: -0.034
- Atomic mass: 12.011
- Element guess: C
- Atomic number: 6
- Source file: oplsaa.lt
","[
  {
    ""atom_type"": 514,
    ""element"": ""C"",
    ""chemical_environment"": ""aromatic carbon in indole fused system directly bonded to pyrrolic [nH] (CD1 in tryptophan)"",
    ""functional_group"": ""indole (tryptophan side chain)"",
    ""hybridization"": ""sp2"",
    ""example_molecule_smiles"": ""c1ccc2[nH]ccc2c1"",
    ""group_smarts"": ""[c;r6][nH;r5]"",
    ""atom_specific_smarts"": ""[cH;r6][nH;r5]"",
    ""description"": ""CD1 carbon of tryptophan: the benzene-ring carbon of indole that is directly bonded to the pyrrolic [nH]."",
    ""uncertainty"": ""low""
  },
  {
    ""atom_type"": 515,
    ""element"": ""C"",
    ""chemical_environment"": ""tertiary sp3 methine attached to two methyl groups and an aromatic ring (isopropyl benzene junction carbon)"",
    ""functional_group"": ""cumene (isopropyl benzene) side chain"",
    ""hybridization"": ""sp3"",
    ""example_molecule_smiles"": ""CC(C)c1ccccc1"",
    ""group_smarts"": ""[CH](C)(C)a"",
    ""atom_specific_smarts"": ""[CH](C)(C)c1ccccc1"",
    ""description"": ""Methine carbon of an isopropyl group directly bonded to an aromatic carbon and two alkyl carbons."",
    ""uncertainty"": ""low""
  },
  {
    ""atom_type"": 516,
    ""element"": ""C"",
    ""chemical_environment"": ""quaternary sp3 carbon attached to three methyl groups and an aromatic ring (t-butyl benzene junction carbon)"",
    ""functional_group"": ""tert-butyl benzene side chain"",
    ""hybridization"": ""sp3"",
    ""example_molecule_smiles"": ""CC(C)(C)c1ccccc1"",
    ""group_smarts"": ""[C;H0](C)(C)(C)a"",
    ""atom_specific_smarts"": ""[C;H0](C)(C)(C)c1ccccc1"",
    ""description"": ""Central tert-butyl carbon directly bonded to an aromatic carbon and three methyl carbons."",
    ""uncertainty"": ""low""
  },
  {
    ""atom_type"": 517,
    ""element"": ""C"",
    ""chemical_environment"": ""vinylic carbon of enol ether directly bonded to O–R and bearing one hydrogen (HCOR)"",
    ""functional_group"": ""vinyl ether (enol ether, RO–C(H)=C–)"",
    ""hybridization"": ""sp2"",
    ""example_molecule_smiles"": ""C=COC"",
    ""group_smarts"": ""[C;sp2X3]([O;X2]-[*])=[C;sp2]"",
    ""atom_specific_smarts"": ""[CH;sp2X3]([O;X2]-[*])=[C;sp2]"",
    ""description"": ""The enol-ether carbon single-bonded to an ether oxygen (–O–) and double-bonded to another carbon; this specific type carries one hydrogen."",
    ""uncertainty"": ""low""
  },
  {
    ""atom_type"": 518,
    ""element"": ""C"",
    ""chemical_environment"": ""vinylic carbon of enol ether directly bonded to O–R and fully substituted by carbon (no hydrogens) (RCOR)"",
    ""functional_group"": ""vinyl ether (enol ether, RO–C(=C–)R)"",
    ""hybridization"": ""sp2"",
    ""example_molecule_smiles"": ""COC(=C)C"",
    ""group_smarts"": ""[C;sp2X3]([O;X2]-[*])=[C;sp2]"",
    ""atom_specific_smarts"": ""[C;H0;sp2X3]([O;X2]-[*])=[C;sp2]"",
    ""description"": ""The enol-ether carbon single-bonded to an ether oxygen (–O–) and double-bonded to another carbon; this specific type has no hydrogens (substituted by carbon)."",
    ""uncertainty"": ""low""
  },
  {
    ""atom_type"": 519,
    ""element"": ""C"",
    ""chemical_environment"": ""aromatic carbon at the biaryl junction (ipso carbon of one ring bonded via a single bond to an aromatic carbon of another ring)"",
    ""functional_group"": ""biphenyl (biaryl)"",
    ""hybridization"": ""sp2"",
    ""example_molecule_smiles"": ""c1ccccc1-c2ccccc2"",
    ""group_smarts"": ""[cH;r;D3](-a):a"",
    ""atom_specific_smarts"": ""[cH;r6;D3](-c1ccccc1):c"",
    ""description"": ""Biphenyl ipso carbon: a benzene-ring carbon with two aromatic ring neighbors and one exocyclic single bond to an aromatic carbon of a second ring."",
    ""uncertainty"": ""low""
  },
  {
    ""atom_type"": 521,
    ""element"": ""C"",
    ""chemical_environment"": ""pyridine ring carbon ortho (alpha) to ring nitrogen (directly bonded to [n])"",
    ""functional_group"": ""pyridine"",
    ""hybridization"": ""sp2"",
    ""example_molecule_smiles"": ""n1ccccc1"",
    ""group_smarts"": ""[nH0;r6][c;r6]"",
    ""atom_specific_smarts"": ""[nH0]1[cH]cccc1"",
    ""description"": ""Alpha carbon(s) to the pyridine nitrogen: the aromatic carbons directly bonded to the ring [n]."",
    ""uncertainty"": ""medium""
  },
  {
    ""atom_type"": 522,
    ""element"": ""C"",
    ""chemical_environment"": ""pyridine ring carbon meta (beta) to ring nitrogen (one bond removed from the alpha carbon)"",
    ""functional_group"": ""pyridine"",
    ""hybridization"": ""sp2"",
    ""example_molecule_smiles"": ""n1ccccc1"",
    ""group_smarts"": ""[nH0]1c[c;r6]ccc1"",
    ""atom_specific_smarts"": ""[nH0]1c[cH]ccc1"",
    ""description"": ""Beta (meta) carbon(s) in pyridine: aromatic carbons not directly bonded to [n], adjacent to an alpha carbon that is bonded to [n]."",
    ""uncertainty"": ""medium""
  },
  {
    ""atom_type"": 523,
    ""element"": ""C"",
    ""chemical_environment"": ""pyridine ring carbon para (gamma) to ring nitrogen (opposite the [n])"",
    ""functional_group"": ""pyridine"",
    ""hybridization"": ""sp2"",
    ""example_molecule_smiles"": ""n1ccccc1"",
    ""group_smarts"": ""[nH0]1cc[c;r6]cc1"",
    ""atom_specific_smarts"": ""[nH0]1cc[cH]cc1"",
    ""description"": ""Gamma (para) carbon in pyridine: the aromatic carbon opposite the ring nitrogen."",
    ""uncertainty"": ""medium""
  },
  {
    ""atom_type"": 528,
    ""element"": ""C"",
    ""chemical_environment"": ""aromatic carbon within a pyrazine ring (1,4-diazine)"",
    ""functional_group"": ""pyrazine"",
    ""hybridization"": ""sp2"",
    ""example_molecule_smiles"": ""n1ccncc1"",
    ""group_smarts"": ""n1ccncc1"",
    ""atom_specific_smarts"": ""n1[cH]cncc1"",
    ""description"": ""Any ring carbon of pyrazine (1,4-diazine)."",
    ""uncertainty"": ""low""
  },
  {
    ""atom_type"": 531,
    ""element"": ""C"",
    ""chemical_environment"": ""pyrimidine C2: aromatic carbon between two ring nitrogens (alpha to both Ns)"",
    ""functional_group"": ""pyrimidine (1,3-diazine)"",
    ""hybridization"": ""sp2"",
    ""example_molecule_smiles"": ""n1cnccc1"",
    ""group_smarts"": ""n1cnccc1"",
    ""atom_specific_smarts"": ""[nH0]1[cH]nccc1"",
    ""description"": ""Position 2 carbon of pyrimidine, bonded to both ring nitrogens."",
    ""uncertainty"": ""low""
  },
  {
    ""atom_type"": 532,
    ""element"": ""C"",
    ""chemical_environment"": ""pyrimidine C4: aromatic carbon adjacent to the pyridine-like N at position 3 and not adjacent to the N at position 1"",
    ""functional_group"": ""pyrimidine (1,3-diazine)"",
    ""hybridization"": ""sp2"",
    ""example_molecule_smiles"": ""n1cnccc1"",
    ""group_smarts"": ""n1c[nH0]ccc1"",
    ""atom_specific_smarts"": ""n1c[nH0][cH]cc1"",
    ""description"": ""Position 4 carbon of pyrimidine, next to the N at position 3."",
    ""uncertainty"": ""low""
  },
  {
    ""atom_type"": 533,
    ""element"": ""C"",
    ""chemical_environment"": ""pyrimidine C5: aromatic carbon meta to both nitrogens (between C4 and C6)"",
    ""functional_group"": ""pyrimidine (1,3-diazine)"",
    ""hybridization"": ""sp2"",
    ""example_molecule_smiles"": ""n1cnccc1"",
    ""group_smarts"": ""n1cnccc1"",
    ""atom_specific_smarts"": ""n1cn[cH]cc1"",
    ""description"": ""Position 5 carbon of pyrimidine, not directly bonded to either ring nitrogen."",
    ""uncertainty"": ""low""
  },
  {
    ""atom_type"": 538,
    ""element"": ""C"",
    ""chemical_environment"": ""pyridazine C3: aromatic carbon alpha to the N at position 2 (adjacent to one N) in 1,2-diazine"",
    ""functional_group"": ""pyridazine (1,2-diazine)"",
    ""hybridization"": ""sp2"",
    ""example_molecule_smiles"": ""n1ncccc1"",
    ""group_smarts"": ""n1ncccc1"",
    ""atom_specific_smarts"": ""[nH0]1[nH0][cH]ccc1"",
    ""description"": ""Position 3 carbon of pyridazine, adjacent to the N at position 2."",
    ""uncertainty"": ""low""
  },
  {
    ""atom_type"": 539,
    ""element"": ""C"",
    ""chemical_environment"": ""pyridazine C4: aromatic carbon beta to both nitrogens (not directly bonded to either N) in 1,2-diazine"",
    ""functional_group"": ""pyridazine (1,2-diazine)"",
    ""hybridization"": ""sp2"",
    ""example_molecule_smiles"": ""n1ncccc1"",
    ""group_smarts"": ""n1ncccc1"",
    ""atom_specific_smarts"": ""n1n[cH]cc c1"",
    ""description"": ""Position 4 carbon of pyridazine, not directly attached to an N."",
    ""uncertainty"": ""low""
  },
  {
    ""atom_type"": 543,
    ""element"": ""C"",
    ""chemical_environment"": ""pyrrole C2: aromatic carbon alpha to pyrrolic [nH] (directly bonded to [nH])"",
    ""functional_group"": ""pyrrole"",
    ""hybridization"": ""sp2"",
    ""example_molecule_smiles"": ""[nH]1cccc1"",
    ""group_smarts"": ""[nH;r5][c;r5]"",
    ""atom_specific_smarts"": ""[nH]1[cH]ccc1"",
    ""description"": ""Position 2 carbon of pyrrole, directly bonded to the ring [nH]."",
    ""uncertainty"": ""low""
  },
  {
    ""atom_type"": 544,
    ""element"": ""C"",
    ""chemical_environment"": ""pyrrole C3: aromatic carbon beta to pyrrolic [nH] (not directly bonded to [nH])"",
    ""functional_group"": ""pyrrole"",
    ""hybridization"": ""sp2"",
    ""example_molecule_smiles"": ""[nH]1cccc1"",
    ""group_smarts"": ""[nH]1c[c;r5]cc1"",
    ""atom_specific_smarts"": ""[nH]1c[cH]cc1"",
    ""description"": ""Position 3 carbon of pyrrole, one bond removed from the [nH]."",
    ""uncertainty"": ""low""
  },
  {
    ""atom_type"": 550,
    ""element"": ""C"",
    ""chemical_environment"": ""pyrazole C3: aromatic carbon between [nH] (pyrrolic) and [n] (pyridine-like), i.e., adjacent to both nitrogens"",
    ""functional_group"": ""pyrazole"",
    ""hybridization"": ""sp2"",
    ""example_molecule_smiles"": ""[nH]1nccc1"",
    ""group_smarts"": ""[nH]1[n][c;r5]cc1"",
    ""atom_specific_smarts"": ""[nH]1[n][cH]cc1"",
    ""description"": ""Position 3 carbon of pyrazole, bonded to both ring nitrogens (one [nH], one [n])."",
    ""uncertainty"": ""low""
  },
  {
    ""atom_type"": 551,
    ""element"": ""C"",
    ""chemical_environment"": ""pyrazole C4: aromatic carbon adjacent to the pyridine-like [n] (position 2) and not to [nH]"",
    ""functional_group"": ""pyrazole"",
    ""hybridization"": ""sp2"",
    ""example_molecule_smiles"": ""[nH]1nccc1"",
    ""group_smarts"": ""[nH]1n[c][c;r5]c1"",
    ""atom_specific_smarts"": ""[nH]1n[c][cH]c1"",
    ""description"": ""Position 4 carbon of pyrazole, adjacent to the ring [n] and not directly bonded to [nH]."",
    ""uncertainty"": ""low""
  },
  {
    ""atom_type"": 552,
    ""element"": ""C"",
    ""chemical_environment"": ""pyrazole C5: aromatic carbon adjacent to the pyrrolic [nH] and not to the pyridine-like [n]"",
    ""functional_group"": ""pyrazole"",
    ""hybridization"": ""sp2"",
    ""example_molecule_smiles"": ""[nH]1nccc1"",
    ""group_smarts"": ""[nH]1nc[c;r5]c1"",
    ""atom_specific_smarts"": ""[nH]1ncc[cH]1"",
    ""description"": ""Position 5 carbon of pyrazole, adjacent to the [nH] and not directly bonded to the pyridine-like [n]."",
    ""uncertainty"": ""low""
  }
]"
518,0.085,C  - CM   | vinyl ether RCOR,12.011,oplsaa.lt,C,6,"Convert the following OPLS-AA atom type rows:

Atom Type Data:
- Atom index: 514
- Force field raw info: C  - CW   | CD1 in TRP
- Partial charge: -0.115
- Atomic mass: 12.011
- Element guess: C
- Atomic number: 6
- Source file: oplsaa.lt


Atom Type Data:
- Atom index: 515
- Force field raw info: C  - CT   | all-atom C: CH, isopropyl benzene
- Partial charge: 0.055
- Atomic mass: 12.011
- Element guess: C
- Atomic number: 6
- Source file: oplsaa.lt


Atom Type Data:
- Atom index: 516
- Force field raw info: C  - CT   | all-atom C: C, t-butyl benzene
- Partial charge: 0.115
- Atomic mass: 12.011
- Element guess: C
- Atomic number: 6
- Source file: oplsaa.lt


Atom Type Data:
- Atom index: 517
- Force field raw info: C  - CM   | vinyl ether HCOR
- Partial charge: -0.03
- Atomic mass: 12.011
- Element guess: C
- Atomic number: 6
- Source file: oplsaa.lt


Atom Type Data:
- Atom index: 518
- Force field raw info: C  - CM   | vinyl ether RCOR
- Partial charge: 0.085
- Atomic mass: 12.011
- Element guess: C
- Atomic number: 6
- Source file: oplsaa.lt


Atom Type Data:
- Atom index: 519
- Force field raw info: C  - C!   | biphenyl C1
- Partial charge: 0.0
- Atomic mass: 12.011
- Element guess: C
- Atomic number: 6
- Source file: oplsaa.lt


Atom Type Data:
- Atom index: 521
- Force field raw info: C  - CA   | C1 in pyridine CHELPG
- Partial charge: 0.473
- Atomic mass: 12.011
- Element guess: C
- Atomic number: 6
- Source file: oplsaa.lt


Atom Type Data:
- Atom index: 522
- Force field raw info: C  - CA   | C2 in pyridine charges
- Partial charge: -0.447
- Atomic mass: 12.011
- Element guess: C
- Atomic number: 6
- Source file: oplsaa.lt


Atom Type Data:
- Atom index: 523
- Force field raw info: C  - CA   | C3 in pyridine for
- Partial charge: 0.227
- Atomic mass: 12.011
- Element guess: C
- Atomic number: 6
- Source file: oplsaa.lt


Atom Type Data:
- Atom index: 528
- Force field raw info: C  - CA   | C in pyrazine
- Partial charge: 0.192
- Atomic mass: 12.011
- Element guess: C
- Atomic number: 6
- Source file: oplsaa.lt


Atom Type Data:
- Atom index: 531
- Force field raw info: C  - CQ   | C2 in pyrimidine
- Partial charge: 0.874
- Atomic mass: 12.011
- Element guess: C
- Atomic number: 6
- Source file: oplsaa.lt


Atom Type Data:
- Atom index: 532
- Force field raw info: C  - CA   | C4 in pyrimidine
- Partial charge: 0.653
- Atomic mass: 12.011
- Element guess: C
- Atomic number: 6
- Source file: oplsaa.lt


Atom Type Data:
- Atom index: 533
- Force field raw info: C  - CA   | C5 in pyrimidine
- Partial charge: -0.689
- Atomic mass: 12.011
- Element guess: C
- Atomic number: 6
- Source file: oplsaa.lt


Atom Type Data:
- Atom index: 538
- Force field raw info: C  - CA   | C3 in pyridazine
- Partial charge: 0.378
- Atomic mass: 12.011
- Element guess: C
- Atomic number: 6
- Source file: oplsaa.lt


Atom Type Data:
- Atom index: 539
- Force field raw info: C  - CA   | C4 in pyridazine
- Partial charge: -0.16
- Atomic mass: 12.011
- Element guess: C
- Atomic number: 6
- Source file: oplsaa.lt


Atom Type Data:
- Atom index: 543
- Force field raw info: C  - CW   | C2 in pyrrole
- Partial charge: -0.163
- Atomic mass: 12.011
- Element guess: C
- Atomic number: 6
- Source file: oplsaa.lt


Atom Type Data:
- Atom index: 544
- Force field raw info: C  - CS   | C3 in pyrrole
- Partial charge: -0.149
- Atomic mass: 12.011
- Element guess: C
- Atomic number: 6
- Source file: oplsaa.lt


Atom Type Data:
- Atom index: 550
- Force field raw info: C  - CU   | C3 in pyrazole
- Partial charge: 0.246
- Atomic mass: 12.011
- Element guess: C
- Atomic number: 6
- Source file: oplsaa.lt


Atom Type Data:
- Atom index: 551
- Force field raw info: C  - CS   | C4 in pyrazole
- Partial charge: -0.32
- Atomic mass: 12.011
- Element guess: C
- Atomic number: 6
- Source file: oplsaa.lt


Atom Type Data:
- Atom index: 552
- Force field raw info: C  - CW   | C5 in pyrazole
- Partial charge: -0.034
- Atomic mass: 12.011
- Element guess: C
- Atomic number: 6
- Source file: oplsaa.lt
","[
  {
    ""atom_type"": 514,
    ""element"": ""C"",
    ""chemical_environment"": ""aromatic carbon in indole fused system directly bonded to pyrrolic [nH] (CD1 in tryptophan)"",
    ""functional_group"": ""indole (tryptophan side chain)"",
    ""hybridization"": ""sp2"",
    ""example_molecule_smiles"": ""c1ccc2[nH]ccc2c1"",
    ""group_smarts"": ""[c;r6][nH;r5]"",
    ""atom_specific_smarts"": ""[cH;r6][nH;r5]"",
    ""description"": ""CD1 carbon of tryptophan: the benzene-ring carbon of indole that is directly bonded to the pyrrolic [nH]."",
    ""uncertainty"": ""low""
  },
  {
    ""atom_type"": 515,
    ""element"": ""C"",
    ""chemical_environment"": ""tertiary sp3 methine attached to two methyl groups and an aromatic ring (isopropyl benzene junction carbon)"",
    ""functional_group"": ""cumene (isopropyl benzene) side chain"",
    ""hybridization"": ""sp3"",
    ""example_molecule_smiles"": ""CC(C)c1ccccc1"",
    ""group_smarts"": ""[CH](C)(C)a"",
    ""atom_specific_smarts"": ""[CH](C)(C)c1ccccc1"",
    ""description"": ""Methine carbon of an isopropyl group directly bonded to an aromatic carbon and two alkyl carbons."",
    ""uncertainty"": ""low""
  },
  {
    ""atom_type"": 516,
    ""element"": ""C"",
    ""chemical_environment"": ""quaternary sp3 carbon attached to three methyl groups and an aromatic ring (t-butyl benzene junction carbon)"",
    ""functional_group"": ""tert-butyl benzene side chain"",
    ""hybridization"": ""sp3"",
    ""example_molecule_smiles"": ""CC(C)(C)c1ccccc1"",
    ""group_smarts"": ""[C;H0](C)(C)(C)a"",
    ""atom_specific_smarts"": ""[C;H0](C)(C)(C)c1ccccc1"",
    ""description"": ""Central tert-butyl carbon directly bonded to an aromatic carbon and three methyl carbons."",
    ""uncertainty"": ""low""
  },
  {
    ""atom_type"": 517,
    ""element"": ""C"",
    ""chemical_environment"": ""vinylic carbon of enol ether directly bonded to O–R and bearing one hydrogen (HCOR)"",
    ""functional_group"": ""vinyl ether (enol ether, RO–C(H)=C–)"",
    ""hybridization"": ""sp2"",
    ""example_molecule_smiles"": ""C=COC"",
    ""group_smarts"": ""[C;sp2X3]([O;X2]-[*])=[C;sp2]"",
    ""atom_specific_smarts"": ""[CH;sp2X3]([O;X2]-[*])=[C;sp2]"",
    ""description"": ""The enol-ether carbon single-bonded to an ether oxygen (–O–) and double-bonded to another carbon; this specific type carries one hydrogen."",
    ""uncertainty"": ""low""
  },
  {
    ""atom_type"": 518,
    ""element"": ""C"",
    ""chemical_environment"": ""vinylic carbon of enol ether directly bonded to O–R and fully substituted by carbon (no hydrogens) (RCOR)"",
    ""functional_group"": ""vinyl ether (enol ether, RO–C(=C–)R)"",
    ""hybridization"": ""sp2"",
    ""example_molecule_smiles"": ""COC(=C)C"",
    ""group_smarts"": ""[C;sp2X3]([O;X2]-[*])=[C;sp2]"",
    ""atom_specific_smarts"": ""[C;H0;sp2X3]([O;X2]-[*])=[C;sp2]"",
    ""description"": ""The enol-ether carbon single-bonded to an ether oxygen (–O–) and double-bonded to another carbon; this specific type has no hydrogens (substituted by carbon)."",
    ""uncertainty"": ""low""
  },
  {
    ""atom_type"": 519,
    ""element"": ""C"",
    ""chemical_environment"": ""aromatic carbon at the biaryl junction (ipso carbon of one ring bonded via a single bond to an aromatic carbon of another ring)"",
    ""functional_group"": ""biphenyl (biaryl)"",
    ""hybridization"": ""sp2"",
    ""example_molecule_smiles"": ""c1ccccc1-c2ccccc2"",
    ""group_smarts"": ""[cH;r;D3](-a):a"",
    ""atom_specific_smarts"": ""[cH;r6;D3](-c1ccccc1):c"",
    ""description"": ""Biphenyl ipso carbon: a benzene-ring carbon with two aromatic ring neighbors and one exocyclic single bond to an aromatic carbon of a second ring."",
    ""uncertainty"": ""low""
  },
  {
    ""atom_type"": 521,
    ""element"": ""C"",
    ""chemical_environment"": ""pyridine ring carbon ortho (alpha) to ring nitrogen (directly bonded to [n])"",
    ""functional_group"": ""pyridine"",
    ""hybridization"": ""sp2"",
    ""example_molecule_smiles"": ""n1ccccc1"",
    ""group_smarts"": ""[nH0;r6][c;r6]"",
    ""atom_specific_smarts"": ""[nH0]1[cH]cccc1"",
    ""description"": ""Alpha carbon(s) to the pyridine nitrogen: the aromatic carbons directly bonded to the ring [n]."",
    ""uncertainty"": ""medium""
  },
  {
    ""atom_type"": 522,
    ""element"": ""C"",
    ""chemical_environment"": ""pyridine ring carbon meta (beta) to ring nitrogen (one bond removed from the alpha carbon)"",
    ""functional_group"": ""pyridine"",
    ""hybridization"": ""sp2"",
    ""example_molecule_smiles"": ""n1ccccc1"",
    ""group_smarts"": ""[nH0]1c[c;r6]ccc1"",
    ""atom_specific_smarts"": ""[nH0]1c[cH]ccc1"",
    ""description"": ""Beta (meta) carbon(s) in pyridine: aromatic carbons not directly bonded to [n], adjacent to an alpha carbon that is bonded to [n]."",
    ""uncertainty"": ""medium""
  },
  {
    ""atom_type"": 523,
    ""element"": ""C"",
    ""chemical_environment"": ""pyridine ring carbon para (gamma) to ring nitrogen (opposite the [n])"",
    ""functional_group"": ""pyridine"",
    ""hybridization"": ""sp2"",
    ""example_molecule_smiles"": ""n1ccccc1"",
    ""group_smarts"": ""[nH0]1cc[c;r6]cc1"",
    ""atom_specific_smarts"": ""[nH0]1cc[cH]cc1"",
    ""description"": ""Gamma (para) carbon in pyridine: the aromatic carbon opposite the ring nitrogen."",
    ""uncertainty"": ""medium""
  },
  {
    ""atom_type"": 528,
    ""element"": ""C"",
    ""chemical_environment"": ""aromatic carbon within a pyrazine ring (1,4-diazine)"",
    ""functional_group"": ""pyrazine"",
    ""hybridization"": ""sp2"",
    ""example_molecule_smiles"": ""n1ccncc1"",
    ""group_smarts"": ""n1ccncc1"",
    ""atom_specific_smarts"": ""n1[cH]cncc1"",
    ""description"": ""Any ring carbon of pyrazine (1,4-diazine)."",
    ""uncertainty"": ""low""
  },
  {
    ""atom_type"": 531,
    ""element"": ""C"",
    ""chemical_environment"": ""pyrimidine C2: aromatic carbon between two ring nitrogens (alpha to both Ns)"",
    ""functional_group"": ""pyrimidine (1,3-diazine)"",
    ""hybridization"": ""sp2"",
    ""example_molecule_smiles"": ""n1cnccc1"",
    ""group_smarts"": ""n1cnccc1"",
    ""atom_specific_smarts"": ""[nH0]1[cH]nccc1"",
    ""description"": ""Position 2 carbon of pyrimidine, bonded to both ring nitrogens."",
    ""uncertainty"": ""low""
  },
  {
    ""atom_type"": 532,
    ""element"": ""C"",
    ""chemical_environment"": ""pyrimidine C4: aromatic carbon adjacent to the pyridine-like N at position 3 and not adjacent to the N at position 1"",
    ""functional_group"": ""pyrimidine (1,3-diazine)"",
    ""hybridization"": ""sp2"",
    ""example_molecule_smiles"": ""n1cnccc1"",
    ""group_smarts"": ""n1c[nH0]ccc1"",
    ""atom_specific_smarts"": ""n1c[nH0][cH]cc1"",
    ""description"": ""Position 4 carbon of pyrimidine, next to the N at position 3."",
    ""uncertainty"": ""low""
  },
  {
    ""atom_type"": 533,
    ""element"": ""C"",
    ""chemical_environment"": ""pyrimidine C5: aromatic carbon meta to both nitrogens (between C4 and C6)"",
    ""functional_group"": ""pyrimidine (1,3-diazine)"",
    ""hybridization"": ""sp2"",
    ""example_molecule_smiles"": ""n1cnccc1"",
    ""group_smarts"": ""n1cnccc1"",
    ""atom_specific_smarts"": ""n1cn[cH]cc1"",
    ""description"": ""Position 5 carbon of pyrimidine, not directly bonded to either ring nitrogen."",
    ""uncertainty"": ""low""
  },
  {
    ""atom_type"": 538,
    ""element"": ""C"",
    ""chemical_environment"": ""pyridazine C3: aromatic carbon alpha to the N at position 2 (adjacent to one N) in 1,2-diazine"",
    ""functional_group"": ""pyridazine (1,2-diazine)"",
    ""hybridization"": ""sp2"",
    ""example_molecule_smiles"": ""n1ncccc1"",
    ""group_smarts"": ""n1ncccc1"",
    ""atom_specific_smarts"": ""[nH0]1[nH0][cH]ccc1"",
    ""description"": ""Position 3 carbon of pyridazine, adjacent to the N at position 2."",
    ""uncertainty"": ""low""
  },
  {
    ""atom_type"": 539,
    ""element"": ""C"",
    ""chemical_environment"": ""pyridazine C4: aromatic carbon beta to both nitrogens (not directly bonded to either N) in 1,2-diazine"",
    ""functional_group"": ""pyridazine (1,2-diazine)"",
    ""hybridization"": ""sp2"",
    ""example_molecule_smiles"": ""n1ncccc1"",
    ""group_smarts"": ""n1ncccc1"",
    ""atom_specific_smarts"": ""n1n[cH]cc c1"",
    ""description"": ""Position 4 carbon of pyridazine, not directly attached to an N."",
    ""uncertainty"": ""low""
  },
  {
    ""atom_type"": 543,
    ""element"": ""C"",
    ""chemical_environment"": ""pyrrole C2: aromatic carbon alpha to pyrrolic [nH] (directly bonded to [nH])"",
    ""functional_group"": ""pyrrole"",
    ""hybridization"": ""sp2"",
    ""example_molecule_smiles"": ""[nH]1cccc1"",
    ""group_smarts"": ""[nH;r5][c;r5]"",
    ""atom_specific_smarts"": ""[nH]1[cH]ccc1"",
    ""description"": ""Position 2 carbon of pyrrole, directly bonded to the ring [nH]."",
    ""uncertainty"": ""low""
  },
  {
    ""atom_type"": 544,
    ""element"": ""C"",
    ""chemical_environment"": ""pyrrole C3: aromatic carbon beta to pyrrolic [nH] (not directly bonded to [nH])"",
    ""functional_group"": ""pyrrole"",
    ""hybridization"": ""sp2"",
    ""example_molecule_smiles"": ""[nH]1cccc1"",
    ""group_smarts"": ""[nH]1c[c;r5]cc1"",
    ""atom_specific_smarts"": ""[nH]1c[cH]cc1"",
    ""description"": ""Position 3 carbon of pyrrole, one bond removed from the [nH]."",
    ""uncertainty"": ""low""
  },
  {
    ""atom_type"": 550,
    ""element"": ""C"",
    ""chemical_environment"": ""pyrazole C3: aromatic carbon between [nH] (pyrrolic) and [n] (pyridine-like), i.e., adjacent to both nitrogens"",
    ""functional_group"": ""pyrazole"",
    ""hybridization"": ""sp2"",
    ""example_molecule_smiles"": ""[nH]1nccc1"",
    ""group_smarts"": ""[nH]1[n][c;r5]cc1"",
    ""atom_specific_smarts"": ""[nH]1[n][cH]cc1"",
    ""description"": ""Position 3 carbon of pyrazole, bonded to both ring nitrogens (one [nH], one [n])."",
    ""uncertainty"": ""low""
  },
  {
    ""atom_type"": 551,
    ""element"": ""C"",
    ""chemical_environment"": ""pyrazole C4: aromatic carbon adjacent to the pyridine-like [n] (position 2) and not to [nH]"",
    ""functional_group"": ""pyrazole"",
    ""hybridization"": ""sp2"",
    ""example_molecule_smiles"": ""[nH]1nccc1"",
    ""group_smarts"": ""[nH]1n[c][c;r5]c1"",
    ""atom_specific_smarts"": ""[nH]1n[c][cH]c1"",
    ""description"": ""Position 4 carbon of pyrazole, adjacent to the ring [n] and not directly bonded to [nH]."",
    ""uncertainty"": ""low""
  },
  {
    ""atom_type"": 552,
    ""element"": ""C"",
    ""chemical_environment"": ""pyrazole C5: aromatic carbon adjacent to the pyrrolic [nH] and not to the pyridine-like [n]"",
    ""functional_group"": ""pyrazole"",
    ""hybridization"": ""sp2"",
    ""example_molecule_smiles"": ""[nH]1nccc1"",
    ""group_smarts"": ""[nH]1nc[c;r5]c1"",
    ""atom_specific_smarts"": ""[nH]1ncc[cH]1"",
    ""description"": ""Position 5 carbon of pyrazole, adjacent to the [nH] and not directly bonded to the pyridine-like [n]."",
    ""uncertainty"": ""low""
  }
]"
519,0.0,C  - C!   | biphenyl C1,12.011,oplsaa.lt,C,6,"Convert the following OPLS-AA atom type rows:

Atom Type Data:
- Atom index: 514
- Force field raw info: C  - CW   | CD1 in TRP
- Partial charge: -0.115
- Atomic mass: 12.011
- Element guess: C
- Atomic number: 6
- Source file: oplsaa.lt


Atom Type Data:
- Atom index: 515
- Force field raw info: C  - CT   | all-atom C: CH, isopropyl benzene
- Partial charge: 0.055
- Atomic mass: 12.011
- Element guess: C
- Atomic number: 6
- Source file: oplsaa.lt


Atom Type Data:
- Atom index: 516
- Force field raw info: C  - CT   | all-atom C: C, t-butyl benzene
- Partial charge: 0.115
- Atomic mass: 12.011
- Element guess: C
- Atomic number: 6
- Source file: oplsaa.lt


Atom Type Data:
- Atom index: 517
- Force field raw info: C  - CM   | vinyl ether HCOR
- Partial charge: -0.03
- Atomic mass: 12.011
- Element guess: C
- Atomic number: 6
- Source file: oplsaa.lt


Atom Type Data:
- Atom index: 518
- Force field raw info: C  - CM   | vinyl ether RCOR
- Partial charge: 0.085
- Atomic mass: 12.011
- Element guess: C
- Atomic number: 6
- Source file: oplsaa.lt


Atom Type Data:
- Atom index: 519
- Force field raw info: C  - C!   | biphenyl C1
- Partial charge: 0.0
- Atomic mass: 12.011
- Element guess: C
- Atomic number: 6
- Source file: oplsaa.lt


Atom Type Data:
- Atom index: 521
- Force field raw info: C  - CA   | C1 in pyridine CHELPG
- Partial charge: 0.473
- Atomic mass: 12.011
- Element guess: C
- Atomic number: 6
- Source file: oplsaa.lt


Atom Type Data:
- Atom index: 522
- Force field raw info: C  - CA   | C2 in pyridine charges
- Partial charge: -0.447
- Atomic mass: 12.011
- Element guess: C
- Atomic number: 6
- Source file: oplsaa.lt


Atom Type Data:
- Atom index: 523
- Force field raw info: C  - CA   | C3 in pyridine for
- Partial charge: 0.227
- Atomic mass: 12.011
- Element guess: C
- Atomic number: 6
- Source file: oplsaa.lt


Atom Type Data:
- Atom index: 528
- Force field raw info: C  - CA   | C in pyrazine
- Partial charge: 0.192
- Atomic mass: 12.011
- Element guess: C
- Atomic number: 6
- Source file: oplsaa.lt


Atom Type Data:
- Atom index: 531
- Force field raw info: C  - CQ   | C2 in pyrimidine
- Partial charge: 0.874
- Atomic mass: 12.011
- Element guess: C
- Atomic number: 6
- Source file: oplsaa.lt


Atom Type Data:
- Atom index: 532
- Force field raw info: C  - CA   | C4 in pyrimidine
- Partial charge: 0.653
- Atomic mass: 12.011
- Element guess: C
- Atomic number: 6
- Source file: oplsaa.lt


Atom Type Data:
- Atom index: 533
- Force field raw info: C  - CA   | C5 in pyrimidine
- Partial charge: -0.689
- Atomic mass: 12.011
- Element guess: C
- Atomic number: 6
- Source file: oplsaa.lt


Atom Type Data:
- Atom index: 538
- Force field raw info: C  - CA   | C3 in pyridazine
- Partial charge: 0.378
- Atomic mass: 12.011
- Element guess: C
- Atomic number: 6
- Source file: oplsaa.lt


Atom Type Data:
- Atom index: 539
- Force field raw info: C  - CA   | C4 in pyridazine
- Partial charge: -0.16
- Atomic mass: 12.011
- Element guess: C
- Atomic number: 6
- Source file: oplsaa.lt


Atom Type Data:
- Atom index: 543
- Force field raw info: C  - CW   | C2 in pyrrole
- Partial charge: -0.163
- Atomic mass: 12.011
- Element guess: C
- Atomic number: 6
- Source file: oplsaa.lt


Atom Type Data:
- Atom index: 544
- Force field raw info: C  - CS   | C3 in pyrrole
- Partial charge: -0.149
- Atomic mass: 12.011
- Element guess: C
- Atomic number: 6
- Source file: oplsaa.lt


Atom Type Data:
- Atom index: 550
- Force field raw info: C  - CU   | C3 in pyrazole
- Partial charge: 0.246
- Atomic mass: 12.011
- Element guess: C
- Atomic number: 6
- Source file: oplsaa.lt


Atom Type Data:
- Atom index: 551
- Force field raw info: C  - CS   | C4 in pyrazole
- Partial charge: -0.32
- Atomic mass: 12.011
- Element guess: C
- Atomic number: 6
- Source file: oplsaa.lt


Atom Type Data:
- Atom index: 552
- Force field raw info: C  - CW   | C5 in pyrazole
- Partial charge: -0.034
- Atomic mass: 12.011
- Element guess: C
- Atomic number: 6
- Source file: oplsaa.lt
","[
  {
    ""atom_type"": 514,
    ""element"": ""C"",
    ""chemical_environment"": ""aromatic carbon in indole fused system directly bonded to pyrrolic [nH] (CD1 in tryptophan)"",
    ""functional_group"": ""indole (tryptophan side chain)"",
    ""hybridization"": ""sp2"",
    ""example_molecule_smiles"": ""c1ccc2[nH]ccc2c1"",
    ""group_smarts"": ""[c;r6][nH;r5]"",
    ""atom_specific_smarts"": ""[cH;r6][nH;r5]"",
    ""description"": ""CD1 carbon of tryptophan: the benzene-ring carbon of indole that is directly bonded to the pyrrolic [nH]."",
    ""uncertainty"": ""low""
  },
  {
    ""atom_type"": 515,
    ""element"": ""C"",
    ""chemical_environment"": ""tertiary sp3 methine attached to two methyl groups and an aromatic ring (isopropyl benzene junction carbon)"",
    ""functional_group"": ""cumene (isopropyl benzene) side chain"",
    ""hybridization"": ""sp3"",
    ""example_molecule_smiles"": ""CC(C)c1ccccc1"",
    ""group_smarts"": ""[CH](C)(C)a"",
    ""atom_specific_smarts"": ""[CH](C)(C)c1ccccc1"",
    ""description"": ""Methine carbon of an isopropyl group directly bonded to an aromatic carbon and two alkyl carbons."",
    ""uncertainty"": ""low""
  },
  {
    ""atom_type"": 516,
    ""element"": ""C"",
    ""chemical_environment"": ""quaternary sp3 carbon attached to three methyl groups and an aromatic ring (t-butyl benzene junction carbon)"",
    ""functional_group"": ""tert-butyl benzene side chain"",
    ""hybridization"": ""sp3"",
    ""example_molecule_smiles"": ""CC(C)(C)c1ccccc1"",
    ""group_smarts"": ""[C;H0](C)(C)(C)a"",
    ""atom_specific_smarts"": ""[C;H0](C)(C)(C)c1ccccc1"",
    ""description"": ""Central tert-butyl carbon directly bonded to an aromatic carbon and three methyl carbons."",
    ""uncertainty"": ""low""
  },
  {
    ""atom_type"": 517,
    ""element"": ""C"",
    ""chemical_environment"": ""vinylic carbon of enol ether directly bonded to O–R and bearing one hydrogen (HCOR)"",
    ""functional_group"": ""vinyl ether (enol ether, RO–C(H)=C–)"",
    ""hybridization"": ""sp2"",
    ""example_molecule_smiles"": ""C=COC"",
    ""group_smarts"": ""[C;sp2X3]([O;X2]-[*])=[C;sp2]"",
    ""atom_specific_smarts"": ""[CH;sp2X3]([O;X2]-[*])=[C;sp2]"",
    ""description"": ""The enol-ether carbon single-bonded to an ether oxygen (–O–) and double-bonded to another carbon; this specific type carries one hydrogen."",
    ""uncertainty"": ""low""
  },
  {
    ""atom_type"": 518,
    ""element"": ""C"",
    ""chemical_environment"": ""vinylic carbon of enol ether directly bonded to O–R and fully substituted by carbon (no hydrogens) (RCOR)"",
    ""functional_group"": ""vinyl ether (enol ether, RO–C(=C–)R)"",
    ""hybridization"": ""sp2"",
    ""example_molecule_smiles"": ""COC(=C)C"",
    ""group_smarts"": ""[C;sp2X3]([O;X2]-[*])=[C;sp2]"",
    ""atom_specific_smarts"": ""[C;H0;sp2X3]([O;X2]-[*])=[C;sp2]"",
    ""description"": ""The enol-ether carbon single-bonded to an ether oxygen (–O–) and double-bonded to another carbon; this specific type has no hydrogens (substituted by carbon)."",
    ""uncertainty"": ""low""
  },
  {
    ""atom_type"": 519,
    ""element"": ""C"",
    ""chemical_environment"": ""aromatic carbon at the biaryl junction (ipso carbon of one ring bonded via a single bond to an aromatic carbon of another ring)"",
    ""functional_group"": ""biphenyl (biaryl)"",
    ""hybridization"": ""sp2"",
    ""example_molecule_smiles"": ""c1ccccc1-c2ccccc2"",
    ""group_smarts"": ""[cH;r;D3](-a):a"",
    ""atom_specific_smarts"": ""[cH;r6;D3](-c1ccccc1):c"",
    ""description"": ""Biphenyl ipso carbon: a benzene-ring carbon with two aromatic ring neighbors and one exocyclic single bond to an aromatic carbon of a second ring."",
    ""uncertainty"": ""low""
  },
  {
    ""atom_type"": 521,
    ""element"": ""C"",
    ""chemical_environment"": ""pyridine ring carbon ortho (alpha) to ring nitrogen (directly bonded to [n])"",
    ""functional_group"": ""pyridine"",
    ""hybridization"": ""sp2"",
    ""example_molecule_smiles"": ""n1ccccc1"",
    ""group_smarts"": ""[nH0;r6][c;r6]"",
    ""atom_specific_smarts"": ""[nH0]1[cH]cccc1"",
    ""description"": ""Alpha carbon(s) to the pyridine nitrogen: the aromatic carbons directly bonded to the ring [n]."",
    ""uncertainty"": ""medium""
  },
  {
    ""atom_type"": 522,
    ""element"": ""C"",
    ""chemical_environment"": ""pyridine ring carbon meta (beta) to ring nitrogen (one bond removed from the alpha carbon)"",
    ""functional_group"": ""pyridine"",
    ""hybridization"": ""sp2"",
    ""example_molecule_smiles"": ""n1ccccc1"",
    ""group_smarts"": ""[nH0]1c[c;r6]ccc1"",
    ""atom_specific_smarts"": ""[nH0]1c[cH]ccc1"",
    ""description"": ""Beta (meta) carbon(s) in pyridine: aromatic carbons not directly bonded to [n], adjacent to an alpha carbon that is bonded to [n]."",
    ""uncertainty"": ""medium""
  },
  {
    ""atom_type"": 523,
    ""element"": ""C"",
    ""chemical_environment"": ""pyridine ring carbon para (gamma) to ring nitrogen (opposite the [n])"",
    ""functional_group"": ""pyridine"",
    ""hybridization"": ""sp2"",
    ""example_molecule_smiles"": ""n1ccccc1"",
    ""group_smarts"": ""[nH0]1cc[c;r6]cc1"",
    ""atom_specific_smarts"": ""[nH0]1cc[cH]cc1"",
    ""description"": ""Gamma (para) carbon in pyridine: the aromatic carbon opposite the ring nitrogen."",
    ""uncertainty"": ""medium""
  },
  {
    ""atom_type"": 528,
    ""element"": ""C"",
    ""chemical_environment"": ""aromatic carbon within a pyrazine ring (1,4-diazine)"",
    ""functional_group"": ""pyrazine"",
    ""hybridization"": ""sp2"",
    ""example_molecule_smiles"": ""n1ccncc1"",
    ""group_smarts"": ""n1ccncc1"",
    ""atom_specific_smarts"": ""n1[cH]cncc1"",
    ""description"": ""Any ring carbon of pyrazine (1,4-diazine)."",
    ""uncertainty"": ""low""
  },
  {
    ""atom_type"": 531,
    ""element"": ""C"",
    ""chemical_environment"": ""pyrimidine C2: aromatic carbon between two ring nitrogens (alpha to both Ns)"",
    ""functional_group"": ""pyrimidine (1,3-diazine)"",
    ""hybridization"": ""sp2"",
    ""example_molecule_smiles"": ""n1cnccc1"",
    ""group_smarts"": ""n1cnccc1"",
    ""atom_specific_smarts"": ""[nH0]1[cH]nccc1"",
    ""description"": ""Position 2 carbon of pyrimidine, bonded to both ring nitrogens."",
    ""uncertainty"": ""low""
  },
  {
    ""atom_type"": 532,
    ""element"": ""C"",
    ""chemical_environment"": ""pyrimidine C4: aromatic carbon adjacent to the pyridine-like N at position 3 and not adjacent to the N at position 1"",
    ""functional_group"": ""pyrimidine (1,3-diazine)"",
    ""hybridization"": ""sp2"",
    ""example_molecule_smiles"": ""n1cnccc1"",
    ""group_smarts"": ""n1c[nH0]ccc1"",
    ""atom_specific_smarts"": ""n1c[nH0][cH]cc1"",
    ""description"": ""Position 4 carbon of pyrimidine, next to the N at position 3."",
    ""uncertainty"": ""low""
  },
  {
    ""atom_type"": 533,
    ""element"": ""C"",
    ""chemical_environment"": ""pyrimidine C5: aromatic carbon meta to both nitrogens (between C4 and C6)"",
    ""functional_group"": ""pyrimidine (1,3-diazine)"",
    ""hybridization"": ""sp2"",
    ""example_molecule_smiles"": ""n1cnccc1"",
    ""group_smarts"": ""n1cnccc1"",
    ""atom_specific_smarts"": ""n1cn[cH]cc1"",
    ""description"": ""Position 5 carbon of pyrimidine, not directly bonded to either ring nitrogen."",
    ""uncertainty"": ""low""
  },
  {
    ""atom_type"": 538,
    ""element"": ""C"",
    ""chemical_environment"": ""pyridazine C3: aromatic carbon alpha to the N at position 2 (adjacent to one N) in 1,2-diazine"",
    ""functional_group"": ""pyridazine (1,2-diazine)"",
    ""hybridization"": ""sp2"",
    ""example_molecule_smiles"": ""n1ncccc1"",
    ""group_smarts"": ""n1ncccc1"",
    ""atom_specific_smarts"": ""[nH0]1[nH0][cH]ccc1"",
    ""description"": ""Position 3 carbon of pyridazine, adjacent to the N at position 2."",
    ""uncertainty"": ""low""
  },
  {
    ""atom_type"": 539,
    ""element"": ""C"",
    ""chemical_environment"": ""pyridazine C4: aromatic carbon beta to both nitrogens (not directly bonded to either N) in 1,2-diazine"",
    ""functional_group"": ""pyridazine (1,2-diazine)"",
    ""hybridization"": ""sp2"",
    ""example_molecule_smiles"": ""n1ncccc1"",
    ""group_smarts"": ""n1ncccc1"",
    ""atom_specific_smarts"": ""n1n[cH]cc c1"",
    ""description"": ""Position 4 carbon of pyridazine, not directly attached to an N."",
    ""uncertainty"": ""low""
  },
  {
    ""atom_type"": 543,
    ""element"": ""C"",
    ""chemical_environment"": ""pyrrole C2: aromatic carbon alpha to pyrrolic [nH] (directly bonded to [nH])"",
    ""functional_group"": ""pyrrole"",
    ""hybridization"": ""sp2"",
    ""example_molecule_smiles"": ""[nH]1cccc1"",
    ""group_smarts"": ""[nH;r5][c;r5]"",
    ""atom_specific_smarts"": ""[nH]1[cH]ccc1"",
    ""description"": ""Position 2 carbon of pyrrole, directly bonded to the ring [nH]."",
    ""uncertainty"": ""low""
  },
  {
    ""atom_type"": 544,
    ""element"": ""C"",
    ""chemical_environment"": ""pyrrole C3: aromatic carbon beta to pyrrolic [nH] (not directly bonded to [nH])"",
    ""functional_group"": ""pyrrole"",
    ""hybridization"": ""sp2"",
    ""example_molecule_smiles"": ""[nH]1cccc1"",
    ""group_smarts"": ""[nH]1c[c;r5]cc1"",
    ""atom_specific_smarts"": ""[nH]1c[cH]cc1"",
    ""description"": ""Position 3 carbon of pyrrole, one bond removed from the [nH]."",
    ""uncertainty"": ""low""
  },
  {
    ""atom_type"": 550,
    ""element"": ""C"",
    ""chemical_environment"": ""pyrazole C3: aromatic carbon between [nH] (pyrrolic) and [n] (pyridine-like), i.e., adjacent to both nitrogens"",
    ""functional_group"": ""pyrazole"",
    ""hybridization"": ""sp2"",
    ""example_molecule_smiles"": ""[nH]1nccc1"",
    ""group_smarts"": ""[nH]1[n][c;r5]cc1"",
    ""atom_specific_smarts"": ""[nH]1[n][cH]cc1"",
    ""description"": ""Position 3 carbon of pyrazole, bonded to both ring nitrogens (one [nH], one [n])."",
    ""uncertainty"": ""low""
  },
  {
    ""atom_type"": 551,
    ""element"": ""C"",
    ""chemical_environment"": ""pyrazole C4: aromatic carbon adjacent to the pyridine-like [n] (position 2) and not to [nH]"",
    ""functional_group"": ""pyrazole"",
    ""hybridization"": ""sp2"",
    ""example_molecule_smiles"": ""[nH]1nccc1"",
    ""group_smarts"": ""[nH]1n[c][c;r5]c1"",
    ""atom_specific_smarts"": ""[nH]1n[c][cH]c1"",
    ""description"": ""Position 4 carbon of pyrazole, adjacent to the ring [n] and not directly bonded to [nH]."",
    ""uncertainty"": ""low""
  },
  {
    ""atom_type"": 552,
    ""element"": ""C"",
    ""chemical_environment"": ""pyrazole C5: aromatic carbon adjacent to the pyrrolic [nH] and not to the pyridine-like [n]"",
    ""functional_group"": ""pyrazole"",
    ""hybridization"": ""sp2"",
    ""example_molecule_smiles"": ""[nH]1nccc1"",
    ""group_smarts"": ""[nH]1nc[c;r5]c1"",
    ""atom_specific_smarts"": ""[nH]1ncc[cH]1"",
    ""description"": ""Position 5 carbon of pyrazole, adjacent to the [nH] and not directly bonded to the pyridine-like [n]."",
    ""uncertainty"": ""low""
  }
]"
521,0.473,C  - CA   | C1 in pyridine CHELPG,12.011,oplsaa.lt,C,6,"Convert the following OPLS-AA atom type rows:

Atom Type Data:
- Atom index: 514
- Force field raw info: C  - CW   | CD1 in TRP
- Partial charge: -0.115
- Atomic mass: 12.011
- Element guess: C
- Atomic number: 6
- Source file: oplsaa.lt


Atom Type Data:
- Atom index: 515
- Force field raw info: C  - CT   | all-atom C: CH, isopropyl benzene
- Partial charge: 0.055
- Atomic mass: 12.011
- Element guess: C
- Atomic number: 6
- Source file: oplsaa.lt


Atom Type Data:
- Atom index: 516
- Force field raw info: C  - CT   | all-atom C: C, t-butyl benzene
- Partial charge: 0.115
- Atomic mass: 12.011
- Element guess: C
- Atomic number: 6
- Source file: oplsaa.lt


Atom Type Data:
- Atom index: 517
- Force field raw info: C  - CM   | vinyl ether HCOR
- Partial charge: -0.03
- Atomic mass: 12.011
- Element guess: C
- Atomic number: 6
- Source file: oplsaa.lt


Atom Type Data:
- Atom index: 518
- Force field raw info: C  - CM   | vinyl ether RCOR
- Partial charge: 0.085
- Atomic mass: 12.011
- Element guess: C
- Atomic number: 6
- Source file: oplsaa.lt


Atom Type Data:
- Atom index: 519
- Force field raw info: C  - C!   | biphenyl C1
- Partial charge: 0.0
- Atomic mass: 12.011
- Element guess: C
- Atomic number: 6
- Source file: oplsaa.lt


Atom Type Data:
- Atom index: 521
- Force field raw info: C  - CA   | C1 in pyridine CHELPG
- Partial charge: 0.473
- Atomic mass: 12.011
- Element guess: C
- Atomic number: 6
- Source file: oplsaa.lt


Atom Type Data:
- Atom index: 522
- Force field raw info: C  - CA   | C2 in pyridine charges
- Partial charge: -0.447
- Atomic mass: 12.011
- Element guess: C
- Atomic number: 6
- Source file: oplsaa.lt


Atom Type Data:
- Atom index: 523
- Force field raw info: C  - CA   | C3 in pyridine for
- Partial charge: 0.227
- Atomic mass: 12.011
- Element guess: C
- Atomic number: 6
- Source file: oplsaa.lt


Atom Type Data:
- Atom index: 528
- Force field raw info: C  - CA   | C in pyrazine
- Partial charge: 0.192
- Atomic mass: 12.011
- Element guess: C
- Atomic number: 6
- Source file: oplsaa.lt


Atom Type Data:
- Atom index: 531
- Force field raw info: C  - CQ   | C2 in pyrimidine
- Partial charge: 0.874
- Atomic mass: 12.011
- Element guess: C
- Atomic number: 6
- Source file: oplsaa.lt


Atom Type Data:
- Atom index: 532
- Force field raw info: C  - CA   | C4 in pyrimidine
- Partial charge: 0.653
- Atomic mass: 12.011
- Element guess: C
- Atomic number: 6
- Source file: oplsaa.lt


Atom Type Data:
- Atom index: 533
- Force field raw info: C  - CA   | C5 in pyrimidine
- Partial charge: -0.689
- Atomic mass: 12.011
- Element guess: C
- Atomic number: 6
- Source file: oplsaa.lt


Atom Type Data:
- Atom index: 538
- Force field raw info: C  - CA   | C3 in pyridazine
- Partial charge: 0.378
- Atomic mass: 12.011
- Element guess: C
- Atomic number: 6
- Source file: oplsaa.lt


Atom Type Data:
- Atom index: 539
- Force field raw info: C  - CA   | C4 in pyridazine
- Partial charge: -0.16
- Atomic mass: 12.011
- Element guess: C
- Atomic number: 6
- Source file: oplsaa.lt


Atom Type Data:
- Atom index: 543
- Force field raw info: C  - CW   | C2 in pyrrole
- Partial charge: -0.163
- Atomic mass: 12.011
- Element guess: C
- Atomic number: 6
- Source file: oplsaa.lt


Atom Type Data:
- Atom index: 544
- Force field raw info: C  - CS   | C3 in pyrrole
- Partial charge: -0.149
- Atomic mass: 12.011
- Element guess: C
- Atomic number: 6
- Source file: oplsaa.lt


Atom Type Data:
- Atom index: 550
- Force field raw info: C  - CU   | C3 in pyrazole
- Partial charge: 0.246
- Atomic mass: 12.011
- Element guess: C
- Atomic number: 6
- Source file: oplsaa.lt


Atom Type Data:
- Atom index: 551
- Force field raw info: C  - CS   | C4 in pyrazole
- Partial charge: -0.32
- Atomic mass: 12.011
- Element guess: C
- Atomic number: 6
- Source file: oplsaa.lt


Atom Type Data:
- Atom index: 552
- Force field raw info: C  - CW   | C5 in pyrazole
- Partial charge: -0.034
- Atomic mass: 12.011
- Element guess: C
- Atomic number: 6
- Source file: oplsaa.lt
","[
  {
    ""atom_type"": 514,
    ""element"": ""C"",
    ""chemical_environment"": ""aromatic carbon in indole fused system directly bonded to pyrrolic [nH] (CD1 in tryptophan)"",
    ""functional_group"": ""indole (tryptophan side chain)"",
    ""hybridization"": ""sp2"",
    ""example_molecule_smiles"": ""c1ccc2[nH]ccc2c1"",
    ""group_smarts"": ""[c;r6][nH;r5]"",
    ""atom_specific_smarts"": ""[cH;r6][nH;r5]"",
    ""description"": ""CD1 carbon of tryptophan: the benzene-ring carbon of indole that is directly bonded to the pyrrolic [nH]."",
    ""uncertainty"": ""low""
  },
  {
    ""atom_type"": 515,
    ""element"": ""C"",
    ""chemical_environment"": ""tertiary sp3 methine attached to two methyl groups and an aromatic ring (isopropyl benzene junction carbon)"",
    ""functional_group"": ""cumene (isopropyl benzene) side chain"",
    ""hybridization"": ""sp3"",
    ""example_molecule_smiles"": ""CC(C)c1ccccc1"",
    ""group_smarts"": ""[CH](C)(C)a"",
    ""atom_specific_smarts"": ""[CH](C)(C)c1ccccc1"",
    ""description"": ""Methine carbon of an isopropyl group directly bonded to an aromatic carbon and two alkyl carbons."",
    ""uncertainty"": ""low""
  },
  {
    ""atom_type"": 516,
    ""element"": ""C"",
    ""chemical_environment"": ""quaternary sp3 carbon attached to three methyl groups and an aromatic ring (t-butyl benzene junction carbon)"",
    ""functional_group"": ""tert-butyl benzene side chain"",
    ""hybridization"": ""sp3"",
    ""example_molecule_smiles"": ""CC(C)(C)c1ccccc1"",
    ""group_smarts"": ""[C;H0](C)(C)(C)a"",
    ""atom_specific_smarts"": ""[C;H0](C)(C)(C)c1ccccc1"",
    ""description"": ""Central tert-butyl carbon directly bonded to an aromatic carbon and three methyl carbons."",
    ""uncertainty"": ""low""
  },
  {
    ""atom_type"": 517,
    ""element"": ""C"",
    ""chemical_environment"": ""vinylic carbon of enol ether directly bonded to O–R and bearing one hydrogen (HCOR)"",
    ""functional_group"": ""vinyl ether (enol ether, RO–C(H)=C–)"",
    ""hybridization"": ""sp2"",
    ""example_molecule_smiles"": ""C=COC"",
    ""group_smarts"": ""[C;sp2X3]([O;X2]-[*])=[C;sp2]"",
    ""atom_specific_smarts"": ""[CH;sp2X3]([O;X2]-[*])=[C;sp2]"",
    ""description"": ""The enol-ether carbon single-bonded to an ether oxygen (–O–) and double-bonded to another carbon; this specific type carries one hydrogen."",
    ""uncertainty"": ""low""
  },
  {
    ""atom_type"": 518,
    ""element"": ""C"",
    ""chemical_environment"": ""vinylic carbon of enol ether directly bonded to O–R and fully substituted by carbon (no hydrogens) (RCOR)"",
    ""functional_group"": ""vinyl ether (enol ether, RO–C(=C–)R)"",
    ""hybridization"": ""sp2"",
    ""example_molecule_smiles"": ""COC(=C)C"",
    ""group_smarts"": ""[C;sp2X3]([O;X2]-[*])=[C;sp2]"",
    ""atom_specific_smarts"": ""[C;H0;sp2X3]([O;X2]-[*])=[C;sp2]"",
    ""description"": ""The enol-ether carbon single-bonded to an ether oxygen (–O–) and double-bonded to another carbon; this specific type has no hydrogens (substituted by carbon)."",
    ""uncertainty"": ""low""
  },
  {
    ""atom_type"": 519,
    ""element"": ""C"",
    ""chemical_environment"": ""aromatic carbon at the biaryl junction (ipso carbon of one ring bonded via a single bond to an aromatic carbon of another ring)"",
    ""functional_group"": ""biphenyl (biaryl)"",
    ""hybridization"": ""sp2"",
    ""example_molecule_smiles"": ""c1ccccc1-c2ccccc2"",
    ""group_smarts"": ""[cH;r;D3](-a):a"",
    ""atom_specific_smarts"": ""[cH;r6;D3](-c1ccccc1):c"",
    ""description"": ""Biphenyl ipso carbon: a benzene-ring carbon with two aromatic ring neighbors and one exocyclic single bond to an aromatic carbon of a second ring."",
    ""uncertainty"": ""low""
  },
  {
    ""atom_type"": 521,
    ""element"": ""C"",
    ""chemical_environment"": ""pyridine ring carbon ortho (alpha) to ring nitrogen (directly bonded to [n])"",
    ""functional_group"": ""pyridine"",
    ""hybridization"": ""sp2"",
    ""example_molecule_smiles"": ""n1ccccc1"",
    ""group_smarts"": ""[nH0;r6][c;r6]"",
    ""atom_specific_smarts"": ""[nH0]1[cH]cccc1"",
    ""description"": ""Alpha carbon(s) to the pyridine nitrogen: the aromatic carbons directly bonded to the ring [n]."",
    ""uncertainty"": ""medium""
  },
  {
    ""atom_type"": 522,
    ""element"": ""C"",
    ""chemical_environment"": ""pyridine ring carbon meta (beta) to ring nitrogen (one bond removed from the alpha carbon)"",
    ""functional_group"": ""pyridine"",
    ""hybridization"": ""sp2"",
    ""example_molecule_smiles"": ""n1ccccc1"",
    ""group_smarts"": ""[nH0]1c[c;r6]ccc1"",
    ""atom_specific_smarts"": ""[nH0]1c[cH]ccc1"",
    ""description"": ""Beta (meta) carbon(s) in pyridine: aromatic carbons not directly bonded to [n], adjacent to an alpha carbon that is bonded to [n]."",
    ""uncertainty"": ""medium""
  },
  {
    ""atom_type"": 523,
    ""element"": ""C"",
    ""chemical_environment"": ""pyridine ring carbon para (gamma) to ring nitrogen (opposite the [n])"",
    ""functional_group"": ""pyridine"",
    ""hybridization"": ""sp2"",
    ""example_molecule_smiles"": ""n1ccccc1"",
    ""group_smarts"": ""[nH0]1cc[c;r6]cc1"",
    ""atom_specific_smarts"": ""[nH0]1cc[cH]cc1"",
    ""description"": ""Gamma (para) carbon in pyridine: the aromatic carbon opposite the ring nitrogen."",
    ""uncertainty"": ""medium""
  },
  {
    ""atom_type"": 528,
    ""element"": ""C"",
    ""chemical_environment"": ""aromatic carbon within a pyrazine ring (1,4-diazine)"",
    ""functional_group"": ""pyrazine"",
    ""hybridization"": ""sp2"",
    ""example_molecule_smiles"": ""n1ccncc1"",
    ""group_smarts"": ""n1ccncc1"",
    ""atom_specific_smarts"": ""n1[cH]cncc1"",
    ""description"": ""Any ring carbon of pyrazine (1,4-diazine)."",
    ""uncertainty"": ""low""
  },
  {
    ""atom_type"": 531,
    ""element"": ""C"",
    ""chemical_environment"": ""pyrimidine C2: aromatic carbon between two ring nitrogens (alpha to both Ns)"",
    ""functional_group"": ""pyrimidine (1,3-diazine)"",
    ""hybridization"": ""sp2"",
    ""example_molecule_smiles"": ""n1cnccc1"",
    ""group_smarts"": ""n1cnccc1"",
    ""atom_specific_smarts"": ""[nH0]1[cH]nccc1"",
    ""description"": ""Position 2 carbon of pyrimidine, bonded to both ring nitrogens."",
    ""uncertainty"": ""low""
  },
  {
    ""atom_type"": 532,
    ""element"": ""C"",
    ""chemical_environment"": ""pyrimidine C4: aromatic carbon adjacent to the pyridine-like N at position 3 and not adjacent to the N at position 1"",
    ""functional_group"": ""pyrimidine (1,3-diazine)"",
    ""hybridization"": ""sp2"",
    ""example_molecule_smiles"": ""n1cnccc1"",
    ""group_smarts"": ""n1c[nH0]ccc1"",
    ""atom_specific_smarts"": ""n1c[nH0][cH]cc1"",
    ""description"": ""Position 4 carbon of pyrimidine, next to the N at position 3."",
    ""uncertainty"": ""low""
  },
  {
    ""atom_type"": 533,
    ""element"": ""C"",
    ""chemical_environment"": ""pyrimidine C5: aromatic carbon meta to both nitrogens (between C4 and C6)"",
    ""functional_group"": ""pyrimidine (1,3-diazine)"",
    ""hybridization"": ""sp2"",
    ""example_molecule_smiles"": ""n1cnccc1"",
    ""group_smarts"": ""n1cnccc1"",
    ""atom_specific_smarts"": ""n1cn[cH]cc1"",
    ""description"": ""Position 5 carbon of pyrimidine, not directly bonded to either ring nitrogen."",
    ""uncertainty"": ""low""
  },
  {
    ""atom_type"": 538,
    ""element"": ""C"",
    ""chemical_environment"": ""pyridazine C3: aromatic carbon alpha to the N at position 2 (adjacent to one N) in 1,2-diazine"",
    ""functional_group"": ""pyridazine (1,2-diazine)"",
    ""hybridization"": ""sp2"",
    ""example_molecule_smiles"": ""n1ncccc1"",
    ""group_smarts"": ""n1ncccc1"",
    ""atom_specific_smarts"": ""[nH0]1[nH0][cH]ccc1"",
    ""description"": ""Position 3 carbon of pyridazine, adjacent to the N at position 2."",
    ""uncertainty"": ""low""
  },
  {
    ""atom_type"": 539,
    ""element"": ""C"",
    ""chemical_environment"": ""pyridazine C4: aromatic carbon beta to both nitrogens (not directly bonded to either N) in 1,2-diazine"",
    ""functional_group"": ""pyridazine (1,2-diazine)"",
    ""hybridization"": ""sp2"",
    ""example_molecule_smiles"": ""n1ncccc1"",
    ""group_smarts"": ""n1ncccc1"",
    ""atom_specific_smarts"": ""n1n[cH]cc c1"",
    ""description"": ""Position 4 carbon of pyridazine, not directly attached to an N."",
    ""uncertainty"": ""low""
  },
  {
    ""atom_type"": 543,
    ""element"": ""C"",
    ""chemical_environment"": ""pyrrole C2: aromatic carbon alpha to pyrrolic [nH] (directly bonded to [nH])"",
    ""functional_group"": ""pyrrole"",
    ""hybridization"": ""sp2"",
    ""example_molecule_smiles"": ""[nH]1cccc1"",
    ""group_smarts"": ""[nH;r5][c;r5]"",
    ""atom_specific_smarts"": ""[nH]1[cH]ccc1"",
    ""description"": ""Position 2 carbon of pyrrole, directly bonded to the ring [nH]."",
    ""uncertainty"": ""low""
  },
  {
    ""atom_type"": 544,
    ""element"": ""C"",
    ""chemical_environment"": ""pyrrole C3: aromatic carbon beta to pyrrolic [nH] (not directly bonded to [nH])"",
    ""functional_group"": ""pyrrole"",
    ""hybridization"": ""sp2"",
    ""example_molecule_smiles"": ""[nH]1cccc1"",
    ""group_smarts"": ""[nH]1c[c;r5]cc1"",
    ""atom_specific_smarts"": ""[nH]1c[cH]cc1"",
    ""description"": ""Position 3 carbon of pyrrole, one bond removed from the [nH]."",
    ""uncertainty"": ""low""
  },
  {
    ""atom_type"": 550,
    ""element"": ""C"",
    ""chemical_environment"": ""pyrazole C3: aromatic carbon between [nH] (pyrrolic) and [n] (pyridine-like), i.e., adjacent to both nitrogens"",
    ""functional_group"": ""pyrazole"",
    ""hybridization"": ""sp2"",
    ""example_molecule_smiles"": ""[nH]1nccc1"",
    ""group_smarts"": ""[nH]1[n][c;r5]cc1"",
    ""atom_specific_smarts"": ""[nH]1[n][cH]cc1"",
    ""description"": ""Position 3 carbon of pyrazole, bonded to both ring nitrogens (one [nH], one [n])."",
    ""uncertainty"": ""low""
  },
  {
    ""atom_type"": 551,
    ""element"": ""C"",
    ""chemical_environment"": ""pyrazole C4: aromatic carbon adjacent to the pyridine-like [n] (position 2) and not to [nH]"",
    ""functional_group"": ""pyrazole"",
    ""hybridization"": ""sp2"",
    ""example_molecule_smiles"": ""[nH]1nccc1"",
    ""group_smarts"": ""[nH]1n[c][c;r5]c1"",
    ""atom_specific_smarts"": ""[nH]1n[c][cH]c1"",
    ""description"": ""Position 4 carbon of pyrazole, adjacent to the ring [n] and not directly bonded to [nH]."",
    ""uncertainty"": ""low""
  },
  {
    ""atom_type"": 552,
    ""element"": ""C"",
    ""chemical_environment"": ""pyrazole C5: aromatic carbon adjacent to the pyrrolic [nH] and not to the pyridine-like [n]"",
    ""functional_group"": ""pyrazole"",
    ""hybridization"": ""sp2"",
    ""example_molecule_smiles"": ""[nH]1nccc1"",
    ""group_smarts"": ""[nH]1nc[c;r5]c1"",
    ""atom_specific_smarts"": ""[nH]1ncc[cH]1"",
    ""description"": ""Position 5 carbon of pyrazole, adjacent to the [nH] and not directly bonded to the pyridine-like [n]."",
    ""uncertainty"": ""low""
  }
]"
522,-0.447,C  - CA   | C2 in pyridine charges,12.011,oplsaa.lt,C,6,"Convert the following OPLS-AA atom type rows:

Atom Type Data:
- Atom index: 514
- Force field raw info: C  - CW   | CD1 in TRP
- Partial charge: -0.115
- Atomic mass: 12.011
- Element guess: C
- Atomic number: 6
- Source file: oplsaa.lt


Atom Type Data:
- Atom index: 515
- Force field raw info: C  - CT   | all-atom C: CH, isopropyl benzene
- Partial charge: 0.055
- Atomic mass: 12.011
- Element guess: C
- Atomic number: 6
- Source file: oplsaa.lt


Atom Type Data:
- Atom index: 516
- Force field raw info: C  - CT   | all-atom C: C, t-butyl benzene
- Partial charge: 0.115
- Atomic mass: 12.011
- Element guess: C
- Atomic number: 6
- Source file: oplsaa.lt


Atom Type Data:
- Atom index: 517
- Force field raw info: C  - CM   | vinyl ether HCOR
- Partial charge: -0.03
- Atomic mass: 12.011
- Element guess: C
- Atomic number: 6
- Source file: oplsaa.lt


Atom Type Data:
- Atom index: 518
- Force field raw info: C  - CM   | vinyl ether RCOR
- Partial charge: 0.085
- Atomic mass: 12.011
- Element guess: C
- Atomic number: 6
- Source file: oplsaa.lt


Atom Type Data:
- Atom index: 519
- Force field raw info: C  - C!   | biphenyl C1
- Partial charge: 0.0
- Atomic mass: 12.011
- Element guess: C
- Atomic number: 6
- Source file: oplsaa.lt


Atom Type Data:
- Atom index: 521
- Force field raw info: C  - CA   | C1 in pyridine CHELPG
- Partial charge: 0.473
- Atomic mass: 12.011
- Element guess: C
- Atomic number: 6
- Source file: oplsaa.lt


Atom Type Data:
- Atom index: 522
- Force field raw info: C  - CA   | C2 in pyridine charges
- Partial charge: -0.447
- Atomic mass: 12.011
- Element guess: C
- Atomic number: 6
- Source file: oplsaa.lt


Atom Type Data:
- Atom index: 523
- Force field raw info: C  - CA   | C3 in pyridine for
- Partial charge: 0.227
- Atomic mass: 12.011
- Element guess: C
- Atomic number: 6
- Source file: oplsaa.lt


Atom Type Data:
- Atom index: 528
- Force field raw info: C  - CA   | C in pyrazine
- Partial charge: 0.192
- Atomic mass: 12.011
- Element guess: C
- Atomic number: 6
- Source file: oplsaa.lt


Atom Type Data:
- Atom index: 531
- Force field raw info: C  - CQ   | C2 in pyrimidine
- Partial charge: 0.874
- Atomic mass: 12.011
- Element guess: C
- Atomic number: 6
- Source file: oplsaa.lt


Atom Type Data:
- Atom index: 532
- Force field raw info: C  - CA   | C4 in pyrimidine
- Partial charge: 0.653
- Atomic mass: 12.011
- Element guess: C
- Atomic number: 6
- Source file: oplsaa.lt


Atom Type Data:
- Atom index: 533
- Force field raw info: C  - CA   | C5 in pyrimidine
- Partial charge: -0.689
- Atomic mass: 12.011
- Element guess: C
- Atomic number: 6
- Source file: oplsaa.lt


Atom Type Data:
- Atom index: 538
- Force field raw info: C  - CA   | C3 in pyridazine
- Partial charge: 0.378
- Atomic mass: 12.011
- Element guess: C
- Atomic number: 6
- Source file: oplsaa.lt


Atom Type Data:
- Atom index: 539
- Force field raw info: C  - CA   | C4 in pyridazine
- Partial charge: -0.16
- Atomic mass: 12.011
- Element guess: C
- Atomic number: 6
- Source file: oplsaa.lt


Atom Type Data:
- Atom index: 543
- Force field raw info: C  - CW   | C2 in pyrrole
- Partial charge: -0.163
- Atomic mass: 12.011
- Element guess: C
- Atomic number: 6
- Source file: oplsaa.lt


Atom Type Data:
- Atom index: 544
- Force field raw info: C  - CS   | C3 in pyrrole
- Partial charge: -0.149
- Atomic mass: 12.011
- Element guess: C
- Atomic number: 6
- Source file: oplsaa.lt


Atom Type Data:
- Atom index: 550
- Force field raw info: C  - CU   | C3 in pyrazole
- Partial charge: 0.246
- Atomic mass: 12.011
- Element guess: C
- Atomic number: 6
- Source file: oplsaa.lt


Atom Type Data:
- Atom index: 551
- Force field raw info: C  - CS   | C4 in pyrazole
- Partial charge: -0.32
- Atomic mass: 12.011
- Element guess: C
- Atomic number: 6
- Source file: oplsaa.lt


Atom Type Data:
- Atom index: 552
- Force field raw info: C  - CW   | C5 in pyrazole
- Partial charge: -0.034
- Atomic mass: 12.011
- Element guess: C
- Atomic number: 6
- Source file: oplsaa.lt
","[
  {
    ""atom_type"": 514,
    ""element"": ""C"",
    ""chemical_environment"": ""aromatic carbon in indole fused system directly bonded to pyrrolic [nH] (CD1 in tryptophan)"",
    ""functional_group"": ""indole (tryptophan side chain)"",
    ""hybridization"": ""sp2"",
    ""example_molecule_smiles"": ""c1ccc2[nH]ccc2c1"",
    ""group_smarts"": ""[c;r6][nH;r5]"",
    ""atom_specific_smarts"": ""[cH;r6][nH;r5]"",
    ""description"": ""CD1 carbon of tryptophan: the benzene-ring carbon of indole that is directly bonded to the pyrrolic [nH]."",
    ""uncertainty"": ""low""
  },
  {
    ""atom_type"": 515,
    ""element"": ""C"",
    ""chemical_environment"": ""tertiary sp3 methine attached to two methyl groups and an aromatic ring (isopropyl benzene junction carbon)"",
    ""functional_group"": ""cumene (isopropyl benzene) side chain"",
    ""hybridization"": ""sp3"",
    ""example_molecule_smiles"": ""CC(C)c1ccccc1"",
    ""group_smarts"": ""[CH](C)(C)a"",
    ""atom_specific_smarts"": ""[CH](C)(C)c1ccccc1"",
    ""description"": ""Methine carbon of an isopropyl group directly bonded to an aromatic carbon and two alkyl carbons."",
    ""uncertainty"": ""low""
  },
  {
    ""atom_type"": 516,
    ""element"": ""C"",
    ""chemical_environment"": ""quaternary sp3 carbon attached to three methyl groups and an aromatic ring (t-butyl benzene junction carbon)"",
    ""functional_group"": ""tert-butyl benzene side chain"",
    ""hybridization"": ""sp3"",
    ""example_molecule_smiles"": ""CC(C)(C)c1ccccc1"",
    ""group_smarts"": ""[C;H0](C)(C)(C)a"",
    ""atom_specific_smarts"": ""[C;H0](C)(C)(C)c1ccccc1"",
    ""description"": ""Central tert-butyl carbon directly bonded to an aromatic carbon and three methyl carbons."",
    ""uncertainty"": ""low""
  },
  {
    ""atom_type"": 517,
    ""element"": ""C"",
    ""chemical_environment"": ""vinylic carbon of enol ether directly bonded to O–R and bearing one hydrogen (HCOR)"",
    ""functional_group"": ""vinyl ether (enol ether, RO–C(H)=C–)"",
    ""hybridization"": ""sp2"",
    ""example_molecule_smiles"": ""C=COC"",
    ""group_smarts"": ""[C;sp2X3]([O;X2]-[*])=[C;sp2]"",
    ""atom_specific_smarts"": ""[CH;sp2X3]([O;X2]-[*])=[C;sp2]"",
    ""description"": ""The enol-ether carbon single-bonded to an ether oxygen (–O–) and double-bonded to another carbon; this specific type carries one hydrogen."",
    ""uncertainty"": ""low""
  },
  {
    ""atom_type"": 518,
    ""element"": ""C"",
    ""chemical_environment"": ""vinylic carbon of enol ether directly bonded to O–R and fully substituted by carbon (no hydrogens) (RCOR)"",
    ""functional_group"": ""vinyl ether (enol ether, RO–C(=C–)R)"",
    ""hybridization"": ""sp2"",
    ""example_molecule_smiles"": ""COC(=C)C"",
    ""group_smarts"": ""[C;sp2X3]([O;X2]-[*])=[C;sp2]"",
    ""atom_specific_smarts"": ""[C;H0;sp2X3]([O;X2]-[*])=[C;sp2]"",
    ""description"": ""The enol-ether carbon single-bonded to an ether oxygen (–O–) and double-bonded to another carbon; this specific type has no hydrogens (substituted by carbon)."",
    ""uncertainty"": ""low""
  },
  {
    ""atom_type"": 519,
    ""element"": ""C"",
    ""chemical_environment"": ""aromatic carbon at the biaryl junction (ipso carbon of one ring bonded via a single bond to an aromatic carbon of another ring)"",
    ""functional_group"": ""biphenyl (biaryl)"",
    ""hybridization"": ""sp2"",
    ""example_molecule_smiles"": ""c1ccccc1-c2ccccc2"",
    ""group_smarts"": ""[cH;r;D3](-a):a"",
    ""atom_specific_smarts"": ""[cH;r6;D3](-c1ccccc1):c"",
    ""description"": ""Biphenyl ipso carbon: a benzene-ring carbon with two aromatic ring neighbors and one exocyclic single bond to an aromatic carbon of a second ring."",
    ""uncertainty"": ""low""
  },
  {
    ""atom_type"": 521,
    ""element"": ""C"",
    ""chemical_environment"": ""pyridine ring carbon ortho (alpha) to ring nitrogen (directly bonded to [n])"",
    ""functional_group"": ""pyridine"",
    ""hybridization"": ""sp2"",
    ""example_molecule_smiles"": ""n1ccccc1"",
    ""group_smarts"": ""[nH0;r6][c;r6]"",
    ""atom_specific_smarts"": ""[nH0]1[cH]cccc1"",
    ""description"": ""Alpha carbon(s) to the pyridine nitrogen: the aromatic carbons directly bonded to the ring [n]."",
    ""uncertainty"": ""medium""
  },
  {
    ""atom_type"": 522,
    ""element"": ""C"",
    ""chemical_environment"": ""pyridine ring carbon meta (beta) to ring nitrogen (one bond removed from the alpha carbon)"",
    ""functional_group"": ""pyridine"",
    ""hybridization"": ""sp2"",
    ""example_molecule_smiles"": ""n1ccccc1"",
    ""group_smarts"": ""[nH0]1c[c;r6]ccc1"",
    ""atom_specific_smarts"": ""[nH0]1c[cH]ccc1"",
    ""description"": ""Beta (meta) carbon(s) in pyridine: aromatic carbons not directly bonded to [n], adjacent to an alpha carbon that is bonded to [n]."",
    ""uncertainty"": ""medium""
  },
  {
    ""atom_type"": 523,
    ""element"": ""C"",
    ""chemical_environment"": ""pyridine ring carbon para (gamma) to ring nitrogen (opposite the [n])"",
    ""functional_group"": ""pyridine"",
    ""hybridization"": ""sp2"",
    ""example_molecule_smiles"": ""n1ccccc1"",
    ""group_smarts"": ""[nH0]1cc[c;r6]cc1"",
    ""atom_specific_smarts"": ""[nH0]1cc[cH]cc1"",
    ""description"": ""Gamma (para) carbon in pyridine: the aromatic carbon opposite the ring nitrogen."",
    ""uncertainty"": ""medium""
  },
  {
    ""atom_type"": 528,
    ""element"": ""C"",
    ""chemical_environment"": ""aromatic carbon within a pyrazine ring (1,4-diazine)"",
    ""functional_group"": ""pyrazine"",
    ""hybridization"": ""sp2"",
    ""example_molecule_smiles"": ""n1ccncc1"",
    ""group_smarts"": ""n1ccncc1"",
    ""atom_specific_smarts"": ""n1[cH]cncc1"",
    ""description"": ""Any ring carbon of pyrazine (1,4-diazine)."",
    ""uncertainty"": ""low""
  },
  {
    ""atom_type"": 531,
    ""element"": ""C"",
    ""chemical_environment"": ""pyrimidine C2: aromatic carbon between two ring nitrogens (alpha to both Ns)"",
    ""functional_group"": ""pyrimidine (1,3-diazine)"",
    ""hybridization"": ""sp2"",
    ""example_molecule_smiles"": ""n1cnccc1"",
    ""group_smarts"": ""n1cnccc1"",
    ""atom_specific_smarts"": ""[nH0]1[cH]nccc1"",
    ""description"": ""Position 2 carbon of pyrimidine, bonded to both ring nitrogens."",
    ""uncertainty"": ""low""
  },
  {
    ""atom_type"": 532,
    ""element"": ""C"",
    ""chemical_environment"": ""pyrimidine C4: aromatic carbon adjacent to the pyridine-like N at position 3 and not adjacent to the N at position 1"",
    ""functional_group"": ""pyrimidine (1,3-diazine)"",
    ""hybridization"": ""sp2"",
    ""example_molecule_smiles"": ""n1cnccc1"",
    ""group_smarts"": ""n1c[nH0]ccc1"",
    ""atom_specific_smarts"": ""n1c[nH0][cH]cc1"",
    ""description"": ""Position 4 carbon of pyrimidine, next to the N at position 3."",
    ""uncertainty"": ""low""
  },
  {
    ""atom_type"": 533,
    ""element"": ""C"",
    ""chemical_environment"": ""pyrimidine C5: aromatic carbon meta to both nitrogens (between C4 and C6)"",
    ""functional_group"": ""pyrimidine (1,3-diazine)"",
    ""hybridization"": ""sp2"",
    ""example_molecule_smiles"": ""n1cnccc1"",
    ""group_smarts"": ""n1cnccc1"",
    ""atom_specific_smarts"": ""n1cn[cH]cc1"",
    ""description"": ""Position 5 carbon of pyrimidine, not directly bonded to either ring nitrogen."",
    ""uncertainty"": ""low""
  },
  {
    ""atom_type"": 538,
    ""element"": ""C"",
    ""chemical_environment"": ""pyridazine C3: aromatic carbon alpha to the N at position 2 (adjacent to one N) in 1,2-diazine"",
    ""functional_group"": ""pyridazine (1,2-diazine)"",
    ""hybridization"": ""sp2"",
    ""example_molecule_smiles"": ""n1ncccc1"",
    ""group_smarts"": ""n1ncccc1"",
    ""atom_specific_smarts"": ""[nH0]1[nH0][cH]ccc1"",
    ""description"": ""Position 3 carbon of pyridazine, adjacent to the N at position 2."",
    ""uncertainty"": ""low""
  },
  {
    ""atom_type"": 539,
    ""element"": ""C"",
    ""chemical_environment"": ""pyridazine C4: aromatic carbon beta to both nitrogens (not directly bonded to either N) in 1,2-diazine"",
    ""functional_group"": ""pyridazine (1,2-diazine)"",
    ""hybridization"": ""sp2"",
    ""example_molecule_smiles"": ""n1ncccc1"",
    ""group_smarts"": ""n1ncccc1"",
    ""atom_specific_smarts"": ""n1n[cH]cc c1"",
    ""description"": ""Position 4 carbon of pyridazine, not directly attached to an N."",
    ""uncertainty"": ""low""
  },
  {
    ""atom_type"": 543,
    ""element"": ""C"",
    ""chemical_environment"": ""pyrrole C2: aromatic carbon alpha to pyrrolic [nH] (directly bonded to [nH])"",
    ""functional_group"": ""pyrrole"",
    ""hybridization"": ""sp2"",
    ""example_molecule_smiles"": ""[nH]1cccc1"",
    ""group_smarts"": ""[nH;r5][c;r5]"",
    ""atom_specific_smarts"": ""[nH]1[cH]ccc1"",
    ""description"": ""Position 2 carbon of pyrrole, directly bonded to the ring [nH]."",
    ""uncertainty"": ""low""
  },
  {
    ""atom_type"": 544,
    ""element"": ""C"",
    ""chemical_environment"": ""pyrrole C3: aromatic carbon beta to pyrrolic [nH] (not directly bonded to [nH])"",
    ""functional_group"": ""pyrrole"",
    ""hybridization"": ""sp2"",
    ""example_molecule_smiles"": ""[nH]1cccc1"",
    ""group_smarts"": ""[nH]1c[c;r5]cc1"",
    ""atom_specific_smarts"": ""[nH]1c[cH]cc1"",
    ""description"": ""Position 3 carbon of pyrrole, one bond removed from the [nH]."",
    ""uncertainty"": ""low""
  },
  {
    ""atom_type"": 550,
    ""element"": ""C"",
    ""chemical_environment"": ""pyrazole C3: aromatic carbon between [nH] (pyrrolic) and [n] (pyridine-like), i.e., adjacent to both nitrogens"",
    ""functional_group"": ""pyrazole"",
    ""hybridization"": ""sp2"",
    ""example_molecule_smiles"": ""[nH]1nccc1"",
    ""group_smarts"": ""[nH]1[n][c;r5]cc1"",
    ""atom_specific_smarts"": ""[nH]1[n][cH]cc1"",
    ""description"": ""Position 3 carbon of pyrazole, bonded to both ring nitrogens (one [nH], one [n])."",
    ""uncertainty"": ""low""
  },
  {
    ""atom_type"": 551,
    ""element"": ""C"",
    ""chemical_environment"": ""pyrazole C4: aromatic carbon adjacent to the pyridine-like [n] (position 2) and not to [nH]"",
    ""functional_group"": ""pyrazole"",
    ""hybridization"": ""sp2"",
    ""example_molecule_smiles"": ""[nH]1nccc1"",
    ""group_smarts"": ""[nH]1n[c][c;r5]c1"",
    ""atom_specific_smarts"": ""[nH]1n[c][cH]c1"",
    ""description"": ""Position 4 carbon of pyrazole, adjacent to the ring [n] and not directly bonded to [nH]."",
    ""uncertainty"": ""low""
  },
  {
    ""atom_type"": 552,
    ""element"": ""C"",
    ""chemical_environment"": ""pyrazole C5: aromatic carbon adjacent to the pyrrolic [nH] and not to the pyridine-like [n]"",
    ""functional_group"": ""pyrazole"",
    ""hybridization"": ""sp2"",
    ""example_molecule_smiles"": ""[nH]1nccc1"",
    ""group_smarts"": ""[nH]1nc[c;r5]c1"",
    ""atom_specific_smarts"": ""[nH]1ncc[cH]1"",
    ""description"": ""Position 5 carbon of pyrazole, adjacent to the [nH] and not directly bonded to the pyridine-like [n]."",
    ""uncertainty"": ""low""
  }
]"
523,0.227,C  - CA   | C3 in pyridine for,12.011,oplsaa.lt,C,6,"Convert the following OPLS-AA atom type rows:

Atom Type Data:
- Atom index: 514
- Force field raw info: C  - CW   | CD1 in TRP
- Partial charge: -0.115
- Atomic mass: 12.011
- Element guess: C
- Atomic number: 6
- Source file: oplsaa.lt


Atom Type Data:
- Atom index: 515
- Force field raw info: C  - CT   | all-atom C: CH, isopropyl benzene
- Partial charge: 0.055
- Atomic mass: 12.011
- Element guess: C
- Atomic number: 6
- Source file: oplsaa.lt


Atom Type Data:
- Atom index: 516
- Force field raw info: C  - CT   | all-atom C: C, t-butyl benzene
- Partial charge: 0.115
- Atomic mass: 12.011
- Element guess: C
- Atomic number: 6
- Source file: oplsaa.lt


Atom Type Data:
- Atom index: 517
- Force field raw info: C  - CM   | vinyl ether HCOR
- Partial charge: -0.03
- Atomic mass: 12.011
- Element guess: C
- Atomic number: 6
- Source file: oplsaa.lt


Atom Type Data:
- Atom index: 518
- Force field raw info: C  - CM   | vinyl ether RCOR
- Partial charge: 0.085
- Atomic mass: 12.011
- Element guess: C
- Atomic number: 6
- Source file: oplsaa.lt


Atom Type Data:
- Atom index: 519
- Force field raw info: C  - C!   | biphenyl C1
- Partial charge: 0.0
- Atomic mass: 12.011
- Element guess: C
- Atomic number: 6
- Source file: oplsaa.lt


Atom Type Data:
- Atom index: 521
- Force field raw info: C  - CA   | C1 in pyridine CHELPG
- Partial charge: 0.473
- Atomic mass: 12.011
- Element guess: C
- Atomic number: 6
- Source file: oplsaa.lt


Atom Type Data:
- Atom index: 522
- Force field raw info: C  - CA   | C2 in pyridine charges
- Partial charge: -0.447
- Atomic mass: 12.011
- Element guess: C
- Atomic number: 6
- Source file: oplsaa.lt


Atom Type Data:
- Atom index: 523
- Force field raw info: C  - CA   | C3 in pyridine for
- Partial charge: 0.227
- Atomic mass: 12.011
- Element guess: C
- Atomic number: 6
- Source file: oplsaa.lt


Atom Type Data:
- Atom index: 528
- Force field raw info: C  - CA   | C in pyrazine
- Partial charge: 0.192
- Atomic mass: 12.011
- Element guess: C
- Atomic number: 6
- Source file: oplsaa.lt


Atom Type Data:
- Atom index: 531
- Force field raw info: C  - CQ   | C2 in pyrimidine
- Partial charge: 0.874
- Atomic mass: 12.011
- Element guess: C
- Atomic number: 6
- Source file: oplsaa.lt


Atom Type Data:
- Atom index: 532
- Force field raw info: C  - CA   | C4 in pyrimidine
- Partial charge: 0.653
- Atomic mass: 12.011
- Element guess: C
- Atomic number: 6
- Source file: oplsaa.lt


Atom Type Data:
- Atom index: 533
- Force field raw info: C  - CA   | C5 in pyrimidine
- Partial charge: -0.689
- Atomic mass: 12.011
- Element guess: C
- Atomic number: 6
- Source file: oplsaa.lt


Atom Type Data:
- Atom index: 538
- Force field raw info: C  - CA   | C3 in pyridazine
- Partial charge: 0.378
- Atomic mass: 12.011
- Element guess: C
- Atomic number: 6
- Source file: oplsaa.lt


Atom Type Data:
- Atom index: 539
- Force field raw info: C  - CA   | C4 in pyridazine
- Partial charge: -0.16
- Atomic mass: 12.011
- Element guess: C
- Atomic number: 6
- Source file: oplsaa.lt


Atom Type Data:
- Atom index: 543
- Force field raw info: C  - CW   | C2 in pyrrole
- Partial charge: -0.163
- Atomic mass: 12.011
- Element guess: C
- Atomic number: 6
- Source file: oplsaa.lt


Atom Type Data:
- Atom index: 544
- Force field raw info: C  - CS   | C3 in pyrrole
- Partial charge: -0.149
- Atomic mass: 12.011
- Element guess: C
- Atomic number: 6
- Source file: oplsaa.lt


Atom Type Data:
- Atom index: 550
- Force field raw info: C  - CU   | C3 in pyrazole
- Partial charge: 0.246
- Atomic mass: 12.011
- Element guess: C
- Atomic number: 6
- Source file: oplsaa.lt


Atom Type Data:
- Atom index: 551
- Force field raw info: C  - CS   | C4 in pyrazole
- Partial charge: -0.32
- Atomic mass: 12.011
- Element guess: C
- Atomic number: 6
- Source file: oplsaa.lt


Atom Type Data:
- Atom index: 552
- Force field raw info: C  - CW   | C5 in pyrazole
- Partial charge: -0.034
- Atomic mass: 12.011
- Element guess: C
- Atomic number: 6
- Source file: oplsaa.lt
","[
  {
    ""atom_type"": 514,
    ""element"": ""C"",
    ""chemical_environment"": ""aromatic carbon in indole fused system directly bonded to pyrrolic [nH] (CD1 in tryptophan)"",
    ""functional_group"": ""indole (tryptophan side chain)"",
    ""hybridization"": ""sp2"",
    ""example_molecule_smiles"": ""c1ccc2[nH]ccc2c1"",
    ""group_smarts"": ""[c;r6][nH;r5]"",
    ""atom_specific_smarts"": ""[cH;r6][nH;r5]"",
    ""description"": ""CD1 carbon of tryptophan: the benzene-ring carbon of indole that is directly bonded to the pyrrolic [nH]."",
    ""uncertainty"": ""low""
  },
  {
    ""atom_type"": 515,
    ""element"": ""C"",
    ""chemical_environment"": ""tertiary sp3 methine attached to two methyl groups and an aromatic ring (isopropyl benzene junction carbon)"",
    ""functional_group"": ""cumene (isopropyl benzene) side chain"",
    ""hybridization"": ""sp3"",
    ""example_molecule_smiles"": ""CC(C)c1ccccc1"",
    ""group_smarts"": ""[CH](C)(C)a"",
    ""atom_specific_smarts"": ""[CH](C)(C)c1ccccc1"",
    ""description"": ""Methine carbon of an isopropyl group directly bonded to an aromatic carbon and two alkyl carbons."",
    ""uncertainty"": ""low""
  },
  {
    ""atom_type"": 516,
    ""element"": ""C"",
    ""chemical_environment"": ""quaternary sp3 carbon attached to three methyl groups and an aromatic ring (t-butyl benzene junction carbon)"",
    ""functional_group"": ""tert-butyl benzene side chain"",
    ""hybridization"": ""sp3"",
    ""example_molecule_smiles"": ""CC(C)(C)c1ccccc1"",
    ""group_smarts"": ""[C;H0](C)(C)(C)a"",
    ""atom_specific_smarts"": ""[C;H0](C)(C)(C)c1ccccc1"",
    ""description"": ""Central tert-butyl carbon directly bonded to an aromatic carbon and three methyl carbons."",
    ""uncertainty"": ""low""
  },
  {
    ""atom_type"": 517,
    ""element"": ""C"",
    ""chemical_environment"": ""vinylic carbon of enol ether directly bonded to O–R and bearing one hydrogen (HCOR)"",
    ""functional_group"": ""vinyl ether (enol ether, RO–C(H)=C–)"",
    ""hybridization"": ""sp2"",
    ""example_molecule_smiles"": ""C=COC"",
    ""group_smarts"": ""[C;sp2X3]([O;X2]-[*])=[C;sp2]"",
    ""atom_specific_smarts"": ""[CH;sp2X3]([O;X2]-[*])=[C;sp2]"",
    ""description"": ""The enol-ether carbon single-bonded to an ether oxygen (–O–) and double-bonded to another carbon; this specific type carries one hydrogen."",
    ""uncertainty"": ""low""
  },
  {
    ""atom_type"": 518,
    ""element"": ""C"",
    ""chemical_environment"": ""vinylic carbon of enol ether directly bonded to O–R and fully substituted by carbon (no hydrogens) (RCOR)"",
    ""functional_group"": ""vinyl ether (enol ether, RO–C(=C–)R)"",
    ""hybridization"": ""sp2"",
    ""example_molecule_smiles"": ""COC(=C)C"",
    ""group_smarts"": ""[C;sp2X3]([O;X2]-[*])=[C;sp2]"",
    ""atom_specific_smarts"": ""[C;H0;sp2X3]([O;X2]-[*])=[C;sp2]"",
    ""description"": ""The enol-ether carbon single-bonded to an ether oxygen (–O–) and double-bonded to another carbon; this specific type has no hydrogens (substituted by carbon)."",
    ""uncertainty"": ""low""
  },
  {
    ""atom_type"": 519,
    ""element"": ""C"",
    ""chemical_environment"": ""aromatic carbon at the biaryl junction (ipso carbon of one ring bonded via a single bond to an aromatic carbon of another ring)"",
    ""functional_group"": ""biphenyl (biaryl)"",
    ""hybridization"": ""sp2"",
    ""example_molecule_smiles"": ""c1ccccc1-c2ccccc2"",
    ""group_smarts"": ""[cH;r;D3](-a):a"",
    ""atom_specific_smarts"": ""[cH;r6;D3](-c1ccccc1):c"",
    ""description"": ""Biphenyl ipso carbon: a benzene-ring carbon with two aromatic ring neighbors and one exocyclic single bond to an aromatic carbon of a second ring."",
    ""uncertainty"": ""low""
  },
  {
    ""atom_type"": 521,
    ""element"": ""C"",
    ""chemical_environment"": ""pyridine ring carbon ortho (alpha) to ring nitrogen (directly bonded to [n])"",
    ""functional_group"": ""pyridine"",
    ""hybridization"": ""sp2"",
    ""example_molecule_smiles"": ""n1ccccc1"",
    ""group_smarts"": ""[nH0;r6][c;r6]"",
    ""atom_specific_smarts"": ""[nH0]1[cH]cccc1"",
    ""description"": ""Alpha carbon(s) to the pyridine nitrogen: the aromatic carbons directly bonded to the ring [n]."",
    ""uncertainty"": ""medium""
  },
  {
    ""atom_type"": 522,
    ""element"": ""C"",
    ""chemical_environment"": ""pyridine ring carbon meta (beta) to ring nitrogen (one bond removed from the alpha carbon)"",
    ""functional_group"": ""pyridine"",
    ""hybridization"": ""sp2"",
    ""example_molecule_smiles"": ""n1ccccc1"",
    ""group_smarts"": ""[nH0]1c[c;r6]ccc1"",
    ""atom_specific_smarts"": ""[nH0]1c[cH]ccc1"",
    ""description"": ""Beta (meta) carbon(s) in pyridine: aromatic carbons not directly bonded to [n], adjacent to an alpha carbon that is bonded to [n]."",
    ""uncertainty"": ""medium""
  },
  {
    ""atom_type"": 523,
    ""element"": ""C"",
    ""chemical_environment"": ""pyridine ring carbon para (gamma) to ring nitrogen (opposite the [n])"",
    ""functional_group"": ""pyridine"",
    ""hybridization"": ""sp2"",
    ""example_molecule_smiles"": ""n1ccccc1"",
    ""group_smarts"": ""[nH0]1cc[c;r6]cc1"",
    ""atom_specific_smarts"": ""[nH0]1cc[cH]cc1"",
    ""description"": ""Gamma (para) carbon in pyridine: the aromatic carbon opposite the ring nitrogen."",
    ""uncertainty"": ""medium""
  },
  {
    ""atom_type"": 528,
    ""element"": ""C"",
    ""chemical_environment"": ""aromatic carbon within a pyrazine ring (1,4-diazine)"",
    ""functional_group"": ""pyrazine"",
    ""hybridization"": ""sp2"",
    ""example_molecule_smiles"": ""n1ccncc1"",
    ""group_smarts"": ""n1ccncc1"",
    ""atom_specific_smarts"": ""n1[cH]cncc1"",
    ""description"": ""Any ring carbon of pyrazine (1,4-diazine)."",
    ""uncertainty"": ""low""
  },
  {
    ""atom_type"": 531,
    ""element"": ""C"",
    ""chemical_environment"": ""pyrimidine C2: aromatic carbon between two ring nitrogens (alpha to both Ns)"",
    ""functional_group"": ""pyrimidine (1,3-diazine)"",
    ""hybridization"": ""sp2"",
    ""example_molecule_smiles"": ""n1cnccc1"",
    ""group_smarts"": ""n1cnccc1"",
    ""atom_specific_smarts"": ""[nH0]1[cH]nccc1"",
    ""description"": ""Position 2 carbon of pyrimidine, bonded to both ring nitrogens."",
    ""uncertainty"": ""low""
  },
  {
    ""atom_type"": 532,
    ""element"": ""C"",
    ""chemical_environment"": ""pyrimidine C4: aromatic carbon adjacent to the pyridine-like N at position 3 and not adjacent to the N at position 1"",
    ""functional_group"": ""pyrimidine (1,3-diazine)"",
    ""hybridization"": ""sp2"",
    ""example_molecule_smiles"": ""n1cnccc1"",
    ""group_smarts"": ""n1c[nH0]ccc1"",
    ""atom_specific_smarts"": ""n1c[nH0][cH]cc1"",
    ""description"": ""Position 4 carbon of pyrimidine, next to the N at position 3."",
    ""uncertainty"": ""low""
  },
  {
    ""atom_type"": 533,
    ""element"": ""C"",
    ""chemical_environment"": ""pyrimidine C5: aromatic carbon meta to both nitrogens (between C4 and C6)"",
    ""functional_group"": ""pyrimidine (1,3-diazine)"",
    ""hybridization"": ""sp2"",
    ""example_molecule_smiles"": ""n1cnccc1"",
    ""group_smarts"": ""n1cnccc1"",
    ""atom_specific_smarts"": ""n1cn[cH]cc1"",
    ""description"": ""Position 5 carbon of pyrimidine, not directly bonded to either ring nitrogen."",
    ""uncertainty"": ""low""
  },
  {
    ""atom_type"": 538,
    ""element"": ""C"",
    ""chemical_environment"": ""pyridazine C3: aromatic carbon alpha to the N at position 2 (adjacent to one N) in 1,2-diazine"",
    ""functional_group"": ""pyridazine (1,2-diazine)"",
    ""hybridization"": ""sp2"",
    ""example_molecule_smiles"": ""n1ncccc1"",
    ""group_smarts"": ""n1ncccc1"",
    ""atom_specific_smarts"": ""[nH0]1[nH0][cH]ccc1"",
    ""description"": ""Position 3 carbon of pyridazine, adjacent to the N at position 2."",
    ""uncertainty"": ""low""
  },
  {
    ""atom_type"": 539,
    ""element"": ""C"",
    ""chemical_environment"": ""pyridazine C4: aromatic carbon beta to both nitrogens (not directly bonded to either N) in 1,2-diazine"",
    ""functional_group"": ""pyridazine (1,2-diazine)"",
    ""hybridization"": ""sp2"",
    ""example_molecule_smiles"": ""n1ncccc1"",
    ""group_smarts"": ""n1ncccc1"",
    ""atom_specific_smarts"": ""n1n[cH]cc c1"",
    ""description"": ""Position 4 carbon of pyridazine, not directly attached to an N."",
    ""uncertainty"": ""low""
  },
  {
    ""atom_type"": 543,
    ""element"": ""C"",
    ""chemical_environment"": ""pyrrole C2: aromatic carbon alpha to pyrrolic [nH] (directly bonded to [nH])"",
    ""functional_group"": ""pyrrole"",
    ""hybridization"": ""sp2"",
    ""example_molecule_smiles"": ""[nH]1cccc1"",
    ""group_smarts"": ""[nH;r5][c;r5]"",
    ""atom_specific_smarts"": ""[nH]1[cH]ccc1"",
    ""description"": ""Position 2 carbon of pyrrole, directly bonded to the ring [nH]."",
    ""uncertainty"": ""low""
  },
  {
    ""atom_type"": 544,
    ""element"": ""C"",
    ""chemical_environment"": ""pyrrole C3: aromatic carbon beta to pyrrolic [nH] (not directly bonded to [nH])"",
    ""functional_group"": ""pyrrole"",
    ""hybridization"": ""sp2"",
    ""example_molecule_smiles"": ""[nH]1cccc1"",
    ""group_smarts"": ""[nH]1c[c;r5]cc1"",
    ""atom_specific_smarts"": ""[nH]1c[cH]cc1"",
    ""description"": ""Position 3 carbon of pyrrole, one bond removed from the [nH]."",
    ""uncertainty"": ""low""
  },
  {
    ""atom_type"": 550,
    ""element"": ""C"",
    ""chemical_environment"": ""pyrazole C3: aromatic carbon between [nH] (pyrrolic) and [n] (pyridine-like), i.e., adjacent to both nitrogens"",
    ""functional_group"": ""pyrazole"",
    ""hybridization"": ""sp2"",
    ""example_molecule_smiles"": ""[nH]1nccc1"",
    ""group_smarts"": ""[nH]1[n][c;r5]cc1"",
    ""atom_specific_smarts"": ""[nH]1[n][cH]cc1"",
    ""description"": ""Position 3 carbon of pyrazole, bonded to both ring nitrogens (one [nH], one [n])."",
    ""uncertainty"": ""low""
  },
  {
    ""atom_type"": 551,
    ""element"": ""C"",
    ""chemical_environment"": ""pyrazole C4: aromatic carbon adjacent to the pyridine-like [n] (position 2) and not to [nH]"",
    ""functional_group"": ""pyrazole"",
    ""hybridization"": ""sp2"",
    ""example_molecule_smiles"": ""[nH]1nccc1"",
    ""group_smarts"": ""[nH]1n[c][c;r5]c1"",
    ""atom_specific_smarts"": ""[nH]1n[c][cH]c1"",
    ""description"": ""Position 4 carbon of pyrazole, adjacent to the ring [n] and not directly bonded to [nH]."",
    ""uncertainty"": ""low""
  },
  {
    ""atom_type"": 552,
    ""element"": ""C"",
    ""chemical_environment"": ""pyrazole C5: aromatic carbon adjacent to the pyrrolic [nH] and not to the pyridine-like [n]"",
    ""functional_group"": ""pyrazole"",
    ""hybridization"": ""sp2"",
    ""example_molecule_smiles"": ""[nH]1nccc1"",
    ""group_smarts"": ""[nH]1nc[c;r5]c1"",
    ""atom_specific_smarts"": ""[nH]1ncc[cH]1"",
    ""description"": ""Position 5 carbon of pyrazole, adjacent to the [nH] and not directly bonded to the pyridine-like [n]."",
    ""uncertainty"": ""low""
  }
]"
528,0.192,C  - CA   | C in pyrazine,12.011,oplsaa.lt,C,6,"Convert the following OPLS-AA atom type rows:

Atom Type Data:
- Atom index: 514
- Force field raw info: C  - CW   | CD1 in TRP
- Partial charge: -0.115
- Atomic mass: 12.011
- Element guess: C
- Atomic number: 6
- Source file: oplsaa.lt


Atom Type Data:
- Atom index: 515
- Force field raw info: C  - CT   | all-atom C: CH, isopropyl benzene
- Partial charge: 0.055
- Atomic mass: 12.011
- Element guess: C
- Atomic number: 6
- Source file: oplsaa.lt


Atom Type Data:
- Atom index: 516
- Force field raw info: C  - CT   | all-atom C: C, t-butyl benzene
- Partial charge: 0.115
- Atomic mass: 12.011
- Element guess: C
- Atomic number: 6
- Source file: oplsaa.lt


Atom Type Data:
- Atom index: 517
- Force field raw info: C  - CM   | vinyl ether HCOR
- Partial charge: -0.03
- Atomic mass: 12.011
- Element guess: C
- Atomic number: 6
- Source file: oplsaa.lt


Atom Type Data:
- Atom index: 518
- Force field raw info: C  - CM   | vinyl ether RCOR
- Partial charge: 0.085
- Atomic mass: 12.011
- Element guess: C
- Atomic number: 6
- Source file: oplsaa.lt


Atom Type Data:
- Atom index: 519
- Force field raw info: C  - C!   | biphenyl C1
- Partial charge: 0.0
- Atomic mass: 12.011
- Element guess: C
- Atomic number: 6
- Source file: oplsaa.lt


Atom Type Data:
- Atom index: 521
- Force field raw info: C  - CA   | C1 in pyridine CHELPG
- Partial charge: 0.473
- Atomic mass: 12.011
- Element guess: C
- Atomic number: 6
- Source file: oplsaa.lt


Atom Type Data:
- Atom index: 522
- Force field raw info: C  - CA   | C2 in pyridine charges
- Partial charge: -0.447
- Atomic mass: 12.011
- Element guess: C
- Atomic number: 6
- Source file: oplsaa.lt


Atom Type Data:
- Atom index: 523
- Force field raw info: C  - CA   | C3 in pyridine for
- Partial charge: 0.227
- Atomic mass: 12.011
- Element guess: C
- Atomic number: 6
- Source file: oplsaa.lt


Atom Type Data:
- Atom index: 528
- Force field raw info: C  - CA   | C in pyrazine
- Partial charge: 0.192
- Atomic mass: 12.011
- Element guess: C
- Atomic number: 6
- Source file: oplsaa.lt


Atom Type Data:
- Atom index: 531
- Force field raw info: C  - CQ   | C2 in pyrimidine
- Partial charge: 0.874
- Atomic mass: 12.011
- Element guess: C
- Atomic number: 6
- Source file: oplsaa.lt


Atom Type Data:
- Atom index: 532
- Force field raw info: C  - CA   | C4 in pyrimidine
- Partial charge: 0.653
- Atomic mass: 12.011
- Element guess: C
- Atomic number: 6
- Source file: oplsaa.lt


Atom Type Data:
- Atom index: 533
- Force field raw info: C  - CA   | C5 in pyrimidine
- Partial charge: -0.689
- Atomic mass: 12.011
- Element guess: C
- Atomic number: 6
- Source file: oplsaa.lt


Atom Type Data:
- Atom index: 538
- Force field raw info: C  - CA   | C3 in pyridazine
- Partial charge: 0.378
- Atomic mass: 12.011
- Element guess: C
- Atomic number: 6
- Source file: oplsaa.lt


Atom Type Data:
- Atom index: 539
- Force field raw info: C  - CA   | C4 in pyridazine
- Partial charge: -0.16
- Atomic mass: 12.011
- Element guess: C
- Atomic number: 6
- Source file: oplsaa.lt


Atom Type Data:
- Atom index: 543
- Force field raw info: C  - CW   | C2 in pyrrole
- Partial charge: -0.163
- Atomic mass: 12.011
- Element guess: C
- Atomic number: 6
- Source file: oplsaa.lt


Atom Type Data:
- Atom index: 544
- Force field raw info: C  - CS   | C3 in pyrrole
- Partial charge: -0.149
- Atomic mass: 12.011
- Element guess: C
- Atomic number: 6
- Source file: oplsaa.lt


Atom Type Data:
- Atom index: 550
- Force field raw info: C  - CU   | C3 in pyrazole
- Partial charge: 0.246
- Atomic mass: 12.011
- Element guess: C
- Atomic number: 6
- Source file: oplsaa.lt


Atom Type Data:
- Atom index: 551
- Force field raw info: C  - CS   | C4 in pyrazole
- Partial charge: -0.32
- Atomic mass: 12.011
- Element guess: C
- Atomic number: 6
- Source file: oplsaa.lt


Atom Type Data:
- Atom index: 552
- Force field raw info: C  - CW   | C5 in pyrazole
- Partial charge: -0.034
- Atomic mass: 12.011
- Element guess: C
- Atomic number: 6
- Source file: oplsaa.lt
","[
  {
    ""atom_type"": 514,
    ""element"": ""C"",
    ""chemical_environment"": ""aromatic carbon in indole fused system directly bonded to pyrrolic [nH] (CD1 in tryptophan)"",
    ""functional_group"": ""indole (tryptophan side chain)"",
    ""hybridization"": ""sp2"",
    ""example_molecule_smiles"": ""c1ccc2[nH]ccc2c1"",
    ""group_smarts"": ""[c;r6][nH;r5]"",
    ""atom_specific_smarts"": ""[cH;r6][nH;r5]"",
    ""description"": ""CD1 carbon of tryptophan: the benzene-ring carbon of indole that is directly bonded to the pyrrolic [nH]."",
    ""uncertainty"": ""low""
  },
  {
    ""atom_type"": 515,
    ""element"": ""C"",
    ""chemical_environment"": ""tertiary sp3 methine attached to two methyl groups and an aromatic ring (isopropyl benzene junction carbon)"",
    ""functional_group"": ""cumene (isopropyl benzene) side chain"",
    ""hybridization"": ""sp3"",
    ""example_molecule_smiles"": ""CC(C)c1ccccc1"",
    ""group_smarts"": ""[CH](C)(C)a"",
    ""atom_specific_smarts"": ""[CH](C)(C)c1ccccc1"",
    ""description"": ""Methine carbon of an isopropyl group directly bonded to an aromatic carbon and two alkyl carbons."",
    ""uncertainty"": ""low""
  },
  {
    ""atom_type"": 516,
    ""element"": ""C"",
    ""chemical_environment"": ""quaternary sp3 carbon attached to three methyl groups and an aromatic ring (t-butyl benzene junction carbon)"",
    ""functional_group"": ""tert-butyl benzene side chain"",
    ""hybridization"": ""sp3"",
    ""example_molecule_smiles"": ""CC(C)(C)c1ccccc1"",
    ""group_smarts"": ""[C;H0](C)(C)(C)a"",
    ""atom_specific_smarts"": ""[C;H0](C)(C)(C)c1ccccc1"",
    ""description"": ""Central tert-butyl carbon directly bonded to an aromatic carbon and three methyl carbons."",
    ""uncertainty"": ""low""
  },
  {
    ""atom_type"": 517,
    ""element"": ""C"",
    ""chemical_environment"": ""vinylic carbon of enol ether directly bonded to O–R and bearing one hydrogen (HCOR)"",
    ""functional_group"": ""vinyl ether (enol ether, RO–C(H)=C–)"",
    ""hybridization"": ""sp2"",
    ""example_molecule_smiles"": ""C=COC"",
    ""group_smarts"": ""[C;sp2X3]([O;X2]-[*])=[C;sp2]"",
    ""atom_specific_smarts"": ""[CH;sp2X3]([O;X2]-[*])=[C;sp2]"",
    ""description"": ""The enol-ether carbon single-bonded to an ether oxygen (–O–) and double-bonded to another carbon; this specific type carries one hydrogen."",
    ""uncertainty"": ""low""
  },
  {
    ""atom_type"": 518,
    ""element"": ""C"",
    ""chemical_environment"": ""vinylic carbon of enol ether directly bonded to O–R and fully substituted by carbon (no hydrogens) (RCOR)"",
    ""functional_group"": ""vinyl ether (enol ether, RO–C(=C–)R)"",
    ""hybridization"": ""sp2"",
    ""example_molecule_smiles"": ""COC(=C)C"",
    ""group_smarts"": ""[C;sp2X3]([O;X2]-[*])=[C;sp2]"",
    ""atom_specific_smarts"": ""[C;H0;sp2X3]([O;X2]-[*])=[C;sp2]"",
    ""description"": ""The enol-ether carbon single-bonded to an ether oxygen (–O–) and double-bonded to another carbon; this specific type has no hydrogens (substituted by carbon)."",
    ""uncertainty"": ""low""
  },
  {
    ""atom_type"": 519,
    ""element"": ""C"",
    ""chemical_environment"": ""aromatic carbon at the biaryl junction (ipso carbon of one ring bonded via a single bond to an aromatic carbon of another ring)"",
    ""functional_group"": ""biphenyl (biaryl)"",
    ""hybridization"": ""sp2"",
    ""example_molecule_smiles"": ""c1ccccc1-c2ccccc2"",
    ""group_smarts"": ""[cH;r;D3](-a):a"",
    ""atom_specific_smarts"": ""[cH;r6;D3](-c1ccccc1):c"",
    ""description"": ""Biphenyl ipso carbon: a benzene-ring carbon with two aromatic ring neighbors and one exocyclic single bond to an aromatic carbon of a second ring."",
    ""uncertainty"": ""low""
  },
  {
    ""atom_type"": 521,
    ""element"": ""C"",
    ""chemical_environment"": ""pyridine ring carbon ortho (alpha) to ring nitrogen (directly bonded to [n])"",
    ""functional_group"": ""pyridine"",
    ""hybridization"": ""sp2"",
    ""example_molecule_smiles"": ""n1ccccc1"",
    ""group_smarts"": ""[nH0;r6][c;r6]"",
    ""atom_specific_smarts"": ""[nH0]1[cH]cccc1"",
    ""description"": ""Alpha carbon(s) to the pyridine nitrogen: the aromatic carbons directly bonded to the ring [n]."",
    ""uncertainty"": ""medium""
  },
  {
    ""atom_type"": 522,
    ""element"": ""C"",
    ""chemical_environment"": ""pyridine ring carbon meta (beta) to ring nitrogen (one bond removed from the alpha carbon)"",
    ""functional_group"": ""pyridine"",
    ""hybridization"": ""sp2"",
    ""example_molecule_smiles"": ""n1ccccc1"",
    ""group_smarts"": ""[nH0]1c[c;r6]ccc1"",
    ""atom_specific_smarts"": ""[nH0]1c[cH]ccc1"",
    ""description"": ""Beta (meta) carbon(s) in pyridine: aromatic carbons not directly bonded to [n], adjacent to an alpha carbon that is bonded to [n]."",
    ""uncertainty"": ""medium""
  },
  {
    ""atom_type"": 523,
    ""element"": ""C"",
    ""chemical_environment"": ""pyridine ring carbon para (gamma) to ring nitrogen (opposite the [n])"",
    ""functional_group"": ""pyridine"",
    ""hybridization"": ""sp2"",
    ""example_molecule_smiles"": ""n1ccccc1"",
    ""group_smarts"": ""[nH0]1cc[c;r6]cc1"",
    ""atom_specific_smarts"": ""[nH0]1cc[cH]cc1"",
    ""description"": ""Gamma (para) carbon in pyridine: the aromatic carbon opposite the ring nitrogen."",
    ""uncertainty"": ""medium""
  },
  {
    ""atom_type"": 528,
    ""element"": ""C"",
    ""chemical_environment"": ""aromatic carbon within a pyrazine ring (1,4-diazine)"",
    ""functional_group"": ""pyrazine"",
    ""hybridization"": ""sp2"",
    ""example_molecule_smiles"": ""n1ccncc1"",
    ""group_smarts"": ""n1ccncc1"",
    ""atom_specific_smarts"": ""n1[cH]cncc1"",
    ""description"": ""Any ring carbon of pyrazine (1,4-diazine)."",
    ""uncertainty"": ""low""
  },
  {
    ""atom_type"": 531,
    ""element"": ""C"",
    ""chemical_environment"": ""pyrimidine C2: aromatic carbon between two ring nitrogens (alpha to both Ns)"",
    ""functional_group"": ""pyrimidine (1,3-diazine)"",
    ""hybridization"": ""sp2"",
    ""example_molecule_smiles"": ""n1cnccc1"",
    ""group_smarts"": ""n1cnccc1"",
    ""atom_specific_smarts"": ""[nH0]1[cH]nccc1"",
    ""description"": ""Position 2 carbon of pyrimidine, bonded to both ring nitrogens."",
    ""uncertainty"": ""low""
  },
  {
    ""atom_type"": 532,
    ""element"": ""C"",
    ""chemical_environment"": ""pyrimidine C4: aromatic carbon adjacent to the pyridine-like N at position 3 and not adjacent to the N at position 1"",
    ""functional_group"": ""pyrimidine (1,3-diazine)"",
    ""hybridization"": ""sp2"",
    ""example_molecule_smiles"": ""n1cnccc1"",
    ""group_smarts"": ""n1c[nH0]ccc1"",
    ""atom_specific_smarts"": ""n1c[nH0][cH]cc1"",
    ""description"": ""Position 4 carbon of pyrimidine, next to the N at position 3."",
    ""uncertainty"": ""low""
  },
  {
    ""atom_type"": 533,
    ""element"": ""C"",
    ""chemical_environment"": ""pyrimidine C5: aromatic carbon meta to both nitrogens (between C4 and C6)"",
    ""functional_group"": ""pyrimidine (1,3-diazine)"",
    ""hybridization"": ""sp2"",
    ""example_molecule_smiles"": ""n1cnccc1"",
    ""group_smarts"": ""n1cnccc1"",
    ""atom_specific_smarts"": ""n1cn[cH]cc1"",
    ""description"": ""Position 5 carbon of pyrimidine, not directly bonded to either ring nitrogen."",
    ""uncertainty"": ""low""
  },
  {
    ""atom_type"": 538,
    ""element"": ""C"",
    ""chemical_environment"": ""pyridazine C3: aromatic carbon alpha to the N at position 2 (adjacent to one N) in 1,2-diazine"",
    ""functional_group"": ""pyridazine (1,2-diazine)"",
    ""hybridization"": ""sp2"",
    ""example_molecule_smiles"": ""n1ncccc1"",
    ""group_smarts"": ""n1ncccc1"",
    ""atom_specific_smarts"": ""[nH0]1[nH0][cH]ccc1"",
    ""description"": ""Position 3 carbon of pyridazine, adjacent to the N at position 2."",
    ""uncertainty"": ""low""
  },
  {
    ""atom_type"": 539,
    ""element"": ""C"",
    ""chemical_environment"": ""pyridazine C4: aromatic carbon beta to both nitrogens (not directly bonded to either N) in 1,2-diazine"",
    ""functional_group"": ""pyridazine (1,2-diazine)"",
    ""hybridization"": ""sp2"",
    ""example_molecule_smiles"": ""n1ncccc1"",
    ""group_smarts"": ""n1ncccc1"",
    ""atom_specific_smarts"": ""n1n[cH]cc c1"",
    ""description"": ""Position 4 carbon of pyridazine, not directly attached to an N."",
    ""uncertainty"": ""low""
  },
  {
    ""atom_type"": 543,
    ""element"": ""C"",
    ""chemical_environment"": ""pyrrole C2: aromatic carbon alpha to pyrrolic [nH] (directly bonded to [nH])"",
    ""functional_group"": ""pyrrole"",
    ""hybridization"": ""sp2"",
    ""example_molecule_smiles"": ""[nH]1cccc1"",
    ""group_smarts"": ""[nH;r5][c;r5]"",
    ""atom_specific_smarts"": ""[nH]1[cH]ccc1"",
    ""description"": ""Position 2 carbon of pyrrole, directly bonded to the ring [nH]."",
    ""uncertainty"": ""low""
  },
  {
    ""atom_type"": 544,
    ""element"": ""C"",
    ""chemical_environment"": ""pyrrole C3: aromatic carbon beta to pyrrolic [nH] (not directly bonded to [nH])"",
    ""functional_group"": ""pyrrole"",
    ""hybridization"": ""sp2"",
    ""example_molecule_smiles"": ""[nH]1cccc1"",
    ""group_smarts"": ""[nH]1c[c;r5]cc1"",
    ""atom_specific_smarts"": ""[nH]1c[cH]cc1"",
    ""description"": ""Position 3 carbon of pyrrole, one bond removed from the [nH]."",
    ""uncertainty"": ""low""
  },
  {
    ""atom_type"": 550,
    ""element"": ""C"",
    ""chemical_environment"": ""pyrazole C3: aromatic carbon between [nH] (pyrrolic) and [n] (pyridine-like), i.e., adjacent to both nitrogens"",
    ""functional_group"": ""pyrazole"",
    ""hybridization"": ""sp2"",
    ""example_molecule_smiles"": ""[nH]1nccc1"",
    ""group_smarts"": ""[nH]1[n][c;r5]cc1"",
    ""atom_specific_smarts"": ""[nH]1[n][cH]cc1"",
    ""description"": ""Position 3 carbon of pyrazole, bonded to both ring nitrogens (one [nH], one [n])."",
    ""uncertainty"": ""low""
  },
  {
    ""atom_type"": 551,
    ""element"": ""C"",
    ""chemical_environment"": ""pyrazole C4: aromatic carbon adjacent to the pyridine-like [n] (position 2) and not to [nH]"",
    ""functional_group"": ""pyrazole"",
    ""hybridization"": ""sp2"",
    ""example_molecule_smiles"": ""[nH]1nccc1"",
    ""group_smarts"": ""[nH]1n[c][c;r5]c1"",
    ""atom_specific_smarts"": ""[nH]1n[c][cH]c1"",
    ""description"": ""Position 4 carbon of pyrazole, adjacent to the ring [n] and not directly bonded to [nH]."",
    ""uncertainty"": ""low""
  },
  {
    ""atom_type"": 552,
    ""element"": ""C"",
    ""chemical_environment"": ""pyrazole C5: aromatic carbon adjacent to the pyrrolic [nH] and not to the pyridine-like [n]"",
    ""functional_group"": ""pyrazole"",
    ""hybridization"": ""sp2"",
    ""example_molecule_smiles"": ""[nH]1nccc1"",
    ""group_smarts"": ""[nH]1nc[c;r5]c1"",
    ""atom_specific_smarts"": ""[nH]1ncc[cH]1"",
    ""description"": ""Position 5 carbon of pyrazole, adjacent to the [nH] and not directly bonded to the pyridine-like [n]."",
    ""uncertainty"": ""low""
  }
]"
531,0.874,C  - CQ   | C2 in pyrimidine,12.011,oplsaa.lt,C,6,"Convert the following OPLS-AA atom type rows:

Atom Type Data:
- Atom index: 514
- Force field raw info: C  - CW   | CD1 in TRP
- Partial charge: -0.115
- Atomic mass: 12.011
- Element guess: C
- Atomic number: 6
- Source file: oplsaa.lt


Atom Type Data:
- Atom index: 515
- Force field raw info: C  - CT   | all-atom C: CH, isopropyl benzene
- Partial charge: 0.055
- Atomic mass: 12.011
- Element guess: C
- Atomic number: 6
- Source file: oplsaa.lt


Atom Type Data:
- Atom index: 516
- Force field raw info: C  - CT   | all-atom C: C, t-butyl benzene
- Partial charge: 0.115
- Atomic mass: 12.011
- Element guess: C
- Atomic number: 6
- Source file: oplsaa.lt


Atom Type Data:
- Atom index: 517
- Force field raw info: C  - CM   | vinyl ether HCOR
- Partial charge: -0.03
- Atomic mass: 12.011
- Element guess: C
- Atomic number: 6
- Source file: oplsaa.lt


Atom Type Data:
- Atom index: 518
- Force field raw info: C  - CM   | vinyl ether RCOR
- Partial charge: 0.085
- Atomic mass: 12.011
- Element guess: C
- Atomic number: 6
- Source file: oplsaa.lt


Atom Type Data:
- Atom index: 519
- Force field raw info: C  - C!   | biphenyl C1
- Partial charge: 0.0
- Atomic mass: 12.011
- Element guess: C
- Atomic number: 6
- Source file: oplsaa.lt


Atom Type Data:
- Atom index: 521
- Force field raw info: C  - CA   | C1 in pyridine CHELPG
- Partial charge: 0.473
- Atomic mass: 12.011
- Element guess: C
- Atomic number: 6
- Source file: oplsaa.lt


Atom Type Data:
- Atom index: 522
- Force field raw info: C  - CA   | C2 in pyridine charges
- Partial charge: -0.447
- Atomic mass: 12.011
- Element guess: C
- Atomic number: 6
- Source file: oplsaa.lt


Atom Type Data:
- Atom index: 523
- Force field raw info: C  - CA   | C3 in pyridine for
- Partial charge: 0.227
- Atomic mass: 12.011
- Element guess: C
- Atomic number: 6
- Source file: oplsaa.lt


Atom Type Data:
- Atom index: 528
- Force field raw info: C  - CA   | C in pyrazine
- Partial charge: 0.192
- Atomic mass: 12.011
- Element guess: C
- Atomic number: 6
- Source file: oplsaa.lt


Atom Type Data:
- Atom index: 531
- Force field raw info: C  - CQ   | C2 in pyrimidine
- Partial charge: 0.874
- Atomic mass: 12.011
- Element guess: C
- Atomic number: 6
- Source file: oplsaa.lt


Atom Type Data:
- Atom index: 532
- Force field raw info: C  - CA   | C4 in pyrimidine
- Partial charge: 0.653
- Atomic mass: 12.011
- Element guess: C
- Atomic number: 6
- Source file: oplsaa.lt


Atom Type Data:
- Atom index: 533
- Force field raw info: C  - CA   | C5 in pyrimidine
- Partial charge: -0.689
- Atomic mass: 12.011
- Element guess: C
- Atomic number: 6
- Source file: oplsaa.lt


Atom Type Data:
- Atom index: 538
- Force field raw info: C  - CA   | C3 in pyridazine
- Partial charge: 0.378
- Atomic mass: 12.011
- Element guess: C
- Atomic number: 6
- Source file: oplsaa.lt


Atom Type Data:
- Atom index: 539
- Force field raw info: C  - CA   | C4 in pyridazine
- Partial charge: -0.16
- Atomic mass: 12.011
- Element guess: C
- Atomic number: 6
- Source file: oplsaa.lt


Atom Type Data:
- Atom index: 543
- Force field raw info: C  - CW   | C2 in pyrrole
- Partial charge: -0.163
- Atomic mass: 12.011
- Element guess: C
- Atomic number: 6
- Source file: oplsaa.lt


Atom Type Data:
- Atom index: 544
- Force field raw info: C  - CS   | C3 in pyrrole
- Partial charge: -0.149
- Atomic mass: 12.011
- Element guess: C
- Atomic number: 6
- Source file: oplsaa.lt


Atom Type Data:
- Atom index: 550
- Force field raw info: C  - CU   | C3 in pyrazole
- Partial charge: 0.246
- Atomic mass: 12.011
- Element guess: C
- Atomic number: 6
- Source file: oplsaa.lt


Atom Type Data:
- Atom index: 551
- Force field raw info: C  - CS   | C4 in pyrazole
- Partial charge: -0.32
- Atomic mass: 12.011
- Element guess: C
- Atomic number: 6
- Source file: oplsaa.lt


Atom Type Data:
- Atom index: 552
- Force field raw info: C  - CW   | C5 in pyrazole
- Partial charge: -0.034
- Atomic mass: 12.011
- Element guess: C
- Atomic number: 6
- Source file: oplsaa.lt
","[
  {
    ""atom_type"": 514,
    ""element"": ""C"",
    ""chemical_environment"": ""aromatic carbon in indole fused system directly bonded to pyrrolic [nH] (CD1 in tryptophan)"",
    ""functional_group"": ""indole (tryptophan side chain)"",
    ""hybridization"": ""sp2"",
    ""example_molecule_smiles"": ""c1ccc2[nH]ccc2c1"",
    ""group_smarts"": ""[c;r6][nH;r5]"",
    ""atom_specific_smarts"": ""[cH;r6][nH;r5]"",
    ""description"": ""CD1 carbon of tryptophan: the benzene-ring carbon of indole that is directly bonded to the pyrrolic [nH]."",
    ""uncertainty"": ""low""
  },
  {
    ""atom_type"": 515,
    ""element"": ""C"",
    ""chemical_environment"": ""tertiary sp3 methine attached to two methyl groups and an aromatic ring (isopropyl benzene junction carbon)"",
    ""functional_group"": ""cumene (isopropyl benzene) side chain"",
    ""hybridization"": ""sp3"",
    ""example_molecule_smiles"": ""CC(C)c1ccccc1"",
    ""group_smarts"": ""[CH](C)(C)a"",
    ""atom_specific_smarts"": ""[CH](C)(C)c1ccccc1"",
    ""description"": ""Methine carbon of an isopropyl group directly bonded to an aromatic carbon and two alkyl carbons."",
    ""uncertainty"": ""low""
  },
  {
    ""atom_type"": 516,
    ""element"": ""C"",
    ""chemical_environment"": ""quaternary sp3 carbon attached to three methyl groups and an aromatic ring (t-butyl benzene junction carbon)"",
    ""functional_group"": ""tert-butyl benzene side chain"",
    ""hybridization"": ""sp3"",
    ""example_molecule_smiles"": ""CC(C)(C)c1ccccc1"",
    ""group_smarts"": ""[C;H0](C)(C)(C)a"",
    ""atom_specific_smarts"": ""[C;H0](C)(C)(C)c1ccccc1"",
    ""description"": ""Central tert-butyl carbon directly bonded to an aromatic carbon and three methyl carbons."",
    ""uncertainty"": ""low""
  },
  {
    ""atom_type"": 517,
    ""element"": ""C"",
    ""chemical_environment"": ""vinylic carbon of enol ether directly bonded to O–R and bearing one hydrogen (HCOR)"",
    ""functional_group"": ""vinyl ether (enol ether, RO–C(H)=C–)"",
    ""hybridization"": ""sp2"",
    ""example_molecule_smiles"": ""C=COC"",
    ""group_smarts"": ""[C;sp2X3]([O;X2]-[*])=[C;sp2]"",
    ""atom_specific_smarts"": ""[CH;sp2X3]([O;X2]-[*])=[C;sp2]"",
    ""description"": ""The enol-ether carbon single-bonded to an ether oxygen (–O–) and double-bonded to another carbon; this specific type carries one hydrogen."",
    ""uncertainty"": ""low""
  },
  {
    ""atom_type"": 518,
    ""element"": ""C"",
    ""chemical_environment"": ""vinylic carbon of enol ether directly bonded to O–R and fully substituted by carbon (no hydrogens) (RCOR)"",
    ""functional_group"": ""vinyl ether (enol ether, RO–C(=C–)R)"",
    ""hybridization"": ""sp2"",
    ""example_molecule_smiles"": ""COC(=C)C"",
    ""group_smarts"": ""[C;sp2X3]([O;X2]-[*])=[C;sp2]"",
    ""atom_specific_smarts"": ""[C;H0;sp2X3]([O;X2]-[*])=[C;sp2]"",
    ""description"": ""The enol-ether carbon single-bonded to an ether oxygen (–O–) and double-bonded to another carbon; this specific type has no hydrogens (substituted by carbon)."",
    ""uncertainty"": ""low""
  },
  {
    ""atom_type"": 519,
    ""element"": ""C"",
    ""chemical_environment"": ""aromatic carbon at the biaryl junction (ipso carbon of one ring bonded via a single bond to an aromatic carbon of another ring)"",
    ""functional_group"": ""biphenyl (biaryl)"",
    ""hybridization"": ""sp2"",
    ""example_molecule_smiles"": ""c1ccccc1-c2ccccc2"",
    ""group_smarts"": ""[cH;r;D3](-a):a"",
    ""atom_specific_smarts"": ""[cH;r6;D3](-c1ccccc1):c"",
    ""description"": ""Biphenyl ipso carbon: a benzene-ring carbon with two aromatic ring neighbors and one exocyclic single bond to an aromatic carbon of a second ring."",
    ""uncertainty"": ""low""
  },
  {
    ""atom_type"": 521,
    ""element"": ""C"",
    ""chemical_environment"": ""pyridine ring carbon ortho (alpha) to ring nitrogen (directly bonded to [n])"",
    ""functional_group"": ""pyridine"",
    ""hybridization"": ""sp2"",
    ""example_molecule_smiles"": ""n1ccccc1"",
    ""group_smarts"": ""[nH0;r6][c;r6]"",
    ""atom_specific_smarts"": ""[nH0]1[cH]cccc1"",
    ""description"": ""Alpha carbon(s) to the pyridine nitrogen: the aromatic carbons directly bonded to the ring [n]."",
    ""uncertainty"": ""medium""
  },
  {
    ""atom_type"": 522,
    ""element"": ""C"",
    ""chemical_environment"": ""pyridine ring carbon meta (beta) to ring nitrogen (one bond removed from the alpha carbon)"",
    ""functional_group"": ""pyridine"",
    ""hybridization"": ""sp2"",
    ""example_molecule_smiles"": ""n1ccccc1"",
    ""group_smarts"": ""[nH0]1c[c;r6]ccc1"",
    ""atom_specific_smarts"": ""[nH0]1c[cH]ccc1"",
    ""description"": ""Beta (meta) carbon(s) in pyridine: aromatic carbons not directly bonded to [n], adjacent to an alpha carbon that is bonded to [n]."",
    ""uncertainty"": ""medium""
  },
  {
    ""atom_type"": 523,
    ""element"": ""C"",
    ""chemical_environment"": ""pyridine ring carbon para (gamma) to ring nitrogen (opposite the [n])"",
    ""functional_group"": ""pyridine"",
    ""hybridization"": ""sp2"",
    ""example_molecule_smiles"": ""n1ccccc1"",
    ""group_smarts"": ""[nH0]1cc[c;r6]cc1"",
    ""atom_specific_smarts"": ""[nH0]1cc[cH]cc1"",
    ""description"": ""Gamma (para) carbon in pyridine: the aromatic carbon opposite the ring nitrogen."",
    ""uncertainty"": ""medium""
  },
  {
    ""atom_type"": 528,
    ""element"": ""C"",
    ""chemical_environment"": ""aromatic carbon within a pyrazine ring (1,4-diazine)"",
    ""functional_group"": ""pyrazine"",
    ""hybridization"": ""sp2"",
    ""example_molecule_smiles"": ""n1ccncc1"",
    ""group_smarts"": ""n1ccncc1"",
    ""atom_specific_smarts"": ""n1[cH]cncc1"",
    ""description"": ""Any ring carbon of pyrazine (1,4-diazine)."",
    ""uncertainty"": ""low""
  },
  {
    ""atom_type"": 531,
    ""element"": ""C"",
    ""chemical_environment"": ""pyrimidine C2: aromatic carbon between two ring nitrogens (alpha to both Ns)"",
    ""functional_group"": ""pyrimidine (1,3-diazine)"",
    ""hybridization"": ""sp2"",
    ""example_molecule_smiles"": ""n1cnccc1"",
    ""group_smarts"": ""n1cnccc1"",
    ""atom_specific_smarts"": ""[nH0]1[cH]nccc1"",
    ""description"": ""Position 2 carbon of pyrimidine, bonded to both ring nitrogens."",
    ""uncertainty"": ""low""
  },
  {
    ""atom_type"": 532,
    ""element"": ""C"",
    ""chemical_environment"": ""pyrimidine C4: aromatic carbon adjacent to the pyridine-like N at position 3 and not adjacent to the N at position 1"",
    ""functional_group"": ""pyrimidine (1,3-diazine)"",
    ""hybridization"": ""sp2"",
    ""example_molecule_smiles"": ""n1cnccc1"",
    ""group_smarts"": ""n1c[nH0]ccc1"",
    ""atom_specific_smarts"": ""n1c[nH0][cH]cc1"",
    ""description"": ""Position 4 carbon of pyrimidine, next to the N at position 3."",
    ""uncertainty"": ""low""
  },
  {
    ""atom_type"": 533,
    ""element"": ""C"",
    ""chemical_environment"": ""pyrimidine C5: aromatic carbon meta to both nitrogens (between C4 and C6)"",
    ""functional_group"": ""pyrimidine (1,3-diazine)"",
    ""hybridization"": ""sp2"",
    ""example_molecule_smiles"": ""n1cnccc1"",
    ""group_smarts"": ""n1cnccc1"",
    ""atom_specific_smarts"": ""n1cn[cH]cc1"",
    ""description"": ""Position 5 carbon of pyrimidine, not directly bonded to either ring nitrogen."",
    ""uncertainty"": ""low""
  },
  {
    ""atom_type"": 538,
    ""element"": ""C"",
    ""chemical_environment"": ""pyridazine C3: aromatic carbon alpha to the N at position 2 (adjacent to one N) in 1,2-diazine"",
    ""functional_group"": ""pyridazine (1,2-diazine)"",
    ""hybridization"": ""sp2"",
    ""example_molecule_smiles"": ""n1ncccc1"",
    ""group_smarts"": ""n1ncccc1"",
    ""atom_specific_smarts"": ""[nH0]1[nH0][cH]ccc1"",
    ""description"": ""Position 3 carbon of pyridazine, adjacent to the N at position 2."",
    ""uncertainty"": ""low""
  },
  {
    ""atom_type"": 539,
    ""element"": ""C"",
    ""chemical_environment"": ""pyridazine C4: aromatic carbon beta to both nitrogens (not directly bonded to either N) in 1,2-diazine"",
    ""functional_group"": ""pyridazine (1,2-diazine)"",
    ""hybridization"": ""sp2"",
    ""example_molecule_smiles"": ""n1ncccc1"",
    ""group_smarts"": ""n1ncccc1"",
    ""atom_specific_smarts"": ""n1n[cH]cc c1"",
    ""description"": ""Position 4 carbon of pyridazine, not directly attached to an N."",
    ""uncertainty"": ""low""
  },
  {
    ""atom_type"": 543,
    ""element"": ""C"",
    ""chemical_environment"": ""pyrrole C2: aromatic carbon alpha to pyrrolic [nH] (directly bonded to [nH])"",
    ""functional_group"": ""pyrrole"",
    ""hybridization"": ""sp2"",
    ""example_molecule_smiles"": ""[nH]1cccc1"",
    ""group_smarts"": ""[nH;r5][c;r5]"",
    ""atom_specific_smarts"": ""[nH]1[cH]ccc1"",
    ""description"": ""Position 2 carbon of pyrrole, directly bonded to the ring [nH]."",
    ""uncertainty"": ""low""
  },
  {
    ""atom_type"": 544,
    ""element"": ""C"",
    ""chemical_environment"": ""pyrrole C3: aromatic carbon beta to pyrrolic [nH] (not directly bonded to [nH])"",
    ""functional_group"": ""pyrrole"",
    ""hybridization"": ""sp2"",
    ""example_molecule_smiles"": ""[nH]1cccc1"",
    ""group_smarts"": ""[nH]1c[c;r5]cc1"",
    ""atom_specific_smarts"": ""[nH]1c[cH]cc1"",
    ""description"": ""Position 3 carbon of pyrrole, one bond removed from the [nH]."",
    ""uncertainty"": ""low""
  },
  {
    ""atom_type"": 550,
    ""element"": ""C"",
    ""chemical_environment"": ""pyrazole C3: aromatic carbon between [nH] (pyrrolic) and [n] (pyridine-like), i.e., adjacent to both nitrogens"",
    ""functional_group"": ""pyrazole"",
    ""hybridization"": ""sp2"",
    ""example_molecule_smiles"": ""[nH]1nccc1"",
    ""group_smarts"": ""[nH]1[n][c;r5]cc1"",
    ""atom_specific_smarts"": ""[nH]1[n][cH]cc1"",
    ""description"": ""Position 3 carbon of pyrazole, bonded to both ring nitrogens (one [nH], one [n])."",
    ""uncertainty"": ""low""
  },
  {
    ""atom_type"": 551,
    ""element"": ""C"",
    ""chemical_environment"": ""pyrazole C4: aromatic carbon adjacent to the pyridine-like [n] (position 2) and not to [nH]"",
    ""functional_group"": ""pyrazole"",
    ""hybridization"": ""sp2"",
    ""example_molecule_smiles"": ""[nH]1nccc1"",
    ""group_smarts"": ""[nH]1n[c][c;r5]c1"",
    ""atom_specific_smarts"": ""[nH]1n[c][cH]c1"",
    ""description"": ""Position 4 carbon of pyrazole, adjacent to the ring [n] and not directly bonded to [nH]."",
    ""uncertainty"": ""low""
  },
  {
    ""atom_type"": 552,
    ""element"": ""C"",
    ""chemical_environment"": ""pyrazole C5: aromatic carbon adjacent to the pyrrolic [nH] and not to the pyridine-like [n]"",
    ""functional_group"": ""pyrazole"",
    ""hybridization"": ""sp2"",
    ""example_molecule_smiles"": ""[nH]1nccc1"",
    ""group_smarts"": ""[nH]1nc[c;r5]c1"",
    ""atom_specific_smarts"": ""[nH]1ncc[cH]1"",
    ""description"": ""Position 5 carbon of pyrazole, adjacent to the [nH] and not directly bonded to the pyridine-like [n]."",
    ""uncertainty"": ""low""
  }
]"
532,0.653,C  - CA   | C4 in pyrimidine,12.011,oplsaa.lt,C,6,"Convert the following OPLS-AA atom type rows:

Atom Type Data:
- Atom index: 514
- Force field raw info: C  - CW   | CD1 in TRP
- Partial charge: -0.115
- Atomic mass: 12.011
- Element guess: C
- Atomic number: 6
- Source file: oplsaa.lt


Atom Type Data:
- Atom index: 515
- Force field raw info: C  - CT   | all-atom C: CH, isopropyl benzene
- Partial charge: 0.055
- Atomic mass: 12.011
- Element guess: C
- Atomic number: 6
- Source file: oplsaa.lt


Atom Type Data:
- Atom index: 516
- Force field raw info: C  - CT   | all-atom C: C, t-butyl benzene
- Partial charge: 0.115
- Atomic mass: 12.011
- Element guess: C
- Atomic number: 6
- Source file: oplsaa.lt


Atom Type Data:
- Atom index: 517
- Force field raw info: C  - CM   | vinyl ether HCOR
- Partial charge: -0.03
- Atomic mass: 12.011
- Element guess: C
- Atomic number: 6
- Source file: oplsaa.lt


Atom Type Data:
- Atom index: 518
- Force field raw info: C  - CM   | vinyl ether RCOR
- Partial charge: 0.085
- Atomic mass: 12.011
- Element guess: C
- Atomic number: 6
- Source file: oplsaa.lt


Atom Type Data:
- Atom index: 519
- Force field raw info: C  - C!   | biphenyl C1
- Partial charge: 0.0
- Atomic mass: 12.011
- Element guess: C
- Atomic number: 6
- Source file: oplsaa.lt


Atom Type Data:
- Atom index: 521
- Force field raw info: C  - CA   | C1 in pyridine CHELPG
- Partial charge: 0.473
- Atomic mass: 12.011
- Element guess: C
- Atomic number: 6
- Source file: oplsaa.lt


Atom Type Data:
- Atom index: 522
- Force field raw info: C  - CA   | C2 in pyridine charges
- Partial charge: -0.447
- Atomic mass: 12.011
- Element guess: C
- Atomic number: 6
- Source file: oplsaa.lt


Atom Type Data:
- Atom index: 523
- Force field raw info: C  - CA   | C3 in pyridine for
- Partial charge: 0.227
- Atomic mass: 12.011
- Element guess: C
- Atomic number: 6
- Source file: oplsaa.lt


Atom Type Data:
- Atom index: 528
- Force field raw info: C  - CA   | C in pyrazine
- Partial charge: 0.192
- Atomic mass: 12.011
- Element guess: C
- Atomic number: 6
- Source file: oplsaa.lt


Atom Type Data:
- Atom index: 531
- Force field raw info: C  - CQ   | C2 in pyrimidine
- Partial charge: 0.874
- Atomic mass: 12.011
- Element guess: C
- Atomic number: 6
- Source file: oplsaa.lt


Atom Type Data:
- Atom index: 532
- Force field raw info: C  - CA   | C4 in pyrimidine
- Partial charge: 0.653
- Atomic mass: 12.011
- Element guess: C
- Atomic number: 6
- Source file: oplsaa.lt


Atom Type Data:
- Atom index: 533
- Force field raw info: C  - CA   | C5 in pyrimidine
- Partial charge: -0.689
- Atomic mass: 12.011
- Element guess: C
- Atomic number: 6
- Source file: oplsaa.lt


Atom Type Data:
- Atom index: 538
- Force field raw info: C  - CA   | C3 in pyridazine
- Partial charge: 0.378
- Atomic mass: 12.011
- Element guess: C
- Atomic number: 6
- Source file: oplsaa.lt


Atom Type Data:
- Atom index: 539
- Force field raw info: C  - CA   | C4 in pyridazine
- Partial charge: -0.16
- Atomic mass: 12.011
- Element guess: C
- Atomic number: 6
- Source file: oplsaa.lt


Atom Type Data:
- Atom index: 543
- Force field raw info: C  - CW   | C2 in pyrrole
- Partial charge: -0.163
- Atomic mass: 12.011
- Element guess: C
- Atomic number: 6
- Source file: oplsaa.lt


Atom Type Data:
- Atom index: 544
- Force field raw info: C  - CS   | C3 in pyrrole
- Partial charge: -0.149
- Atomic mass: 12.011
- Element guess: C
- Atomic number: 6
- Source file: oplsaa.lt


Atom Type Data:
- Atom index: 550
- Force field raw info: C  - CU   | C3 in pyrazole
- Partial charge: 0.246
- Atomic mass: 12.011
- Element guess: C
- Atomic number: 6
- Source file: oplsaa.lt


Atom Type Data:
- Atom index: 551
- Force field raw info: C  - CS   | C4 in pyrazole
- Partial charge: -0.32
- Atomic mass: 12.011
- Element guess: C
- Atomic number: 6
- Source file: oplsaa.lt


Atom Type Data:
- Atom index: 552
- Force field raw info: C  - CW   | C5 in pyrazole
- Partial charge: -0.034
- Atomic mass: 12.011
- Element guess: C
- Atomic number: 6
- Source file: oplsaa.lt
","[
  {
    ""atom_type"": 514,
    ""element"": ""C"",
    ""chemical_environment"": ""aromatic carbon in indole fused system directly bonded to pyrrolic [nH] (CD1 in tryptophan)"",
    ""functional_group"": ""indole (tryptophan side chain)"",
    ""hybridization"": ""sp2"",
    ""example_molecule_smiles"": ""c1ccc2[nH]ccc2c1"",
    ""group_smarts"": ""[c;r6][nH;r5]"",
    ""atom_specific_smarts"": ""[cH;r6][nH;r5]"",
    ""description"": ""CD1 carbon of tryptophan: the benzene-ring carbon of indole that is directly bonded to the pyrrolic [nH]."",
    ""uncertainty"": ""low""
  },
  {
    ""atom_type"": 515,
    ""element"": ""C"",
    ""chemical_environment"": ""tertiary sp3 methine attached to two methyl groups and an aromatic ring (isopropyl benzene junction carbon)"",
    ""functional_group"": ""cumene (isopropyl benzene) side chain"",
    ""hybridization"": ""sp3"",
    ""example_molecule_smiles"": ""CC(C)c1ccccc1"",
    ""group_smarts"": ""[CH](C)(C)a"",
    ""atom_specific_smarts"": ""[CH](C)(C)c1ccccc1"",
    ""description"": ""Methine carbon of an isopropyl group directly bonded to an aromatic carbon and two alkyl carbons."",
    ""uncertainty"": ""low""
  },
  {
    ""atom_type"": 516,
    ""element"": ""C"",
    ""chemical_environment"": ""quaternary sp3 carbon attached to three methyl groups and an aromatic ring (t-butyl benzene junction carbon)"",
    ""functional_group"": ""tert-butyl benzene side chain"",
    ""hybridization"": ""sp3"",
    ""example_molecule_smiles"": ""CC(C)(C)c1ccccc1"",
    ""group_smarts"": ""[C;H0](C)(C)(C)a"",
    ""atom_specific_smarts"": ""[C;H0](C)(C)(C)c1ccccc1"",
    ""description"": ""Central tert-butyl carbon directly bonded to an aromatic carbon and three methyl carbons."",
    ""uncertainty"": ""low""
  },
  {
    ""atom_type"": 517,
    ""element"": ""C"",
    ""chemical_environment"": ""vinylic carbon of enol ether directly bonded to O–R and bearing one hydrogen (HCOR)"",
    ""functional_group"": ""vinyl ether (enol ether, RO–C(H)=C–)"",
    ""hybridization"": ""sp2"",
    ""example_molecule_smiles"": ""C=COC"",
    ""group_smarts"": ""[C;sp2X3]([O;X2]-[*])=[C;sp2]"",
    ""atom_specific_smarts"": ""[CH;sp2X3]([O;X2]-[*])=[C;sp2]"",
    ""description"": ""The enol-ether carbon single-bonded to an ether oxygen (–O–) and double-bonded to another carbon; this specific type carries one hydrogen."",
    ""uncertainty"": ""low""
  },
  {
    ""atom_type"": 518,
    ""element"": ""C"",
    ""chemical_environment"": ""vinylic carbon of enol ether directly bonded to O–R and fully substituted by carbon (no hydrogens) (RCOR)"",
    ""functional_group"": ""vinyl ether (enol ether, RO–C(=C–)R)"",
    ""hybridization"": ""sp2"",
    ""example_molecule_smiles"": ""COC(=C)C"",
    ""group_smarts"": ""[C;sp2X3]([O;X2]-[*])=[C;sp2]"",
    ""atom_specific_smarts"": ""[C;H0;sp2X3]([O;X2]-[*])=[C;sp2]"",
    ""description"": ""The enol-ether carbon single-bonded to an ether oxygen (–O–) and double-bonded to another carbon; this specific type has no hydrogens (substituted by carbon)."",
    ""uncertainty"": ""low""
  },
  {
    ""atom_type"": 519,
    ""element"": ""C"",
    ""chemical_environment"": ""aromatic carbon at the biaryl junction (ipso carbon of one ring bonded via a single bond to an aromatic carbon of another ring)"",
    ""functional_group"": ""biphenyl (biaryl)"",
    ""hybridization"": ""sp2"",
    ""example_molecule_smiles"": ""c1ccccc1-c2ccccc2"",
    ""group_smarts"": ""[cH;r;D3](-a):a"",
    ""atom_specific_smarts"": ""[cH;r6;D3](-c1ccccc1):c"",
    ""description"": ""Biphenyl ipso carbon: a benzene-ring carbon with two aromatic ring neighbors and one exocyclic single bond to an aromatic carbon of a second ring."",
    ""uncertainty"": ""low""
  },
  {
    ""atom_type"": 521,
    ""element"": ""C"",
    ""chemical_environment"": ""pyridine ring carbon ortho (alpha) to ring nitrogen (directly bonded to [n])"",
    ""functional_group"": ""pyridine"",
    ""hybridization"": ""sp2"",
    ""example_molecule_smiles"": ""n1ccccc1"",
    ""group_smarts"": ""[nH0;r6][c;r6]"",
    ""atom_specific_smarts"": ""[nH0]1[cH]cccc1"",
    ""description"": ""Alpha carbon(s) to the pyridine nitrogen: the aromatic carbons directly bonded to the ring [n]."",
    ""uncertainty"": ""medium""
  },
  {
    ""atom_type"": 522,
    ""element"": ""C"",
    ""chemical_environment"": ""pyridine ring carbon meta (beta) to ring nitrogen (one bond removed from the alpha carbon)"",
    ""functional_group"": ""pyridine"",
    ""hybridization"": ""sp2"",
    ""example_molecule_smiles"": ""n1ccccc1"",
    ""group_smarts"": ""[nH0]1c[c;r6]ccc1"",
    ""atom_specific_smarts"": ""[nH0]1c[cH]ccc1"",
    ""description"": ""Beta (meta) carbon(s) in pyridine: aromatic carbons not directly bonded to [n], adjacent to an alpha carbon that is bonded to [n]."",
    ""uncertainty"": ""medium""
  },
  {
    ""atom_type"": 523,
    ""element"": ""C"",
    ""chemical_environment"": ""pyridine ring carbon para (gamma) to ring nitrogen (opposite the [n])"",
    ""functional_group"": ""pyridine"",
    ""hybridization"": ""sp2"",
    ""example_molecule_smiles"": ""n1ccccc1"",
    ""group_smarts"": ""[nH0]1cc[c;r6]cc1"",
    ""atom_specific_smarts"": ""[nH0]1cc[cH]cc1"",
    ""description"": ""Gamma (para) carbon in pyridine: the aromatic carbon opposite the ring nitrogen."",
    ""uncertainty"": ""medium""
  },
  {
    ""atom_type"": 528,
    ""element"": ""C"",
    ""chemical_environment"": ""aromatic carbon within a pyrazine ring (1,4-diazine)"",
    ""functional_group"": ""pyrazine"",
    ""hybridization"": ""sp2"",
    ""example_molecule_smiles"": ""n1ccncc1"",
    ""group_smarts"": ""n1ccncc1"",
    ""atom_specific_smarts"": ""n1[cH]cncc1"",
    ""description"": ""Any ring carbon of pyrazine (1,4-diazine)."",
    ""uncertainty"": ""low""
  },
  {
    ""atom_type"": 531,
    ""element"": ""C"",
    ""chemical_environment"": ""pyrimidine C2: aromatic carbon between two ring nitrogens (alpha to both Ns)"",
    ""functional_group"": ""pyrimidine (1,3-diazine)"",
    ""hybridization"": ""sp2"",
    ""example_molecule_smiles"": ""n1cnccc1"",
    ""group_smarts"": ""n1cnccc1"",
    ""atom_specific_smarts"": ""[nH0]1[cH]nccc1"",
    ""description"": ""Position 2 carbon of pyrimidine, bonded to both ring nitrogens."",
    ""uncertainty"": ""low""
  },
  {
    ""atom_type"": 532,
    ""element"": ""C"",
    ""chemical_environment"": ""pyrimidine C4: aromatic carbon adjacent to the pyridine-like N at position 3 and not adjacent to the N at position 1"",
    ""functional_group"": ""pyrimidine (1,3-diazine)"",
    ""hybridization"": ""sp2"",
    ""example_molecule_smiles"": ""n1cnccc1"",
    ""group_smarts"": ""n1c[nH0]ccc1"",
    ""atom_specific_smarts"": ""n1c[nH0][cH]cc1"",
    ""description"": ""Position 4 carbon of pyrimidine, next to the N at position 3."",
    ""uncertainty"": ""low""
  },
  {
    ""atom_type"": 533,
    ""element"": ""C"",
    ""chemical_environment"": ""pyrimidine C5: aromatic carbon meta to both nitrogens (between C4 and C6)"",
    ""functional_group"": ""pyrimidine (1,3-diazine)"",
    ""hybridization"": ""sp2"",
    ""example_molecule_smiles"": ""n1cnccc1"",
    ""group_smarts"": ""n1cnccc1"",
    ""atom_specific_smarts"": ""n1cn[cH]cc1"",
    ""description"": ""Position 5 carbon of pyrimidine, not directly bonded to either ring nitrogen."",
    ""uncertainty"": ""low""
  },
  {
    ""atom_type"": 538,
    ""element"": ""C"",
    ""chemical_environment"": ""pyridazine C3: aromatic carbon alpha to the N at position 2 (adjacent to one N) in 1,2-diazine"",
    ""functional_group"": ""pyridazine (1,2-diazine)"",
    ""hybridization"": ""sp2"",
    ""example_molecule_smiles"": ""n1ncccc1"",
    ""group_smarts"": ""n1ncccc1"",
    ""atom_specific_smarts"": ""[nH0]1[nH0][cH]ccc1"",
    ""description"": ""Position 3 carbon of pyridazine, adjacent to the N at position 2."",
    ""uncertainty"": ""low""
  },
  {
    ""atom_type"": 539,
    ""element"": ""C"",
    ""chemical_environment"": ""pyridazine C4: aromatic carbon beta to both nitrogens (not directly bonded to either N) in 1,2-diazine"",
    ""functional_group"": ""pyridazine (1,2-diazine)"",
    ""hybridization"": ""sp2"",
    ""example_molecule_smiles"": ""n1ncccc1"",
    ""group_smarts"": ""n1ncccc1"",
    ""atom_specific_smarts"": ""n1n[cH]cc c1"",
    ""description"": ""Position 4 carbon of pyridazine, not directly attached to an N."",
    ""uncertainty"": ""low""
  },
  {
    ""atom_type"": 543,
    ""element"": ""C"",
    ""chemical_environment"": ""pyrrole C2: aromatic carbon alpha to pyrrolic [nH] (directly bonded to [nH])"",
    ""functional_group"": ""pyrrole"",
    ""hybridization"": ""sp2"",
    ""example_molecule_smiles"": ""[nH]1cccc1"",
    ""group_smarts"": ""[nH;r5][c;r5]"",
    ""atom_specific_smarts"": ""[nH]1[cH]ccc1"",
    ""description"": ""Position 2 carbon of pyrrole, directly bonded to the ring [nH]."",
    ""uncertainty"": ""low""
  },
  {
    ""atom_type"": 544,
    ""element"": ""C"",
    ""chemical_environment"": ""pyrrole C3: aromatic carbon beta to pyrrolic [nH] (not directly bonded to [nH])"",
    ""functional_group"": ""pyrrole"",
    ""hybridization"": ""sp2"",
    ""example_molecule_smiles"": ""[nH]1cccc1"",
    ""group_smarts"": ""[nH]1c[c;r5]cc1"",
    ""atom_specific_smarts"": ""[nH]1c[cH]cc1"",
    ""description"": ""Position 3 carbon of pyrrole, one bond removed from the [nH]."",
    ""uncertainty"": ""low""
  },
  {
    ""atom_type"": 550,
    ""element"": ""C"",
    ""chemical_environment"": ""pyrazole C3: aromatic carbon between [nH] (pyrrolic) and [n] (pyridine-like), i.e., adjacent to both nitrogens"",
    ""functional_group"": ""pyrazole"",
    ""hybridization"": ""sp2"",
    ""example_molecule_smiles"": ""[nH]1nccc1"",
    ""group_smarts"": ""[nH]1[n][c;r5]cc1"",
    ""atom_specific_smarts"": ""[nH]1[n][cH]cc1"",
    ""description"": ""Position 3 carbon of pyrazole, bonded to both ring nitrogens (one [nH], one [n])."",
    ""uncertainty"": ""low""
  },
  {
    ""atom_type"": 551,
    ""element"": ""C"",
    ""chemical_environment"": ""pyrazole C4: aromatic carbon adjacent to the pyridine-like [n] (position 2) and not to [nH]"",
    ""functional_group"": ""pyrazole"",
    ""hybridization"": ""sp2"",
    ""example_molecule_smiles"": ""[nH]1nccc1"",
    ""group_smarts"": ""[nH]1n[c][c;r5]c1"",
    ""atom_specific_smarts"": ""[nH]1n[c][cH]c1"",
    ""description"": ""Position 4 carbon of pyrazole, adjacent to the ring [n] and not directly bonded to [nH]."",
    ""uncertainty"": ""low""
  },
  {
    ""atom_type"": 552,
    ""element"": ""C"",
    ""chemical_environment"": ""pyrazole C5: aromatic carbon adjacent to the pyrrolic [nH] and not to the pyridine-like [n]"",
    ""functional_group"": ""pyrazole"",
    ""hybridization"": ""sp2"",
    ""example_molecule_smiles"": ""[nH]1nccc1"",
    ""group_smarts"": ""[nH]1nc[c;r5]c1"",
    ""atom_specific_smarts"": ""[nH]1ncc[cH]1"",
    ""description"": ""Position 5 carbon of pyrazole, adjacent to the [nH] and not directly bonded to the pyridine-like [n]."",
    ""uncertainty"": ""low""
  }
]"
533,-0.689,C  - CA   | C5 in pyrimidine,12.011,oplsaa.lt,C,6,"Convert the following OPLS-AA atom type rows:

Atom Type Data:
- Atom index: 514
- Force field raw info: C  - CW   | CD1 in TRP
- Partial charge: -0.115
- Atomic mass: 12.011
- Element guess: C
- Atomic number: 6
- Source file: oplsaa.lt


Atom Type Data:
- Atom index: 515
- Force field raw info: C  - CT   | all-atom C: CH, isopropyl benzene
- Partial charge: 0.055
- Atomic mass: 12.011
- Element guess: C
- Atomic number: 6
- Source file: oplsaa.lt


Atom Type Data:
- Atom index: 516
- Force field raw info: C  - CT   | all-atom C: C, t-butyl benzene
- Partial charge: 0.115
- Atomic mass: 12.011
- Element guess: C
- Atomic number: 6
- Source file: oplsaa.lt


Atom Type Data:
- Atom index: 517
- Force field raw info: C  - CM   | vinyl ether HCOR
- Partial charge: -0.03
- Atomic mass: 12.011
- Element guess: C
- Atomic number: 6
- Source file: oplsaa.lt


Atom Type Data:
- Atom index: 518
- Force field raw info: C  - CM   | vinyl ether RCOR
- Partial charge: 0.085
- Atomic mass: 12.011
- Element guess: C
- Atomic number: 6
- Source file: oplsaa.lt


Atom Type Data:
- Atom index: 519
- Force field raw info: C  - C!   | biphenyl C1
- Partial charge: 0.0
- Atomic mass: 12.011
- Element guess: C
- Atomic number: 6
- Source file: oplsaa.lt


Atom Type Data:
- Atom index: 521
- Force field raw info: C  - CA   | C1 in pyridine CHELPG
- Partial charge: 0.473
- Atomic mass: 12.011
- Element guess: C
- Atomic number: 6
- Source file: oplsaa.lt


Atom Type Data:
- Atom index: 522
- Force field raw info: C  - CA   | C2 in pyridine charges
- Partial charge: -0.447
- Atomic mass: 12.011
- Element guess: C
- Atomic number: 6
- Source file: oplsaa.lt


Atom Type Data:
- Atom index: 523
- Force field raw info: C  - CA   | C3 in pyridine for
- Partial charge: 0.227
- Atomic mass: 12.011
- Element guess: C
- Atomic number: 6
- Source file: oplsaa.lt


Atom Type Data:
- Atom index: 528
- Force field raw info: C  - CA   | C in pyrazine
- Partial charge: 0.192
- Atomic mass: 12.011
- Element guess: C
- Atomic number: 6
- Source file: oplsaa.lt


Atom Type Data:
- Atom index: 531
- Force field raw info: C  - CQ   | C2 in pyrimidine
- Partial charge: 0.874
- Atomic mass: 12.011
- Element guess: C
- Atomic number: 6
- Source file: oplsaa.lt


Atom Type Data:
- Atom index: 532
- Force field raw info: C  - CA   | C4 in pyrimidine
- Partial charge: 0.653
- Atomic mass: 12.011
- Element guess: C
- Atomic number: 6
- Source file: oplsaa.lt


Atom Type Data:
- Atom index: 533
- Force field raw info: C  - CA   | C5 in pyrimidine
- Partial charge: -0.689
- Atomic mass: 12.011
- Element guess: C
- Atomic number: 6
- Source file: oplsaa.lt


Atom Type Data:
- Atom index: 538
- Force field raw info: C  - CA   | C3 in pyridazine
- Partial charge: 0.378
- Atomic mass: 12.011
- Element guess: C
- Atomic number: 6
- Source file: oplsaa.lt


Atom Type Data:
- Atom index: 539
- Force field raw info: C  - CA   | C4 in pyridazine
- Partial charge: -0.16
- Atomic mass: 12.011
- Element guess: C
- Atomic number: 6
- Source file: oplsaa.lt


Atom Type Data:
- Atom index: 543
- Force field raw info: C  - CW   | C2 in pyrrole
- Partial charge: -0.163
- Atomic mass: 12.011
- Element guess: C
- Atomic number: 6
- Source file: oplsaa.lt


Atom Type Data:
- Atom index: 544
- Force field raw info: C  - CS   | C3 in pyrrole
- Partial charge: -0.149
- Atomic mass: 12.011
- Element guess: C
- Atomic number: 6
- Source file: oplsaa.lt


Atom Type Data:
- Atom index: 550
- Force field raw info: C  - CU   | C3 in pyrazole
- Partial charge: 0.246
- Atomic mass: 12.011
- Element guess: C
- Atomic number: 6
- Source file: oplsaa.lt


Atom Type Data:
- Atom index: 551
- Force field raw info: C  - CS   | C4 in pyrazole
- Partial charge: -0.32
- Atomic mass: 12.011
- Element guess: C
- Atomic number: 6
- Source file: oplsaa.lt


Atom Type Data:
- Atom index: 552
- Force field raw info: C  - CW   | C5 in pyrazole
- Partial charge: -0.034
- Atomic mass: 12.011
- Element guess: C
- Atomic number: 6
- Source file: oplsaa.lt
","[
  {
    ""atom_type"": 514,
    ""element"": ""C"",
    ""chemical_environment"": ""aromatic carbon in indole fused system directly bonded to pyrrolic [nH] (CD1 in tryptophan)"",
    ""functional_group"": ""indole (tryptophan side chain)"",
    ""hybridization"": ""sp2"",
    ""example_molecule_smiles"": ""c1ccc2[nH]ccc2c1"",
    ""group_smarts"": ""[c;r6][nH;r5]"",
    ""atom_specific_smarts"": ""[cH;r6][nH;r5]"",
    ""description"": ""CD1 carbon of tryptophan: the benzene-ring carbon of indole that is directly bonded to the pyrrolic [nH]."",
    ""uncertainty"": ""low""
  },
  {
    ""atom_type"": 515,
    ""element"": ""C"",
    ""chemical_environment"": ""tertiary sp3 methine attached to two methyl groups and an aromatic ring (isopropyl benzene junction carbon)"",
    ""functional_group"": ""cumene (isopropyl benzene) side chain"",
    ""hybridization"": ""sp3"",
    ""example_molecule_smiles"": ""CC(C)c1ccccc1"",
    ""group_smarts"": ""[CH](C)(C)a"",
    ""atom_specific_smarts"": ""[CH](C)(C)c1ccccc1"",
    ""description"": ""Methine carbon of an isopropyl group directly bonded to an aromatic carbon and two alkyl carbons."",
    ""uncertainty"": ""low""
  },
  {
    ""atom_type"": 516,
    ""element"": ""C"",
    ""chemical_environment"": ""quaternary sp3 carbon attached to three methyl groups and an aromatic ring (t-butyl benzene junction carbon)"",
    ""functional_group"": ""tert-butyl benzene side chain"",
    ""hybridization"": ""sp3"",
    ""example_molecule_smiles"": ""CC(C)(C)c1ccccc1"",
    ""group_smarts"": ""[C;H0](C)(C)(C)a"",
    ""atom_specific_smarts"": ""[C;H0](C)(C)(C)c1ccccc1"",
    ""description"": ""Central tert-butyl carbon directly bonded to an aromatic carbon and three methyl carbons."",
    ""uncertainty"": ""low""
  },
  {
    ""atom_type"": 517,
    ""element"": ""C"",
    ""chemical_environment"": ""vinylic carbon of enol ether directly bonded to O–R and bearing one hydrogen (HCOR)"",
    ""functional_group"": ""vinyl ether (enol ether, RO–C(H)=C–)"",
    ""hybridization"": ""sp2"",
    ""example_molecule_smiles"": ""C=COC"",
    ""group_smarts"": ""[C;sp2X3]([O;X2]-[*])=[C;sp2]"",
    ""atom_specific_smarts"": ""[CH;sp2X3]([O;X2]-[*])=[C;sp2]"",
    ""description"": ""The enol-ether carbon single-bonded to an ether oxygen (–O–) and double-bonded to another carbon; this specific type carries one hydrogen."",
    ""uncertainty"": ""low""
  },
  {
    ""atom_type"": 518,
    ""element"": ""C"",
    ""chemical_environment"": ""vinylic carbon of enol ether directly bonded to O–R and fully substituted by carbon (no hydrogens) (RCOR)"",
    ""functional_group"": ""vinyl ether (enol ether, RO–C(=C–)R)"",
    ""hybridization"": ""sp2"",
    ""example_molecule_smiles"": ""COC(=C)C"",
    ""group_smarts"": ""[C;sp2X3]([O;X2]-[*])=[C;sp2]"",
    ""atom_specific_smarts"": ""[C;H0;sp2X3]([O;X2]-[*])=[C;sp2]"",
    ""description"": ""The enol-ether carbon single-bonded to an ether oxygen (–O–) and double-bonded to another carbon; this specific type has no hydrogens (substituted by carbon)."",
    ""uncertainty"": ""low""
  },
  {
    ""atom_type"": 519,
    ""element"": ""C"",
    ""chemical_environment"": ""aromatic carbon at the biaryl junction (ipso carbon of one ring bonded via a single bond to an aromatic carbon of another ring)"",
    ""functional_group"": ""biphenyl (biaryl)"",
    ""hybridization"": ""sp2"",
    ""example_molecule_smiles"": ""c1ccccc1-c2ccccc2"",
    ""group_smarts"": ""[cH;r;D3](-a):a"",
    ""atom_specific_smarts"": ""[cH;r6;D3](-c1ccccc1):c"",
    ""description"": ""Biphenyl ipso carbon: a benzene-ring carbon with two aromatic ring neighbors and one exocyclic single bond to an aromatic carbon of a second ring."",
    ""uncertainty"": ""low""
  },
  {
    ""atom_type"": 521,
    ""element"": ""C"",
    ""chemical_environment"": ""pyridine ring carbon ortho (alpha) to ring nitrogen (directly bonded to [n])"",
    ""functional_group"": ""pyridine"",
    ""hybridization"": ""sp2"",
    ""example_molecule_smiles"": ""n1ccccc1"",
    ""group_smarts"": ""[nH0;r6][c;r6]"",
    ""atom_specific_smarts"": ""[nH0]1[cH]cccc1"",
    ""description"": ""Alpha carbon(s) to the pyridine nitrogen: the aromatic carbons directly bonded to the ring [n]."",
    ""uncertainty"": ""medium""
  },
  {
    ""atom_type"": 522,
    ""element"": ""C"",
    ""chemical_environment"": ""pyridine ring carbon meta (beta) to ring nitrogen (one bond removed from the alpha carbon)"",
    ""functional_group"": ""pyridine"",
    ""hybridization"": ""sp2"",
    ""example_molecule_smiles"": ""n1ccccc1"",
    ""group_smarts"": ""[nH0]1c[c;r6]ccc1"",
    ""atom_specific_smarts"": ""[nH0]1c[cH]ccc1"",
    ""description"": ""Beta (meta) carbon(s) in pyridine: aromatic carbons not directly bonded to [n], adjacent to an alpha carbon that is bonded to [n]."",
    ""uncertainty"": ""medium""
  },
  {
    ""atom_type"": 523,
    ""element"": ""C"",
    ""chemical_environment"": ""pyridine ring carbon para (gamma) to ring nitrogen (opposite the [n])"",
    ""functional_group"": ""pyridine"",
    ""hybridization"": ""sp2"",
    ""example_molecule_smiles"": ""n1ccccc1"",
    ""group_smarts"": ""[nH0]1cc[c;r6]cc1"",
    ""atom_specific_smarts"": ""[nH0]1cc[cH]cc1"",
    ""description"": ""Gamma (para) carbon in pyridine: the aromatic carbon opposite the ring nitrogen."",
    ""uncertainty"": ""medium""
  },
  {
    ""atom_type"": 528,
    ""element"": ""C"",
    ""chemical_environment"": ""aromatic carbon within a pyrazine ring (1,4-diazine)"",
    ""functional_group"": ""pyrazine"",
    ""hybridization"": ""sp2"",
    ""example_molecule_smiles"": ""n1ccncc1"",
    ""group_smarts"": ""n1ccncc1"",
    ""atom_specific_smarts"": ""n1[cH]cncc1"",
    ""description"": ""Any ring carbon of pyrazine (1,4-diazine)."",
    ""uncertainty"": ""low""
  },
  {
    ""atom_type"": 531,
    ""element"": ""C"",
    ""chemical_environment"": ""pyrimidine C2: aromatic carbon between two ring nitrogens (alpha to both Ns)"",
    ""functional_group"": ""pyrimidine (1,3-diazine)"",
    ""hybridization"": ""sp2"",
    ""example_molecule_smiles"": ""n1cnccc1"",
    ""group_smarts"": ""n1cnccc1"",
    ""atom_specific_smarts"": ""[nH0]1[cH]nccc1"",
    ""description"": ""Position 2 carbon of pyrimidine, bonded to both ring nitrogens."",
    ""uncertainty"": ""low""
  },
  {
    ""atom_type"": 532,
    ""element"": ""C"",
    ""chemical_environment"": ""pyrimidine C4: aromatic carbon adjacent to the pyridine-like N at position 3 and not adjacent to the N at position 1"",
    ""functional_group"": ""pyrimidine (1,3-diazine)"",
    ""hybridization"": ""sp2"",
    ""example_molecule_smiles"": ""n1cnccc1"",
    ""group_smarts"": ""n1c[nH0]ccc1"",
    ""atom_specific_smarts"": ""n1c[nH0][cH]cc1"",
    ""description"": ""Position 4 carbon of pyrimidine, next to the N at position 3."",
    ""uncertainty"": ""low""
  },
  {
    ""atom_type"": 533,
    ""element"": ""C"",
    ""chemical_environment"": ""pyrimidine C5: aromatic carbon meta to both nitrogens (between C4 and C6)"",
    ""functional_group"": ""pyrimidine (1,3-diazine)"",
    ""hybridization"": ""sp2"",
    ""example_molecule_smiles"": ""n1cnccc1"",
    ""group_smarts"": ""n1cnccc1"",
    ""atom_specific_smarts"": ""n1cn[cH]cc1"",
    ""description"": ""Position 5 carbon of pyrimidine, not directly bonded to either ring nitrogen."",
    ""uncertainty"": ""low""
  },
  {
    ""atom_type"": 538,
    ""element"": ""C"",
    ""chemical_environment"": ""pyridazine C3: aromatic carbon alpha to the N at position 2 (adjacent to one N) in 1,2-diazine"",
    ""functional_group"": ""pyridazine (1,2-diazine)"",
    ""hybridization"": ""sp2"",
    ""example_molecule_smiles"": ""n1ncccc1"",
    ""group_smarts"": ""n1ncccc1"",
    ""atom_specific_smarts"": ""[nH0]1[nH0][cH]ccc1"",
    ""description"": ""Position 3 carbon of pyridazine, adjacent to the N at position 2."",
    ""uncertainty"": ""low""
  },
  {
    ""atom_type"": 539,
    ""element"": ""C"",
    ""chemical_environment"": ""pyridazine C4: aromatic carbon beta to both nitrogens (not directly bonded to either N) in 1,2-diazine"",
    ""functional_group"": ""pyridazine (1,2-diazine)"",
    ""hybridization"": ""sp2"",
    ""example_molecule_smiles"": ""n1ncccc1"",
    ""group_smarts"": ""n1ncccc1"",
    ""atom_specific_smarts"": ""n1n[cH]cc c1"",
    ""description"": ""Position 4 carbon of pyridazine, not directly attached to an N."",
    ""uncertainty"": ""low""
  },
  {
    ""atom_type"": 543,
    ""element"": ""C"",
    ""chemical_environment"": ""pyrrole C2: aromatic carbon alpha to pyrrolic [nH] (directly bonded to [nH])"",
    ""functional_group"": ""pyrrole"",
    ""hybridization"": ""sp2"",
    ""example_molecule_smiles"": ""[nH]1cccc1"",
    ""group_smarts"": ""[nH;r5][c;r5]"",
    ""atom_specific_smarts"": ""[nH]1[cH]ccc1"",
    ""description"": ""Position 2 carbon of pyrrole, directly bonded to the ring [nH]."",
    ""uncertainty"": ""low""
  },
  {
    ""atom_type"": 544,
    ""element"": ""C"",
    ""chemical_environment"": ""pyrrole C3: aromatic carbon beta to pyrrolic [nH] (not directly bonded to [nH])"",
    ""functional_group"": ""pyrrole"",
    ""hybridization"": ""sp2"",
    ""example_molecule_smiles"": ""[nH]1cccc1"",
    ""group_smarts"": ""[nH]1c[c;r5]cc1"",
    ""atom_specific_smarts"": ""[nH]1c[cH]cc1"",
    ""description"": ""Position 3 carbon of pyrrole, one bond removed from the [nH]."",
    ""uncertainty"": ""low""
  },
  {
    ""atom_type"": 550,
    ""element"": ""C"",
    ""chemical_environment"": ""pyrazole C3: aromatic carbon between [nH] (pyrrolic) and [n] (pyridine-like), i.e., adjacent to both nitrogens"",
    ""functional_group"": ""pyrazole"",
    ""hybridization"": ""sp2"",
    ""example_molecule_smiles"": ""[nH]1nccc1"",
    ""group_smarts"": ""[nH]1[n][c;r5]cc1"",
    ""atom_specific_smarts"": ""[nH]1[n][cH]cc1"",
    ""description"": ""Position 3 carbon of pyrazole, bonded to both ring nitrogens (one [nH], one [n])."",
    ""uncertainty"": ""low""
  },
  {
    ""atom_type"": 551,
    ""element"": ""C"",
    ""chemical_environment"": ""pyrazole C4: aromatic carbon adjacent to the pyridine-like [n] (position 2) and not to [nH]"",
    ""functional_group"": ""pyrazole"",
    ""hybridization"": ""sp2"",
    ""example_molecule_smiles"": ""[nH]1nccc1"",
    ""group_smarts"": ""[nH]1n[c][c;r5]c1"",
    ""atom_specific_smarts"": ""[nH]1n[c][cH]c1"",
    ""description"": ""Position 4 carbon of pyrazole, adjacent to the ring [n] and not directly bonded to [nH]."",
    ""uncertainty"": ""low""
  },
  {
    ""atom_type"": 552,
    ""element"": ""C"",
    ""chemical_environment"": ""pyrazole C5: aromatic carbon adjacent to the pyrrolic [nH] and not to the pyridine-like [n]"",
    ""functional_group"": ""pyrazole"",
    ""hybridization"": ""sp2"",
    ""example_molecule_smiles"": ""[nH]1nccc1"",
    ""group_smarts"": ""[nH]1nc[c;r5]c1"",
    ""atom_specific_smarts"": ""[nH]1ncc[cH]1"",
    ""description"": ""Position 5 carbon of pyrazole, adjacent to the [nH] and not directly bonded to the pyridine-like [n]."",
    ""uncertainty"": ""low""
  }
]"
538,0.378,C  - CA   | C3 in pyridazine,12.011,oplsaa.lt,C,6,"Convert the following OPLS-AA atom type rows:

Atom Type Data:
- Atom index: 514
- Force field raw info: C  - CW   | CD1 in TRP
- Partial charge: -0.115
- Atomic mass: 12.011
- Element guess: C
- Atomic number: 6
- Source file: oplsaa.lt


Atom Type Data:
- Atom index: 515
- Force field raw info: C  - CT   | all-atom C: CH, isopropyl benzene
- Partial charge: 0.055
- Atomic mass: 12.011
- Element guess: C
- Atomic number: 6
- Source file: oplsaa.lt


Atom Type Data:
- Atom index: 516
- Force field raw info: C  - CT   | all-atom C: C, t-butyl benzene
- Partial charge: 0.115
- Atomic mass: 12.011
- Element guess: C
- Atomic number: 6
- Source file: oplsaa.lt


Atom Type Data:
- Atom index: 517
- Force field raw info: C  - CM   | vinyl ether HCOR
- Partial charge: -0.03
- Atomic mass: 12.011
- Element guess: C
- Atomic number: 6
- Source file: oplsaa.lt


Atom Type Data:
- Atom index: 518
- Force field raw info: C  - CM   | vinyl ether RCOR
- Partial charge: 0.085
- Atomic mass: 12.011
- Element guess: C
- Atomic number: 6
- Source file: oplsaa.lt


Atom Type Data:
- Atom index: 519
- Force field raw info: C  - C!   | biphenyl C1
- Partial charge: 0.0
- Atomic mass: 12.011
- Element guess: C
- Atomic number: 6
- Source file: oplsaa.lt


Atom Type Data:
- Atom index: 521
- Force field raw info: C  - CA   | C1 in pyridine CHELPG
- Partial charge: 0.473
- Atomic mass: 12.011
- Element guess: C
- Atomic number: 6
- Source file: oplsaa.lt


Atom Type Data:
- Atom index: 522
- Force field raw info: C  - CA   | C2 in pyridine charges
- Partial charge: -0.447
- Atomic mass: 12.011
- Element guess: C
- Atomic number: 6
- Source file: oplsaa.lt


Atom Type Data:
- Atom index: 523
- Force field raw info: C  - CA   | C3 in pyridine for
- Partial charge: 0.227
- Atomic mass: 12.011
- Element guess: C
- Atomic number: 6
- Source file: oplsaa.lt


Atom Type Data:
- Atom index: 528
- Force field raw info: C  - CA   | C in pyrazine
- Partial charge: 0.192
- Atomic mass: 12.011
- Element guess: C
- Atomic number: 6
- Source file: oplsaa.lt


Atom Type Data:
- Atom index: 531
- Force field raw info: C  - CQ   | C2 in pyrimidine
- Partial charge: 0.874
- Atomic mass: 12.011
- Element guess: C
- Atomic number: 6
- Source file: oplsaa.lt


Atom Type Data:
- Atom index: 532
- Force field raw info: C  - CA   | C4 in pyrimidine
- Partial charge: 0.653
- Atomic mass: 12.011
- Element guess: C
- Atomic number: 6
- Source file: oplsaa.lt


Atom Type Data:
- Atom index: 533
- Force field raw info: C  - CA   | C5 in pyrimidine
- Partial charge: -0.689
- Atomic mass: 12.011
- Element guess: C
- Atomic number: 6
- Source file: oplsaa.lt


Atom Type Data:
- Atom index: 538
- Force field raw info: C  - CA   | C3 in pyridazine
- Partial charge: 0.378
- Atomic mass: 12.011
- Element guess: C
- Atomic number: 6
- Source file: oplsaa.lt


Atom Type Data:
- Atom index: 539
- Force field raw info: C  - CA   | C4 in pyridazine
- Partial charge: -0.16
- Atomic mass: 12.011
- Element guess: C
- Atomic number: 6
- Source file: oplsaa.lt


Atom Type Data:
- Atom index: 543
- Force field raw info: C  - CW   | C2 in pyrrole
- Partial charge: -0.163
- Atomic mass: 12.011
- Element guess: C
- Atomic number: 6
- Source file: oplsaa.lt


Atom Type Data:
- Atom index: 544
- Force field raw info: C  - CS   | C3 in pyrrole
- Partial charge: -0.149
- Atomic mass: 12.011
- Element guess: C
- Atomic number: 6
- Source file: oplsaa.lt


Atom Type Data:
- Atom index: 550
- Force field raw info: C  - CU   | C3 in pyrazole
- Partial charge: 0.246
- Atomic mass: 12.011
- Element guess: C
- Atomic number: 6
- Source file: oplsaa.lt


Atom Type Data:
- Atom index: 551
- Force field raw info: C  - CS   | C4 in pyrazole
- Partial charge: -0.32
- Atomic mass: 12.011
- Element guess: C
- Atomic number: 6
- Source file: oplsaa.lt


Atom Type Data:
- Atom index: 552
- Force field raw info: C  - CW   | C5 in pyrazole
- Partial charge: -0.034
- Atomic mass: 12.011
- Element guess: C
- Atomic number: 6
- Source file: oplsaa.lt
","[
  {
    ""atom_type"": 514,
    ""element"": ""C"",
    ""chemical_environment"": ""aromatic carbon in indole fused system directly bonded to pyrrolic [nH] (CD1 in tryptophan)"",
    ""functional_group"": ""indole (tryptophan side chain)"",
    ""hybridization"": ""sp2"",
    ""example_molecule_smiles"": ""c1ccc2[nH]ccc2c1"",
    ""group_smarts"": ""[c;r6][nH;r5]"",
    ""atom_specific_smarts"": ""[cH;r6][nH;r5]"",
    ""description"": ""CD1 carbon of tryptophan: the benzene-ring carbon of indole that is directly bonded to the pyrrolic [nH]."",
    ""uncertainty"": ""low""
  },
  {
    ""atom_type"": 515,
    ""element"": ""C"",
    ""chemical_environment"": ""tertiary sp3 methine attached to two methyl groups and an aromatic ring (isopropyl benzene junction carbon)"",
    ""functional_group"": ""cumene (isopropyl benzene) side chain"",
    ""hybridization"": ""sp3"",
    ""example_molecule_smiles"": ""CC(C)c1ccccc1"",
    ""group_smarts"": ""[CH](C)(C)a"",
    ""atom_specific_smarts"": ""[CH](C)(C)c1ccccc1"",
    ""description"": ""Methine carbon of an isopropyl group directly bonded to an aromatic carbon and two alkyl carbons."",
    ""uncertainty"": ""low""
  },
  {
    ""atom_type"": 516,
    ""element"": ""C"",
    ""chemical_environment"": ""quaternary sp3 carbon attached to three methyl groups and an aromatic ring (t-butyl benzene junction carbon)"",
    ""functional_group"": ""tert-butyl benzene side chain"",
    ""hybridization"": ""sp3"",
    ""example_molecule_smiles"": ""CC(C)(C)c1ccccc1"",
    ""group_smarts"": ""[C;H0](C)(C)(C)a"",
    ""atom_specific_smarts"": ""[C;H0](C)(C)(C)c1ccccc1"",
    ""description"": ""Central tert-butyl carbon directly bonded to an aromatic carbon and three methyl carbons."",
    ""uncertainty"": ""low""
  },
  {
    ""atom_type"": 517,
    ""element"": ""C"",
    ""chemical_environment"": ""vinylic carbon of enol ether directly bonded to O–R and bearing one hydrogen (HCOR)"",
    ""functional_group"": ""vinyl ether (enol ether, RO–C(H)=C–)"",
    ""hybridization"": ""sp2"",
    ""example_molecule_smiles"": ""C=COC"",
    ""group_smarts"": ""[C;sp2X3]([O;X2]-[*])=[C;sp2]"",
    ""atom_specific_smarts"": ""[CH;sp2X3]([O;X2]-[*])=[C;sp2]"",
    ""description"": ""The enol-ether carbon single-bonded to an ether oxygen (–O–) and double-bonded to another carbon; this specific type carries one hydrogen."",
    ""uncertainty"": ""low""
  },
  {
    ""atom_type"": 518,
    ""element"": ""C"",
    ""chemical_environment"": ""vinylic carbon of enol ether directly bonded to O–R and fully substituted by carbon (no hydrogens) (RCOR)"",
    ""functional_group"": ""vinyl ether (enol ether, RO–C(=C–)R)"",
    ""hybridization"": ""sp2"",
    ""example_molecule_smiles"": ""COC(=C)C"",
    ""group_smarts"": ""[C;sp2X3]([O;X2]-[*])=[C;sp2]"",
    ""atom_specific_smarts"": ""[C;H0;sp2X3]([O;X2]-[*])=[C;sp2]"",
    ""description"": ""The enol-ether carbon single-bonded to an ether oxygen (–O–) and double-bonded to another carbon; this specific type has no hydrogens (substituted by carbon)."",
    ""uncertainty"": ""low""
  },
  {
    ""atom_type"": 519,
    ""element"": ""C"",
    ""chemical_environment"": ""aromatic carbon at the biaryl junction (ipso carbon of one ring bonded via a single bond to an aromatic carbon of another ring)"",
    ""functional_group"": ""biphenyl (biaryl)"",
    ""hybridization"": ""sp2"",
    ""example_molecule_smiles"": ""c1ccccc1-c2ccccc2"",
    ""group_smarts"": ""[cH;r;D3](-a):a"",
    ""atom_specific_smarts"": ""[cH;r6;D3](-c1ccccc1):c"",
    ""description"": ""Biphenyl ipso carbon: a benzene-ring carbon with two aromatic ring neighbors and one exocyclic single bond to an aromatic carbon of a second ring."",
    ""uncertainty"": ""low""
  },
  {
    ""atom_type"": 521,
    ""element"": ""C"",
    ""chemical_environment"": ""pyridine ring carbon ortho (alpha) to ring nitrogen (directly bonded to [n])"",
    ""functional_group"": ""pyridine"",
    ""hybridization"": ""sp2"",
    ""example_molecule_smiles"": ""n1ccccc1"",
    ""group_smarts"": ""[nH0;r6][c;r6]"",
    ""atom_specific_smarts"": ""[nH0]1[cH]cccc1"",
    ""description"": ""Alpha carbon(s) to the pyridine nitrogen: the aromatic carbons directly bonded to the ring [n]."",
    ""uncertainty"": ""medium""
  },
  {
    ""atom_type"": 522,
    ""element"": ""C"",
    ""chemical_environment"": ""pyridine ring carbon meta (beta) to ring nitrogen (one bond removed from the alpha carbon)"",
    ""functional_group"": ""pyridine"",
    ""hybridization"": ""sp2"",
    ""example_molecule_smiles"": ""n1ccccc1"",
    ""group_smarts"": ""[nH0]1c[c;r6]ccc1"",
    ""atom_specific_smarts"": ""[nH0]1c[cH]ccc1"",
    ""description"": ""Beta (meta) carbon(s) in pyridine: aromatic carbons not directly bonded to [n], adjacent to an alpha carbon that is bonded to [n]."",
    ""uncertainty"": ""medium""
  },
  {
    ""atom_type"": 523,
    ""element"": ""C"",
    ""chemical_environment"": ""pyridine ring carbon para (gamma) to ring nitrogen (opposite the [n])"",
    ""functional_group"": ""pyridine"",
    ""hybridization"": ""sp2"",
    ""example_molecule_smiles"": ""n1ccccc1"",
    ""group_smarts"": ""[nH0]1cc[c;r6]cc1"",
    ""atom_specific_smarts"": ""[nH0]1cc[cH]cc1"",
    ""description"": ""Gamma (para) carbon in pyridine: the aromatic carbon opposite the ring nitrogen."",
    ""uncertainty"": ""medium""
  },
  {
    ""atom_type"": 528,
    ""element"": ""C"",
    ""chemical_environment"": ""aromatic carbon within a pyrazine ring (1,4-diazine)"",
    ""functional_group"": ""pyrazine"",
    ""hybridization"": ""sp2"",
    ""example_molecule_smiles"": ""n1ccncc1"",
    ""group_smarts"": ""n1ccncc1"",
    ""atom_specific_smarts"": ""n1[cH]cncc1"",
    ""description"": ""Any ring carbon of pyrazine (1,4-diazine)."",
    ""uncertainty"": ""low""
  },
  {
    ""atom_type"": 531,
    ""element"": ""C"",
    ""chemical_environment"": ""pyrimidine C2: aromatic carbon between two ring nitrogens (alpha to both Ns)"",
    ""functional_group"": ""pyrimidine (1,3-diazine)"",
    ""hybridization"": ""sp2"",
    ""example_molecule_smiles"": ""n1cnccc1"",
    ""group_smarts"": ""n1cnccc1"",
    ""atom_specific_smarts"": ""[nH0]1[cH]nccc1"",
    ""description"": ""Position 2 carbon of pyrimidine, bonded to both ring nitrogens."",
    ""uncertainty"": ""low""
  },
  {
    ""atom_type"": 532,
    ""element"": ""C"",
    ""chemical_environment"": ""pyrimidine C4: aromatic carbon adjacent to the pyridine-like N at position 3 and not adjacent to the N at position 1"",
    ""functional_group"": ""pyrimidine (1,3-diazine)"",
    ""hybridization"": ""sp2"",
    ""example_molecule_smiles"": ""n1cnccc1"",
    ""group_smarts"": ""n1c[nH0]ccc1"",
    ""atom_specific_smarts"": ""n1c[nH0][cH]cc1"",
    ""description"": ""Position 4 carbon of pyrimidine, next to the N at position 3."",
    ""uncertainty"": ""low""
  },
  {
    ""atom_type"": 533,
    ""element"": ""C"",
    ""chemical_environment"": ""pyrimidine C5: aromatic carbon meta to both nitrogens (between C4 and C6)"",
    ""functional_group"": ""pyrimidine (1,3-diazine)"",
    ""hybridization"": ""sp2"",
    ""example_molecule_smiles"": ""n1cnccc1"",
    ""group_smarts"": ""n1cnccc1"",
    ""atom_specific_smarts"": ""n1cn[cH]cc1"",
    ""description"": ""Position 5 carbon of pyrimidine, not directly bonded to either ring nitrogen."",
    ""uncertainty"": ""low""
  },
  {
    ""atom_type"": 538,
    ""element"": ""C"",
    ""chemical_environment"": ""pyridazine C3: aromatic carbon alpha to the N at position 2 (adjacent to one N) in 1,2-diazine"",
    ""functional_group"": ""pyridazine (1,2-diazine)"",
    ""hybridization"": ""sp2"",
    ""example_molecule_smiles"": ""n1ncccc1"",
    ""group_smarts"": ""n1ncccc1"",
    ""atom_specific_smarts"": ""[nH0]1[nH0][cH]ccc1"",
    ""description"": ""Position 3 carbon of pyridazine, adjacent to the N at position 2."",
    ""uncertainty"": ""low""
  },
  {
    ""atom_type"": 539,
    ""element"": ""C"",
    ""chemical_environment"": ""pyridazine C4: aromatic carbon beta to both nitrogens (not directly bonded to either N) in 1,2-diazine"",
    ""functional_group"": ""pyridazine (1,2-diazine)"",
    ""hybridization"": ""sp2"",
    ""example_molecule_smiles"": ""n1ncccc1"",
    ""group_smarts"": ""n1ncccc1"",
    ""atom_specific_smarts"": ""n1n[cH]cc c1"",
    ""description"": ""Position 4 carbon of pyridazine, not directly attached to an N."",
    ""uncertainty"": ""low""
  },
  {
    ""atom_type"": 543,
    ""element"": ""C"",
    ""chemical_environment"": ""pyrrole C2: aromatic carbon alpha to pyrrolic [nH] (directly bonded to [nH])"",
    ""functional_group"": ""pyrrole"",
    ""hybridization"": ""sp2"",
    ""example_molecule_smiles"": ""[nH]1cccc1"",
    ""group_smarts"": ""[nH;r5][c;r5]"",
    ""atom_specific_smarts"": ""[nH]1[cH]ccc1"",
    ""description"": ""Position 2 carbon of pyrrole, directly bonded to the ring [nH]."",
    ""uncertainty"": ""low""
  },
  {
    ""atom_type"": 544,
    ""element"": ""C"",
    ""chemical_environment"": ""pyrrole C3: aromatic carbon beta to pyrrolic [nH] (not directly bonded to [nH])"",
    ""functional_group"": ""pyrrole"",
    ""hybridization"": ""sp2"",
    ""example_molecule_smiles"": ""[nH]1cccc1"",
    ""group_smarts"": ""[nH]1c[c;r5]cc1"",
    ""atom_specific_smarts"": ""[nH]1c[cH]cc1"",
    ""description"": ""Position 3 carbon of pyrrole, one bond removed from the [nH]."",
    ""uncertainty"": ""low""
  },
  {
    ""atom_type"": 550,
    ""element"": ""C"",
    ""chemical_environment"": ""pyrazole C3: aromatic carbon between [nH] (pyrrolic) and [n] (pyridine-like), i.e., adjacent to both nitrogens"",
    ""functional_group"": ""pyrazole"",
    ""hybridization"": ""sp2"",
    ""example_molecule_smiles"": ""[nH]1nccc1"",
    ""group_smarts"": ""[nH]1[n][c;r5]cc1"",
    ""atom_specific_smarts"": ""[nH]1[n][cH]cc1"",
    ""description"": ""Position 3 carbon of pyrazole, bonded to both ring nitrogens (one [nH], one [n])."",
    ""uncertainty"": ""low""
  },
  {
    ""atom_type"": 551,
    ""element"": ""C"",
    ""chemical_environment"": ""pyrazole C4: aromatic carbon adjacent to the pyridine-like [n] (position 2) and not to [nH]"",
    ""functional_group"": ""pyrazole"",
    ""hybridization"": ""sp2"",
    ""example_molecule_smiles"": ""[nH]1nccc1"",
    ""group_smarts"": ""[nH]1n[c][c;r5]c1"",
    ""atom_specific_smarts"": ""[nH]1n[c][cH]c1"",
    ""description"": ""Position 4 carbon of pyrazole, adjacent to the ring [n] and not directly bonded to [nH]."",
    ""uncertainty"": ""low""
  },
  {
    ""atom_type"": 552,
    ""element"": ""C"",
    ""chemical_environment"": ""pyrazole C5: aromatic carbon adjacent to the pyrrolic [nH] and not to the pyridine-like [n]"",
    ""functional_group"": ""pyrazole"",
    ""hybridization"": ""sp2"",
    ""example_molecule_smiles"": ""[nH]1nccc1"",
    ""group_smarts"": ""[nH]1nc[c;r5]c1"",
    ""atom_specific_smarts"": ""[nH]1ncc[cH]1"",
    ""description"": ""Position 5 carbon of pyrazole, adjacent to the [nH] and not directly bonded to the pyridine-like [n]."",
    ""uncertainty"": ""low""
  }
]"
539,-0.16,C  - CA   | C4 in pyridazine,12.011,oplsaa.lt,C,6,"Convert the following OPLS-AA atom type rows:

Atom Type Data:
- Atom index: 514
- Force field raw info: C  - CW   | CD1 in TRP
- Partial charge: -0.115
- Atomic mass: 12.011
- Element guess: C
- Atomic number: 6
- Source file: oplsaa.lt


Atom Type Data:
- Atom index: 515
- Force field raw info: C  - CT   | all-atom C: CH, isopropyl benzene
- Partial charge: 0.055
- Atomic mass: 12.011
- Element guess: C
- Atomic number: 6
- Source file: oplsaa.lt


Atom Type Data:
- Atom index: 516
- Force field raw info: C  - CT   | all-atom C: C, t-butyl benzene
- Partial charge: 0.115
- Atomic mass: 12.011
- Element guess: C
- Atomic number: 6
- Source file: oplsaa.lt


Atom Type Data:
- Atom index: 517
- Force field raw info: C  - CM   | vinyl ether HCOR
- Partial charge: -0.03
- Atomic mass: 12.011
- Element guess: C
- Atomic number: 6
- Source file: oplsaa.lt


Atom Type Data:
- Atom index: 518
- Force field raw info: C  - CM   | vinyl ether RCOR
- Partial charge: 0.085
- Atomic mass: 12.011
- Element guess: C
- Atomic number: 6
- Source file: oplsaa.lt


Atom Type Data:
- Atom index: 519
- Force field raw info: C  - C!   | biphenyl C1
- Partial charge: 0.0
- Atomic mass: 12.011
- Element guess: C
- Atomic number: 6
- Source file: oplsaa.lt


Atom Type Data:
- Atom index: 521
- Force field raw info: C  - CA   | C1 in pyridine CHELPG
- Partial charge: 0.473
- Atomic mass: 12.011
- Element guess: C
- Atomic number: 6
- Source file: oplsaa.lt


Atom Type Data:
- Atom index: 522
- Force field raw info: C  - CA   | C2 in pyridine charges
- Partial charge: -0.447
- Atomic mass: 12.011
- Element guess: C
- Atomic number: 6
- Source file: oplsaa.lt


Atom Type Data:
- Atom index: 523
- Force field raw info: C  - CA   | C3 in pyridine for
- Partial charge: 0.227
- Atomic mass: 12.011
- Element guess: C
- Atomic number: 6
- Source file: oplsaa.lt


Atom Type Data:
- Atom index: 528
- Force field raw info: C  - CA   | C in pyrazine
- Partial charge: 0.192
- Atomic mass: 12.011
- Element guess: C
- Atomic number: 6
- Source file: oplsaa.lt


Atom Type Data:
- Atom index: 531
- Force field raw info: C  - CQ   | C2 in pyrimidine
- Partial charge: 0.874
- Atomic mass: 12.011
- Element guess: C
- Atomic number: 6
- Source file: oplsaa.lt


Atom Type Data:
- Atom index: 532
- Force field raw info: C  - CA   | C4 in pyrimidine
- Partial charge: 0.653
- Atomic mass: 12.011
- Element guess: C
- Atomic number: 6
- Source file: oplsaa.lt


Atom Type Data:
- Atom index: 533
- Force field raw info: C  - CA   | C5 in pyrimidine
- Partial charge: -0.689
- Atomic mass: 12.011
- Element guess: C
- Atomic number: 6
- Source file: oplsaa.lt


Atom Type Data:
- Atom index: 538
- Force field raw info: C  - CA   | C3 in pyridazine
- Partial charge: 0.378
- Atomic mass: 12.011
- Element guess: C
- Atomic number: 6
- Source file: oplsaa.lt


Atom Type Data:
- Atom index: 539
- Force field raw info: C  - CA   | C4 in pyridazine
- Partial charge: -0.16
- Atomic mass: 12.011
- Element guess: C
- Atomic number: 6
- Source file: oplsaa.lt


Atom Type Data:
- Atom index: 543
- Force field raw info: C  - CW   | C2 in pyrrole
- Partial charge: -0.163
- Atomic mass: 12.011
- Element guess: C
- Atomic number: 6
- Source file: oplsaa.lt


Atom Type Data:
- Atom index: 544
- Force field raw info: C  - CS   | C3 in pyrrole
- Partial charge: -0.149
- Atomic mass: 12.011
- Element guess: C
- Atomic number: 6
- Source file: oplsaa.lt


Atom Type Data:
- Atom index: 550
- Force field raw info: C  - CU   | C3 in pyrazole
- Partial charge: 0.246
- Atomic mass: 12.011
- Element guess: C
- Atomic number: 6
- Source file: oplsaa.lt


Atom Type Data:
- Atom index: 551
- Force field raw info: C  - CS   | C4 in pyrazole
- Partial charge: -0.32
- Atomic mass: 12.011
- Element guess: C
- Atomic number: 6
- Source file: oplsaa.lt


Atom Type Data:
- Atom index: 552
- Force field raw info: C  - CW   | C5 in pyrazole
- Partial charge: -0.034
- Atomic mass: 12.011
- Element guess: C
- Atomic number: 6
- Source file: oplsaa.lt
","[
  {
    ""atom_type"": 514,
    ""element"": ""C"",
    ""chemical_environment"": ""aromatic carbon in indole fused system directly bonded to pyrrolic [nH] (CD1 in tryptophan)"",
    ""functional_group"": ""indole (tryptophan side chain)"",
    ""hybridization"": ""sp2"",
    ""example_molecule_smiles"": ""c1ccc2[nH]ccc2c1"",
    ""group_smarts"": ""[c;r6][nH;r5]"",
    ""atom_specific_smarts"": ""[cH;r6][nH;r5]"",
    ""description"": ""CD1 carbon of tryptophan: the benzene-ring carbon of indole that is directly bonded to the pyrrolic [nH]."",
    ""uncertainty"": ""low""
  },
  {
    ""atom_type"": 515,
    ""element"": ""C"",
    ""chemical_environment"": ""tertiary sp3 methine attached to two methyl groups and an aromatic ring (isopropyl benzene junction carbon)"",
    ""functional_group"": ""cumene (isopropyl benzene) side chain"",
    ""hybridization"": ""sp3"",
    ""example_molecule_smiles"": ""CC(C)c1ccccc1"",
    ""group_smarts"": ""[CH](C)(C)a"",
    ""atom_specific_smarts"": ""[CH](C)(C)c1ccccc1"",
    ""description"": ""Methine carbon of an isopropyl group directly bonded to an aromatic carbon and two alkyl carbons."",
    ""uncertainty"": ""low""
  },
  {
    ""atom_type"": 516,
    ""element"": ""C"",
    ""chemical_environment"": ""quaternary sp3 carbon attached to three methyl groups and an aromatic ring (t-butyl benzene junction carbon)"",
    ""functional_group"": ""tert-butyl benzene side chain"",
    ""hybridization"": ""sp3"",
    ""example_molecule_smiles"": ""CC(C)(C)c1ccccc1"",
    ""group_smarts"": ""[C;H0](C)(C)(C)a"",
    ""atom_specific_smarts"": ""[C;H0](C)(C)(C)c1ccccc1"",
    ""description"": ""Central tert-butyl carbon directly bonded to an aromatic carbon and three methyl carbons."",
    ""uncertainty"": ""low""
  },
  {
    ""atom_type"": 517,
    ""element"": ""C"",
    ""chemical_environment"": ""vinylic carbon of enol ether directly bonded to O–R and bearing one hydrogen (HCOR)"",
    ""functional_group"": ""vinyl ether (enol ether, RO–C(H)=C–)"",
    ""hybridization"": ""sp2"",
    ""example_molecule_smiles"": ""C=COC"",
    ""group_smarts"": ""[C;sp2X3]([O;X2]-[*])=[C;sp2]"",
    ""atom_specific_smarts"": ""[CH;sp2X3]([O;X2]-[*])=[C;sp2]"",
    ""description"": ""The enol-ether carbon single-bonded to an ether oxygen (–O–) and double-bonded to another carbon; this specific type carries one hydrogen."",
    ""uncertainty"": ""low""
  },
  {
    ""atom_type"": 518,
    ""element"": ""C"",
    ""chemical_environment"": ""vinylic carbon of enol ether directly bonded to O–R and fully substituted by carbon (no hydrogens) (RCOR)"",
    ""functional_group"": ""vinyl ether (enol ether, RO–C(=C–)R)"",
    ""hybridization"": ""sp2"",
    ""example_molecule_smiles"": ""COC(=C)C"",
    ""group_smarts"": ""[C;sp2X3]([O;X2]-[*])=[C;sp2]"",
    ""atom_specific_smarts"": ""[C;H0;sp2X3]([O;X2]-[*])=[C;sp2]"",
    ""description"": ""The enol-ether carbon single-bonded to an ether oxygen (–O–) and double-bonded to another carbon; this specific type has no hydrogens (substituted by carbon)."",
    ""uncertainty"": ""low""
  },
  {
    ""atom_type"": 519,
    ""element"": ""C"",
    ""chemical_environment"": ""aromatic carbon at the biaryl junction (ipso carbon of one ring bonded via a single bond to an aromatic carbon of another ring)"",
    ""functional_group"": ""biphenyl (biaryl)"",
    ""hybridization"": ""sp2"",
    ""example_molecule_smiles"": ""c1ccccc1-c2ccccc2"",
    ""group_smarts"": ""[cH;r;D3](-a):a"",
    ""atom_specific_smarts"": ""[cH;r6;D3](-c1ccccc1):c"",
    ""description"": ""Biphenyl ipso carbon: a benzene-ring carbon with two aromatic ring neighbors and one exocyclic single bond to an aromatic carbon of a second ring."",
    ""uncertainty"": ""low""
  },
  {
    ""atom_type"": 521,
    ""element"": ""C"",
    ""chemical_environment"": ""pyridine ring carbon ortho (alpha) to ring nitrogen (directly bonded to [n])"",
    ""functional_group"": ""pyridine"",
    ""hybridization"": ""sp2"",
    ""example_molecule_smiles"": ""n1ccccc1"",
    ""group_smarts"": ""[nH0;r6][c;r6]"",
    ""atom_specific_smarts"": ""[nH0]1[cH]cccc1"",
    ""description"": ""Alpha carbon(s) to the pyridine nitrogen: the aromatic carbons directly bonded to the ring [n]."",
    ""uncertainty"": ""medium""
  },
  {
    ""atom_type"": 522,
    ""element"": ""C"",
    ""chemical_environment"": ""pyridine ring carbon meta (beta) to ring nitrogen (one bond removed from the alpha carbon)"",
    ""functional_group"": ""pyridine"",
    ""hybridization"": ""sp2"",
    ""example_molecule_smiles"": ""n1ccccc1"",
    ""group_smarts"": ""[nH0]1c[c;r6]ccc1"",
    ""atom_specific_smarts"": ""[nH0]1c[cH]ccc1"",
    ""description"": ""Beta (meta) carbon(s) in pyridine: aromatic carbons not directly bonded to [n], adjacent to an alpha carbon that is bonded to [n]."",
    ""uncertainty"": ""medium""
  },
  {
    ""atom_type"": 523,
    ""element"": ""C"",
    ""chemical_environment"": ""pyridine ring carbon para (gamma) to ring nitrogen (opposite the [n])"",
    ""functional_group"": ""pyridine"",
    ""hybridization"": ""sp2"",
    ""example_molecule_smiles"": ""n1ccccc1"",
    ""group_smarts"": ""[nH0]1cc[c;r6]cc1"",
    ""atom_specific_smarts"": ""[nH0]1cc[cH]cc1"",
    ""description"": ""Gamma (para) carbon in pyridine: the aromatic carbon opposite the ring nitrogen."",
    ""uncertainty"": ""medium""
  },
  {
    ""atom_type"": 528,
    ""element"": ""C"",
    ""chemical_environment"": ""aromatic carbon within a pyrazine ring (1,4-diazine)"",
    ""functional_group"": ""pyrazine"",
    ""hybridization"": ""sp2"",
    ""example_molecule_smiles"": ""n1ccncc1"",
    ""group_smarts"": ""n1ccncc1"",
    ""atom_specific_smarts"": ""n1[cH]cncc1"",
    ""description"": ""Any ring carbon of pyrazine (1,4-diazine)."",
    ""uncertainty"": ""low""
  },
  {
    ""atom_type"": 531,
    ""element"": ""C"",
    ""chemical_environment"": ""pyrimidine C2: aromatic carbon between two ring nitrogens (alpha to both Ns)"",
    ""functional_group"": ""pyrimidine (1,3-diazine)"",
    ""hybridization"": ""sp2"",
    ""example_molecule_smiles"": ""n1cnccc1"",
    ""group_smarts"": ""n1cnccc1"",
    ""atom_specific_smarts"": ""[nH0]1[cH]nccc1"",
    ""description"": ""Position 2 carbon of pyrimidine, bonded to both ring nitrogens."",
    ""uncertainty"": ""low""
  },
  {
    ""atom_type"": 532,
    ""element"": ""C"",
    ""chemical_environment"": ""pyrimidine C4: aromatic carbon adjacent to the pyridine-like N at position 3 and not adjacent to the N at position 1"",
    ""functional_group"": ""pyrimidine (1,3-diazine)"",
    ""hybridization"": ""sp2"",
    ""example_molecule_smiles"": ""n1cnccc1"",
    ""group_smarts"": ""n1c[nH0]ccc1"",
    ""atom_specific_smarts"": ""n1c[nH0][cH]cc1"",
    ""description"": ""Position 4 carbon of pyrimidine, next to the N at position 3."",
    ""uncertainty"": ""low""
  },
  {
    ""atom_type"": 533,
    ""element"": ""C"",
    ""chemical_environment"": ""pyrimidine C5: aromatic carbon meta to both nitrogens (between C4 and C6)"",
    ""functional_group"": ""pyrimidine (1,3-diazine)"",
    ""hybridization"": ""sp2"",
    ""example_molecule_smiles"": ""n1cnccc1"",
    ""group_smarts"": ""n1cnccc1"",
    ""atom_specific_smarts"": ""n1cn[cH]cc1"",
    ""description"": ""Position 5 carbon of pyrimidine, not directly bonded to either ring nitrogen."",
    ""uncertainty"": ""low""
  },
  {
    ""atom_type"": 538,
    ""element"": ""C"",
    ""chemical_environment"": ""pyridazine C3: aromatic carbon alpha to the N at position 2 (adjacent to one N) in 1,2-diazine"",
    ""functional_group"": ""pyridazine (1,2-diazine)"",
    ""hybridization"": ""sp2"",
    ""example_molecule_smiles"": ""n1ncccc1"",
    ""group_smarts"": ""n1ncccc1"",
    ""atom_specific_smarts"": ""[nH0]1[nH0][cH]ccc1"",
    ""description"": ""Position 3 carbon of pyridazine, adjacent to the N at position 2."",
    ""uncertainty"": ""low""
  },
  {
    ""atom_type"": 539,
    ""element"": ""C"",
    ""chemical_environment"": ""pyridazine C4: aromatic carbon beta to both nitrogens (not directly bonded to either N) in 1,2-diazine"",
    ""functional_group"": ""pyridazine (1,2-diazine)"",
    ""hybridization"": ""sp2"",
    ""example_molecule_smiles"": ""n1ncccc1"",
    ""group_smarts"": ""n1ncccc1"",
    ""atom_specific_smarts"": ""n1n[cH]cc c1"",
    ""description"": ""Position 4 carbon of pyridazine, not directly attached to an N."",
    ""uncertainty"": ""low""
  },
  {
    ""atom_type"": 543,
    ""element"": ""C"",
    ""chemical_environment"": ""pyrrole C2: aromatic carbon alpha to pyrrolic [nH] (directly bonded to [nH])"",
    ""functional_group"": ""pyrrole"",
    ""hybridization"": ""sp2"",
    ""example_molecule_smiles"": ""[nH]1cccc1"",
    ""group_smarts"": ""[nH;r5][c;r5]"",
    ""atom_specific_smarts"": ""[nH]1[cH]ccc1"",
    ""description"": ""Position 2 carbon of pyrrole, directly bonded to the ring [nH]."",
    ""uncertainty"": ""low""
  },
  {
    ""atom_type"": 544,
    ""element"": ""C"",
    ""chemical_environment"": ""pyrrole C3: aromatic carbon beta to pyrrolic [nH] (not directly bonded to [nH])"",
    ""functional_group"": ""pyrrole"",
    ""hybridization"": ""sp2"",
    ""example_molecule_smiles"": ""[nH]1cccc1"",
    ""group_smarts"": ""[nH]1c[c;r5]cc1"",
    ""atom_specific_smarts"": ""[nH]1c[cH]cc1"",
    ""description"": ""Position 3 carbon of pyrrole, one bond removed from the [nH]."",
    ""uncertainty"": ""low""
  },
  {
    ""atom_type"": 550,
    ""element"": ""C"",
    ""chemical_environment"": ""pyrazole C3: aromatic carbon between [nH] (pyrrolic) and [n] (pyridine-like), i.e., adjacent to both nitrogens"",
    ""functional_group"": ""pyrazole"",
    ""hybridization"": ""sp2"",
    ""example_molecule_smiles"": ""[nH]1nccc1"",
    ""group_smarts"": ""[nH]1[n][c;r5]cc1"",
    ""atom_specific_smarts"": ""[nH]1[n][cH]cc1"",
    ""description"": ""Position 3 carbon of pyrazole, bonded to both ring nitrogens (one [nH], one [n])."",
    ""uncertainty"": ""low""
  },
  {
    ""atom_type"": 551,
    ""element"": ""C"",
    ""chemical_environment"": ""pyrazole C4: aromatic carbon adjacent to the pyridine-like [n] (position 2) and not to [nH]"",
    ""functional_group"": ""pyrazole"",
    ""hybridization"": ""sp2"",
    ""example_molecule_smiles"": ""[nH]1nccc1"",
    ""group_smarts"": ""[nH]1n[c][c;r5]c1"",
    ""atom_specific_smarts"": ""[nH]1n[c][cH]c1"",
    ""description"": ""Position 4 carbon of pyrazole, adjacent to the ring [n] and not directly bonded to [nH]."",
    ""uncertainty"": ""low""
  },
  {
    ""atom_type"": 552,
    ""element"": ""C"",
    ""chemical_environment"": ""pyrazole C5: aromatic carbon adjacent to the pyrrolic [nH] and not to the pyridine-like [n]"",
    ""functional_group"": ""pyrazole"",
    ""hybridization"": ""sp2"",
    ""example_molecule_smiles"": ""[nH]1nccc1"",
    ""group_smarts"": ""[nH]1nc[c;r5]c1"",
    ""atom_specific_smarts"": ""[nH]1ncc[cH]1"",
    ""description"": ""Position 5 carbon of pyrazole, adjacent to the [nH] and not directly bonded to the pyridine-like [n]."",
    ""uncertainty"": ""low""
  }
]"
543,-0.163,C  - CW   | C2 in pyrrole,12.011,oplsaa.lt,C,6,"Convert the following OPLS-AA atom type rows:

Atom Type Data:
- Atom index: 514
- Force field raw info: C  - CW   | CD1 in TRP
- Partial charge: -0.115
- Atomic mass: 12.011
- Element guess: C
- Atomic number: 6
- Source file: oplsaa.lt


Atom Type Data:
- Atom index: 515
- Force field raw info: C  - CT   | all-atom C: CH, isopropyl benzene
- Partial charge: 0.055
- Atomic mass: 12.011
- Element guess: C
- Atomic number: 6
- Source file: oplsaa.lt


Atom Type Data:
- Atom index: 516
- Force field raw info: C  - CT   | all-atom C: C, t-butyl benzene
- Partial charge: 0.115
- Atomic mass: 12.011
- Element guess: C
- Atomic number: 6
- Source file: oplsaa.lt


Atom Type Data:
- Atom index: 517
- Force field raw info: C  - CM   | vinyl ether HCOR
- Partial charge: -0.03
- Atomic mass: 12.011
- Element guess: C
- Atomic number: 6
- Source file: oplsaa.lt


Atom Type Data:
- Atom index: 518
- Force field raw info: C  - CM   | vinyl ether RCOR
- Partial charge: 0.085
- Atomic mass: 12.011
- Element guess: C
- Atomic number: 6
- Source file: oplsaa.lt


Atom Type Data:
- Atom index: 519
- Force field raw info: C  - C!   | biphenyl C1
- Partial charge: 0.0
- Atomic mass: 12.011
- Element guess: C
- Atomic number: 6
- Source file: oplsaa.lt


Atom Type Data:
- Atom index: 521
- Force field raw info: C  - CA   | C1 in pyridine CHELPG
- Partial charge: 0.473
- Atomic mass: 12.011
- Element guess: C
- Atomic number: 6
- Source file: oplsaa.lt


Atom Type Data:
- Atom index: 522
- Force field raw info: C  - CA   | C2 in pyridine charges
- Partial charge: -0.447
- Atomic mass: 12.011
- Element guess: C
- Atomic number: 6
- Source file: oplsaa.lt


Atom Type Data:
- Atom index: 523
- Force field raw info: C  - CA   | C3 in pyridine for
- Partial charge: 0.227
- Atomic mass: 12.011
- Element guess: C
- Atomic number: 6
- Source file: oplsaa.lt


Atom Type Data:
- Atom index: 528
- Force field raw info: C  - CA   | C in pyrazine
- Partial charge: 0.192
- Atomic mass: 12.011
- Element guess: C
- Atomic number: 6
- Source file: oplsaa.lt


Atom Type Data:
- Atom index: 531
- Force field raw info: C  - CQ   | C2 in pyrimidine
- Partial charge: 0.874
- Atomic mass: 12.011
- Element guess: C
- Atomic number: 6
- Source file: oplsaa.lt


Atom Type Data:
- Atom index: 532
- Force field raw info: C  - CA   | C4 in pyrimidine
- Partial charge: 0.653
- Atomic mass: 12.011
- Element guess: C
- Atomic number: 6
- Source file: oplsaa.lt


Atom Type Data:
- Atom index: 533
- Force field raw info: C  - CA   | C5 in pyrimidine
- Partial charge: -0.689
- Atomic mass: 12.011
- Element guess: C
- Atomic number: 6
- Source file: oplsaa.lt


Atom Type Data:
- Atom index: 538
- Force field raw info: C  - CA   | C3 in pyridazine
- Partial charge: 0.378
- Atomic mass: 12.011
- Element guess: C
- Atomic number: 6
- Source file: oplsaa.lt


Atom Type Data:
- Atom index: 539
- Force field raw info: C  - CA   | C4 in pyridazine
- Partial charge: -0.16
- Atomic mass: 12.011
- Element guess: C
- Atomic number: 6
- Source file: oplsaa.lt


Atom Type Data:
- Atom index: 543
- Force field raw info: C  - CW   | C2 in pyrrole
- Partial charge: -0.163
- Atomic mass: 12.011
- Element guess: C
- Atomic number: 6
- Source file: oplsaa.lt


Atom Type Data:
- Atom index: 544
- Force field raw info: C  - CS   | C3 in pyrrole
- Partial charge: -0.149
- Atomic mass: 12.011
- Element guess: C
- Atomic number: 6
- Source file: oplsaa.lt


Atom Type Data:
- Atom index: 550
- Force field raw info: C  - CU   | C3 in pyrazole
- Partial charge: 0.246
- Atomic mass: 12.011
- Element guess: C
- Atomic number: 6
- Source file: oplsaa.lt


Atom Type Data:
- Atom index: 551
- Force field raw info: C  - CS   | C4 in pyrazole
- Partial charge: -0.32
- Atomic mass: 12.011
- Element guess: C
- Atomic number: 6
- Source file: oplsaa.lt


Atom Type Data:
- Atom index: 552
- Force field raw info: C  - CW   | C5 in pyrazole
- Partial charge: -0.034
- Atomic mass: 12.011
- Element guess: C
- Atomic number: 6
- Source file: oplsaa.lt
","[
  {
    ""atom_type"": 514,
    ""element"": ""C"",
    ""chemical_environment"": ""aromatic carbon in indole fused system directly bonded to pyrrolic [nH] (CD1 in tryptophan)"",
    ""functional_group"": ""indole (tryptophan side chain)"",
    ""hybridization"": ""sp2"",
    ""example_molecule_smiles"": ""c1ccc2[nH]ccc2c1"",
    ""group_smarts"": ""[c;r6][nH;r5]"",
    ""atom_specific_smarts"": ""[cH;r6][nH;r5]"",
    ""description"": ""CD1 carbon of tryptophan: the benzene-ring carbon of indole that is directly bonded to the pyrrolic [nH]."",
    ""uncertainty"": ""low""
  },
  {
    ""atom_type"": 515,
    ""element"": ""C"",
    ""chemical_environment"": ""tertiary sp3 methine attached to two methyl groups and an aromatic ring (isopropyl benzene junction carbon)"",
    ""functional_group"": ""cumene (isopropyl benzene) side chain"",
    ""hybridization"": ""sp3"",
    ""example_molecule_smiles"": ""CC(C)c1ccccc1"",
    ""group_smarts"": ""[CH](C)(C)a"",
    ""atom_specific_smarts"": ""[CH](C)(C)c1ccccc1"",
    ""description"": ""Methine carbon of an isopropyl group directly bonded to an aromatic carbon and two alkyl carbons."",
    ""uncertainty"": ""low""
  },
  {
    ""atom_type"": 516,
    ""element"": ""C"",
    ""chemical_environment"": ""quaternary sp3 carbon attached to three methyl groups and an aromatic ring (t-butyl benzene junction carbon)"",
    ""functional_group"": ""tert-butyl benzene side chain"",
    ""hybridization"": ""sp3"",
    ""example_molecule_smiles"": ""CC(C)(C)c1ccccc1"",
    ""group_smarts"": ""[C;H0](C)(C)(C)a"",
    ""atom_specific_smarts"": ""[C;H0](C)(C)(C)c1ccccc1"",
    ""description"": ""Central tert-butyl carbon directly bonded to an aromatic carbon and three methyl carbons."",
    ""uncertainty"": ""low""
  },
  {
    ""atom_type"": 517,
    ""element"": ""C"",
    ""chemical_environment"": ""vinylic carbon of enol ether directly bonded to O–R and bearing one hydrogen (HCOR)"",
    ""functional_group"": ""vinyl ether (enol ether, RO–C(H)=C–)"",
    ""hybridization"": ""sp2"",
    ""example_molecule_smiles"": ""C=COC"",
    ""group_smarts"": ""[C;sp2X3]([O;X2]-[*])=[C;sp2]"",
    ""atom_specific_smarts"": ""[CH;sp2X3]([O;X2]-[*])=[C;sp2]"",
    ""description"": ""The enol-ether carbon single-bonded to an ether oxygen (–O–) and double-bonded to another carbon; this specific type carries one hydrogen."",
    ""uncertainty"": ""low""
  },
  {
    ""atom_type"": 518,
    ""element"": ""C"",
    ""chemical_environment"": ""vinylic carbon of enol ether directly bonded to O–R and fully substituted by carbon (no hydrogens) (RCOR)"",
    ""functional_group"": ""vinyl ether (enol ether, RO–C(=C–)R)"",
    ""hybridization"": ""sp2"",
    ""example_molecule_smiles"": ""COC(=C)C"",
    ""group_smarts"": ""[C;sp2X3]([O;X2]-[*])=[C;sp2]"",
    ""atom_specific_smarts"": ""[C;H0;sp2X3]([O;X2]-[*])=[C;sp2]"",
    ""description"": ""The enol-ether carbon single-bonded to an ether oxygen (–O–) and double-bonded to another carbon; this specific type has no hydrogens (substituted by carbon)."",
    ""uncertainty"": ""low""
  },
  {
    ""atom_type"": 519,
    ""element"": ""C"",
    ""chemical_environment"": ""aromatic carbon at the biaryl junction (ipso carbon of one ring bonded via a single bond to an aromatic carbon of another ring)"",
    ""functional_group"": ""biphenyl (biaryl)"",
    ""hybridization"": ""sp2"",
    ""example_molecule_smiles"": ""c1ccccc1-c2ccccc2"",
    ""group_smarts"": ""[cH;r;D3](-a):a"",
    ""atom_specific_smarts"": ""[cH;r6;D3](-c1ccccc1):c"",
    ""description"": ""Biphenyl ipso carbon: a benzene-ring carbon with two aromatic ring neighbors and one exocyclic single bond to an aromatic carbon of a second ring."",
    ""uncertainty"": ""low""
  },
  {
    ""atom_type"": 521,
    ""element"": ""C"",
    ""chemical_environment"": ""pyridine ring carbon ortho (alpha) to ring nitrogen (directly bonded to [n])"",
    ""functional_group"": ""pyridine"",
    ""hybridization"": ""sp2"",
    ""example_molecule_smiles"": ""n1ccccc1"",
    ""group_smarts"": ""[nH0;r6][c;r6]"",
    ""atom_specific_smarts"": ""[nH0]1[cH]cccc1"",
    ""description"": ""Alpha carbon(s) to the pyridine nitrogen: the aromatic carbons directly bonded to the ring [n]."",
    ""uncertainty"": ""medium""
  },
  {
    ""atom_type"": 522,
    ""element"": ""C"",
    ""chemical_environment"": ""pyridine ring carbon meta (beta) to ring nitrogen (one bond removed from the alpha carbon)"",
    ""functional_group"": ""pyridine"",
    ""hybridization"": ""sp2"",
    ""example_molecule_smiles"": ""n1ccccc1"",
    ""group_smarts"": ""[nH0]1c[c;r6]ccc1"",
    ""atom_specific_smarts"": ""[nH0]1c[cH]ccc1"",
    ""description"": ""Beta (meta) carbon(s) in pyridine: aromatic carbons not directly bonded to [n], adjacent to an alpha carbon that is bonded to [n]."",
    ""uncertainty"": ""medium""
  },
  {
    ""atom_type"": 523,
    ""element"": ""C"",
    ""chemical_environment"": ""pyridine ring carbon para (gamma) to ring nitrogen (opposite the [n])"",
    ""functional_group"": ""pyridine"",
    ""hybridization"": ""sp2"",
    ""example_molecule_smiles"": ""n1ccccc1"",
    ""group_smarts"": ""[nH0]1cc[c;r6]cc1"",
    ""atom_specific_smarts"": ""[nH0]1cc[cH]cc1"",
    ""description"": ""Gamma (para) carbon in pyridine: the aromatic carbon opposite the ring nitrogen."",
    ""uncertainty"": ""medium""
  },
  {
    ""atom_type"": 528,
    ""element"": ""C"",
    ""chemical_environment"": ""aromatic carbon within a pyrazine ring (1,4-diazine)"",
    ""functional_group"": ""pyrazine"",
    ""hybridization"": ""sp2"",
    ""example_molecule_smiles"": ""n1ccncc1"",
    ""group_smarts"": ""n1ccncc1"",
    ""atom_specific_smarts"": ""n1[cH]cncc1"",
    ""description"": ""Any ring carbon of pyrazine (1,4-diazine)."",
    ""uncertainty"": ""low""
  },
  {
    ""atom_type"": 531,
    ""element"": ""C"",
    ""chemical_environment"": ""pyrimidine C2: aromatic carbon between two ring nitrogens (alpha to both Ns)"",
    ""functional_group"": ""pyrimidine (1,3-diazine)"",
    ""hybridization"": ""sp2"",
    ""example_molecule_smiles"": ""n1cnccc1"",
    ""group_smarts"": ""n1cnccc1"",
    ""atom_specific_smarts"": ""[nH0]1[cH]nccc1"",
    ""description"": ""Position 2 carbon of pyrimidine, bonded to both ring nitrogens."",
    ""uncertainty"": ""low""
  },
  {
    ""atom_type"": 532,
    ""element"": ""C"",
    ""chemical_environment"": ""pyrimidine C4: aromatic carbon adjacent to the pyridine-like N at position 3 and not adjacent to the N at position 1"",
    ""functional_group"": ""pyrimidine (1,3-diazine)"",
    ""hybridization"": ""sp2"",
    ""example_molecule_smiles"": ""n1cnccc1"",
    ""group_smarts"": ""n1c[nH0]ccc1"",
    ""atom_specific_smarts"": ""n1c[nH0][cH]cc1"",
    ""description"": ""Position 4 carbon of pyrimidine, next to the N at position 3."",
    ""uncertainty"": ""low""
  },
  {
    ""atom_type"": 533,
    ""element"": ""C"",
    ""chemical_environment"": ""pyrimidine C5: aromatic carbon meta to both nitrogens (between C4 and C6)"",
    ""functional_group"": ""pyrimidine (1,3-diazine)"",
    ""hybridization"": ""sp2"",
    ""example_molecule_smiles"": ""n1cnccc1"",
    ""group_smarts"": ""n1cnccc1"",
    ""atom_specific_smarts"": ""n1cn[cH]cc1"",
    ""description"": ""Position 5 carbon of pyrimidine, not directly bonded to either ring nitrogen."",
    ""uncertainty"": ""low""
  },
  {
    ""atom_type"": 538,
    ""element"": ""C"",
    ""chemical_environment"": ""pyridazine C3: aromatic carbon alpha to the N at position 2 (adjacent to one N) in 1,2-diazine"",
    ""functional_group"": ""pyridazine (1,2-diazine)"",
    ""hybridization"": ""sp2"",
    ""example_molecule_smiles"": ""n1ncccc1"",
    ""group_smarts"": ""n1ncccc1"",
    ""atom_specific_smarts"": ""[nH0]1[nH0][cH]ccc1"",
    ""description"": ""Position 3 carbon of pyridazine, adjacent to the N at position 2."",
    ""uncertainty"": ""low""
  },
  {
    ""atom_type"": 539,
    ""element"": ""C"",
    ""chemical_environment"": ""pyridazine C4: aromatic carbon beta to both nitrogens (not directly bonded to either N) in 1,2-diazine"",
    ""functional_group"": ""pyridazine (1,2-diazine)"",
    ""hybridization"": ""sp2"",
    ""example_molecule_smiles"": ""n1ncccc1"",
    ""group_smarts"": ""n1ncccc1"",
    ""atom_specific_smarts"": ""n1n[cH]cc c1"",
    ""description"": ""Position 4 carbon of pyridazine, not directly attached to an N."",
    ""uncertainty"": ""low""
  },
  {
    ""atom_type"": 543,
    ""element"": ""C"",
    ""chemical_environment"": ""pyrrole C2: aromatic carbon alpha to pyrrolic [nH] (directly bonded to [nH])"",
    ""functional_group"": ""pyrrole"",
    ""hybridization"": ""sp2"",
    ""example_molecule_smiles"": ""[nH]1cccc1"",
    ""group_smarts"": ""[nH;r5][c;r5]"",
    ""atom_specific_smarts"": ""[nH]1[cH]ccc1"",
    ""description"": ""Position 2 carbon of pyrrole, directly bonded to the ring [nH]."",
    ""uncertainty"": ""low""
  },
  {
    ""atom_type"": 544,
    ""element"": ""C"",
    ""chemical_environment"": ""pyrrole C3: aromatic carbon beta to pyrrolic [nH] (not directly bonded to [nH])"",
    ""functional_group"": ""pyrrole"",
    ""hybridization"": ""sp2"",
    ""example_molecule_smiles"": ""[nH]1cccc1"",
    ""group_smarts"": ""[nH]1c[c;r5]cc1"",
    ""atom_specific_smarts"": ""[nH]1c[cH]cc1"",
    ""description"": ""Position 3 carbon of pyrrole, one bond removed from the [nH]."",
    ""uncertainty"": ""low""
  },
  {
    ""atom_type"": 550,
    ""element"": ""C"",
    ""chemical_environment"": ""pyrazole C3: aromatic carbon between [nH] (pyrrolic) and [n] (pyridine-like), i.e., adjacent to both nitrogens"",
    ""functional_group"": ""pyrazole"",
    ""hybridization"": ""sp2"",
    ""example_molecule_smiles"": ""[nH]1nccc1"",
    ""group_smarts"": ""[nH]1[n][c;r5]cc1"",
    ""atom_specific_smarts"": ""[nH]1[n][cH]cc1"",
    ""description"": ""Position 3 carbon of pyrazole, bonded to both ring nitrogens (one [nH], one [n])."",
    ""uncertainty"": ""low""
  },
  {
    ""atom_type"": 551,
    ""element"": ""C"",
    ""chemical_environment"": ""pyrazole C4: aromatic carbon adjacent to the pyridine-like [n] (position 2) and not to [nH]"",
    ""functional_group"": ""pyrazole"",
    ""hybridization"": ""sp2"",
    ""example_molecule_smiles"": ""[nH]1nccc1"",
    ""group_smarts"": ""[nH]1n[c][c;r5]c1"",
    ""atom_specific_smarts"": ""[nH]1n[c][cH]c1"",
    ""description"": ""Position 4 carbon of pyrazole, adjacent to the ring [n] and not directly bonded to [nH]."",
    ""uncertainty"": ""low""
  },
  {
    ""atom_type"": 552,
    ""element"": ""C"",
    ""chemical_environment"": ""pyrazole C5: aromatic carbon adjacent to the pyrrolic [nH] and not to the pyridine-like [n]"",
    ""functional_group"": ""pyrazole"",
    ""hybridization"": ""sp2"",
    ""example_molecule_smiles"": ""[nH]1nccc1"",
    ""group_smarts"": ""[nH]1nc[c;r5]c1"",
    ""atom_specific_smarts"": ""[nH]1ncc[cH]1"",
    ""description"": ""Position 5 carbon of pyrazole, adjacent to the [nH] and not directly bonded to the pyridine-like [n]."",
    ""uncertainty"": ""low""
  }
]"
544,-0.149,C  - CS   | C3 in pyrrole,12.011,oplsaa.lt,C,6,"Convert the following OPLS-AA atom type rows:

Atom Type Data:
- Atom index: 514
- Force field raw info: C  - CW   | CD1 in TRP
- Partial charge: -0.115
- Atomic mass: 12.011
- Element guess: C
- Atomic number: 6
- Source file: oplsaa.lt


Atom Type Data:
- Atom index: 515
- Force field raw info: C  - CT   | all-atom C: CH, isopropyl benzene
- Partial charge: 0.055
- Atomic mass: 12.011
- Element guess: C
- Atomic number: 6
- Source file: oplsaa.lt


Atom Type Data:
- Atom index: 516
- Force field raw info: C  - CT   | all-atom C: C, t-butyl benzene
- Partial charge: 0.115
- Atomic mass: 12.011
- Element guess: C
- Atomic number: 6
- Source file: oplsaa.lt


Atom Type Data:
- Atom index: 517
- Force field raw info: C  - CM   | vinyl ether HCOR
- Partial charge: -0.03
- Atomic mass: 12.011
- Element guess: C
- Atomic number: 6
- Source file: oplsaa.lt


Atom Type Data:
- Atom index: 518
- Force field raw info: C  - CM   | vinyl ether RCOR
- Partial charge: 0.085
- Atomic mass: 12.011
- Element guess: C
- Atomic number: 6
- Source file: oplsaa.lt


Atom Type Data:
- Atom index: 519
- Force field raw info: C  - C!   | biphenyl C1
- Partial charge: 0.0
- Atomic mass: 12.011
- Element guess: C
- Atomic number: 6
- Source file: oplsaa.lt


Atom Type Data:
- Atom index: 521
- Force field raw info: C  - CA   | C1 in pyridine CHELPG
- Partial charge: 0.473
- Atomic mass: 12.011
- Element guess: C
- Atomic number: 6
- Source file: oplsaa.lt


Atom Type Data:
- Atom index: 522
- Force field raw info: C  - CA   | C2 in pyridine charges
- Partial charge: -0.447
- Atomic mass: 12.011
- Element guess: C
- Atomic number: 6
- Source file: oplsaa.lt


Atom Type Data:
- Atom index: 523
- Force field raw info: C  - CA   | C3 in pyridine for
- Partial charge: 0.227
- Atomic mass: 12.011
- Element guess: C
- Atomic number: 6
- Source file: oplsaa.lt


Atom Type Data:
- Atom index: 528
- Force field raw info: C  - CA   | C in pyrazine
- Partial charge: 0.192
- Atomic mass: 12.011
- Element guess: C
- Atomic number: 6
- Source file: oplsaa.lt


Atom Type Data:
- Atom index: 531
- Force field raw info: C  - CQ   | C2 in pyrimidine
- Partial charge: 0.874
- Atomic mass: 12.011
- Element guess: C
- Atomic number: 6
- Source file: oplsaa.lt


Atom Type Data:
- Atom index: 532
- Force field raw info: C  - CA   | C4 in pyrimidine
- Partial charge: 0.653
- Atomic mass: 12.011
- Element guess: C
- Atomic number: 6
- Source file: oplsaa.lt


Atom Type Data:
- Atom index: 533
- Force field raw info: C  - CA   | C5 in pyrimidine
- Partial charge: -0.689
- Atomic mass: 12.011
- Element guess: C
- Atomic number: 6
- Source file: oplsaa.lt


Atom Type Data:
- Atom index: 538
- Force field raw info: C  - CA   | C3 in pyridazine
- Partial charge: 0.378
- Atomic mass: 12.011
- Element guess: C
- Atomic number: 6
- Source file: oplsaa.lt


Atom Type Data:
- Atom index: 539
- Force field raw info: C  - CA   | C4 in pyridazine
- Partial charge: -0.16
- Atomic mass: 12.011
- Element guess: C
- Atomic number: 6
- Source file: oplsaa.lt


Atom Type Data:
- Atom index: 543
- Force field raw info: C  - CW   | C2 in pyrrole
- Partial charge: -0.163
- Atomic mass: 12.011
- Element guess: C
- Atomic number: 6
- Source file: oplsaa.lt


Atom Type Data:
- Atom index: 544
- Force field raw info: C  - CS   | C3 in pyrrole
- Partial charge: -0.149
- Atomic mass: 12.011
- Element guess: C
- Atomic number: 6
- Source file: oplsaa.lt


Atom Type Data:
- Atom index: 550
- Force field raw info: C  - CU   | C3 in pyrazole
- Partial charge: 0.246
- Atomic mass: 12.011
- Element guess: C
- Atomic number: 6
- Source file: oplsaa.lt


Atom Type Data:
- Atom index: 551
- Force field raw info: C  - CS   | C4 in pyrazole
- Partial charge: -0.32
- Atomic mass: 12.011
- Element guess: C
- Atomic number: 6
- Source file: oplsaa.lt


Atom Type Data:
- Atom index: 552
- Force field raw info: C  - CW   | C5 in pyrazole
- Partial charge: -0.034
- Atomic mass: 12.011
- Element guess: C
- Atomic number: 6
- Source file: oplsaa.lt
","[
  {
    ""atom_type"": 514,
    ""element"": ""C"",
    ""chemical_environment"": ""aromatic carbon in indole fused system directly bonded to pyrrolic [nH] (CD1 in tryptophan)"",
    ""functional_group"": ""indole (tryptophan side chain)"",
    ""hybridization"": ""sp2"",
    ""example_molecule_smiles"": ""c1ccc2[nH]ccc2c1"",
    ""group_smarts"": ""[c;r6][nH;r5]"",
    ""atom_specific_smarts"": ""[cH;r6][nH;r5]"",
    ""description"": ""CD1 carbon of tryptophan: the benzene-ring carbon of indole that is directly bonded to the pyrrolic [nH]."",
    ""uncertainty"": ""low""
  },
  {
    ""atom_type"": 515,
    ""element"": ""C"",
    ""chemical_environment"": ""tertiary sp3 methine attached to two methyl groups and an aromatic ring (isopropyl benzene junction carbon)"",
    ""functional_group"": ""cumene (isopropyl benzene) side chain"",
    ""hybridization"": ""sp3"",
    ""example_molecule_smiles"": ""CC(C)c1ccccc1"",
    ""group_smarts"": ""[CH](C)(C)a"",
    ""atom_specific_smarts"": ""[CH](C)(C)c1ccccc1"",
    ""description"": ""Methine carbon of an isopropyl group directly bonded to an aromatic carbon and two alkyl carbons."",
    ""uncertainty"": ""low""
  },
  {
    ""atom_type"": 516,
    ""element"": ""C"",
    ""chemical_environment"": ""quaternary sp3 carbon attached to three methyl groups and an aromatic ring (t-butyl benzene junction carbon)"",
    ""functional_group"": ""tert-butyl benzene side chain"",
    ""hybridization"": ""sp3"",
    ""example_molecule_smiles"": ""CC(C)(C)c1ccccc1"",
    ""group_smarts"": ""[C;H0](C)(C)(C)a"",
    ""atom_specific_smarts"": ""[C;H0](C)(C)(C)c1ccccc1"",
    ""description"": ""Central tert-butyl carbon directly bonded to an aromatic carbon and three methyl carbons."",
    ""uncertainty"": ""low""
  },
  {
    ""atom_type"": 517,
    ""element"": ""C"",
    ""chemical_environment"": ""vinylic carbon of enol ether directly bonded to O–R and bearing one hydrogen (HCOR)"",
    ""functional_group"": ""vinyl ether (enol ether, RO–C(H)=C–)"",
    ""hybridization"": ""sp2"",
    ""example_molecule_smiles"": ""C=COC"",
    ""group_smarts"": ""[C;sp2X3]([O;X2]-[*])=[C;sp2]"",
    ""atom_specific_smarts"": ""[CH;sp2X3]([O;X2]-[*])=[C;sp2]"",
    ""description"": ""The enol-ether carbon single-bonded to an ether oxygen (–O–) and double-bonded to another carbon; this specific type carries one hydrogen."",
    ""uncertainty"": ""low""
  },
  {
    ""atom_type"": 518,
    ""element"": ""C"",
    ""chemical_environment"": ""vinylic carbon of enol ether directly bonded to O–R and fully substituted by carbon (no hydrogens) (RCOR)"",
    ""functional_group"": ""vinyl ether (enol ether, RO–C(=C–)R)"",
    ""hybridization"": ""sp2"",
    ""example_molecule_smiles"": ""COC(=C)C"",
    ""group_smarts"": ""[C;sp2X3]([O;X2]-[*])=[C;sp2]"",
    ""atom_specific_smarts"": ""[C;H0;sp2X3]([O;X2]-[*])=[C;sp2]"",
    ""description"": ""The enol-ether carbon single-bonded to an ether oxygen (–O–) and double-bonded to another carbon; this specific type has no hydrogens (substituted by carbon)."",
    ""uncertainty"": ""low""
  },
  {
    ""atom_type"": 519,
    ""element"": ""C"",
    ""chemical_environment"": ""aromatic carbon at the biaryl junction (ipso carbon of one ring bonded via a single bond to an aromatic carbon of another ring)"",
    ""functional_group"": ""biphenyl (biaryl)"",
    ""hybridization"": ""sp2"",
    ""example_molecule_smiles"": ""c1ccccc1-c2ccccc2"",
    ""group_smarts"": ""[cH;r;D3](-a):a"",
    ""atom_specific_smarts"": ""[cH;r6;D3](-c1ccccc1):c"",
    ""description"": ""Biphenyl ipso carbon: a benzene-ring carbon with two aromatic ring neighbors and one exocyclic single bond to an aromatic carbon of a second ring."",
    ""uncertainty"": ""low""
  },
  {
    ""atom_type"": 521,
    ""element"": ""C"",
    ""chemical_environment"": ""pyridine ring carbon ortho (alpha) to ring nitrogen (directly bonded to [n])"",
    ""functional_group"": ""pyridine"",
    ""hybridization"": ""sp2"",
    ""example_molecule_smiles"": ""n1ccccc1"",
    ""group_smarts"": ""[nH0;r6][c;r6]"",
    ""atom_specific_smarts"": ""[nH0]1[cH]cccc1"",
    ""description"": ""Alpha carbon(s) to the pyridine nitrogen: the aromatic carbons directly bonded to the ring [n]."",
    ""uncertainty"": ""medium""
  },
  {
    ""atom_type"": 522,
    ""element"": ""C"",
    ""chemical_environment"": ""pyridine ring carbon meta (beta) to ring nitrogen (one bond removed from the alpha carbon)"",
    ""functional_group"": ""pyridine"",
    ""hybridization"": ""sp2"",
    ""example_molecule_smiles"": ""n1ccccc1"",
    ""group_smarts"": ""[nH0]1c[c;r6]ccc1"",
    ""atom_specific_smarts"": ""[nH0]1c[cH]ccc1"",
    ""description"": ""Beta (meta) carbon(s) in pyridine: aromatic carbons not directly bonded to [n], adjacent to an alpha carbon that is bonded to [n]."",
    ""uncertainty"": ""medium""
  },
  {
    ""atom_type"": 523,
    ""element"": ""C"",
    ""chemical_environment"": ""pyridine ring carbon para (gamma) to ring nitrogen (opposite the [n])"",
    ""functional_group"": ""pyridine"",
    ""hybridization"": ""sp2"",
    ""example_molecule_smiles"": ""n1ccccc1"",
    ""group_smarts"": ""[nH0]1cc[c;r6]cc1"",
    ""atom_specific_smarts"": ""[nH0]1cc[cH]cc1"",
    ""description"": ""Gamma (para) carbon in pyridine: the aromatic carbon opposite the ring nitrogen."",
    ""uncertainty"": ""medium""
  },
  {
    ""atom_type"": 528,
    ""element"": ""C"",
    ""chemical_environment"": ""aromatic carbon within a pyrazine ring (1,4-diazine)"",
    ""functional_group"": ""pyrazine"",
    ""hybridization"": ""sp2"",
    ""example_molecule_smiles"": ""n1ccncc1"",
    ""group_smarts"": ""n1ccncc1"",
    ""atom_specific_smarts"": ""n1[cH]cncc1"",
    ""description"": ""Any ring carbon of pyrazine (1,4-diazine)."",
    ""uncertainty"": ""low""
  },
  {
    ""atom_type"": 531,
    ""element"": ""C"",
    ""chemical_environment"": ""pyrimidine C2: aromatic carbon between two ring nitrogens (alpha to both Ns)"",
    ""functional_group"": ""pyrimidine (1,3-diazine)"",
    ""hybridization"": ""sp2"",
    ""example_molecule_smiles"": ""n1cnccc1"",
    ""group_smarts"": ""n1cnccc1"",
    ""atom_specific_smarts"": ""[nH0]1[cH]nccc1"",
    ""description"": ""Position 2 carbon of pyrimidine, bonded to both ring nitrogens."",
    ""uncertainty"": ""low""
  },
  {
    ""atom_type"": 532,
    ""element"": ""C"",
    ""chemical_environment"": ""pyrimidine C4: aromatic carbon adjacent to the pyridine-like N at position 3 and not adjacent to the N at position 1"",
    ""functional_group"": ""pyrimidine (1,3-diazine)"",
    ""hybridization"": ""sp2"",
    ""example_molecule_smiles"": ""n1cnccc1"",
    ""group_smarts"": ""n1c[nH0]ccc1"",
    ""atom_specific_smarts"": ""n1c[nH0][cH]cc1"",
    ""description"": ""Position 4 carbon of pyrimidine, next to the N at position 3."",
    ""uncertainty"": ""low""
  },
  {
    ""atom_type"": 533,
    ""element"": ""C"",
    ""chemical_environment"": ""pyrimidine C5: aromatic carbon meta to both nitrogens (between C4 and C6)"",
    ""functional_group"": ""pyrimidine (1,3-diazine)"",
    ""hybridization"": ""sp2"",
    ""example_molecule_smiles"": ""n1cnccc1"",
    ""group_smarts"": ""n1cnccc1"",
    ""atom_specific_smarts"": ""n1cn[cH]cc1"",
    ""description"": ""Position 5 carbon of pyrimidine, not directly bonded to either ring nitrogen."",
    ""uncertainty"": ""low""
  },
  {
    ""atom_type"": 538,
    ""element"": ""C"",
    ""chemical_environment"": ""pyridazine C3: aromatic carbon alpha to the N at position 2 (adjacent to one N) in 1,2-diazine"",
    ""functional_group"": ""pyridazine (1,2-diazine)"",
    ""hybridization"": ""sp2"",
    ""example_molecule_smiles"": ""n1ncccc1"",
    ""group_smarts"": ""n1ncccc1"",
    ""atom_specific_smarts"": ""[nH0]1[nH0][cH]ccc1"",
    ""description"": ""Position 3 carbon of pyridazine, adjacent to the N at position 2."",
    ""uncertainty"": ""low""
  },
  {
    ""atom_type"": 539,
    ""element"": ""C"",
    ""chemical_environment"": ""pyridazine C4: aromatic carbon beta to both nitrogens (not directly bonded to either N) in 1,2-diazine"",
    ""functional_group"": ""pyridazine (1,2-diazine)"",
    ""hybridization"": ""sp2"",
    ""example_molecule_smiles"": ""n1ncccc1"",
    ""group_smarts"": ""n1ncccc1"",
    ""atom_specific_smarts"": ""n1n[cH]cc c1"",
    ""description"": ""Position 4 carbon of pyridazine, not directly attached to an N."",
    ""uncertainty"": ""low""
  },
  {
    ""atom_type"": 543,
    ""element"": ""C"",
    ""chemical_environment"": ""pyrrole C2: aromatic carbon alpha to pyrrolic [nH] (directly bonded to [nH])"",
    ""functional_group"": ""pyrrole"",
    ""hybridization"": ""sp2"",
    ""example_molecule_smiles"": ""[nH]1cccc1"",
    ""group_smarts"": ""[nH;r5][c;r5]"",
    ""atom_specific_smarts"": ""[nH]1[cH]ccc1"",
    ""description"": ""Position 2 carbon of pyrrole, directly bonded to the ring [nH]."",
    ""uncertainty"": ""low""
  },
  {
    ""atom_type"": 544,
    ""element"": ""C"",
    ""chemical_environment"": ""pyrrole C3: aromatic carbon beta to pyrrolic [nH] (not directly bonded to [nH])"",
    ""functional_group"": ""pyrrole"",
    ""hybridization"": ""sp2"",
    ""example_molecule_smiles"": ""[nH]1cccc1"",
    ""group_smarts"": ""[nH]1c[c;r5]cc1"",
    ""atom_specific_smarts"": ""[nH]1c[cH]cc1"",
    ""description"": ""Position 3 carbon of pyrrole, one bond removed from the [nH]."",
    ""uncertainty"": ""low""
  },
  {
    ""atom_type"": 550,
    ""element"": ""C"",
    ""chemical_environment"": ""pyrazole C3: aromatic carbon between [nH] (pyrrolic) and [n] (pyridine-like), i.e., adjacent to both nitrogens"",
    ""functional_group"": ""pyrazole"",
    ""hybridization"": ""sp2"",
    ""example_molecule_smiles"": ""[nH]1nccc1"",
    ""group_smarts"": ""[nH]1[n][c;r5]cc1"",
    ""atom_specific_smarts"": ""[nH]1[n][cH]cc1"",
    ""description"": ""Position 3 carbon of pyrazole, bonded to both ring nitrogens (one [nH], one [n])."",
    ""uncertainty"": ""low""
  },
  {
    ""atom_type"": 551,
    ""element"": ""C"",
    ""chemical_environment"": ""pyrazole C4: aromatic carbon adjacent to the pyridine-like [n] (position 2) and not to [nH]"",
    ""functional_group"": ""pyrazole"",
    ""hybridization"": ""sp2"",
    ""example_molecule_smiles"": ""[nH]1nccc1"",
    ""group_smarts"": ""[nH]1n[c][c;r5]c1"",
    ""atom_specific_smarts"": ""[nH]1n[c][cH]c1"",
    ""description"": ""Position 4 carbon of pyrazole, adjacent to the ring [n] and not directly bonded to [nH]."",
    ""uncertainty"": ""low""
  },
  {
    ""atom_type"": 552,
    ""element"": ""C"",
    ""chemical_environment"": ""pyrazole C5: aromatic carbon adjacent to the pyrrolic [nH] and not to the pyridine-like [n]"",
    ""functional_group"": ""pyrazole"",
    ""hybridization"": ""sp2"",
    ""example_molecule_smiles"": ""[nH]1nccc1"",
    ""group_smarts"": ""[nH]1nc[c;r5]c1"",
    ""atom_specific_smarts"": ""[nH]1ncc[cH]1"",
    ""description"": ""Position 5 carbon of pyrazole, adjacent to the [nH] and not directly bonded to the pyridine-like [n]."",
    ""uncertainty"": ""low""
  }
]"
550,0.246,C  - CU   | C3 in pyrazole,12.011,oplsaa.lt,C,6,"Convert the following OPLS-AA atom type rows:

Atom Type Data:
- Atom index: 514
- Force field raw info: C  - CW   | CD1 in TRP
- Partial charge: -0.115
- Atomic mass: 12.011
- Element guess: C
- Atomic number: 6
- Source file: oplsaa.lt


Atom Type Data:
- Atom index: 515
- Force field raw info: C  - CT   | all-atom C: CH, isopropyl benzene
- Partial charge: 0.055
- Atomic mass: 12.011
- Element guess: C
- Atomic number: 6
- Source file: oplsaa.lt


Atom Type Data:
- Atom index: 516
- Force field raw info: C  - CT   | all-atom C: C, t-butyl benzene
- Partial charge: 0.115
- Atomic mass: 12.011
- Element guess: C
- Atomic number: 6
- Source file: oplsaa.lt


Atom Type Data:
- Atom index: 517
- Force field raw info: C  - CM   | vinyl ether HCOR
- Partial charge: -0.03
- Atomic mass: 12.011
- Element guess: C
- Atomic number: 6
- Source file: oplsaa.lt


Atom Type Data:
- Atom index: 518
- Force field raw info: C  - CM   | vinyl ether RCOR
- Partial charge: 0.085
- Atomic mass: 12.011
- Element guess: C
- Atomic number: 6
- Source file: oplsaa.lt


Atom Type Data:
- Atom index: 519
- Force field raw info: C  - C!   | biphenyl C1
- Partial charge: 0.0
- Atomic mass: 12.011
- Element guess: C
- Atomic number: 6
- Source file: oplsaa.lt


Atom Type Data:
- Atom index: 521
- Force field raw info: C  - CA   | C1 in pyridine CHELPG
- Partial charge: 0.473
- Atomic mass: 12.011
- Element guess: C
- Atomic number: 6
- Source file: oplsaa.lt


Atom Type Data:
- Atom index: 522
- Force field raw info: C  - CA   | C2 in pyridine charges
- Partial charge: -0.447
- Atomic mass: 12.011
- Element guess: C
- Atomic number: 6
- Source file: oplsaa.lt


Atom Type Data:
- Atom index: 523
- Force field raw info: C  - CA   | C3 in pyridine for
- Partial charge: 0.227
- Atomic mass: 12.011
- Element guess: C
- Atomic number: 6
- Source file: oplsaa.lt


Atom Type Data:
- Atom index: 528
- Force field raw info: C  - CA   | C in pyrazine
- Partial charge: 0.192
- Atomic mass: 12.011
- Element guess: C
- Atomic number: 6
- Source file: oplsaa.lt


Atom Type Data:
- Atom index: 531
- Force field raw info: C  - CQ   | C2 in pyrimidine
- Partial charge: 0.874
- Atomic mass: 12.011
- Element guess: C
- Atomic number: 6
- Source file: oplsaa.lt


Atom Type Data:
- Atom index: 532
- Force field raw info: C  - CA   | C4 in pyrimidine
- Partial charge: 0.653
- Atomic mass: 12.011
- Element guess: C
- Atomic number: 6
- Source file: oplsaa.lt


Atom Type Data:
- Atom index: 533
- Force field raw info: C  - CA   | C5 in pyrimidine
- Partial charge: -0.689
- Atomic mass: 12.011
- Element guess: C
- Atomic number: 6
- Source file: oplsaa.lt


Atom Type Data:
- Atom index: 538
- Force field raw info: C  - CA   | C3 in pyridazine
- Partial charge: 0.378
- Atomic mass: 12.011
- Element guess: C
- Atomic number: 6
- Source file: oplsaa.lt


Atom Type Data:
- Atom index: 539
- Force field raw info: C  - CA   | C4 in pyridazine
- Partial charge: -0.16
- Atomic mass: 12.011
- Element guess: C
- Atomic number: 6
- Source file: oplsaa.lt


Atom Type Data:
- Atom index: 543
- Force field raw info: C  - CW   | C2 in pyrrole
- Partial charge: -0.163
- Atomic mass: 12.011
- Element guess: C
- Atomic number: 6
- Source file: oplsaa.lt


Atom Type Data:
- Atom index: 544
- Force field raw info: C  - CS   | C3 in pyrrole
- Partial charge: -0.149
- Atomic mass: 12.011
- Element guess: C
- Atomic number: 6
- Source file: oplsaa.lt


Atom Type Data:
- Atom index: 550
- Force field raw info: C  - CU   | C3 in pyrazole
- Partial charge: 0.246
- Atomic mass: 12.011
- Element guess: C
- Atomic number: 6
- Source file: oplsaa.lt


Atom Type Data:
- Atom index: 551
- Force field raw info: C  - CS   | C4 in pyrazole
- Partial charge: -0.32
- Atomic mass: 12.011
- Element guess: C
- Atomic number: 6
- Source file: oplsaa.lt


Atom Type Data:
- Atom index: 552
- Force field raw info: C  - CW   | C5 in pyrazole
- Partial charge: -0.034
- Atomic mass: 12.011
- Element guess: C
- Atomic number: 6
- Source file: oplsaa.lt
","[
  {
    ""atom_type"": 514,
    ""element"": ""C"",
    ""chemical_environment"": ""aromatic carbon in indole fused system directly bonded to pyrrolic [nH] (CD1 in tryptophan)"",
    ""functional_group"": ""indole (tryptophan side chain)"",
    ""hybridization"": ""sp2"",
    ""example_molecule_smiles"": ""c1ccc2[nH]ccc2c1"",
    ""group_smarts"": ""[c;r6][nH;r5]"",
    ""atom_specific_smarts"": ""[cH;r6][nH;r5]"",
    ""description"": ""CD1 carbon of tryptophan: the benzene-ring carbon of indole that is directly bonded to the pyrrolic [nH]."",
    ""uncertainty"": ""low""
  },
  {
    ""atom_type"": 515,
    ""element"": ""C"",
    ""chemical_environment"": ""tertiary sp3 methine attached to two methyl groups and an aromatic ring (isopropyl benzene junction carbon)"",
    ""functional_group"": ""cumene (isopropyl benzene) side chain"",
    ""hybridization"": ""sp3"",
    ""example_molecule_smiles"": ""CC(C)c1ccccc1"",
    ""group_smarts"": ""[CH](C)(C)a"",
    ""atom_specific_smarts"": ""[CH](C)(C)c1ccccc1"",
    ""description"": ""Methine carbon of an isopropyl group directly bonded to an aromatic carbon and two alkyl carbons."",
    ""uncertainty"": ""low""
  },
  {
    ""atom_type"": 516,
    ""element"": ""C"",
    ""chemical_environment"": ""quaternary sp3 carbon attached to three methyl groups and an aromatic ring (t-butyl benzene junction carbon)"",
    ""functional_group"": ""tert-butyl benzene side chain"",
    ""hybridization"": ""sp3"",
    ""example_molecule_smiles"": ""CC(C)(C)c1ccccc1"",
    ""group_smarts"": ""[C;H0](C)(C)(C)a"",
    ""atom_specific_smarts"": ""[C;H0](C)(C)(C)c1ccccc1"",
    ""description"": ""Central tert-butyl carbon directly bonded to an aromatic carbon and three methyl carbons."",
    ""uncertainty"": ""low""
  },
  {
    ""atom_type"": 517,
    ""element"": ""C"",
    ""chemical_environment"": ""vinylic carbon of enol ether directly bonded to O–R and bearing one hydrogen (HCOR)"",
    ""functional_group"": ""vinyl ether (enol ether, RO–C(H)=C–)"",
    ""hybridization"": ""sp2"",
    ""example_molecule_smiles"": ""C=COC"",
    ""group_smarts"": ""[C;sp2X3]([O;X2]-[*])=[C;sp2]"",
    ""atom_specific_smarts"": ""[CH;sp2X3]([O;X2]-[*])=[C;sp2]"",
    ""description"": ""The enol-ether carbon single-bonded to an ether oxygen (–O–) and double-bonded to another carbon; this specific type carries one hydrogen."",
    ""uncertainty"": ""low""
  },
  {
    ""atom_type"": 518,
    ""element"": ""C"",
    ""chemical_environment"": ""vinylic carbon of enol ether directly bonded to O–R and fully substituted by carbon (no hydrogens) (RCOR)"",
    ""functional_group"": ""vinyl ether (enol ether, RO–C(=C–)R)"",
    ""hybridization"": ""sp2"",
    ""example_molecule_smiles"": ""COC(=C)C"",
    ""group_smarts"": ""[C;sp2X3]([O;X2]-[*])=[C;sp2]"",
    ""atom_specific_smarts"": ""[C;H0;sp2X3]([O;X2]-[*])=[C;sp2]"",
    ""description"": ""The enol-ether carbon single-bonded to an ether oxygen (–O–) and double-bonded to another carbon; this specific type has no hydrogens (substituted by carbon)."",
    ""uncertainty"": ""low""
  },
  {
    ""atom_type"": 519,
    ""element"": ""C"",
    ""chemical_environment"": ""aromatic carbon at the biaryl junction (ipso carbon of one ring bonded via a single bond to an aromatic carbon of another ring)"",
    ""functional_group"": ""biphenyl (biaryl)"",
    ""hybridization"": ""sp2"",
    ""example_molecule_smiles"": ""c1ccccc1-c2ccccc2"",
    ""group_smarts"": ""[cH;r;D3](-a):a"",
    ""atom_specific_smarts"": ""[cH;r6;D3](-c1ccccc1):c"",
    ""description"": ""Biphenyl ipso carbon: a benzene-ring carbon with two aromatic ring neighbors and one exocyclic single bond to an aromatic carbon of a second ring."",
    ""uncertainty"": ""low""
  },
  {
    ""atom_type"": 521,
    ""element"": ""C"",
    ""chemical_environment"": ""pyridine ring carbon ortho (alpha) to ring nitrogen (directly bonded to [n])"",
    ""functional_group"": ""pyridine"",
    ""hybridization"": ""sp2"",
    ""example_molecule_smiles"": ""n1ccccc1"",
    ""group_smarts"": ""[nH0;r6][c;r6]"",
    ""atom_specific_smarts"": ""[nH0]1[cH]cccc1"",
    ""description"": ""Alpha carbon(s) to the pyridine nitrogen: the aromatic carbons directly bonded to the ring [n]."",
    ""uncertainty"": ""medium""
  },
  {
    ""atom_type"": 522,
    ""element"": ""C"",
    ""chemical_environment"": ""pyridine ring carbon meta (beta) to ring nitrogen (one bond removed from the alpha carbon)"",
    ""functional_group"": ""pyridine"",
    ""hybridization"": ""sp2"",
    ""example_molecule_smiles"": ""n1ccccc1"",
    ""group_smarts"": ""[nH0]1c[c;r6]ccc1"",
    ""atom_specific_smarts"": ""[nH0]1c[cH]ccc1"",
    ""description"": ""Beta (meta) carbon(s) in pyridine: aromatic carbons not directly bonded to [n], adjacent to an alpha carbon that is bonded to [n]."",
    ""uncertainty"": ""medium""
  },
  {
    ""atom_type"": 523,
    ""element"": ""C"",
    ""chemical_environment"": ""pyridine ring carbon para (gamma) to ring nitrogen (opposite the [n])"",
    ""functional_group"": ""pyridine"",
    ""hybridization"": ""sp2"",
    ""example_molecule_smiles"": ""n1ccccc1"",
    ""group_smarts"": ""[nH0]1cc[c;r6]cc1"",
    ""atom_specific_smarts"": ""[nH0]1cc[cH]cc1"",
    ""description"": ""Gamma (para) carbon in pyridine: the aromatic carbon opposite the ring nitrogen."",
    ""uncertainty"": ""medium""
  },
  {
    ""atom_type"": 528,
    ""element"": ""C"",
    ""chemical_environment"": ""aromatic carbon within a pyrazine ring (1,4-diazine)"",
    ""functional_group"": ""pyrazine"",
    ""hybridization"": ""sp2"",
    ""example_molecule_smiles"": ""n1ccncc1"",
    ""group_smarts"": ""n1ccncc1"",
    ""atom_specific_smarts"": ""n1[cH]cncc1"",
    ""description"": ""Any ring carbon of pyrazine (1,4-diazine)."",
    ""uncertainty"": ""low""
  },
  {
    ""atom_type"": 531,
    ""element"": ""C"",
    ""chemical_environment"": ""pyrimidine C2: aromatic carbon between two ring nitrogens (alpha to both Ns)"",
    ""functional_group"": ""pyrimidine (1,3-diazine)"",
    ""hybridization"": ""sp2"",
    ""example_molecule_smiles"": ""n1cnccc1"",
    ""group_smarts"": ""n1cnccc1"",
    ""atom_specific_smarts"": ""[nH0]1[cH]nccc1"",
    ""description"": ""Position 2 carbon of pyrimidine, bonded to both ring nitrogens."",
    ""uncertainty"": ""low""
  },
  {
    ""atom_type"": 532,
    ""element"": ""C"",
    ""chemical_environment"": ""pyrimidine C4: aromatic carbon adjacent to the pyridine-like N at position 3 and not adjacent to the N at position 1"",
    ""functional_group"": ""pyrimidine (1,3-diazine)"",
    ""hybridization"": ""sp2"",
    ""example_molecule_smiles"": ""n1cnccc1"",
    ""group_smarts"": ""n1c[nH0]ccc1"",
    ""atom_specific_smarts"": ""n1c[nH0][cH]cc1"",
    ""description"": ""Position 4 carbon of pyrimidine, next to the N at position 3."",
    ""uncertainty"": ""low""
  },
  {
    ""atom_type"": 533,
    ""element"": ""C"",
    ""chemical_environment"": ""pyrimidine C5: aromatic carbon meta to both nitrogens (between C4 and C6)"",
    ""functional_group"": ""pyrimidine (1,3-diazine)"",
    ""hybridization"": ""sp2"",
    ""example_molecule_smiles"": ""n1cnccc1"",
    ""group_smarts"": ""n1cnccc1"",
    ""atom_specific_smarts"": ""n1cn[cH]cc1"",
    ""description"": ""Position 5 carbon of pyrimidine, not directly bonded to either ring nitrogen."",
    ""uncertainty"": ""low""
  },
  {
    ""atom_type"": 538,
    ""element"": ""C"",
    ""chemical_environment"": ""pyridazine C3: aromatic carbon alpha to the N at position 2 (adjacent to one N) in 1,2-diazine"",
    ""functional_group"": ""pyridazine (1,2-diazine)"",
    ""hybridization"": ""sp2"",
    ""example_molecule_smiles"": ""n1ncccc1"",
    ""group_smarts"": ""n1ncccc1"",
    ""atom_specific_smarts"": ""[nH0]1[nH0][cH]ccc1"",
    ""description"": ""Position 3 carbon of pyridazine, adjacent to the N at position 2."",
    ""uncertainty"": ""low""
  },
  {
    ""atom_type"": 539,
    ""element"": ""C"",
    ""chemical_environment"": ""pyridazine C4: aromatic carbon beta to both nitrogens (not directly bonded to either N) in 1,2-diazine"",
    ""functional_group"": ""pyridazine (1,2-diazine)"",
    ""hybridization"": ""sp2"",
    ""example_molecule_smiles"": ""n1ncccc1"",
    ""group_smarts"": ""n1ncccc1"",
    ""atom_specific_smarts"": ""n1n[cH]cc c1"",
    ""description"": ""Position 4 carbon of pyridazine, not directly attached to an N."",
    ""uncertainty"": ""low""
  },
  {
    ""atom_type"": 543,
    ""element"": ""C"",
    ""chemical_environment"": ""pyrrole C2: aromatic carbon alpha to pyrrolic [nH] (directly bonded to [nH])"",
    ""functional_group"": ""pyrrole"",
    ""hybridization"": ""sp2"",
    ""example_molecule_smiles"": ""[nH]1cccc1"",
    ""group_smarts"": ""[nH;r5][c;r5]"",
    ""atom_specific_smarts"": ""[nH]1[cH]ccc1"",
    ""description"": ""Position 2 carbon of pyrrole, directly bonded to the ring [nH]."",
    ""uncertainty"": ""low""
  },
  {
    ""atom_type"": 544,
    ""element"": ""C"",
    ""chemical_environment"": ""pyrrole C3: aromatic carbon beta to pyrrolic [nH] (not directly bonded to [nH])"",
    ""functional_group"": ""pyrrole"",
    ""hybridization"": ""sp2"",
    ""example_molecule_smiles"": ""[nH]1cccc1"",
    ""group_smarts"": ""[nH]1c[c;r5]cc1"",
    ""atom_specific_smarts"": ""[nH]1c[cH]cc1"",
    ""description"": ""Position 3 carbon of pyrrole, one bond removed from the [nH]."",
    ""uncertainty"": ""low""
  },
  {
    ""atom_type"": 550,
    ""element"": ""C"",
    ""chemical_environment"": ""pyrazole C3: aromatic carbon between [nH] (pyrrolic) and [n] (pyridine-like), i.e., adjacent to both nitrogens"",
    ""functional_group"": ""pyrazole"",
    ""hybridization"": ""sp2"",
    ""example_molecule_smiles"": ""[nH]1nccc1"",
    ""group_smarts"": ""[nH]1[n][c;r5]cc1"",
    ""atom_specific_smarts"": ""[nH]1[n][cH]cc1"",
    ""description"": ""Position 3 carbon of pyrazole, bonded to both ring nitrogens (one [nH], one [n])."",
    ""uncertainty"": ""low""
  },
  {
    ""atom_type"": 551,
    ""element"": ""C"",
    ""chemical_environment"": ""pyrazole C4: aromatic carbon adjacent to the pyridine-like [n] (position 2) and not to [nH]"",
    ""functional_group"": ""pyrazole"",
    ""hybridization"": ""sp2"",
    ""example_molecule_smiles"": ""[nH]1nccc1"",
    ""group_smarts"": ""[nH]1n[c][c;r5]c1"",
    ""atom_specific_smarts"": ""[nH]1n[c][cH]c1"",
    ""description"": ""Position 4 carbon of pyrazole, adjacent to the ring [n] and not directly bonded to [nH]."",
    ""uncertainty"": ""low""
  },
  {
    ""atom_type"": 552,
    ""element"": ""C"",
    ""chemical_environment"": ""pyrazole C5: aromatic carbon adjacent to the pyrrolic [nH] and not to the pyridine-like [n]"",
    ""functional_group"": ""pyrazole"",
    ""hybridization"": ""sp2"",
    ""example_molecule_smiles"": ""[nH]1nccc1"",
    ""group_smarts"": ""[nH]1nc[c;r5]c1"",
    ""atom_specific_smarts"": ""[nH]1ncc[cH]1"",
    ""description"": ""Position 5 carbon of pyrazole, adjacent to the [nH] and not directly bonded to the pyridine-like [n]."",
    ""uncertainty"": ""low""
  }
]"
551,-0.32,C  - CS   | C4 in pyrazole,12.011,oplsaa.lt,C,6,"Convert the following OPLS-AA atom type rows:

Atom Type Data:
- Atom index: 514
- Force field raw info: C  - CW   | CD1 in TRP
- Partial charge: -0.115
- Atomic mass: 12.011
- Element guess: C
- Atomic number: 6
- Source file: oplsaa.lt


Atom Type Data:
- Atom index: 515
- Force field raw info: C  - CT   | all-atom C: CH, isopropyl benzene
- Partial charge: 0.055
- Atomic mass: 12.011
- Element guess: C
- Atomic number: 6
- Source file: oplsaa.lt


Atom Type Data:
- Atom index: 516
- Force field raw info: C  - CT   | all-atom C: C, t-butyl benzene
- Partial charge: 0.115
- Atomic mass: 12.011
- Element guess: C
- Atomic number: 6
- Source file: oplsaa.lt


Atom Type Data:
- Atom index: 517
- Force field raw info: C  - CM   | vinyl ether HCOR
- Partial charge: -0.03
- Atomic mass: 12.011
- Element guess: C
- Atomic number: 6
- Source file: oplsaa.lt


Atom Type Data:
- Atom index: 518
- Force field raw info: C  - CM   | vinyl ether RCOR
- Partial charge: 0.085
- Atomic mass: 12.011
- Element guess: C
- Atomic number: 6
- Source file: oplsaa.lt


Atom Type Data:
- Atom index: 519
- Force field raw info: C  - C!   | biphenyl C1
- Partial charge: 0.0
- Atomic mass: 12.011
- Element guess: C
- Atomic number: 6
- Source file: oplsaa.lt


Atom Type Data:
- Atom index: 521
- Force field raw info: C  - CA   | C1 in pyridine CHELPG
- Partial charge: 0.473
- Atomic mass: 12.011
- Element guess: C
- Atomic number: 6
- Source file: oplsaa.lt


Atom Type Data:
- Atom index: 522
- Force field raw info: C  - CA   | C2 in pyridine charges
- Partial charge: -0.447
- Atomic mass: 12.011
- Element guess: C
- Atomic number: 6
- Source file: oplsaa.lt


Atom Type Data:
- Atom index: 523
- Force field raw info: C  - CA   | C3 in pyridine for
- Partial charge: 0.227
- Atomic mass: 12.011
- Element guess: C
- Atomic number: 6
- Source file: oplsaa.lt


Atom Type Data:
- Atom index: 528
- Force field raw info: C  - CA   | C in pyrazine
- Partial charge: 0.192
- Atomic mass: 12.011
- Element guess: C
- Atomic number: 6
- Source file: oplsaa.lt


Atom Type Data:
- Atom index: 531
- Force field raw info: C  - CQ   | C2 in pyrimidine
- Partial charge: 0.874
- Atomic mass: 12.011
- Element guess: C
- Atomic number: 6
- Source file: oplsaa.lt


Atom Type Data:
- Atom index: 532
- Force field raw info: C  - CA   | C4 in pyrimidine
- Partial charge: 0.653
- Atomic mass: 12.011
- Element guess: C
- Atomic number: 6
- Source file: oplsaa.lt


Atom Type Data:
- Atom index: 533
- Force field raw info: C  - CA   | C5 in pyrimidine
- Partial charge: -0.689
- Atomic mass: 12.011
- Element guess: C
- Atomic number: 6
- Source file: oplsaa.lt


Atom Type Data:
- Atom index: 538
- Force field raw info: C  - CA   | C3 in pyridazine
- Partial charge: 0.378
- Atomic mass: 12.011
- Element guess: C
- Atomic number: 6
- Source file: oplsaa.lt


Atom Type Data:
- Atom index: 539
- Force field raw info: C  - CA   | C4 in pyridazine
- Partial charge: -0.16
- Atomic mass: 12.011
- Element guess: C
- Atomic number: 6
- Source file: oplsaa.lt


Atom Type Data:
- Atom index: 543
- Force field raw info: C  - CW   | C2 in pyrrole
- Partial charge: -0.163
- Atomic mass: 12.011
- Element guess: C
- Atomic number: 6
- Source file: oplsaa.lt


Atom Type Data:
- Atom index: 544
- Force field raw info: C  - CS   | C3 in pyrrole
- Partial charge: -0.149
- Atomic mass: 12.011
- Element guess: C
- Atomic number: 6
- Source file: oplsaa.lt


Atom Type Data:
- Atom index: 550
- Force field raw info: C  - CU   | C3 in pyrazole
- Partial charge: 0.246
- Atomic mass: 12.011
- Element guess: C
- Atomic number: 6
- Source file: oplsaa.lt


Atom Type Data:
- Atom index: 551
- Force field raw info: C  - CS   | C4 in pyrazole
- Partial charge: -0.32
- Atomic mass: 12.011
- Element guess: C
- Atomic number: 6
- Source file: oplsaa.lt


Atom Type Data:
- Atom index: 552
- Force field raw info: C  - CW   | C5 in pyrazole
- Partial charge: -0.034
- Atomic mass: 12.011
- Element guess: C
- Atomic number: 6
- Source file: oplsaa.lt
","[
  {
    ""atom_type"": 514,
    ""element"": ""C"",
    ""chemical_environment"": ""aromatic carbon in indole fused system directly bonded to pyrrolic [nH] (CD1 in tryptophan)"",
    ""functional_group"": ""indole (tryptophan side chain)"",
    ""hybridization"": ""sp2"",
    ""example_molecule_smiles"": ""c1ccc2[nH]ccc2c1"",
    ""group_smarts"": ""[c;r6][nH;r5]"",
    ""atom_specific_smarts"": ""[cH;r6][nH;r5]"",
    ""description"": ""CD1 carbon of tryptophan: the benzene-ring carbon of indole that is directly bonded to the pyrrolic [nH]."",
    ""uncertainty"": ""low""
  },
  {
    ""atom_type"": 515,
    ""element"": ""C"",
    ""chemical_environment"": ""tertiary sp3 methine attached to two methyl groups and an aromatic ring (isopropyl benzene junction carbon)"",
    ""functional_group"": ""cumene (isopropyl benzene) side chain"",
    ""hybridization"": ""sp3"",
    ""example_molecule_smiles"": ""CC(C)c1ccccc1"",
    ""group_smarts"": ""[CH](C)(C)a"",
    ""atom_specific_smarts"": ""[CH](C)(C)c1ccccc1"",
    ""description"": ""Methine carbon of an isopropyl group directly bonded to an aromatic carbon and two alkyl carbons."",
    ""uncertainty"": ""low""
  },
  {
    ""atom_type"": 516,
    ""element"": ""C"",
    ""chemical_environment"": ""quaternary sp3 carbon attached to three methyl groups and an aromatic ring (t-butyl benzene junction carbon)"",
    ""functional_group"": ""tert-butyl benzene side chain"",
    ""hybridization"": ""sp3"",
    ""example_molecule_smiles"": ""CC(C)(C)c1ccccc1"",
    ""group_smarts"": ""[C;H0](C)(C)(C)a"",
    ""atom_specific_smarts"": ""[C;H0](C)(C)(C)c1ccccc1"",
    ""description"": ""Central tert-butyl carbon directly bonded to an aromatic carbon and three methyl carbons."",
    ""uncertainty"": ""low""
  },
  {
    ""atom_type"": 517,
    ""element"": ""C"",
    ""chemical_environment"": ""vinylic carbon of enol ether directly bonded to O–R and bearing one hydrogen (HCOR)"",
    ""functional_group"": ""vinyl ether (enol ether, RO–C(H)=C–)"",
    ""hybridization"": ""sp2"",
    ""example_molecule_smiles"": ""C=COC"",
    ""group_smarts"": ""[C;sp2X3]([O;X2]-[*])=[C;sp2]"",
    ""atom_specific_smarts"": ""[CH;sp2X3]([O;X2]-[*])=[C;sp2]"",
    ""description"": ""The enol-ether carbon single-bonded to an ether oxygen (–O–) and double-bonded to another carbon; this specific type carries one hydrogen."",
    ""uncertainty"": ""low""
  },
  {
    ""atom_type"": 518,
    ""element"": ""C"",
    ""chemical_environment"": ""vinylic carbon of enol ether directly bonded to O–R and fully substituted by carbon (no hydrogens) (RCOR)"",
    ""functional_group"": ""vinyl ether (enol ether, RO–C(=C–)R)"",
    ""hybridization"": ""sp2"",
    ""example_molecule_smiles"": ""COC(=C)C"",
    ""group_smarts"": ""[C;sp2X3]([O;X2]-[*])=[C;sp2]"",
    ""atom_specific_smarts"": ""[C;H0;sp2X3]([O;X2]-[*])=[C;sp2]"",
    ""description"": ""The enol-ether carbon single-bonded to an ether oxygen (–O–) and double-bonded to another carbon; this specific type has no hydrogens (substituted by carbon)."",
    ""uncertainty"": ""low""
  },
  {
    ""atom_type"": 519,
    ""element"": ""C"",
    ""chemical_environment"": ""aromatic carbon at the biaryl junction (ipso carbon of one ring bonded via a single bond to an aromatic carbon of another ring)"",
    ""functional_group"": ""biphenyl (biaryl)"",
    ""hybridization"": ""sp2"",
    ""example_molecule_smiles"": ""c1ccccc1-c2ccccc2"",
    ""group_smarts"": ""[cH;r;D3](-a):a"",
    ""atom_specific_smarts"": ""[cH;r6;D3](-c1ccccc1):c"",
    ""description"": ""Biphenyl ipso carbon: a benzene-ring carbon with two aromatic ring neighbors and one exocyclic single bond to an aromatic carbon of a second ring."",
    ""uncertainty"": ""low""
  },
  {
    ""atom_type"": 521,
    ""element"": ""C"",
    ""chemical_environment"": ""pyridine ring carbon ortho (alpha) to ring nitrogen (directly bonded to [n])"",
    ""functional_group"": ""pyridine"",
    ""hybridization"": ""sp2"",
    ""example_molecule_smiles"": ""n1ccccc1"",
    ""group_smarts"": ""[nH0;r6][c;r6]"",
    ""atom_specific_smarts"": ""[nH0]1[cH]cccc1"",
    ""description"": ""Alpha carbon(s) to the pyridine nitrogen: the aromatic carbons directly bonded to the ring [n]."",
    ""uncertainty"": ""medium""
  },
  {
    ""atom_type"": 522,
    ""element"": ""C"",
    ""chemical_environment"": ""pyridine ring carbon meta (beta) to ring nitrogen (one bond removed from the alpha carbon)"",
    ""functional_group"": ""pyridine"",
    ""hybridization"": ""sp2"",
    ""example_molecule_smiles"": ""n1ccccc1"",
    ""group_smarts"": ""[nH0]1c[c;r6]ccc1"",
    ""atom_specific_smarts"": ""[nH0]1c[cH]ccc1"",
    ""description"": ""Beta (meta) carbon(s) in pyridine: aromatic carbons not directly bonded to [n], adjacent to an alpha carbon that is bonded to [n]."",
    ""uncertainty"": ""medium""
  },
  {
    ""atom_type"": 523,
    ""element"": ""C"",
    ""chemical_environment"": ""pyridine ring carbon para (gamma) to ring nitrogen (opposite the [n])"",
    ""functional_group"": ""pyridine"",
    ""hybridization"": ""sp2"",
    ""example_molecule_smiles"": ""n1ccccc1"",
    ""group_smarts"": ""[nH0]1cc[c;r6]cc1"",
    ""atom_specific_smarts"": ""[nH0]1cc[cH]cc1"",
    ""description"": ""Gamma (para) carbon in pyridine: the aromatic carbon opposite the ring nitrogen."",
    ""uncertainty"": ""medium""
  },
  {
    ""atom_type"": 528,
    ""element"": ""C"",
    ""chemical_environment"": ""aromatic carbon within a pyrazine ring (1,4-diazine)"",
    ""functional_group"": ""pyrazine"",
    ""hybridization"": ""sp2"",
    ""example_molecule_smiles"": ""n1ccncc1"",
    ""group_smarts"": ""n1ccncc1"",
    ""atom_specific_smarts"": ""n1[cH]cncc1"",
    ""description"": ""Any ring carbon of pyrazine (1,4-diazine)."",
    ""uncertainty"": ""low""
  },
  {
    ""atom_type"": 531,
    ""element"": ""C"",
    ""chemical_environment"": ""pyrimidine C2: aromatic carbon between two ring nitrogens (alpha to both Ns)"",
    ""functional_group"": ""pyrimidine (1,3-diazine)"",
    ""hybridization"": ""sp2"",
    ""example_molecule_smiles"": ""n1cnccc1"",
    ""group_smarts"": ""n1cnccc1"",
    ""atom_specific_smarts"": ""[nH0]1[cH]nccc1"",
    ""description"": ""Position 2 carbon of pyrimidine, bonded to both ring nitrogens."",
    ""uncertainty"": ""low""
  },
  {
    ""atom_type"": 532,
    ""element"": ""C"",
    ""chemical_environment"": ""pyrimidine C4: aromatic carbon adjacent to the pyridine-like N at position 3 and not adjacent to the N at position 1"",
    ""functional_group"": ""pyrimidine (1,3-diazine)"",
    ""hybridization"": ""sp2"",
    ""example_molecule_smiles"": ""n1cnccc1"",
    ""group_smarts"": ""n1c[nH0]ccc1"",
    ""atom_specific_smarts"": ""n1c[nH0][cH]cc1"",
    ""description"": ""Position 4 carbon of pyrimidine, next to the N at position 3."",
    ""uncertainty"": ""low""
  },
  {
    ""atom_type"": 533,
    ""element"": ""C"",
    ""chemical_environment"": ""pyrimidine C5: aromatic carbon meta to both nitrogens (between C4 and C6)"",
    ""functional_group"": ""pyrimidine (1,3-diazine)"",
    ""hybridization"": ""sp2"",
    ""example_molecule_smiles"": ""n1cnccc1"",
    ""group_smarts"": ""n1cnccc1"",
    ""atom_specific_smarts"": ""n1cn[cH]cc1"",
    ""description"": ""Position 5 carbon of pyrimidine, not directly bonded to either ring nitrogen."",
    ""uncertainty"": ""low""
  },
  {
    ""atom_type"": 538,
    ""element"": ""C"",
    ""chemical_environment"": ""pyridazine C3: aromatic carbon alpha to the N at position 2 (adjacent to one N) in 1,2-diazine"",
    ""functional_group"": ""pyridazine (1,2-diazine)"",
    ""hybridization"": ""sp2"",
    ""example_molecule_smiles"": ""n1ncccc1"",
    ""group_smarts"": ""n1ncccc1"",
    ""atom_specific_smarts"": ""[nH0]1[nH0][cH]ccc1"",
    ""description"": ""Position 3 carbon of pyridazine, adjacent to the N at position 2."",
    ""uncertainty"": ""low""
  },
  {
    ""atom_type"": 539,
    ""element"": ""C"",
    ""chemical_environment"": ""pyridazine C4: aromatic carbon beta to both nitrogens (not directly bonded to either N) in 1,2-diazine"",
    ""functional_group"": ""pyridazine (1,2-diazine)"",
    ""hybridization"": ""sp2"",
    ""example_molecule_smiles"": ""n1ncccc1"",
    ""group_smarts"": ""n1ncccc1"",
    ""atom_specific_smarts"": ""n1n[cH]cc c1"",
    ""description"": ""Position 4 carbon of pyridazine, not directly attached to an N."",
    ""uncertainty"": ""low""
  },
  {
    ""atom_type"": 543,
    ""element"": ""C"",
    ""chemical_environment"": ""pyrrole C2: aromatic carbon alpha to pyrrolic [nH] (directly bonded to [nH])"",
    ""functional_group"": ""pyrrole"",
    ""hybridization"": ""sp2"",
    ""example_molecule_smiles"": ""[nH]1cccc1"",
    ""group_smarts"": ""[nH;r5][c;r5]"",
    ""atom_specific_smarts"": ""[nH]1[cH]ccc1"",
    ""description"": ""Position 2 carbon of pyrrole, directly bonded to the ring [nH]."",
    ""uncertainty"": ""low""
  },
  {
    ""atom_type"": 544,
    ""element"": ""C"",
    ""chemical_environment"": ""pyrrole C3: aromatic carbon beta to pyrrolic [nH] (not directly bonded to [nH])"",
    ""functional_group"": ""pyrrole"",
    ""hybridization"": ""sp2"",
    ""example_molecule_smiles"": ""[nH]1cccc1"",
    ""group_smarts"": ""[nH]1c[c;r5]cc1"",
    ""atom_specific_smarts"": ""[nH]1c[cH]cc1"",
    ""description"": ""Position 3 carbon of pyrrole, one bond removed from the [nH]."",
    ""uncertainty"": ""low""
  },
  {
    ""atom_type"": 550,
    ""element"": ""C"",
    ""chemical_environment"": ""pyrazole C3: aromatic carbon between [nH] (pyrrolic) and [n] (pyridine-like), i.e., adjacent to both nitrogens"",
    ""functional_group"": ""pyrazole"",
    ""hybridization"": ""sp2"",
    ""example_molecule_smiles"": ""[nH]1nccc1"",
    ""group_smarts"": ""[nH]1[n][c;r5]cc1"",
    ""atom_specific_smarts"": ""[nH]1[n][cH]cc1"",
    ""description"": ""Position 3 carbon of pyrazole, bonded to both ring nitrogens (one [nH], one [n])."",
    ""uncertainty"": ""low""
  },
  {
    ""atom_type"": 551,
    ""element"": ""C"",
    ""chemical_environment"": ""pyrazole C4: aromatic carbon adjacent to the pyridine-like [n] (position 2) and not to [nH]"",
    ""functional_group"": ""pyrazole"",
    ""hybridization"": ""sp2"",
    ""example_molecule_smiles"": ""[nH]1nccc1"",
    ""group_smarts"": ""[nH]1n[c][c;r5]c1"",
    ""atom_specific_smarts"": ""[nH]1n[c][cH]c1"",
    ""description"": ""Position 4 carbon of pyrazole, adjacent to the ring [n] and not directly bonded to [nH]."",
    ""uncertainty"": ""low""
  },
  {
    ""atom_type"": 552,
    ""element"": ""C"",
    ""chemical_environment"": ""pyrazole C5: aromatic carbon adjacent to the pyrrolic [nH] and not to the pyridine-like [n]"",
    ""functional_group"": ""pyrazole"",
    ""hybridization"": ""sp2"",
    ""example_molecule_smiles"": ""[nH]1nccc1"",
    ""group_smarts"": ""[nH]1nc[c;r5]c1"",
    ""atom_specific_smarts"": ""[nH]1ncc[cH]1"",
    ""description"": ""Position 5 carbon of pyrazole, adjacent to the [nH] and not directly bonded to the pyridine-like [n]."",
    ""uncertainty"": ""low""
  }
]"
552,-0.034,C  - CW   | C5 in pyrazole,12.011,oplsaa.lt,C,6,"Convert the following OPLS-AA atom type rows:

Atom Type Data:
- Atom index: 514
- Force field raw info: C  - CW   | CD1 in TRP
- Partial charge: -0.115
- Atomic mass: 12.011
- Element guess: C
- Atomic number: 6
- Source file: oplsaa.lt


Atom Type Data:
- Atom index: 515
- Force field raw info: C  - CT   | all-atom C: CH, isopropyl benzene
- Partial charge: 0.055
- Atomic mass: 12.011
- Element guess: C
- Atomic number: 6
- Source file: oplsaa.lt


Atom Type Data:
- Atom index: 516
- Force field raw info: C  - CT   | all-atom C: C, t-butyl benzene
- Partial charge: 0.115
- Atomic mass: 12.011
- Element guess: C
- Atomic number: 6
- Source file: oplsaa.lt


Atom Type Data:
- Atom index: 517
- Force field raw info: C  - CM   | vinyl ether HCOR
- Partial charge: -0.03
- Atomic mass: 12.011
- Element guess: C
- Atomic number: 6
- Source file: oplsaa.lt


Atom Type Data:
- Atom index: 518
- Force field raw info: C  - CM   | vinyl ether RCOR
- Partial charge: 0.085
- Atomic mass: 12.011
- Element guess: C
- Atomic number: 6
- Source file: oplsaa.lt


Atom Type Data:
- Atom index: 519
- Force field raw info: C  - C!   | biphenyl C1
- Partial charge: 0.0
- Atomic mass: 12.011
- Element guess: C
- Atomic number: 6
- Source file: oplsaa.lt


Atom Type Data:
- Atom index: 521
- Force field raw info: C  - CA   | C1 in pyridine CHELPG
- Partial charge: 0.473
- Atomic mass: 12.011
- Element guess: C
- Atomic number: 6
- Source file: oplsaa.lt


Atom Type Data:
- Atom index: 522
- Force field raw info: C  - CA   | C2 in pyridine charges
- Partial charge: -0.447
- Atomic mass: 12.011
- Element guess: C
- Atomic number: 6
- Source file: oplsaa.lt


Atom Type Data:
- Atom index: 523
- Force field raw info: C  - CA   | C3 in pyridine for
- Partial charge: 0.227
- Atomic mass: 12.011
- Element guess: C
- Atomic number: 6
- Source file: oplsaa.lt


Atom Type Data:
- Atom index: 528
- Force field raw info: C  - CA   | C in pyrazine
- Partial charge: 0.192
- Atomic mass: 12.011
- Element guess: C
- Atomic number: 6
- Source file: oplsaa.lt


Atom Type Data:
- Atom index: 531
- Force field raw info: C  - CQ   | C2 in pyrimidine
- Partial charge: 0.874
- Atomic mass: 12.011
- Element guess: C
- Atomic number: 6
- Source file: oplsaa.lt


Atom Type Data:
- Atom index: 532
- Force field raw info: C  - CA   | C4 in pyrimidine
- Partial charge: 0.653
- Atomic mass: 12.011
- Element guess: C
- Atomic number: 6
- Source file: oplsaa.lt


Atom Type Data:
- Atom index: 533
- Force field raw info: C  - CA   | C5 in pyrimidine
- Partial charge: -0.689
- Atomic mass: 12.011
- Element guess: C
- Atomic number: 6
- Source file: oplsaa.lt


Atom Type Data:
- Atom index: 538
- Force field raw info: C  - CA   | C3 in pyridazine
- Partial charge: 0.378
- Atomic mass: 12.011
- Element guess: C
- Atomic number: 6
- Source file: oplsaa.lt


Atom Type Data:
- Atom index: 539
- Force field raw info: C  - CA   | C4 in pyridazine
- Partial charge: -0.16
- Atomic mass: 12.011
- Element guess: C
- Atomic number: 6
- Source file: oplsaa.lt


Atom Type Data:
- Atom index: 543
- Force field raw info: C  - CW   | C2 in pyrrole
- Partial charge: -0.163
- Atomic mass: 12.011
- Element guess: C
- Atomic number: 6
- Source file: oplsaa.lt


Atom Type Data:
- Atom index: 544
- Force field raw info: C  - CS   | C3 in pyrrole
- Partial charge: -0.149
- Atomic mass: 12.011
- Element guess: C
- Atomic number: 6
- Source file: oplsaa.lt


Atom Type Data:
- Atom index: 550
- Force field raw info: C  - CU   | C3 in pyrazole
- Partial charge: 0.246
- Atomic mass: 12.011
- Element guess: C
- Atomic number: 6
- Source file: oplsaa.lt


Atom Type Data:
- Atom index: 551
- Force field raw info: C  - CS   | C4 in pyrazole
- Partial charge: -0.32
- Atomic mass: 12.011
- Element guess: C
- Atomic number: 6
- Source file: oplsaa.lt


Atom Type Data:
- Atom index: 552
- Force field raw info: C  - CW   | C5 in pyrazole
- Partial charge: -0.034
- Atomic mass: 12.011
- Element guess: C
- Atomic number: 6
- Source file: oplsaa.lt
","[
  {
    ""atom_type"": 514,
    ""element"": ""C"",
    ""chemical_environment"": ""aromatic carbon in indole fused system directly bonded to pyrrolic [nH] (CD1 in tryptophan)"",
    ""functional_group"": ""indole (tryptophan side chain)"",
    ""hybridization"": ""sp2"",
    ""example_molecule_smiles"": ""c1ccc2[nH]ccc2c1"",
    ""group_smarts"": ""[c;r6][nH;r5]"",
    ""atom_specific_smarts"": ""[cH;r6][nH;r5]"",
    ""description"": ""CD1 carbon of tryptophan: the benzene-ring carbon of indole that is directly bonded to the pyrrolic [nH]."",
    ""uncertainty"": ""low""
  },
  {
    ""atom_type"": 515,
    ""element"": ""C"",
    ""chemical_environment"": ""tertiary sp3 methine attached to two methyl groups and an aromatic ring (isopropyl benzene junction carbon)"",
    ""functional_group"": ""cumene (isopropyl benzene) side chain"",
    ""hybridization"": ""sp3"",
    ""example_molecule_smiles"": ""CC(C)c1ccccc1"",
    ""group_smarts"": ""[CH](C)(C)a"",
    ""atom_specific_smarts"": ""[CH](C)(C)c1ccccc1"",
    ""description"": ""Methine carbon of an isopropyl group directly bonded to an aromatic carbon and two alkyl carbons."",
    ""uncertainty"": ""low""
  },
  {
    ""atom_type"": 516,
    ""element"": ""C"",
    ""chemical_environment"": ""quaternary sp3 carbon attached to three methyl groups and an aromatic ring (t-butyl benzene junction carbon)"",
    ""functional_group"": ""tert-butyl benzene side chain"",
    ""hybridization"": ""sp3"",
    ""example_molecule_smiles"": ""CC(C)(C)c1ccccc1"",
    ""group_smarts"": ""[C;H0](C)(C)(C)a"",
    ""atom_specific_smarts"": ""[C;H0](C)(C)(C)c1ccccc1"",
    ""description"": ""Central tert-butyl carbon directly bonded to an aromatic carbon and three methyl carbons."",
    ""uncertainty"": ""low""
  },
  {
    ""atom_type"": 517,
    ""element"": ""C"",
    ""chemical_environment"": ""vinylic carbon of enol ether directly bonded to O–R and bearing one hydrogen (HCOR)"",
    ""functional_group"": ""vinyl ether (enol ether, RO–C(H)=C–)"",
    ""hybridization"": ""sp2"",
    ""example_molecule_smiles"": ""C=COC"",
    ""group_smarts"": ""[C;sp2X3]([O;X2]-[*])=[C;sp2]"",
    ""atom_specific_smarts"": ""[CH;sp2X3]([O;X2]-[*])=[C;sp2]"",
    ""description"": ""The enol-ether carbon single-bonded to an ether oxygen (–O–) and double-bonded to another carbon; this specific type carries one hydrogen."",
    ""uncertainty"": ""low""
  },
  {
    ""atom_type"": 518,
    ""element"": ""C"",
    ""chemical_environment"": ""vinylic carbon of enol ether directly bonded to O–R and fully substituted by carbon (no hydrogens) (RCOR)"",
    ""functional_group"": ""vinyl ether (enol ether, RO–C(=C–)R)"",
    ""hybridization"": ""sp2"",
    ""example_molecule_smiles"": ""COC(=C)C"",
    ""group_smarts"": ""[C;sp2X3]([O;X2]-[*])=[C;sp2]"",
    ""atom_specific_smarts"": ""[C;H0;sp2X3]([O;X2]-[*])=[C;sp2]"",
    ""description"": ""The enol-ether carbon single-bonded to an ether oxygen (–O–) and double-bonded to another carbon; this specific type has no hydrogens (substituted by carbon)."",
    ""uncertainty"": ""low""
  },
  {
    ""atom_type"": 519,
    ""element"": ""C"",
    ""chemical_environment"": ""aromatic carbon at the biaryl junction (ipso carbon of one ring bonded via a single bond to an aromatic carbon of another ring)"",
    ""functional_group"": ""biphenyl (biaryl)"",
    ""hybridization"": ""sp2"",
    ""example_molecule_smiles"": ""c1ccccc1-c2ccccc2"",
    ""group_smarts"": ""[cH;r;D3](-a):a"",
    ""atom_specific_smarts"": ""[cH;r6;D3](-c1ccccc1):c"",
    ""description"": ""Biphenyl ipso carbon: a benzene-ring carbon with two aromatic ring neighbors and one exocyclic single bond to an aromatic carbon of a second ring."",
    ""uncertainty"": ""low""
  },
  {
    ""atom_type"": 521,
    ""element"": ""C"",
    ""chemical_environment"": ""pyridine ring carbon ortho (alpha) to ring nitrogen (directly bonded to [n])"",
    ""functional_group"": ""pyridine"",
    ""hybridization"": ""sp2"",
    ""example_molecule_smiles"": ""n1ccccc1"",
    ""group_smarts"": ""[nH0;r6][c;r6]"",
    ""atom_specific_smarts"": ""[nH0]1[cH]cccc1"",
    ""description"": ""Alpha carbon(s) to the pyridine nitrogen: the aromatic carbons directly bonded to the ring [n]."",
    ""uncertainty"": ""medium""
  },
  {
    ""atom_type"": 522,
    ""element"": ""C"",
    ""chemical_environment"": ""pyridine ring carbon meta (beta) to ring nitrogen (one bond removed from the alpha carbon)"",
    ""functional_group"": ""pyridine"",
    ""hybridization"": ""sp2"",
    ""example_molecule_smiles"": ""n1ccccc1"",
    ""group_smarts"": ""[nH0]1c[c;r6]ccc1"",
    ""atom_specific_smarts"": ""[nH0]1c[cH]ccc1"",
    ""description"": ""Beta (meta) carbon(s) in pyridine: aromatic carbons not directly bonded to [n], adjacent to an alpha carbon that is bonded to [n]."",
    ""uncertainty"": ""medium""
  },
  {
    ""atom_type"": 523,
    ""element"": ""C"",
    ""chemical_environment"": ""pyridine ring carbon para (gamma) to ring nitrogen (opposite the [n])"",
    ""functional_group"": ""pyridine"",
    ""hybridization"": ""sp2"",
    ""example_molecule_smiles"": ""n1ccccc1"",
    ""group_smarts"": ""[nH0]1cc[c;r6]cc1"",
    ""atom_specific_smarts"": ""[nH0]1cc[cH]cc1"",
    ""description"": ""Gamma (para) carbon in pyridine: the aromatic carbon opposite the ring nitrogen."",
    ""uncertainty"": ""medium""
  },
  {
    ""atom_type"": 528,
    ""element"": ""C"",
    ""chemical_environment"": ""aromatic carbon within a pyrazine ring (1,4-diazine)"",
    ""functional_group"": ""pyrazine"",
    ""hybridization"": ""sp2"",
    ""example_molecule_smiles"": ""n1ccncc1"",
    ""group_smarts"": ""n1ccncc1"",
    ""atom_specific_smarts"": ""n1[cH]cncc1"",
    ""description"": ""Any ring carbon of pyrazine (1,4-diazine)."",
    ""uncertainty"": ""low""
  },
  {
    ""atom_type"": 531,
    ""element"": ""C"",
    ""chemical_environment"": ""pyrimidine C2: aromatic carbon between two ring nitrogens (alpha to both Ns)"",
    ""functional_group"": ""pyrimidine (1,3-diazine)"",
    ""hybridization"": ""sp2"",
    ""example_molecule_smiles"": ""n1cnccc1"",
    ""group_smarts"": ""n1cnccc1"",
    ""atom_specific_smarts"": ""[nH0]1[cH]nccc1"",
    ""description"": ""Position 2 carbon of pyrimidine, bonded to both ring nitrogens."",
    ""uncertainty"": ""low""
  },
  {
    ""atom_type"": 532,
    ""element"": ""C"",
    ""chemical_environment"": ""pyrimidine C4: aromatic carbon adjacent to the pyridine-like N at position 3 and not adjacent to the N at position 1"",
    ""functional_group"": ""pyrimidine (1,3-diazine)"",
    ""hybridization"": ""sp2"",
    ""example_molecule_smiles"": ""n1cnccc1"",
    ""group_smarts"": ""n1c[nH0]ccc1"",
    ""atom_specific_smarts"": ""n1c[nH0][cH]cc1"",
    ""description"": ""Position 4 carbon of pyrimidine, next to the N at position 3."",
    ""uncertainty"": ""low""
  },
  {
    ""atom_type"": 533,
    ""element"": ""C"",
    ""chemical_environment"": ""pyrimidine C5: aromatic carbon meta to both nitrogens (between C4 and C6)"",
    ""functional_group"": ""pyrimidine (1,3-diazine)"",
    ""hybridization"": ""sp2"",
    ""example_molecule_smiles"": ""n1cnccc1"",
    ""group_smarts"": ""n1cnccc1"",
    ""atom_specific_smarts"": ""n1cn[cH]cc1"",
    ""description"": ""Position 5 carbon of pyrimidine, not directly bonded to either ring nitrogen."",
    ""uncertainty"": ""low""
  },
  {
    ""atom_type"": 538,
    ""element"": ""C"",
    ""chemical_environment"": ""pyridazine C3: aromatic carbon alpha to the N at position 2 (adjacent to one N) in 1,2-diazine"",
    ""functional_group"": ""pyridazine (1,2-diazine)"",
    ""hybridization"": ""sp2"",
    ""example_molecule_smiles"": ""n1ncccc1"",
    ""group_smarts"": ""n1ncccc1"",
    ""atom_specific_smarts"": ""[nH0]1[nH0][cH]ccc1"",
    ""description"": ""Position 3 carbon of pyridazine, adjacent to the N at position 2."",
    ""uncertainty"": ""low""
  },
  {
    ""atom_type"": 539,
    ""element"": ""C"",
    ""chemical_environment"": ""pyridazine C4: aromatic carbon beta to both nitrogens (not directly bonded to either N) in 1,2-diazine"",
    ""functional_group"": ""pyridazine (1,2-diazine)"",
    ""hybridization"": ""sp2"",
    ""example_molecule_smiles"": ""n1ncccc1"",
    ""group_smarts"": ""n1ncccc1"",
    ""atom_specific_smarts"": ""n1n[cH]cc c1"",
    ""description"": ""Position 4 carbon of pyridazine, not directly attached to an N."",
    ""uncertainty"": ""low""
  },
  {
    ""atom_type"": 543,
    ""element"": ""C"",
    ""chemical_environment"": ""pyrrole C2: aromatic carbon alpha to pyrrolic [nH] (directly bonded to [nH])"",
    ""functional_group"": ""pyrrole"",
    ""hybridization"": ""sp2"",
    ""example_molecule_smiles"": ""[nH]1cccc1"",
    ""group_smarts"": ""[nH;r5][c;r5]"",
    ""atom_specific_smarts"": ""[nH]1[cH]ccc1"",
    ""description"": ""Position 2 carbon of pyrrole, directly bonded to the ring [nH]."",
    ""uncertainty"": ""low""
  },
  {
    ""atom_type"": 544,
    ""element"": ""C"",
    ""chemical_environment"": ""pyrrole C3: aromatic carbon beta to pyrrolic [nH] (not directly bonded to [nH])"",
    ""functional_group"": ""pyrrole"",
    ""hybridization"": ""sp2"",
    ""example_molecule_smiles"": ""[nH]1cccc1"",
    ""group_smarts"": ""[nH]1c[c;r5]cc1"",
    ""atom_specific_smarts"": ""[nH]1c[cH]cc1"",
    ""description"": ""Position 3 carbon of pyrrole, one bond removed from the [nH]."",
    ""uncertainty"": ""low""
  },
  {
    ""atom_type"": 550,
    ""element"": ""C"",
    ""chemical_environment"": ""pyrazole C3: aromatic carbon between [nH] (pyrrolic) and [n] (pyridine-like), i.e., adjacent to both nitrogens"",
    ""functional_group"": ""pyrazole"",
    ""hybridization"": ""sp2"",
    ""example_molecule_smiles"": ""[nH]1nccc1"",
    ""group_smarts"": ""[nH]1[n][c;r5]cc1"",
    ""atom_specific_smarts"": ""[nH]1[n][cH]cc1"",
    ""description"": ""Position 3 carbon of pyrazole, bonded to both ring nitrogens (one [nH], one [n])."",
    ""uncertainty"": ""low""
  },
  {
    ""atom_type"": 551,
    ""element"": ""C"",
    ""chemical_environment"": ""pyrazole C4: aromatic carbon adjacent to the pyridine-like [n] (position 2) and not to [nH]"",
    ""functional_group"": ""pyrazole"",
    ""hybridization"": ""sp2"",
    ""example_molecule_smiles"": ""[nH]1nccc1"",
    ""group_smarts"": ""[nH]1n[c][c;r5]c1"",
    ""atom_specific_smarts"": ""[nH]1n[c][cH]c1"",
    ""description"": ""Position 4 carbon of pyrazole, adjacent to the ring [n] and not directly bonded to [nH]."",
    ""uncertainty"": ""low""
  },
  {
    ""atom_type"": 552,
    ""element"": ""C"",
    ""chemical_environment"": ""pyrazole C5: aromatic carbon adjacent to the pyrrolic [nH] and not to the pyridine-like [n]"",
    ""functional_group"": ""pyrazole"",
    ""hybridization"": ""sp2"",
    ""example_molecule_smiles"": ""[nH]1nccc1"",
    ""group_smarts"": ""[nH]1nc[c;r5]c1"",
    ""atom_specific_smarts"": ""[nH]1ncc[cH]1"",
    ""description"": ""Position 5 carbon of pyrazole, adjacent to the [nH] and not directly bonded to the pyridine-like [n]."",
    ""uncertainty"": ""low""
  }
]"
